Variant_ID,AL_7,AL_8,AL_9,AL_10,AL_11,AL_12,AL_13,AL_14,AL_15,AL_21,AL_26,CAT_1,AL_27,AL_28,AL_29,AL_31,AL_33,AL_35,AL_37,AL_39,AL_42,AL_45,AL_48,AL_50,AL_51,AL_53,AL_54,AL_57,AL_60,AL_63,AL_66,AL_67,AL_68,AL_69,AL_72,AL_75,AL_77,AL_78,AL_81,AL_83,AL_84,AL_86,AL_87,AL_90,AL_92,AL_93,AL_95,CAT_2,AL_96,AL_98,CAT_3,CAT_4,EK_1,EK_2,EK_3,AL_99,AL_102,AL_105,AL_108,AL_111,AL_114,AL_117,AL_120,AL_123,AL_126,AL_129,AL_132,AL_135,AL_138,AL_141,AL_144,AL_147,AL_150,AL_151,AL_153,AL_156,AL_159,AL_162,AL_165,AL_168,AL_171,AL_174,AL_177,AL_180,AL_183,AL_184,CAT_5,AL_186,AL_187,AL_189,AL_192,AL_193,AL_196,AL_198,AL_201,AL_202,AL_205,AL_206,AL_209,AL_210,AL_213,AL_214,AL_216,AL_217,AL_218,AL_221,AL_222,AL_223,AL_225,AL_228,AL_229,AL_232,AL_234,AL_237,AL_238,AL_241,AL_242,AL_245,AL_246,AL_249,AL_250,AL_253,AL_254,AL_257,AL_258,AL_259,AL_261,AL_264,AL_265,AL_268,AL_270,AL_273,AL_274,AL_277,AL_278,AL_279,AL_281,AL_282,AL_285,AL_286,AL_289,AL_290,AL_293,AL_294,AL_295,AL_296,AL_297,AL_300,AL_301,AL_304,AL_305,AL_308,AL_310,AL_313,AL_314,AL_317,AL_318,AL_321,AL_322,AL_325,AL_326,AL_329,AL_330,AL_333,AL_334,EK_4,EK_5,EK_6,EK_7,EK_8,EK_9,AA_1,AA_2,DELTA_HIDRO,BLOSUM62,SNV_PATHWAY_COUNT,BAZ_A_C,BAZ_A_G,BAZ_A_T,BAZ_C_A,BAZ_C_G,BAZ_C_T,BAZ_G_A,BAZ_G_C,BAZ_G_T,BAZ_T_A,BAZ_T_C,BAZ_T_G,IS_EXOME,IS_ALLOFUS,POP_NFE,POP_AFR,Label
VAR_001979,1.0307429312976004,1.8869053457449594,-0.030578792309253335,-0.0032972379675264805,-0.009451289016200999,-0.004375133434319112,0.0540245067678357,0.0324683873083779,-0.02308048992697419,0.0,0.2563919937910464,18,0.0,0.0,0.0,0.0,0.0,0.0,0.0,0.0,0.0,0.0,0.0,-1.0,0.0,-1.0,0.0,0.0,0.0,0.0,0.0,-0.0002184642160578666,-1.0,0.0,0.0,0.0,0.0,0.0,1.0,0.0,1.0,1.0,0.0,1.0,0.0,1.0,0.0,3,1.0,0.0,4,4,0.3324965545044539,0.0073137160252801535,0.0,0.0,0.0,1.0,0.0,0.0,0.0,0.0,0.0,1.0,1.0,1.0,1.0,0.0,1.0,1.0,1.0,1.0,0.0,-0.028555262946313293,0.0,1.0,1.0,1.0,0.0,0.0,0.0,1.0,1.0,0.0,0.0,-0.005259968545623926,4,-0.06622381976808127,0.0,0.0,0.0,0.0,0.0,0.0,-0.00056940109756634,0.0,0.0,0.0,0.0,0.0,0.0,0.0,0.0,0.0,0.0,0.0,0.0,0.0,0.0,0.0,0.0,0.0,0.0,0.0,0.0,0.0,0.0,0.0,0.0,0.0,0.0,0.0,0.0,0.0,0.0,0.0,0.0,0.0,0.0,0.0,0.0,0.0,0.0,0.0,0.0,-3.089901920960828e-05,0.0,0.0,0.0,0.0,0.0,0.0,0.0,0.0,1.0,2.9000794517729043,1.0,1.0,-0.0334319275239214,-0.08394962434360925,0.0,1.0,0.0,1.0,0.0,1.0,0.0,1.0,0.0,0.0,0.0,1.0,0.0,0.0,0.0,0.0,-0.060330226669473616,-0.7659672143528578,0.0042543515391660165,0.4463538534668973,-0.10778265179163575,11,14,-0.8367346938775512,-1.0,1.0,0.0,0.0,0.0,0.0,0.0,0.0,0.0,0.0,0.0,0.0,1.0,0.0,0.0,0.0,0.0,0.0,1
VAR_001959,8.283745845829767,-0.010753989802176686,3.705812066189618,-0.0031143121858382503,0.3233395136794312,-0.00433397345662911,-0.042615105149251736,1.640290378601458,0.6767204128188781,0.0,5.647331412074136,16,0.0,0.0,0.0,0.0,0.0,0.0,0.0,0.0,0.0,0.0,0.0,-1.0,0.0,-1.0,0.0,0.0,0.0,0.0,0.0,-0.0002184642160578666,-1.0,0.0,0.0,1.0,0.0,1.0,1.0,0.0,1.0,0.0,0.0,0.0,1.0,0.0,0.0,5,0.0,1.0,2,2,0.5187366760374151,0.2508230484303587,6.416374296071011,0.0,0.0,0.0,1.0,0.0,1.0,1.0,0.0,1.0,1.0,0.3124285772286614,0.0,1.0,0.0,0.0,0.0,1.0,0.0,-0.00887756621405659,1.0,0.0,1.0,1.0,1.0,0.0,1.0,1.0,1.0,0.0,0.0,-0.005259968545623926,2,-0.06760675591060743,1.0,0.0,0.0,0.0,1.0,1.0,-0.00028618521946321214,1.0,0.0,0.0,1.0,1.0,0.0,0.0,0.0,0.0,1.0,0.0,1.0,1.0,1.0,1.0,0.0,0.0,0.0,0.0,0.0,0.2827461235362261,1.0,0.0,1.0,0.0,1.0,0.0,0.0,0.0,0.0,0.0,2.0,1.0,0.0,0.0,1.0,0.0,1.0,1.0,0.0,5.568493087160922,1.0,0.0,1.0,0.0,1.0,0.0,0.0,0.0,1.0,4.888114849167748,1.0,0.0,-0.0334319275239214,0.9216367393419482,1.0,1.0,1.0,1.0,0.0,1.0,1.0,0.0,0.0,1.0,0.0,0.0,1.0,0.0,-1.0,-0.10131108302476519,0.2578292814939795,-1.9565055903209958,-0.2921986335841635,-0.9680948233487886,-0.056904229336422564,17,6,1.0,-0.5,0.0,0.0,0.0,0.0,0.0,0.0,1.0,0.0,0.0,0.0,0.0,0.0,0.0,0.0,0.0,1.0,0.0,1
VAR_001788,0.18666238007350835,1.8319159421777156,3.3669316671129734,8.200050189318015,-0.009450960146129807,35.41202074642229,0.07493086479028957,13.925668234362927,1.1961560362782309,0.01057425925691891,-0.042001703427604994,28,0.0,0.0,0.0,0.0,0.0,0.0,0.0,0.0,0.0,1.0,1.0,0.0,0.0,0.0,1.0,0.0,1.0,1.0,0.0,1.0755618432285001,0.0,0.0,0.0,0.0,0.0,1.0,1.0,1.0,1.0,0.0,0.0,0.0,1.0,0.0,0.0,3,1.0,1.0,3,3,0.4103778997427835,0.040648446087297924,-1.186736114731701,1.0,0.0,0.0,0.0,1.0,1.0,0.0,1.0,1.0,1.0,0.0,1.0,1.0,0.0,0.0,1.0,1.0,0.0,0.11352292960309616,0.0,1.0,0.0,1.0,1.0,0.0,1.0,0.0,0.0,1.0,0.0,2.854067642241182,3,-0.052439775067658415,0.0,1.0,0.0,0.0,1.0,0.0,1.1444406513430527,1.0,1.0,0.0,0.0,0.0,0.0,0.0,1.0,0.0,1.0,0.0,1.0,0.0,0.0,0.0,1.0,0.0,1.0,1.0,0.0,0.0,1.0,0.0,0.0,1.0,1.0,0.0,0.0,0.0,0.0,1.0,0.0,0.0,1.0,0.0,1.0,1.7332237652903097,1.0,1.0,1.0,0.000949397280179102,1.0,1.0,0.0,0.0,1.0,1.0,0.0,1.0,1.0,38.083753870496125,0.0,1.0,-0.0334319275239214,0.9216367393419493,1.0,0.0,1.0,0.0,0.0,0.0,0.0,1.0,1.0,1.0,0.0,1.0,1.0,1.0,0.0,0.19261384967451264,0.0,-0.6670372269520454,0.18880102739799642,-0.5582963773240909,0.9487643855421934,7,5,-0.3673469387755103,-0.5,0.0,0.0,0.0,0.0,0.0,0.0,0.0,1.0,0.0,0.0,0.0,0.0,0.0,-1.0,0.0,1.0,0.0,1
VAR_001874,-0.03094110420452859,-0.010773901391877635,-0.03058050730181087,-0.003297300617358987,-0.009451491828640015,-0.004386144604169666,-0.04355318588241938,-0.04871026415763731,-0.029164936185471856,0.0,-0.06429630933450887,8,0.0,0.0,0.0,0.0,0.0,0.0,0.0,0.0,0.0,0.0,0.0,-1.0,0.0,-1.0,0.0,0.0,0.0,0.0,0.0,-0.0002184642160578666,-1.0,0.0,0.0,0.0,-1.0,0.0,0.0,0.0,0.0,0.0,0.0,0.0,0.0,0.0,-1.0,7,0.0,0.0,4,4,-1.0650198059297271,-3.54364545427264,-10.812446343225368,0.0,0.0,0.0,0.0,0.0,0.0,0.0,0.0,0.0,0.0,0.0,0.0,0.0,0.0,0.0,0.0,0.0,0.0,-0.029802287781288805,0.0,0.0,0.0,0.0,0.0,0.0,0.0,0.0,0.0,0.0,0.0,-0.005259968545623926,4,-0.07266027357335841,0.0,0.0,0.0,0.0,0.0,0.0,-0.00056940109756634,0.0,0.0,0.0,0.0,0.0,0.0,0.0,0.0,0.0,0.0,0.0,0.0,0.0,0.0,0.0,0.0,0.0,0.0,0.0,0.0,0.0,0.0,0.0,0.0,0.0,0.0,0.0,0.0,0.0,0.0,0.0,0.0,0.0,0.0,0.0,0.0,0.0,0.0,0.0,0.0,-3.089901920960828e-05,0.0,0.0,0.0,0.0,0.0,0.0,0.0,0.0,0.0,-0.042961276297641966,0.0,0.0,-0.0334319275239214,-0.0839496243436218,0.0,0.0,0.0,0.0,0.0,0.0,0.0,0.0,0.0,0.0,-1.0,0.0,0.0,0.0,-1.0,0.19261384967451264,-0.9737907207139483,-0.2840685497871072,-2.365519425790656,0.053148684484737654,-1.7856494552920057,17,17,-0.48979591836734704,0.0,2.0,0.0,0.0,0.0,0.0,0.0,0.0,0.0,0.0,0.0,0.0,0.0,0.0,,-1.0,0.0,0.0,1
VAR_001775,4.848417651747939,0.12451186973354968,-0.030579892521798397,0.024199497817834478,4.023070922611323,-0.004239823238213911,2.1513833486047695,-0.008593557889392499,0.02980613376111071,0.0,-0.06366118046217606,19,0.0,0.0,0.0,0.0,0.0,0.0,0.0,1.0,0.0,1.0,1.0,-1.0,0.0,-1.0,1.0,0.0,0.0,0.0,0.0,-0.00021846421152416835,0.0,0.0,0.0,0.0,-1.0,0.0,0.0,0.0,0.0,0.0,0.0,0.0,0.0,0.0,-1.0,7,0.0,0.0,3,3,0.34484399619405826,-0.022753435994293126,0.0,0.0,0.0,0.0,0.0,1.0,1.0,0.0,1.0,0.0,0.0,1.0,0.0,1.0,0.0,1.0,0.0,0.0,0.0,-0.029802287780191363,0.0,1.0,0.0,1.0,0.0,0.0,0.0,1.0,1.0,0.0,0.0,-0.005259968545623926,3,-0.05966004912952941,0.0,0.0,0.0,0.0,0.0,0.0,-0.00056940109756634,0.0,0.0,0.0,0.0,0.0,0.0,0.0,0.0,0.0,0.0,0.0,0.0,0.0,0.0,0.0,0.0,0.0,0.0,0.0,0.0,0.0,0.0,0.0,0.0,0.0,0.0,0.0,0.0,0.0,0.0,0.0,0.0,0.0,0.0,0.0,0.0,0.0,0.0,0.0,0.0,-3.089901920960828e-05,0.0,0.0,0.0,0.0,0.0,0.0,0.0,0.0,1.0,4.860878463033474,0.0,0.0,-0.0334319275239214,0.9201613484133679,0.0,0.0,0.0,1.0,0.0,1.0,0.0,0.0,0.0,0.0,-1.0,1.0,0.0,1.0,0.0,-0.36033900918369177,0.00532169165349611,-1.0122696344105833,-0.09852338695211006,0.22581765221099212,0.9154738381422709,22,3,0.9591836734693877,-0.5,0.0,0.0,0.0,0.0,0.0,0.0,0.0,0.0,0.0,0.0,0.0,0.0,0.0,0.0,-1.0,0.0,0.0,1
VAR_001781,-0.022566126300448144,0.047368611065012584,0.8560456733275834,-0.0032511467447833547,-0.009214117802525073,1.2988927651812576,-0.03882655507627226,0.8995929859955006,0.0,0.0,-0.06339590343642831,16,0.0,0.0,0.0,0.0,0.0,0.0,0.0,1.0,0.0,0.0,1.0,-1.0,1.0,0.0,0.0,0.0,0.0,0.0,0.0,17.1121294570173,0.0,0.0,1.0,0.0,0.0,0.0,0.0,0.0,1.0,0.0,0.0,1.0,0.0,1.0,0.0,3,1.0,0.0,3,3,0.38844367165924526,0.04479663194319429,0.0,0.0,1.0,0.0,0.0,1.0,0.0,0.0,0.0,1.0,1.0,1.0,0.0,0.0,1.0,0.0,1.0,1.0,0.0,0.021367777760085156,0.0,0.0,1.0,0.0,0.0,1.0,1.0,1.0,1.0,1.0,1.0,5.386702996597047,3,-0.0654818182113172,1.0,0.0,0.0,0.0,0.0,1.0,1.1474435328438743,0.0,0.0,0.0,1.0,0.0,0.0,0.0,0.0,0.0,1.0,1.0,1.0,0.0,1.0,1.0,0.0,0.0,0.0,1.0,1.0,1.0,0.0,1.0,1.0,1.0,1.0,0.0,0.0,0.0,1.0,1.0,0.0,0.0,0.0,1.0,0.0,0.0,1.0,1.0,1.0,-2.9308704231344326e-05,0.0,1.0,0.0,1.0,1.0,1.0,0.0,1.0,0.0,0.8396690067305248,1.0,1.0,0.9665680724760786,-0.08394962110318192,1.0,0.0,0.0,1.0,1.0,1.0,1.0,1.0,1.0,1.0,0.0,0.0,1.0,0.0,0.0,-3.2688420682285044,0.2578292814939795,0.0,-0.5122199817494746,-0.16872671903599046,0.7712962995657071,5,10,0.1836734693877551,1.0,0.0,0.0,0.0,0.0,0.0,0.0,0.0,1.0,0.0,0.0,0.0,0.0,0.0,0.0,0.0,1.0,0.0,1
VAR_001918,-0.001298420456162784,1.9291735596334891,1.5246288629024942,0.03706028202933742,1.1927521539677484,0.139018375955061,-0.03315032821088473,0.00041859446551205105,0.022305342248115523,0.0019609596665015818,2.2807613562480458,14,0.0,0.0,0.0,0.0,0.0,0.0,0.0,1.0,0.0,0.3437025300588586,0.0,0.0,1.0,0.0,0.0,1.0,1.0,0.0,1.0,0.8026658190809556,0.0,1.0,1.0,1.0,0.0,0.0,0.0,1.0,1.0,0.0,0.0,0.0,1.0,1.0,0.0,3,1.0,1.0,2,2,0.6421830356569266,0.9830487445663662,0.46625378522055494,0.0,0.0,1.0,0.0,1.0,0.0,1.0,1.0,1.0,0.0,0.1705106744944961,1.0,0.0,1.0,0.0,0.0,1.0,0.0,0.061279514122615,0.0,1.0,0.0,0.0,1.0,1.0,1.0,0.0,0.0,1.0,1.0,64.13040996549354,2,-0.042730486930200144,0.0,0.0,0.0,1.0,0.0,0.0,1.1474433365621348,1.0,0.0,0.0,0.0,0.0,0.0,0.0,1.0,1.0,0.0,1.0,0.0,1.0,0.0,1.0,0.0,1.0,1.0,0.0,0.0,0.0,1.0,0.0,1.0,1.0,1.0,0.0,1.0,0.0,0.0,0.0,2.0,0.0,1.0,1.0,1.0,0.0,1.0,1.0,1.0,2.5930821462902442,0.0,0.0,0.0,1.0,0.0,0.0,4.258228473139483,0.0,0.0,-0.017027425215212687,1.0,1.0,-0.0334319275239214,0.9214354075845803,1.0,0.0,0.0,0.0,1.0,0.0,1.0,0.0,0.0,1.0,0.0,1.0,1.0,0.0,0.0,0.19261384967451264,0.21969291020858428,0.0,0.2687561887849813,-0.5943617994333629,-0.01483146344620141,17,11,1.2040816326530612,-0.5,0.0,0.0,0.0,0.0,0.0,0.0,1.0,0.0,0.0,0.0,0.0,0.0,0.0,0.0,0.0,0.0,0.0,1
VAR_001796,-0.01830407464177727,1.9463255448811738,8.15374905246733,-0.0032963169553994393,0.5406141477756365,-4.718172858049545e-05,0.1245935256997344,-0.03247663889276236,-0.023068583849522227,6.153801356249981,2.3534054112818383,15,0.0,0.0,0.0,0.0,0.0,0.0,0.0,1.0,0.0,0.0,1.0,0.0,0.0,0.0,0.0,0.0,0.0,1.0,0.0,-0.00021616761362351685,0.0,0.0,1.0,1.0,-1.0,0.0,1.0,0.0,0.0,0.0,0.0,0.0,1.0,0.0,0.0,5,0.0,1.0,3,3,0.334991981350454,0.25527445359283213,0.0,0.0,0.0,1.0,1.0,0.0,1.0,1.0,0.0,0.0,1.0,1.0,0.0,1.0,1.0,1.0,0.0,1.0,1.0,0.3271976641198547,0.0,0.0,1.0,0.0,1.0,0.0,1.0,1.0,1.0,0.0,1.0,0.021056675227789777,3,-0.047602118494559476,1.0,1.0,1.0,1.0,0.0,1.0,1.1452318112662752,0.0,1.0,1.0,0.0,0.0,1.0,0.0,1.0,0.0,1.0,0.2829897695256362,0.0,0.0,1.0,1.0,1.0,0.0,1.0,0.0,1.0,1.0,0.0,1.0,0.0,1.0,1.0,1.0,1.0,0.0,1.0,0.0,2.0,0.0,0.0,0.0,1.0,1.7332237652903097,1.0,0.0,1.0,7.015294808671474e-05,1.0,1.0,0.0,0.0,0.0,1.0,4.258228473139483,0.0,1.0,14.295481628950304,1.0,0.0,-0.0334319275239214,0.010699393303092207,1.0,0.0,0.0,0.0,0.0,0.0,0.0,1.0,0.0,1.0,-1.0,1.0,1.0,1.0,0.0,-0.15104684071418364,-4.6176443446672915,0.0,0.877833605353291,0.6773496544728936,0.9487643855421934,4,8,0.32653061224489793,0.0,0.0,0.0,0.0,0.0,0.0,0.0,0.0,0.0,1.0,0.0,0.0,0.0,0.0,0.0,0.0,0.0,0.0,1
VAR_001961,-0.03094110420452859,-0.010773901391877635,-0.03058050730181087,-0.003297300617358987,-0.009451491828640015,-0.004386144604169666,-0.04355318588241938,-0.04871026415763731,-0.029164936185471856,0.0,-0.06429630933450887,8,0.0,0.0,0.0,0.0,0.0,0.0,0.0,0.0,0.0,0.0,0.0,-1.0,0.0,-1.0,0.0,0.0,0.0,0.0,0.0,-0.0002184642160578666,-1.0,0.0,0.0,0.0,-1.0,0.0,0.0,0.0,0.0,0.0,0.0,0.0,0.0,0.0,-1.0,7,0.0,0.0,2,2,0.7394670197632658,0.6985394689888071,0.0,0.0,0.0,0.0,0.0,0.0,0.0,0.0,0.0,0.0,0.0,0.0,0.0,0.0,0.0,0.0,0.0,0.0,0.0,-0.029802287781288805,0.0,0.0,0.0,0.0,0.0,0.0,0.0,0.0,0.0,0.0,0.0,-0.005259968545623926,2,-0.07259587735415471,0.0,0.0,0.0,0.0,0.0,0.0,-0.00056940109756634,0.0,0.0,0.0,0.0,0.0,0.0,0.0,0.0,0.0,0.0,0.0,0.0,0.0,0.0,0.0,0.0,0.0,0.0,0.0,0.0,0.0,0.0,0.0,0.0,0.0,0.0,0.0,0.0,0.0,0.0,0.0,0.0,0.0,0.0,0.0,0.0,0.0,0.0,0.0,0.0,-3.089901920960828e-05,0.0,0.0,0.0,0.0,0.0,0.0,0.0,0.0,1.0,1.2702058297568397,0.0,0.0,-0.0334319275239214,0.9216367393400959,1.0,0.0,1.0,0.0,1.0,1.0,1.0,0.0,1.0,1.0,-1.0,0.0,0.0,0.0,-1.0,-0.3379037434694683,-1.008664663500995,0.0,-0.2587303899143601,-0.5417151532221467,-0.2222726242232639,14,19,0.42857142857142855,0.0,1.0,0.0,0.0,0.0,0.0,0.0,1.0,0.0,0.0,0.0,0.0,0.0,0.0,,-1.0,0.0,0.0,0
VAR_001834,-0.03045457677963493,1.822263338139225,0.8076436251172648,10.28494801724159,7.484698050934033,14.45132014760006,4.338699382404478,4.6568378573991955,0.015581864454091397,0.0,0.0,16,0.0,0.0,0.0,0.0,0.0,0.0,0.0,0.0,0.0,0.0,0.0,-1.0,0.0,-1.0,0.0,0.0,0.0,0.0,0.0,-0.0002184642160578666,-1.0,0.0,0.0,0.0,-1.0,0.0,0.0,0.0,0.0,0.0,0.0,0.0,0.0,0.0,-1.0,7,0.0,0.0,2,2,-0.26300025457534926,-0.7437182106416419,-2.574569308571827,1.0,0.0,1.0,0.0,0.0,1.0,0.0,1.0,0.0,0.0,0.0,1.0,1.0,0.0,0.0,0.0,1.0,1.0,1.5850579125248643,1.0,1.0,1.0,0.0,1.0,1.0,1.0,1.0,1.0,0.0,0.0,-0.005259968545623926,2,-0.07248198593554953,0.0,0.0,0.0,0.0,0.0,0.0,-0.00056940109756634,0.0,0.0,0.0,0.0,0.0,0.0,0.0,0.0,0.0,0.0,0.0,0.0,0.0,0.0,0.0,0.0,0.0,0.0,0.0,0.0,0.0,0.0,0.0,0.0,0.0,0.0,0.0,0.0,0.0,0.0,0.0,0.0,0.0,0.0,0.0,0.0,0.0,0.0,0.0,0.0,-3.089901920960828e-05,0.0,0.0,0.0,0.0,0.0,0.0,0.0,0.0,1.0,10.538008688717163,1.0,0.0,0.9665680724760786,-0.06988665583005195,1.0,0.0,1.0,0.0,0.0,1.0,0.0,1.0,1.0,1.0,-1.0,0.0,0.0,0.0,0.0,-0.5603939195224908,0.23904520206027896,0.0,-2.0200053650667122,-0.4634998268565116,-1.129165163428589,6,11,0.46938775510204084,0.5,2.0,0.0,0.0,0.0,0.0,0.0,0.0,0.0,0.0,0.0,0.0,0.0,0.0,0.0,-1.0,1.0,0.0,1
VAR_001942,31.46211046639164,1.9305561778512028,-0.030527127241848664,0.7298045701955931,-0.009451491828637361,-0.0043439819855329844,7.720711939756697,-0.048672775576499745,-0.02912484080780875,2.2922037008061917e-09,-0.05956297354719697,9,0.0,0.0,0.0,0.0,0.0,0.0,0.0,0.0,1.0,0.0,0.0,0.0,0.0,0.0,1.0,1.0,0.0,0.0,1.0,0.4157784670254413,-1.0,1.0,1.0,1.0,0.0,0.0,1.0,0.0,0.0,0.0,0.0,0.0,1.0,1.0,0.0,0,1.0,1.0,3,3,0.32010901909219946,0.5824767531766961,-1.3466498450695588,1.0,1.0,1.0,0.0793049142436441,1.0,0.0,0.0,0.0,0.0,1.0,1.0,0.0,1.0,1.0,1.0,1.0,0.0,1.0,68.78436325052814,0.0,0.0,0.0,1.0,0.0,0.0,1.0,1.0,1.0,0.0,1.0,91.69636508950632,3,8.161304622660413,0.0,1.0,1.0,0.0,1.0,1.0,0.463913171278103,1.0,0.0,0.0,0.7892366422661438,0.0,1.0,1.0,1.0,0.0,1.0,1.0,1.0,0.0,0.0,1.0,0.0,0.0,0.0,0.0,0.0,0.0,1.0,1.0,0.0,0.0,0.0,1.0,0.0,1.0,1.0,1.0,2.0,1.0,1.0,1.0,0.0,0.0,1.0,0.0,0.0,0.0006597664148580893,0.0,0.0,0.0,1.0,1.0,1.0,0.0,1.0,1.0,-0.01870217718938271,1.0,0.0,0.9665680724760786,0.0726370012703071,1.0,1.0,0.0,1.0,1.0,1.0,1.0,0.0,1.0,0.0,0.0,1.0,0.0,1.0,0.0,-0.7381140350814556,0.1106032225130985,0.0,0.8848794065245296,0.41659440724006525,0.9487643855421934,16,8,0.5306122448979592,0.5,0.0,0.0,0.0,0.0,0.0,0.0,0.0,1.0,0.0,0.0,0.0,0.0,0.0,0.0,0.0,0.0,1.0,1
VAR_001841,1.111660341976477,-0.010725260590371188,-0.022067147438475924,-0.003297289826747332,-0.00945146535401998,1.0139647317837188,0.10951804384108207,-0.04863642689109656,-0.02914579215002465,0.0,-0.06424657914056144,16,0.0,0.0,0.0,0.0,0.0,0.0,0.0,0.0,0.0,0.0,0.0,-1.0,0.0,-1.0,0.0,0.0,0.0,0.0,0.0,-0.0002184642160578666,-1.0,0.0,0.0,0.0,-1.0,0.0,0.0,0.0,0.0,0.0,0.0,0.0,0.0,0.0,-1.0,7,0.0,0.0,4,4,-0.13288641806668192,-0.09146235971987632,0.0,1.0,1.0,0.0,0.0,1.0,0.0,0.0,0.0,1.0,0.0,1.0,0.0,1.0,0.0,1.0,0.0,0.0,1.0,8.739715285766179,1.0,0.0,0.0,1.0,1.0,1.0,1.0,0.0,1.0,1.0,0.0,-0.005259968545623926,4,-0.05869788352064437,0.0,0.0,0.0,0.0,0.0,0.0,-0.00056940109756634,0.0,0.0,0.0,0.0,0.0,0.0,0.0,0.0,0.0,0.0,0.0,0.0,0.0,0.0,0.0,0.0,0.0,0.0,0.0,0.0,0.0,0.0,0.0,0.0,0.0,0.0,0.0,0.0,0.0,0.0,0.0,0.0,0.0,0.0,0.0,0.0,0.0,0.0,0.0,0.0,-3.089901920960828e-05,0.0,0.0,0.0,0.0,0.0,0.0,0.0,0.0,1.0,0.9189042929853737,0.0,1.0,0.5446987998068606,0.895196891197161,1.0,0.0,1.0,1.0,1.0,1.0,1.0,0.0,0.0,1.0,-1.0,1.0,1.0,0.0,-1.0,0.19261384967451264,-0.37184151738816595,-1.7835419106326822,-0.14030719244918405,0.0711215788918869,0.10457288756820039,17,14,0.10204081632653057,0.0,1.0,0.0,0.0,0.0,0.0,0.0,0.0,0.0,0.0,0.0,0.0,1.0,0.0,0.0,-1.0,1.0,0.0,1
VAR_001924,6.589145315657475,-0.0106794114706077,-0.030418706043988455,-0.0032973006161199944,2.235109635756234,7.069232247662392,2.652396148109517,-0.03156448866329139,-0.027967310856746523,207.03716205554827,-0.053748902737466936,25,0.0,0.0,0.0,0.0,0.0,0.0,0.0,0.0,0.0,0.0,1.0,0.0,0.0,0.0,0.0,1.0,1.0,0.0,0.4391189581134566,14.20455287820761,0.0,1.0,0.0,1.0,0.0,1.0,0.0,1.0,0.0,1.0,0.0,1.0,0.0,0.0,0.0,2,0.0,1.0,3,3,-0.2803046811136691,0.1214905247935925,1.0963836872189512,1.0,0.0,1.0,0.0,1.0,1.0,1.0,1.0,1.0,0.0,1.0,0.0,0.0,1.0,0.0,0.0,1.0,0.0,-0.02980178195322677,1.0,0.0,0.0,1.0,0.0,1.0,1.0,0.0,0.0,1.0,0.0,0.015809395379281884,3,0.0074825919399697785,0.0,0.0,1.0,1.0,1.0,0.0,0.7940136663741726,0.0,0.0,1.0,1.0,1.0,1.0,1.0,1.0,0.0,0.0,0.0,1.0,0.996743174621738,1.0,0.0,0.0,0.0,0.0,0.0,1.0,0.0,0.0,0.0,1.0,0.0,1.0,0.0,0.0,0.0,0.0,0.0,2.0,1.0,0.0,0.0,1.0,1.7332237652903097,0.0,0.0,1.0,0.02241425137227195,0.0,1.0,0.0,0.0,0.0,0.0,0.0,0.0,0.0,-0.03921306391346167,1.0,1.0,-0.0334319275239214,0.9193959220383296,1.0,0.0,0.0,1.0,1.0,1.0,1.0,0.0,1.0,1.0,0.0,0.0,0.0,1.0,-1.0,-0.8127643462174406,0.08384963209873147,0.0,-0.5973071609620785,1.0507192598685813,0.9487643855421934,7,4,-0.3673469387755103,0.0,0.0,0.0,0.0,0.0,0.0,0.0,0.0,1.0,0.0,0.0,0.0,0.0,0.0,-1.0,0.0,0.0,0.0,1
VAR_001875,-0.02653665877576252,-0.010582632815310532,-0.0015291875895624145,4.222132420600566,1.4499720416348612,7.253353265433417,-0.04163175852178389,-0.048709409607653346,-0.029122085725213007,196.63630798071972,-0.05714082609404887,23,0.0,0.0,0.0,0.0,0.0,0.0,0.0,0.0,1.0,0.0,0.0,0.0,1.0,0.0,0.0,1.0,1.0,0.0,1.0,40.20325582555228,0.0,1.0,0.0,1.0,-1.0,1.0,1.0,1.0,0.0,0.0,1.0,1.0,1.0,1.0,0.0,5,1.0,0.0,4,4,-1.0386421768026388,-3.5020128736936273,-12.129266878547998,0.0,1.0,0.0,1.0,1.0,1.0,0.0,1.0,0.0,0.0,1.0,1.0,0.0,1.0,1.0,1.0,0.0,1.0,0.006402481458702046,0.0,1.0,0.0,1.0,1.0,0.0,1.0,1.0,0.0,0.0,0.0,0.015828604388523237,4,-0.06742551208446078,0.0,1.0,0.0,0.0,1.0,1.0,0.0063071264464965825,0.0,0.7225470343173183,1.0,1.0,0.0,0.0,0.0,1.0,0.0,1.0,1.0,0.0,1.0,1.0,0.0,1.0,1.0,0.0,0.0,0.0,0.0,0.0,1.0,1.0,1.0,1.0,0.0,0.0,1.0,1.0,0.0,0.0,1.0,1.0,1.0,1.0,0.3462049796451151,0.0,0.9489818952078082,0.0,-3.0897829393925764e-05,0.0,1.0,0.0,0.0,1.0,0.0,0.0,1.0,1.0,35.683051399713214,0.0,0.0,0.03943577590316771,0.9208753868761616,1.0,1.0,0.0,0.0,0.0,1.0,1.0,0.0,0.0,0.0,0.0,1.0,0.0,1.0,0.0,0.063973011465634,0.2578292814939795,-0.8727153505022447,-2.4429492428486603,-0.22692364997849204,-1.9232774369962293,17,17,-0.48979591836734704,0.0,2.0,0.0,0.0,0.0,0.0,0.0,0.0,0.0,0.0,0.0,0.0,0.0,0.0,-1.0,0.0,0.0,0.0,1
VAR_001926,-0.03094110420452859,-0.010773901391877635,-0.03058050730181087,-0.003297300617358987,-0.009451491828640015,-0.004386144604169666,-0.04355318588241938,-0.04871026415763731,-0.029164936185471856,0.0,-0.06429630933450887,8,0.0,0.0,0.0,0.0,0.0,0.0,0.0,0.0,0.0,0.0,0.0,-1.0,0.0,-1.0,0.0,0.0,0.0,0.0,0.0,-0.0002184642160578666,-1.0,0.0,0.0,0.0,-1.0,0.0,0.0,0.0,0.0,0.0,0.0,0.0,0.0,0.0,-1.0,7,0.0,0.0,1,1,-0.32875448925929857,0.0,2.3581246459792236,0.0,0.0,0.0,0.0,0.0,0.0,0.0,0.0,0.0,0.0,0.0,0.0,0.0,0.0,0.0,0.0,0.0,0.0,-0.029802287781288805,0.0,0.0,0.0,0.0,0.0,0.0,0.0,0.0,0.0,0.0,0.0,-0.005259968545623926,1,-0.07266027357335841,0.0,0.0,0.0,0.0,0.0,0.0,-0.00056940109756634,0.0,0.0,0.0,0.0,0.0,0.0,0.0,0.0,0.0,0.0,0.0,0.0,0.0,0.0,0.0,0.0,0.0,0.0,0.0,0.0,0.0,0.0,0.0,0.0,0.0,0.0,0.0,0.0,0.0,0.0,0.0,0.0,0.0,0.0,0.0,0.0,0.0,0.0,0.0,0.0,-3.089901920960828e-05,0.0,0.0,0.0,0.0,0.0,0.0,0.0,0.0,0.0,-0.042961276297641966,0.0,0.0,-0.0334319275239214,-0.0839496243436218,0.0,0.0,0.0,0.0,0.0,0.0,0.0,0.0,0.0,0.0,-1.0,0.0,0.0,0.0,-1.0,-1.5702185807704672,0.2578292814939795,0.0,0.5550916406279021,1.5302098524705727,0.6799571614788075,4,22,1.8367346938775513,-1.0,0.0,0.0,0.0,1.0,0.0,0.0,0.0,0.0,0.0,0.0,0.0,0.0,0.0,,-1.0,0.0,0.0,1
VAR_001958,27.20881705943669,-0.007966039267825126,-0.030580507299613577,0.00501291210878606,-0.009451491828640015,0.6230584917031484,-0.04272963304383609,-0.04787716984785169,0.012207399132763528,0.0,1.878432297942924,16,0.0,0.0,0.0,0.0,0.0,0.0,0.0,1.0,0.0,0.0,0.0,0.0,1.0,0.0,0.0,0.0,1.0,0.0,1.0,-0.00019421841097516958,0.0,1.0,1.0,0.0,0.0,1.0,1.0,1.0,0.0,1.0,1.0,1.0,0.0,1.0,0.0,3,1.0,0.0,4,4,0.5836313882476267,0.15915513689047794,0.0,0.0,0.0,0.0,0.0,0.0,0.0,0.0,0.0,0.0,0.0,0.0,0.0,0.0,0.0,0.0,0.0,0.0,0.0,-0.029802287781288805,0.0,0.0,0.0,0.0,0.0,0.0,0.0,0.0,0.0,0.0,0.0,-0.005259968545623926,4,-0.07150123370581934,1.0,0.0,1.0,0.0,0.0,1.0,1.1474968532160554,0.0,0.0,0.0,1.0,0.0,1.0,0.0,0.0,0.0,0.0,1.0,1.0,1.0,0.0,1.0,0.0,0.0,0.0,1.0,1.0,0.0,0.0,0.0,1.0,1.0,0.0,1.0,1.0,0.0,0.0,0.0,0.0,1.0,0.0,1.0,0.0,1.7332237652903097,1.0,1.0,0.0,1.2126709856246836,1.0,0.0,1.0,1.0,0.0,0.0,0.0,1.0,1.0,-0.04175677295628338,0.0,0.0,-0.0334319275239214,-0.08392324004078822,1.0,0.0,1.0,0.0,0.0,0.0,0.0,1.0,0.0,0.0,0.0,0.0,0.0,0.0,0.0,0.19261384967451264,-0.9037621755756092,0.0,-0.27665473780612293,-0.6691995601444658,-0.24817882779983247,17,14,0.10204081632653057,0.0,1.0,0.0,0.0,0.0,0.0,0.0,0.0,0.0,0.0,0.0,0.0,1.0,0.0,0.0,0.0,1.0,0.0,1
VAR_001953,-0.015356144747323422,0.27788402302497883,0.021399664154221582,0.702842787542717,0.19777205703481862,26.882290511567028,12.729808034795028,0.4159386963324854,0.39682182373823943,0.46951499059206275,-0.05373795020358577,19,0.0,0.0,0.0,0.0,0.0,0.0,0.0,0.0,1.0,1.0,0.0,0.0,1.0,0.0,0.0,1.0,0.0,1.0,0.0,5.501879276496789,0.0,0.689531499026542,0.0,0.0,0.0,0.0,0.0,0.0,0.0,1.0,1.0,1.0,0.0,0.0,0.0,0,0.0,0.0,2,2,-0.29952617707550666,0.0795163645872906,-0.5399545119486647,1.0,1.0,1.0,0.0,0.0,1.0,0.0,1.0,1.0,1.0,0.0,1.0,0.0,0.0,1.0,1.0,0.0,0.0,-0.029801912195473675,0.0,1.0,0.0,0.0,1.0,0.0,1.0,1.0,1.0,0.0,0.0,-0.005259968545623926,2,1.8236050289331005,0.0,0.0,1.0,1.0,1.0,0.0,0.02534285022710799,0.0,0.0,0.0,1.0,1.0,1.0,1.0,1.0,0.0,0.0,0.0,1.0,0.0,1.0,0.0,1.0,0.0,1.0,0.0,0.0,1.0,1.0,1.0,1.0,1.0,0.0,1.0,1.0,1.0,0.0,1.0,0.0,0.0,1.0,1.0,0.0,0.0,1.0,0.0,1.0,3.9988336833331486,0.0,1.0,1.0,1.0,1.0,1.0,0.0,1.0,0.0,-0.02963160820819385,1.0,0.0,-0.0334319275239214,0.8605721137647738,0.0,1.0,1.0,1.0,1.0,0.0,0.0,0.0,0.0,0.0,0.0,0.0,1.0,1.0,0.0,0.19261384967451264,0.24043992341147993,0.0,0.2859771285596381,-1.1847740705037122,-0.10188717067378843,17,6,1.0,-0.5,0.0,0.0,0.0,0.0,0.0,0.0,1.0,0.0,0.0,0.0,0.0,0.0,0.0,0.0,0.0,0.0,1.0,1
VAR_001869,-0.008816063783739935,0.6446757873745276,-0.02754482399870276,-0.003290927277242741,13.163574135338031,-0.004386054223463996,3.0108810481018544,0.24890708134790168,5.091744404314332,0.014377533919506044,-0.06158446189574977,18,0.0,0.0,0.0,0.0,0.0,0.0,0.0,1.0,0.0,1.0,0.0,0.0,1.0,0.0,1.0,0.422044520439583,1.0,0.0,0.0,0.992644571062538,0.0,0.0,1.0,0.0,-1.0,0.0,1.0,0.0,0.0,1.0,0.0,0.0,1.0,1.0,0.0,3,0.0,0.0,3,3,-0.02957599937079559,0.38355235265047477,0.0,0.0,0.0,0.0,1.0,1.0,1.0,0.0,0.0,0.0,1.0,1.0,1.0,1.0,1.0,0.0,1.0,1.0,1.0,0.06469265862916822,1.0,1.0,1.0,1.0,0.0,0.0,1.0,1.0,0.0,1.0,0.0,0.005070166264949697,3,1.9559972337246232,1.0,1.0,0.0,0.0,0.0,0.0,1.1474968503321201,0.0,0.0,0.0,1.0,0.0,0.0,0.0,0.0,0.0,0.0,0.0,0.0,0.0,0.0,0.0,0.0,0.0,1.0,0.0,1.0,1.0,1.0,1.0,0.0,1.0,0.0,1.0,0.0,1.0,1.0,0.0,2.0,1.0,0.0,0.0,0.0,0.0,1.0,1.0,0.0,0.06031413857445334,1.0,1.0,0.0,0.0,1.0,0.0,4.258228473139483,0.0,0.0,0.6082365392886034,1.0,1.0,0.9665680724760786,-0.0013997178916840113,1.0,1.0,1.0,1.0,0.0,1.0,1.0,1.0,0.0,1.0,0.0,1.0,1.0,1.0,0.0,0.19261384967451264,-3.373710051912483,-1.3632584513876158,-0.9623763628060262,0.8420492255838616,-0.5732102816774153,21,6,-0.020408163265306232,0.0,0.0,0.0,0.0,0.0,0.0,0.0,0.0,0.0,0.0,1.0,0.0,0.0,0.0,0.0,0.0,0.0,0.0,1
VAR_001833,-0.03094110420452859,-0.010773901391877635,-0.03058050730181087,-0.003297300617358987,-0.009451491828640015,-0.004386144604169666,-0.04355318588241938,-0.04871026415763731,-0.029164936185471856,1.2512897602361617e-20,-0.06287991549383827,20,0.0,0.0,0.0,0.0,0.0,0.0,0.0,0.0,1.0,0.0,0.0,0.0,1.0,-1.0,0.0,0.0,0.0,0.0,0.0,0.002483862986438435,0.0,0.0,1.0,0.0,-1.0,0.0,0.0,0.0,0.0,0.0,0.0,0.0,0.0,0.0,-1.0,7,0.0,0.0,4,4,-0.2202789929760359,-3.7077663645551215,-5.103543155101011,0.0,0.0,0.0,0.0,0.0,0.0,0.0,0.0,0.0,0.0,0.0,0.0,0.0,0.0,0.0,0.0,0.0,0.0,-0.029802287781288805,0.0,0.0,0.0,0.0,0.0,0.0,0.0,0.0,0.0,0.0,0.0,-0.005259968545623926,4,-0.07162660899107244,0.0,0.0,0.0,0.0,0.0,0.0,-0.00056940109756634,0.0,0.0,0.0,0.0,0.0,0.0,0.0,0.0,0.0,0.0,0.0,0.0,0.0,0.0,0.0,0.0,0.0,0.0,0.0,0.0,0.0,0.0,0.0,0.0,0.0,0.0,0.0,0.0,0.0,0.0,0.0,0.0,0.0,0.0,0.0,0.0,0.0,0.0,0.0,0.0,-3.089901920960828e-05,0.0,0.0,0.0,0.0,0.0,0.0,0.0,0.0,0.0,-0.0414962291673313,0.0,1.0,0.9665680724760786,0.8739446070786963,1.0,0.0,1.0,0.0,1.0,0.0,1.0,0.0,1.0,1.0,-1.0,1.0,1.0,1.0,0.0,-0.003387293797522965,-0.528042615711705,-51.6015767795174,-2.3674160037145624,0.2122735572412453,-2.320707445880372,13,10,0.1836734693877551,0.5,1.0,0.0,0.0,0.0,0.0,0.0,0.0,0.0,0.0,0.0,0.0,0.0,0.0,-1.0,-1.0,0.0,1.0,0
VAR_001882,0.09113243669525069,-0.01077390138753551,-0.03058050129847067,-0.003292394611593711,-0.009313626574380807,-0.0014079629481021166,-0.01881411322784392,1.002994447652501,0.11502269401928941,0.001089788046081984,-0.05115600987492994,18,0.0,0.0,0.0,0.0,0.0,0.0,0.0,0.0,0.0,0.0,1.0,0.0,0.0,0.0,1.0,1.0,0.0,1.0,0.0,0.8514443896143821,0.0,1.0,0.0,0.0,0.0,0.0,0.0,1.0,1.0,1.0,1.0,0.0,1.0,1.0,0.0,3,1.0,1.0,3,3,-0.616198695041357,-0.05055423382962698,0.0,0.0,1.0,0.0,0.0,0.0,1.0,1.0,0.0,0.0,0.0,0.9792908640273006,0.0,1.0,0.0,0.0,0.0,1.0,0.0,-0.026432294448276737,0.0,0.0,0.0,1.0,0.0,0.0,0.0,1.0,1.0,1.0,0.0,1.351346893803914,3,-0.050674374043315144,0.0,1.0,0.0,1.0,1.0,1.0,1.147156332252019,0.0,1.0,0.0,0.0,0.0,0.0,0.0,1.0,1.0,1.0,1.0,1.0,0.0,0.0,0.0,1.0,1.0,1.0,0.0,0.0,1.0,1.0,0.0,1.0,0.0,0.0,0.0,1.0,1.0,1.0,0.0,0.0,0.0,0.0,1.0,0.0,0.0,0.0,0.0,0.0,0.0009311655806254624,1.0,1.0,1.0,1.0,1.0,1.0,4.258228473139483,0.0,0.0,-0.001520373498972171,1.0,0.0,-0.0334319275239214,-0.08394938575091768,0.0,1.0,0.0,1.0,1.0,1.0,1.0,0.0,0.0,1.0,0.0,1.0,1.0,0.0,0.0,-0.5652805901770636,-0.3890629041064289,0.0,0.5744246921515086,-0.3752046679054508,0.9487643855421934,16,21,1.0408163265306123,0.0,0.0,0.0,0.0,0.0,0.0,0.0,0.0,0.0,1.0,0.0,0.0,0.0,0.0,0.0,0.0,0.0,0.0,1
VAR_001936,-0.014358516605224157,-0.010223780780065726,0.015069369193299783,-0.0032774651254107606,-0.009421235023090386,3.1643675048822963,0.5157812605487672,-0.04871015580797158,-0.027813601476803368,262.63023693427914,1.6442324890231843,26,0.0,0.0,0.0,0.0,0.0,0.0,0.0,1.0,1.0,1.0,1.0,0.0,1.0,-1.0,0.0,0.0,0.0,0.0,0.0,0.01106035746198854,0.0,0.0,0.0,1.0,-1.0,0.0,0.0,1.0,1.0,1.0,0.0,1.0,1.0,0.0,0.0,1,0.0,1.0,2,2,1.2589909509490904,0.7289952245191906,2.48321775250074,1.0,1.0,1.0,0.0,1.0,0.0,1.0,0.0,0.0,0.0,0.0,1.0,1.0,0.0,0.0,0.0,0.0,1.0,9.902179130550593,1.0,0.6536037301874006,1.0,0.0,1.0,0.0,1.0,1.0,1.0,1.0,0.0,2.8533525585703714,2,0.757422014646843,1.0,1.0,1.0,0.0,0.0,1.0,1.1474766929428661,1.0,0.93578940162749,0.0,0.0,1.0,0.0,0.0,1.0,1.0,1.0,1.0,1.0,1.0,0.0,1.0,0.0,1.0,1.0,1.0,1.0,0.0,0.0,1.0,1.0,1.0,0.0,1.0,0.0,1.0,1.0,1.0,0.0,1.0,0.0,0.0,0.0,1.7332237652903097,1.0,1.0,1.0,0.00010890027193823356,1.0,0.0,1.0,0.0,1.0,1.0,4.258228473139483,1.0,1.0,-0.04153228607855211,0.0,0.0,-0.0334319275239214,0.815185342454702,1.0,1.0,0.0,1.0,0.0,1.0,0.0,1.0,1.0,0.0,-1.0,0.0,1.0,1.0,-1.0,0.19261384967451264,-2.0511261433138652,0.0,0.029865864383215607,-1.2829347581766433,-0.11996852697576872,19,13,-0.30612244897959184,0.5,0.0,0.0,0.0,0.0,1.0,0.0,0.0,0.0,0.0,0.0,0.0,0.0,0.0,-1.0,0.0,0.0,0.0,1
VAR_001880,-0.019469039731085075,0.00036527221893576154,2.36235115811057,4.479231236952371,0.0,-0.0043838183114376685,-0.04355318411780251,0.14974034949539655,0.7191390346133759,2.9590374707387747e-09,0.8216122334270577,9,0.0,0.0,0.0,0.0,0.0,0.0,0.0,1.0,1.0,0.0,0.0,0.0,0.0,0.0,0.0,0.0,1.0,1.0,1.0,-0.00021844351643744188,0.0,0.0,0.0,0.0,0.0,1.0,0.0,1.0,0.0,0.0,1.0,0.0,1.0,1.0,0.0,0,1.0,1.0,3,3,-0.7297364808010564,0.09815595087712911,0.0,1.0,0.0,1.0,1.0,0.0,0.0,1.0,0.0,0.0,1.0,0.0,0.0,1.0,0.0,1.0,0.0,0.0,1.0,9.956609825327075,0.0,1.0,1.0,0.0,1.0,1.0,1.0,1.0,1.0,0.0,1.0,1.9475082600787106,3,6.48168303240361,0.0,1.0,0.0,1.0,0.0,0.0,1.1474968528446263,1.0,0.0,0.0,0.0,0.0,0.0,0.0,1.0,1.0,1.0,1.0,1.0,1.0,1.0,0.0,1.0,0.0,1.0,0.0,0.0,0.0,0.0,1.0,1.0,0.0,1.0,0.0,0.0,1.0,0.0,0.0,0.0,0.0,1.0,0.0,1.0,1.7332237652903097,0.0,0.0,1.0,0.03576670981496138,0.0,0.0,1.0,1.0,0.0,0.0,4.258228473139483,0.0,0.0,-0.030092815103229975,0.0,0.0,0.9665680724760786,0.9136405715453004,1.0,0.0,0.0,0.0,1.0,1.0,1.0,0.0,1.0,0.0,0.0,1.0,1.0,1.0,0.0,0.19261384967451264,-0.4256928538543606,0.0,0.4027086560744065,0.49857956449306995,0.9426374652944934,0,21,-0.24489795918367352,0.5,1.0,0.0,0.0,0.0,0.0,0.0,0.0,1.0,0.0,0.0,0.0,0.0,0.0,0.0,0.0,0.0,1.0,1
VAR_001797,-0.03094110420452859,-0.010773901391877635,-0.03058050730181087,-0.003297300617358987,-0.009451491828640015,-0.004386144604169666,-0.04355318588241938,-0.04871026415763731,-0.029164936185471856,0.0,-0.06429630933450887,8,0.0,0.0,0.0,0.0,0.0,0.0,0.0,1.0,0.0,1.0,0.0,0.0,1.0,0.0,1.0,0.0,0.0,0.0,1.0,0.0003143916885648434,0.0,1.0,1.0,0.0,-1.0,0.0,0.0,0.0,0.0,0.0,0.0,0.0,0.0,0.0,-1.0,7,0.0,0.0,3,3,0.48574457987640063,0.2500380463491391,0.0,0.0,0.0,0.0,0.0,0.0,0.0,0.0,0.0,0.0,0.0,0.0,0.0,0.0,0.0,0.0,0.0,0.0,0.0,-0.029802287781288805,0.0,0.0,0.0,0.0,0.0,0.0,0.0,0.0,0.0,0.0,0.0,-0.005259968545623926,3,-0.07246886958168294,0.0,0.0,0.0,0.0,0.0,0.0,-0.00056940109756634,0.0,0.0,0.0,0.0,0.0,0.0,0.0,0.0,0.0,0.0,0.0,0.0,0.0,0.0,0.0,0.0,0.0,0.0,0.0,0.0,0.0,0.0,0.0,0.0,0.0,0.0,0.0,0.0,0.0,0.0,0.0,0.0,0.0,0.0,0.0,0.0,0.0,0.0,0.0,0.0,-3.089901920960828e-05,0.0,0.0,0.0,0.0,0.0,0.0,0.0,0.0,0.0,-0.042961276297641966,0.0,0.0,-0.0334319275239214,-0.0839496243436218,0.0,0.0,0.0,0.0,0.0,0.0,0.0,0.0,0.0,0.0,-1.0,0.0,0.0,0.0,-1.0,0.19261384967451264,-16.663685676205564,0.0,0.683683371366018,0.7428869492463804,0.9487643855421934,5,10,0.1836734693877551,1.0,0.0,0.0,0.0,0.0,0.0,0.0,0.0,1.0,0.0,0.0,0.0,0.0,0.0,,-1.0,0.0,0.0,1
VAR_001976,0.08108024245340549,-0.010146591789524527,-0.016619302411985757,41.468633922518556,35.06412454384728,0.00598803266809782,0.008766824058244662,6.796594791702434,0.05681055756624268,132.60966604043114,-0.009558177856909433,6,0.0,0.0001799181084838,1.0,1.0,0.0165631501154365,1.0,0.0,1.0,0.0,0.0,1.0,0.0,0.0,0.0,0.0,1.0,1.0,0.0,1.0,9.572504789318934,0.0,1.0,1.0,1.0,0.0,0.0,0.0,1.0,0.0,0.0,0.0,1.0,1.0,0.0,0.0,3,0.0,0.0,2,2,-0.9087549118288037,-5.429684606229739,0.0,0.0,1.0,0.0,1.0,0.0,0.0,0.0,1.0,0.0,0.0,1.0,0.0,0.0,1.0,1.0,1.0,0.0,0.0,0.8522873714257928,0.0,0.0,1.0,1.0,0.0,0.0,1.0,1.0,0.0,1.0,1.0,0.2787373850745985,2,0.0028407842604367835,1.0,1.0,0.0,1.0,0.0,0.0,-0.0005589419981272116,1.0,1.0,1.0,1.0,1.0,1.0,0.0,1.0,0.0,1.0,0.0,0.0,0.0,0.0,0.0,1.0,0.0,1.0,0.0,0.0,0.0,1.0,1.0,1.0,1.0,0.0,0.0,0.0,0.0,1.0,1.0,0.0,1.0,0.0,0.0,1.0,0.0,1.0,1.0,0.0,2.4249015696434055,0.0,1.0,1.0,1.0,0.0,0.0,0.0,0.0,0.0,0.05658525604961376,0.0,1.0,0.9665680724760786,-0.08394962375765944,1.0,1.0,1.0,0.0,0.0,0.0,1.0,0.0,1.0,1.0,-1.0,1.0,1.0,0.0,0.0,-8.636833603869917,0.2578292814939795,-4.664318727386234,-2.708614017189597,-0.5772907430193855,-2.0517339597051056,13,10,0.1836734693877551,0.5,1.0,0.0,0.0,0.0,0.0,0.0,0.0,0.0,0.0,0.0,0.0,0.0,0.0,,0.0,0.0,0.0,1
VAR_001791,2.5329068686122107,-0.010773876804274204,-0.03058042582484821,-0.0032972977109304276,-0.009210503660184966,-0.004376953967849775,7.901610319866652,-0.048677299697447426,-0.028162631397605775,0.0,-0.06419673398074548,16,0.0,0.0,0.0,0.0,0.0,0.0,0.0,1.0,0.0,1.0,0.0,0.0,0.0,0.0,1.0,1.0,0.0,0.0,1.0,0.0018939506442277178,0.0,0.0,1.0,1.0,0.0,0.0,1.0,1.0,1.0,0.0,1.0,1.0,1.0,1.0,0.0,3,0.0,1.0,3,3,0.5615907355495497,0.5410623731045198,0.0,1.0,0.0,0.0,1.0,0.0,1.0,1.0,1.0,1.0,0.0,1.0,1.0,0.0,1.0,0.0,0.0,1.0,1.0,26.442410973715315,1.0,0.0,1.0,1.0,1.0,1.0,1.0,1.0,1.0,0.0,0.0,-0.005259968545623926,3,-0.04740000698596181,0.0,0.0,0.0,0.0,0.0,0.0,-0.00056940109756634,0.0,0.0,0.0,0.0,0.0,0.0,0.0,0.0,0.0,0.0,0.0,0.0,0.0,0.0,0.0,0.0,0.0,0.0,0.0,0.0,0.0,0.0,0.0,0.0,0.0,0.0,0.0,0.0,0.0,0.0,0.0,0.0,0.0,0.0,0.0,0.0,0.0,0.0,0.0,0.0,-3.089901920960828e-05,0.0,0.0,0.0,0.0,0.0,0.0,0.0,0.0,1.0,0.05502956976232141,0.0,1.0,-0.0334319275239214,-0.04908142932300211,0.0,0.0,0.0,0.0,1.0,0.0,1.0,0.0,0.0,1.0,0.0,0.0,0.0,0.0,0.0,-0.28096912179771893,-2.773423111242207,0.0,0.8683381840243011,0.26105906465351575,0.3858196065806398,5,10,0.1836734693877551,1.0,0.0,0.0,0.0,0.0,0.0,0.0,0.0,1.0,0.0,0.0,0.0,0.0,0.0,0.0,0.0,1.0,0.0,1
VAR_001795,0.035050894276135044,0.34902679438197526,-0.027256978212924755,0.5827587398691941,-0.009432441199923505,1.077243673337955,1.9498463402695627,0.323983148119153,1.4584756128006195,0.0,-0.061812744352000466,11,0.0,0.0,0.0,0.0,0.0,0.0,0.0,0.0,1.0,0.0,0.0,0.0,1.0,-1.0,1.0,0.0,1.0,0.0,0.0,-0.00020814205806227496,-1.0,1.0,1.0,1.0,-1.0,1.0,0.0,1.0,1.0,1.0,1.0,0.0,1.0,0.0,0.0,3,1.0,0.0,4,4,0.500169645033944,0.42406566492291464,2.343929543981308,1.0,0.0,0.0,0.0,0.0,1.0,0.0,1.0,0.0,1.0,0.0,0.0,1.0,1.0,1.0,0.0,1.0,0.0,-0.0248315005675797,0.0,1.0,1.0,0.0,1.0,0.0,0.0,0.0,1.0,0.0,0.0,-0.005259968545623926,4,-0.06798608048102503,0.0,0.0,0.0,0.0,0.0,0.0,-0.0005079327143161851,0.0,1.0,0.0,1.0,1.0,1.0,1.0,1.0,1.0,1.0,0.0,0.0,1.0,0.0,0.0,0.0,0.0,1.0,1.0,1.0,1.0,0.0,0.0,1.0,1.0,0.0,0.0,0.0,1.0,0.0,1.0,0.0,1.0,1.0,1.0,0.0,1.7332237652903097,0.0,1.0,0.0,0.08807019916565084,1.0,1.0,0.0,0.0,0.0,1.0,4.258228473139483,0.0,0.0,-0.04257006436227632,0.0,0.0,-0.0334319275239214,-0.08394468429707298,0.0,1.0,0.0,0.0,0.0,1.0,1.0,1.0,1.0,0.0,0.0,1.0,1.0,1.0,-1.0,0.19261384967451264,-0.5167756065996582,0.0,-1.0048003804215682,0.1125072179481431,0.10699354767564852,11,17,-1.4285714285714288,-0.5,1.0,0.0,0.0,0.0,0.0,0.0,0.0,0.0,0.0,0.0,0.0,0.0,1.0,0.0,0.0,0.0,0.0,1
VAR_001824,-0.028904665820578268,1.1405814539681227,0.10232766664054468,0.02576676761010398,1.3340211245465428,1.7826539427276114,3.2569607728270022,0.2972667715838866,-0.02250749419134432,0.0,-0.06322813176146172,16,0.0,0.0,0.0,0.0,0.0,0.0,0.0,1.0,0.0,0.0,1.0,0.0,1.0,0.0,1.0,0.0,1.0,0.0,1.0,-0.00021818157347245606,-1.0,1.0,0.0,0.0,-1.0,0.0,0.0,0.0,0.0,0.0,0.0,0.0,0.0,0.0,-1.0,7,0.0,0.0,4,4,-0.0290218666915233,-0.01531977377409109,-1.7901499296896772,0.0,0.0,0.0,0.0,0.0,0.0,0.0,0.0,0.0,0.0,0.0,0.0,0.0,0.0,0.0,0.0,0.0,0.0,-0.029802287781288805,0.0,0.0,0.0,0.0,0.0,0.0,0.0,0.0,0.0,0.0,0.0,-0.005259968545623926,4,3.89552113642434,0.0,0.0,0.0,0.0,0.0,0.0,-0.00056940109756634,0.0,0.0,0.0,0.0,0.0,0.0,0.0,0.0,0.0,0.0,0.0,0.0,0.0,0.0,0.0,0.0,0.0,0.0,0.0,0.0,0.0,0.0,0.0,0.0,0.0,0.0,0.0,0.0,0.0,0.0,0.0,0.0,0.0,0.0,0.0,0.0,0.0,0.0,0.0,0.0,-3.089901920960828e-05,0.0,0.0,0.0,0.0,0.0,0.0,0.0,0.0,0.0,-0.042961276297641966,0.0,0.0,-0.0334319275239214,-0.0839496243436218,0.0,0.0,0.0,0.0,0.0,0.0,0.0,0.0,0.0,0.0,-1.0,0.0,0.0,0.0,-1.0,0.19261384967451264,0.22775812712669244,-0.4996670757160135,0.23711387603550382,0.18943405403159574,-0.08356025861271145,11,17,-1.4285714285714288,-0.5,1.0,0.0,0.0,0.0,0.0,0.0,0.0,0.0,0.0,0.0,0.0,0.0,1.0,0.0,-1.0,1.0,0.0,1
VAR_001916,65.02087491591725,1.9427955772901269,-0.0221034013530959,-0.003035400281534805,0.02308472209088268,-0.0022230012769483298,-0.04300565114511623,-0.04791595378055496,-0.029157635508654908,0.0,-0.06419814374239255,16,0.0,0.0,0.0,0.0,0.0,0.0,0.0,0.0,0.0,0.0,1.0,0.0,1.0,0.0,1.0,0.0,1.0,1.0,1.0,1.8022511022625758,0.0,0.0,1.0,0.0,-1.0,0.0,0.0,0.0,0.0,0.0,0.0,0.0,0.0,0.0,-1.0,7,0.0,0.0,4,4,0.594472544222003,0.10060695139694499,-1.0037839629417467,0.0,1.0,1.0,1.0,1.0,1.0,1.0,0.0,0.0,0.0,1.0,0.0,1.0,0.0,0.0,0.0,1.0,0.0,-0.01323507257414722,1.0,0.0,1.0,0.0,1.0,0.0,0.0,1.0,1.0,0.0,0.0,-0.005259968545623926,4,3.2690073822132364,0.0,0.0,0.0,0.0,0.0,0.0,-0.00056940109756634,0.0,0.0,0.0,0.0,0.0,0.0,0.0,0.0,0.0,0.0,0.0,0.0,0.0,0.0,0.0,0.0,0.0,0.0,0.0,0.0,0.0,0.0,0.0,0.0,0.0,0.0,0.0,0.0,0.0,0.0,0.0,0.0,0.0,0.0,0.0,0.0,0.0,0.0,0.0,0.0,-3.089901920960828e-05,0.0,0.0,0.0,0.0,0.0,0.0,0.0,0.0,1.0,15.560659248562938,0.0,1.0,0.9665680724760786,-0.08373494614085289,0.0,1.0,1.0,1.0,0.0,1.0,1.0,1.0,0.0,1.0,0.0,1.0,1.0,0.0,0.0,0.19261384967451264,0.2578292814939795,0.0,0.17441675567666348,-0.2677684785302299,-0.5272782438504026,11,14,-0.8367346938775512,-1.0,1.0,0.0,0.0,0.0,0.0,0.0,0.0,0.0,0.0,0.0,0.0,1.0,0.0,0.0,-1.0,1.0,0.0,1
VAR_001771,50.38766387851601,-0.010771941656001273,0.2481488260695457,0.06958602777295139,-0.009451491811672479,-0.004386081491180982,-0.023935099249140022,-0.04560695615818177,0.0023827540109696917,0.0,2.5253278455419568,16,0.0,0.0,0.0,0.0,0.0,0.0,0.0,0.0,0.0,1.0,1.0,0.0,1.0,0.0,1.0,0.0,1.0,1.0,1.0,-0.00019291739258661995,0.0,0.0,0.0,1.0,0.0,1.0,1.0,1.0,0.0,1.0,0.0,0.0,1.0,0.0,0.0,0,0.0,0.0,1,1,-3.0014312425724667,-1.9738938540915434,0.0,1.0,0.0,1.0,0.0,1.0,0.0,0.0,1.0,0.0,0.0,0.8894388664100548,1.0,1.0,1.0,0.0,1.0,0.0,0.4965685658666589,-0.0013008508106731821,0.0,0.0,0.0,0.0,0.0,1.0,0.0,0.0,1.0,0.0,0.0,3.860391611080377,1,2.101581866098608,0.0,0.0,1.0,0.0,1.0,1.0,1.1462974847857557,0.0,0.0,0.0,0.0,1.0,0.0,0.0,1.0,1.0,1.0,0.0,0.0,0.0,1.0,1.0,0.0,0.0,1.0,0.0,0.0,0.0,1.0,1.0,1.0,1.0,1.0,1.0,1.0,1.0,0.0,1.0,2.0,0.0,0.0,1.0,0.0,1.7332237652903097,1.0,0.0,1.0,2.5874151901712854,1.0,0.0,1.0,0.0,1.0,1.0,0.0,1.0,0.0,19.729333202488572,1.0,0.0,0.9665680724760786,-0.08382544496294658,0.0,0.0,0.0,1.0,0.0,0.0,0.0,1.0,1.0,0.0,-1.0,0.0,0.0,1.0,0.0,-1.6884296623376083,-0.8609463755286962,0.0,-1.0403770106893095,0.8903024712214443,0.8127277919324017,12,22,0.7346938775510206,1.0,-0.5,0.0,1.0,0.0,0.0,0.0,0.0,0.0,0.0,0.0,0.0,0.0,0.0,0.0,0.0,1.0,1.0,1
VAR_001825,-0.01636479114695028,-0.010773901390959918,0.16370743787085681,-0.0032973006157056618,-0.009225367890672343,-0.004384577729756621,-0.03527867777072691,-0.032476776415644955,37.97006349480724,0.23473932845831863,-0.05623297784297584,11,0.0,0.0,0.0,0.0,0.0,0.0,0.0,1.0,0.0,0.0,1.0,0.0,0.0,0.0,0.0,1.0,0.0,0.0,0.0,-0.00021846421093770353,0.0,0.0,1.0,1.0,0.0,0.0,0.0,1.0,0.0,1.0,1.0,1.0,1.0,0.0,0.0,1,1.0,1.0,4,4,-0.3955543678220055,-0.22985817505447836,-2.306183953801806,1.0,1.0,0.0,0.0,0.0,1.0,0.0,0.0,0.0,1.0,0.0,0.0,0.0,0.0,0.0,0.0,1.0,0.0,0.6012107239548131,1.0,0.0,0.0,0.0,0.0,1.0,1.0,1.0,0.0,0.0,1.0,0.010517672650273235,4,-0.06378851792559097,0.0,1.0,0.0,1.0,0.0,0.0,1.1267988235882183,0.0,1.0,1.0,0.0,1.0,0.0,1.0,1.0,0.0,0.0,1.0,0.0,0.0,1.0,0.0,0.0,1.0,0.0,1.0,1.0,0.0,1.0,1.0,1.0,1.0,0.0,0.0,0.0,0.0,1.0,0.0,0.0,1.0,0.0,1.0,1.0,0.0,0.0,1.0,0.0,0.0006915770621666171,1.0,1.0,1.0,1.0,1.0,1.0,0.0,1.0,1.0,13.240670432148471,0.0,0.0,0.9665680724760786,0.3404116491209443,1.0,1.0,1.0,0.0,1.0,1.0,0.0,0.0,0.0,0.0,-1.0,0.0,1.0,0.0,0.0,-6.324038210782277,-0.3996375643006563,-0.10360660469702354,-0.5908918927974567,0.3311170121458892,0.013910690609032477,21,4,-1.306122448979592,-1.0,0.0,0.0,0.0,0.0,0.0,0.0,0.0,0.0,0.0,0.0,1.0,0.0,0.0,0.0,0.0,0.0,0.0,1
VAR_001881,5.186512120669163,-0.010364825810330488,0.05056931380345735,-0.0031555857553150547,-0.009451491825145701,0.1518016499025381,-0.038818657706420644,0.037412395057958896,0.1716806152732115,0.0,2.4459942182880816,16,0.0,0.0,0.0,0.0,0.0,0.0,0.0,0.0,1.0,1.0,0.0,0.0,0.0,0.0,1.0,0.0,1.0,0.0,0.0,35.57050228391591,0.0,0.0,1.0,0.0,-1.0,0.0,0.0,0.0,0.0,0.0,0.0,0.0,0.0,0.0,-1.0,7,0.0,0.0,3,3,-0.6375903886540779,-0.18359777646611572,0.0,1.0,1.0,1.0,0.0,0.0,0.0,0.0,0.0,0.0,1.0,0.0,1.0,1.0,0.0,1.0,0.0,1.0,0.0,0.06394585182231476,1.0,0.0,0.0,0.0,0.0,0.0,1.0,1.0,1.0,0.0,0.0,-0.005259968545623926,3,5.307964136636194,0.0,0.0,0.0,0.0,0.0,0.0,-0.00056940109756634,0.0,0.0,0.0,0.0,0.0,0.0,0.0,0.0,0.0,0.0,0.0,0.0,0.0,0.0,0.0,0.0,0.0,0.0,0.0,0.0,0.0,0.0,0.0,0.0,0.0,0.0,0.0,0.0,0.0,0.0,0.0,0.0,0.0,0.0,0.0,0.0,0.0,0.0,0.0,0.0,-3.089901920960828e-05,0.0,0.0,0.0,0.0,0.0,0.0,0.0,0.0,0.0,-0.03707684895848176,0.0,0.0,0.9665680724760786,0.9199781501296609,0.0,0.0,1.0,0.5011119429301197,0.0,0.0,1.0,1.0,1.0,1.0,-1.0,1.0,0.0,1.0,0.0,0.19261384967451264,-0.7988270303244073,0.0,0.7353337115001506,0.7661570498874968,0.9371597948470612,16,10,0.38775510204081637,1.5,0.0,0.0,0.0,0.0,0.0,0.0,0.0,1.0,0.0,0.0,0.0,0.0,0.0,0.0,-1.0,1.0,0.0,1
VAR_001846,0.9214246479576732,1.946468791109363,6.719747673682195,0.6491418477042105,-0.009451491826858014,0.005983598172013422,0.002172969120566891,7.10012744851331,0.013657609383262189,0.020592627468372548,0.06813428547940413,15,1.0,0.0032310266065212,0.0,0.0,0.0,0.0,0.0,0.0,0.0,1.0,0.0,-1.0,0.0,0.0,1.0,1.0,0.0,1.0,1.0,91.21026922426621,-1.0,1.0,0.0,0.0,0.0,0.0,1.0,1.0,1.0,0.0,0.0,1.0,1.0,0.0,0.0,4,0.0,1.0,2,2,-0.5108308672952077,-0.34712780740389115,0.5029389747599416,0.0,0.0,0.0,0.0,1.0,0.0,0.0,1.0,0.0,1.0,1.0,0.0,0.0,0.0,1.0,0.0,1.0,1.0,44.21170844896368,1.0,1.0,1.0,0.0,1.0,1.0,0.0,0.0,1.0,1.0,1.0,105.47891940840529,2,3.5440875567646173,0.0,0.0,0.0,0.0,1.0,0.0,1.1474952567163255,0.0,1.0,1.0,0.0,0.0,1.0,1.0,1.0,0.0,1.0,0.0,1.0,1.0,0.0,1.0,1.0,0.0,1.0,1.0,0.0,0.0,0.0,0.0,1.0,0.0,1.0,1.0,0.0,0.0,1.0,0.0,0.0,0.0,0.0,1.0,1.0,0.0,0.0,0.0,1.0,0.016862740163448922,1.0,0.0,0.0,0.0,0.0,1.0,0.0,0.0,1.0,1.384636427482261,1.0,0.0,0.9665680724760786,-0.08393396086635845,1.0,0.0,0.0,0.0,0.0,1.0,0.0,0.0,0.0,0.0,-1.0,0.0,1.0,0.0,0.0,0.19261384967451264,0.2578292814939795,0.0,-0.041634545785939676,-0.06608035136795178,-0.17271787572346384,19,19,0.24489795918367344,1.0,2.0,0.0,0.0,0.0,0.0,0.0,0.0,0.0,0.0,0.0,0.0,0.0,0.0,0.0,0.0,0.0,0.0,0
VAR_001790,-0.03086244258905397,0.051213225901709195,-0.030577654861500353,1.8083309980609328,-0.009392446507732192,0.36547561302449383,0.5513029747752035,11.500773819600498,-0.028773373946309924,0.0,-0.06303380409343078,10,0.0,0.0,0.0,0.0,0.0,0.0,0.0,0.0,0.0,0.0,0.0,0.0,1.0,0.0,0.0,1.0,1.0,0.0,1.0,0.016080009486735155,0.0,0.0,0.0,0.0,-1.0,0.0,0.0,0.0,0.0,0.0,0.0,0.0,0.0,0.0,-1.0,7,0.0,0.0,3,3,0.38100625277073025,0.2669444425782038,0.0,0.0,0.0,0.0,0.0,0.0,0.0,0.0,0.0,0.0,0.0,0.0,0.0,0.0,0.0,0.0,0.0,0.0,0.0,-0.029802287781288805,0.0,0.0,0.0,0.0,0.0,0.0,0.0,0.0,0.0,0.0,0.0,-0.005259968545623926,3,0.0036242765184046765,0.0,1.0,1.0,0.0,1.0,1.0,0.030232368122290472,0.0,0.0,0.0,0.0,0.0,1.0,1.0,1.0,0.0,1.0,0.0,1.0,1.0,1.0,1.0,1.0,0.0,0.0,0.0,1.0,0.0,1.0,0.0,0.0,0.0,0.0,0.0,0.0,0.0,1.0,0.0,2.0,1.0,1.0,1.0,0.9400810578009716,1.7332237652903097,1.0,0.0,1.0,0.017447951519039967,1.0,1.0,1.0,0.0,0.0,1.0,0.0,1.0,0.0,-0.042961276297641966,0.0,0.0,-0.0334319275239214,-0.0839496243436218,0.0,0.0,0.0,0.0,0.0,0.0,0.0,0.0,0.0,0.0,-1.0,0.0,0.0,0.0,-1.0,0.19261384967451264,0.2578292814939795,0.0,0.10905096624959859,-0.36034484411328643,0.8728688810280985,7,17,-0.5714285714285715,-0.5,2.0,0.0,0.0,0.0,0.0,0.0,0.0,0.0,0.0,0.0,0.0,0.0,0.0,0.0,-1.0,1.0,1.0,1
VAR_001968,-0.02411524939967716,0.6059998269523168,0.02394757984256133,5.989156535724958,-0.0007079467134880165,0.32608579505764324,-0.02122819797688242,-0.03247673558797803,0.2107208057200771,3.864427047860093e-17,-0.03850919835458402,29,0.0,0.0,0.0,0.0,0.0,0.0,0.0,0.0,0.0,0.0,0.0,0.0,0.0,0.0,0.0,0.0,0.0,0.0,0.0,0.022890571932929395,0.0,1.0,1.0,0.0,0.0,1.0,0.0,0.0,1.0,0.0,1.0,1.0,0.0,1.0,0.0,3,1.0,0.0,0,0,-0.7341929678754243,-0.26217249848765417,6.45514258338441,1.0,0.0,1.0,1.0,0.0,0.0,1.0,1.0,0.0,1.0,0.0,1.0,0.0,1.0,1.0,0.0,1.0,0.0009055712964544,1.35632990215024,0.0,0.0,1.0,1.0,0.0,0.0,0.0,0.0,0.0,1.0,0.0,32.578750324500895,0,0.23311941226534594,0.0,1.0,0.0,0.0,0.0,0.0,8.814649763681277e-05,0.0,0.0,1.0,1.0,1.0,1.0,0.0,0.0,0.0,1.0,0.0,1.0,1.0,1.0,1.0,1.0,1.0,1.0,1.0,1.0,0.0,0.0,1.0,1.0,1.0,0.0,1.0,1.0,0.0,1.0,0.0,2.0,1.0,0.0,0.0,0.0,0.0,1.0,0.0,1.0,36.243263737747014,0.0,1.0,1.0,1.0,1.0,0.0,0.0,0.0,0.3293576134535296,-0.03670242400806153,0.0,0.0,0.0,0.6473433232914738,1.0,1.0,1.0,0.0,0.0,0.0,1.0,0.0,1.0,1.0,-1.0,0.0,1.0,0.0,-1.0,-1.070001408148463,-0.11461993895146713,-0.4574557957274977,0.7030483303164955,0.0,0.7781032507425983,17,13,-0.2857142857142858,1.0,0.0,0.0,0.0,0.0,0.0,0.0,0.0,1.0,0.0,0.0,0.0,0.0,0.0,-1.0,0.0,0.0,0.0,1
VAR_001948,-0.026418783439623447,1.9482972691867457,-0.028405242903447477,-0.0032972868012515625,12.02000926039397,-0.0020785451443154626,-0.038570021462357884,-0.04871026415763731,0.42752567041152023,0.0,0.045697711180222506,9,0.0,0.0,0.0,0.0,0.0,0.0,0.0,1.0,1.0,0.0,1.0,0.0,1.0,-1.0,1.0,0.0,1.0,1.0,0.0,-0.000212100338183394,-1.0,0.0,0.0,0.0,0.0,1.0,1.0,0.0,1.0,0.0,1.0,1.0,0.0,0.0,0.0,3,0.0,0.0,4,4,0.3696978697679898,0.0681108342065707,0.0,1.0,0.0,1.0,1.0,1.0,1.0,1.0,0.0,1.0,1.0,0.0,1.0,1.0,0.0,0.0,1.0,1.0,0.0,-0.029802286902543332,1.0,0.0,0.0,0.0,1.0,1.0,0.0,1.0,1.0,0.0,0.0,21.186598007957073,4,0.08081617965136867,0.0,0.0,0.0,0.0,0.0,0.0,-0.00056940109756634,0.0,0.0,0.0,0.0,0.0,0.0,0.0,0.0,0.0,0.0,0.0,0.0,0.0,0.0,0.0,0.0,0.0,0.0,0.0,0.0,0.0,0.0,0.0,0.0,0.0,0.0,0.0,0.0,0.0,0.0,0.0,0.0,0.0,0.0,0.0,0.0,0.0,0.0,0.0,0.0,-3.089901920960828e-05,0.0,0.0,0.0,0.0,0.0,0.0,0.0,0.0,1.0,-0.039440269714466125,0.0,0.0,0.9665680724760786,0.10281642773176436,1.0,0.0,1.0,1.0,0.0,1.0,1.0,0.0,1.0,1.0,0.0,1.0,1.0,0.0,-1.0,0.19261384967451264,-0.43303209373584844,-0.13029693964795833,0.15518648363305337,0.5656364808754714,-0.1327980947477434,22,17,-0.46938775510204095,-1.0,0.0,0.0,0.0,0.0,0.0,0.0,0.0,0.0,0.0,0.0,0.0,0.0,0.0,0.0,0.0,0.0,1.0,1
VAR_001893,0.01932507002978839,1.4578230971161341,0.20238703733598046,0.2464938198229596,0.6198898491448073,-0.0042392047214242605,0.23280487204184647,-0.04871013082507819,34.089840823905064,0.7371533597957979,-0.009201134787955296,2,0.0,0.0327161457456601,0.0,0.8251784684306782,0.0,1.0,0.0,1.0,0.0,1.0,1.0,0.0,0.0,-1.0,0.0,0.0,0.0,0.0,1.0,-0.00020025385405818407,-1.0,0.0,0.0,0.0,-1.0,1.0,0.0,0.0,0.0,0.0,0.0,1.0,0.0,1.0,0.0,3,0.0,0.0,3,3,-0.05169839560489784,0.013158736752091553,0.0,0.0,0.0,0.3366398111166356,1.0,0.0,1.0,0.0,0.0,1.0,0.0,0.0,1.0,0.0,0.0,0.0,1.0,1.0,1.0,0.006837232410603009,0.0,0.0,1.0,0.0,1.0,0.0,1.0,1.0,0.0,1.0,0.0,-0.005259968545623926,3,0.0039817518175549755,0.0,0.0,0.0,0.0,0.0,0.0,-0.00056940109756634,0.0,0.0,0.0,0.0,0.0,0.0,0.0,0.0,0.0,0.0,0.0,0.0,0.0,0.0,0.0,0.0,0.0,0.0,0.0,0.0,0.0,0.0,0.0,0.0,0.0,0.0,0.0,0.0,0.0,0.0,0.0,0.0,0.0,0.0,0.0,0.0,0.0,0.0,0.0,0.0,-3.089901920960828e-05,0.0,0.0,0.0,0.0,0.0,0.0,0.0,0.0,1.0,-0.040583715176400664,0.0,1.0,0.951415602802565,0.9184607079443385,0.0,0.0,0.0,1.0,1.0,1.0,0.0,0.0,1.0,0.0,0.0,1.0,1.0,1.0,0.0,-0.6447689456648329,-0.523141373297757,0.0,-0.1391924700635084,0.15306177446958696,0.9199090585065453,0,21,-0.24489795918367352,0.5,1.0,0.0,0.0,0.0,0.0,0.0,0.0,1.0,0.0,0.0,0.0,0.0,0.0,,0.0,0.0,0.0,1
VAR_001844,-4.194678870671584e-05,0.06780180305915481,2.5612480623979303,2.1424972789491075,0.4214020569194288,-0.0043829116341981235,-0.027126860196928705,0.3828436108086283,-0.026892691164623145,13.203146675024263,-0.061351978413080044,16,0.0,0.0,0.0,0.0,0.0,0.0,0.0,1.0,1.0,0.0,0.0,0.0,1.0,0.0,0.0,1.0,0.0,1.0,0.0,0.27579747365417967,0.0,0.0,0.0,1.0,0.0,1.0,1.0,1.0,0.0,1.0,1.0,1.0,1.0,1.0,0.0,3,0.0,1.0,3,3,-0.14927096852576852,-0.48269365721435425,-0.1743661492812699,1.0,1.0,1.0,1.0,1.0,1.0,1.0,0.0,0.0,0.0,1.0,0.0,0.0,0.0,1.0,0.0,0.0,0.0,8.212441574821009,0.0,0.0,0.0,1.0,0.0,0.0,0.0,0.0,1.0,1.0,1.0,0.029973445517852568,3,-0.06440616090267497,1.0,1.0,1.0,0.0,1.0,1.0,0.27468265179636003,0.0,0.0,0.0,1.0,1.0,0.0,1.0,1.0,0.0,1.0,0.0,0.0,1.0,1.0,1.0,1.0,1.0,1.0,1.0,0.0,1.0,0.0,1.0,0.0,0.0,1.0,0.0,0.0,0.0,0.0,1.0,0.0,0.0,1.0,0.0,0.0,1.0652964245471164,0.0,0.0,0.0,3.8994952111030357e-05,0.0,1.0,1.0,0.0,0.0,1.0,4.258228473139483,1.0,1.0,0.010930252912115976,0.0,0.0,-0.0334319275239214,-0.08394946005056107,0.0,0.0,1.0,0.0,0.0,0.0,1.0,1.0,0.0,0.0,-1.0,1.0,1.0,1.0,0.0,-0.18771311759998105,-0.4560620242709069,0.0,0.6197679541475897,0.3986290389700854,0.8747100895444401,16,14,0.8571428571428571,-0.5,1.0,0.0,0.0,0.0,0.0,0.0,0.0,0.0,1.0,0.0,0.0,0.0,0.0,0.0,0.0,1.0,0.0,1
VAR_001780,11.89660330708141,-0.01077025394782701,0.2740698874561994,-0.00325351181960576,-0.007841184786335262,34.53910388287591,-0.03874735692338454,-0.048708143974266246,0.03681173957120329,0.0,3.067946901576055,10,0.0,0.0,0.0,0.0,0.0,0.0,0.0,0.0,0.0,0.0,0.0,-1.0,0.0,-1.0,0.0,0.0,0.0,0.0,0.0,-0.0002184642160578666,-1.0,0.0,0.0,0.0,-1.0,1.0,0.0,0.0,1.0,0.0,1.0,0.0,0.0,1.0,0.0,3,0.0,1.0,2,2,0.2137414664351165,-0.07712999907377982,0.0,0.0,0.0,0.0,0.0,0.0,0.0,0.0,0.0,0.0,0.0,0.0,0.0,0.0,0.0,0.0,0.0,0.0,0.0,-0.029802287781288805,0.0,0.0,0.0,0.0,0.0,0.0,0.0,0.0,0.0,0.0,0.0,-0.005259968545623926,2,2.8435132330849338,0.0,0.0,0.0,0.0,0.0,0.0,-0.00056940109756634,0.0,0.0,0.0,0.0,0.0,0.0,0.0,0.0,0.0,0.0,0.0,0.0,0.0,0.0,0.0,0.0,0.0,0.0,0.0,0.0,0.0,0.0,0.0,0.0,0.0,0.0,0.0,0.0,0.0,0.0,0.0,0.0,0.0,0.0,0.0,0.0,0.0,0.0,0.0,0.0,-3.089901920960828e-05,0.0,0.0,0.0,0.0,0.0,0.0,0.0,0.0,0.0,-0.042961276297641966,0.0,0.0,-0.0334319275239214,-0.0839496243436218,0.0,0.0,0.0,0.0,0.0,0.0,0.0,0.0,0.0,0.0,-1.0,0.0,0.0,0.0,-1.0,-0.6904151987677437,0.0720910960199011,-1.0827251046815853,-0.34417124897032103,-0.8287973047604501,-0.08770537601027448,0,4,-0.816326530612245,-0.5,0.0,0.0,0.0,0.0,1.0,0.0,0.0,0.0,0.0,0.0,0.0,0.0,0.0,0.0,0.0,1.0,1.0,1
VAR_001847,0.0,1.9338558110559756,-0.023825688162134238,50.96328981810128,-0.008630487350682208,0.7662346304691293,2.014735189072911,-0.04870998156793591,0.041680640984835066,0.0,1.2394746761948292,19,0.0,0.0,0.0,0.0,0.0,0.0,0.0,0.0,0.0,0.0,1.0,0.0,0.0,-1.0,0.0,0.0,0.0,1.0,1.0,15.406975004937383,0.0,1.0,0.0,1.0,0.0,0.0,0.0,1.0,1.0,0.0,0.0,0.0,0.0,0.0,0.0,1,0.0,1.0,3,3,-0.6278476574329321,-0.6561160255398371,0.7496461569443963,1.0,1.0,1.0,0.0,1.0,0.0,1.0,1.0,1.0,0.0,1.0,0.0,1.0,0.0,1.0,1.0,0.0,1.0,-0.02980228776365724,0.0,0.0,0.0,0.0,1.0,0.0,0.0,0.0,1.0,1.0,1.0,6.300124064958396,3,-0.026341803287100004,1.0,0.0,0.0,1.0,1.0,0.0,0.001457390709864568,1.0,0.4637773935989429,0.0,0.0,1.0,1.0,1.0,1.0,0.0,0.0,1.0,1.0,0.0,1.0,1.0,1.0,0.0,1.0,1.0,0.0,1.0,1.0,0.0,0.0,1.0,1.0,1.0,0.0,1.0,1.0,0.0,0.0,1.0,1.0,1.0,1.0,1.7332237652903097,1.0,0.0,0.0,4.863170684096479,0.0,0.0,0.0,0.0,1.0,1.0,4.258228473139483,1.0,1.0,-0.03279057359125577,1.0,1.0,-0.0334319275239214,-0.07113975442647696,1.0,1.0,1.0,1.0,0.0,0.0,1.0,1.0,0.0,1.0,-1.0,0.0,0.0,1.0,-1.0,-0.409823010968499,0.2578292814939795,-0.5717074226998348,0.6984141635481124,0.3132652228860168,0.8267777382108046,16,16,0.46938775510204084,1.0,0.0,0.0,0.0,0.0,0.0,0.0,0.0,1.0,0.0,0.0,0.0,0.0,0.0,0.0,0.0,0.0,0.0,1
VAR_001816,-0.0204121834547186,-0.010772782133090908,-0.030423724052984814,9.65850574001715,-0.001375348369447999,-0.004386023521320153,5.727767654796545,-0.04871026415763716,0.24083866029484835,0.0,0.14548995053402153,16,0.0,0.0,0.0,0.0,0.0,0.0,0.0,0.0,0.0,0.0,0.0,-1.0,0.0,-1.0,0.0,0.0,0.0,0.0,0.0,-0.0002184642160578666,-1.0,0.0,0.0,0.0,-1.0,0.0,0.0,0.0,0.0,0.0,0.0,0.0,0.0,0.0,-1.0,7,0.0,0.0,1,1,-0.18252782807116666,0.15435856313940158,0.47799409452883473,0.0,0.0,1.0,0.0,1.0,0.0,0.0,1.0,0.0,0.0,1.0,0.0,1.0,1.0,1.0,0.0,0.0,0.0,-0.020845056867287454,0.0,1.0,1.0,1.0,0.0,1.0,0.0,0.0,0.0,0.0,0.0,-0.005259968545623926,1,-0.07142141641428415,0.0,0.0,0.0,0.0,0.0,0.0,-0.00056940109756634,0.0,0.0,0.0,0.0,0.0,0.0,0.0,0.0,0.0,0.0,0.0,0.0,0.0,0.0,0.0,0.0,0.0,0.0,0.0,0.0,0.0,0.0,0.0,0.0,0.0,0.0,0.0,0.0,0.0,0.0,0.0,0.0,0.0,0.0,0.0,0.0,0.0,0.0,0.0,0.0,-3.089901920960828e-05,0.0,0.0,0.0,0.0,0.0,0.0,0.0,0.0,1.0,-0.042538868883844456,0.0,0.0,-0.0334319275239214,-0.08287188645339257,0.0,1.0,0.0,0.0,0.0,0.0,1.0,0.0,1.0,1.0,-1.0,0.0,1.0,0.0,0.0,-1.5976827282883843,0.11563038598797105,0.0,0.40909229016605836,0.8393846707192212,0.7332785515520629,4,7,0.8979591836734696,0.0,0.0,0.0,1.0,0.0,0.0,0.0,0.0,0.0,0.0,0.0,0.0,0.0,0.0,0.0,-1.0,1.0,0.0,1
VAR_001923,-0.03094110420452859,-0.010773901391877635,-0.03058050730181087,-0.003297300617358987,-0.009451491828640015,-0.004386144604169666,-0.04355318588241938,-0.04871026415763731,-0.029164936185471856,0.0,-0.06429630933450887,8,0.0,0.0,0.0,0.0,0.0,0.0,0.0,0.0,0.0,0.0,0.0,-1.0,0.0,-1.0,0.0,0.0,0.0,0.0,0.0,-0.0002184642160578666,-1.0,0.0,0.0,0.0,-1.0,0.0,0.0,0.0,0.0,0.0,0.0,0.0,0.0,0.0,-1.0,7,0.0,0.0,3,3,0.8321672604779706,0.927128648977109,0.0,0.0,0.0,0.0,0.0,0.0,0.0,0.0,0.0,0.0,0.0,0.0,0.0,0.0,0.0,0.0,0.0,0.0,0.0,-0.029802287781288805,0.0,0.0,0.0,0.0,0.0,0.0,0.0,0.0,0.0,0.0,0.0,-0.005259968545623926,3,-0.07266027357335841,0.0,0.0,0.0,0.0,0.0,0.0,-0.00056940109756634,0.0,0.0,0.0,0.0,0.0,0.0,0.0,0.0,0.0,0.0,0.0,0.0,0.0,0.0,0.0,0.0,0.0,0.0,0.0,0.0,0.0,0.0,0.0,0.0,0.0,0.0,0.0,0.0,0.0,0.0,0.0,0.0,0.0,0.0,0.0,0.0,0.0,0.0,0.0,0.0,-3.089901920960828e-05,0.0,0.0,0.0,0.0,0.0,0.0,0.0,0.0,0.0,-0.042961276297641966,0.0,0.0,-0.0334319275239214,-0.0839496243436218,0.0,0.0,0.0,0.0,0.0,0.0,0.0,0.0,0.0,0.0,-1.0,0.0,0.0,0.0,-1.0,-1.3649259990354852,-7.223967822632404,-0.5553770684978857,1.0076528395227284,0.5864981404037988,0.8528093482439447,7,17,-0.5714285714285715,-0.5,2.0,0.0,0.0,0.0,0.0,0.0,0.0,0.0,0.0,0.0,0.0,0.0,0.0,,-1.0,0.0,0.0,1
VAR_001842,-0.03094110420452859,-0.010773901391877635,-0.03058050730181087,-0.003297300617358987,-0.009451491828640015,-0.004386144604169666,-0.04355318588241938,-0.04871026415763731,-0.029164936185471856,0.0,-0.06429630933450887,8,0.0,0.0,0.0,0.0,0.0,0.0,0.0,0.0,0.0,0.0,0.0,-1.0,0.0,-1.0,0.0,0.0,0.0,0.0,0.0,-0.0002184642160578666,-1.0,0.0,0.0,0.0,-1.0,0.0,0.0,0.0,0.0,0.0,0.0,0.0,0.0,0.0,-1.0,7,0.0,0.0,4,4,-0.35379643687650536,-1.3847807148743834,0.0,0.0,0.0,0.0,0.0,0.0,0.0,0.0,0.0,0.0,0.0,0.0,0.0,0.0,0.0,0.0,0.0,0.0,0.0,-0.029802287781288805,0.0,0.0,0.0,0.0,0.0,0.0,0.0,0.0,0.0,0.0,0.0,-0.005259968545623926,4,-0.07266027357335841,0.0,0.0,0.0,0.0,0.0,0.0,-0.00056940109756634,0.0,0.0,0.0,0.0,0.0,0.0,0.0,0.0,0.0,0.0,0.0,0.0,0.0,0.0,0.0,0.0,0.0,0.0,0.0,0.0,0.0,0.0,0.0,0.0,0.0,0.0,0.0,0.0,0.0,0.0,0.0,0.0,0.0,0.0,0.0,0.0,0.0,0.0,0.0,0.0,-3.089901920960828e-05,0.0,0.0,0.0,0.0,0.0,0.0,0.0,0.0,0.0,-0.042961276297641966,0.0,0.0,-0.0334319275239214,-0.0839496243436218,0.0,0.0,0.0,0.0,0.0,0.0,0.0,0.0,0.0,0.0,-1.0,0.0,0.0,0.0,-1.0,0.19261384967451264,-0.43695599408941777,0.0,0.12193554821823356,-10.831853765784341,0.006331700369785904,11,14,-0.8367346938775512,-1.0,1.0,0.0,0.0,0.0,0.0,0.0,0.0,0.0,0.0,0.0,0.0,1.0,0.0,,-1.0,0.0,0.0,1
VAR_001822,0.10209233409481551,-0.01024689878735781,2.1792542858386814,0.5871068581567999,-0.0036769619419808326,8.976123059284166,0.007365378606277217,1.0490780222421137,13.717781582412442,6.384856409689781,5.664751136466182,11,0.0,0.0,0.0,0.0,0.0,0.0,0.0,0.0,1.0,1.0,0.0,0.0,1.0,0.0,1.0,0.0,0.0,1.0,1.0,0.18278666013012793,0.0,1.0,0.0,0.0,0.0,0.0,0.0,1.0,0.0,1.0,1.0,1.0,1.0,1.0,0.0,1,0.0,1.0,4,4,0.012639250187125192,-0.3287010644132372,-2.3534620588111728,1.0,1.0,0.0,0.0,1.0,1.0,0.0,1.0,0.0,0.0,0.9135130318280562,0.0,1.0,0.0,1.0,0.0,1.0,0.0,0.041662517222998074,1.0,0.0,1.0,1.0,1.0,0.0,0.0,0.0,0.0,1.0,0.0,0.17881239157124285,4,8.427473474290728,0.0,0.0,0.0,1.0,1.0,0.0,-0.0005694010975662488,0.0,1.0,0.0,0.0,1.0,1.0,0.0,1.0,0.0,1.0,0.0,1.0,1.0,1.0,0.0,1.0,1.0,1.0,1.0,0.0,0.0,0.0,0.0,1.0,1.0,1.0,0.0,0.0,0.0,0.0,0.0,2.0,1.0,1.0,1.0,0.0,0.0,1.0,1.0,1.0,3.828350885615992,0.0,1.0,1.0,0.0,0.0,1.0,4.258228473139483,1.0,0.0,0.049375256722941796,0.0,1.0,-0.0334319275239214,-0.07175912026966517,1.0,0.0,1.0,0.0,0.0,1.0,1.0,1.0,1.0,0.0,0.0,1.0,0.0,0.0,0.0,-0.2822839149504426,-14.077869166144009,-0.6225779735036558,0.16589204002275812,0.4020371543763277,-0.25726511508969396,11,23,-0.6938775510204083,-0.5,-0.5,0.0,0.0,0.0,0.0,0.0,0.0,0.0,0.0,0.0,0.0,0.0,1.0,0.0,0.0,0.0,0.0,1
VAR_001892,-0.001752556846481291,0.004783926756444308,2.2936022487989103,-0.0032973006173549362,11.416534667897036,7.889773123174157,3.382624887501197,0.08548709645139226,-0.02916493618433429,0.043917774345452694,5.407701936404338,23,0.0,0.0,0.0,0.0,0.0,0.0,0.0,1.0,0.0,0.4110686024542302,0.0,0.0,0.0,0.0,1.0,0.0,0.0,1.0,0.0,-0.00021846421605786127,0.0,0.0,0.0,0.0,-1.0,0.0,1.0,1.0,0.0,0.0,0.0,0.0,0.0,1.0,0.0,1,0.0,1.0,1,1,0.0,-0.33776869663066966,0.29221838456454113,0.0,1.0,0.0,0.0,0.0,1.0,0.0,1.0,1.0,1.0,0.0,1.0,0.0,0.0,0.0,0.0,1.0,1.0,-0.02850297584202241,1.0,1.0,0.0,1.0,0.0,1.0,1.0,1.0,0.0,0.0,0.0,40.75628940778541,1,5.6066143999439,0.0,0.0,0.0,0.0,0.0,0.0,-0.00056940109756634,0.0,0.0,0.0,0.0,0.0,0.0,0.0,0.0,0.0,0.0,0.0,0.0,0.0,0.0,0.0,0.0,0.0,0.0,0.0,0.0,0.0,0.0,0.0,0.0,0.0,0.0,0.0,0.0,0.0,0.0,0.0,0.0,0.0,0.0,0.0,0.0,0.0,0.0,0.0,0.0,-3.089901920960828e-05,0.0,0.0,0.0,0.0,0.0,0.0,0.0,0.0,0.0,0.593655212469083,1.0,0.0,0.9665680724760786,0.9216367334337292,1.0,0.0,0.0,0.0,0.0,1.0,0.0,0.0,1.0,1.0,-1.0,1.0,0.0,1.0,-1.0,-0.9481412754367132,0.2578292814939795,-1.499506709090169,0.5459135402854567,1.5302098524705727,0.7663845080307873,8,17,0.0,0.5,0.0,0.0,1.0,0.0,0.0,0.0,0.0,0.0,0.0,0.0,0.0,0.0,0.0,-1.0,0.0,0.0,0.0,1
VAR_001930,4.23836399659294,1.7691315299739376,0.4508427737478115,0.010222769817744788,-0.009451491307853032,3.675336149765708,-0.042185386944767346,-0.048532927118443904,-0.019772870431471638,0.0,3.3050197006913056,16,0.0,0.0,0.0,0.0,0.0,0.0,0.0,0.0,0.0,0.0,0.0,-1.0,0.0,-1.0,0.0,0.0,0.0,0.0,0.0,-0.0002184642160578666,-1.0,0.0,0.0,0.0,0.0,0.0,1.0,0.0,0.0,0.0,1.0,1.0,0.0,0.0,0.0,3,0.0,1.0,2,2,1.0384119496090227,0.9218302246646775,0.9125615508850359,0.0,0.0,0.0,0.0,0.0,0.0,0.0,0.0,0.0,0.0,0.0,0.0,0.0,0.0,0.0,0.0,0.0,0.0,-0.029802287781288805,0.0,0.0,0.0,0.0,0.0,0.0,0.0,0.0,0.0,0.0,0.0,-0.005259968545623926,2,-0.07109855453554634,1.0,1.0,1.0,0.0,1.0,1.0,-0.0005682230378005932,1.0,1.0,1.0,1.0,1.0,1.0,0.0,0.0,0.0,0.0,1.0,0.0,1.0,0.0,1.0,1.0,0.0,0.0,0.0,0.0,0.0,1.0,0.0,1.0,0.0,0.0,0.0,1.0,0.0,1.0,1.0,0.0,0.0,0.0,1.0,0.0,1.7332237652903097,0.0,1.0,0.0,31.812931128756702,0.0,0.0,1.0,0.0,0.0,0.0,4.258228473139483,1.0,1.0,0.31095035213849903,0.0,0.0,0.1822642534505683,0.21411029919340835,0.0,1.0,1.0,1.0,1.0,0.0,1.0,1.0,1.0,1.0,0.0,0.0,0.0,1.0,0.0,0.19261384967451264,0.2578292814939795,0.0,-1.1429277017955963,-0.9873043279524858,0.014784711735505034,0,7,-0.1836734693877552,0.5,1.0,0.0,0.0,0.0,0.0,1.0,0.0,0.0,0.0,0.0,0.0,0.0,0.0,0.0,0.0,1.0,0.0,0
VAR_001784,0.06338146136061018,1.72480224796636,-0.03057488989056268,-0.003297300617358987,3.1837311827507255,30.173273478955338,0.0,0.8682126019700944,-0.02916415461504833,2.4391064235868614,-0.056153056804345534,18,0.0,0.0,0.0,0.0,0.0,0.0,0.0,1.0,1.0,1.0,0.0,0.0,1.0,0.0,0.0,1.0,1.0,0.0,1.0,5.531037271589223,0.0,1.0,1.0,0.0,0.0,1.0,1.0,1.0,1.0,1.0,0.0,1.0,1.0,1.0,0.0,3,1.0,1.0,0,0,0.34759949691396075,0.48284613253963254,1.6935346431216487,0.0,0.0,0.6375304039389164,1.0,0.0,0.0,1.0,1.0,1.0,0.0,1.0,1.0,0.0,1.0,0.0,1.0,0.8153665055831409,0.0,-0.024351877498838177,1.0,1.0,0.0,0.0,1.0,0.0,1.0,1.0,0.0,1.0,1.0,0.6749334734486021,0,-0.0028482986849907325,1.0,1.0,0.0,0.0,1.0,1.0,-0.000567061746807171,1.0,0.0,0.0,1.0,1.0,0.0,0.0,0.0,0.0,0.0,0.0,0.0,0.0,0.0,0.0,0.0,1.0,1.0,0.0,0.0,1.0,0.0,0.0,1.0,0.0,1.0,0.0,0.0,1.0,1.0,1.0,2.0,1.0,1.0,1.0,0.0,1.6162583781528714,0.0,1.0,1.0,-3.065233967613615e-05,1.0,1.0,0.0,1.0,0.0,1.0,0.0,0.0,1.0,0.37714817106162224,1.0,1.0,0.9665680724760786,0.7897088869999463,0.0,1.0,1.0,1.0,0.0,0.0,0.0,1.0,1.0,1.0,0.0,1.0,1.0,1.0,0.0,-0.15130569448230252,0.04633047670998028,0.0,-0.6149611880887517,-0.9668434944798563,-0.10033408580218725,14,11,1.3673469387755104,-1.0,1.0,0.0,0.0,0.0,0.0,0.0,1.0,0.0,0.0,0.0,0.0,0.0,0.0,0.0,0.0,0.0,0.0,1
VAR_001951,-0.029482766844528836,-0.010670932820034994,-0.005711142039251253,3.188430134737181,1.5178774577418,0.517175597109372,0.9168340611242479,-0.04871026415763731,0.5267967315049932,0.0005486280707462309,-0.05926035761242379,28,0.0,0.0,0.0,0.0,0.0,0.0,0.0,0.0,0.0,0.0,1.0,-1.0,0.0,0.0,1.0,1.0,1.0,0.0,0.0,-0.00021839463692747868,0.0,0.0,1.0,0.0,-1.0,1.0,1.0,1.0,1.0,1.0,0.0,0.0,1.0,0.0,0.0,3,0.0,1.0,4,4,0.46078780139399916,0.14289782343669616,0.0,1.0,1.0,0.0,0.0,0.0,1.0,0.0,1.0,1.0,0.0,1.0,1.0,0.0,1.0,1.0,1.0,1.0,0.0,-0.01124188219215291,1.0,1.0,1.0,1.0,1.0,0.5574950908018833,0.0,0.0,1.0,0.0,0.0,1.1288453487951797,4,4.41618962473578,1.0,1.0,0.0,1.0,0.0,0.0,0.9097476873065111,1.0,1.0,0.0,0.0,0.0,1.0,0.0,0.0,0.0,1.0,0.0,0.0,0.0,1.0,1.0,0.0,0.0,1.0,1.0,0.0,1.0,0.0,1.0,0.0,1.0,0.0,1.0,1.0,0.0,0.0,1.0,2.0,0.0,0.0,1.0,0.0,0.0,0.0,1.0,1.0,-3.086964442865611e-05,0.0,0.0,0.0,0.0,0.0,0.0,0.0,0.0,0.0,16.06662936944464,1.0,1.0,-0.0334319275239214,0.9216366626954688,0.0,1.0,0.0,1.0,0.0,1.0,1.0,1.0,0.0,1.0,-1.0,1.0,0.0,0.0,0.0,0.1063384030759964,0.2578292814939795,0.0,0.28546042888047,-0.24126889290175074,-0.18356527886717466,12,10,-0.9183673469387756,0.0,-0.5,0.0,0.0,0.0,0.0,0.0,0.0,0.0,0.0,0.0,1.0,0.0,0.0,-1.0,0.0,1.0,0.0,1
VAR_001884,0.20252659232392103,0.5238048080902413,5.704078547496705,0.10885798491181672,1.092203115736644,-0.004385284821395592,-0.043549636952489416,-0.034046589872050545,24.571517235719284,23.345556834162625,0.08991413285669794,23,0.0,0.0,0.0,0.0,0.0,0.0,0.0,1.0,1.0,1.0,0.0,0.0,0.0,0.0,1.0,1.0,1.0,0.0,0.0,10.667746563497884,0.0,0.0,1.0,0.0,0.0,1.0,0.0,1.0,0.0,0.0,0.0,1.0,0.0,1.0,0.0,1,0.0,0.0,2,2,-1.4116597709850813,-1.0583585347100168,-0.8253189139150237,1.0,0.0,1.0,0.0,0.0,1.0,1.0,0.0,1.0,0.0,0.0,0.0,0.0,1.0,0.0,0.0,0.0,0.0,1.6576067938838523,0.0,0.0,0.0,1.0,0.0,1.0,0.0,1.0,1.0,1.0,0.0,0.0159174903693161,2,4.298457823959609,0.0,1.0,1.0,1.0,0.0,0.8395386256354602,-0.0004305627476416323,1.0,1.0,1.0,1.0,0.0,1.0,0.0,1.0,0.0,0.0,1.0,1.0,0.0,0.0,0.0,0.0,1.0,1.0,1.0,0.0,1.0,1.0,1.0,0.0,1.0,1.0,0.0,0.0,1.0,0.0,1.0,0.0,0.0,0.0,1.0,1.0,0.0,0.0,1.0,0.0,6.836788624545595e-05,1.0,0.0,0.0,1.0,0.0,1.0,0.0,1.0,1.0,0.1726560293384439,1.0,0.0,0.9665680724760786,-0.08394890619805817,0.0,0.0,0.0,1.0,0.0,0.0,1.0,1.0,0.0,0.0,0.0,0.0,0.0,1.0,0.0,0.19261384967451264,0.06856505352573097,-1.1619391679126132,-0.5612973547918921,-0.12115964628944804,-0.17283486533766873,0,5,-0.816326530612245,0.0,0.0,0.0,0.0,0.0,1.0,0.0,0.0,0.0,0.0,0.0,0.0,0.0,0.0,-1.0,0.0,0.0,0.0,1
VAR_001839,-0.028025850173561326,0.11721773293306188,2.6779660843009454,-0.0032932377076108146,-0.00945149182864001,-0.004385635321954213,-0.041579574289867735,-0.04871026415763093,-0.029161974173778027,0.0,2.6818650873384615,16,0.0,0.0,0.0,0.0,0.0,0.0,0.0,0.0,0.0,0.0,0.0,-1.0,0.0,-1.0,0.0,0.0,0.0,0.0,0.0,-0.0002184642160578666,-1.0,0.0,0.0,1.0,0.0,0.0,1.0,0.0,1.0,1.0,0.0,0.0,1.0,0.0,0.0,3,0.0,1.0,4,4,-0.4026432861472289,0.264331693208962,1.170522866769934,0.0,1.0,1.0,1.0,0.0,1.0,1.0,0.0,0.0,0.0,0.0,1.0,0.0,1.0,1.0,0.0,1.0,0.0,6.839224616633294,1.0,1.0,0.0,1.0,1.0,1.0,0.0,0.6024678165951645,0.0,1.0,0.0,-0.005259968545623926,4,-0.07088364405351051,0.0,0.0,0.0,1.0,0.0,1.0,0.6637488446297862,0.0,1.0,0.0,1.0,0.0,0.0,0.0,1.0,0.0,1.0,1.0,0.0,0.0,0.0,0.0,0.0,0.0,0.0,1.0,1.0,0.0,0.0,0.0,0.0,1.0,1.0,1.0,1.0,1.0,0.0,0.0,0.0,1.0,0.0,0.0,0.0,0.23952271745443796,0.0,1.0,1.0,0.0009473749466485003,0.0,1.0,0.0,0.0,1.0,0.0,4.258228473139483,0.0,0.0,16.658530074597678,1.0,0.0,-0.0334319275239214,0.8941935718318003,1.0,1.0,0.0,1.0,1.0,0.0,1.0,1.0,0.0,0.0,0.0,1.0,0.0,0.0,0.0,0.19261384967451264,-5.807847204379657,-1.714131727095041,0.03909906595297771,-0.022985717918261907,0.08667190362926173,9,10,-1.448979591836735,0.0,-0.5,0.0,0.0,0.0,0.0,0.0,0.0,0.0,0.0,0.0,1.0,0.0,0.0,0.0,0.0,1.0,0.0,1
VAR_001838,0.007145719078931302,1.7657658451228053,2.566755753003536,0.021318823809273205,-0.004018335272323074,0.0,0.232878749672017,-0.04692112774771134,-0.029164936185388447,6.774114860878401,0.2615410800694368,28,0.0,0.0,0.0,0.0,0.0,0.0,0.0,0.0,1.0,0.0,0.0,0.0,0.0,0.0,1.0,1.0,0.0,0.0,1.0,3.1369754875778106,0.0,1.0,0.0,0.0,0.0,0.0,1.0,1.0,1.0,1.0,1.0,1.0,0.0,0.0,0.0,3,1.0,0.0,3,3,-0.24912464572488877,-1.4438759853737155,1.9899393555092901,1.0,0.0,0.0,0.0,1.0,0.0,1.0,0.0,0.0,0.0,0.0,1.0,1.0,0.0,0.0,1.0,1.0,1.0,0.10060183027481434,0.0,0.0,1.0,1.0,0.0,1.0,1.0,1.0,0.0,0.0,0.0,-0.005259968545623926,3,-0.06152500689487665,0.0,0.0,0.0,0.0,0.0,0.0,-0.00056940109756634,0.0,0.0,0.0,0.0,0.0,0.0,0.0,0.0,0.0,0.0,0.0,0.0,0.0,0.0,0.0,0.0,0.0,0.0,0.0,0.0,0.0,0.0,0.0,0.0,0.0,0.0,0.0,0.0,0.0,0.0,0.0,0.0,0.0,0.0,0.0,0.0,0.0,0.0,0.0,0.0,-3.089901920960828e-05,0.0,0.0,0.0,0.0,0.0,0.0,0.0,0.0,1.0,0.4345040825819746,0.0,1.0,0.9665680724760786,0.9214886536030404,0.0,0.0,0.0,0.0,1.0,1.0,0.0,1.0,0.0,0.0,0.0,1.0,0.0,0.0,0.0,0.19261384967451264,-13.561189095819548,-1.974066815784635,0.10061869306056469,0.48521505190544617,0.47189177946149735,16,11,1.9591836734693882,-0.5,1.0,0.0,0.0,0.0,0.0,0.0,0.0,0.0,0.0,1.0,0.0,0.0,0.0,-1.0,0.0,1.0,0.0,1
VAR_001862,-0.030453664979104546,1.457100844134017,-0.02959702272935018,1.263601195960473,-0.005406382833393277,3.6813981989710345,0.4281943562187997,0.1489308869793202,0.3702028062122306,0.0,-0.06414943645782853,16,0.0,0.0,0.0,0.0,0.0,0.0,0.0,0.0,0.0,0.0,0.0,-1.0,0.0,-1.0,0.0,0.0,0.0,0.0,0.0,-0.0002184642160578666,-1.0,0.0,0.0,0.0,-1.0,0.0,0.0,0.0,0.0,0.0,0.0,0.0,0.0,0.0,-1.0,7,0.0,0.0,3,3,0.0389356046876461,0.11058605037652344,0.0,1.0,1.0,0.0,1.0,0.0,1.0,1.0,1.0,1.0,1.0,1.0,0.0,1.0,1.0,0.0,1.0,0.0,1.0,-0.029802287781255266,1.0,1.0,1.0,1.0,1.0,1.0,0.0,0.0,1.0,1.0,0.0,-0.005259968545623926,3,-0.07221350814184796,0.0,0.0,0.0,0.0,0.0,0.0,-0.00056940109756634,0.0,0.0,0.0,0.0,0.0,0.0,0.0,0.0,0.0,0.0,0.0,0.0,0.0,0.0,0.0,0.0,0.0,0.0,0.0,0.0,0.0,0.0,0.0,0.0,0.0,0.0,0.0,0.0,0.0,0.0,0.0,0.0,0.0,0.0,0.0,0.0,0.0,0.0,0.0,0.0,-3.089901920960828e-05,0.0,0.0,0.0,0.0,0.0,0.0,0.0,0.0,0.0,-0.04191182006188418,0.0,1.0,-0.0334319275239214,0.7448093331955906,0.0,0.0,0.0,0.0,0.0,0.0,1.0,0.0,1.0,1.0,-1.0,0.0,0.0,1.0,-1.0,0.19261384967451264,0.060937635277348905,0.0,0.7964155789769619,0.7255155649903284,0.8168221175843521,5,10,0.1836734693877551,1.0,0.0,0.0,0.0,0.0,0.0,0.0,0.0,1.0,0.0,0.0,0.0,0.0,0.0,0.0,-1.0,1.0,0.0,1
VAR_001803,-0.03094110420452859,-0.010773901391877635,-0.03058050730181087,-0.003297300617358987,-0.009451491828640015,-0.004386144604169666,-0.04355318588241938,-0.04871026415763731,-0.029164936185471856,0.0,-0.06429630933450887,8,0.0,0.0,0.0,0.0,0.0,0.0,0.0,0.0,0.0,0.0,0.0,-1.0,0.0,-1.0,0.0,0.0,0.0,0.0,0.0,-0.0002184642160578666,-1.0,0.0,0.0,0.0,0.0,0.0,1.0,0.0,1.0,0.0,1.0,1.0,0.0,0.0,0.0,3,1.0,1.0,1,1,0.3867358319380861,0.3319277160705459,2.3908028009859286,0.0,0.0,1.0,0.0,1.0,1.0,0.0,0.0,0.4357954702550433,1.0,0.0,1.0,0.0,0.0,0.0,1.0,0.0,1.0,-0.029802287775338696,1.0,1.0,0.0,0.0,1.0,0.0,1.0,0.0,1.0,1.0,0.0,-0.005259968545623926,1,0.4566747968168272,0.0,0.0,0.0,0.0,0.0,0.0,-0.00056940109756634,0.0,0.0,0.0,0.0,0.0,0.0,0.0,0.0,0.0,0.0,0.0,0.0,0.0,0.0,0.0,0.0,0.0,0.0,0.0,0.0,0.0,0.0,0.0,0.0,0.0,0.0,0.0,0.0,0.0,0.0,0.0,0.0,0.0,0.0,0.0,0.0,0.0,0.0,0.0,0.0,-3.089901920960828e-05,0.0,0.0,0.0,0.0,0.0,0.0,0.0,0.0,0.0,-0.042961276297641966,0.0,0.0,-0.0334319275239214,-0.0839496243436218,0.0,0.0,0.0,0.0,0.0,0.0,0.0,0.0,0.0,0.0,-1.0,0.0,0.0,0.0,-1.0,0.19261384967451264,-4.829334763147558,0.0,0.4930784784505997,1.5302098524705727,0.7210738428617736,8,17,0.0,0.5,0.0,0.0,1.0,0.0,0.0,0.0,0.0,0.0,0.0,0.0,0.0,0.0,0.0,,0.0,0.0,0.0,1
VAR_001868,0.4531379748873256,-0.01033463551275928,6.88898675386319,0.3759100879499913,15.52893571168079,0.02742156009519393,0.7424597103850119,1.8232559970838407,72.96557275788015,0.0,0.19782339656637749,16,0.0,0.0,0.0,0.0,0.0,0.0,0.0,0.0,0.0,1.0,0.0,-1.0,1.0,0.0,0.0,0.0,1.0,1.0,0.0,-0.00021845385903130124,-1.0,0.0,1.0,1.0,0.0,1.0,0.0,1.0,1.0,1.0,1.0,1.0,1.0,0.0,0.0,0,1.0,0.0,1,1,-0.20649068782050997,-0.1034133196228488,0.4009297102989412,0.0,1.0,0.0,0.0,0.0,1.0,0.0,0.0,1.0,0.0,0.4504421397445207,0.0,1.0,0.0,0.0,1.0,1.0,0.0,18.52188557135158,0.0,1.0,1.0,1.0,1.0,1.0,0.0,0.0,1.0,1.0,1.0,0.0,1,-0.0064365355655582246,1.0,1.0,0.0,1.0,1.0,0.0,-0.0005693022286855766,0.0,0.0,0.0,0.0,1.0,1.0,0.0,1.0,0.0,0.0,1.0,1.0,1.0,0.0,0.0,1.0,0.0,1.0,0.0,1.0,0.0,0.0,1.0,1.0,1.0,1.0,1.0,1.0,0.0,1.0,0.0,0.0,1.0,1.0,1.0,0.0,1.7332237652903097,1.0,1.0,1.0,-2.313797331223121e-05,0.0,1.0,0.0,0.0,1.0,1.0,0.0,1.0,0.0,-0.03787461722461066,0.0,1.0,-0.0334319275239214,-0.0832589589641938,1.0,1.0,0.0,0.0,1.0,1.0,0.0,0.0,1.0,1.0,0.0,0.0,0.0,1.0,-1.0,-0.2944486651712718,0.18496516732661106,0.0,0.6490096951889062,1.5302098524705727,0.8117938030935875,4,7,0.8979591836734696,0.0,0.0,0.0,1.0,0.0,0.0,0.0,0.0,0.0,0.0,0.0,0.0,0.0,0.0,0.0,0.0,1.0,1.0,1
VAR_001876,0.7874381959009805,-0.010771932315112092,-0.02779696102440001,0.0696007807788421,0.02806375809488884,-0.0029588078182823437,5.1399165457449465,17.08772848783476,-0.02858120216409833,0.0,5.5997155911888665,11,0.0,0.0,0.0,0.0,0.0,0.0,0.0,0.8060397602840114,0.0,1.0,0.0,0.0,1.0,0.0,1.0,0.0,1.0,1.0,1.0,58.189317245376614,0.0,0.0,1.0,0.0,-1.0,0.0,0.0,0.0,0.0,0.0,0.0,0.0,0.0,0.0,-1.0,7,0.0,0.0,3,3,-0.6160592202498266,-0.19396735536940554,0.0,0.0,1.0,1.0,0.0,1.0,1.0,0.0,0.0,0.0,0.0,0.0,1.0,1.0,1.0,1.0,1.0,1.0,0.0,4.2991908841414075,0.0,0.0,0.0,1.0,1.0,0.0,1.0,0.0,1.0,0.0,1.0,5.412826317732095e-06,3,-0.06158491565887214,0.0,0.0,0.0,0.0,1.0,1.0,1.147496699598241,0.0,1.0,0.0,1.0,1.0,0.0745764562006654,0.0,1.0,1.0,1.0,0.0,1.0,1.0,1.0,1.0,1.0,1.0,0.0,0.0,0.0,1.0,0.0,1.0,0.0,1.0,0.0,0.0,0.0,0.0,1.0,1.0,0.0,1.0,0.0,1.0,1.0,0.8110492517865768,0.0,0.0,1.0,7.6593388115762915,1.0,0.0,1.0,0.0,1.0,1.0,0.0,1.0,1.0,-0.03839523331044494,1.0,1.0,0.9665680724760786,0.8901146510795213,1.0,0.0,0.0,1.0,0.0,0.0,1.0,0.0,0.0,0.0,0.0,1.0,1.0,0.0,-1.0,0.19261384967451264,0.2578292814939795,0.0,0.3649794160751855,0.12820397039499748,0.8148785796226752,7,19,0.18367346938775508,0.5,0.0,0.0,0.0,0.0,0.0,0.0,0.0,1.0,0.0,0.0,0.0,0.0,0.0,0.0,-1.0,0.0,0.0,1
VAR_001901,-0.03094110420452859,-0.010773901391877635,-0.03058050730181087,-0.003297300617358987,-0.009451491828640015,-0.004386144604169666,-0.04355318588241938,-0.04871026415763731,-0.029164936185471856,0.0,-0.06429630933450887,8,0.0,0.0,0.0,0.0,0.0,0.0,0.0,0.0,0.0,0.0,0.0,-1.0,0.0,-1.0,0.0,0.0,0.0,0.0,0.0,-0.0002184642160578666,-1.0,0.0,0.0,0.0,-1.0,0.0,0.0,0.0,0.0,0.0,0.0,0.0,0.0,0.0,-1.0,7,0.0,0.0,4,4,0.2866243172327221,-1.890094440354787,-0.6186251780076366,0.0,1.0,0.0,0.0,0.0,0.0,1.0,0.0,1.0,1.0,0.0,1.0,1.0,0.0,1.0,0.0,0.0,0.0,-0.0298022877810324,1.0,0.0,1.0,0.0,1.0,0.0,1.0,1.0,0.0,0.0,0.0,-0.005259968545623926,4,0.511253990382795,0.0,0.0,0.0,0.0,0.0,0.0,-0.00056940109756634,0.0,0.0,0.0,0.0,0.0,0.0,0.0,0.0,0.0,0.0,0.0,0.0,0.0,0.0,0.0,0.0,0.0,0.0,0.0,0.0,0.0,0.0,0.0,0.0,0.0,0.0,0.0,0.0,0.0,0.0,0.0,0.0,0.0,0.0,0.0,0.0,0.0,0.0,0.0,0.0,-3.089901920960828e-05,0.0,0.0,0.0,0.0,0.0,0.0,0.0,0.0,1.0,9.560612294843368,0.0,1.0,-0.0238004627691889,-0.07562740594575486,0.0,0.0,1.0,0.0,1.0,1.0,1.0,1.0,0.0,0.0,0.0,1.0,1.0,1.0,-1.0,-1.5113106980417605,-0.4376346317475036,-35.22933763407365,-0.7785558605877307,0.7742223250118487,-1.734256345811457,21,1,-0.22448979591836749,0.5,1.0,0.0,0.0,0.0,0.0,0.0,0.0,0.0,0.0,0.0,0.0,1.0,0.0,,-1.0,0.0,0.0,0
VAR_001980,-0.02995983896828528,-0.01033465599090993,-0.030124415899804406,0.000572565021942694,0.0068233973255678254,-0.004383244866187676,-0.04300563149191501,-0.04869241626329602,-0.01224323327697397,0.0,1.091559018229179,16,0.0,0.0,0.0,0.0,0.0,0.0,0.0,0.0,0.0,1.0,0.0,0.0,0.0,0.0,0.0,1.0,0.0,1.0,0.0,0.18800426718266816,0.0,1.0,1.0,0.0,-1.0,0.0,0.0,0.0,0.0,0.0,0.0,0.0,0.0,0.0,-1.0,7,0.0,0.0,3,3,0.2063456692131084,0.2067843879605291,0.0,1.0,1.0,0.3813667261770906,0.0,1.0,0.0,1.0,0.0,1.0,1.0,1.0,0.0,0.0,1.0,0.0,0.0,0.0,0.0,0.1614950496313363,0.0,1.0,1.0,0.0,0.0,0.0,0.0,0.0,1.0,1.0,0.0,-0.005259968545623926,3,0.01886939874726448,0.0,0.0,0.0,0.0,0.0,0.0,-0.00056940109756634,0.0,0.0,0.0,0.0,0.0,0.0,0.0,0.0,0.0,0.0,0.0,0.0,0.0,0.0,0.0,0.0,0.0,0.0,0.0,0.0,0.0,0.0,0.0,0.0,0.0,0.0,0.0,0.0,0.0,0.0,0.0,0.0,0.0,0.0,0.0,0.0,0.0,0.0,0.0,0.0,-3.089901920960828e-05,0.0,0.0,0.0,0.0,0.0,0.0,0.0,0.0,0.0,-0.0007219698332845975,1.0,0.0,0.9665680724760786,0.8989017180986134,1.0,0.0,1.0,0.0,1.0,0.0,1.0,0.0,1.0,1.0,-1.0,0.0,0.0,0.0,0.0,0.19261384967451264,0.2578292814939795,-0.5341290815156617,0.645988559969479,0.6303488779293145,0.401000576971708,7,4,-0.3673469387755103,0.0,0.0,0.0,0.0,0.0,0.0,0.0,0.0,1.0,0.0,0.0,0.0,0.0,0.0,0.0,-1.0,1.0,0.0,1
VAR_001857,0.6429733675555951,-0.010772571629732471,-0.02942563681425675,0.17697156122469745,0.003034185895783141,0.9772631436170469,4.064922364798798,1.8884156504008862,-0.029164773983785322,0.0005026929385134513,3.9900659829665956,24,0.0,0.0,0.0,0.0,0.0,0.0,0.0,0.0,0.0,1.0,1.0,0.0,0.0,0.0,0.0,0.0,1.0,0.0,0.0,15.710077497881642,0.0,0.0,1.0,0.0,-1.0,0.0,0.0,0.0,0.0,0.0,0.0,0.0,0.0,0.0,-1.0,7,0.0,0.0,0,0,-1.5073205568134478,-0.4044797679819101,-2.8749654536972287,1.0,1.0,1.0,1.0,0.0,0.0,1.0,0.0,1.0,0.0,1.0,0.0,0.0,1.0,1.0,1.0,1.0,0.0,1.4463583282488632,0.0,0.0,1.0,1.0,1.0,1.0,0.0,1.0,0.0,0.0,1.0,0.0999242432596248,0,1.865981772938377,0.0,0.0,0.0,0.0,0.0,1.0,1.1471724152121712,1.0,1.0,1.0,1.0,1.0,1.0,0.0,1.0,0.0,0.0,1.0,0.0,0.0,0.0,0.0,0.0,1.0,1.0,0.5205448443679438,0.0,1.0,0.0,1.0,1.0,1.0,1.0,1.0,1.0,1.0,1.0,1.0,0.0,0.0,1.0,0.0,0.0,1.7332237652903097,1.0,0.0,0.0,-3.077392218950844e-05,0.0,1.0,0.0,0.0,1.0,0.0,0.0,0.0,0.0,0.5006987724558389,0.0,0.0,0.9665680724760786,0.9213221684719246,1.0,1.0,1.0,0.989984256064742,1.0,1.0,0.0,0.0,0.0,0.0,-1.0,0.0,1.0,1.0,-1.0,0.1498511792932154,-4.899748109717361,-2.7726875496629275,0.0002871402829531004,-0.25926241120186183,-0.5432855683130737,0,5,-0.816326530612245,0.0,0.0,0.0,0.0,0.0,1.0,0.0,0.0,0.0,0.0,0.0,0.0,0.0,0.0,-1.0,-1.0,0.0,0.0,1
VAR_001848,1.739282239498142,0.004133511961932844,-0.016681407315527162,-0.0032970134811862515,0.17416838438652454,-0.0037792070773939876,11.55724508533388,0.10106213510918242,0.7769081079914153,4.8066926118342534,0.15483720536524087,15,0.0,0.0,0.0,0.0,0.0,0.0,0.0,1.0,0.0,1.0,1.0,0.0,0.0,0.0,0.0,0.0,0.0,0.0,0.0,1.209006832172061,0.0,0.0,1.0,1.0,0.0,1.0,1.0,1.0,1.0,1.0,0.0,1.0,1.0,1.0,0.0,6,0.0,1.0,2,2,0.20711851304122478,-0.9514453101666165,2.7766668224972233,1.0,1.0,0.0,0.0,1.0,1.0,0.0,1.0,1.0,0.0,1.0,0.0,1.0,0.0,0.0,1.0,0.0,1.0,0.9217215062801528,1.0,1.0,1.0,1.0,0.0,0.0,0.0,1.0,1.0,0.0,1.0,0.6860244140717198,2,0.09220558452514253,0.0,1.0,0.0,1.0,0.0,1.0,-0.0005694010975663251,0.0,1.0,0.0,0.0,0.0,0.0,0.0,1.0,0.0,0.0,0.0,0.0,0.0,0.0,1.0,0.0,0.0,0.0,1.0,1.0,0.0,0.0,1.0,1.0,1.0,0.0,0.0,1.0,0.0,1.0,1.0,2.0,0.0,0.0,0.0,0.0,0.0,0.3822346046319366,1.0,1.0,0.004395053911706969,1.0,0.0,0.0,0.0,0.0,0.0,0.0,1.0,0.0,0.02994833625295396,0.0,0.0,-0.0334319275239214,-0.08394960659432306,0.0,0.0,0.0,1.0,0.0,1.0,0.0,0.0,1.0,1.0,-1.0,1.0,1.0,1.0,-1.0,-1.554362710505805,0.2578292814939795,0.0,-1.2863099698993636,-0.9276522243727301,-0.6833532030820609,19,12,0.7959183673469388,0.0,-0.5,0.0,0.0,0.0,0.0,0.0,1.0,0.0,0.0,0.0,0.0,0.0,0.0,0.0,0.0,0.0,0.0,0
VAR_001782,-0.03094110420452859,-0.010773901391877635,-0.03058050730181087,-0.003297300617358987,-0.009451491828640015,-0.004386144604169666,-0.04355318588241938,-0.04871026415763731,-0.029164936185471856,0.0,-0.06429630933450887,8,0.0,0.0,0.0,0.0,0.0,0.0,0.0,0.0,0.0,0.0,0.0,-1.0,0.0,-1.0,0.0,0.0,0.0,0.0,0.0,-0.0002184642160578666,-1.0,0.0,0.0,0.0,-1.0,0.0,0.0,0.0,0.0,0.0,0.0,0.0,0.0,0.0,-1.0,7,0.0,0.0,4,4,0.3154446083890692,0.32730345975136643,0.0,0.0,0.0,0.0,0.0,0.0,0.0,0.0,0.0,0.0,0.0,0.0,0.0,0.0,0.0,0.0,0.0,0.0,0.0,-0.029802287781288805,0.0,0.0,0.0,0.0,0.0,0.0,0.0,0.0,0.0,0.0,0.0,-0.005259968545623926,4,-0.07266027357335841,0.0,0.0,0.0,0.0,0.0,0.0,-0.00056940109756634,0.0,0.0,0.0,0.0,0.0,0.0,0.0,0.0,0.0,0.0,0.0,0.0,0.0,0.0,0.0,0.0,0.0,0.0,0.0,0.0,0.0,0.0,0.0,0.0,0.0,0.0,0.0,0.0,0.0,0.0,0.0,0.0,0.0,0.0,0.0,0.0,0.0,0.0,0.0,0.0,-3.089901920960828e-05,0.0,0.0,0.0,0.0,0.0,0.0,0.0,0.0,0.0,-0.042961276297641966,0.0,0.0,-0.0334319275239214,-0.0839496243436218,0.0,0.0,0.0,0.0,0.0,0.0,0.0,0.0,0.0,0.0,-1.0,0.0,0.0,0.0,-1.0,-0.9131685766804242,0.2578292814939795,0.0,-0.5839589479962166,-0.31060953705062666,0.21041426937738586,22,7,0.3673469387755102,-0.5,-0.5,0.0,0.0,0.0,0.0,0.0,0.0,0.0,0.0,0.0,0.0,0.0,1.0,,-1.0,0.0,0.0,1
VAR_001982,-0.02948347660349866,-0.01077386907713672,-0.03040651862289709,-0.0032965524224052327,-0.00013515227227980638,-0.004386132700045036,13.735815557882132,29.96408494018579,1.1647669624622994,0.0,0.49115702613480594,13,0.0,0.0,0.0,0.0,0.0,0.0,0.0,0.0,0.0,0.0,0.0,-1.0,0.0,-1.0,0.0,0.0,0.0,0.0,0.0,-0.0002184642160578666,-1.0,0.0,0.0,0.0,-1.0,0.0,0.0,0.0,0.0,0.0,0.0,0.0,0.0,0.0,-1.0,7,0.0,0.0,4,4,0.7164763364948764,0.6678378603085753,0.0,0.0,0.0,0.0,0.0,0.0,0.0,0.0,0.0,0.0,0.0,0.0,0.0,0.0,0.0,0.0,0.0,0.0,0.0,-0.029802287781288805,0.0,0.0,0.0,0.0,0.0,0.0,0.0,0.0,0.0,0.0,0.0,-0.005259968545623926,4,-0.06975447046393307,1.0,0.0,0.0,1.0,0.0,1.0,0.3912267095276268,0.0,1.0,1.0,0.0,0.0,1.0,0.0,0.0,0.0,0.0,0.0,0.0,0.0,1.0,0.0,1.0,0.0,0.0,0.0,0.0,1.0,0.0,1.0,0.0,0.0,0.0,0.0,1.0,1.0,1.0,1.0,0.0,0.0,1.0,0.0,0.0,0.5394042251254928,1.0,0.0,1.0,0.7872672163368971,0.0,1.0,1.0,1.0,1.0,0.0,0.0,0.0,0.0,10.697700517287288,1.0,1.0,0.9665680724760786,0.9206703168880116,1.0,1.0,1.0,0.0,0.0,1.0,1.0,1.0,0.0,0.0,-1.0,1.0,0.0,1.0,-1.0,-0.7369911644522859,-1.583290652899061,-1.5501475360914752,0.13714575380393024,0.010739364369392877,-0.047606740790111415,9,13,-1.3673469387755104,-1.0,0.0,0.0,0.0,0.0,0.0,0.0,0.0,0.0,0.0,0.0,1.0,0.0,0.0,0.0,-1.0,0.0,0.0,1
VAR_001879,0.005369239560656502,-0.010773844906899832,-0.02779239443552057,8.044578815260007,0.10852117217138936,0.0007515289304342944,-0.043546754748263944,0.25456226435338725,-0.02916478195433953,2.410600545156772,-0.06172144039694256,11,0.0,0.0,0.0,0.0,0.0,0.0,0.0,1.0,0.0,1.0,0.0,0.0,0.0,0.0,1.0,0.0,1.0,0.0,0.0,1.006918500505346,-1.0,1.0,0.0,1.0,0.0,0.0,1.0,1.0,0.0,0.0,1.0,1.0,1.0,0.0,0.0,1,1.0,0.0,4,4,-0.5904938175303984,-0.5034408680113857,-0.5107297254304419,1.0,1.0,0.0,1.0,1.0,1.0,0.0,0.0,1.0,1.0,1.0,0.0,1.0,1.0,0.0,1.0,0.0,0.0,-0.029802262869760034,1.0,0.0,1.0,0.0,0.0,1.0,1.0,1.0,1.0,1.0,0.0,0.8903055697493393,4,0.75211099188879,1.0,1.0,0.0,0.0,0.0,0.0,0.0,0.0,1.0,0.0,1.0,1.0,0.0,1.0,1.0,0.0,1.0,0.0,1.0,0.0,1.0,0.0,0.0,1.0,0.0,1.0,1.0,1.0,1.0,1.0,1.0,1.0,1.0,1.0,1.0,0.0,1.0,0.0,0.0,0.0,0.0,0.0,0.0,0.011212582443393593,0.0,1.0,0.0,0.08187664086414168,1.0,0.0,1.0,0.0,1.0,1.0,0.0,0.0,1.0,1.031345577945047,0.0,1.0,-0.0334319275239214,0.9216367393419482,0.0,1.0,1.0,1.0,1.0,1.0,1.0,0.0,1.0,1.0,0.0,1.0,1.0,1.0,-1.0,-1.7499702700829505,0.2578292814939795,0.0,-0.28838578033234974,-0.08675597063079005,-0.06444197740502,11,19,-0.6734693877551021,-0.5,0.0,0.0,0.0,0.0,0.0,0.0,0.0,0.0,0.0,0.0,0.0,1.0,0.0,0.0,0.0,0.0,0.0,1
VAR_001886,0.7166714144122874,1.8987483228706998,4.527522188116017,16.91819469519568,0.03499952262683242,0.010731702900962568,3.5018939414249064,-0.03228052481166446,-0.011863823125721734,1.5100281036509975e-08,1.3172570833237507,18,0.0,0.0,0.0,0.0,0.0,0.0,0.0,1.0,1.0,0.0,1.0,0.0,0.0,0.0,0.0,1.0,1.0,0.0,0.0,-0.00019858395526560802,0.0,1.0,0.0,0.0,-1.0,0.0,1.0,0.0,1.0,0.0,1.0,0.0,0.0,1.0,0.0,3,1.0,0.0,4,4,-1.6095419255938646,-0.8835256685680908,0.0,0.0,1.0,0.0,1.0,0.0,1.0,0.0,1.0,0.0,1.0,0.0,0.0,0.0,1.0,0.0,0.0,0.0,0.0,-0.02921612842182905,1.0,1.0,0.0,0.0,0.0,0.0,1.0,0.0,0.0,1.0,1.0,0.03048010404843961,4,-0.06817505201354865,1.0,1.0,0.0,0.0,0.0,0.6764534783042995,1.1203024309696423,1.0,0.0005857133833254,1.0,0.0,1.0,1.0,1.0,1.0,1.0,0.0,1.0,1.0,0.0,0.0,0.0,1.0,0.0,0.0,1.0,0.0,0.0,0.0,1.0,1.0,0.0,0.0,0.0,1.0,0.0,0.0,0.0,2.0,0.0,0.0,0.0,0.0,0.0,0.0,0.0,0.0,-3.089901920960828e-05,0.0,1.0,1.0,1.0,0.0,1.0,4.258228473139483,0.0,0.0,-0.03897779679411066,0.0,0.0,0.51964507352788,-0.08394962388740217,0.0,1.0,0.0,1.0,0.0,1.0,0.0,1.0,1.0,1.0,0.0,0.0,0.0,0.0,0.0,0.19261384967451264,-0.5824550771534152,-0.7346882799634854,0.0,0.48502967526103136,0.0,23,13,-0.1836734693877552,-0.5,0.0,0.0,0.0,0.0,0.0,0.0,0.0,0.0,0.0,0.0,1.0,0.0,0.0,0.0,0.0,0.0,0.0,1
VAR_001888,0.02323968021318038,1.9360066409177967,-0.0305805072519966,0.7265703005113978,-0.009435300887731314,0.18870977016430457,0.08793998619112137,9.320817995790957,66.65736585590597,1.45286882182388,0.38765530904776546,19,0.0,0.0,0.0,0.0,0.0,0.0,0.0,1.0,0.0,1.0,0.0,0.0,1.0,-1.0,0.0,0.0,0.0,1.0,1.0,0.0019283421283536276,-1.0,1.0,0.0,0.0,-1.0,0.0,0.0,0.0,0.0,0.0,0.0,0.0,0.0,0.0,-1.0,7,0.0,0.0,4,4,-1.7381618836818926,-0.7684969484413641,0.0,0.0,1.0,0.0,1.0,1.0,1.0,0.0,0.0,1.0,0.0,1.0,0.0,1.0,0.0,0.0,0.0,0.0,0.0,0.04516785728209569,1.0,1.0,0.0,0.0,1.0,1.0,1.0,0.0,1.0,0.0,0.0,-0.005259968545623926,4,0.0,0.0,0.0,0.0,1.0,1.0,1.0,0.1502171306807726,1.0,0.0,1.0,0.0,0.0,1.0,0.0,1.0,1.0,0.0,0.0,0.0,0.0,0.0,1.0,1.0,0.0,0.0,1.0,0.0,0.0,0.0,1.0,1.0,1.0,1.0,0.0,0.0,0.0,1.0,0.0,0.0,1.0,0.0,1.0,0.0,0.634948625143781,1.0,0.0,0.0,-3.08680196806621e-05,0.0,1.0,1.0,1.0,1.0,1.0,0.0,1.0,0.0,-0.01855395696915652,1.0,1.0,-0.0334319275239214,0.23169458686685418,1.0,0.0,0.0,0.0,0.0,1.0,1.0,0.0,1.0,0.0,-1.0,1.0,1.0,1.0,0.0,-0.006698173076117761,-0.6288552169673518,0.0,-0.035415191514513285,0.681528181344137,-0.0394707383707338,23,4,-0.1836734693877552,-1.0,0.0,0.0,0.0,0.0,0.0,0.0,0.0,0.0,0.0,0.0,0.0,0.0,1.0,0.0,-1.0,0.0,0.0,1
VAR_001815,21.681267737341344,-0.0025844229806545153,2.707660014335057,8.310028036624677,-0.009353357081004933,6.396239112234674,-0.04354790635412636,0.0020598592670162505,45.77292264145964,0.3321568085894754,-0.040307301770004154,9,0.0,0.0,0.0,0.0,0.0,0.0,0.0,0.0,1.0,1.0,1.0,-1.0,0.0,-1.0,1.0,0.0,0.0,0.0,0.0,0.047324243790324204,0.0,1.0,1.0,1.0,0.0,1.0,1.0,1.0,1.0,1.0,0.0,1.0,1.0,0.0,0.0,0,0.0,0.0,4,4,0.008706782535230563,0.4047123708232588,0.0,0.0,0.0,1.0,1.0,1.0,1.0,1.0,0.0,0.0,0.0,0.0,1.0,1.0,0.0,1.0,0.0,1.0,1.0,0.4196692498879695,1.0,0.0,0.0,0.0,0.0,1.0,0.0,1.0,1.0,1.0,1.0,146.47640757799277,4,1.7579189914508306,1.0,0.0,1.0,1.0,0.0,1.0,0.00305211803131103,0.0,1.0,0.0,0.0,1.0,0.0,1.0,1.0,1.0,1.0,1.0,1.0,1.0,1.0,0.0,0.0,1.0,0.0,1.0,1.0,0.0,0.0,0.0,1.0,1.0,1.0,1.0,1.0,0.0,0.0,0.0,0.0,1.0,0.0,1.0,1.0,0.0,1.0,0.0,0.258829370146216,2.499364387261108e-05,1.0,0.0,0.0,0.0,1.0,1.0,0.0,0.0,1.0,-0.02839415853186912,1.0,1.0,0.6134045860262809,-0.08153889758114702,1.0,0.0,1.0,0.0,0.0,1.0,1.0,0.0,1.0,0.0,-1.0,1.0,1.0,0.0,-1.0,-1.0606217771432864,0.22806051725710963,0.0,-0.9075169435253431,-0.42770891888165286,-0.1001780491357108,6,22,0.5510204081632654,0.0,0.0,0.0,0.0,0.0,0.0,0.0,0.0,0.0,0.0,0.0,0.0,0.0,1.0,0.0,0.0,0.0,1.0,1
VAR_001817,0.06776252764911087,-0.0027438969674684665,-0.03058050730181087,-0.003294390762838459,0.15684362534277022,-0.004386070375770219,16.34377947378458,9.412308754987784,-0.029164936185242518,0.0,0.7104724753852958,10,0.0,0.0,0.0,0.0,0.0,0.0,0.0,0.0,0.0,0.0,0.0,-1.0,0.0,-1.0,0.0,0.0,0.0,0.0,0.0,-0.0002184642160578666,-1.0,0.0,0.0,0.0,-1.0,0.0,0.0,0.0,0.0,0.0,0.0,0.0,0.0,0.0,-1.0,7,0.0,0.0,3,3,-0.01302437486869412,-0.07365239111772987,0.0,0.0,0.0,0.0,0.0,0.0,0.0,0.0,0.0,0.0,0.0,0.0,0.0,0.0,0.0,0.0,0.0,0.0,0.0,-0.029802287781288805,0.0,0.0,0.0,0.0,0.0,0.0,0.0,0.0,0.0,0.0,0.0,-0.005259968545623926,3,0.007112088075408883,0.0,0.0,0.0,1.0,1.0,0.0,0.9817232882968995,1.0,0.3182344469097052,0.0,0.0,0.0,1.0,0.0,0.0,0.0,0.0,0.0,1.0,0.0,1.0,1.0,0.0,1.0,1.0,1.0,0.0,1.0,1.0,1.0,1.0,1.0,0.0,0.0,0.0,1.0,0.0,1.0,0.0,1.0,1.0,1.0,0.0,1.296815294630869,0.0,1.0,1.0,0.0003131198344431638,0.0,0.0,1.0,1.0,0.0,0.0,4.258228473139483,0.0,0.0,-0.042961276297641966,0.0,0.0,-0.0334319275239214,-0.0839496243436218,0.0,0.0,0.0,0.0,0.0,0.0,0.0,0.0,0.0,0.0,-1.0,0.0,0.0,0.0,-1.0,0.19261384967451264,-0.24177279691927608,-0.1625178161880766,-0.2706475412590639,-0.5723472181148296,0.8843524404991605,5,10,0.1836734693877551,1.0,0.0,0.0,0.0,0.0,0.0,0.0,0.0,1.0,0.0,0.0,0.0,0.0,0.0,0.0,-1.0,1.0,1.0,1
VAR_001896,-0.029722314180695777,-0.01077390138304654,0.6491848177315838,0.2593122440163278,0.5057953536694172,40.59664395524024,-0.02088680384427124,-0.043202320181490325,15.406714558965465,0.0,1.0630394108196344,19,0.0,0.0,0.0,0.0,0.0,0.0,0.0,1.0,0.0,0.0,1.0,-1.0,1.0,0.0,0.0,0.0,0.0,1.0,1.0,4.671290523222903,0.0,0.0,1.0,0.0,-1.0,0.0,0.0,0.0,0.0,0.0,0.0,0.0,0.0,0.0,-1.0,7,0.0,0.0,3,3,0.225618285922447,0.48788759631479295,0.0,0.0,0.0,0.0,0.0,0.0,0.0,0.0,0.0,0.0,0.0,0.0,0.0,0.0,0.0,0.0,0.0,0.0,0.0,-0.029802287781288805,0.0,0.0,0.0,0.0,0.0,0.0,0.0,0.0,0.0,0.0,0.0,-0.005259968545623926,3,-0.0656416770027955,1.0,1.0,0.0,1.0,0.0,1.0,-0.0005694000084796603,1.0,0.610978651014101,1.0,1.0,1.0,1.0,0.0,1.0,1.0,1.0,1.0,0.0,1.0,0.0,1.0,0.0,0.0,0.0,1.0,1.0,0.0,0.0,0.0,1.0,0.0,1.0,1.0,1.0,1.0,0.0,0.0,0.0,1.0,1.0,0.0,0.0,1.7332237652903097,0.0,1.0,0.0,31.240663869198826,1.0,1.0,0.0,1.0,0.0,1.0,4.258228473139483,1.0,0.0,0.4365727755951688,0.0,1.0,0.9665680724760786,0.9117937167959373,1.0,1.0,1.0,0.0,1.0,1.0,1.0,1.0,0.0,1.0,-1.0,0.0,0.0,0.0,-1.0,0.19261384967451264,0.011798329490159477,0.0,0.746256756860197,-0.151745045803716,0.8407900958829436,7,17,-0.5714285714285715,-0.5,2.0,0.0,0.0,0.0,0.0,0.0,0.0,0.0,0.0,0.0,0.0,0.0,0.0,0.0,-1.0,0.0,0.0,1
VAR_001889,-0.010340457544155024,-0.010773794868813101,6.872631462883303,1.314042158019231,0.013570959868419576,0.14085377844251554,1.19789590555494,57.51478360866753,0.4383205565079983,0.2074493294774587,3.3063553069395115,20,0.0,0.0,0.0,0.0,0.0,0.0,0.0,0.0,1.0,0.9389084752765944,0.8647712046513725,0.0,1.0,-1.0,1.0,1.0,0.0,1.0,1.0,0.08067525550326095,0.0,0.0,0.0,0.0,-1.0,0.0,0.0,0.0,0.0,0.0,0.0,0.0,0.0,0.0,-1.0,7,0.0,0.0,2,2,-1.538422599832919,-0.7290696930095911,-0.5928619925318392,0.0,1.0,1.0,1.0,1.0,0.0,1.0,1.0,1.0,1.0,0.0,0.0,0.0,0.0,1.0,0.0,1.0,0.0,-0.029535802682598235,1.0,0.0,1.0,0.0,1.0,0.0,0.0,0.0,1.0,1.0,0.0,-0.005259968545623926,2,-0.04998716918368035,0.0,0.0,0.0,0.0,0.0,1.0,1.1474968433984853,0.0,0.0,0.0,0.0,1.0,0.0,1.0,1.0,0.0,0.0,0.0,1.0,0.0,0.0,0.0,0.0,1.0,0.0,0.0,1.0,1.0,1.0,0.0,0.0,0.0,1.0,1.0,0.0,1.0,0.0,0.0,0.0,0.0,1.0,1.0,0.0,0.0,0.0,1.0,0.0,0.0962899726491663,0.0,0.0,1.0,1.0,1.0,0.0,4.258228473139483,1.0,0.0,0.0,1.0,1.0,0.9665680724760786,0.765923017380361,1.0,0.0,0.0,0.0,0.0,1.0,1.0,1.0,1.0,0.0,0.0,0.0,0.0,1.0,0.0,-1.0560050875538722,0.2578292814939795,0.0,-0.19068032588607006,-0.5003730989111111,-0.13324465326492171,14,8,-0.06122448979591843,-0.5,0.0,0.0,0.0,0.0,1.0,0.0,0.0,0.0,0.0,0.0,0.0,0.0,0.0,-1.0,-1.0,0.0,1.0,1
VAR_001785,2.078428335622326,0.21009330776847213,6.071875050578343,0.03249466368944911,0.03718530887174269,0.0059813291119842306,0.21309601455686966,1.397215316159466,35.13025369283833,5.165205011802348,4.5557173699342615,0,1.0,0.0048780590516696,1.0,1.0,0.0,0.0,0.5321807748196615,1.0,1.0,1.0,1.0,0.0,1.0,0.0,0.0,1.0,0.0,0.0,1.0,1.202718147393794,0.0,1.0,1.0,1.0,0.0,0.0,0.0,1.0,1.0,1.0,1.0,1.0,1.0,1.0,0.0,0,1.0,1.0,0,0,0.24377933933827553,-1.128361532759306,0.9662590492828762,1.0,1.0,0.0,0.0,0.0,1.0,1.0,1.0,1.0,1.0,1.0,1.0,1.0,1.0,1.0,1.0,0.0,1.0,2.297542989848188,1.0,1.0,1.0,1.0,0.0,1.0,1.0,1.0,1.0,1.0,1.0,7.620595326263186,0,5.596144337814692,0.0,1.0,1.0,0.0,0.0,0.0,-0.0005694009753451228,1.0,1.0,0.0,0.0,0.0,0.0,1.0,1.0,0.0,1.0,1.0,0.0,1.0,1.0,1.0,0.0,0.0,1.0,0.0,1.0,1.0,1.0,0.0,0.0,1.0,1.0,0.0,0.0,1.0,0.0,0.0,2.0,0.0,1.0,0.0,0.1085623481538356,1.7332237652903097,1.0,0.0,0.0,0.11134598278296408,0.0,1.0,0.0,1.0,0.0,1.0,0.0,0.0,1.0,0.5509345662891464,1.0,0.0,0.9665680724760786,-0.08394959197768952,1.0,1.0,1.0,0.0,0.0,0.0,0.0,0.0,0.0,0.0,0.0,1.0,1.0,0.0,-1.0,0.19261384967451264,0.2578292814939795,0.0,-2.7056700787808454,-1.3755668083485124,-1.2024732297009697,16,23,1.0000000000000002,-1.0,0.0,0.0,0.0,0.0,0.0,0.0,0.0,0.0,0.0,0.0,0.0,0.0,0.0,,0.0,0.0,1.0,0
VAR_001964,5.689430812735233,0.008296066618120376,1.1848167042576427,6.765198821536246,0.02318131765345812,15.940730473165154,19.450788702271165,12.595362753601487,4.2098746864475425,18.358635545006045,0.9527827710510135,22,1.0,0.0054971922792663,1.0,0.0,0.0,1.0,1.0,1.0,1.0,1.0,0.0,0.0,1.0,0.0,1.0,0.0,0.0,1.0,1.0,0.4639172678130091,0.0,1.0,1.0,1.0,0.0,1.0,0.0,1.0,0.0,1.0,1.0,0.0,1.0,1.0,0.0,3,1.0,1.0,4,4,0.8371553492096987,-1.2305480437056961,1.4364266026886583,1.0,1.0,1.0,1.0,1.0,1.0,1.0,1.0,0.0,1.0,1.0,1.0,0.0,1.0,1.0,1.0,1.0,1.0,3.7791390860615577,0.0,0.0,1.0,1.0,1.0,1.0,1.0,1.0,1.0,1.0,1.0,7.3179227316355915,4,1.7252371499296864,1.0,0.0,0.0,0.0,0.0,1.0,1.1214607851582783,1.0,1.0,1.0,1.0,1.0,0.0,1.0,1.0,0.0,1.0,1.0,1.0,1.0,0.0,1.0,1.0,1.0,1.0,0.0,1.0,0.0,1.0,0.0,1.0,0.0,1.0,0.0,1.0,1.0,1.0,1.0,2.0,0.0,0.0,0.0,1.0,0.0,0.0,1.0,0.0,1.5462143178350978,0.0,1.0,1.0,1.0,0.0,1.0,2.275676492397604,0.0,1.0,5.430323772981098,1.0,0.0,0.9665680724760786,9.971913207851578,1.0,1.0,1.0,1.0,1.0,1.0,1.0,0.0,1.0,1.0,-1.0,0.0,1.0,1.0,0.0,0.19261384967451264,-0.3629818670208409,0.0,-2.2033770572132716,0.19512413161578587,-1.4355438596514294,17,17,-0.48979591836734704,0.0,2.0,0.0,0.0,0.0,0.0,0.0,0.0,0.0,0.0,0.0,0.0,0.0,0.0,-1.0,0.0,0.0,0.0,0
VAR_001913,0.38553716325545956,0.0014431618403201636,0.0,16.894898291834007,0.2682113808481687,-0.004386140146495311,0.32688813535562855,1.1272878305842686,115.0592795227682,0.00021126481679719383,0.9216560419181464,12,1.0,0.0018382991720876,0.0,0.0,0.5573447848872577,1.0,1.0,1.0,1.0,1.0,1.0,0.0,0.0,0.0,1.0,0.0,1.0,0.0,1.0,-0.00021246444802335612,0.0,1.0,1.0,0.0,0.0,1.0,1.0,1.0,0.0,1.0,1.0,1.0,1.0,1.0,0.0,5,1.0,0.0,2,2,0.6542624872076355,-3.9995321910705655,-7.037032865561601,1.0,0.0,0.0,1.0,1.0,1.0,0.0,1.0,0.4541704745153128,0.0,0.0,1.0,1.0,1.0,0.0,0.0,1.0,1.0,25.42968685859654,1.0,1.0,0.0,0.0,0.0,1.0,0.0,0.0,1.0,1.0,1.0,1.0991744931594127,2,1.3473518053006774,1.0,1.0,1.0,1.0,1.0,1.0,0.9468092606263114,1.0,0.0,1.0,1.0,1.0,0.0,0.0,1.0,1.0,1.0,1.0,1.0,1.0,0.0,1.0,1.0,1.0,1.0,0.6400542135616272,1.0,0.0,0.0,1.0,1.0,1.0,0.0,0.0,1.0,0.0,1.0,0.0,0.0,1.0,1.0,0.0,1.0,0.0,0.0,0.0,0.0,-3.089901905449956e-05,1.0,0.0,1.0,0.0,1.0,1.0,0.0,1.0,0.0,0.3370362214136665,0.0,0.0,0.40382069413897004,-0.08394790927439498,0.0,0.0,1.0,0.6786587066946423,1.0,1.0,1.0,1.0,1.0,0.0,0.0,0.0,0.0,0.0,-1.0,-60.29761708802319,-18.0932813649413,-53.320723289858336,-2.7884959460569725,-1.6256951387935614,-2.0397433647910077,17,11,1.2040816326530612,-0.5,0.0,0.0,0.0,0.0,0.0,0.0,1.0,0.0,0.0,0.0,0.0,0.0,0.0,0.0,0.0,0.0,0.0,0
VAR_001799,7.710287480676162,0.17233542568616822,1.1691663538903074,1.3974604579133036,3.002445653343615,22.496693636852203,0.7835068069446884,80.29895446799125,84.12230955329174,9.76107065839029,2.8708722136635756,16,0.0,0.0,0.0,0.0,0.0,0.0,0.0,1.0,0.0,1.0,0.0,0.0,1.0,0.0,0.0,0.0,1.0,1.0,0.0,14.856735353413336,0.0,1.0,1.0,0.0,0.0,1.0,1.0,1.0,0.0,1.0,1.0,0.0,1.0,1.0,0.0,3,0.3304222228699573,1.0,3,3,0.39723887916962014,0.14352599849856462,2.4777897686965336,1.0,0.0,0.0,1.0,1.0,1.0,1.0,1.0,0.0,0.0,0.0,1.0,1.0,0.0,1.0,0.0,1.0,0.0,0.5015088796505907,1.0,0.0,1.0,0.0,1.0,0.0,0.0,1.0,0.0,1.0,1.0,1.9406478582906885,3,2.842713520084721,1.0,1.0,1.0,1.0,0.0,0.0,0.004470614809280506,1.0,0.0,1.0,1.0,1.0,0.0,1.0,1.0,1.0,0.0,0.0,1.0,1.0,1.0,0.0,0.0,1.0,1.0,1.0,1.0,0.0,1.0,1.0,0.0,0.0,1.0,0.0,0.0,1.0,0.0,1.0,0.0,1.0,0.0,0.0,1.0,0.0,0.0,1.0,1.0,0.7144964985625427,1.0,1.0,0.0,1.0,1.0,1.0,4.258228473139483,1.0,1.0,1.304783292149135,1.0,1.0,0.7460914333015112,0.9216277767433793,0.0,1.0,1.0,1.0,1.0,1.0,1.0,0.0,1.0,1.0,0.0,1.0,0.0,1.0,0.0,0.19261384967451264,-15.138520003630994,-2.225665301185726,0.9420763331648494,0.6220830461006255,0.9091738932424627,16,8,0.5306122448979592,0.5,0.0,0.0,0.0,0.0,0.0,0.0,0.0,1.0,0.0,0.0,0.0,0.0,0.0,0.0,0.0,1.0,0.0,1
VAR_001843,0.006540518991843564,-0.01020756567615187,0.35502970426291636,24.864549529964425,-0.009450624192437274,0.47236703263803803,-0.024390994855763095,-0.016148568253975714,0.3766880010000574,0.4064826149826869,0.17003576393426587,28,0.0,0.0,0.0,0.0,0.0,0.0,0.0,1.0,0.0,1.0,0.0,0.0,0.0,0.0,1.0,0.0,1.0,0.0,1.0,1.6329631254249545e-05,0.0,1.0,1.0,0.0,0.0,1.0,1.0,1.0,0.0,1.0,1.0,1.0,1.0,1.0,0.0,3,0.0,1.0,3,3,-0.15487073327912235,0.1975079337810295,1.6123708156057461,0.0,1.0,0.0,0.0,0.0,1.0,0.0,1.0,0.0,1.0,0.0,1.0,0.0,0.0,1.0,1.0,1.0,1.0,-0.018015056131055144,0.0,1.0,1.0,0.0,1.0,0.5109597978277683,0.0,1.0,0.0,0.0,1.0,0.35682251276453064,3,-0.05676715617390203,1.0,1.0,1.0,1.0,0.0,0.0,1.1462457742731804,0.0,1.0,1.0,1.0,0.0,1.0,1.0,1.0,1.0,0.0,0.0,1.0,0.0,1.0,1.0,0.0,0.0,0.0,1.0,0.0,0.0,0.0,0.0,0.0,0.0,1.0,0.0,1.0,1.0,1.0,0.0,0.0,1.0,1.0,0.0,1.0,0.0,1.0,1.0,0.0,6.78019514531744,1.0,1.0,1.0,1.0,0.0,1.0,4.258228473139483,1.0,0.0,-0.004524113860893948,1.0,1.0,0.9665680724760786,-0.08394962433704838,0.0,0.0,1.0,1.0,1.0,1.0,0.0,1.0,1.0,1.0,-1.0,0.0,1.0,0.0,-1.0,0.19261384967451264,0.2578292814939795,0.0,0.8922646750001588,0.4201746473325204,0.9487643855421934,16,8,0.5306122448979592,0.5,0.0,0.0,0.0,0.0,0.0,0.0,0.0,1.0,0.0,0.0,0.0,0.0,0.0,-1.0,0.0,1.0,0.0,1
VAR_001804,0.17562709077239858,1.804742413669898,-0.03058050699111166,0.0,1.50954062656538,0.011197179722612492,0.9977067041426012,0.5778850207317674,3.6683313971464564,4.432856246593176,0.09941591487466747,2,0.0,0.0005391487479432,0.0,1.0,1.0,0.0,1.0,0.0,0.0,1.0,1.0,0.0,1.0,0.0,0.0,0.0,1.0,1.0,1.0,0.095391170054746,0.0,0.0,0.0,1.0,0.0,1.0,1.0,1.0,1.0,1.0,0.0,0.0,1.0,1.0,0.0,2,0.0,1.0,2,2,0.592047506586577,0.18680505424669697,3.424833558920897,1.0,1.0,1.0,1.0,0.0,0.0,1.0,0.0,1.0,1.0,0.0,1.0,1.0,0.0,1.0,0.0,1.0,1.0,26.19604261349691,1.0,1.0,1.0,0.0,1.0,0.0,0.0,0.0,0.0,1.0,0.0,0.24718211737585194,2,1.803897412343682,1.0,0.0,1.0,1.0,1.0,0.0,1.1474968532159304,1.0,1.0,1.0,0.0,0.0,1.0,1.0,1.0,1.0,1.0,1.0,0.0,0.0,1.0,0.0,0.0,1.0,0.6266325402901579,1.0,0.0,1.0,1.0,0.0,0.0,0.0,1.0,1.0,0.0,1.0,0.0,0.0,2.0,0.0,0.0,1.0,0.0,1.7332237652903097,1.0,1.0,0.0,1.987638095129639,0.0,0.0,0.0,1.0,0.0,1.0,0.0,0.0,0.0,0.9997309663510354,1.0,0.0,0.1646705646035141,-0.08394962413601832,0.0,1.0,0.0,1.0,0.0,1.0,1.0,0.0,0.0,1.0,0.0,0.0,0.0,0.0,0.0,-0.33722176237978596,-1.8404637296531978,-1.4343307247741999,-0.7337305581999315,-0.784795129726875,-0.18971683372449635,14,19,0.42857142857142855,0.0,1.0,0.0,0.0,0.0,0.0,0.0,1.0,0.0,0.0,0.0,0.0,0.0,0.0,,0.0,0.0,0.0,0
VAR_001965,-0.025408115679086667,0.2712002245654818,0.036776347442469666,-0.003297073027441127,1.3167138734561512,-0.004385794006009613,0.0008754933403395128,0.3843595996085021,-0.027831135693053396,0.0,-0.03202258037243265,16,0.0,0.0,0.0,0.0,0.0,0.0,0.0,1.0,0.0,1.0,1.0,0.0,1.0,-1.0,1.0,0.0,1.0,0.0,0.0,1.5602135729283937,0.0,1.0,0.0,1.0,0.0,1.0,0.0,1.0,1.0,0.0,1.0,1.0,1.0,1.0,0.0,3,0.0,0.0,4,4,-1.6763796439321872,-0.4582173765830435,7.020053908068963,1.0,1.0,0.0,0.0,1.0,1.0,1.0,1.0,0.0,0.0,0.0,1.0,0.0,0.0,0.0,1.0,0.0,0.0,-0.028860734268495548,1.0,0.0,1.0,1.0,1.0,1.0,1.0,0.0,1.0,0.0,0.0,-0.005259968545623926,4,-0.04354560827448975,0.0,0.0,0.0,1.0,0.0,1.0,1.1474902554253996,1.0,0.0,0.0,0.0,1.0,1.0,0.0,0.0,0.0,1.0,1.0,0.0,1.0,1.0,1.0,0.0,1.0,0.0,0.0,1.0,0.0,0.0,1.0,0.0,1.0,0.0,0.0,1.0,1.0,1.0,0.0,2.0,0.0,1.0,1.0,0.0,0.8307286062584687,1.0,0.0,0.0,0.0028755396083638986,0.0,1.0,0.0,1.0,1.0,0.0,0.0,0.0,0.0,-0.032087598266529294,1.0,0.0,-0.0334319275239214,-0.08394680111491122,0.0,0.0,1.0,1.0,1.0,1.0,0.0,1.0,0.0,1.0,0.0,0.0,0.0,0.0,0.0,-1.350544929050163,-0.8123958111132016,-0.10351886940213774,-0.11010183578313991,-0.9533745724792224,0.0006991853448386651,21,7,-0.6734693877551022,-1.0,1.0,0.0,0.0,0.0,0.0,0.0,0.0,0.0,0.0,0.0,0.0,0.0,1.0,0.0,0.0,1.0,0.0,1
VAR_001955,4.668955778932684,-0.00811474909909087,0.07270946686134008,2.7601884657549176,-0.009443989799257278,6.2390554629747275,1.889582365717582,0.40693579451310374,0.004902984294252095,68.51314853893184,0.06982196243505726,12,0.0,0.0,0.0,0.0,0.0,0.0,0.0,0.0,0.0,0.0,0.0,0.0,1.0,0.0,1.0,0.0,0.0,1.0,0.0,-0.00012300327488443577,0.0,0.0,1.0,1.0,0.0,1.0,0.0,1.0,1.0,1.0,0.0,0.0,1.0,0.0,0.0,4,1.0,1.0,3,3,0.9319035823519576,0.7776218465097239,0.0,0.0,1.0,0.0,1.0,0.0,1.0,0.0,1.0,0.0,1.0,1.0,1.0,1.0,1.0,0.0,0.0,0.0,1.0,1.018673918180851,0.0,1.0,0.0,1.0,0.0,0.0,1.0,0.0,1.0,0.0,0.0,0.5206610623483675,3,0.31964658540279256,1.0,0.0,0.0,1.0,0.0,1.0,0.5987252656602899,0.0,0.0,0.0,0.0,1.0,1.0,1.0,1.0,0.0,1.0,0.0,1.0,1.0,1.0,0.0,1.0,0.0,1.0,1.0,1.0,0.0,1.0,1.0,0.0,0.0,1.0,0.0,1.0,1.0,1.0,1.0,2.0,0.0,1.0,0.0,1.0,0.0,1.0,1.0,1.0,6.241080210085039,0.0,1.0,0.0,0.0,0.0,0.0,4.258228473139483,0.0,0.0,20.117453475046723,1.0,0.0,0.9665680724760786,0.7609657818696868,1.0,0.0,1.0,1.0,0.0,0.0,0.0,1.0,1.0,0.0,-1.0,1.0,1.0,0.0,0.0,-2.8939714768597224,0.10625979857117057,-2.196952217927355,-0.8612199797696929,-0.23701400819228974,0.9487643855421934,4,8,0.32653061224489793,0.0,0.0,0.0,0.0,0.0,0.0,0.0,0.0,0.0,1.0,0.0,0.0,0.0,0.0,0.0,0.0,0.0,0.0,1
VAR_001793,0.22641175873641764,-0.010773656117688232,-0.0191175518025147,-0.0010656005210529758,0.011256536816954404,-0.004386143713051032,0.5443731271091897,-0.04871026412284091,13.112649241111178,2.1959359164292623e-10,0.25216044748269717,11,0.0,0.0,0.0,0.0,0.0,0.0,0.0,0.0,0.0,1.0,1.0,0.0,1.0,0.0,0.0,1.0,0.0,1.0,1.0,-0.00017761847805471644,0.0,1.0,1.0,0.0,0.0,1.0,1.0,1.0,0.0,1.0,1.0,1.0,0.0,1.0,0.0,1,1.0,0.0,1,1,0.3787419322167967,0.17713444619967159,3.2496567305426116,0.0,0.0,0.0,0.0,0.0,0.0,0.0,0.0,1.0,1.0,1.0,0.0,1.0,0.0,1.0,0.0,0.0,1.0,-0.029079529352602728,1.0,1.0,0.0,1.0,1.0,1.0,1.0,1.0,1.0,0.0,0.0,0.00792065062961592,1,0.0818300829480567,0.0,0.0,0.0,0.0,0.0,1.0,0.48050935484423923,0.0623177940604665,1.0,0.0,1.0,0.0,1.0,0.0,1.0,1.0,0.0,1.0,0.0,0.0,1.0,0.0,0.0,1.0,0.0,0.0,1.0,0.0,1.0,1.0,1.0,1.0,0.0,0.0,1.0,1.0,0.0,1.0,0.0,1.0,1.0,0.0,0.0,0.0,1.0,0.0,1.0,1.680225079584859,0.0,0.0,1.0,0.0,1.0,0.0,0.0,0.0,1.0,-0.03388073740834912,1.0,0.0,0.9665680724760786,-0.08344433609620504,0.0,1.0,0.0,1.0,1.0,1.0,1.0,0.0,0.0,1.0,-1.0,0.0,0.0,0.0,-1.0,0.19261384967451264,-0.47470191085504504,-0.23825243884299654,0.4669775633417619,1.5302098524705727,0.7914100900750882,15,17,0.06122448979591834,1.0,0.0,0.0,1.0,0.0,0.0,0.0,0.0,0.0,0.0,0.0,0.0,0.0,0.0,0.0,0.0,0.0,0.0,1
VAR_001850,-0.03094110420452859,-0.010773901391877635,-0.03058050730181087,-0.003297300617358987,-0.009451491828640015,-0.004386144604169666,-0.04355318588241938,-0.04871026415763731,-0.029164936185471856,0.0,-0.06429630933450887,8,0.0,0.0,0.0,0.0,0.0,0.0,0.0,0.0,0.0,0.0,0.0,-1.0,0.0,-1.0,0.0,0.0,0.0,0.0,0.0,-0.0002184642160578666,-1.0,0.0,0.0,0.0,-1.0,0.0,0.0,0.0,0.0,0.0,0.0,0.0,0.0,0.0,-1.0,7,0.0,0.0,0,0,0.06302581690369732,0.4595373202832071,0.0,0.0,1.0,1.0,0.0,1.0,0.0,1.0,0.0,1.0,1.0,0.0,1.0,1.0,1.0,0.0,1.0,0.0,0.0,-0.029802287780755377,1.0,1.0,0.0,1.0,1.0,0.0,1.0,1.0,0.6302734766177358,0.0,0.0,-0.005259968545623926,0,-0.06523853473258985,0.0,0.0,0.0,0.0,0.0,0.0,-0.00056940109756634,0.0,0.0,0.0,0.0,0.0,0.0,0.0,0.0,0.0,0.0,0.0,0.0,0.0,0.0,0.0,0.0,0.0,0.0,0.0,0.0,0.0,0.0,0.0,0.0,0.0,0.0,0.0,0.0,0.0,0.0,0.0,0.0,0.0,0.0,0.0,0.0,0.0,0.0,0.0,0.0,-3.089901920960828e-05,0.0,0.0,0.0,0.0,0.0,0.0,0.0,0.0,0.0,2.8544867408757444,1.0,0.0,0.9665680724760786,0.9216367364500498,0.0,0.0,1.0,1.0,0.0,1.0,0.0,1.0,1.0,0.0,-1.0,1.0,1.0,0.0,0.0,0.19261384967451264,0.03128152587952153,-0.9877303655894226,0.4915938261580384,-0.22907276181664485,0.946299327199608,0,21,-0.24489795918367352,0.5,1.0,0.0,0.0,0.0,0.0,0.0,0.0,1.0,0.0,0.0,0.0,0.0,0.0,,-1.0,0.0,0.0,0
VAR_001823,1.3377139460470184,1.8113633182025781,-0.026713767776560475,0.2545143797503592,4.130189882636296,18.82403306224993,0.05441863664557863,2.2403506836130633,13.458768398630085,282.2829675758418,1.9169343530769005,26,1.0,0.0097895603098394,0.0,0.0,1.0,1.0,1.0,1.0,1.0,0.0,1.0,0.0,1.0,0.0,1.0,1.0,0.0,1.0,1.0,9.075454451856597,0.0,0.0,1.0,0.0,0.0,1.0,1.0,1.0,1.0,1.0,1.0,0.0,1.0,0.0,0.0,2,0.0,1.0,1,1,-0.14779039654225742,0.49769958245566376,-2.456815930871162,1.0,0.0,1.0,0.0,0.0,1.0,1.0,0.0,0.0,1.0,1.0,0.0,0.0,0.0,0.0,1.0,0.0,0.0,1.048020068024919,0.0,1.0,1.0,0.0,0.0,1.0,1.0,1.0,1.0,1.0,1.0,0.8309689825781772,1,2.6155701897334973,1.0,1.0,1.0,1.0,0.0,1.0,1.0278330177936381,1.0,0.0,1.0,1.0,1.0,0.0,1.0,1.0,0.0,0.0,0.0,1.0,1.0,1.0,0.0,1.0,0.0,1.0,1.0,1.0,0.0,1.0,1.0,0.0,0.0,1.0,1.0,0.0,1.0,0.0,1.0,0.0,0.0,1.0,1.0,0.0,1.7332237652903097,1.0,1.0,1.0,18.43058313400537,0.0,1.0,1.0,1.0,0.0,1.0,4.258228473139483,0.0,1.0,1.305694350412301,0.0,1.0,0.5743429899245479,0.921636739189618,0.0,1.0,0.0,1.0,1.0,0.0,1.0,0.0,1.0,1.0,0.0,1.0,1.0,1.0,0.0,-0.8989580393724007,-0.6453040885321097,0.0,0.4637696579895007,1.5302098524705727,0.8882286244288455,5,7,0.8979591836734696,-0.5,0.0,0.0,1.0,0.0,0.0,0.0,0.0,0.0,0.0,0.0,0.0,0.0,0.0,-1.0,0.0,0.0,0.0,0
VAR_001872,-0.028349346833319734,1.947600068275711,0.06790224609057914,-0.003297277929126582,0.1037646352214413,-0.004374599840224216,0.004329744283902507,-0.04870954092783698,3.106693537209221,0.0,-0.0641978766350311,16,0.0,0.0,0.0,0.0,0.0,0.0,0.0,1.0,1.0,1.0,1.0,0.0,0.0,-1.0,1.0,1.0,0.0,0.0,1.0,0.20181765340439137,0.0,1.0,0.0,1.0,-1.0,0.0,1.0,0.0,1.0,1.0,1.0,1.0,0.0,1.0,0.0,3,0.0,0.0,1,1,-1.151996152386982,-0.5262990012675877,0.0,0.0,0.0,1.0,0.0,1.0,1.0,0.0,1.0,1.0,0.0,0.0,1.0,1.0,0.0,1.0,0.0,1.0,0.0,-0.029784609760813773,1.0,0.0,0.0,0.0,1.0,0.0,1.0,0.0,0.0,1.0,0.0,-0.005259968545623926,1,-0.0654112671191167,1.0,1.0,1.0,0.0,1.0,0.0,0.14933182843732276,0.0,0.0,0.0,1.0,0.0,1.0,0.0,0.0,0.0,0.0,0.0,1.0,1.0,0.0,1.0,1.0,1.0,0.0,0.0304773288974686,1.0,0.0,1.0,1.0,1.0,0.0,0.0,1.0,1.0,0.0,1.0,0.0,2.0,0.0,1.0,0.0,0.0,0.9347035754528833,0.0,1.0,0.0,0.0,0.0,0.0,0.0,0.0,1.0,0.0,4.258228473139483,0.0,0.0,-0.0028761444372805704,1.0,0.0,0.9665680724760786,0.9193324047808332,0.0,0.0,0.0,0.0,1.0,1.0,0.0,0.0,0.0,1.0,-1.0,0.0,0.0,1.0,0.0,0.19261384967451264,0.2578292814939795,0.0,0.21460436138761108,1.5302098524705727,0.7780251860926846,17,17,-0.48979591836734704,0.0,2.0,0.0,0.0,0.0,0.0,0.0,0.0,0.0,0.0,0.0,0.0,0.0,0.0,0.0,0.0,1.0,0.0,1
VAR_001783,-0.03094110420452859,-0.010773901391877635,-0.03058050730181087,-0.003297300617358987,-0.009451491828640015,-0.004386144604169666,-0.04355318588241938,-0.04871026415763731,-0.029164936185471856,0.0,-0.06429630933450887,8,0.0,0.0,0.0,0.0,0.0,0.0,0.0,0.0,0.0,0.0,0.0,-1.0,0.0,-1.0,0.0,0.0,0.0,0.0,0.0,-0.0002184642160578666,-1.0,0.0,0.0,0.0,-1.0,0.0,0.0,0.0,0.0,0.0,0.0,0.0,0.0,0.0,-1.0,7,0.0,0.0,3,3,0.3309998015650826,0.515636759846221,0.0,0.0,0.0,0.0,0.0,0.0,0.0,0.0,0.0,0.0,0.0,0.0,0.0,0.0,0.0,0.0,0.0,0.0,0.0,-0.029802287781288805,0.0,0.0,0.0,0.0,0.0,0.0,0.0,0.0,0.0,0.0,0.0,-0.005259968545623926,3,-0.07266027357335841,0.0,0.0,0.0,0.0,0.0,0.0,-0.00056940109756634,0.0,0.0,0.0,0.0,0.0,0.0,0.0,0.0,0.0,0.0,0.0,0.0,0.0,0.0,0.0,0.0,0.0,0.0,0.0,0.0,0.0,0.0,0.0,0.0,0.0,0.0,0.0,0.0,0.0,0.0,0.0,0.0,0.0,0.0,0.0,0.0,0.0,0.0,0.0,0.0,-3.089901920960828e-05,0.0,0.0,0.0,0.0,0.0,0.0,0.0,0.0,0.0,-0.042961276297641966,0.0,0.0,-0.0334319275239214,-0.0839496243436218,0.0,0.0,0.0,0.0,0.0,0.0,0.0,0.0,0.0,0.0,-1.0,0.0,0.0,0.0,-1.0,0.19261384967451264,-0.13168862655827554,0.0,0.0681544371038888,-0.5593630519168266,0.9487643855421934,5,10,0.1836734693877551,1.0,0.0,0.0,0.0,0.0,0.0,0.0,0.0,1.0,0.0,0.0,0.0,0.0,0.0,,-1.0,0.0,0.0,1
VAR_001873,-0.004648289973613185,0.13847210682241765,-0.011091758722288396,13.749060583183455,1.342107004038609,0.6117603687426094,-0.037232660810555214,-0.03243754481212406,0.29416992777890033,0.0005480844177473195,-0.00954663635720739,7,0.0,0.051371072162797,0.0,1.0,0.0,1.0,0.0,1.0,0.0,0.0,1.0,0.0,1.0,0.0,0.0,1.0,1.0,1.0,0.0,0.41767252311731057,0.0,0.0,1.0,0.0,0.0,1.0,0.0,1.0,1.0,1.0,0.0,1.0,0.0,0.0,0.0,6,0.0,1.0,3,3,-0.9985272186014634,-1.0019460424798479,-1.6777217770065886,0.0,1.0,1.0,1.0,0.0,0.0,0.0,0.0,0.0,1.0,1.0,0.0,0.0,0.0,1.0,1.0,0.0,1.0,75.99032775548223,0.0,0.0,1.0,1.0,0.0,1.0,0.0,1.0,0.0,0.0,1.0,43.71082467452586,3,0.006157400868819237,1.0,0.0,0.0,0.0,0.0,0.0,1.1161634956762805,0.0,0.0,1.0,1.0,0.0,1.0,1.0,1.0,0.9470401260927084,0.0,0.0,0.0,0.0,0.0,1.0,1.0,1.0,0.0,0.0,1.0,0.0,1.0,0.0,1.0,0.0,0.0,0.0,0.0,0.5845943191716872,1.0,0.0,2.0,0.0,1.0,0.0,0.0,1.1339902182475499,0.0,1.0,1.0,-3.089901860371129e-05,0.0,1.0,0.0,1.0,1.0,0.0,4.258228473139483,1.0,1.0,0.017500802958151023,0.0,1.0,0.6935223874761594,0.9214562784596985,1.0,0.0,0.0,0.0,0.0,0.0,1.0,0.0,0.0,0.065559902467888,0.0,1.0,0.0,1.0,0.0,-0.2955862744136149,0.2578292814939795,0.0,0.410953737796302,1.0254157571382312,0.8434216301698714,17,13,-0.2857142857142858,1.0,0.0,0.0,0.0,0.0,0.0,0.0,0.0,1.0,0.0,0.0,0.0,0.0,0.0,,0.0,0.0,0.0,1
VAR_001871,15.446360102339517,1.9473378296309136,0.26918678729543943,0.15158486821794906,13.113916718907568,-0.004386144604029014,-0.04263940116822148,4.549688796152175,-0.029164929969086067,2.901502089960645,-0.02064484862553134,0,0.0,0.0042386313032603,1.0,1.0,1.0,1.0,0.0,1.0,0.0,1.0,0.0,0.0,1.0,0.0,1.0,1.0,0.0,1.0,0.0,-0.0002184640853101335,0.0,1.0,0.0,0.0,0.0,0.0,0.0,1.0,1.0,1.0,0.0,1.0,1.0,1.0,0.0,1,1.0,0.0,4,4,-1.0811326380215016,-9.539524176963944,-34.06517700140642,1.0,1.0,0.0,1.0,1.0,0.0,1.0,0.0,1.0,1.0,1.0,1.0,1.0,0.0,1.0,1.0,1.0,0.0,0.05800897727917906,0.0,0.0,0.0,0.0,1.0,0.0,0.0,1.0,1.0,0.0,1.0,0.035556724715122015,4,-0.015206551091706145,0.0,0.0,1.0,1.0,0.0,0.0,0.0018729394840278544,0.0,0.0,1.0,0.0,0.0,1.0,1.0,1.0,1.0,1.0,1.0,0.0,1.0,1.0,1.0,0.0,1.0,0.0,0.9461918515984924,0.0,1.0,0.0,1.0,0.0,1.0,1.0,0.0,0.0,0.0,0.0,1.0,0.0,0.0,1.0,0.0,1.0,1.7332237652903097,0.0,0.0,0.0,5.655640285961012,0.0,1.0,0.0,1.0,1.0,0.0,0.0,0.0,1.0,-0.03937685083317239,0.0,1.0,0.9665680724760786,0.4844516591271793,1.0,0.0,0.0,0.0,0.0,1.0,0.0,0.0,0.0,0.0,-1.0,1.0,1.0,0.0,0.0,0.19261384967451264,-0.34729404679481163,-51.95394347496718,-2.2552623152047944,-10.763894281360882,-1.929929612131668,9,21,-0.7959183673469389,0.0,0.5,0.0,0.0,0.0,0.0,0.0,0.0,0.0,0.0,0.0,0.0,1.0,0.0,,0.0,0.0,1.0,0
VAR_001812,0.06149457008245244,-0.01076602013703729,2.063378388563067,-0.0032815996553576796,0.02598574342627843,0.06338883643717184,-0.03967087722598143,0.16858760896137295,-0.024956252258916078,0.0,0.3385926660230924,16,0.0,0.0,0.0,0.0,0.0,0.0,0.0,0.0,0.0,1.0,0.0,0.0,0.0,-1.0,1.0,0.0,1.0,1.0,1.0,0.1874232036268014,0.0,1.0,1.0,0.0,-1.0,1.0,1.0,1.0,0.7081032027891587,1.0,1.0,1.0,0.0,1.0,0.0,3,0.0,1.0,3,3,-0.07061254499102973,0.08902134455421497,0.0,1.0,1.0,1.0,0.0,1.0,0.0,0.0,1.0,1.0,1.0,1.0,0.0,0.0,1.0,0.0,1.0,1.0,0.0,0.05258693415499682,1.0,0.0,0.0,1.0,0.0,1.0,0.0,0.0,1.0,0.0,0.0,-0.005259968545623926,3,5.1027839766798495,0.0,0.0,0.0,0.0,1.0,1.0,0.02404798398362238,1.0,1.0,1.0,0.0,1.0,0.0,1.0,1.0,0.0,0.0,0.670760472573678,0.0,1.0,1.0,1.0,1.0,0.0,0.0,0.0,1.0,0.0,0.0,1.0,1.0,1.0,0.0,0.0,1.0,0.0,0.0,1.0,0.0,0.0,0.0,1.0,0.0,0.0,1.0,0.0,1.0,29.499284502523523,1.0,0.0,1.0,1.0,0.0,1.0,0.0,0.0,0.0,7.993304466050074,1.0,0.0,0.9665680724760786,-0.0550026280791374,1.0,0.0,0.0,1.0,0.0,1.0,0.0,0.0,1.0,0.0,0.0,1.0,0.0,0.0,-1.0,0.19261384967451264,0.2529337531431457,-0.3974006628048434,0.7521659575664773,-0.30511929251739534,0.9487643855421934,7,17,-0.5714285714285715,-0.5,2.0,0.0,0.0,0.0,0.0,0.0,0.0,0.0,0.0,0.0,0.0,0.0,0.0,0.0,0.0,1.0,0.0,1
VAR_001856,-0.03094110420452859,-0.010773901391877635,-0.03058050730181087,-0.003297300617358987,-0.009451491828640015,-0.004386144604169666,-0.04355318588241938,-0.04871026415763731,-0.029164936185471856,0.0,-0.06429630933450887,8,0.0,0.0,0.0,0.0,0.0,0.0,0.0,0.0,0.0,0.0,0.0,-1.0,0.0,-1.0,0.0,0.0,0.0,0.0,0.0,-0.0002184642160578666,-1.0,0.0,0.0,0.0,-1.0,0.0,0.0,0.0,0.0,0.0,0.0,0.0,0.0,0.0,-1.0,7,0.0,0.0,0,0,-1.57181597073607,-0.5386777909821345,-1.423582551329271,0.0,0.0,0.0,0.0,0.0,0.0,0.0,0.0,0.0,0.0,0.0,0.0,0.0,0.0,0.0,0.0,0.0,0.0,-0.029802287781288805,0.0,0.0,0.0,0.0,0.0,0.0,0.0,0.0,0.0,0.0,0.0,-0.005259968545623926,0,-0.07266027357335841,0.0,0.0,0.0,0.0,0.0,0.0,-0.00056940109756634,0.0,0.0,0.0,0.0,0.0,0.0,0.0,0.0,0.0,0.0,0.0,0.0,0.0,0.0,0.0,0.0,0.0,0.0,0.0,0.0,0.0,0.0,0.0,0.0,0.0,0.0,0.0,0.0,0.0,0.0,0.0,0.0,0.0,0.0,0.0,0.0,0.0,0.0,0.0,0.0,-3.089901920960828e-05,0.0,0.0,0.0,0.0,0.0,0.0,0.0,0.0,0.0,-0.042961276297641966,0.0,0.0,-0.0334319275239214,-0.0839496243436218,0.0,0.0,0.0,0.0,0.0,0.0,0.0,0.0,0.0,0.0,-1.0,0.0,0.0,0.0,-1.0,0.19261384967451264,0.2578292814939795,0.0,0.03325808339415066,-0.25808862484527456,0.06390654427402755,11,19,-0.6734693877551021,-0.5,0.0,0.0,0.0,0.0,0.0,0.0,0.0,0.0,0.0,0.0,0.0,1.0,0.0,,-1.0,0.0,0.0,1
VAR_001819,-0.030446265767204116,-0.010619723067186988,12.453887244029548,1.8153841493794083,0.07322633209678499,7.1769904833367155,-0.028288171975683746,-0.048680731346086206,0.037347283603013905,0.0201874211358742,2.333122878605376,23,0.0,0.0,0.0,0.0,0.0,0.0,0.0,0.0,1.0,0.0,0.0,0.0,1.0,0.0,0.0,1.0,0.0,1.0,0.0,0.014964523428283628,-1.0,0.0,0.0,0.0,-1.0,1.0,0.0,0.0,1.0,0.0,1.0,1.0,0.0,1.0,0.0,3,0.0,1.0,2,2,0.09680370989836247,0.206485354200827,0.0,1.0,1.0,1.0,0.0,0.0,1.0,1.0,1.0,0.0,1.0,0.3067220345285742,0.0,0.0,0.0,1.0,1.0,1.0,1.0,-0.029341680722584015,0.0,1.0,1.0,0.0,0.0,1.0,0.0,0.0,1.0,1.0,0.0,-0.005259968545623926,2,-0.06968778032539334,0.0,0.0,0.0,0.0,0.0,0.0,-0.00056940109756634,0.0,0.0,0.0,0.0,0.0,0.0,0.0,0.0,0.0,0.0,0.0,0.0,0.0,0.0,0.0,0.0,0.0,0.0,0.0,0.0,0.0,0.0,0.0,0.0,0.0,0.0,0.0,0.0,0.0,0.0,0.0,0.0,0.0,0.0,0.0,0.0,0.0,0.0,0.0,0.0,-3.089901920960828e-05,0.0,0.0,0.0,0.0,0.0,0.0,0.0,0.0,0.0,-0.040781025487190384,1.0,1.0,0.29186234076904244,-0.08290229355168055,0.0,0.0,0.0,0.594071227692388,1.0,0.0,0.0,1.0,1.0,0.0,0.0,1.0,1.0,1.0,0.0,0.1289697583194424,0.09127421813386734,0.0,-0.11213097063595961,-0.5137027536021449,-0.15639059857231075,8,24,0.653061224489796,1.5,0.0,0.0,0.0,0.0,0.0,0.0,1.0,0.0,0.0,0.0,0.0,0.0,0.0,-1.0,0.0,0.0,0.0,1
VAR_001971,-0.030454644076089207,-0.010652464547323775,-0.02976113528658656,-0.003206331480377573,27.881247100213198,-0.003192213341814308,-0.04322693516833288,-0.046365387646297725,-0.029125859750343784,0.0,0.3174711050764419,16,0.0,0.0,0.0,0.0,0.0,0.0,0.0,0.0,0.0,0.0,0.0,-1.0,0.0,-1.0,0.0,0.0,0.0,0.0,0.0,-0.0002184642160578666,-1.0,0.0,0.0,0.0,-1.0,0.0,0.0,0.0,0.0,0.0,0.0,0.0,0.0,0.0,-1.0,7,0.0,0.0,1,1,-0.7292887583582458,-2.066079352895726,-4.912070221522988,0.0,0.0,0.0,0.0,0.0,0.0,0.0,0.0,0.0,0.0,0.0,0.0,0.0,0.0,0.0,0.0,0.0,0.0,-0.029802287781288805,0.0,0.0,0.0,0.0,0.0,0.0,0.0,0.0,0.0,0.0,0.0,-0.005259968545623926,1,0.04607036142595057,1.0,0.0,0.3665518544441168,1.0,1.0,1.0,1.128511997369189,0.0,0.0,1.0,1.0,1.0,0.0,0.0,0.0,0.0,0.0,1.0,0.0,0.0,1.0,0.0,1.0,1.0,0.0,0.5739791353351759,1.0,0.0,0.0,0.0,1.0,0.0,0.0,1.0,0.0,1.0,0.0,1.0,2.0,0.0,1.0,1.0,0.0,1.7332237652903097,1.0,1.0,0.0,-3.08980236699125e-05,0.0,0.0,0.0,0.0,0.0,1.0,4.258228473139483,0.0,0.0,-0.04257008248536091,0.0,1.0,0.1308589671659132,-0.06685395423479887,1.0,1.0,1.0,1.0,1.0,0.0,0.0,0.0,0.0,0.0,0.0,0.0,1.0,1.0,0.0,-3.0623831973607665,0.2530646775317396,0.0,-2.3877432785947983,0.7321299511494351,-0.8394507412175831,15,17,0.06122448979591834,1.0,0.0,0.0,1.0,0.0,0.0,0.0,0.0,0.0,0.0,0.0,0.0,0.0,0.0,0.0,-1.0,1.0,0.0,0
VAR_001938,1.9190719899199573,0.28080753271394404,0.2084423340768117,0.09616102331429362,-0.009451491828639698,-0.004386131287615479,2.9464330189316374,0.02373325869556513,-0.02746458301791934,0.0,1.0822141655684827,16,0.0,0.0,0.0,0.0,0.0,0.0,0.0,0.0,0.0,0.0,0.0,-1.0,0.0,-1.0,0.0,0.0,0.0,0.0,0.0,-0.0002184642160578666,-1.0,0.0,0.0,0.0,-1.0,0.0,0.0,0.0,0.0,0.0,0.0,0.0,0.0,0.0,-1.0,7,0.0,0.0,2,2,0.3915856608881305,-0.11274437191272574,0.0,0.0,0.0,0.8083762861889349,0.0,0.0,0.0,0.0,1.0,1.0,0.0,0.0,0.0,1.0,0.0,1.0,0.0,0.0,0.0,4.20169464366679,1.0,1.0,1.0,1.0,1.0,1.0,1.0,1.0,0.0,1.0,0.0,-0.005259968545623926,2,-0.07227040159921308,0.0,0.0,0.0,0.0,0.0,0.0,-0.00056940109756634,0.0,0.0,0.0,0.0,0.0,0.0,0.0,0.0,0.0,0.0,0.0,0.0,0.0,0.0,0.0,0.0,0.0,0.0,0.0,0.0,0.0,0.0,0.0,0.0,0.0,0.0,0.0,0.0,0.0,0.0,0.0,0.0,0.0,0.0,0.0,0.0,0.0,0.0,0.0,0.0,-3.089901920960828e-05,0.0,0.0,0.0,0.0,0.0,0.0,0.0,0.0,1.0,-0.04182579401617481,1.0,1.0,-0.0334319275239214,-0.08392557441808783,1.0,1.0,0.0,0.0,0.0,0.0,1.0,1.0,1.0,0.0,0.0,1.0,0.0,1.0,-1.0,0.19261384967451264,0.2578292814939795,-1.2986467491917806,0.2221203086011334,-1.178379916494592,-0.22227158349734513,8,4,0.20408163265306126,0.0,0.0,0.0,0.0,0.0,0.0,1.0,0.0,0.0,0.0,0.0,0.0,0.0,0.0,0.0,-1.0,1.0,0.0,1
VAR_001809,-0.02634458150070059,-0.01006459336157671,0.017184301984924315,-0.0032459609838754316,-0.009451197954727424,-0.0028336136824885674,-0.041823160896580336,1.1732591464760558,11.859543344522663,0.0,-0.038300115182976456,16,0.0,0.0,0.0,0.0,0.0,0.0,0.0,0.0,1.0,1.0,0.0,0.0,0.0,-1.0,1.0,1.0,1.0,0.0,0.0,-0.00021846419505096692,0.0,0.0,1.0,0.0,-1.0,0.0,0.0,0.0,0.0,0.0,0.0,0.0,0.0,0.0,-1.0,7,0.0,0.0,4,4,-0.22029917515959346,-1.6778272242151742,0.0,0.0,0.0,1.0,1.0,1.0,0.0,1.0,0.0,0.0,0.0,0.0,1.0,0.0,0.0,0.0,1.0,1.0,0.0,0.014502329693120082,0.0,1.0,0.0,1.0,0.0,0.0,1.0,0.0,0.0,1.0,0.0,148.8210451560061,4,0.010938008936754862,0.0,0.0,0.0,0.0,0.0,0.0,-0.00056940109756634,0.0,0.0,0.0,0.0,0.0,0.0,0.0,0.0,0.0,0.0,0.0,0.0,0.0,0.0,0.0,0.0,0.0,0.0,0.0,0.0,0.0,0.0,0.0,0.0,0.0,0.0,0.0,0.0,0.0,0.0,0.0,0.0,0.0,0.0,0.0,0.0,0.0,0.0,0.0,0.0,-3.089901920960828e-05,0.0,0.0,0.0,0.0,0.0,0.0,0.0,0.0,1.0,-0.04051691235931768,0.0,1.0,-0.0334319275239214,-0.08394962241141664,0.0,0.0,0.0,1.0,0.0,0.0,0.0,0.0,0.0,1.0,0.0,0.0,1.0,0.0,0.0,-0.8020079544335409,0.2578292814939795,-1.014051731693052,-0.07396656019203046,-0.5126198465945062,-0.059258465952378346,11,19,-0.6734693877551021,-0.5,0.0,0.0,0.0,0.0,0.0,0.0,0.0,0.0,0.0,0.0,0.0,1.0,0.0,0.0,-1.0,1.0,0.0,1
VAR_001806,1.0713040277871504,1.9519832311704253,0.4480214345840882,0.5138969306599386,0.8888943972924274,1.1425564778393813,0.3549825410112682,1.5590420011647408,17.781479612849825,4.988953501986351,0.7447081036799716,15,1.0,0.0012823931902809,1.0,1.0,0.099965216147566,1.0,0.4069758117268689,1.0,0.0,0.0,1.0,0.0,1.0,0.0,1.0,1.0,0.0,0.0,1.0,0.6406853064178145,0.0,1.0,0.0,1.0,0.0,1.0,1.0,1.0,0.0,0.0,1.0,0.0,1.0,1.0,0.0,4,1.0,1.0,4,4,0.48532146515721625,0.5771487008278006,1.4370866763694705,0.0,1.0,1.0,0.0,1.0,0.0,0.0,1.0,1.0,1.0,0.0,1.0,0.0,1.0,1.0,1.0,1.0,1.0,6.283319321381398,1.0,1.0,1.0,1.0,1.0,0.0,0.0,1.0,0.0,0.0,0.0,1.6494459714073348,4,0.6417025732064681,0.0,0.0,0.0,1.0,0.0,0.9185449018584614,0.004914496144050555,1.0,1.0,1.0,1.0,0.0,1.0,1.0,1.0,0.0,1.0,0.0,1.0,1.0,1.0,0.0,1.0,0.0,0.0,0.692993358568052,1.0,1.0,1.0,1.0,1.0,1.0,1.0,1.0,1.0,0.0,0.0,0.0,2.0,1.0,0.0,1.0,0.0,1.7332237652903097,1.0,0.9463964793915366,1.0,0.5469669663350464,1.0,0.0,1.0,1.0,0.0,0.0,0.0,1.0,0.0,1.11066151820637,1.0,1.0,0.057442771968929794,-0.0839493347594432,0.0,1.0,0.0,1.0,0.0,1.0,1.0,1.0,0.0,0.0,0.0,1.0,1.0,0.0,0.0,-1.2162837536373292,0.2578292814939795,-1.6786361203355389,0.09156557064474861,0.19937775091271245,0.03151490558680782,9,21,-0.7959183673469389,0.0,0.5,0.0,0.0,0.0,0.0,0.0,0.0,0.0,0.0,0.0,0.0,1.0,0.0,0.0,0.0,0.0,0.0,0
VAR_001883,-0.02996153901463883,-0.006976845647145208,1.6776839918321624,-0.0032921522119667163,-0.009448211197632743,0.05519784966491417,0.06558494199420636,-0.04635676547911825,23.70983865047641,0.0,-0.050503524084102365,19,0.0,0.0,0.0,0.0,0.0,0.0,0.0,0.0,1.0,0.0,1.0,0.0,1.0,0.0,0.0,0.0,1.0,1.0,0.0,-0.00021799048980122054,0.0,1.0,1.0,1.0,0.0,1.0,1.0,0.0,1.0,1.0,1.0,1.0,1.0,1.0,0.0,6,1.0,1.0,1,1,-1.6214970538622093,-2.59022766265488,-5.521811484550576,1.0,1.0,1.0,0.0,0.0,0.0,1.0,1.0,0.0,1.0,0.0,0.0,0.0,0.0,1.0,1.0,1.0,1.0,0.08494729670110979,1.0,0.0,1.0,0.0,0.0,0.0,1.0,1.0,0.0,0.0,0.0,-0.005259968545623926,1,-0.05632955913365366,0.0,0.0,1.0,0.0,1.0,1.0,0.34437949456604167,1.0,1.0,1.0,1.0,0.0,0.0,0.0,1.0,1.0,0.0,1.0,0.0,1.0,1.0,1.0,1.0,0.0,0.0,0.0,1.0,0.0,0.0,1.0,1.0,1.0,1.0,0.0,0.0,1.0,0.0,0.0,0.0,1.0,1.0,1.0,1.0,1.7332237652903097,0.0,0.0,1.0,7.6795653645044615,0.0,1.0,0.0,1.0,0.0,0.0,2.0,1.0,0.0,-0.010302194512659964,1.0,0.0,-0.0334319275239214,0.9208064577926641,1.0,1.0,1.0,0.0,0.0,0.0,0.0,0.0,0.0,1.0,-1.0,0.0,1.0,0.0,-1.0,0.19261384967451264,0.2578292814939795,0.0,-1.8571645568033277,1.5302098524705727,-0.49584221721195204,16,19,1.0204081632653061,0.0,2.0,0.0,0.0,0.0,0.0,0.0,0.0,0.0,0.0,0.0,0.0,0.0,0.0,0.0,0.0,0.0,0.0,1
VAR_001978,-0.03094110420452859,-0.010773901391877635,-0.03058050730181087,-0.003297300617358987,-0.009451491828640015,-0.004386144604169666,-0.04355318588241938,-0.04871026415763731,-0.029164936185471856,0.0,-0.06429630933450887,8,0.0,0.0,0.0,0.0,0.0,0.0,0.0,0.0,0.0,0.0,0.0,-1.0,0.0,-1.0,0.0,0.0,0.0,0.0,0.0,-0.0002184642160578666,-1.0,0.0,0.0,1.0,0.0,1.0,1.0,1.0,0.0,0.0,0.0,0.0,0.0,0.0,0.0,6,0.0,1.0,4,4,0.22699782975362418,0.5655297910127649,0.0,0.0,0.0,0.0,0.0,0.0,0.0,0.0,0.0,0.0,0.0,0.0,0.0,0.0,0.0,0.0,0.0,0.0,0.0,-0.029802287781288805,0.0,0.0,0.0,0.0,0.0,0.0,0.0,0.0,0.0,0.0,0.0,-0.005259968545623926,4,-0.056329502399360215,0.0,0.0,0.0,0.0,0.0,0.0,-0.00056940109756634,0.0,0.0,0.0,0.0,0.0,0.0,0.0,0.0,0.0,0.0,0.0,0.0,0.0,0.0,0.0,0.0,0.0,0.0,0.0,0.0,0.0,0.0,0.0,0.0,0.0,0.0,0.0,0.0,0.0,0.0,0.0,0.0,0.0,0.0,0.0,0.0,0.0,0.0,0.0,0.0,-3.089901920960828e-05,0.0,0.0,0.0,0.0,0.0,0.0,0.0,0.0,0.0,-0.042961276297641966,0.0,0.0,-0.0334319275239214,-0.0839496243436218,0.0,0.0,0.0,0.0,0.0,0.0,0.0,0.0,0.0,0.0,-1.0,0.0,0.0,0.0,-1.0,0.19261384967451264,-1.0347082729092096,0.0,-0.051079646317970205,0.0963584115565786,0.02418769724447965,11,14,-0.8367346938775512,-1.0,1.0,0.0,0.0,0.0,0.0,0.0,0.0,0.0,0.0,0.0,0.0,1.0,0.0,,0.0,0.0,0.0,1
VAR_001885,53.12808561537707,0.07641434300708966,0.02870722010970355,2.1383577514297714,2.0761192282196896,33.52927029296388,2.501259852147335,0.37869328926321383,6.825270233099988,4.07475399864685,0.9074072297847565,27,0.0,0.0002447188389483,1.0,0.1841691539343404,1.0,1.0,1.0,1.0,0.0,1.0,1.0,0.0,1.0,0.0,0.0,0.0,0.0,1.0,0.0,0.6147410526782542,0.0,0.0,1.0,1.0,0.0,1.0,1.0,1.0,1.0,0.0,1.0,0.0,1.0,0.0,0.0,4,0.0,0.0,3,3,-1.5422529435578287,-2.3570974042977904,0.0,0.0,0.0,0.0,1.0,0.0,1.0,0.0,0.0,1.0,1.0,0.0,1.0,1.0,1.0,1.0,0.0,1.0,0.0,25.60166790883081,0.0,1.0,1.0,1.0,0.0,0.0,0.0,1.0,1.0,1.0,0.0,1.8183093791987024,3,0.04490613152987274,1.0,1.0,0.0,1.0,0.0,1.0,-0.000569400902777413,1.0,1.0,1.0,1.0,1.0,1.0,1.0,1.0,0.9016766161394576,0.0,0.0,1.0,0.0,0.0,1.0,1.0,1.0,0.0,0.0,0.0,1.0,0.0,0.0,1.0,0.0,1.0,1.0,0.0,1.0,1.0,1.0,0.0,1.0,1.0,0.0,1.0,0.0,0.0,0.0,0.0,31.047314177416062,1.0,1.0,0.0,0.0,1.0,0.0,0.0,1.0,1.0,0.06337534833621639,1.0,0.0,0.9665680724760786,0.44572943534495696,1.0,1.0,0.0,1.0,1.0,1.0,0.0,0.0,0.0,0.0,0.0,1.0,1.0,0.0,0.0,0.19261384967451264,0.20307743053271937,0.0,0.021756807247675064,0.48842749000131275,-0.49077269690320313,21,9,0.32653061224489793,2.0,0.5,0.0,0.0,0.0,0.0,0.0,0.0,1.0,0.0,0.0,0.0,0.0,0.0,-1.0,0.0,0.0,0.0,0
VAR_001776,-0.030454091981432962,1.945002569989213,5.70733225368143,-0.0031682718133437624,10.276457768090884,-0.004386144597609813,0.41878129730571856,-0.04862346902979475,-0.02916003192890173,0.0,-0.05527616798106966,16,0.0,0.0,0.0,0.0,0.0,0.0,0.0,0.0,0.0,0.0,0.0,-1.0,0.0,-1.0,0.0,0.0,0.0,0.0,0.0,-0.0002184642160578666,-1.0,0.0,0.0,0.0,-1.0,0.0,0.0,0.0,0.0,0.0,0.0,0.0,0.0,0.0,-1.0,7,0.0,0.0,3,3,0.5825594055038771,-1.460003934215999,-2.9641459491823663,1.0,1.0,0.0,1.0,0.0,0.0,1.0,0.0,1.0,0.0,0.0,1.0,1.0,1.0,1.0,0.0,0.0,1.0,0.21605714806410573,0.0,0.0,0.0,1.0,0.0,0.0,0.0,0.0,0.0,1.0,0.0,-0.005259968545623926,3,0.2726687166927442,0.0,0.0,0.0,0.0,0.0,0.0,-0.00056940109756634,0.0,0.0,0.0,0.0,0.0,0.0,0.0,0.0,0.0,0.0,0.0,0.0,0.0,0.0,0.0,0.0,0.0,0.0,0.0,0.0,0.0,0.0,0.0,0.0,0.0,0.0,0.0,0.0,0.0,0.0,0.0,0.0,0.0,0.0,0.0,0.0,0.0,0.0,0.0,0.0,-3.089901920960828e-05,0.0,0.0,0.0,0.0,0.0,0.0,0.0,0.0,0.0,-0.04256712528738356,0.0,1.0,0.9665680724760786,-0.0839224089862491,1.0,0.0,1.0,1.0,0.0,0.0,0.0,1.0,1.0,0.0,0.0,0.0,1.0,0.0,0.0,-0.7884738938314186,0.2578292814939795,-1.7501809355087858,-0.11126821055664114,0.6125827618678459,0.9487643855421934,7,17,-0.5714285714285715,-0.5,2.0,0.0,0.0,0.0,0.0,0.0,0.0,0.0,0.0,0.0,0.0,0.0,0.0,0.0,-1.0,1.0,0.0,1
VAR_001939,-0.02947524118392898,-0.010764976466429129,1.0578695693630862,4.245015515194724,8.392756037730386,-0.004386144604169197,-0.04300562851684382,1.7787992146038236,-0.029164936185230788,9.403123486174691e-09,-0.00973195496713525,6,0.4013553454580906,0.000179712460316,1.0,0.0,0.0,0.691194494673552,0.0,0.0,0.0,1.0,1.0,0.0,1.0,0.0,1.0,0.0,1.0,0.0,0.0,12.251133369367011,0.0,0.0,1.0,1.0,0.0,0.0,0.0,0.0,1.0,1.0,0.0,1.0,0.0,0.0,0.0,0,1.0,1.0,3,3,0.30918417006060206,0.8170757063287679,0.0,1.0,1.0,0.0,0.0,1.0,0.0,0.0,0.0,1.0,0.0,1.0,0.0,1.0,0.0,0.0,1.0,1.0,1.0,0.03146179383502718,0.0,0.0,1.0,1.0,1.0,1.0,1.0,0.0,0.0,1.0,0.0,0.005258576817132173,3,0.00673796069728909,0.0,0.0,1.0,1.0,1.0,1.0,0.7832349459605141,1.0,1.0,0.0,0.0,0.0,1.0,1.0,1.0,1.0,1.0,1.0,1.0,0.0,0.0,1.0,0.0,1.0,0.0,1.0,0.0,0.0,1.0,0.0,1.0,1.0,0.0,1.0,1.0,1.0,1.0,0.0,2.0,1.0,0.0,0.0,1.0,0.0,0.0,0.0,0.0,0.002926839360093403,1.0,1.0,1.0,0.0,0.0,1.0,0.0,0.0,1.0,-0.041787427932232765,0.0,0.0,-0.0334319275239214,-0.08392145714078096,0.0,1.0,0.0,0.0,1.0,1.0,1.0,0.0,1.0,1.0,0.0,1.0,0.0,1.0,0.0,-1.9069151738198415,-0.5372288354817686,0.0,0.9361561651683469,0.47629088599173974,0.9487643855421934,7,17,-0.5714285714285715,-0.5,2.0,0.0,0.0,0.0,0.0,0.0,0.0,0.0,0.0,0.0,0.0,0.0,0.0,,0.0,0.0,1.0,1
VAR_001949,-0.024707496744750274,0.8378731922690538,1.6482651940747184,-0.0026581783255229243,0.0003033647899750047,0.5513436086402208,-0.04305475466107072,1.1632095534477995,6.80168215731159,0.0,0.054076275853315516,11,0.0,0.0,0.0,0.0,0.0,0.0,0.0,0.0,0.0,0.0,0.0,-1.0,0.0,-1.0,0.0,0.0,0.0,0.0,0.0,-0.0002184642160578666,-1.0,0.0,0.0,1.0,0.0,0.0,0.0,1.0,0.0,0.0,0.0,0.0,1.0,1.0,0.0,1,0.0,1.0,3,3,0.29092250665749936,0.3123677989036947,0.0,1.0,0.0,0.8481278248766966,0.0,0.0,1.0,1.0,0.0,1.0,1.0,0.0,1.0,1.0,0.0,1.0,1.0,0.0,0.0,0.49880057702088065,0.0,1.0,0.0,0.0,0.0,0.0,1.0,1.0,0.0,1.0,0.0,-0.005259968545623926,3,-0.06699464763577179,0.0,1.0,1.0,1.0,0.0,0.0,0.0017836237473273988,0.0,1.0,0.0,0.0,0.0,1.0,0.0,0.0,0.0,1.0,0.0,0.0,1.0,1.0,0.0,0.0,1.0,1.0,0.0,0.0,1.0,1.0,0.0,0.0,0.0,0.0,0.0,1.0,1.0,0.0,1.0,0.0,1.0,0.0,1.0,1.0,0.0,0.0,1.0,0.0,13.659806187242454,0.0,1.0,1.0,1.0,0.0,1.0,0.0,1.0,1.0,0.030620038086875807,1.0,1.0,0.9665680724760786,-0.08394367084634621,0.0,1.0,0.0,1.0,1.0,0.0,1.0,0.0,1.0,0.0,0.0,0.0,0.0,0.0,0.0,-1.7100127327339236,0.2578292814939795,-0.8182279274438272,1.0076528395227284,0.11678666071863297,0.8616814846102712,22,3,0.9591836734693877,-0.5,0.0,0.0,0.0,0.0,0.0,0.0,0.0,0.0,0.0,0.0,0.0,0.0,0.0,0.0,0.0,0.0,0.0,1
VAR_001840,0.15852776356764206,-0.010772494027835875,-0.03058049422291486,-0.003293606765217663,-0.009451491818784121,37.13901653773302,-0.03889956341154343,-0.048659985179651435,-0.029019025063843976,12.839176609127778,-0.059483190100666286,28,0.0,0.0,0.0,0.0,0.0,0.0,0.0,1.0,1.0,0.0,0.0,0.0,1.0,0.0,1.0,1.0,1.0,1.0,1.0,0.4351802980110412,0.0,0.0,1.0,1.0,0.0,1.0,1.0,0.0,1.0,1.0,0.0,0.0,1.0,0.0,0.0,3,0.0,1.0,2,2,-0.3046405193623976,-0.21279018113610906,1.4727623316075384,0.0,1.0,1.0,0.0,1.0,0.0,0.0,1.0,1.0,1.0,0.0,1.0,1.0,0.0,1.0,0.0,0.0,1.0,0.015083206613610919,1.0,0.0,0.0,0.0,0.0,1.0,0.0,0.0,1.0,0.0,1.0,32.13897730457845,2,8.017724103352531,0.0,1.0,0.0,0.0,1.0,1.0,1.1255658896043363,1.0,0.0,0.0,1.0,0.0,0.0,0.0,0.0,0.0,1.0,1.0,0.0,0.0,0.0,0.0,0.0,1.0,1.0,0.0,1.0,0.0,0.0,1.0,0.0,0.0,1.0,0.0,1.0,0.0,1.0,1.0,2.0,1.0,1.0,1.0,1.0,0.0,1.0,0.0,1.0,0.12609022418883953,1.0,0.0,1.0,0.0,1.0,0.0,0.0,1.0,1.0,14.857854772746924,1.0,0.0,0.9665680724760786,-0.08394813369622124,1.0,0.0,1.0,0.0,1.0,0.0,0.0,0.0,0.0,1.0,-1.0,1.0,1.0,0.0,0.0,0.19261384967451264,-1.8140605942273693,-0.6785350646852821,-0.019801317011587227,-0.723949304696398,-0.09916926517490098,19,9,1.326530612244898,0.0,0.5,0.0,0.0,0.0,0.0,0.0,1.0,0.0,0.0,0.0,0.0,0.0,0.0,-1.0,0.0,1.0,0.0,1
VAR_001820,0.06726982995570899,1.2809125273558932,0.09804486121168988,0.033492693453987574,0.03714832706368619,25.988620163439485,-0.01317244485944711,0.5460739451717799,7.81597279658772,0.010181354876952726,5.271297358521345,23,0.0,0.0120713115521857,1.0,0.0,0.0,1.0,0.0,0.0,0.0,0.0,1.0,0.0,1.0,0.0,1.0,1.0,0.0,0.0,1.0,1.096181200785618,0.0,0.0,1.0,1.0,0.0,0.0,1.0,1.0,1.0,1.0,0.0,0.0,1.0,1.0,0.0,1,0.0,1.0,3,3,0.02642295506389024,-1.37837254743497,-5.69539926208379,1.0,1.0,1.0,0.0,0.0,1.0,1.0,0.0,1.0,0.0,1.0,0.0,1.0,0.0,0.0,0.0,0.0,1.0,0.5128299006344019,0.0,0.0,0.0,1.0,1.0,1.0,0.0,0.0,1.0,0.0,0.0,4.548354923292103,3,1.1101327498328533,0.0,0.0,1.0,0.0,1.0,0.0,-0.0005691962193009998,1.0,1.0,0.0,0.0,0.0,0.0,1.0,1.0,1.0,1.0,1.0,0.0,0.0,1.0,0.0,1.0,0.0,0.0,0.0,0.0,1.0,1.0,0.0,0.0,1.0,1.0,0.0,1.0,1.0,1.0,1.0,0.0,0.0,1.0,0.0,1.0,0.7096623830642073,0.0,0.0,0.0,26.52690849438063,1.0,1.0,1.0,1.0,1.0,0.0,4.258228473139483,1.0,0.0,0.0634191441108799,1.0,1.0,-0.0334319275239214,0.9216367393416658,1.0,1.0,1.0,1.0,0.0,0.0,0.0,0.0,1.0,1.0,-1.0,0.0,0.0,0.0,-1.0,0.19261384967451264,-0.6345024788155483,-1.8416678552283152,-1.9003546773447,0.06791354656979433,0.22386077989655398,21,12,-0.20408163265306134,1.0,-0.5,0.0,0.0,0.0,0.0,0.0,0.0,1.0,0.0,0.0,0.0,0.0,0.0,-1.0,0.0,0.0,0.0,1
VAR_001972,-0.024621878869733,-0.010773596967915506,0.12387426088569899,-0.0032205430092058646,-0.009450671613976837,-0.00438614220770688,6.285028615519631,0.5690546201600368,0.034186487381390435,0.0,-0.06362454802040858,16,0.0,0.0,0.0,0.0,0.0,0.0,0.0,0.0,0.0,0.0,0.0,-1.0,0.0,-1.0,0.0,0.0,0.0,0.0,0.0,-0.0002184642160578666,-1.0,0.0,0.0,1.0,-1.0,1.0,1.0,0.0,0.0,0.0,1.0,0.0,0.0,0.0,0.0,3,0.0,1.0,4,4,-0.8724251858251735,-0.2819126644006148,6.671127073053713,0.0,0.0,0.0,1.0,0.0,1.0,0.0,0.0,1.0,0.0,0.0,1.0,0.0,0.0,1.0,1.0,0.0,0.0,-0.02980228718560377,1.0,1.0,1.0,1.0,0.0,1.0,0.0,0.0,0.0,0.0,0.0,-0.005259968545623926,4,-0.07156421696707277,0.0,0.0,0.0,0.0,0.0,0.0,-0.00056940109756634,0.0,0.0,0.0,0.0,0.0,0.0,0.0,0.0,0.0,0.0,0.0,0.0,0.0,0.0,0.0,0.0,0.0,0.0,0.0,0.0,0.0,0.0,0.0,0.0,0.0,0.0,0.0,0.0,0.0,0.0,0.0,0.0,0.0,0.0,0.0,0.0,0.0,0.0,0.0,0.0,-3.089901920960828e-05,0.0,0.0,0.0,0.0,0.0,0.0,0.0,0.0,1.0,-0.017070100327710048,0.0,0.0,0.9376588929215137,-0.08394962036871456,0.0,0.0,1.0,1.0,0.0,0.0,1.0,0.0,1.0,1.0,0.0,0.0,0.0,0.0,0.0,0.19261384967451264,-0.6855144066876376,0.0,0.010795142916643527,-1.0873999299939128,-0.06959837449155434,9,13,-1.3673469387755104,-1.0,0.0,0.0,0.0,0.0,0.0,0.0,0.0,0.0,0.0,0.0,1.0,0.0,0.0,0.0,0.0,1.0,0.0,1
VAR_001772,1.52282182602988,1.9456112030266697,0.3537129126162101,-0.00328291528991853,6.317617435783859,0.37361692641817024,0.0235266205387355,0.12989808653931,-0.012161981584019406,123.14241438167558,0.12199977272517255,27,0.0,0.0,0.0,0.0,0.0,0.0,0.0,1.0,0.0,1.0,0.0,0.0,0.0,0.0,1.0,1.0,0.0,1.0,1.0,-0.00021407164398761034,0.0,0.0,0.0,1.0,0.0,1.0,1.0,1.0,0.0,1.0,1.0,0.0,1.0,1.0,-1.0,4,0.0,0.0,0,0,-2.9439138252394357,-4.403517949500125,-7.933799532080853,0.0,1.0,0.0,1.0,0.0,1.0,1.0,1.0,0.0,1.0,0.0,1.0,1.0,0.0,1.0,1.0,0.0,0.0,3.4770830332916676,1.0,1.0,1.0,1.0,1.0,1.0,1.0,0.0,0.0,0.0,1.0,1.3933654645126408,0,2.8982796147385033,0.0,0.0,0.0,1.0,0.0,0.0,1.142812993847361,1.0,1.0,0.0,0.0,1.0,1.0,1.0,1.0,1.0,0.0,1.0,1.0,0.0,1.0,1.0,1.0,0.0,0.0,0.0,0.0,1.0,0.0,1.0,1.0,1.0,1.0,1.0,1.0,1.0,0.0,1.0,0.0,0.0,1.0,0.996756941487146,1.0,1.7332237652903097,1.0,0.0,1.0,20.82591954016615,1.0,0.0,0.0,1.0,0.0,1.0,4.258228473139483,0.0,0.0,0.09197733792404818,1.0,1.0,-0.0334319275239214,0.9216362757862968,1.0,0.0,0.0,0.0,1.0,0.0,0.0,1.0,0.0,1.0,0.0,1.0,0.0,1.0,-1.0,0.19261384967451264,-0.340311503374037,0.0,-2.529342942673044,-0.3019508390701738,-1.7118120958024643,21,9,0.32653061224489793,2.0,0.5,0.0,0.0,0.0,0.0,0.0,0.0,1.0,0.0,0.0,0.0,0.0,0.0,-1.0,0.0,0.0,0.0,0
VAR_001897,0.4737549526357309,-0.010773768756204076,-0.030569956158130917,32.023179601648145,0.22781568799947233,0.4735842430389624,-0.04272960168931471,-0.048704422377732,0.004579931580652826,0.0,5.757344295727203,16,0.0,0.0,0.0,0.0,0.0,0.0,0.0,0.0,0.0,0.0,0.0,-1.0,0.0,-1.0,0.0,0.0,0.0,0.0,0.0,-0.0002184642160578666,-1.0,0.0,0.0,0.0,0.0,1.0,0.0,1.0,1.0,1.0,0.0,1.0,0.0,0.0,0.0,1,1.0,0.0,3,3,0.14179730132509688,0.046076627764840686,0.0,1.0,1.0,0.0,1.0,1.0,1.0,1.0,1.0,1.0,0.0,1.0,1.0,0.0,0.0,0.0,0.0,0.0,0.0,-0.02980228763350105,1.0,0.0,0.0,0.0,1.0,0.0,0.0,1.0,0.0,0.0,0.0,-0.005259968545623926,3,0.13412837947847497,0.0,0.0,0.0,0.0,0.0,0.0,-0.00056940109756634,0.0,0.0,0.0,0.0,0.0,0.0,0.0,0.0,0.0,0.0,0.0,0.0,0.0,0.0,0.0,0.0,0.0,0.0,0.0,0.0,0.0,0.0,0.0,0.0,0.0,0.0,0.0,0.0,0.0,0.0,0.0,0.0,0.0,0.0,0.0,0.0,0.0,0.0,0.0,0.0,-3.089901920960828e-05,0.0,0.0,0.0,0.0,0.0,0.0,0.0,0.0,1.0,0.07942076803154786,1.0,1.0,-0.0334319275239214,0.8956114748303284,0.0,1.0,0.0,0.0,1.0,1.0,1.0,1.0,1.0,0.0,-1.0,0.0,1.0,0.0,0.0,-0.26496627990799815,-0.3292745620712351,0.0,0.46528104477518456,-0.06514644527286856,0.9487643855421934,7,17,-0.5714285714285715,-0.5,2.0,0.0,0.0,0.0,0.0,0.0,0.0,0.0,0.0,0.0,0.0,0.0,0.0,0.0,0.0,1.0,0.0,1
VAR_001821,-0.027371151038783858,0.025047850353701544,0.13490160662746814,-0.0032973006161670154,-0.009048466056145758,0.4454482213009787,-0.009412994024561907,48.92524935039553,-0.02916493618546741,1.758890014795623,0.11471552919700423,11,0.0,0.0,0.0,0.0,0.0,0.0,0.0,0.0,1.0,0.0,0.0,0.0,1.0,0.0,0.0,1.0,0.0,0.0,0.0,-0.00021845227598089753,0.0,1.0,1.0,0.0,0.0,0.0,1.0,1.0,1.0,1.0,0.0,0.0,1.0,0.0,0.0,5,1.0,1.0,2,2,-0.04371672542266907,0.06788012221058164,0.0,1.0,0.0,1.0,1.0,0.0,1.0,0.0,1.0,1.0,1.0,1.0,0.0,0.0,1.0,1.0,1.0,0.0,0.0,1.1777700316655368,1.0,0.0,0.0,0.0,1.0,0.0,1.0,1.0,0.0,1.0,1.0,0.009959313462679245,2,6.3968902512314045,1.0,1.0,1.0,1.0,0.0,1.0,1.1474968532133232,0.0,0.0,0.0,1.0,1.0,0.0,1.0,1.0,1.0,1.0,0.0,0.0,0.0,0.0,1.0,1.0,0.0,1.0,1.0,1.0,1.0,1.0,1.0,1.0,1.0,0.0,1.0,1.0,1.0,1.0,0.0,2.0,1.0,0.0,1.0,1.0,1.7332237652903097,1.0,0.0,0.0,-2.750897972994829e-05,0.0,1.0,0.0,0.0,0.0,0.0,4.258228473139483,1.0,0.0,3.1014885518595894,1.0,0.0,-0.0334319275239214,0.9215896341351046,0.0,1.0,1.0,1.0,0.0,0.0,0.0,1.0,0.0,1.0,0.0,1.0,1.0,0.0,0.0,0.19261384967451264,-18.741277891026073,0.0,-0.19572932029907317,-0.9999713547921912,-0.10129305918246267,14,19,0.42857142857142855,0.0,1.0,0.0,0.0,0.0,0.0,0.0,1.0,0.0,0.0,0.0,0.0,0.0,0.0,0.0,0.0,0.0,0.0,1
VAR_001858,0.039600589618699174,0.01748330713735919,-0.011889475809436802,-0.00328739057952003,-0.0032367922985062996,-0.004303222206422647,4.7238082730367195,-0.03208265753907428,2.3430536734604814,209.74585273268931,0.10485388677406358,7,0.0,0.0014643771912774,0.0,0.0,0.0,1.0,1.0,1.0,0.0,1.0,0.0,0.0,1.0,0.0,1.0,1.0,1.0,1.0,1.0,4.7899553296388095,0.0,0.0,0.0,0.0,-1.0,1.0,0.0,1.0,0.0,1.0,0.0,0.0,0.0,1.0,-1.0,6,0.0,1.0,0,0,-1.5686836983889214,-0.9605616289764115,-3.850865390701693,1.0,1.0,0.0,0.0,0.0,0.0,0.0,0.0,0.0,1.0,1.0,0.0,1.0,0.0,1.0,1.0,0.0,1.0,0.0,1.0,0.0,1.0,1.0,1.0,1.0,0.0,1.0,0.0,0.0,1.0,7.015891919793909,0,0.16181085677161094,0.0,1.0,0.0,1.0,1.0,0.0,1.1468629063064657,0.0,1.0,1.0,1.0,1.0,1.0,1.0,1.0,0.0,0.0,1.0,0.0,0.0,1.0,1.0,1.0,1.0,1.0,1.0,1.0,0.0,0.0,1.0,0.0,0.0,0.0,1.0,1.0,1.0,0.0,0.0,2.0,0.0,0.0,0.0,0.0,0.0,1.0,1.0,0.0,-3.0892789340359434e-05,1.0,1.0,0.0,1.0,1.0,0.0,0.0,0.0,0.0,0.7440919612731574,0.0,1.0,-0.0334319275239214,0.9214518577831633,1.0,1.0,0.0,1.0,1.0,1.0,1.0,1.0,1.0,1.0,0.0,1.0,1.0,0.0,-1.0,-0.631162341794027,-5.7968579307450385,0.0,-0.021414522818536955,-0.05662765771189192,-0.10677933725348467,21,1,-0.22448979591836749,0.5,1.0,0.0,0.0,0.0,0.0,0.0,0.0,0.0,0.0,0.0,0.0,1.0,0.0,,0.0,0.0,0.0,1
VAR_001977,1.019617344013869,1.7574132133076859,-0.0034463047332539223,20.747855805361265,2.4733861613005717,-0.004386144604158028,-0.016307829810971057,0.3368452824032331,-0.029162955372506887,0.0,-0.06404880555360283,16,0.0,0.0,0.0,0.0,0.0,0.0,0.0,0.0,0.0,0.0,0.0,-1.0,0.0,-1.0,0.0,0.0,0.0,0.0,0.0,-0.0002184642160578666,-1.0,0.0,0.0,0.0,-1.0,0.0,0.0,0.0,0.0,0.0,0.0,0.0,0.0,0.0,-1.0,7,0.0,0.0,4,4,-0.9452508266370768,0.23116354200367703,0.0,1.0,1.0,1.0,1.0,1.0,1.0,0.0,1.0,0.0,1.0,1.0,0.0,1.0,0.0,0.0,1.0,0.0,0.0,-0.02980228778089051,1.0,0.0,0.0,0.0,0.0,1.0,0.0,0.0,0.0,0.0,0.0,-0.005259968545623926,4,0.40195775607410633,0.0,0.0,0.0,0.0,0.0,0.0,-0.00056940109756634,0.0,0.0,0.0,0.0,0.0,0.0,0.0,0.0,0.0,0.0,0.0,0.0,0.0,0.0,0.0,0.0,0.0,0.0,0.0,0.0,0.0,0.0,0.0,0.0,0.0,0.0,0.0,0.0,0.0,0.0,0.0,0.0,0.0,0.0,0.0,0.0,0.0,0.0,0.0,0.0,-3.089901920960828e-05,0.0,0.0,0.0,0.0,0.0,0.0,0.0,0.0,0.0,0.35879266290487866,0.0,0.0,0.9665680724760786,0.681776446775373,0.0,0.0,1.0,1.0,0.0,1.0,0.0,1.0,0.0,0.0,0.0,1.0,1.0,1.0,-1.0,0.19261384967451264,0.2578292814939795,-2.025302962808167,-1.7591207253372514,0.20051990727019323,-0.7722617699548008,4,5,0.2653061224489796,1.5,1.0,0.0,0.0,0.0,0.0,0.0,0.0,0.0,0.0,0.0,0.0,0.0,0.0,0.0,-1.0,1.0,0.0,0
VAR_001970,-0.03094110420452859,-0.010773901391877635,-0.03058050730181087,-0.003297300617358987,-0.009451491828640015,-0.004386144604169666,-0.04355318588241938,-0.04871026415763731,-0.029164936185471856,0.0,-0.06429630933450887,8,0.0,0.0,0.0,0.0,0.0,0.0,0.0,0.0,0.0,1.0,0.0,0.0,1.0,0.0,0.0,0.0,1.0,1.0,1.0,0.33600700890603424,0.0,0.0,0.0,1.0,0.0,0.0,1.0,1.0,1.0,1.0,0.0,1.0,0.0,1.0,0.0,0,0.0,0.0,0,0,-0.723408814459775,-3.8967154426343518,-6.780813594857616,0.0,0.0,1.0,0.0,0.0,0.0,0.0,1.0,1.0,0.0,0.0,1.0,0.0,0.0,1.0,0.0,0.0,0.0,-0.02538257425455627,1.0,0.0,1.0,1.0,1.0,0.0,1.0,1.0,1.0,0.0,1.0,0.04563612583014877,0,1.216955023624096,0.0,0.0,0.0,0.0,0.0,0.0,-0.00056940109756634,0.0,0.0,0.0,0.0,0.0,0.0,0.0,0.0,0.0,0.0,0.0,0.0,0.0,0.0,0.0,0.0,0.0,0.0,0.0,0.0,0.0,0.0,0.0,0.0,0.0,0.0,0.0,0.0,0.0,0.0,0.0,0.0,0.0,0.0,0.0,0.0,0.0,0.0,0.0,0.0,-3.089901920960828e-05,0.0,0.0,0.0,0.0,0.0,0.0,0.0,0.0,0.0,-0.042961276297641966,0.0,0.0,-0.0334319275239214,-0.0839496243436218,0.0,0.0,0.0,0.0,0.0,0.0,0.0,0.0,0.0,0.0,-1.0,0.0,0.0,0.0,-1.0,-36.43158077078609,-0.46504123029896527,0.0,-1.8174266006676705,-0.8517635193277908,-1.4415963211302336,17,14,0.10204081632653057,0.0,1.0,0.0,0.0,0.0,0.0,0.0,0.0,0.0,0.0,0.0,0.0,1.0,0.0,,0.0,0.0,1.0,1
VAR_001859,23.362076320747843,1.9351124784229656,5.520269613759911,0.3839960882016137,-0.00944935897953721,18.84260487899584,-0.04355277092601941,0.5086778229305242,-0.029120971554349385,0.0011819569976570128,0.6973643142624757,9,0.0,0.0,0.0,0.0,0.0,0.0,0.0,0.0,1.0,0.0,1.0,0.0,0.9916633672366788,0.0,1.0,1.0,0.0,1.0,0.0,5.822037051261837,0.0,1.0,1.0,0.0,0.0,1.0,0.0,1.0,1.0,0.0,0.0,0.0,0.0,0.0,0.0,0,1.0,1.0,4,4,-0.13965976422706003,-0.06781443391375466,2.012089565801694,0.0,0.0,0.0,0.0,1.0,0.0,0.0,0.0,0.0,0.0,1.0,0.0,0.0,1.0,0.0,1.0,1.0,0.325912572949313,-0.029573374781822166,1.0,1.0,0.0,1.0,0.0,1.0,0.0,0.0,0.0,0.0,1.0,0.005316501541179531,4,-0.05554731464707447,1.0,0.0,0.0,1.0,1.0,0.0,-0.0005520348602233939,0.0,0.0,0.0,1.0,1.0,1.0,1.0,1.0,0.0,0.0,1.0,0.0,0.0,0.0,0.0,0.0,0.0,1.0,0.0,1.0,1.0,0.0,0.0,1.0,0.0,0.0,0.5173435203509166,0.0,1.0,0.0,0.0,0.0,0.0,0.0,0.0,1.0,0.0,0.0,1.0,1.0,26.748413239397582,0.0,0.0,1.0,1.0,0.0,0.0,0.0,1.0,0.0,-0.03801330878339372,0.0,1.0,0.9665680724760786,0.5371002529682848,0.0,1.0,1.0,0.0,1.0,0.0,1.0,0.0,0.0,1.0,0.0,1.0,1.0,1.0,-1.0,0.19261384967451264,0.2578292814939795,-0.872562032641421,-0.12488724556043823,0.6454941214197749,-0.05258351441971727,11,14,-0.8367346938775512,-1.0,1.0,0.0,0.0,0.0,0.0,0.0,0.0,0.0,0.0,0.0,0.0,1.0,0.0,0.0,0.0,0.0,1.0,1
VAR_001945,-0.011537189413326081,0.005737386404577502,0.8809855845882203,-0.0007215560137495337,9.169949632483448,0.10868534986513194,0.5123138074992204,1.2974350644225368,-0.029164608229573966,2.956471744976716e-08,-0.06268127153700198,18,0.0,0.0,0.0,0.0,0.0,0.0,0.0,1.0,0.0,0.0,0.0,0.0,0.4784266843477351,0.0,0.0,0.0,0.0,0.0,0.0,3.5812632633764743,0.0,1.0,0.0,0.0,0.0,0.0,0.0,1.0,1.0,0.0,0.0,0.0,1.0,1.0,0.0,3,1.0,1.0,4,4,0.2350860856255851,0.2628804031398026,-1.232823158572611,0.0,0.0,1.0,0.0,1.0,1.0,1.0,0.0,0.0,0.0,0.0,0.0,1.0,1.0,1.0,0.0,1.0,1.0,36.333825701865024,1.0,1.0,1.0,1.0,1.0,1.0,0.0,0.0,1.0,0.0,0.0,0.005259148665611283,4,-0.05662131733402894,0.0,0.0,0.0,0.0,1.0,1.0,0.006517256994639621,0.0,1.0,1.0,0.0,1.0,0.0,0.0,1.0,0.0,0.0,0.0,0.0,1.0,0.0,1.0,1.0,0.0,0.0,0.0,1.0,0.0,0.0,1.0,1.0,0.0,0.0,1.0,0.0,1.0,1.0,0.0,0.0,1.0,1.0,1.0,1.0,0.0,1.0,0.0,1.0,27.363759605909497,0.0,1.0,0.0,1.0,1.0,1.0,0.0,0.0,0.0,-0.03699568294347221,1.0,1.0,-0.0334319275239214,-0.0839496142386457,1.0,0.0,0.0,0.0,1.0,1.0,0.0,0.0,0.0,1.0,0.0,1.0,1.0,1.0,-1.0,-0.1675937464170179,0.04743975474382456,-0.10433464252112294,0.2949717672429928,-0.44603769236700996,-0.07525841278022818,11,14,-0.8367346938775512,-1.0,1.0,0.0,0.0,0.0,0.0,0.0,0.0,0.0,0.0,0.0,0.0,1.0,0.0,0.0,0.0,0.0,0.0,1
VAR_001934,4.407444279485371,0.0,-0.022239803520026316,-0.0032971608164928425,-0.009420286660383309,-0.003106987049962619,3.962605396481539,12.814032784469996,-0.02916018014077515,1.2628466402042022,0.19962133501080306,28,0.0,0.0,0.0,0.0,0.0,0.0,0.0,0.0,0.0,0.2725761714248297,0.0,0.0,0.0,0.0,1.0,1.0,1.0,1.0,0.0,0.0,0.0,0.0,1.0,1.0,0.0,1.0,0.0,1.0,0.0,1.0,1.0,0.0,1.0,1.0,0.0,3,0.0,1.0,4,4,1.4104689186992063,0.6606722420557999,0.946458315579365,1.0,1.0,1.0,0.0,0.0,1.0,1.0,1.0,0.0,0.0,0.037801505428781,0.0,1.0,0.0,0.0,0.0,1.0,0.0,63.612989908184964,0.0,0.0,1.0,0.0,1.0,1.0,0.0,0.0,1.0,1.0,1.0,0.4576164491150323,4,0.4217470176825284,1.0,0.0,1.0,0.0,1.0,0.0,1.0171379095079678,0.0,1.0,0.0,0.0,1.0,1.0,0.0,1.0,1.0,1.0,1.0,1.0,0.0,0.0,1.0,1.0,0.0,0.0,0.0,1.0,1.0,0.0,0.0,1.0,0.6391308662069847,1.0,1.0,0.2815775691620089,1.0,1.0,0.0,0.0,0.0,1.0,0.0,1.0,0.0,1.0,0.0,1.0,7.1199343597802836,0.0,1.0,0.0,0.0,0.0,0.0,0.0,1.0,1.0,0.369702687633907,0.0,1.0,-0.0334319275239214,0.9216367393419493,1.0,1.0,1.0,1.0,0.0,1.0,0.0,0.0,1.0,0.0,0.0,1.0,0.0,0.0,-1.0,-0.3647825652276524,-12.384191751772857,-2.2352068516019408,0.004777290950702682,0.7093134275852943,-0.1275726631990977,9,21,-0.7959183673469389,0.0,0.5,0.0,0.0,0.0,0.0,0.0,0.0,0.0,0.0,0.0,0.0,1.0,0.0,-1.0,0.0,1.0,0.0,0
VAR_001798,0.04151405481932354,0.016582748912392503,3.1885837199856857,8.692020278590135,4.209019353694174,0.026697622388841886,4.561291047616454,0.0,47.32970251990081,12.304477942510182,-0.04532228365990987,15,0.0,0.0,0.0,0.0,0.0,0.0,0.0,1.0,1.0,0.0,1.0,0.0,1.0,0.0,1.0,1.0,1.0,0.0,0.0,15.22485236341545,0.0,1.0,0.0,1.0,0.0,1.0,0.0,1.0,0.0,0.0,0.0,1.0,1.0,1.0,0.0,3,1.0,0.0,2,2,0.6143868158829111,0.816290628425297,0.0,0.0,1.0,0.0,1.0,1.0,0.0,0.0,0.0,1.0,0.0,0.0,0.0,0.0,1.0,1.0,0.0,1.0,0.0,0.27436233138541183,1.0,0.0,0.0,0.0,0.0,0.0,0.0,0.0,0.0,0.0,0.0,143.4743572274593,2,0.5237967242099744,1.0,0.0,0.0,1.0,1.0,1.0,0.00011881381331499451,1.0,1.0,0.0,0.0,0.0,0.0,1.0,1.0,1.0,1.0,0.0,1.0,1.0,0.0,0.0,1.0,1.0,0.0,0.0,0.0,1.0,1.0,1.0,1.0,0.0,1.0,0.0,0.0,0.0,0.0,0.0,2.0,1.0,1.0,1.0,1.0,1.7332237652903097,1.0,1.0,1.0,-3.089901920701911e-05,1.0,1.0,1.0,1.0,1.0,1.0,0.0,0.0,0.0,1.1226528580471056,1.0,0.0,0.9665680724760786,0.02591563601642708,1.0,0.0,1.0,0.0,1.0,1.0,1.0,1.0,0.0,1.0,-1.0,0.0,0.0,1.0,-1.0,-1.5252943366406244,-14.804789548397107,0.0,-1.4740923192596906,-0.6420362595377862,-0.6193174782321866,16,3,1.6938775510204085,-1.0,0.0,0.0,0.0,0.0,0.0,0.0,1.0,0.0,0.0,0.0,0.0,0.0,0.0,0.0,0.0,0.0,0.0,1
VAR_001912,-0.03094110420452859,-0.010773901391877635,-0.03058050730181087,-0.003297300617358987,-0.009451491828640015,-0.004386144604169666,-0.04355318588241938,-0.04871026415763731,-0.029164936185471856,0.0,-0.06429630933450887,8,0.0,0.0,0.0,0.0,0.0,0.0,0.0,0.0,0.0,0.0,0.0,-1.0,0.0,-1.0,0.0,0.0,0.0,0.0,0.0,-0.0002184642160578666,-1.0,0.0,0.0,0.0,-1.0,0.0,0.0,0.0,0.0,0.0,0.0,0.0,0.0,0.0,-1.0,7,0.0,0.0,4,4,0.7466174296471273,0.6709889588842001,0.17436614928126798,0.0,1.0,0.0,1.0,1.0,1.0,1.0,0.0,0.0,0.0,0.0,1.0,0.0,0.0,0.0,0.0,0.0,0.0,-0.02980213230662835,0.0,0.0,1.0,0.0,0.0,0.0,1.0,0.0,0.0,0.0,0.0,-0.005259968545623926,4,-0.0662214157522224,0.0,0.0,0.0,0.0,0.0,0.0,-0.00056940109756634,0.0,0.0,0.0,0.0,0.0,0.0,0.0,0.0,0.0,0.0,0.0,0.0,0.0,0.0,0.0,0.0,0.0,0.0,0.0,0.0,0.0,0.0,0.0,0.0,0.0,0.0,0.0,0.0,0.0,0.0,0.0,0.0,0.0,0.0,0.0,0.0,0.0,0.0,0.0,0.0,-3.089901920960828e-05,0.0,0.0,0.0,0.0,0.0,0.0,0.0,0.0,0.0,-0.042404369670296656,1.0,0.0,-0.0334319275239214,0.9216364244415618,1.0,1.0,0.0,0.0,0.0,0.0,0.0,0.0,0.0,0.0,0.0,1.0,1.0,0.0,-1.0,-1.7685114015067651,-7.05422877667964,0.0,-0.5795218773753493,-0.07250158497875996,-0.0040137361088635635,9,19,-0.816326530612245,-0.5,0.0,0.0,0.0,0.0,0.0,0.0,0.0,0.0,0.0,0.0,0.0,0.0,1.0,,-1.0,0.0,0.0,0
VAR_001887,-0.028709428635036737,0.21088978902002853,6.024378573421524,-0.000350886360676644,0.25593449316611877,-0.003612105397338387,-0.026488591124869655,-0.04824131459823928,-0.02628826024924172,0.0,5.391213249789696,9,0.0,0.0,0.0,0.0,0.0,0.0,0.0,0.0,0.0,0.0,0.0,-1.0,0.0,-1.0,0.0,0.0,0.0,0.0,0.0,-0.0002184642160578666,-1.0,0.0,0.0,0.0,-1.0,0.0,0.0,0.0,0.0,0.0,0.0,0.0,0.0,0.0,-1.0,7,0.0,0.0,4,4,-1.5528766639536307,-0.5838594612324481,0.0,0.0,0.0,0.0,0.0,0.0,0.0,0.0,0.0,0.0,0.0,0.0,0.0,0.0,0.0,0.0,0.0,0.0,0.0,-0.029802287781288805,0.0,0.0,0.0,0.0,0.0,0.0,0.0,0.0,0.0,0.0,0.0,-0.005259968545623926,4,-0.07162746486257665,0.0,0.0,0.0,0.0,0.0,0.0,-0.00056940109756634,0.0,0.0,0.0,0.0,0.0,0.0,0.0,0.0,0.0,0.0,0.0,0.0,0.0,0.0,0.0,0.0,0.0,0.0,0.0,0.0,0.0,0.0,0.0,0.0,0.0,0.0,0.0,0.0,0.0,0.0,0.0,0.0,0.0,0.0,0.0,0.0,0.0,0.0,0.0,0.0,-3.089901920960828e-05,0.0,0.0,0.0,0.0,0.0,0.0,0.0,0.0,1.0,-0.04148541277170109,0.0,0.0,0.5782602951202295,0.0,0.0,1.0,1.0,1.0,0.0,0.0,1.0,1.0,1.0,0.0,-1.0,1.0,0.0,0.0,0.0,-0.7989747618606962,0.2578292814939795,-1.198407967222533,-0.07717553784924774,-0.1913832435393232,-0.12254706161040527,23,4,-0.1836734693877552,-1.0,0.0,0.0,0.0,0.0,0.0,0.0,0.0,0.0,0.0,0.0,0.0,0.0,1.0,0.0,-1.0,0.0,1.0,1
VAR_001956,-0.03094110420452859,-0.010773901391877635,-0.03058050730181087,-0.003297300617358987,-0.009451491828640015,-0.004386144604169666,-0.04355318588241938,-0.04871026415763731,-0.029164936185471856,0.0,-0.06429630933450887,8,0.0,0.0,0.0,0.0,0.0,0.0,0.0,0.0,0.0,0.0,0.0,-1.0,0.0,-1.0,0.0,0.0,0.0,0.0,0.0,-0.0002184642160578666,-1.0,0.0,0.0,0.0,-1.0,0.0,0.0,0.0,0.0,0.0,0.0,0.0,0.0,0.0,-1.0,7,0.0,0.0,4,4,0.8555026041940138,-4.316058041561146,-20.92251498013367,0.0,0.0,0.0,0.0,0.0,0.0,0.0,0.0,0.0,0.0,0.0,0.0,0.0,0.0,0.0,0.0,0.0,0.0,-0.029802287781288805,0.0,0.0,0.0,0.0,0.0,0.0,0.0,0.0,0.0,0.0,0.0,-0.005259968545623926,4,-0.0698505748564565,0.0,0.0,0.0,0.0,0.0,0.0,-0.00056940109756634,0.0,0.0,0.0,0.0,0.0,0.0,0.0,0.0,0.0,0.0,0.0,0.0,0.0,0.0,0.0,0.0,0.0,0.0,0.0,0.0,0.0,0.0,0.0,0.0,0.0,0.0,0.0,0.0,0.0,0.0,0.0,0.0,0.0,0.0,0.0,0.0,0.0,0.0,0.0,0.0,-3.089901920960828e-05,0.0,0.0,0.0,0.0,0.0,0.0,0.0,0.0,1.0,0.048369391935940045,1.0,1.0,-0.0334319275239214,0.19033335951761512,0.0,0.0,0.0,0.0,0.0,0.0,0.0,0.0,1.0,1.0,0.0,0.0,0.0,1.0,0.0,-10.301049562870038,0.2578292814939795,-2.563261504439019,-2.975188872164095,-0.46849184080084644,-1.8597545212184245,4,5,0.2653061224489796,1.5,1.0,0.0,0.0,0.0,0.0,0.0,0.0,0.0,0.0,0.0,0.0,0.0,0.0,,-1.0,0.0,0.0,0
