Variant_ID,AL_7,AL_8,AL_9,AL_10,AL_11,AL_12,AL_13,AL_14,AL_15,AL_21,AL_26,CAT_1,AL_27,AL_28,AL_29,AL_31,AL_33,AL_35,AL_37,AL_39,AL_42,AL_45,AL_48,AL_50,AL_51,AL_53,AL_54,AL_57,AL_60,AL_63,AL_66,AL_67,AL_68,AL_69,AL_72,AL_75,AL_77,AL_78,AL_81,AL_83,AL_84,AL_86,AL_87,AL_90,AL_92,AL_93,AL_95,CAT_2,AL_96,AL_98,CAT_3,CAT_4,EK_1,EK_2,EK_3,AL_99,AL_102,AL_105,AL_108,AL_111,AL_114,AL_117,AL_120,AL_123,AL_126,AL_129,AL_132,AL_135,AL_138,AL_141,AL_144,AL_147,AL_150,AL_151,AL_153,AL_156,AL_159,AL_162,AL_165,AL_168,AL_171,AL_174,AL_177,AL_180,AL_183,AL_184,CAT_5,AL_186,AL_187,AL_189,AL_192,AL_193,AL_196,AL_198,AL_201,AL_202,AL_205,AL_206,AL_209,AL_210,AL_213,AL_214,AL_216,AL_217,AL_218,AL_221,AL_222,AL_223,AL_225,AL_228,AL_229,AL_232,AL_234,AL_237,AL_238,AL_241,AL_242,AL_245,AL_246,AL_249,AL_250,AL_253,AL_254,AL_257,AL_258,AL_259,AL_261,AL_264,AL_265,AL_268,AL_270,AL_273,AL_274,AL_277,AL_278,AL_279,AL_281,AL_282,AL_285,AL_286,AL_289,AL_290,AL_293,AL_294,AL_295,AL_296,AL_297,AL_300,AL_301,AL_304,AL_305,AL_308,AL_310,AL_313,AL_314,AL_317,AL_318,AL_321,AL_322,AL_325,AL_326,AL_329,AL_330,AL_333,AL_334,EK_4,EK_5,EK_6,EK_7,EK_8,EK_9,AA_1,AA_2,DELTA_HIDRO,BLOSUM62,SNV_PATHWAY_COUNT,BAZ_A_C,BAZ_A_G,BAZ_A_T,BAZ_C_A,BAZ_C_G,BAZ_C_T,BAZ_G_A,BAZ_G_C,BAZ_G_T,BAZ_T_A,BAZ_T_C,BAZ_T_G,IS_EXOME,IS_ALLOFUS,POP_NFE,POP_AFR,Label
VAR_002962,-0.0783428963784724,-3.8059031320814635e-07,-3.004136269736329e-07,-5.4653554515842356e-05,-1.1041372304889563e-05,-4.831251662299113e-06,-0.017267181209998077,-4.8105745895704074e-06,-8.537446705068216e-06,0.0,-0.10946537831009982,8,0.0,0.0,0.0,0.0,0.0,0.0,0.0,0.0,0.0,0.0,0.0,0.0,0.0,0.0,0.0,0.0,0.0,0.0,0.0,0.0,0.0,0.0,0.0,0.0,0.0,0.0,0.0,0.0,0.0,0.0,0.0,0.0,0.0,0.0,0.0,7,0.0,0.0,3,3,0.03801696282437599,-0.8101412177042474,-11.556010689238418,1.0,1.0,1.4641609199910288,14.36216957344868,1.0,0.0,3.311471950398506,0.0,0.10070282801040548,3.172687495134358,0.8964766329357247,1.0,1.0,0.0,0.6314547248062685,1.0,0.0003578363093696246,0.0013721229347660622,0.0003868949164058232,0.0,0.0,0.0,0.9651556858141971,1.3367590874913071,1.0214833964274181,0.0,0.9963004733606785,1.372499837548093,0.0,0.0,0.0,3,-0.06250508886287102,0.0,0.0,0.0,0.0,0.0,0.0,0.0,0.0,0.0,0.0,0.0,0.0,0.0,0.0,0.0,0.0,0.0,0.0,0.0,0.0,0.0,0.0,0.0,0.0,0.0,0.0,0.0,0.0,0.0,0.0,0.0,0.0,0.0,0.0,0.0,0.0,0.0,0.0,0.0,0.0,0.0,0.0,0.0,0.0,0.0,0.0,0.0,0.0,0.0,0.0,0.0,0.0,0.0,0.0,0.0,0.0,0.0,0.6665254473817769,1.0,1.0774299626334725,0.8576045622499167,0.0,1.6108294478182148,0.0,0.0,1.052451209436976,1.0,1.1146152499910824,1.0238794691529702,0.0,1.0,0.0,1.0,-0.0008706488057560992,0.6241007142788895,0.3211104371613343,0.6456940757305755,-2.67300056980704,-3.5106063814878743,0.17327049790207177,-0.9055978441112887,-0.27608102891283454,-0.5336615125820695,6,11,0.21739130434782605,0.5,1.5,0.0,0.0,0.0,0.0,0.0,0.0,0.0,0.0,0.0,0.0,0.0,0.0,,0.0,0.0,0.0,0
VAR_003021,1.499154501607522,-3.8059031317381785e-07,41.83761855344864,0.003591720678733821,1.4653311766012456,1.3338710697706554e-06,2.3307907339839757,6.441265812574934,55.0272843676427,65941.64288637464,0.31152703251217984,23,0.0,0.0,0.0,0.0,0.0,0.0,0.0,1.0,0.0,2.4678676525588186,1.0,1.0,0.0,1.0,1.1447171326883876,2.101343215798384,9.381262007967038,4.856089181146635,81.14158111561196,0.005390911799854323,1.0,3.3051277361049545,1.0132514580063678,0.0,1.0,1.0,1.0,0.0,0.01893293843533134,0.0,1.0,1.0,1.0,2.896091433730838,1.0,5,12.567207201604745,0.0,4,4,1.0337207372156028,0.8523172782996858,4.804629835453573,1.0,1.0,0.043965122527256574,0.0,1.0,0.0,1.0952008124213533,1.0,1.0150573262292717,0.7613850703833017,1.0381235073400694,1.0,1.0,0.0,10.333432623769118,0.5865747874785777,0.9762226514824957,0.9986625334688181,0.004314434909294947,0.0,0.0,0.9142557637531373,9.094576015396731,1.3367590874913071,0.032325424543872154,0.4330545424941474,0.9906440943850605,1.372499837548093,1.0,0.0,2.1084382343464942,4,0.5064493663747336,5.595034830509547,0.0,0.0,0.00185953845042393,0.0,473.02092870052695,0.0,9.904047968052366,0.0,105.96802310495355,0.0,0.0,0.0,0.0,0.0,0.0,0.002609557659261796,0.0,0.0,0.7890735420178969,0.8826790236543807,0.0,0.0,0.0,0.0,0.0,0.0,1653.3328345572338,1.0380915705297783e-15,0.0,3.2441455086587174,0.0,1.0,1156.5457717174338,1.0,0.0,3.116197467430144,1.5966885415373189,0.0,0.0,0.0,0.0,0.0001881646594813346,0.0,1.0,69.7299357892567,21.255710476425826,0.0009836990222392387,0.0,3.223671238484157,0.0,1.0,5719.0085100482,1.0,0.0,366.15002483694735,1.0,1.0742612541666399,0.0,1.1717725395924175,1.0435750911550459,0.0,0.08413276813664915,0.0,0.04443836635675868,0.5331507425075009,0.0,0.8589619094826657,1.023876733018426,0.0,1.0,0.0,1.0,1.0068204748624419,1.2101454315057372,0.8727238502098896,0.08930426292578048,-0.9144228712006519,-0.005566021484728785,0.05530439634264138,-0.373129244654715,0.24006959183805038,-0.43381699024161313,9,22,-0.06521739130434778,2.0,0.0,0.0,1.0,0.0,0.0,0.0,0.0,0.0,0.0,0.0,0.0,0.0,0.0,-1.0,1.0,0.0,0.0,1
VAR_002742,1.125533013916742,-3.8059031320794634e-07,127.89378941176827,40.66195916582685,0.0008062707805100367,8.348493372721218e-05,1.1319840723005818,1.9930018235348164,6.396488151100266e-06,27.940574590540827,0.1984398702813497,28,0.0,0.0,0.0,0.0,0.0,0.0,0.0,1.0,0.0,3.9033599758283025e-18,0.0,1.0,1.0,1.0,0.0,21.088927813184505,9.381233025994634,0.0,0.0004545904503074136,897.4058939499756,1.0,3.2742951233698836,1.0132514580063678,3.813771391455777,1.0,1.0,0.0,1.0,39.63403821022323,1.0,0.7996394925914474,0.0,0.0,2.896091433730838,1.0,3,1.1710989416718394,0.0,1,1,-0.8366080076326149,-0.4114683046845786,1.1051314889226092,0.7376204304025419,1.0,0.00107537420492209,0.0,0.0,1.0973820282003526,1.000039216064663,1.0,1.1324706560467442e-07,0.9184522729155327,2.5120124584645764,1.0,0.0,1.6979492202830053,1.033054368906594,1.0,5.108509333857063,0.1967594867228176,0.9593241009922774,0.4993557487527807,0.0,1.4181985276640854,0.8670820415417723,1.0611639164186728,1.013450486310179,3.110559561645313,-9.345544821519335e-08,1.372499837548093,1.0,0.0,14.406705203023277,1,1.1574332027122993,0.0,0.9909654960142036,0.0,0.03629685101764557,0.0,294.3302073157253,0.0,0.0018350580400161333,0.0,64.623591884961,0.0,0.0,0.0,0.0,0.0,0.0,250.59443954173088,0.0,0.0,0.0,0.0,0.0,0.0,0.0,0.5024662786826072,0.0,1.0,1778.5165019166795,325.81326683367934,0.0,3.2441455086587174,0.0,1.0,13283.06491352478,0.0,0.0,294.62168868873965,1.5966885415373189,0.0,0.0,0.2701148705919412,0.0,4.701485213332215,0.0,0.0,164.44173785453359,18.71067089289691,16.75260031025128,0.0,3.223671238484157,0.0,1.0,5717.33912607446,0.3997874438710138,0.0,0.0017800058784926953,1.0,1.0746664914857937,0.0,0.07385431666857713,-0.0018288527221053117,0.0,0.0,0.0,0.041228202306641024,1.0524512094481817,0.0,0.8329858956136614,0.15445838382954008,0.0,1.0,0.0,1.0,0.01705635813518306,1.2101454315057372,0.05908424941357544,-0.0018867740344422532,-0.006667878746137894,-0.743043919434017,0.17327049790207177,0.5307229497762107,0.8280676216757917,0.6144619051078231,11,14,-1.1739130434782608,-1.0,0.5,0.0,0.0,0.0,0.0,0.0,0.0,0.0,0.0,0.0,0.0,1.0,0.0,-1.0,1.0,1.0,0.0,1
VAR_002593,-0.003536052029180623,21.74562666199778,0.00021752670196025702,15.79565153031896,-1.1041372303379327e-05,0.5786133168120731,5.318798926229062,1.262375076955508,4.638216747207858,0.0,-0.10200702271491567,16,0.0,0.0,0.0,0.0,0.0,0.0,0.0,0.0,0.0,0.0,0.0,0.0,0.0,0.0,0.0,0.0,0.0,0.0,0.0,0.0,0.0,0.0,0.0,0.0,0.0,0.0,0.0,0.0,0.0,0.0,0.0,0.0,0.0,0.0,0.0,7,0.0,0.0,2,2,-0.09844570898085908,-8.594114480693683,0.0,0.0,0.0,5.697915957280562e-05,14.36216957344868,0.0,0.0,5.378711882442747,1.0,-1.1549112455901777e-08,4.787195769584832,1.0332681744160477,1.0,0.0,2.934526532233309,0.4233274379246018,0.0,1.4909404257763412,0.0009093357247344227,0.0018920288041708237,3.1982118410375797,1.3415873261671332,2.2672055491727643,1.4992596143971517,1.3367590874913071,0.0483982059869356,3.3040558706775593,0.7988477422396146,0.0,0.0,0.0,0.0,2,-0.029842716589005627,0.0,0.0,0.0,0.0,0.0,0.0,0.0,0.0,0.0,0.0,0.0,0.0,0.0,0.0,0.0,0.0,0.0,0.0,0.0,0.0,0.0,0.0,0.0,0.0,0.0,0.0,0.0,0.0,0.0,0.0,0.0,0.0,0.0,0.0,0.0,0.0,0.0,0.0,0.0,0.0,0.0,0.0,0.0,0.0,0.0,0.0,0.0,0.0,0.0,0.0,0.0,0.0,0.0,0.0,0.0,0.0,0.0,-0.055389780963549795,0.0,1.1715744206352618,-0.0009180312120368488,0.0,0.3464015624838603,0.0,0.0,0.922339272146039,1.0,1.1161690871616472,0.994643827180692,0.0,1.0,0.0,0.6238005597110508,-0.0008706490826502153,0.3176178725107327,1.020981687454578,0.002312442891322048,-4.087133616111762,-1.5319580006959908,-36.42363883459151,-1.5674514560482415,-15.54541135229607,-1.5721151491710794,16,11,1.8043478260869565,-0.5,0.5,0.0,0.0,0.0,0.0,0.0,0.0,0.0,0.0,1.0,0.0,0.0,0.0,0.0,0.0,1.0,0.0,0
VAR_002668,-0.0783428963784724,-3.8059031320814635e-07,-3.004136269736329e-07,-5.4653554515842356e-05,-1.1041372304889563e-05,-4.831251662299113e-06,-0.017267181209998077,-4.8105745895704074e-06,-8.537446705068216e-06,0.0,-0.10946537831009982,8,0.0,0.0,0.0,0.0,0.0,0.0,0.0,0.0,0.0,0.0,0.0,0.0,0.0,0.0,0.0,0.0,0.0,0.0,0.0,0.0,0.0,0.0,0.0,0.0,0.0,0.0,0.0,0.0,0.0,0.0,0.0,0.0,0.0,0.0,0.0,7,0.0,0.0,3,3,-1.293550095429454,-0.042928314757469575,0.0,0.0,0.0,-3.884553607683874e-07,0.0,0.0,0.0,-2.2320821211521196e-07,0.0,-1.4948262435770877e-08,-2.6709219008793652e-05,-1.4124635230450503e-05,0.0,0.0,0.0,-2.5336807690208568e-08,0.0,-1.2312450534260474e-06,-4.3419141492691217e-07,-3.5038624508476836e-08,0.0,0.0,0.0,-3.837678156849658e-07,0.0,-1.2618654649194024e-06,0.0,-1.1505932956688551e-07,0.0,0.0,0.0,0.0,3,-0.047230636317942,3.233892884717441,0.9844915755523828,0.0,75.00854299726167,0.0,791.6044216124263,0.0,3.4043925522842957,0.0,0.3397907310183477,0.0,1.0,0.0,0.4528432214872199,1.0,0.0,250.59470735629787,0.0,0.0,0.8645368234513575,0.0,0.0,0.0,0.0,0.6399785682846592,0.0,0.5430268674115954,1391.390228097139,10.288265424264168,0.0,0.0,0.0,0.6653980467998373,8763.111586790908,0.3427863210995863,0.0,1.5336498199233749e-07,1.5966885415373189,0.5823994455176197,0.0,0.0,0.0,90.72709778599261,0.0,0.0,0.16067015351476593,22.374348443400912,4291.195829941791,0.0,3.223671238484157,0.0,1.0,775.8868777646925,0.8160188996534907,0.0,381.29989676462503,0.0,-0.11072982886915257,0.0,-0.0006064556200556692,-0.0018293998462169062,0.0,0.0,0.0,0.0,-0.00030853159312632406,0.0,-0.00028032881180293964,-0.0019096288697232238,0.0,0.0,0.0,0.0,-0.000870651106593671,0.0,-0.006857481141634066,-0.0018867740910451342,0.08463270421284025,-5.5085623864457585,0.17327049790207177,0.22158077602629456,0.6767141204136643,0.4456674575478267,14,19,0.17391304347826086,0.0,0.5,0.0,0.0,0.0,0.0,0.0,1.0,0.0,0.0,0.0,0.0,0.0,0.0,,0.0,0.0,0.0,1
VAR_002928,1.61212025474461,-3.3064578084249746e-07,0.12959434452224572,0.0017311757950558633,2.2579296070399963,11.802439606577154,2.401379308543859,2.0703289932809485e-06,0.05320605434010024,0.0,0.09069905928018397,16,0.0,0.0,0.0,0.0,0.0,0.0,0.0,0.0,0.0,0.001248482816194052,0.2765123438118629,1.0,0.0,1.0,1.1447171326883876,0.00201140677637682,9.375001404635313,0.0,0.4692730440934281,0.010502001233728445,1.0,5.3387385940848585e-21,1.0132514580063678,3.813771391455777,0.0,1.0,1.0,0.0,0.0005964283775307485,1.0,0.9524758046404848,0.059817532927827,1.0,0.0,1.0,3,4.236494415832037e-06,0.0,1,1,-0.14226445657581213,0.5209219630014329,3.9061994575410544,1.0,1.0,0.0012010793688089967,0.0,1.0,0.28717551615660775,6.509075740624375e-08,1.0,1.0231894693233876,0.350514276059402,1.070442790716823,1.0,1.0,2.1257856266803503,0.9942659900811075,0.0,0.9455622445524748,0.012152365131781072,5.144855372406944,0.0,0.0,3.1250628423837563,1.0011533056553146,0.0,1.01335950333032,0.11415359059599507,0.00013066160172177656,1.372499837548093,1.0,0.0,0.0,1,0.03226625604810976,0.0,0.0,0.0,0.0,0.0,0.0,0.0,0.0,0.0,0.0,0.0,0.0,0.0,0.0,0.0,0.0,0.0,0.0,0.0,0.0,0.0,0.0,0.0,0.0,0.0,0.0,0.0,0.0,0.0,0.0,0.0,0.0,0.0,0.0,0.0,0.0,0.0,0.0,0.0,0.0,0.0,0.0,0.0,0.0,0.0,0.0,0.0,0.0,0.0,0.0,0.0,0.0,0.0,0.0,0.0,0.0,1.0,1.283264183270938,0.0,1.169515686233906,-0.0018293991099575652,0.0,1.5631657197619486,0.0,0.0,0.5773475706407594,0.0,0.042796764626047354,1.0238795780571381,0.0,0.6184185287602446,0.0,1.0,1.0068152054025714,0.0,1.0225415337238697,0.050926180973257074,0.08463270421284025,0.06703982272203322,-0.483685170010647,0.48408820054263285,0.7324381879295403,0.547771230162402,11,14,-1.1739130434782608,-1.0,0.5,0.0,0.0,0.0,0.0,0.0,0.0,0.0,0.0,0.0,0.0,1.0,0.0,0.0,1.0,1.0,0.0,1
VAR_002734,-0.0783428963784724,-3.8059031320814635e-07,-3.004136269736329e-07,-5.4653554515842356e-05,-1.1041372304889563e-05,-4.831251662299113e-06,-0.017267181209998077,-4.8105745895704074e-06,-8.537446705068216e-06,0.0,-0.10946537831009982,8,0.0,0.0,0.0,0.0,0.0,0.0,0.0,0.0,1.0,2.69459462795042,1.0,0.0,0.8695225821341133,1.0,1.1447171326883876,2.1092772061835454,5.129256354101855e-07,10.9496609378576,62.8096373703409,888.1215888660398,0.0,3.207735715587456,1.0132514580063678,0.0,0.0,0.0,0.0,0.0,0.0,0.0,0.0,0.0,0.0,0.0,0.0,7,0.0,0.0,3,3,-0.6409135951289407,-0.10054720218819052,-27.615870946589894,0.0,0.0,-3.884553607683874e-07,0.0,0.0,0.0,-2.2320821211521196e-07,0.0,-1.4948262435770877e-08,-2.6709219008793652e-05,-1.4124635230450503e-05,0.0,0.0,0.0,-2.5336807690208568e-08,0.0,-1.2312450534260474e-06,-4.3419141492691217e-07,-3.5038624508476836e-08,0.0,0.0,0.0,-3.837678156849658e-07,0.0,-1.2618654649194024e-06,0.0,-1.1505932956688551e-07,0.0,0.0,0.0,1.1885107139647106,3,-0.14471987046142362,0.0,0.0,0.0,0.0,0.0,0.0,0.0,0.0,0.0,0.0,0.0,0.0,0.0,0.0,0.0,0.0,0.0,0.0,0.0,0.0,0.0,0.0,0.0,0.0,0.0,0.0,0.0,0.0,0.0,0.0,0.0,0.0,0.0,0.0,0.0,0.0,0.0,0.0,0.0,0.0,0.0,0.0,0.0,0.0,0.0,0.0,0.0,0.0,0.0,0.0,0.0,0.0,0.0,0.0,0.0,0.0,0.0,-0.11072982886915257,0.0,-0.0006064556200556692,-0.0018293998462169062,0.0,0.0,0.0,0.0,-0.00030853159312632406,0.0,-0.00028032881180293964,-0.0019096288697232238,0.0,0.0,0.0,0.0,-0.000870651106593671,0.0,-0.006857481141634066,-0.0018867740910451342,-0.360459227297809,-2.494307232840473,0.17327049790207177,-0.3195619835294491,0.6641257172387461,0.7364889931394956,14,19,0.17391304347826086,0.0,0.5,0.0,0.0,0.0,0.0,0.0,1.0,0.0,0.0,0.0,0.0,0.0,0.0,,0.0,0.0,0.0,1
VAR_003122,0.1460447739871479,-3.402661160228338e-07,-3.0019106017405227e-07,0.024509564776305313,3.9098420814437196,8.61012446648715,0.31326489428791826,-1.8112547983025954e-06,1.142225862508558,0.8987329830440508,0.278064816908869,20,0.0,0.0,0.0,0.0,0.0,0.0,0.0,0.0,1.0,0.01164915560846302,0.0,1.0,0.0,1.0,1.1447171326883876,4.0672197820085645e-07,7.272778786112499,0.0,81.14157378761507,2.5630527558643945,1.0,0.16579512028531437,0.0,0.0,1.0,1.0,0.0,0.0,1.0108337737434971,1.0,0.0,0.1062395574790285,1.0,2.896091433730838,1.0,0,12.33435883958101,1.0,2,2,1.126225434410769,0.7117912327666273,0.0,1.0,0.0,4.4498959218433053e-07,0.0,1.0,0.0,1.000007464201381,1.0,1.5462439031215136,0.26492221872317356,1.0332964860054525,1.0,1.0,2.0893501980968967,0.003821967026687914,0.0,0.08643618568428094,0.6804696633052275,0.003230668921280576,2.963072792164635,0.0,0.0,1.0038764898451098,1.2605143184061498,1.0104126313255308,0.0,2.2196810168001613,1.372499837548093,1.0,1.0,1.7017559912147453,2,2.060237017292039,5.595034830509547,0.0,0.0,12.863572857013763,0.0,791.3442556301395,0.0,0.07515847587914358,0.0,0.3737510968340588,0.0,0.0,0.0,0.0,0.0,0.0,0.08629736968290792,0.0,0.0,1.5246036095718187,0.8937959295810441,0.0,0.1718884551977552,0.0,0.0,0.0,0.0,0.12397435705764265,9.255791002911673e-06,0.0,3.2441455086587174,0.0,1.0,10.990223871644114,1.0,0.0,3.0728353859204828e-09,0.0,0.0,0.0,0.0,0.0,90.66670654773134,0.0,0.0,0.005026011968241694,9.091808754868525,0.12172510586230953,0.0,0.9953216181400889,0.0,0.0,5596.416371046965,0.0,0.0,0.004555758099690586,1.0,0.223960376015075,1.0,-0.0006005439492068733,-0.0018048200338062763,0.0,0.7525759548279954,0.0,0.0,1.0391682639049737,0.0,0.002336523038231648,1.0238449878860794,0.0,1.0,0.0,1.0,1.0058836210509465,1.2101454315057372,0.20861345873679163,0.06466397399594438,0.08463270421284025,-0.5854406907948,0.17327049790207177,-0.012221385103839879,-0.4321737027407968,-0.07186430255890282,4,24,0.47826086956521735,-1.0,-0.5,0.0,0.0,0.0,0.0,0.0,0.0,0.0,0.0,1.0,0.0,0.0,0.0,-1.0,1.0,0.0,1.0,1
VAR_002879,4.784483501684162,5.6149388564064076,75.73696821892439,8.380175881847013,19.309596751344973,2.092207481497693e-05,2.6146094245232034,10.744933974556533,32.1281862169459,120648.41161904625,4.920347424940151,25,0.0,0.0,0.0,0.0,0.0,0.0,0.0,1.0,1.0,2.7180158730002004,1.0,1.0,0.4972843027318605,1.0,1.1447171326883876,0.7282938188217835,5.225383068290528e-05,3.765410564021879,4.205483110210769e-09,6.241106988448785e-11,1.0,3.307815832934165,1.0132514580063678,3.813771391455777,1.0,1.0,1.0,1.0,417.18680199637146,1.0,1.0,1.0,1.0,0.0,1.0,2,125.4508062980367,1.0,3,3,0.5751916850242473,0.4514217758400612,0.0,1.0,1.0,0.15367825097465457,0.0,1.0,0.0,10.000394169520558,1.0,2.8594508679305553,10.000333261635726,0.3967534821331563,0.0,1.0,2.934526532233309,5.071985216879061,1.0,7.891065596747382,0.4525767674634671,6.415964883720306,3.1982118410375797,1.3415873261671332,3.1250628423837563,1.0852697258221418,1.3367590874913071,10.134570697455429,3.4265635009197988,10.289162875064855,1.372499837548093,1.0,1.0,56.270967218842685,3,9.76844198232816,5.595034830509547,1.0,0.0,75.08503795714184,0.0,788.4841747448454,0.0,99.32727260341377,0.0,5.029325266017983,0.0,0.4874953392726978,0.0,1.0,1.0,0.0,2255.364096331202,0.0,0.0,1.5246036095718187,1.0,0.0,0.0,0.0,0.0,0.0,1.0,58.22708028914382,60.143281108772904,0.0,3.2441455086587174,0.0,1.0,13037.238439509578,0.9477349739478672,0.0,382.02657647264874,1.5966885415373189,1.0,0.0,0.43002468645217,0.0,1.543672505081783,0.0,1.0,164.44590798829003,0.9881706925291546,24.40265102617438,0.0,3.223671238484157,0.0,1.0,5637.079302287591,1.0,0.0,381.1097563951848,1.0,4.261176882047048,1.0,1.1694184469047422,1.0492208982317197,0.0,2.770729017407695,0.0,0.0,0.7801553293192611,1.0,1.0278642147241344,1.0238757405788659,0.0,1.0,0.0,1.0,1.0068204327696941,1.2101454315057372,0.18100159172315736,0.09514821468877875,0.08463270421284025,0.1466034683363205,-0.9758163802418467,-0.10132064315075072,0.23189612731721404,0.7534580570099187,16,3,1.5217391304347825,-1.0,-0.5,0.0,0.0,0.0,0.0,0.0,1.0,0.0,0.0,0.0,0.0,0.0,0.0,-1.0,1.0,0.0,0.0,1
VAR_003238,-0.0783428963784724,-3.8059031320814635e-07,-3.004136269736329e-07,-5.4653554515842356e-05,-1.1041372304889563e-05,-4.831251662299113e-06,-0.017267181209998077,-4.8105745895704074e-06,-8.537446705068216e-06,0.0,-0.10946537831009982,8,0.0,0.0,0.0,0.0,0.0,0.0,0.0,0.0,0.0,0.0,0.0,0.0,0.0,0.0,0.0,0.0,0.0,0.0,0.0,0.0,0.0,0.0,0.0,0.0,0.0,0.0,0.0,0.0,0.0,0.0,0.0,0.0,0.0,0.0,0.0,7,0.0,0.0,5,5,0.0,0.0,0.0,0.0,0.0,-3.884553607683874e-07,0.0,0.0,0.0,-2.2320821211521196e-07,0.0,-1.4948262435770877e-08,-2.6709219008793652e-05,-1.4124635230450503e-05,0.0,0.0,0.0,-2.5336807690208568e-08,0.0,-1.2312450534260474e-06,-4.3419141492691217e-07,-3.5038624508476836e-08,0.0,0.0,0.0,-3.837678156849658e-07,0.0,-1.2618654649194024e-06,0.0,-1.1505932956688551e-07,0.0,0.0,0.0,0.0,5,-0.169222268148316,0.0,0.0,0.0,0.0,0.0,0.0,0.0,0.0,0.0,0.0,0.0,0.0,0.0,0.0,0.0,0.0,0.0,0.0,0.0,0.0,0.0,0.0,0.0,0.0,0.0,0.0,0.0,0.0,0.0,0.0,0.0,0.0,0.0,0.0,0.0,0.0,0.0,0.0,0.0,0.0,0.0,0.0,0.0,0.0,0.0,0.0,0.0,0.0,0.0,0.0,0.0,0.0,0.0,0.0,0.0,0.0,0.0,-0.11072982886915257,0.0,-0.0006064556200556692,-0.0018293998462169062,0.0,0.0,0.0,0.0,-0.00030853159312632406,0.0,-0.00028032881180293964,-0.0019096288697232238,0.0,0.0,0.0,0.0,-0.000870651106593671,0.0,-0.006857481141634066,-0.0018867740910451342,0.0,0.0,0.0,0.0,0.0,0.0,24,25,0.0,0.0,0.0,0.0,0.0,0.0,0.0,0.0,0.0,0.0,0.0,0.0,0.0,0.0,0.0,,0.0,0.0,0.0,1
VAR_003044,-0.0783428963784724,-3.8059031320814635e-07,-3.004136269736329e-07,-5.4653554515842356e-05,-1.1041372304889563e-05,-4.831251662299113e-06,-0.017267181209998077,-4.8105745895704074e-06,-8.537446705068216e-06,0.0,-0.10946537831009982,8,0.0,0.0,0.0,0.0,0.0,0.0,0.0,0.0,0.0,0.0,0.0,0.0,0.0,0.0,0.0,0.0,0.0,0.0,0.0,0.0,0.0,0.0,0.0,0.0,0.0,0.0,0.0,0.0,0.0,0.0,0.0,0.0,0.0,0.0,0.0,7,0.0,0.0,2,2,0.8808501955297183,0.6045532272988375,0.0,0.0,0.0,-3.884553607683874e-07,0.0,0.0,0.0,-2.2320821211521196e-07,0.0,-1.4948262435770877e-08,-2.6709219008793652e-05,-1.4124635230450503e-05,0.0,0.0,0.0,-2.5336807690208568e-08,0.0,-1.2312450534260474e-06,-4.3419141492691217e-07,-3.5038624508476836e-08,0.0,0.0,0.0,-3.837678156849658e-07,0.0,-1.2618654649194024e-06,0.0,-1.1505932956688551e-07,0.0,0.0,0.0,0.0,2,-0.169222268148316,0.0,0.0,0.0,0.0,0.0,0.0,0.0,0.0,0.0,0.0,0.0,0.0,0.0,0.0,0.0,0.0,0.0,0.0,0.0,0.0,0.0,0.0,0.0,0.0,0.0,0.0,0.0,0.0,0.0,0.0,0.0,0.0,0.0,0.0,0.0,0.0,0.0,0.0,0.0,0.0,0.0,0.0,0.0,0.0,0.0,0.0,0.0,0.0,0.0,0.0,0.0,0.0,0.0,0.0,0.0,0.0,0.0,-0.11072982886915257,0.0,-0.0006064556200556692,-0.0018293998462169062,0.0,0.0,0.0,0.0,-0.00030853159312632406,0.0,-0.00028032881180293964,-0.0019096288697232238,0.0,0.0,0.0,0.0,-0.000870651106593671,0.0,-0.006857481141634066,-0.0018867740910451342,-0.3122584817589039,0.10212368393924502,-0.09146133440871847,-0.3426966679291101,-0.04335238158795431,-0.07517121369184383,7,17,-0.8913043478260868,-0.5,1.5,0.0,0.0,0.0,0.0,0.0,0.0,0.0,0.0,0.0,0.0,0.0,0.0,,0.0,0.0,0.0,1
VAR_002777,-0.0783428963784724,-3.8059031320814635e-07,-3.004136269736329e-07,-5.4653554515842356e-05,-1.1041372304889563e-05,-4.831251662299113e-06,-0.017267181209998077,-4.8105745895704074e-06,-8.537446705068216e-06,0.0,-0.10946537831009982,8,0.0,0.0,0.0,0.0,0.0,0.0,0.0,0.0,0.0,0.0,0.0,0.0,0.0,0.0,0.0,0.0,0.0,0.0,0.0,0.0,0.0,0.0,0.0,0.0,0.0,0.0,0.0,0.0,0.0,0.0,0.0,0.0,0.0,0.0,0.0,7,0.0,0.0,1,1,-0.582878848350157,-11.415678563474525,-56.228309976387806,0.0,0.0,-3.884553607683874e-07,0.0,0.0,0.0,-2.2320821211521196e-07,0.0,-1.4948262435770877e-08,-2.6709219008793652e-05,-1.4124635230450503e-05,0.0,0.0,0.0,-2.5336807690208568e-08,0.0,-1.2312450534260474e-06,-4.3419141492691217e-07,-3.5038624508476836e-08,0.0,0.0,0.0,-3.837678156849658e-07,0.0,-1.2618654649194024e-06,0.0,-1.1505932956688551e-07,0.0,0.0,0.0,0.0,1,-0.169222268148316,0.0,0.0,0.0,0.0,0.0,0.0,0.0,0.0,0.0,0.0,0.0,0.0,0.0,0.0,0.0,0.0,0.0,0.0,0.0,0.0,0.0,0.0,0.0,0.0,0.0,0.0,0.0,0.0,0.0,0.0,0.0,0.0,0.0,0.0,0.0,0.0,0.0,0.0,0.0,0.0,0.0,0.0,0.0,0.0,0.0,0.0,0.0,0.0,0.0,0.0,0.0,0.0,0.0,0.0,0.0,0.0,0.0,-0.11072982886915257,0.0,-0.0006064556200556692,-0.0018293998462169062,0.0,0.0,0.0,0.0,-0.00030853159312632406,0.0,-0.00028032881180293964,-0.0019096288697232238,0.0,0.0,0.0,0.0,-0.000870651106593671,0.0,-0.006857481141634066,-0.0018867740910451342,-8.766869410581162,-0.07582653538782966,-36.42363883459151,-1.7084289208618917,-7.014108574798453,-2.981895160388672,8,16,-0.06521739130434778,0.5,0.5,0.0,0.0,0.0,0.0,0.0,0.0,0.0,0.0,0.0,0.0,0.0,0.0,,0.0,0.0,0.0,1
VAR_002904,-0.0783428963784724,-3.8059031320814635e-07,-3.004136269736329e-07,-5.4653554515842356e-05,-1.1041372304889563e-05,-4.831251662299113e-06,-0.017267181209998077,-4.8105745895704074e-06,-8.537446705068216e-06,0.0,-0.10946537831009982,8,0.0,0.0,0.0,0.0,0.0,0.0,0.0,0.0,0.0,0.0,0.0,0.0,0.0,0.0,0.0,0.0,0.0,0.0,0.0,0.0,0.0,0.0,0.0,0.0,0.0,0.0,0.0,0.0,0.0,0.0,0.0,0.0,0.0,0.0,0.0,7,0.0,0.0,1,1,-0.5006569999855188,0.635333541752703,0.0,0.0,0.0,-3.884553607683874e-07,0.0,0.0,0.0,-2.2320821211521196e-07,0.0,-1.4948262435770877e-08,-2.6709219008793652e-05,-1.4124635230450503e-05,0.0,0.0,0.0,-2.5336807690208568e-08,0.0,-1.2312450534260474e-06,-4.3419141492691217e-07,-3.5038624508476836e-08,0.0,0.0,0.0,-3.837678156849658e-07,0.0,-1.2618654649194024e-06,0.0,-1.1505932956688551e-07,0.0,0.0,0.0,0.0,1,-0.169222268148316,0.0,0.0,0.0,0.0,0.0,0.0,0.0,0.0,0.0,0.0,0.0,0.0,0.0,0.0,0.0,0.0,0.0,0.0,0.0,0.0,0.0,0.0,0.0,0.0,0.0,0.0,0.0,0.0,0.0,0.0,0.0,0.0,0.0,0.0,0.0,0.0,0.0,0.0,0.0,0.0,0.0,0.0,0.0,0.0,0.0,0.0,0.0,0.0,0.0,0.0,0.0,0.0,0.0,0.0,0.0,0.0,0.0,-0.11072982886915257,0.0,-0.0006064556200556692,-0.0018293998462169062,0.0,0.0,0.0,0.0,-0.00030853159312632406,0.0,-0.00028032881180293964,-0.0019096288697232238,0.0,0.0,0.0,0.0,-0.000870651106593671,0.0,-0.006857481141634066,-0.0018867740910451342,-1.550604314492416,0.03919570685351441,0.17327049790207177,0.5585646012667943,0.7241670256361933,0.47397753055680514,11,16,-1.5869565217391302,-0.5,-0.5,0.0,0.0,0.0,0.0,0.0,0.0,0.0,0.0,0.0,1.0,0.0,0.0,,0.0,0.0,0.0,1
VAR_002993,-0.0783428963784724,-3.8059031320814635e-07,-3.004136269736329e-07,-5.4653554515842356e-05,-1.1041372304889563e-05,-4.831251662299113e-06,-0.017267181209998077,-4.8105745895704074e-06,-8.537446705068216e-06,0.0,-0.10946537831009982,8,0.0,0.0,0.0,0.0,0.0,0.0,0.0,0.0,0.0,0.0,0.0,0.0,0.0,0.0,0.0,0.0,0.0,0.0,0.0,0.0,0.0,0.0,0.0,0.0,0.0,0.0,0.0,0.0,0.0,0.0,0.0,0.0,0.0,0.0,0.0,7,0.0,0.0,1,1,-0.023511332121583472,0.26699127207782397,0.0,0.0,0.0,-3.884553607683874e-07,0.0,0.0,0.0,-2.2320821211521196e-07,0.0,-1.4948262435770877e-08,-2.6709219008793652e-05,-1.4124635230450503e-05,0.0,0.0,0.0,-2.5336807690208568e-08,0.0,-1.2312450534260474e-06,-4.3419141492691217e-07,-3.5038624508476836e-08,0.0,0.0,0.0,-3.837678156849658e-07,0.0,-1.2618654649194024e-06,0.0,-1.1505932956688551e-07,0.0,0.0,0.0,0.0,1,-0.169222268148316,0.0,0.0,0.0,0.0,0.0,0.0,0.0,0.0,0.0,0.0,0.0,0.0,0.0,0.0,0.0,0.0,0.0,0.0,0.0,0.0,0.0,0.0,0.0,0.0,0.0,0.0,0.0,0.0,0.0,0.0,0.0,0.0,0.0,0.0,0.0,0.0,0.0,0.0,0.0,0.0,0.0,0.0,0.0,0.0,0.0,0.0,0.0,0.0,0.0,0.0,0.0,0.0,0.0,0.0,0.0,0.0,0.0,-0.11072982886915257,0.0,-0.0006064556200556692,-0.0018293998462169062,0.0,0.0,0.0,0.0,-0.00030853159312632406,0.0,-0.00028032881180293964,-0.0019096288697232238,0.0,0.0,0.0,0.0,-0.000870651106593671,0.0,-0.006857481141634066,-0.0018867740910451342,-2.2330149946531592,-0.5688780480828849,-0.03199998002611494,0.5808172256954384,0.6633476581404885,0.56623221508275,9,21,-1.1304347826086956,0.0,0.0,0.0,0.0,0.0,0.0,0.0,0.0,0.0,0.0,0.0,0.0,1.0,0.0,,0.0,0.0,0.0,1
VAR_002883,-0.0783428963784724,-3.8059031320814635e-07,-3.004136269736329e-07,-5.4653554515842356e-05,-1.1041372304889563e-05,-4.831251662299113e-06,-0.017267181209998077,-4.8105745895704074e-06,-8.537446705068216e-06,0.0,-0.10946537831009982,8,0.0,0.0,0.0,0.0,0.0,0.0,0.0,0.0,0.0,0.0,0.0,0.0,0.0,0.0,0.0,0.0,0.0,0.0,0.0,0.0,0.0,0.0,0.0,0.0,0.0,0.0,0.0,0.0,0.0,0.0,0.0,0.0,0.0,0.0,0.0,7,0.0,0.0,2,2,0.6816080552618743,-0.5833137812560978,-4.8062580338585015,0.0,0.0,-3.884553607683874e-07,0.0,0.0,0.0,-2.2320821211521196e-07,0.0,-1.4948262435770877e-08,-2.6709219008793652e-05,-1.4124635230450503e-05,0.0,0.0,0.0,-2.5336807690208568e-08,0.0,-1.2312450534260474e-06,-4.3419141492691217e-07,-3.5038624508476836e-08,0.0,0.0,0.0,-3.837678156849658e-07,0.0,-1.2618654649194024e-06,0.0,-1.1505932956688551e-07,0.0,0.0,0.0,0.0,2,-0.169222268148316,0.0,0.0,0.0,0.0,0.0,0.0,0.0,0.0,0.0,0.0,0.0,0.0,0.0,0.0,0.0,0.0,0.0,0.0,0.0,0.0,0.0,0.0,0.0,0.0,0.0,0.0,0.0,0.0,0.0,0.0,0.0,0.0,0.0,0.0,0.0,0.0,0.0,0.0,0.0,0.0,0.0,0.0,0.0,0.0,0.0,0.0,0.0,0.0,0.0,0.0,0.0,0.0,0.0,0.0,0.0,0.0,0.0,-0.11072982886915257,0.0,-0.0006064556200556692,-0.0018293998462169062,0.0,0.0,0.0,0.0,-0.00030853159312632406,0.0,-0.00028032881180293964,-0.0019096288697232238,0.0,0.0,0.0,0.0,-0.000870651106593671,0.0,-0.006857481141634066,-0.0018867740910451342,0.08463270421284025,0.10634001874927448,0.07391687502964363,0.22096476145592234,0.02827935945216442,-0.0039051705125078217,7,1,0.47826086956521735,0.5,0.5,0.0,0.0,0.0,0.0,0.0,0.0,0.0,1.0,0.0,0.0,0.0,0.0,,0.0,0.0,0.0,1
VAR_002819,1.9420791641167479,-3.8059031320813994e-07,0.0011532028661816397,0.013445948599949372,0.6831927714272235,-4.83125086425093e-06,2.3974107990837235,9.964889707033427,131.46204423173575,0.10932893901197967,0.4226855087171995,18,0.0,0.0,0.0,0.0,0.0,0.0,0.0,0.0,0.0,3.177462488215863e-11,1.0,1.0,0.0,1.0,1.1447171326883876,2.109277205928251,9.377493041335727,0.0,80.64172911921911,3777.0419686415203,1.0,3.306793549908818,0.0,0.0,0.0,1.0,0.0,1.0,7.202592209105976e-11,1.0,1.0,1.0,0.0,0.0,1.0,3,12.58975059661907,1.0,3,3,0.10166707250210638,0.1423781057925024,0.0,0.0,1.0,1.4641517076220631,0.0,0.6266301644350243,1.0973820282003526,0.19932138836991636,1.0,1.039367549941439,-2.1999427665922414e-05,0.03869063706210391,1.0,1.0,0.4479173306553658,0.19978583798264277,1.0,2.7461597203707675,1.0000787397995718,7.189149259615462e-09,0.0,0.0,0.0,-3.8372342017001525e-07,0.9991243105206,1.0134559340666245,1.4456179466470038,0.7394771356251086,0.0,1.0,1.0,20.64319716708637,3,0.2030013293778249,0.1030856897470063,0.0,0.0,74.95814579466662,0.0,552.1361923139397,0.0,9.03919137155388,0.0,0.00801435191707753,0.0,0.9029561593702355,0.0,0.0,0.0,0.0,0.26598684895474833,0.0,0.0,0.0,0.0,0.0,0.5935403564205068,0.0,0.8452193277902258,0.0,0.0,3.9382668858626197,0.7144297455412357,0.0,3.2441455086587174,0.0,1.0,0.9053947619380627,0.0,0.0,300.36508996259266,0.0,0.0,0.0,0.0,0.0,90.69681929211939,0.0,0.0,129.2058227237868,0.0005106167596863878,94525.2660657034,0.0,2.4176960885661534,0.0,1.0,0.0030214038410490487,0.212806012224983,0.0,226.6269466717552,1.0,3.2971814517081164,0.0,0.5682532546650476,1.0765858043895389,0.0,0.0,0.0,0.0,1.0321323390841601,1.0,1.120103528491789,-0.0010858094828850222,0.0,1.0,0.0,0.0,1.0068206202045824,0.09847263739370746,0.026746099826649196,-0.0018819509522713046,0.08463270421284025,0.19650766150114604,0.17327049790207177,0.26463308533450774,0.5191257438324792,0.7534580570099187,17,6,0.7826086956521737,-0.5,-0.5,0.0,0.0,0.0,0.0,0.0,1.0,0.0,0.0,0.0,0.0,0.0,0.0,0.0,1.0,0.0,0.0,1
VAR_002983,-0.0783428963784724,-3.8059031320814635e-07,-3.004136269736329e-07,-5.4653554515842356e-05,-1.1041372304889563e-05,-4.831251662299113e-06,-0.017267181209998077,-4.8105745895704074e-06,-8.537446705068216e-06,2.694024354436053,-0.014989356481529343,28,0.0,0.0,0.0,0.0,0.0,0.0,0.0,0.0,1.0,2.7125322211380047,1.0,0.0,0.0,1.0,0.0,0.3891355141597263,2.937535752964468,15.740059456601935,81.14158112241292,0.15047957849056678,0.0,0.047129202027096875,1.0132514580063678,0.0,0.0,0.0,0.0,0.0,0.0,0.0,0.0,0.0,0.0,0.0,0.0,7,0.0,0.0,1,1,0.2601684648680355,0.11282844753027348,3.736401709054481,0.0,0.0,-3.884553607683874e-07,0.0,0.0,0.0,-2.2320821211521196e-07,0.0,-1.4948262435770877e-08,-2.6709219008793652e-05,-1.4124635230450503e-05,0.0,0.0,0.0,-2.5336807690208568e-08,0.0,-1.2312450534260474e-06,-4.3419141492691217e-07,-3.5038624508476836e-08,0.0,0.0,0.0,-3.837678156849658e-07,0.0,-1.2618654649194024e-06,0.0,-1.1505932956688551e-07,0.0,0.0,0.0,5.2421589806201085,1,-0.14831047227066937,0.0,0.0,0.0,0.0,0.0,0.0,0.0,0.0,0.0,0.0,0.0,0.0,0.0,0.0,0.0,0.0,0.0,0.0,0.0,0.0,0.0,0.0,0.0,0.0,0.0,0.0,0.0,0.0,0.0,0.0,0.0,0.0,0.0,0.0,0.0,0.0,0.0,0.0,0.0,0.0,0.0,0.0,0.0,0.0,0.0,0.0,0.0,0.0,0.0,0.0,0.0,0.0,0.0,0.0,0.0,0.0,0.0,0.21631241273205398,0.0,-0.000603120245316565,1.0563022964507742,0.0,0.5310623280312455,0.0,1.2911247775907504,1.0524510291866704,1.0,-2.9088980328675988e-05,0.23682513322149112,0.0,1.0,0.0,1.0,0.00550962039525038,0.0,1.022022604563958,0.057722003166467445,-0.7552690492267147,0.22692363072109445,-0.9522101588668153,0.6020065254931158,1.1427267023082022,0.5202695367820169,23,13,-0.47826086956521735,-0.5,-0.5,0.0,0.0,0.0,0.0,0.0,0.0,0.0,0.0,0.0,1.0,0.0,0.0,-1.0,0.0,1.0,0.0,1
VAR_002759,-0.0783428963784724,-3.8059031320814635e-07,-3.004136269736329e-07,-5.4653554515842356e-05,-1.1041372304889563e-05,-4.831251662299113e-06,-0.017267181209998077,-4.8105745895704074e-06,-8.537446705068216e-06,0.0,-0.10946537831009982,8,0.0,0.0,0.0,0.0,0.0,0.0,0.0,0.0,0.0,0.0,0.0,0.0,0.0,0.0,0.0,0.0,0.0,0.0,0.0,0.0,0.0,0.0,0.0,0.0,0.0,0.0,0.0,0.0,0.0,0.0,0.0,0.0,0.0,0.0,0.0,7,0.0,0.0,1,1,-0.4458552194463368,0.4184374932929166,1.8262638249278016,0.0,0.0,-3.884553607683874e-07,0.0,0.0,0.0,-2.2320821211521196e-07,0.0,-1.4948262435770877e-08,-2.6709219008793652e-05,-1.4124635230450503e-05,0.0,0.0,0.0,-2.5336807690208568e-08,0.0,-1.2312450534260474e-06,-4.3419141492691217e-07,-3.5038624508476836e-08,0.0,0.0,0.0,-3.837678156849658e-07,0.0,-1.2618654649194024e-06,0.0,-1.1505932956688551e-07,0.0,0.0,0.0,0.0,1,-0.169222268148316,0.0,0.0,0.0,0.0,0.0,0.0,0.0,0.0,0.0,0.0,0.0,0.0,0.0,0.0,0.0,0.0,0.0,0.0,0.0,0.0,0.0,0.0,0.0,0.0,0.0,0.0,0.0,0.0,0.0,0.0,0.0,0.0,0.0,0.0,0.0,0.0,0.0,0.0,0.0,0.0,0.0,0.0,0.0,0.0,0.0,0.0,0.0,0.0,0.0,0.0,0.0,0.0,0.0,0.0,0.0,0.0,0.0,-0.11072982886915257,0.0,-0.0006064556200556692,-0.0018293998462169062,0.0,0.0,0.0,0.0,-0.00030853159312632406,0.0,-0.00028032881180293964,-0.0019096288697232238,0.0,0.0,0.0,0.0,-0.000870651106593671,0.0,-0.006857481141634066,-0.0018867740910451342,0.08463270421284025,0.17404874822351066,-1.0183421103709167,0.5475874684116118,1.1427267023082022,0.5943093532770756,17,1,0.5652173913043478,1.0,0.5,0.0,0.0,0.0,0.0,0.0,0.0,0.0,0.0,0.0,0.0,0.0,1.0,,0.0,0.0,0.0,1
VAR_003008,21.86837538372807,1.0183029568603909e-06,0.03780540500616514,3441.241219065868,-1.1041372082055657e-05,2.1639229086669763e-05,13.495797134759004,63.25478772586795,19.687917213912147,156019.94373972496,35.05875175623171,24,0.0,0.0,0.0,0.0,0.0,0.0,0.0,1.0,0.2809323819038829,2.718015872415207,1.0,1.0,0.0,1.0,1.1447171326883876,0.6195350554196952,9.381267283587675,16.422231567765632,6.45841437843581,0.00023570867912918458,1.0,3.231591661445227,1.0132514580063678,0.0,1.0,1.0,1.0,1.0,416.87235849118673,1.0,1.0,1.0,1.0,2.896091433730838,1.0,5,119.83016582775396,1.0,2,2,0.9158159827194845,-0.5553632368234123,-6.660124169490102,0.0,1.0,1.4641609195021132,14.36216957344868,1.0,1.0973820282003526,5.5326167299151,1.0,2.8167547764591587,4.457932733981444,3.0802409315204744,1.0,0.1981165506574705,2.934526532233309,6.827711266654862,1.0,10.000215206586946,10.000791355827571,220.26880473113482,3.1982118410375797,0.0,3.1250628423837563,10.038771102665875,1.3367590874913071,2.079209028074786,3.4265635009197988,6.304478723879463,1.372499837548093,1.0,1.0,23.499765416267216,2,31.663004637719073,5.595034830509547,0.0,0.0,0.01629125928343598,0.0,7916.415815926011,0.0,3.784483448403921e-06,0.0,94.62465338016388,0.0,1.0,0.0,1.0,1.0,0.0,2258.272248111359,0.0,0.0,1.5246036095718187,0.3438877516369902,0.0,0.0,0.0,1.0,0.0,1.0,16.691894471602374,325.8132667851863,0.0,3.2441455086587174,0.0,1.0,30.27736108095017,1.0,0.0,7.770641217507893e-10,1.5966885415373189,0.0,0.0,0.0,0.0,907.2709778599261,0.0,0.0,105.31457082925479,22.542667450015994,11754.876143077568,0.0,3.223671238484157,0.0,1.0,5719.008407833357,1.0,0.0,0.3355249706624054,1.0,17.836621439539066,1.0,-0.0006064524772805811,0.5683567635131275,0.0,2.770729017407695,0.0,1.2911247775907504,10.527288878712225,0.0,0.9170340595794846,0.04318347493994712,0.0,1.0,0.0,1.0,9.894933172542254,1.2101454315057372,-0.006076507624335278,10.096334707938027,-0.3817297110606799,0.12943517414223416,0.17327049790207177,-1.2862969897731473,-0.4075115589445054,-0.927371315531942,16,8,0.28260869565217384,0.5,-0.5,0.0,0.0,0.0,0.0,0.0,0.0,1.0,0.0,0.0,0.0,0.0,0.0,-1.0,1.0,0.0,0.0,0
VAR_003169,-0.00317503331319285,0.6189962734626282,5.819405959244784e-07,10.246407700749272,16.24006705307791,1.4668693445457146,0.09304479237135606,2.946221636225148e-06,0.017248804378438443,0.0,1.0130793546976773,16,0.0,0.0,0.0,0.0,0.0,0.0,0.0,0.0,0.0,0.0,0.0,0.0,0.0,0.0,0.0,0.0,0.0,0.0,0.0,0.0,0.0,0.0,0.0,0.0,0.0,0.0,0.0,0.0,0.0,0.0,0.0,0.0,0.0,0.0,0.0,7,0.0,0.0,1,1,-0.6282754350187054,-0.2745607186297667,0.0,1.0,0.0,1.4641607098021694,0.0,1.0,0.0,0.9981166088075121,0.0,1.0330980362883477,0.007236727700393274,0.052722795980478694,0.0,1.0,0.0,1.033343197766654,0.0,1.0000204120164613,0.9988161359410287,0.044838651310760515,0.0,1.3415873261671332,1.1179419510856097,-2.4512462521870513e-07,0.7739505691599605,0.00014393608136348488,0.8063200617848264,1.1192463326367041,1.372499837548093,1.0,0.0,0.0,1,-0.12129862443231325,0.0,0.0,0.0,0.0,0.0,0.0,0.0,0.0,0.0,0.0,0.0,0.0,0.0,0.0,0.0,0.0,0.0,0.0,0.0,0.0,0.0,0.0,0.0,0.0,0.0,0.0,0.0,0.0,0.0,0.0,0.0,0.0,0.0,0.0,0.0,0.0,0.0,0.0,0.0,0.0,0.0,0.0,0.0,0.0,0.0,0.0,0.0,0.0,0.0,0.0,0.0,0.0,0.0,0.0,0.0,0.0,0.0,-0.05515516298546002,0.0,1.055444856593682,0.8734547347356665,0.0,0.0,0.0,0.5575207605377035,-0.0002994075787204618,1.0,0.5831404299678538,1.0238795784926338,0.0,1.0,0.0,1.0,-0.0007887965520264735,0.0,1.0017827093318434,1.065604529583257,0.08463270421284025,0.09273584537713174,-0.7784866015285632,-0.28593595996314747,1.1427267023082022,0.664332329799618,6,19,-0.7826086956521737,-0.5,-0.5,0.0,0.0,0.0,0.0,0.0,0.0,0.0,0.0,0.0,0.0,1.0,0.0,0.0,0.0,1.0,0.0,1
VAR_002788,-0.0783428963784724,-3.8059031320814635e-07,-3.004136269736329e-07,-5.4653554515842356e-05,-1.1041372304889563e-05,-4.831251662299113e-06,-0.017267181209998077,-4.8105745895704074e-06,-8.537446705068216e-06,0.0,-0.10946537831009982,8,0.0,0.0,0.0,0.0,0.0,0.0,0.0,0.0,0.0,0.0,0.0,0.0,0.0,0.0,0.0,0.0,0.0,0.0,0.0,0.0,0.0,0.0,0.0,0.0,0.0,0.0,0.0,0.0,0.0,0.0,0.0,0.0,0.0,0.0,0.0,7,0.0,0.0,4,4,-0.41361729695341964,0.579648687038877,-5.812187446620212,0.0,0.0,-3.884553607683874e-07,0.0,0.0,0.0,-2.2320821211521196e-07,0.0,-1.4948262435770877e-08,-2.6709219008793652e-05,-1.4124635230450503e-05,0.0,0.0,0.0,-2.5336807690208568e-08,0.0,-1.2312450534260474e-06,-4.3419141492691217e-07,-3.5038624508476836e-08,0.0,0.0,0.0,-3.837678156849658e-07,0.0,-1.2618654649194024e-06,0.0,-1.1505932956688551e-07,0.0,0.0,0.0,0.0,4,-0.169222268148316,0.0,0.0,0.0,0.0,0.0,0.0,0.0,0.0,0.0,0.0,0.0,0.0,0.0,0.0,0.0,0.0,0.0,0.0,0.0,0.0,0.0,0.0,0.0,0.0,0.0,0.0,0.0,0.0,0.0,0.0,0.0,0.0,0.0,0.0,0.0,0.0,0.0,0.0,0.0,0.0,0.0,0.0,0.0,0.0,0.0,0.0,0.0,0.0,0.0,0.0,0.0,0.0,0.0,0.0,0.0,0.0,0.0,-0.11072982886915257,0.0,-0.0006064556200556692,-0.0018293998462169062,0.0,0.0,0.0,0.0,-0.00030853159312632406,0.0,-0.00028032881180293964,-0.0019096288697232238,0.0,0.0,0.0,0.0,-0.000870651106593671,0.0,-0.006857481141634066,-0.0018867740910451342,-1.29271241782853,0.22692363072109445,-0.5920218310496327,-1.5904914376689072,-0.28914449370398543,-0.4070461652476619,9,22,-0.06521739130434778,2.0,0.0,0.0,1.0,0.0,0.0,0.0,0.0,0.0,0.0,0.0,0.0,0.0,0.0,,0.0,0.0,0.0,1
VAR_002888,0.30345978677493207,1.8031489682171205,51.4408391985709,0.0020373414749063103,0.0003271390747598643,8.340870906982646e-06,7.226059402134403,4.988033783885491e-06,0.0006510220116299871,3686.1628962872915,3.6527676191130927,20,0.0,0.0,0.0,0.0,0.0,0.0,0.0,0.0,0.0,0.5059780952195269,0.0,0.0,0.0,1.0,1.1447171326883876,0.0018897652901170247,0.3794845229366438,9.776095107291395,6.131462001666946e-05,8.525033506161748e-06,1.0,5.865412228230891e-09,0.0,3.5618546793348527,0.0,0.0,0.0,1.0,11.819407558615348,1.0,1.0,0.746492399530342,1.0,2.896091433730838,1.0,3,12.589714472420827,1.0,4,4,0.5598638084917115,0.1881435789728829,3.2353106740143542,1.0,1.0,1.0597316061153221,14.36216957344868,0.0,0.6472685054221411,0.9743175337914962,1.0,0.002676913916848236,0.014667734882589286,1.0333130059519144,0.0,0.0,2.043732271458193,0.3236901006113608,1.0,0.0004061066095307755,1.0000785666909975,24.114542913313645,0.0,0.0,0.0,1.0038767625763905,0.0,1.0134558794367423,0.10122853358252615,1.4093279144425363e-07,1.372499837548093,1.0,0.0,0.0,4,7.665679032594688,0.0,0.0,0.0,0.0,0.0,0.0,0.0,0.0,0.0,0.0,0.0,0.0,0.0,0.0,0.0,0.0,0.0,0.0,0.0,0.0,0.0,0.0,0.0,0.0,0.0,0.0,0.0,0.0,0.0,0.0,0.0,0.0,0.0,0.0,0.0,0.0,0.0,0.0,0.0,0.0,0.0,0.0,0.0,0.0,0.0,0.0,0.0,0.0,0.0,0.0,0.0,0.0,0.0,0.0,0.0,0.0,1.0,1.6012642618595367,0.0,1.1717447294727823,0.031526161610820634,0.0,0.34201506981388885,0.0,1.2911247775907504,-0.00020517874408463997,0.0,1.120939486247409,0.955120616105674,0.0,0.0,0.0,1.0,-0.0008612723350034312,1.2101454315057372,1.022541616536457,0.05844588800764088,-0.6038084318762301,0.22692363072109445,-1.5391243667112302,-0.6210458459858427,0.0097266906488406,-0.008540200743226702,19,14,-0.1956521739130435,0.0,0.5,1.0,0.0,0.0,0.0,0.0,0.0,0.0,0.0,0.0,0.0,0.0,0.0,-1.0,1.0,0.0,1.0,1
VAR_002736,1.5216868117489288,0.002189475484805957,-3.004136269736285e-07,0.032559961596888,15.940995270625626,-3.558858635280562e-06,2.2176594842463517,0.0029611160664741263,0.00018313397004144358,0.0,0.012959277464369872,16,0.0,0.0,0.0,0.0,0.0,0.0,0.0,1.0,1.0,2.718010672435108,0.0,1.0,1.0,0.0,1.1447171326883876,2.109277206196897,2.250574157299766,16.422231567765632,0.3127931718452876,5.929262729397341e-13,1.0,3.3084525342836715,1.0132514580063678,3.813771391455777,1.0,1.0,1.0,0.0,41.71860375580013,0.0,0.9328400074608648,1.0,1.0,0.0,1.0,5,2.7429130954116597e-12,1.0,3,3,-0.7011398491788743,-0.14844500632084426,0.0,0.0,1.0,2.1070196183085985e-05,13.129723412130557,1.0,1.0973820282003526,0.4186645073383109,1.0,0.05842467965218869,0.06831017227121514,1.0333162559416247,1.0,0.0,0.0,0.12354301240686168,1.0,1.6730503901096345,0.9988134246762395,0.003132861920685577,0.997268767220521,0.0,3.1250628423837563,0.9512951081623117,1.3041587026485686,1.0134559340616687,0.0,0.5714682079161055,0.8659272106017493,1.0,0.0,22.830589146676513,3,0.5502644791716961,0.0,0.0,0.0,0.0,0.0,0.0,0.0,0.0,0.0,0.0,0.0,0.0,0.0,0.0,0.0,0.0,0.0,0.0,0.0,0.0,0.0,0.0,0.0,0.0,0.0,0.0,0.0,0.0,0.0,0.0,0.0,0.0,0.0,0.0,0.0,0.0,0.0,0.0,0.0,0.0,0.0,0.0,0.0,0.0,0.0,0.0,0.0,0.0,0.0,0.0,0.0,0.0,0.0,0.0,0.0,0.0,1.0,0.9961819204136788,1.0,-0.0006064553117623889,3.836452602817776e-05,0.0,0.0,0.0,1.2911247775907504,0.0006682502671865809,1.0,0.8986253558583276,0.34646000725581416,0.0,1.0,0.0,1.0,1.0068206201863736,0.0,1.0223690510469046,0.0077986942948748625,-1.378995257323483,-1.9616410778899507,0.17327049790207177,0.7363263135454579,0.44127487442676194,0.7534580570099187,0,22,0.5217391304347826,0.5,0.5,0.0,0.0,0.0,0.0,0.0,1.0,0.0,0.0,0.0,0.0,0.0,0.0,0.0,1.0,1.0,0.0,1
VAR_002733,0.29574593396665055,-3.8059031298578104e-07,0.10102293396067594,485.58183739162047,33.97070818770375,0.20521095451209345,0.5341400445874567,8.861056563780026e-05,77.92287715054245,1523.7648327662557,1.2750879251838232,28,0.0,0.0,0.0,0.0,0.0,0.0,0.0,1.0,1.0,2.7180059173858058,1.0,1.0,1.0,1.0,1.1447171326883876,0.5541770025019124,9.35528840127635,0.0,81.14140270107805,1121.3701059987677,1.0,3.30789549340083,0.0,0.0,0.0,0.0,0.0,0.0,0.0,0.0,0.0,0.0,0.0,0.0,0.0,7,0.0,0.0,3,3,-0.6936791469927742,0.021231445105290833,2.475221005724898,1.0,1.0,4.521037026145401e-05,0.0,1.0,0.0,2.652504366129912,1.0,0.035649775796122225,2.553823722885602,0.27833896620147663,1.0,0.0,0.0,1.0335828096007498,1.0,0.9667224896515088,-4.31702579592088e-07,3.1981891910135906e-06,2.9245170962282163,0.0,0.0,0.3418800179741701,0.0,1.0134398317815436,0.0,-1.150572921138227e-07,1.1506072893233221,0.0,1.0,1.0837777839452556,3,-0.12596154086152836,0.0,0.0,0.0,0.0,0.0,0.0,0.0,0.0,0.0,0.0,0.0,0.0,0.0,0.0,0.0,0.0,0.0,0.0,0.0,0.0,0.0,0.0,0.0,0.0,0.0,0.0,0.0,0.0,0.0,0.0,0.0,0.0,0.0,0.0,0.0,0.0,0.0,0.0,0.0,0.0,0.0,0.0,0.0,0.0,0.0,0.0,0.0,0.0,0.0,0.0,0.0,0.0,0.0,0.0,0.0,0.0,1.0,0.33399601352856095,1.0,1.171761802928578,1.0767606142020798,0.0,0.0,0.0,0.0,0.38601911081952595,0.0,1.1209394771268653,-0.0019096288697232225,0.0,1.0,0.0,1.0,1.0068206068284262,0.0,1.0225411837337632,1.0655904585250149,0.0,-2.4645918420435087,0.14645869784878202,0.5768268449610338,-0.01182091947619024,0.7534580570099187,14,8,-0.34782608695652173,-0.5,-0.5,0.0,0.0,0.0,1.0,0.0,0.0,0.0,0.0,0.0,0.0,0.0,0.0,-1.0,0.0,1.0,0.0,1
VAR_002815,-0.0783428963784724,-3.8059031320814635e-07,-3.004136269736329e-07,-5.4653554515842356e-05,-1.1041372304889563e-05,-4.831251662299113e-06,-0.017267181209998077,-4.8105745895704074e-06,-8.537446705068216e-06,0.0,-0.10946537831009982,8,0.0,0.0,0.0,0.0,0.0,0.0,0.0,1.0,0.1154813791947494,2.6208494209816253,0.9769627788609182,1.0,0.0,1.0,0.0,0.020884530338771797,9.38126664035298,2.9940284701761937,81.14158112011158,405.6190872989166,1.0,3.3074574191015316,1.0132514580063678,3.813771391455777,0.0,0.0,1.0,0.0,41.718680159478076,1.0,1.0,0.4926544258390871,0.0,2.896091433730838,1.0,3,3.860505898009,0.0,3,3,-0.06686539354160301,0.5304880962978371,2.5810313286993662,1.0,0.0,1.4641148757506837,3.6353392915276124,1.0,1.0973820282003526,0.000817279842230836,1.0,1.023187950385803,0.011460173602134888,7.281918517125756e-06,1.0,0.0,2.1162037125083843,0.07694937918080175,1.0,-9.362499572606117e-07,1.0000782598563707,0.0036025944117075194,2.2822799314464386,1.3415873261671332,0.177455937173789,1.0037906044768163,0.0,2.0799471574893828e-05,2.003821206106733,0.18481094551933486,0.8996003412927154,0.0,0.0,0.0,3,0.6973494590525328,0.0,0.0,0.0,0.0,0.0,0.0,0.0,0.0,0.0,0.0,0.0,0.0,0.0,0.0,0.0,0.0,0.0,0.0,0.0,0.0,0.0,0.0,0.0,0.0,0.0,0.0,0.0,0.0,0.0,0.0,0.0,0.0,0.0,0.0,0.0,0.0,0.0,0.0,0.0,0.0,0.0,0.0,0.0,0.0,0.0,0.0,0.0,0.0,0.0,0.0,0.0,0.0,0.0,0.0,0.0,0.0,0.0,-0.11072982886915257,0.0,-0.0006064556200556692,-0.0018293998462169062,0.0,0.0,0.0,0.0,-0.00030853159312632406,0.0,-0.00028032881180293964,-0.0019096288697232238,0.0,0.0,0.0,0.0,-0.000870651106593671,0.0,-0.006857481141634066,-0.0018867740910451342,-0.4139906938802228,0.19207859147822687,-2.077561462112683,0.6106672811214415,0.2049823223551886,0.26418685131852965,14,19,0.17391304347826086,0.0,0.5,0.0,0.0,0.0,0.0,0.0,1.0,0.0,0.0,0.0,0.0,0.0,0.0,,1.0,0.0,0.0,1
VAR_002998,1.8102834886990724,295.9742264223217,75.76629011020393,14.989978827547233,31.523362875584084,16.590736791111265,9.266657891928814,13.9484545156918,0.015022810028433248,122063.82472628006,6.317883871326388,2,0.0,0.0002300003525336,0.85141605747665,0.0736286867107702,0.9995153745788692,0.0949587992198196,0.0947230260458142,0.0,1.0,2.429465100334606,1.0,0.0,0.0595786385597556,1.0,1.1447171326883876,0.30543178440382196,6.737621302140645,11.118395659495638,0.9130153920413581,8.06154134198554e-07,0.0,3.3083426077682523,1.0132514580063678,3.813771391455777,1.0,1.0,0.3250720345397632,1.0,417.18680199637146,1.0,0.0,1.0,1.0,2.896091433730838,0.0,2,1.7476384430770368e-07,1.0,2,2,0.1548439281887183,-3.16821469194191,-3.6721454464524728,0.0,1.0,0.011017258395720271,0.0,1.0,0.45624419807547856,10.000394169520558,1.0,1.0219079999433147,10.000333261635726,0.06420845579166272,0.0,1.0,1.3906728789222624,0.04924182341386969,1.0,-1.2312362956573226e-06,0.95841863111481,3.16251186991588,0.0,0.0,0.2433647999619118,1.2793506932347805,0.0,10.134570697455429,0.18827201094897875,1.0288348384836854,1.372499837548093,0.0,1.0,3.529644340816049,2,13.505223289917259,5.595034830509547,0.467061453413762,0.0,56.330569283480436,0.0,791.6415815926011,0.0,99.32727260341377,0.0,62.01752032329237,0.0,0.6609554592494166,0.0,1.0,1.0,0.0,5.468654374115118e-09,0.0,0.0,1.5246036095718187,0.0,0.0,0.0,0.0,0.0944660286378892,0.0,1.0,1778.4621373065952,325.80741521293004,0.0,3.2441455086587174,0.0,1.0,12066.44856827576,0.0,0.0,33.683558216748246,1.5966885415373189,0.5720147188813149,0.0,0.0,0.0,32.837573902170064,0.0,1.0,164.4450629198668,0.007215875406775118,267.1513831966574,0.0,0.5600065977853884,0.0,1.0,0.00011190906897915111,0.1629498147605685,0.0,381.2826705848051,1.0,2.18739737582729,0.0,0.2498557748263301,0.3038574331000246,0.0,0.0,0.0,1.2911247775907504,0.7791279998801831,1.0,1.119868104626704,-0.0019096240653755394,0.0,0.0,0.0,1.0,0.000317150448900876,0.051814279510225165,-0.005516014342576296,1.054672608335947,-1.402947932262879,-0.0657505725677389,-1.4453884388730347,-1.2562734306762033,-1.1455840482925626,-1.2578740499894807,15,8,0.06521739130434778,0.5,0.5,0.0,0.0,0.0,0.0,0.0,0.0,0.0,0.0,0.0,0.0,0.0,0.0,,1.0,0.0,0.0,1
VAR_002749,1.0669972223294792,3.3486029198868907,-3.0041362683335077e-07,263.54207474115174,2.404418369703611,7.308589221284737e-06,0.4215436370557581,0.12418569316256141,-4.77876934266708e-06,279528.4825868634,0.26957068186061983,28,0.0,0.0,0.0,0.0,0.0,0.0,0.0,1.0,0.0,0.021354730427884026,0.0,0.0,0.0,0.0,0.0,5.093205960701615e-19,0.21559490475344778,1.4415954009945002,81.13774677880417,676.819390444031,1.0,0.0840616210262753,0.0,3.813771391455777,0.0,1.0,0.0,1.0,30.116624883898723,0.0,0.0,0.0,0.0,2.896091433730838,1.0,3,12.58975059663205,0.0,2,2,-0.7349590908294119,0.27822938530912694,2.5872442241034297,0.0,0.0,0.42797299047864856,0.0,0.0,0.527336536509024,0.050200122354079675,1.0,0.00015554486713859698,0.001126914550941857,1.0340595544029316,0.0,0.0,0.0,0.6928613954240362,0.0,2.1016532783804363,1.0000787448078814,1.8177258939492678,0.0,1.3415873261671332,0.0,1.003874047364599,0.0,1.0134549094909457,0.07995462836420666,0.9298681467959075,1.372499837548093,0.0,0.0,1.4999844416497763,2,-0.0904845693839435,0.0,0.0,0.0,0.0,0.0,0.0,0.0,0.0,0.0,0.0,0.0,0.0,0.0,0.0,0.0,0.0,0.0,0.0,0.0,0.0,0.0,0.0,0.0,0.0,0.0,0.0,0.0,0.0,0.0,0.0,0.0,0.0,0.0,0.0,0.0,0.0,0.0,0.0,0.0,0.0,0.0,0.0,0.0,0.0,0.0,0.0,0.0,0.0,0.0,0.0,0.0,0.0,0.0,0.0,0.0,0.0,1.0,1.4391162486479967,1.0,1.1669463149202766,0.18586746657940756,0.0,0.6063699195951673,0.0,0.0,-0.00030853159238528033,1.0,0.020543696316858522,1.0238788901198217,0.0,0.0,0.0,1.0,1.00682061701124,0.0,0.5723693392292142,-0.0018451395628323562,-0.23369306835374512,-0.2033597282204256,0.17327049790207177,0.11639816567802866,-0.8551822929656125,-0.07310990018801262,0,19,-0.5652173913043478,1.0,0.5,0.0,0.0,0.0,0.0,0.0,0.0,0.0,0.0,1.0,0.0,0.0,0.0,-1.0,1.0,1.0,0.0,1
VAR_002863,-0.0783428963784724,-3.8059031320814635e-07,-3.004136269736329e-07,-5.4653554515842356e-05,-1.1041372304889563e-05,-4.831251662299113e-06,-0.017267181209998077,-4.8105745895704074e-06,-8.537446705068216e-06,0.0,-0.10946537831009982,8,0.0,0.0,0.0,0.0,0.0,0.0,0.0,0.0,0.0,0.0,0.0,0.0,0.0,0.0,0.0,0.0,0.0,0.0,0.0,0.0,0.0,0.0,0.0,0.0,0.0,0.0,0.0,0.0,0.0,0.0,0.0,0.0,0.0,0.0,0.0,7,0.0,0.0,2,2,0.5982258208323173,0.4716723077006194,2.6681705660306485,0.0,0.0,-3.884553607683874e-07,0.0,0.0,0.0,-2.2320821211521196e-07,0.0,-1.4948262435770877e-08,-2.6709219008793652e-05,-1.4124635230450503e-05,0.0,0.0,0.0,-2.5336807690208568e-08,0.0,-1.2312450534260474e-06,-4.3419141492691217e-07,-3.5038624508476836e-08,0.0,0.0,0.0,-3.837678156849658e-07,0.0,-1.2618654649194024e-06,0.0,-1.1505932956688551e-07,0.0,0.0,0.0,0.0,2,-0.169222268148316,0.0,0.0,0.0,0.0,0.0,0.0,0.0,0.0,0.0,0.0,0.0,0.0,0.0,0.0,0.0,0.0,0.0,0.0,0.0,0.0,0.0,0.0,0.0,0.0,0.0,0.0,0.0,0.0,0.0,0.0,0.0,0.0,0.0,0.0,0.0,0.0,0.0,0.0,0.0,0.0,0.0,0.0,0.0,0.0,0.0,0.0,0.0,0.0,0.0,0.0,0.0,0.0,0.0,0.0,0.0,0.0,0.0,-0.11072982886915257,0.0,-0.0006064556200556692,-0.0018293998462169062,0.0,0.0,0.0,0.0,-0.00030853159312632406,0.0,-0.00028032881180293964,-0.0019096288697232238,0.0,0.0,0.0,0.0,-0.000870651106593671,0.0,-0.006857481141634066,-0.0018867740910451342,0.08463270421284025,0.22692363072109445,-1.9009508184220802,0.29559522554995804,-0.28999559623661325,-0.05555692959414386,7,19,-0.08695652173913043,0.5,-0.5,0.0,0.0,0.0,0.0,0.0,0.0,1.0,0.0,0.0,0.0,0.0,0.0,,0.0,0.0,0.0,1
VAR_002986,-0.003536067282331537,1.3982213565051511,0.23144091408172424,69.01415147088558,6.495512408088844,-4.8312516621497885e-06,0.024611758691972657,2.569404155838735,7.774044116997628e-05,1012.0383449756454,0.20367876458896497,9,0.0,0.0,0.0,0.0,0.0,0.0,0.0,0.0,0.0,7.739106084416753e-13,0.0,1.0,1.0,1.0,1.1447171326883876,1.895200750221984,9.381224724491002,0.0,0.00031020489892196346,180.19820302836473,1.0,4.1453340807079945e-14,1.0132514580063678,0.0,0.0,1.0,1.0,1.0,417.18680199637146,1.0,1.0,0.0,1.0,0.0,1.0,2,12.419390011797406,1.0,2,2,0.1953196650822129,0.5576894884288033,0.4155666820818832,1.0,0.0,1.4641596127053658,0.0,1.0,0.0,0.016688087527385927,0.0,2.66027225946844,0.4391533964430132,0.2512576372480959,0.0,0.0,0.0,1.0333428308900277,1.0,-1.2116344679830723e-06,0.9999123834209898,0.9914524565877465,0.0,1.3415873261671332,0.0,1.0038767648737454,0.0,0.5155906467953889,0.17948949647296045,5.466633258922206,0.1405158511774806,0.0,0.0,1.698852519386352,2,5.5371923298889,0.0,0.0,0.0,0.0,0.0,0.0,0.0,0.0,0.0,0.0,0.0,0.0,0.0,0.0,0.0,0.0,0.0,0.0,0.0,0.0,0.0,0.0,0.0,0.0,0.0,0.0,0.0,0.0,0.0,0.0,0.0,0.0,0.0,0.0,0.0,0.0,0.0,0.0,0.0,0.0,0.0,0.0,0.0,0.0,0.0,0.0,0.0,0.0,0.0,0.0,0.0,0.0,0.0,0.0,0.0,0.0,1.0,0.06092703252497191,0.565040352557945,1.0821402878348467,-1.0999958687268164e-05,0.0,0.7721311125204,0.0,0.5882255250953653,1.044095942762054,1.0,0.0019534582620029666,0.6257683836615626,0.0,1.0,0.0,0.0,1.004667025398255,1.2101454315057372,1.0225345492432893,0.017144125792600936,0.08463270421284025,-0.13239224996434176,-0.1965058819246011,-0.9720337210565807,-0.13464210247316014,-0.551347142490482,5,10,-0.0869565217391304,1.0,-0.5,0.0,0.0,0.0,0.0,0.0,0.0,1.0,0.0,0.0,0.0,0.0,0.0,0.0,1.0,0.0,1.0,1
VAR_003054,0.22385424390809452,0.0014459738539241516,8.794616507404567e-07,-3.693177077366699e-05,0.00021676342481041666,-2.268230082447251e-06,0.4226402766340601,-4.810574589207862e-06,5.638634193805949,167.47399659372502,-0.014987756750463765,28,0.0,0.0,0.0,0.0,0.0,0.0,0.0,0.0,0.0,0.0,0.0,0.0,0.0,0.0,0.0,0.0,0.0,0.0,0.0,0.0,0.0,0.0,0.0,0.0,0.0,0.0,0.0,0.0,0.0,0.0,0.0,0.0,0.0,0.0,0.0,7,0.0,0.0,5,5,0.0,0.0,0.0,0.0,0.0,-3.884553607683874e-07,0.0,0.0,0.0,-2.2320821211521196e-07,0.0,-1.4948262435770877e-08,-2.6709219008793652e-05,-1.4124635230450503e-05,0.0,0.0,0.0,-2.5336807690208568e-08,0.0,-1.2312450534260474e-06,-4.3419141492691217e-07,-3.5038624508476836e-08,0.0,0.0,0.0,-3.837678156849658e-07,0.0,-1.2618654649194024e-06,0.0,-1.1505932956688551e-07,0.0,0.0,0.0,0.0,5,-0.169222268148316,0.0,0.0,0.0,0.0,0.0,0.0,0.0,0.0,0.0,0.0,0.0,0.0,0.0,0.0,0.0,0.0,0.0,0.0,0.0,0.0,0.0,0.0,0.0,0.0,0.0,0.0,0.0,0.0,0.0,0.0,0.0,0.0,0.0,0.0,0.0,0.0,0.0,0.0,0.0,0.0,0.0,0.0,0.0,0.0,0.0,0.0,0.0,0.0,0.0,0.0,0.0,0.0,0.0,0.0,0.0,0.0,0.0,-0.11072982886915257,0.0,-0.0006064556200556692,-0.0018293998462169062,0.0,0.0,0.0,0.0,-0.00030853159312632406,0.0,-0.00028032881180293964,-0.0019096288697232238,0.0,0.0,0.0,0.0,-0.000870651106593671,0.0,-0.006857481141634066,-0.0018867740910451342,0.0,0.0,0.0,0.0,0.0,0.0,24,25,0.0,0.0,0.0,0.0,0.0,0.0,0.0,0.0,0.0,0.0,0.0,0.0,0.0,0.0,0.0,-1.0,0.0,1.0,0.0,0
VAR_002675,-0.003393914648538373,0.0034475129553482183,-2.43592280815779e-07,6.435120138689045,0.009636711209729896,0.7931830862112779,-0.01718540715448031,2.0397463038744084,0.0054380723204502,0.0,-0.0007541152002941884,18,0.0,0.0,0.0,0.0,0.0,0.0,0.0,0.0,0.0,0.0,0.0,0.0,0.0,0.0,0.0,0.0,0.0,0.0,0.0,0.0,0.0,0.0,0.0,0.0,0.0,0.0,0.0,0.0,0.0,0.0,0.0,0.0,0.0,0.0,0.0,7,0.0,0.0,2,2,0.15262201818545787,0.45385120175336113,0.0,0.0,0.0,0.650764951600795,14.36216957344868,0.0,1.0973820282003526,9.226728325872795e-06,0.0,1.0231630976357484,-2.1694203826002903e-05,1.033316157837825,0.0,0.0,0.0,0.24593236080540767,1.0,1.2178976010705433,8.82439821722892,14.891316881159788,1.1239663673732925,1.3415873261671332,0.36736780388200885,0.00027727552195208236,0.0,-1.2618623117858534e-06,0.3148005832073322,7.459335234215424e-06,0.0,0.0,0.0,0.0,2,0.6182977656208192,0.0,0.0,0.0,0.0,0.0,0.0,0.0,0.0,0.0,0.0,0.0,0.0,0.0,0.0,0.0,0.0,0.0,0.0,0.0,0.0,0.0,0.0,0.0,0.0,0.0,0.0,0.0,0.0,0.0,0.0,0.0,0.0,0.0,0.0,0.0,0.0,0.0,0.0,0.0,0.0,0.0,0.0,0.0,0.0,0.0,0.0,0.0,0.0,0.0,0.0,0.0,0.0,0.0,0.0,0.0,0.0,0.0,-0.055298863278223996,0.6831109421940526,-0.0006064556200540294,0.6762094987526455,0.0,0.0,0.0,0.0,-0.000308531593118773,0.0,-0.0002803281087094643,0.7876795884755252,0.0,1.0,0.0,1.0,-0.0006834396552918154,0.0,1.0135610937143833,0.21141319163639463,-1.53612310609181,0.22692363072109445,-0.013591774507145582,0.18925732996752725,-0.8365871711795031,-0.010037544532078072,7,3,0.6304347826086956,-1.0,-0.5,0.0,0.0,0.0,0.0,0.0,0.0,0.0,0.0,1.0,0.0,0.0,0.0,0.0,0.0,0.0,0.0,1
VAR_002650,0.25371494042736975,2.135553345603491,1.0339087479310195e-05,0.4201795986079842,65.13697051760902,-4.776628488898369e-06,0.10089295050878377,4.69715220369034e-05,3.927339783926308e-05,0.0,-0.09962661022957223,16,0.0,0.0,0.0,0.0,0.0,0.0,0.0,0.0,0.6862521113029048,2.7063992302468947,0.0,1.0,0.0,1.0,0.0,0.022869380565419335,9.380504966833444,3.17319508492971,47.88444306470423,299.0966203177253,0.0,1.033983114981433,0.0,0.0,0.0,0.0,0.0,0.0,0.0,0.0,0.0,0.0,0.0,0.0,0.0,7,0.0,0.0,4,4,-0.8409529660090842,0.14409199723107227,0.0,1.0,1.0,0.9889332077540769,4.831780392519063,0.0,0.874432524754735,0.9928483680059976,1.0,1.0231894693232257,0.0029113505978315877,0.018643587748553174,1.0,0.0,0.0,1.0333432394668618,1.0,0.1247199284741652,2.3560649722368363e-05,0.0037876917307951233,0.1149712885540942,0.0,0.3728284560683331,0.0006883224219064138,0.0,0.865194713491973,0.623080952651105,1.0289161827178122,1.372499837548093,0.0,0.0,0.525499402684463,4,-0.05506134104445356,0.654565559078798,0.5991526267915045,0.0,0.032805994563829474,0.0,791.641581592594,0.0,3.3098631863185823,0.0,3.164160438219914e-09,0.0,0.0,0.0,0.0,0.0,0.0,201.9822883921533,0.0,0.0,1.5246036095718187,1.0,0.0,0.5837281463151706,0.0,0.4995602866936298,0.0,0.0,1774.138302063741,15.71925750561389,0.0,3.2441455086587174,0.0,0.0,93.85321912771644,0.838188646669272,0.0,216.48449677643606,0.0,0.0,0.0,0.0,0.0,85.99918111062576,0.0,1.0,164.4462013636568,22.54850924387298,1.0040571935323575,0.0,0.21720786845053516,0.0,0.0,0.0,0.8870717203021984,0.0,381.29990103827964,1.0,0.08816975284640644,1.0,-0.00037497567322059304,1.0767290330166446,0.0,0.32009165386386207,0.0,0.0,0.014990574142512035,1.0,0.013737865397555227,-0.0019096288696427643,0.0,1.0,0.0,1.0,1.0068206159865691,0.0,1.022537496934714,1.0652872111657143,-0.7893750440995968,-5.08844366206047,-0.6725414751125193,-0.3173978893804208,-0.45996281142285855,-0.01802993209410378,23,3,0.826086956521739,-0.5,-0.5,0.0,1.0,0.0,0.0,0.0,0.0,0.0,0.0,0.0,0.0,0.0,0.0,0.0,0.0,1.0,0.0,1
VAR_002692,-0.0783428963784724,-3.8059031320814635e-07,-3.004136269736329e-07,-5.4653554515842356e-05,-1.1041372304889563e-05,-4.831251662299113e-06,-0.017267181209998077,-4.8105745895704074e-06,-8.537446705068216e-06,0.0,-0.10946537831009982,8,0.0,0.0,0.0,0.0,0.0,0.0,0.0,0.0,0.0,0.0,0.0,0.0,0.0,0.0,0.0,0.0,0.0,0.0,0.0,0.0,0.0,0.0,0.0,0.0,0.0,0.0,0.0,0.0,0.0,0.0,0.0,0.0,0.0,0.0,0.0,7,0.0,0.0,1,1,0.21174609085924273,0.31473577062701047,0.0,0.0,0.0,-3.884553607683874e-07,0.0,0.0,0.0,-2.2320821211521196e-07,0.0,-1.4948262435770877e-08,-2.6709219008793652e-05,-1.4124635230450503e-05,0.0,0.0,0.0,-2.5336807690208568e-08,0.0,-1.2312450534260474e-06,-4.3419141492691217e-07,-3.5038624508476836e-08,0.0,0.0,0.0,-3.837678156849658e-07,0.0,-1.2618654649194024e-06,0.0,-1.1505932956688551e-07,0.0,0.0,0.0,0.0,1,-0.169222268148316,0.0,0.0,0.0,0.0,0.0,0.0,0.0,0.0,0.0,0.0,0.0,0.0,0.0,0.0,0.0,0.0,0.0,0.0,0.0,0.0,0.0,0.0,0.0,0.0,0.0,0.0,0.0,0.0,0.0,0.0,0.0,0.0,0.0,0.0,0.0,0.0,0.0,0.0,0.0,0.0,0.0,0.0,0.0,0.0,0.0,0.0,0.0,0.0,0.0,0.0,0.0,0.0,0.0,0.0,0.0,0.0,0.0,-0.11072982886915257,0.0,-0.0006064556200556692,-0.0018293998462169062,0.0,0.0,0.0,0.0,-0.00030853159312632406,0.0,-0.00028032881180293964,-0.0019096288697232238,0.0,0.0,0.0,0.0,-0.000870651106593671,0.0,-0.006857481141634066,-0.0018867740910451342,-1.3392317957592166,0.06992527209636848,0.17327049790207177,0.6912707638901736,1.1427267023082022,0.5785896991113338,23,13,-0.47826086956521735,-0.5,-0.5,0.0,0.0,0.0,0.0,0.0,0.0,0.0,0.0,0.0,1.0,0.0,0.0,,0.0,0.0,0.0,1
VAR_002729,-0.0035141732648700545,-2.472574732588972e-07,28.971765102853638,5.191071919653202,13.929038697810006,0.027776170926041094,0.09248410602117282,0.016883922492213304,1.0176351098178318,0.0,-0.10368367201063167,16,0.0,0.0,0.0,0.0,0.0,0.0,0.0,0.0,0.0,0.0,0.0,0.0,0.0,0.0,0.0,0.0,0.0,0.0,0.0,0.0,0.0,0.0,0.0,0.0,0.0,0.0,0.0,0.0,0.0,0.0,0.0,0.0,0.0,0.0,0.0,7,0.0,0.0,4,4,-0.5636209036907109,-0.2734471518174528,0.0,1.0,1.0,0.02036403691605033,0.0,0.0,0.0,0.043870786979130307,0.0,0.023251873797869988,0.9938011849812447,1.0333164319669192,1.0,0.0,2.934526532233309,0.4674481637524957,1.0,0.999970897131863,-4.338525444790491e-07,0.02153865991113463,0.0,1.3415873261671332,0.0,0.9873496711885942,1.00972110838472,0.21136736990284613,0.0,0.804369422244876,0.0,1.0,0.0,0.0,4,-0.16300744134747028,0.0,0.0,0.0,0.0,0.0,0.0,0.0,0.0,0.0,0.0,0.0,0.0,0.0,0.0,0.0,0.0,0.0,0.0,0.0,0.0,0.0,0.0,0.0,0.0,0.0,0.0,0.0,0.0,0.0,0.0,0.0,0.0,0.0,0.0,0.0,0.0,0.0,0.0,0.0,0.0,0.0,0.0,0.0,0.0,0.0,0.0,0.0,0.0,0.0,0.0,0.0,0.0,0.0,0.0,0.0,0.0,1.0,-0.05400764789667435,1.0,1.145708686466556,0.19435511487242352,0.0,0.0,0.0,0.0,0.008662277633068156,1.0,0.003396247425129233,1.0238795776248397,0.0,0.0,0.0,0.0,1.0068206199381953,1.2101454315057372,1.0112745983976072,1.0643187889041408,-0.7581540240218883,-2.0137024755228414,-0.45796704720724085,0.1639686660062382,0.7389795129559662,-0.04085525805615722,5,22,1.6739130434782608,-0.5,-0.5,0.0,0.0,1.0,0.0,0.0,0.0,0.0,0.0,0.0,0.0,0.0,0.0,0.0,0.0,1.0,0.0,0
VAR_003032,3.9774863683966903,0.0009949991224811852,-2.6867884360877985e-09,8.440286274682677,9.488613988919601e-05,0.0010557461323256441,0.21101662708609306,0.0006940388200698124,0.3177374584021143,0.0,0.9094681459536759,16,0.0,0.0,0.0,0.0,0.0,0.0,0.0,0.0,0.0,0.0,0.0,0.0,0.0,0.0,0.0,0.0,0.0,0.0,0.0,0.0,0.0,0.0,0.0,0.0,0.0,0.0,0.6493687609596274,0.0,0.1520519185844449,1.0,0.1476987996553359,0.0,1.0,0.0,1.0,3,0.03416220145429953,1.0,2,2,0.954149280031919,0.48226744810432914,2.8222374536699943,0.0,0.0,-3.884553607683874e-07,0.0,0.0,0.0,-2.2320821211521196e-07,0.0,-1.4948262435770877e-08,-2.6709219008793652e-05,-1.4124635230450503e-05,0.0,0.0,0.0,-2.5336807690208568e-08,0.0,-1.2312450534260474e-06,-4.3419141492691217e-07,-3.5038624508476836e-08,0.0,0.0,0.0,-3.837678156849658e-07,0.0,-1.2618654649194024e-06,0.0,-1.1505932956688551e-07,0.0,0.0,0.0,0.0,2,-0.1495408036899519,0.0,0.0,0.0,0.0,0.0,0.0,0.0,0.0,0.0,0.0,0.0,0.0,0.0,0.0,0.0,0.0,0.0,0.0,0.0,0.0,0.0,0.0,0.0,0.0,0.0,0.0,0.0,0.0,0.0,0.0,0.0,0.0,0.0,0.0,0.0,0.0,0.0,0.0,0.0,0.0,0.0,0.0,0.0,0.0,0.0,0.0,0.0,0.0,0.0,0.0,0.0,0.0,0.0,0.0,0.0,0.0,0.0,0.0853728869324376,0.6955950420802316,-0.0005915924984646629,-0.0018293994708492274,0.0,0.0,0.0,0.0,0.03617245722178092,1.0,-0.00028032881180288445,1.0232857474095614,0.0,0.0,0.0,0.0,0.004035396100323157,1.2101454315057372,1.022539606934367,1.0656045383883768,0.08463270421284025,-0.12488449175951177,0.17327049790207177,-0.33529338652387425,-0.35456290236419996,-0.5356425012067294,16,14,0.6304347826086956,-0.5,0.5,0.0,0.0,0.0,0.0,0.0,0.0,0.0,1.0,0.0,0.0,0.0,0.0,0.0,1.0,1.0,0.0,1
VAR_002735,0.37054180460757974,4.906997252934146e-06,-2.909452086094274e-07,10.510279552844063,116.3417016824056,3.7632729215038274e-06,5.864642172041764,9.743368576389048e-05,-8.536724620016006e-06,0.0,0.8622950920207324,13,0.0,0.0,0.0,0.0,0.0,0.0,0.0,0.0,0.0,0.0,0.0,0.0,0.0,0.0,0.0,0.0,0.0,0.0,0.0,0.0,0.0,0.0,0.0,3.813771391455777,1.0,1.0,0.0,0.0,417.18680199637146,1.0,1.0,0.0,0.0,0.0,1.0,2,11.189094275759315,0.0,3,3,-0.9057907714946074,-0.13690045198069775,-24.379511424253486,0.0,1.0,1.4641596636216778,0.0,0.0,0.0,9.999871149309417,1.0,1.0231891179134827,9.616359728957068,0.9712401893917674,1.0,1.0,0.0,0.0852843838409689,0.0,-1.226050775900169e-06,1.000078612483648,0.00028807556220471984,0.0,0.0,0.0,0.23505566227302957,0.0,0.8833659142331508,0.546148859004676,0.6583775830284371,0.0,1.0,0.0,0.0,3,1.5179751126297385,5.595034830509547,0.0,0.0,75.16155421944026,0.0,791.6415803619911,0.0,99.32727260341377,0.0,106.18628705979651,0.0,0.0,0.0,1.0,1.0,0.0,0.039725022560999405,0.0,0.0,0.0,1.0,0.0,0.0,0.0,0.9009509162728576,0.0,0.1915765517641146,1778.4258557986627,51.82252749818454,0.0,0.0,0.0,1.0,5191.083134209873,0.0,0.0,382.0265763756689,0.0,0.0,0.0,0.1609927911006782,0.0,79.88356415955397,0.0,1.0,164.07470361053663,22.547243911087705,4.746444920865594e-18,0.0,3.223671238484157,0.0,1.0,0.0005916056984072194,0.0259258560515883,0.0,381.29990062975077,1.0,0.22188882549638336,0.0,-0.0006052950979544544,0.0251196476232164,0.0,0.8493198620521756,0.0,0.0,-0.00030851921757882474,1.0,1.1208416876814695,1.0005729598724897,0.0,1.0,0.0,0.0,1.006500142953349,1.2101454315057372,-0.006855555122837647,0.2617450060803603,-0.6669811198555781,-2.4792886748173357,0.17327049790207177,-0.2816316234770064,0.27163814144245496,0.7534580570099187,14,21,0.1956521739130435,0.0,0.5,0.0,0.0,0.0,1.0,0.0,0.0,0.0,0.0,0.0,0.0,0.0,0.0,0.0,1.0,0.0,0.0,1
VAR_002970,-0.0783428963784724,-3.8059031320814635e-07,-3.004136269736329e-07,-5.4653554515842356e-05,-1.1041372304889563e-05,-4.831251662299113e-06,-0.017267181209998077,-4.8105745895704074e-06,-8.537446705068216e-06,0.0,-0.10946537831009982,8,0.0,0.0,0.0,0.0,0.0,0.0,0.0,0.0,0.0,0.0,0.0,0.0,0.0,0.0,0.0,0.0,0.0,0.0,0.0,0.0,0.0,0.0,0.0,0.0,0.0,0.0,0.0,0.0,0.0,0.0,0.0,0.0,0.0,0.0,0.0,7,0.0,0.0,2,2,0.07432114041292776,0.3937549691109189,0.0,1.0,1.0,1.4641270343763697,14.36216957344868,1.0,0.0,1.0000389791169801,1.0,1.0231894693195607,1.0000092878664648,0.08575230327372683,0.0,0.0,1.4238494082812565,0.003366463947136895,1.0,3.646558960275941,0.697063068577621,6.988408025861707e-06,0.0,0.0,0.8367193951108457,1.0038557834153705,0.0,0.013922037187318395,0.6626174749992257,0.9928331940980841,0.21845744910449758,0.0,0.0,0.0,2,3.5132235733308255,0.0,0.0,0.0,0.0,0.0,0.0,0.0,0.0,0.0,0.0,0.0,0.0,0.0,0.0,0.0,0.0,0.0,0.0,0.0,0.0,0.0,0.0,0.0,0.0,0.0,0.0,0.0,0.0,0.0,0.0,0.0,0.0,0.0,0.0,0.0,0.0,0.0,0.0,0.0,0.0,0.0,0.0,0.0,0.0,0.0,0.0,0.0,0.0,0.0,0.0,0.0,0.0,0.0,0.0,0.0,0.0,0.0,-0.11072982886915257,0.0,-0.0006064556200556692,-0.0018293998462169062,0.0,0.0,0.0,0.0,-0.00030853159312632406,0.0,-0.00028032881180293964,-0.0019096288697232238,0.0,0.0,0.0,0.0,-0.000870651106593671,0.0,-0.006857481141634066,-0.0018867740910451342,-0.14572843385616094,-4.137917201354392,-0.12153386491589203,0.1085394546641798,-0.9897227460948188,-0.03237880862049862,22,3,0.7391304347826085,-0.5,-0.5,0.0,0.0,0.0,0.0,0.0,0.0,0.0,0.0,0.0,0.0,0.0,0.0,,0.0,0.0,0.0,1
VAR_002669,-0.0783428963784724,-3.8059031320814635e-07,-3.004136269736329e-07,-5.4653554515842356e-05,-1.1041372304889563e-05,-4.831251662299113e-06,-0.017267181209998077,-4.8105745895704074e-06,-8.537446705068216e-06,0.0,-0.10946537831009982,8,0.0,0.0,0.0,0.0,0.0,0.0,0.0,0.0,1.0,0.0018945403598254775,0.0,1.0,0.1923575006115119,1.0,0.0,2.1092772061974836,5.798103728908314,7.711371309303507,51.21776737690602,387.38053453460407,0.2088724584719123,3.2858015624792105,1.0132514580063678,3.813771391455777,0.0,1.0,0.0,0.0,4.1709486793441135,0.0,0.0,0.0,1.0,2.896091433730838,1.0,5,5.035170361264548e-15,0.0,4,4,-0.9559182028155057,-1.5105733943561797,0.0,0.0,1.0,0.544457215563948,0.9307074207270487,0.0,0.0,2.643484791938893,1.0,6.089720317094691e-09,1.5336287275309057,0.02672025081666518,0.0,0.1436179885429146,2.934526532233309,1.0333211386068044,1.0,2.5872548407212026,1.773689993727393,1.6251600814004632,3.1982118410375797,1.3415873261671332,0.0,-3.762095634377263e-07,1.3367590874913071,1.1241862672940348,0.0,8.237743584015734e-06,1.079922950728463,0.0,0.0,1.5000975988480452,4,0.013007427556327823,0.0,0.0,0.0,0.0,0.0,0.0,0.0,0.0,0.0,0.0,0.0,0.0,0.0,0.0,0.0,0.0,0.0,0.0,0.0,0.0,0.0,0.0,0.0,0.0,0.0,0.0,0.0,0.0,0.0,0.0,0.0,0.0,0.0,0.0,0.0,0.0,0.0,0.0,0.0,0.0,0.0,0.0,0.0,0.0,0.0,0.0,0.0,0.0,0.0,0.0,0.0,0.0,0.0,0.0,0.0,0.0,0.0,-0.11072982886915257,0.0,-0.0006064556200556692,-0.0018293998462169062,0.0,0.0,0.0,0.0,-0.00030853159312632406,0.0,-0.00028032881180293964,-0.0019096288697232238,0.0,0.0,0.0,0.0,-0.000870651106593671,0.0,-0.006857481141634066,-0.0018867740910451342,-0.3763276763447954,-5.180361035921803,-0.12814570076642867,-1.1244140466500805,-7.725551176042448,-1.20272510058331,10,16,0.0869565217391304,1.0,-0.5,1.0,0.0,0.0,0.0,0.0,0.0,0.0,0.0,0.0,0.0,0.0,0.0,,1.0,0.0,0.0,1
VAR_003120,13.393699343589432,23.81721940591169,611.7123981069442,0.00025032448720219857,0.4236900831772066,11.8489141881397,18.198254995212395,9.18828281980619,24.258888848706878,230403.2435553089,9.246815984688265,1,1.0,0.0001820493949657,0.0,0.999999999999965,0.0001174837915287,0.0855587730023919,0.0999999999990752,0.0,1.0,2.718012325061509,1.0,1.0,1.0,1.0,1.1447171326883876,18.983494856360466,93.81267395122558,16.422231567765632,81.14122877680173,0.2552666872337049,1.0,1.655442868218689,1.0132514580063678,3.813771391455777,1.0,1.0,1.0,1.0,15.820847024411426,0.0,1.0,0.1966928318933224,0.0,0.0,1.0,1,7.362577340353098,0.0,3,3,1.140197534890719,-4.996129585085812,-39.347638225737214,1.0,1.0,0.0002931089029695908,0.0,1.0,1.0973820282003526,10.000394169520558,1.0,1.4476048116657534,10.000333261635726,1.9359719948124479,1.0,1.0,2.934526532233309,0.4854110659061372,1.0,10.000215206586946,1.5492121872278737,1.061238756501706,3.1982118410375797,1.3415873261671332,3.1250628423837563,2.522776086145195,1.3367590874913071,1.0659196940773754,3.4265635009197988,3.005505012783584,1.372499837548093,0.0,1.0,6.499930495977322,3,7.113069280353259,5.595034830509547,0.1275068628084116,0.0,751.6155609198498,0.0,432.0145962466224,0.0,9.932727260341368,0.0,0.013395752678922276,0.0,1.0,0.0,1.0,1.0,0.0,0.7482313771585389,0.0,0.0,1.5246036095718187,1.0,0.0,1.0,0.0,0.703167755445141,0.0,0.0,1727.5325853499746,2.219540473679749e-06,0.0,3.2441455086587174,0.0,1.0,164.99921553627794,0.2687383020290218,0.0,92.67141525121414,1.5966885415373189,0.4041418615827137,0.0,1.0,0.0,2.4006819404881963,0.0,0.0,3.332848435112295e-08,8.329197601319953,40104.569042709256,0.0,3.223671238484157,0.0,1.0,255.63456630384488,0.5537267014453257,0.0,0.0038263408883920896,1.0,15.01510983772534,0.0,-0.0006012815623098068,-0.001601819943427276,0.0,2.770729017407695,0.0,1.2911247775907504,1.052451203781636,1.0,0.7361039144742847,0.8628281963453444,0.0,1.0,0.0,1.0,-0.0008595027521244882,1.2101454315057372,0.46597292930571804,1.0642172354066248,-11.618446077723599,-1.4835341931542216,-36.33655697021537,-1.3792240711326136,-8.338097888675035,-1.3634296447663499,17,17,-0.8043478260869564,0.0,1.5,0.0,0.0,0.0,0.0,0.0,0.0,0.0,0.0,0.0,0.0,0.0,0.0,,1.0,0.0,0.0,1
VAR_002827,3.139743940905979,2.1271917371906494e-05,0.00012067190422951505,26.45493736371359,13.0005964653271,0.24474263866075535,4.45956756379048,8.491654242741697,0.03383906828849036,0.0873411332437133,0.17576076935429252,28,0.0,0.0,0.0,0.0,0.0,0.0,0.0,0.0,0.0,1.2033371568545082e-07,1.0,0.0,0.0,1.0,1.1447171326883876,0.0009588793575040573,3.5098221092006807,5.951190387172412,6.587178614529137e-09,1.5318073444749319e-06,1.0,3.308452040940101,0.0,3.813771391455777,1.0,0.0,0.0,1.0,1.344555960068e-07,1.0,1.0,0.3790173533457259,1.0,2.896091433730838,1.0,3,1.1443138234296663e-07,0.0,4,4,0.08459975353927596,0.1252815955546261,2.5590409127096203,1.0,1.0,1.421978844143318,6.500957803874365,1.0,1.0973820282003526,0.17772029334993267,1.0,0.2247844828513763,1.1472545870741468,0.18942636630964366,1.0,1.0,2.934526532233309,5.491803063421064,1.0,10.000215206586946,2.033483802699636,21.824709790171386,3.124749621906123,1.3415873261671332,1.6684617840879137,2.4819845608546003,1.3367590874913071,0.2611965778385197,3.4265635009197988,0.7168495898968097,1.372499837548093,1.0,1.0,1.999981523792232,4,0.7581201996230132,5.595034830509547,1.0,0.0,7.891343316140698,0.0,374.678271430776,0.0,0.032497169284246126,0.0,1.1764092360616764e-07,0.0,1.0,0.0,1.0,1.0,0.0,173.36575519146953,0.0,0.0,1.5246036095718187,0.0,0.0,0.0834831787327615,0.0,0.9254992016056508,0.0,0.0,0.004411585012525079,325.81326683978017,0.0,3.2441455086587174,0.0,1.0,5.520760408537163e-12,0.0146228401329829,0.0,77.38025208342067,1.151663126792875,1.0,0.0,0.5401230606865537,0.0,90.724457829283,0.0,0.4397782196762645,24.458694000941684,22.549377363293033,1926.2663438373138,0.0,3.223671238484157,0.0,1.0,3389.639298960937,0.6087562089996423,0.0,212.56815735218905,1.0,3.3417792392161845,0.0,0.250698954651898,0.03451980429767591,0.0,1.1363528324066803,0.0,1.2911247775907504,0.029183962832566312,0.0,1.1209394844706533,1.0173878396990759,0.0,1.0,0.0,1.0,-0.0008706375668967121,0.0,-0.006855179837407215,0.46802820761036973,-0.2134775745642275,0.22692363072109445,0.17327049790207177,-0.1551351563054499,0.6614662485834121,-0.0928803085663628,9,22,-0.06521739130434778,2.0,0.0,0.0,1.0,0.0,0.0,0.0,0.0,0.0,0.0,0.0,0.0,0.0,0.0,-1.0,1.0,1.0,0.0,1
VAR_002840,-0.0035360687761173894,0.043601077531135256,0.0016840064132404172,0.09441471660098502,0.31401210259922696,3.0736802720452623,0.09288802317075295,0.012516546275949456,0.16077860956255302,0.0,14.954833199641062,16,0.0,0.0,0.0,0.0,0.0,0.0,0.0,0.0,0.0,0.0,0.0,0.0,0.0,0.0,0.0,0.0,0.0,0.0,0.0,0.0,0.0,0.0,0.0,0.0,0.0,0.0,0.0,0.0,0.0,0.0,0.0,0.0,0.0,0.0,0.0,7,0.0,0.0,1,1,0.07521967156526291,0.5981401009435745,0.0,0.0,0.0,-3.884553607683874e-07,0.0,0.0,0.0,-2.2320821211521196e-07,0.0,-1.4948262435770877e-08,-2.6709219008793652e-05,-1.4124635230450503e-05,0.0,0.0,0.0,-2.5336807690208568e-08,0.0,-1.2312450534260474e-06,-4.3419141492691217e-07,-3.5038624508476836e-08,0.0,0.0,0.0,-3.837678156849658e-07,0.0,-1.2618654649194024e-06,0.0,-1.1505932956688551e-07,0.0,0.0,0.0,0.0,1,0.19865954691148538,0.0,0.0,0.0,0.0,0.0,0.0,0.0,0.0,0.0,0.0,0.0,0.0,0.0,0.0,0.0,0.0,0.0,0.0,0.0,0.0,0.0,0.0,0.0,0.0,0.0,0.0,0.0,0.0,0.0,0.0,0.0,0.0,0.0,0.0,0.0,0.0,0.0,0.0,0.0,0.0,0.0,0.0,0.0,0.0,0.0,0.0,0.0,0.0,0.0,0.0,0.0,0.0,0.0,0.0,0.0,0.0,0.0,0.3544115049867369,1.0,0.0008004840601623555,1.0713626229461253,0.0,0.0,0.0,0.4498015557371591,-0.00030853159312632406,0.0,0.3589887144812178,-0.0009249513108002932,0.0,1.0,0.0,0.8046502253974035,-0.0007506247793528705,0.0,1.0222631742870787,1.0592318275963188,-0.294511337321391,0.11516536342828393,0.17327049790207177,0.6370879821359261,1.0513860772556318,0.6208226198607586,21,7,-1.0,-1.0,0.5,0.0,0.0,0.0,0.0,0.0,0.0,0.0,0.0,0.0,0.0,0.0,1.0,0.0,0.0,1.0,0.0,1
VAR_002760,-0.0783428963784724,-3.8059031320814635e-07,-3.004136269736329e-07,-5.4653554515842356e-05,-1.1041372304889563e-05,-4.831251662299113e-06,-0.017267181209998077,-4.8105745895704074e-06,-8.537446705068216e-06,0.0,-0.10946537831009982,8,0.0,0.0,0.0,0.0,0.0,0.0,0.0,0.0,0.0,0.0,0.0,0.0,0.0,0.0,0.0,0.0,0.0,0.0,0.0,0.0,0.0,0.0,0.0,0.0,0.0,0.0,0.0,0.0,0.0,0.0,0.0,0.0,0.0,0.0,0.0,7,0.0,0.0,1,1,-0.2702554683516721,-0.1326826895043969,3.2312438701864834,0.0,0.0,-3.884553607683874e-07,0.0,0.0,0.0,-2.2320821211521196e-07,0.0,-1.4948262435770877e-08,-2.6709219008793652e-05,-1.4124635230450503e-05,0.0,0.0,0.0,-2.5336807690208568e-08,0.0,-1.2312450534260474e-06,-4.3419141492691217e-07,-3.5038624508476836e-08,0.0,0.0,0.0,-3.837678156849658e-07,0.0,-1.2618654649194024e-06,0.0,-1.1505932956688551e-07,0.0,0.0,0.0,0.0,1,-0.169222268148316,0.0,0.0,0.0,0.0,0.0,0.0,0.0,0.0,0.0,0.0,0.0,0.0,0.0,0.0,0.0,0.0,0.0,0.0,0.0,0.0,0.0,0.0,0.0,0.0,0.0,0.0,0.0,0.0,0.0,0.0,0.0,0.0,0.0,0.0,0.0,0.0,0.0,0.0,0.0,0.0,0.0,0.0,0.0,0.0,0.0,0.0,0.0,0.0,0.0,0.0,0.0,0.0,0.0,0.0,0.0,0.0,0.0,-0.11072982886915257,0.0,-0.0006064556200556692,-0.0018293998462169062,0.0,0.0,0.0,0.0,-0.00030853159312632406,0.0,-0.00028032881180293964,-0.0019096288697232238,0.0,0.0,0.0,0.0,-0.000870651106593671,0.0,-0.006857481141634066,-0.0018867740910451342,-0.8756875416805932,0.1751882145476244,0.17327049790207177,0.4530365906577704,1.1427267023082022,0.6226114974553021,17,14,-0.17391304347826086,0.0,0.5,0.0,0.0,0.0,0.0,0.0,0.0,0.0,0.0,0.0,0.0,1.0,0.0,,0.0,0.0,0.0,1
VAR_002910,0.012732101381896887,0.1295912533554755,8.856468330463999,-5.465355368954826e-05,2.022172566660605e-05,1.7460106180991324,-0.017265573654176393,0.9684257123824248,-6.284115172859542e-06,0.0,7.611993138344458,15,0.0,0.0,0.0,0.0,0.0,0.0,0.0,0.0,0.0,0.0,0.0,0.0,0.0,0.0,0.0,0.0,0.0,0.0,0.0,0.0,0.0,0.0,0.0,0.0,0.0,0.0,0.0,0.0,0.0,0.0,0.0,0.0,0.0,0.0,0.0,7,0.0,0.0,1,1,-0.5594910271696816,0.390378926969855,2.0445697334508273,0.0,0.0,-3.884553607683874e-07,0.0,0.0,0.0,-2.2320821211521196e-07,0.0,-1.4948262435770877e-08,-2.6709219008793652e-05,-1.4124635230450503e-05,0.0,0.0,0.0,-2.5336807690208568e-08,0.0,-1.2312450534260474e-06,-4.3419141492691217e-07,-3.5038624508476836e-08,0.0,0.0,0.0,-3.837678156849658e-07,0.0,-1.2618654649194024e-06,0.0,-1.1505932956688551e-07,0.0,0.0,0.0,0.0,1,0.7423572207863757,0.0,0.0,0.0,0.0,0.0,0.0,0.0,0.0,0.0,0.0,0.0,0.0,0.0,0.0,0.0,0.0,0.0,0.0,0.0,0.0,0.0,0.0,0.0,0.0,0.0,0.0,0.0,0.0,0.0,0.0,0.0,0.0,0.0,0.0,0.0,0.0,0.0,0.0,0.0,0.0,0.0,0.0,0.0,0.0,0.0,0.0,0.0,0.0,0.0,0.0,0.0,0.0,0.0,0.0,0.0,0.0,0.0,-0.05469394521907715,1.0,1.0367230887035475,1.0766246023560615,0.0,1.0103990894900856,0.0,0.0,0.5928416546003633,1.0,-0.0001231715412042862,-0.0014564864737664446,0.0,1.0,0.0,0.0,-0.0008705180271636236,0.0,0.4071776253251355,1.0655682374400586,0.08463270421284025,-0.02838226728736818,0.006994995704035455,0.5438179941407827,1.0568312711692036,0.6357497647908925,9,21,-1.1304347826086956,0.0,0.0,0.0,0.0,0.0,0.0,0.0,0.0,0.0,0.0,0.0,0.0,1.0,0.0,0.0,0.0,0.0,0.0,1
VAR_002558,8.171806229834294,0.0077860121064760625,0.1609903102082718,0.18007423869607886,0.042801962062547466,-4.0279507204806744e-06,0.09269607688661421,0.0456578898499422,0.12018374609788458,0.0,0.20351959287401614,16,0.0,0.0,0.0,0.0,0.0,0.0,0.0,0.0,0.0,0.0,0.0,0.0,0.0,0.0,0.0,0.0,0.0,0.0,0.0,0.0,0.0,0.0,0.0,3.813771391455777,1.0,1.0,0.0,1.0,0.24335967651989845,0.0,0.3147623879355123,0.0,1.0,0.0,1.0,3,12.589473033623257,1.0,4,4,-0.952456981952745,-0.3276356984037517,0.0,1.0,1.0,0.479646787925437,10.23466596029291,0.0,1.0973820282003526,1.0000387076001283,1.0,1.0231894692864247,1.0000085257409383,0.13576597180601066,1.0,1.0,1.2449297419717325,1.0140446175153153,1.0,1.0000204125381427,1.0948078992688409e-05,1.6264476271499022,0.0,1.3415873261671332,0.329356609859792,0.7623134271719397,0.06257201037460441,0.027944003977229712,0.3201639301001693,1.0289091241208004,0.0,0.0,0.0,0.0,4,-0.1166429610185306,0.0,0.0,0.0,0.0,0.0,0.0,0.0,0.0,0.0,0.0,0.0,0.0,0.0,0.0,0.0,0.0,0.0,0.0,0.0,0.0,0.0,0.0,0.0,0.0,0.0,0.0,0.0,0.0,0.0,0.0,0.0,0.0,0.0,0.0,0.0,0.0,0.0,0.0,0.0,0.0,0.0,0.0,0.0,0.0,0.0,0.0,0.0,0.0,0.0,0.0,0.0,0.0,0.0,0.0,0.0,0.0,1.0,-0.05530048290967635,1.0,0.00888186714504479,0.16067215930608358,0.0,0.0,0.0,1.2911247775907504,0.08246790835338536,0.0,0.18185142657921702,-0.0015083648994095047,0.0,0.0,0.0,1.0,-0.0006949550814496453,0.31396544848267005,0.9156802012810321,0.0003511193707973125,0.08463270421284025,-0.24733456493400283,0.17327049790207177,0.12819707284116325,-0.6540217739733722,-0.010369138703789128,4,22,1.6739130434782608,-1.0,-0.5,0.0,0.0,1.0,0.0,0.0,0.0,0.0,0.0,0.0,0.0,0.0,0.0,0.0,1.0,1.0,0.0,1
VAR_002679,-0.0783428963784724,-3.8059031320814635e-07,-3.004136269736329e-07,-5.4653554515842356e-05,-1.1041372304889563e-05,-4.831251662299113e-06,-0.017267181209998077,-4.8105745895704074e-06,-8.537446705068216e-06,0.0,-0.10946537831009982,8,0.0,0.0,0.0,0.0,0.0,0.0,0.0,0.0,0.0,0.0,0.0,0.0,0.0,0.0,0.0,0.0,0.0,0.0,0.0,0.0,0.0,0.0,0.0,0.0,0.0,0.0,0.0,0.0,0.0,0.0,0.0,0.0,0.0,0.0,0.0,7,0.0,0.0,1,1,0.24148941477513605,0.3660600131145891,0.0,0.0,0.0,-3.884553607683874e-07,0.0,0.0,0.0,-2.2320821211521196e-07,0.0,-1.4948262435770877e-08,-2.6709219008793652e-05,-1.4124635230450503e-05,0.0,0.0,0.0,-2.5336807690208568e-08,0.0,-1.2312450534260474e-06,-4.3419141492691217e-07,-3.5038624508476836e-08,0.0,0.0,0.0,-3.837678156849658e-07,0.0,-1.2618654649194024e-06,0.0,-1.1505932956688551e-07,0.0,0.0,0.0,0.0,1,-0.169222268148316,0.0,0.0,0.0,0.0,0.0,0.0,0.0,0.0,0.0,0.0,0.0,0.0,0.0,0.0,0.0,0.0,0.0,0.0,0.0,0.0,0.0,0.0,0.0,0.0,0.0,0.0,0.0,0.0,0.0,0.0,0.0,0.0,0.0,0.0,0.0,0.0,0.0,0.0,0.0,0.0,0.0,0.0,0.0,0.0,0.0,0.0,0.0,0.0,0.0,0.0,0.0,0.0,0.0,0.0,0.0,0.0,0.0,-0.11072982886915257,0.0,-0.0006064556200556692,-0.0018293998462169062,0.0,0.0,0.0,0.0,-0.00030853159312632406,0.0,-0.00028032881180293964,-0.0019096288697232238,0.0,0.0,0.0,0.0,-0.000870651106593671,0.0,-0.006857481141634066,-0.0018867740910451342,-0.26964533018155323,-0.05543985121479378,-1.1426712698427919,0.6054774370442129,1.1427267023082022,0.6659337455557751,17,21,0.021739130434782608,1.0,1.5,0.0,0.0,0.0,0.0,0.0,0.0,0.0,0.0,0.0,0.0,0.0,0.0,,0.0,0.0,0.0,1
VAR_002820,-0.0783428963784724,-3.8059031320814635e-07,-3.004136269736329e-07,-5.4653554515842356e-05,-1.1041372304889563e-05,-4.831251662299113e-06,-0.017267181209998077,-4.8105745895704074e-06,-8.537446705068216e-06,0.0,-0.10946537831009982,8,0.0,0.0,0.0,0.0,0.0,0.0,0.0,0.0,0.0,0.0,0.0,0.0,0.0,0.0,0.0,0.0,0.0,0.0,0.0,0.0,0.0,0.0,0.0,0.0,0.0,0.0,0.0,0.0,0.0,0.0,0.0,0.0,0.0,0.0,0.0,7,0.0,0.0,1,1,-0.027929029742668594,-8.885719732796671,-48.55014833040838,0.0,0.0,-3.884553607683874e-07,0.0,0.0,0.0,-2.2320821211521196e-07,0.0,-1.4948262435770877e-08,-2.6709219008793652e-05,-1.4124635230450503e-05,0.0,0.0,0.0,-2.5336807690208568e-08,0.0,-1.2312450534260474e-06,-4.3419141492691217e-07,-3.5038624508476836e-08,0.0,0.0,0.0,-3.837678156849658e-07,0.0,-1.2618654649194024e-06,0.0,-1.1505932956688551e-07,0.0,0.0,0.0,0.0,1,-0.169222268148316,0.0,0.0,0.0,0.0,0.0,0.0,0.0,0.0,0.0,0.0,0.0,0.0,0.0,0.0,0.0,0.0,0.0,0.0,0.0,0.0,0.0,0.0,0.0,0.0,0.0,0.0,0.0,0.0,0.0,0.0,0.0,0.0,0.0,0.0,0.0,0.0,0.0,0.0,0.0,0.0,0.0,0.0,0.0,0.0,0.0,0.0,0.0,0.0,0.0,0.0,0.0,0.0,0.0,0.0,0.0,0.0,0.0,-0.11072982886915257,0.0,-0.0006064556200556692,-0.0018293998462169062,0.0,0.0,0.0,0.0,-0.00030853159312632406,0.0,-0.00028032881180293964,-0.0019096288697232238,0.0,0.0,0.0,0.0,-0.000870651106593671,0.0,-0.006857481141634066,-0.0018867740910451342,-41.89555708240975,0.22692363072109445,-36.42363883459151,-1.4783935835272803,-7.6710926192802615,-1.6102742393778735,8,16,-0.06521739130434778,0.5,0.5,0.0,0.0,0.0,0.0,0.0,0.0,0.0,0.0,0.0,0.0,0.0,0.0,,0.0,0.0,0.0,1
VAR_002929,0.03909872507132891,0.004517490232792738,92.36356608927554,-5.418334443324663e-05,56.5761185585483,411.15143476943507,0.5549293532160199,6.324141196293891,15.701908643620872,0.0,0.3221387791508767,16,0.0,0.0,0.0,0.0,0.0,0.0,0.0,0.0,0.0,0.0,0.0,0.0,0.0,0.0,0.0,0.0,0.0,0.0,0.0,0.0,0.0,0.0,0.0,3.813771391455777,1.0,1.0,0.0,1.0,41.7167673948198,1.0,1.0,0.0,0.0,2.896091433730838,1.0,0,0.30303305453962137,0.0,3,3,-0.16812395108671255,-0.7122375551157674,-0.5332757057164923,0.0,0.0,-3.227067078281434e-07,14.36216957344868,0.0,1.0973820282003526,0.9025027025418724,0.0,1.5322466838726947,0.9292972600388928,1.0327083574772693,1.0,1.0,1.5660997552631202,1.0316828767044668,0.0,4.080772366597202e-06,0.9141009911249323,-3.380669984163925e-08,3.1982118410375797,0.0,0.0,-3.8376423935377465e-07,0.722237794384357,0.8976786461086816,0.0,3.5596076005940436,0.149419556579339,1.0,0.0,0.0,3,0.014527988745236978,0.0,0.0,0.0,0.0,0.0,0.0,0.0,0.0,0.0,0.0,0.0,0.0,0.0,0.0,0.0,0.0,0.0,0.0,0.0,0.0,0.0,0.0,0.0,0.0,0.0,0.0,0.0,0.0,0.0,0.0,0.0,0.0,0.0,0.0,0.0,0.0,0.0,0.0,0.0,0.0,0.0,0.0,0.0,0.0,0.0,0.0,0.0,0.0,0.0,0.0,0.0,0.0,0.0,0.0,0.0,0.0,0.0,-0.0554008556107776,0.0,1.0822019943961696,0.03604247991315604,0.0,0.0,0.0,0.0,0.4789996263270783,1.0,0.00038572258403300297,1.0073512575965482,0.0,1.0,0.0,0.0,0.00041959129849396796,0.0,0.8785046279960046,1.0471480358711285,-1.126863052978586,0.22692363072109445,-1.0413174019324873,-0.680956557829325,0.39897231400494054,-0.5220918197617054,11,6,-0.21739130434782605,0.5,1.5,0.0,0.0,0.0,0.0,0.0,0.0,0.0,0.0,0.0,0.0,0.0,0.0,0.0,1.0,1.0,1.0,1
VAR_002707,-0.0783428963784724,-3.8059031320814635e-07,-3.004136269736329e-07,-5.4653554515842356e-05,-1.1041372304889563e-05,-4.831251662299113e-06,-0.017267181209998077,-4.8105745895704074e-06,-8.537446705068216e-06,0.0,-0.10946537831009982,8,0.0,0.0,0.0,0.0,0.0,0.0,0.0,0.0,0.0,0.0,0.0,0.0,0.0,0.0,0.0,0.0,0.0,0.0,0.0,0.0,0.0,0.0,0.0,0.0,0.0,0.0,0.0,0.0,0.0,0.0,0.0,0.0,0.0,0.0,0.0,7,0.0,0.0,2,2,0.20798130538877077,0.25351446676627587,0.0,0.0,0.0,-3.884553607683874e-07,0.0,0.0,0.0,-2.2320821211521196e-07,0.0,-1.4948262435770877e-08,-2.6709219008793652e-05,-1.4124635230450503e-05,0.0,0.0,0.0,-2.5336807690208568e-08,0.0,-1.2312450534260474e-06,-4.3419141492691217e-07,-3.5038624508476836e-08,0.0,0.0,0.0,-3.837678156849658e-07,0.0,-1.2618654649194024e-06,0.0,-1.1505932956688551e-07,0.0,0.0,0.0,0.0,2,-0.169222268148316,0.0,0.0,0.0,0.0,0.0,0.0,0.0,0.0,0.0,0.0,0.0,0.0,0.0,0.0,0.0,0.0,0.0,0.0,0.0,0.0,0.0,0.0,0.0,0.0,0.0,0.0,0.0,0.0,0.0,0.0,0.0,0.0,0.0,0.0,0.0,0.0,0.0,0.0,0.0,0.0,0.0,0.0,0.0,0.0,0.0,0.0,0.0,0.0,0.0,0.0,0.0,0.0,0.0,0.0,0.0,0.0,0.0,-0.11072982886915257,0.0,-0.0006064556200556692,-0.0018293998462169062,0.0,0.0,0.0,0.0,-0.00030853159312632406,0.0,-0.00028032881180293964,-0.0019096288697232238,0.0,0.0,0.0,0.0,-0.000870651106593671,0.0,-0.006857481141634066,-0.0018867740910451342,-1.300495381078769,0.03543606355949854,0.17327049790207177,0.21989912644726592,-0.9083358035105347,-0.0005980859187632125,2,19,-0.7173913043478259,0.0,0.5,0.0,0.0,0.0,0.0,0.0,0.0,0.0,0.0,0.0,0.0,0.0,0.0,,0.0,0.0,0.0,1
VAR_002833,-0.0783428963784724,-3.8059031320814635e-07,-3.004136269736329e-07,-5.4653554515842356e-05,-1.1041372304889563e-05,-4.831251662299113e-06,-0.017267181209998077,-4.8105745895704074e-06,-8.537446705068216e-06,0.0,-0.10946537831009982,8,0.0,0.0,0.0,0.0,0.0,0.0,0.0,0.0,0.0,0.0,0.0,0.0,0.0,0.0,0.0,0.0,0.0,0.0,0.0,0.0,0.0,0.0,0.0,0.0,0.0,0.0,0.0,0.0,0.0,0.0,0.0,0.0,0.0,0.0,0.0,7,0.0,0.0,3,3,0.06858350809172507,0.4277062427363878,1.2913749896624505,0.0,0.0,-3.884553607683874e-07,0.0,0.0,0.0,-2.2320821211521196e-07,0.0,-1.4948262435770877e-08,-2.6709219008793652e-05,-1.4124635230450503e-05,0.0,0.0,0.0,-2.5336807690208568e-08,0.0,-1.2312450534260474e-06,-4.3419141492691217e-07,-3.5038624508476836e-08,0.0,0.0,0.0,-3.837678156849658e-07,0.0,-1.2618654649194024e-06,0.0,-1.1505932956688551e-07,0.0,0.0,0.0,0.0,3,-0.169222268148316,0.0,0.0,0.0,0.0,0.0,0.0,0.0,0.0,0.0,0.0,0.0,0.0,0.0,0.0,0.0,0.0,0.0,0.0,0.0,0.0,0.0,0.0,0.0,0.0,0.0,0.0,0.0,0.0,0.0,0.0,0.0,0.0,0.0,0.0,0.0,0.0,0.0,0.0,0.0,0.0,0.0,0.0,0.0,0.0,0.0,0.0,0.0,0.0,0.0,0.0,0.0,0.0,0.0,0.0,0.0,0.0,0.0,-0.11072982886915257,0.0,-0.0006064556200556692,-0.0018293998462169062,0.0,0.0,0.0,0.0,-0.00030853159312632406,0.0,-0.00028032881180293964,-0.0019096288697232238,0.0,0.0,0.0,0.0,-0.000870651106593671,0.0,-0.006857481141634066,-0.0018867740910451342,0.08463270421284025,0.22692363072109445,-0.8858504551175604,0.5563363137267354,0.05777431393649324,0.5563184452315154,15,5,0.0,1.5,-0.5,0.0,0.0,0.0,0.0,1.0,0.0,0.0,0.0,0.0,0.0,0.0,0.0,,0.0,0.0,0.0,1
VAR_003118,-0.0033876691686719994,0.006082832612037651,2.0150027932298116,0.15788394455714563,19.72729354204452,8.849098958176088e-06,1.086332939125566,-4.810461314780899e-06,0.02264922557427484,0.0,0.4282606949591969,16,0.0,0.0,0.0,0.0,0.0,0.0,0.0,0.0,0.0,0.0,0.0,0.0,0.0,0.0,0.0,0.0,0.0,0.0,0.0,0.0,0.0,0.0,0.0,0.0,0.0,0.0,0.0,0.0,0.0,0.0,0.0,0.0,0.0,0.0,0.0,7,0.0,0.0,3,3,1.094200881845283,0.8523172782996858,2.2205607563611527,0.0,0.0,-3.884553607683874e-07,0.0,0.0,0.0,-2.2320821211521196e-07,0.0,-1.4948262435770877e-08,-2.6709219008793652e-05,-1.4124635230450503e-05,0.0,0.0,0.0,-2.5336807690208568e-08,0.0,-1.2312450534260474e-06,-4.3419141492691217e-07,-3.5038624508476836e-08,0.0,0.0,0.0,-3.837678156849658e-07,0.0,-1.2618654649194024e-06,0.0,-1.1505932956688551e-07,0.0,0.0,0.0,0.0,3,0.12897639095166005,0.0,0.0,0.0,0.0,0.0,0.0,0.0,0.0,0.0,0.0,0.0,0.0,0.0,0.0,0.0,0.0,0.0,0.0,0.0,0.0,0.0,0.0,0.0,0.0,0.0,0.0,0.0,0.0,0.0,0.0,0.0,0.0,0.0,0.0,0.0,0.0,0.0,0.0,0.0,0.0,0.0,0.0,0.0,0.0,0.0,0.0,0.0,0.0,0.0,0.0,0.0,0.0,0.0,0.0,0.0,0.0,0.0,0.0741975084364723,1.0,1.1717744840238236,1.0767606144677475,0.0,2.770729017407695,0.0,1.2911247775907504,0.0676657933276159,0.0,-0.00026644170096496296,0.23716027657793576,0.0,0.0,0.0,1.0,1.0065339249749803,1.0021251030426683,-0.00685132498447644,1.0654809114793933,0.08463270421284025,-1.1804403971538258,0.17327049790207177,-0.756925631537223,0.3640969179224645,0.2643734301913612,14,19,0.17391304347826086,0.0,0.5,0.0,0.0,0.0,0.0,0.0,1.0,0.0,0.0,0.0,0.0,0.0,0.0,0.0,0.0,1.0,0.0,1
VAR_002817,-0.0783428963784724,-3.8059031320814635e-07,-3.004136269736329e-07,-5.4653554515842356e-05,-1.1041372304889563e-05,-4.831251662299113e-06,-0.017267181209998077,-4.8105745895704074e-06,-8.537446705068216e-06,0.0,-0.10946537831009982,8,0.0,0.0,0.0,0.0,0.0,0.0,0.0,0.0,0.0,0.0,0.0,0.0,0.0,0.0,0.0,0.0,0.0,0.0,0.0,0.0,0.0,0.0,0.0,0.0,0.0,0.0,0.0,0.0,0.0,0.0,0.0,0.0,0.0,0.0,0.0,7,0.0,0.0,4,4,0.08338560671878079,-1.4313733165427964,-16.69988447150767,1.0,1.0,1.4641609191912541,0.0,0.4911192956451281,0.8923673703902406,9.000355990633375,1.0,0.20860048702257153,0.9867557357757986,0.00021636795430973852,1.0,1.0,1.2923617265337979,0.5016204474063458,0.0,0.01826452849786696,-4.341914146348956e-07,5.855723260289982,0.0,0.0,1.3076853559781325,0.019165364719566414,1.3367590874913071,10.134570420508194,0.0,1.0289161839530798,1.2767328773991042,0.0,0.0,0.0,4,1.3640239953725486,0.0,0.0,0.0,0.0,0.0,0.0,0.0,0.0,0.0,0.0,0.0,0.0,0.0,0.0,0.0,0.0,0.0,0.0,0.0,0.0,0.0,0.0,0.0,0.0,0.0,0.0,0.0,0.0,0.0,0.0,0.0,0.0,0.0,0.0,0.0,0.0,0.0,0.0,0.0,0.0,0.0,0.0,0.0,0.0,0.0,0.0,0.0,0.0,0.0,0.0,0.0,0.0,0.0,0.0,0.0,0.0,1.0,2.759545452726814,0.2808262618144163,0.0678236231575897,0.3736721257174063,0.0,1.1129965815951313,0.0,0.9989173775043324,1.0388785914061407,1.0,0.6838556537901869,-0.0018424260267207873,0.0,1.0,0.0,0.0,0.0410123869346387,0.0,0.3899764383185096,1.0656045383962462,0.08463270421284025,0.17083065159699423,-0.8112518093265226,-0.8303544042779909,-8.388282456640459,-0.8402227798837468,10,21,0.6956521739130435,0.0,-0.5,1.0,0.0,0.0,0.0,0.0,0.0,0.0,0.0,0.0,0.0,0.0,0.0,,0.0,0.0,0.0,0
VAR_002566,2.914737109480475,6.4496262834666425,-2.20699273611704e-07,-5.3366284290278375e-05,0.0003282162040161046,0.005331864617715983,4.373783308019007,5.980138449743189,0.18966205663958152,353.38162425555623,1.0315033845933947,15,0.0,0.0,0.0,0.0,0.0,0.0,0.0,1.0,1.0,2.2419933123040906e-05,0.0,1.0,0.0,1.0,0.0,2.109276542107311,9.380839234617804,11.04595145182832,81.14158112155371,0.000518327699356842,1.0,3.308452509340087,0.31999588524066225,0.0,1.0,1.0,0.0,1.0,41.71696783543374,1.0,1.0,1.0,1.0,2.896091433730838,1.0,5,12.58939325656313,0.0,3,3,-0.8000317210445107,-0.27663924431532794,0.0,0.6095169225581755,1.0,0.0006334582851360887,12.984454401233368,1.0,0.0,2.0630863936756514,1.0,0.002154494404116248,0.9019487508503385,0.21920761177726938,1.0,0.2973622822429236,0.0,1.033262630712846,1.0,0.15792238969281505,0.0039785994926368595,1.0256424900822625,0.1547002961418874,0.0,0.0,1.0038738770984865,0.0,1.9809433582081963,0.0,-6.693036020692699e-09,0.4546650726170066,1.0,1.0,0.9999981263601888,3,0.6616104271414044,0.0,0.9561817061836384,0.0,75.1211789527783,0.0,709.9010277293663,0.0,4.6721168144977,0.0,86.18262792198753,0.0,1.0,0.0,1.0,1.0,0.0,250.59469913383296,0.0,0.0,1.5246036095718187,1.0,0.0,0.1160710735468371,0.0,0.7945692061007141,0.0,0.0,0.0001807294259121164,325.81320958908464,0.0,2.235275842220583,0.0,1.0,6.433660423461602,0.0,0.0,341.18153412879025,1.5966885415373189,0.0,0.0,0.2609640654633878,0.0,79.73197786733547,0.0,0.0,159.5204333576871,17.69648023804182,0.9861782723198629,0.0,3.223671238484157,0.0,1.0,5719.008509752831,0.0,0.0,29.113164158730115,1.0,2.3107977402406874,0.0,1.1717728901491582,-0.001619870804659967,0.0,0.3063287277633601,0.0,0.8128672338602226,1.0521885251076646,1.0,0.990760572679082,-0.001909628856272604,0.0,1.0,0.0,1.0,1.006820618841142,0.010511473629131577,0.9813072080795185,-0.0014220064228746307,0.08463270421284025,0.22692363072109445,-0.23366008431766064,0.13362009609509487,0.3031439370071869,0.3648407843070156,15,10,-0.0869565217391304,1.0,-0.5,0.0,0.0,0.0,1.0,0.0,0.0,0.0,0.0,0.0,0.0,0.0,0.0,0.0,1.0,0.0,0.0,1
VAR_003153,0.08330717962617015,4.4398212121596e-05,-2.9968997828099633e-07,4.283681741144471,34.2482905223165,0.025028759746201463,0.09280885534492561,1.5091151010602142e-05,4.918789545168233,0.0,-0.028935847753682308,19,0.0,0.0,0.0,0.0,0.0,0.0,0.0,0.0,1.0,0.0850703283701707,0.0,0.0,0.1600238187180972,1.0,0.0,2.370808708116922e-10,0.008820149306702102,12.338187135359156,0.04447159780061798,2.7620390894003975e-08,1.0,2.0866940565992844,1.0132514580063678,0.0,0.0,0.0,0.0,0.0,0.0,0.0,0.0,0.0,0.0,0.0,0.0,7,0.0,0.0,4,4,1.0223414758122322,0.8523172782996858,3.965808862677049,1.0,0.9280727761510504,0.01907948685349121,0.0,0.0,0.11273657813303635,0.6886226908878048,0.0,6.625326233142404e-05,0.9998991428169788,1.0333164319669192,0.0,1.0,0.0,-1.7913664709177802e-08,1.0,0.43083816600185476,1.2753249739879826,16.7742394452963,2.256483295891378,0.0,3.1250628423837563,0.06610031747342414,0.0,1.0133249982779267,0.0,1.0289161839530891,1.372499837548093,0.0,0.0,0.0,4,0.15473722833443088,5.595034830509547,0.5789746503990307,0.0,75.16132717035335,0.0,791.6415815925996,0.0,0.8761258535577827,0.0,35.6753178953355,0.0,0.0,0.0,1.0,1.0,0.0,2277.9988735245342,0.0,0.0,0.0,0.0,0.0,0.0,0.0,0.691636151627751,0.0,0.254062626544245,0.0030001864227025563,325.81325649022665,0.0,3.2441455086587174,0.0,0.0,13432.75474854706,1.0,0.0,244.92085840735976,1.5966885415373189,1.0,0.0,0.0,0.0,0.00045696944119439064,0.0,0.2391795597747886,0.0012696306788162102,22.54579300542554,2.883074810581712e-05,0.0,2.00549604704931,0.0,0.0,3212.124831717059,1.0,0.0,0.07916186868467458,0.0,0.0012987692452965508,0.4822530039597722,0.9919382789690282,0.6045948511466344,0.0,0.0,0.0,0.4547370780413271,1.0524409187966461,1.0,0.1815670057540587,1.023639903452286,0.0,1.0,0.0,1.0,1.0068129658894773,1.0023791514492735,1.0223604358373048,1.065603709070175,0.08463270421284025,0.16831352703220492,0.17327049790207177,0.15138883507880044,0.4481038724475993,0.06444843840156164,9,22,-0.06521739130434778,2.0,0.0,0.0,1.0,0.0,0.0,0.0,0.0,0.0,0.0,0.0,0.0,0.0,0.0,0.0,0.0,0.0,0.0,1
VAR_003191,27.609331231924,4.196159614047901,150.51810384210503,-5.4653554185108726e-05,0.22314389216145683,0.0002958408359598843,38.32655360060096,41.857366083322574,1.5840014412498827e-05,2542.310314020335,2.543924503391675,18,0.0,0.0,0.0,0.0,0.0,0.0,0.0,1.0,1.0,1.3762513879607676,1.0,1.0,1.0,1.0,1.1447171326883876,8.919652759863949e-11,9.381267395121188,16.422231567765632,0.00017061320867066705,0.0024484851991482697,1.0,0.6020881694945605,1.0132514580063678,3.813771391455777,1.0,1.0,1.0,1.0,0.0018904723022994815,0.0,1.0,1.0,1.0,2.896091433730838,1.0,3,1.6888745499223123,1.0,3,3,-0.6320357906180216,-2.0473961304015327,-11.88701633553709,0.0,1.0,1.4285597970509518,14.36216957344868,1.0,1.0973820282003526,5.664823185357477,1.0,0.9985545386187437,1.94673682075512,1.4839929106258918,1.0,1.0,2.934526532233309,-2.5313841010111442e-08,1.0,8.969703463454257,3.9280105571743413,5.5673478391115765,0.12456451887684779,0.0,3.1250628423837563,0.15206222574885808,0.0,5.758556216371441,3.4265635009197988,2.128314350966497,1.372499837548093,0.0,1.0,19.506920631493916,3,3.5414586260202308,5.595034830509547,1.0,0.0,690.1551703961673,0.0,18.057615914229935,0.0,9.932727260136119,0.0,1.8585728801980663,0.0,1.0,0.0,1.0,1.0,0.0,245.19213154697897,0.0,0.0,1.5246036095718187,1.0,0.0,1.0,0.0,0.3475986163945407,0.0,0.0,209.0454139500237,325.8132668398108,0.0,3.2441455086587174,0.0,1.0,1.2054779793978886e-07,0.0,0.0,369.8137320162816,1.5966885415373189,1.0,0.0,1.0,0.0,90.72707628765,0.0,0.0,164.44619286670067,22.309736225429106,4.077798282726874,0.0,3.223671238484157,0.0,1.0,5024.515130027644,0.5776743223912666,0.0,8.24893630131065e-06,1.0,21.167102015887217,0.0,1.1717744985796648,1.0767606144668058,0.0,2.770729017407695,0.0,0.0,0.005999497923235955,1.0,0.0013626221031535228,-0.0019089428603820912,0.0,1.0,0.0,1.0,-0.0008705676464366006,1.2101454315057372,1.0225416101393445,1.0656045371696699,0.08463270421284025,0.22692363072109445,-0.7413903675831073,-0.7382916341312586,0.38014731197750407,-0.2679796319182098,6,11,0.21739130434782605,0.5,1.5,0.0,0.0,0.0,0.0,0.0,0.0,0.0,0.0,0.0,0.0,0.0,0.0,0.0,1.0,0.0,0.0,1
VAR_002663,0.14629781891440014,7.7085372214260826,-3.0038187481805226e-07,0.9875661468149759,8.15010730684516,52.35598774572348,0.31190037453155517,10.111613063524874,5.190376840140696,0.0,-0.0921003295828949,16,0.0,0.0,0.0,0.0,0.0,0.0,0.0,0.0,0.0,2.397041814412416,0.0,1.0,1.0,1.0,0.0,0.00013300711313047643,2.3701937530853805e-08,6.881994514543161,81.12285056828887,0.7792977156286317,1.0,0.05906047659028821,0.0,0.0,1.0,1.0,0.0,0.0,27.907934004223428,0.0,1.0,0.0,1.0,2.896091433730838,1.0,3,12.566598739060964,0.0,3,3,-1.02399984602651,-0.47802389896613934,0.0,1.0,0.0,1.464160919991032,10.44862988952815,1.0,0.08961298122060558,0.003995129235681808,0.0,1.0201479676111267,2.696882721698197e-05,0.7460932249839018,0.0,0.0,0.32563350753889175,1.0333430538643011,0.0,10.000215206586946,7.094378188891444,11.66945908028495,2.724049976089869,1.3415873261671332,0.0,1.0037445746192069,0.0,1.013443160754955,0.0687992626667098,2.470203778511284e-06,1.1043867538169525,0.0,1.0,0.5000030853823396,3,0.5197617667756922,0.0,0.0,0.0,0.0,0.0,0.0,0.0,0.0,0.0,0.0,0.0,0.0,0.0,0.0,0.0,0.0,0.0,0.0,0.0,0.0,0.0,0.0,0.0,0.0,0.0,0.0,0.0,0.0,0.0,0.0,0.0,0.0,0.0,0.0,0.0,0.0,0.0,0.0,0.0,0.0,0.0,0.0,0.0,0.0,0.0,0.0,0.0,0.0,0.0,0.0,0.0,0.0,0.0,0.0,0.0,0.0,1.0,5.094699766511148,1.0,0.0003227927428382401,-0.0018279083375972891,0.0,1.8841134956952166,0.0,0.0,0.3537208293566955,0.0,0.007244915229139951,0.22546497051032216,0.0,0.0,0.0,1.0,0.0036961053852272857,1.2101454315057372,0.033636907345027035,-0.0018711360404162249,-0.9322930522484933,-5.7573496084107,0.17327049790207177,-0.09577653521834134,-0.09566347084190181,0.7534580570099187,14,8,-0.34782608695652173,-0.5,-0.5,0.0,0.0,0.0,1.0,0.0,0.0,0.0,0.0,0.0,0.0,0.0,0.0,0.0,1.0,1.0,0.0,1
VAR_003130,-0.0783428963784724,-3.8059031320814635e-07,-3.004136269736329e-07,-5.4653554515842356e-05,-1.1041372304889563e-05,-4.831251662299113e-06,-0.017267181209998077,-4.8105745895704074e-06,-8.537446705068216e-06,0.0,-0.10946537831009982,8,0.0,0.0,0.0,0.0,0.0,0.0,0.0,0.0,0.0,0.0,0.0,0.0,0.0,0.0,0.0,0.0,0.0,0.0,0.0,0.0,0.0,0.0,0.0,0.0,0.0,0.0,0.0,0.0,0.0,0.0,0.0,0.0,0.0,0.0,0.0,7,0.0,0.0,4,4,1.140197534890719,0.7883127577718573,0.0,0.0,0.0,-3.884553607683874e-07,0.0,0.0,0.0,-2.2320821211521196e-07,0.0,-1.4948262435770877e-08,-2.6709219008793652e-05,-1.4124635230450503e-05,0.0,0.0,0.0,-2.5336807690208568e-08,0.0,-1.2312450534260474e-06,-4.3419141492691217e-07,-3.5038624508476836e-08,0.0,0.0,0.0,-3.837678156849658e-07,0.0,-1.2618654649194024e-06,0.0,-1.1505932956688551e-07,0.0,0.0,0.0,0.0,4,-0.1137007889127107,0.0,0.0,0.0,0.0,0.0,0.0,0.0,0.0,0.0,0.0,0.0,0.0,0.0,0.0,0.0,0.0,0.0,0.0,0.0,0.0,0.0,0.0,0.0,0.0,0.0,0.0,0.0,0.0,0.0,0.0,0.0,0.0,0.0,0.0,0.0,0.0,0.0,0.0,0.0,0.0,0.0,0.0,0.0,0.0,0.0,0.0,0.0,0.0,0.0,0.0,0.0,0.0,0.0,0.0,0.0,0.0,1.0,6.496715239905158,1.0,1.1714773042425335,0.00774030402521907,0.0,0.3512484555712657,0.0,0.0,0.3156365748988312,0.0,0.3196550332702867,-0.0019096288697220145,0.0,1.0,0.0,1.0,1.0035611568598688,0.0,-0.006835254110199921,-0.001886744047779764,-0.7486178611003486,-1.9702574189634925,0.17327049790207177,-0.613218744301191,-0.1620422048498302,-0.06340114657747563,23,3,0.826086956521739,-0.5,-0.5,0.0,1.0,0.0,0.0,0.0,0.0,0.0,0.0,0.0,0.0,0.0,0.0,,0.0,0.0,0.0,0
VAR_002848,0.5848705151004188,25.86191518537194,-3.004136211934366e-07,0.7583280249848948,2.1752751823785736,27.194068332304173,1.1899692610977142,-4.8105745895704074e-06,107.84646749903297,0.0,0.052465155543990005,13,0.0,0.0,0.0,0.0,0.0,0.0,0.0,0.0,0.0,0.0,0.0,0.0,0.0,0.0,0.0,0.0,0.0,0.0,0.0,0.0,0.0,0.0,0.0,0.0,0.0,0.0,0.0,0.0,0.0,0.0,0.0,0.0,0.0,0.0,0.0,7,0.0,0.0,2,2,0.07292409025124577,0.020284209431979026,3.7509831068384876,0.0,0.0,-3.884553607683874e-07,0.0,0.0,0.0,-2.2320821211521196e-07,0.0,-1.4948262435770877e-08,-2.6709219008793652e-05,-1.4124635230450503e-05,0.0,0.0,0.0,-2.5336807690208568e-08,0.0,-1.2312450534260474e-06,-4.3419141492691217e-07,-3.5038624508476836e-08,0.0,0.0,0.0,-3.837678156849658e-07,0.0,-1.2618654649194024e-06,0.0,-1.1505932956688551e-07,0.0,0.0,0.0,0.0,2,-0.05662722628484464,0.0,0.0,0.0,0.0,0.0,0.0,0.0,0.0,0.0,0.0,0.0,0.0,0.0,0.0,0.0,0.0,0.0,0.0,0.0,0.0,0.0,0.0,0.0,0.0,0.0,0.0,0.0,0.0,0.0,0.0,0.0,0.0,0.0,0.0,0.0,0.0,0.0,0.0,0.0,0.0,0.0,0.0,0.0,0.0,0.0,0.0,0.0,0.0,0.0,0.0,0.0,0.0,0.0,0.0,0.0,0.0,1.0,-0.022342239341891498,0.7395553628561217,0.2594129721484456,1.0767606139321917,0.0,1.2136174689967731,0.0,0.0,1.0524502732811987,0.0,1.0526747223111592,-0.0019096288697232182,0.0,1.0,0.0,1.0,-0.000869726720993522,0.6217083145179553,1.022474237727383,0.30038196880496143,0.08463270421284025,0.19611239020388066,0.17327049790207177,0.19101504571554467,-0.3409527707629172,-0.05589663571733396,7,22,1.0,-1.0,0.5,0.0,0.0,0.0,0.0,0.0,0.0,0.0,0.0,1.0,0.0,0.0,0.0,0.0,0.0,0.0,0.0,1
VAR_002624,1.5002155410685951,0.3926683376840116,9.32759288147316,-5.465355144379155e-05,0.3109593743490389,-4.831251661869393e-06,1.0796671137773282,0.8950008898718427,-8.537446705068182e-06,4.685577438887605e-12,0.07980802377343534,28,0.0,0.0,0.0,0.0,0.0,0.0,0.0,0.1777743740674883,0.0,2.6681800746049764,1.0,1.0,0.0,0.0,1.1447171326883876,2.1092771359366917,9.38126739451861,0.0,81.137497762895,1.1229733440543943e-11,0.0,3.3084517442654877,0.7187410691566257,3.813771391455777,0.0,1.0,0.0,0.0,0.039920965109023515,0.0,0.0,1.0,0.0,0.0,1.0,3,6.743282294091836,0.0,2,2,-0.70713620494186,-0.0513884368636592,0.0,0.0,0.0,0.3103793813607438,0.0,1.0,0.0,1.000038930445808,0.0,1.0231894693233876,0.8765575841471628,1.0343487291921298,0.0,1.0,0.0,1.0333432165800815,0.0,1.5444421923475413,1.0000787448104826,2.7177270969447873,0.30660254454193064,0.0,3.1250628423837563,0.9415075388316811,0.0,1.0127622664626093,2.0710201890741273,0.75263680220552,1.212373582654487,0.0,1.0,2.966357313601153,2,0.9347899633293507,0.0,0.6201863251104949,0.0,73.24546311320417,0.0,791.6415815926011,0.0,0.049000639160323954,0.0,15.109843721793368,0.0,1.0,0.0,1.0,1.0,0.0,1.8864312531385602e-07,0.0,0.0,1.5246036095718187,1.0,0.0,0.0,0.0,0.0,0.0,0.0,1739.3933218943737,0.001079131811306946,0.0,3.2441455086587174,0.0,1.0,0.0323978676544574,0.0,0.0,3.0036345813841123e-05,1.5966885415373189,0.0,0.0,0.5723705536977985,0.0,0.25253707072187803,0.0,0.0,164.1680116024031,22.549377982955985,3979.635417428789,0.0,3.223671238484157,0.0,1.0,17.33488294976675,0.7534634370275783,0.0,0.8176626126292211,1.0,0.559782919986061,0.0,1.1716404806690277,0.004345198285046539,0.0,2.264920331504597,0.0,1.2911247775907504,1.05245105971016,1.0,0.4467249384117452,-0.00039241391130983254,0.0,1.0,0.0,1.0,0.9598084910036828,0.0,-0.0051209407236792685,-0.001868505135113053,-1.3616520993487498,-0.5515180798053326,-0.37552384446639125,-0.27123099102852666,-0.905239206539371,-0.012005669063062838,0,14,-0.7391304347826086,0.0,0.5,0.0,0.0,0.0,0.0,0.0,0.0,0.0,1.0,0.0,0.0,0.0,0.0,-1.0,1.0,1.0,0.0,1
VAR_002586,1.4908008853485573,165.37985677768918,8.973767412337223,0.04138663741314235,-1.104136896041096e-05,0.008621047310130926,-0.01726708137927484,0.000329254131092952,86.44926607723923,16.78128605760562,1.533836680301214,30,0.0,0.0,0.0,0.0,0.0,0.0,0.0,0.0,1.0,2.7170465143149976,0.0,0.0,0.0,1.0,0.8347634659617182,0.39898950174356873,0.0003287673809892165,2.4920982019457205,0.06335632114230025,1348.215440325116,1.0,7.886389177110584e-06,0.0,0.0,0.0,0.0,0.0,0.0,0.0,0.0,0.0,0.0,0.0,0.0,0.0,7,0.0,0.0,3,3,-0.2705702830965527,0.2891663682153605,0.0,1.0,1.0,0.7545563398919187,0.0,1.0,0.0,0.1482411507650058,1.0,0.8750268677191304,-2.670921900879329e-05,-2.647795475303037e-07,1.0,0.0,2.934526532233309,6.699784371744851,1.0,0.10781718174177742,1.2354253866369145,2.2907954655308194,0.46269703722146055,0.0,3.1250628423837563,0.9802116309536656,1.3367590874913071,0.9893614622259638,0.0,-1.066768342007942e-07,0.0,0.0,0.0,0.0,3,0.08093240295747796,0.0,0.0,0.0,0.0,0.0,0.0,0.0,0.0,0.0,0.0,0.0,0.0,0.0,0.0,0.0,0.0,0.0,0.0,0.0,0.0,0.0,0.0,0.0,0.0,0.0,0.0,0.0,0.0,0.0,0.0,0.0,0.0,0.0,0.0,0.0,0.0,0.0,0.0,0.0,0.0,0.0,0.0,0.0,0.0,0.0,0.0,0.0,0.0,0.0,0.0,0.0,0.0,0.0,0.0,0.0,0.0,1.0,6.046115906419047,1.0,1.1717744980210112,0.2906273318154395,0.0,0.0,0.0,0.0,0.2615600460951295,1.0,-0.00016057999920357862,1.0154514431564774,0.0,0.0,0.0,0.0,0.000270047184013874,1.2101454315057372,0.9707334631603184,1.0656018411194237,-0.8074144794812959,0.03714316494584087,0.17327049790207177,0.5383681541207346,0.2122893479939449,0.7534580570099187,14,11,1.1739130434782608,-1.0,0.5,0.0,0.0,0.0,0.0,0.0,1.0,0.0,0.0,0.0,0.0,0.0,0.0,-1.0,0.0,0.0,0.0,0
VAR_002941,-0.0783428963784724,-3.8059031320814635e-07,-3.004136269736329e-07,-5.4653554515842356e-05,-1.1041372304889563e-05,-4.831251662299113e-06,-0.017267181209998077,-4.8105745895704074e-06,-8.537446705068216e-06,0.0,-0.10946537831009982,8,0.0,0.0,0.0,0.0,0.0,0.0,0.0,0.0,0.0,0.0,0.0,0.0,0.0,0.0,0.0,0.0,0.0,0.0,0.0,0.0,0.0,0.0,0.0,0.0,0.0,0.0,0.0,0.0,0.0,0.0,0.0,0.0,0.0,0.0,0.0,7,0.0,0.0,3,3,0.36359266342903374,-0.7500586203661859,0.0,0.0,0.0,-3.884553607683874e-07,0.0,0.0,0.0,-2.2320821211521196e-07,0.0,-1.4948262435770877e-08,-2.6709219008793652e-05,-1.4124635230450503e-05,0.0,0.0,0.0,-2.5336807690208568e-08,0.0,-1.2312450534260474e-06,-4.3419141492691217e-07,-3.5038624508476836e-08,0.0,0.0,0.0,-3.837678156849658e-07,0.0,-1.2618654649194024e-06,0.0,-1.1505932956688551e-07,0.0,0.0,0.0,0.0,3,-0.169222268148316,0.0,0.0,0.0,0.0,0.0,0.0,0.0,0.0,0.0,0.0,0.0,0.0,0.0,0.0,0.0,0.0,0.0,0.0,0.0,0.0,0.0,0.0,0.0,0.0,0.0,0.0,0.0,0.0,0.0,0.0,0.0,0.0,0.0,0.0,0.0,0.0,0.0,0.0,0.0,0.0,0.0,0.0,0.0,0.0,0.0,0.0,0.0,0.0,0.0,0.0,0.0,0.0,0.0,0.0,0.0,0.0,0.0,-0.11072982886915257,0.0,-0.0006064556200556692,-0.0018293998462169062,0.0,0.0,0.0,0.0,-0.00030853159312632406,0.0,-0.00028032881180293964,-0.0019096288697232238,0.0,0.0,0.0,0.0,-0.000870651106593671,0.0,-0.006857481141634066,-0.0018867740910451342,0.08463270421284025,0.0640858255047549,-0.8341358291921436,-0.6168186857190523,0.46495716987910674,-0.5022886116629942,2,23,-0.7391304347826085,-0.5,-0.5,0.0,0.0,0.0,0.0,0.0,0.0,0.0,0.0,0.0,0.0,0.0,0.0,,0.0,0.0,0.0,1
VAR_002853,-0.0783428963784724,-3.8059031320814635e-07,-3.004136269736329e-07,-5.4653554515842356e-05,-1.1041372304889563e-05,-4.831251662299113e-06,-0.017267181209998077,-4.8105745895704074e-06,-8.537446705068216e-06,0.0,-0.10946537831009982,8,0.0,0.0,0.0,0.0,0.0,0.0,0.0,0.0,0.0,0.0,0.0,0.0,0.0,0.0,0.0,0.0,0.0,0.0,0.0,0.0,0.0,0.0,0.0,0.0,0.0,0.0,0.0,0.0,0.0,0.0,0.0,0.0,0.0,0.0,0.0,7,0.0,0.0,2,2,0.4606681235528187,0.4375865161053786,2.9191314145276985,0.0,0.0,-3.884553607683874e-07,0.0,0.0,0.0,-2.2320821211521196e-07,0.0,-1.4948262435770877e-08,-2.6709219008793652e-05,-1.4124635230450503e-05,0.0,0.0,0.0,-2.5336807690208568e-08,0.0,-1.2312450534260474e-06,-4.3419141492691217e-07,-3.5038624508476836e-08,0.0,0.0,0.0,-3.837678156849658e-07,0.0,-1.2618654649194024e-06,0.0,-1.1505932956688551e-07,0.0,0.0,0.0,0.0,2,-0.169222268148316,0.0,0.0,0.0,0.0,0.0,0.0,0.0,0.0,0.0,0.0,0.0,0.0,0.0,0.0,0.0,0.0,0.0,0.0,0.0,0.0,0.0,0.0,0.0,0.0,0.0,0.0,0.0,0.0,0.0,0.0,0.0,0.0,0.0,0.0,0.0,0.0,0.0,0.0,0.0,0.0,0.0,0.0,0.0,0.0,0.0,0.0,0.0,0.0,0.0,0.0,0.0,0.0,0.0,0.0,0.0,0.0,0.0,-0.11072982886915257,0.0,-0.0006064556200556692,-0.0018293998462169062,0.0,0.0,0.0,0.0,-0.00030853159312632406,0.0,-0.00028032881180293964,-0.0019096288697232238,0.0,0.0,0.0,0.0,-0.000870651106593671,0.0,-0.006857481141634066,-0.0018867740910451342,0.08463270421284025,0.22692363072109445,0.17327049790207177,0.20103902193942788,-1.2195117304584822,0.05757297490057449,16,14,0.6304347826086956,-0.5,0.5,0.0,0.0,0.0,0.0,0.0,0.0,0.0,1.0,0.0,0.0,0.0,0.0,,0.0,0.0,0.0,1
VAR_003216,0.12056605634321951,76.40804948735858,7.401794752378383,0.00023833486568973418,0.8966719432321885,2.933997589293415e-06,7.8555475773596655,8.605115805997243e-05,0.006385108198916348,0.0,1.7996779931046785,13,0.0,0.0,0.0,0.0,0.0,0.0,0.0,0.0,0.0,0.0,0.0,0.0,0.0,0.0,0.0,0.0,0.0,0.0,0.0,0.0,0.0,0.0,0.0,0.0,0.0,0.0,0.0,0.0,0.0,0.0,0.0,0.0,0.0,0.0,0.0,7,0.0,0.0,3,3,-3.982642517982989,-4.862014525487486,-44.50855399667114,0.0,0.0,-3.884553607683874e-07,0.0,0.0,0.0,-2.2320821211521196e-07,0.0,-1.4948262435770877e-08,-2.6709219008793652e-05,-1.4124635230450503e-05,0.0,0.0,0.0,-2.5336807690208568e-08,0.0,-1.2312450534260474e-06,-4.3419141492691217e-07,-3.5038624508476836e-08,0.0,0.0,0.0,-3.837678156849658e-07,0.0,-1.2618654649194024e-06,0.0,-1.1505932956688551e-07,0.0,0.0,0.0,0.0,3,1.0957031891756226,5.595034830509547,0.7933937962080915,0.0,59.3516926652476,0.0,708.524273909214,0.0,91.19168864551948,0.0,0.9648255968872288,0.0,0.0,0.0,0.0,1.0,0.0,0.8743596159794731,0.0,0.0,0.0,0.0,0.0,0.6386611527184455,0.0,0.0,0.0,1.0,1.5216342603722758e-11,4.710889713842485,0.0,0.0,0.0,1.0,12488.81536723271,0.2114361554629673,0.0,42.82360483830937,1.5966885415373189,0.0,0.0,0.4254846435327137,0.0,88.080000312976,0.0,0.0,68.68991772837302,0.0004914500470390489,34952.272616498114,0.0,3.223671238484157,0.0,0.0,5719.008510048491,0.0926098464967255,0.0,2.1388001708880846e-05,1.0,0.23482528165517044,0.0,0.09125507291706093,-0.001829399845788956,0.0,0.0,0.0,0.0,0.823563373653404,1.0,1.1209393722705117,-0.001891492653990761,0.0,1.0,0.0,1.0,0.0031912545699487108,1.2101454315057372,-0.006857481114929919,0.23963515057197757,-56.18059421673767,-5.832731176588824,-36.42363883459151,-1.9389778764623296,-22.134421112754236,-1.4887974504725758,14,11,1.1739130434782608,-1.0,0.5,0.0,0.0,0.0,0.0,0.0,1.0,0.0,0.0,0.0,0.0,0.0,0.0,0.0,0.0,0.0,0.0,0
VAR_002655,-0.058222544381525014,0.000715817285957152,126.39310508181545,244.93802710247436,1.8935465373338938,9.23751588401863e-06,-0.017267181206284288,-4.810574586261567e-06,1.540277194308793,0.0,0.44422913162064,10,0.0,0.0,0.0,0.0,0.0,0.0,0.0,0.0,0.0,0.0,0.0,0.0,0.0,0.0,0.0,0.0,0.0,0.0,0.0,0.0,0.0,0.0,0.0,0.0,0.0,0.0,0.0,0.0,0.0,0.0,0.0,0.0,0.0,0.0,0.0,7,0.0,0.0,3,3,-0.8883399952000265,0.18414141434916262,0.0,0.0,0.0,-3.884553607683874e-07,0.0,0.0,0.0,-2.2320821211521196e-07,0.0,-1.4948262435770877e-08,-2.6709219008793652e-05,-1.4124635230450503e-05,0.0,0.0,0.0,-2.5336807690208568e-08,0.0,-1.2312450534260474e-06,-4.3419141492691217e-07,-3.5038624508476836e-08,0.0,0.0,0.0,-3.837678156849658e-07,0.0,-1.2618654649194024e-06,0.0,-1.1505932956688551e-07,0.0,0.0,0.0,0.0,3,-0.169222268148316,0.0,0.0,0.0,0.0,0.0,0.0,0.0,0.0,0.0,0.0,0.0,0.0,0.0,0.0,0.0,0.0,0.0,0.0,0.0,0.0,0.0,0.0,0.0,0.0,0.0,0.0,0.0,0.0,0.0,0.0,0.0,0.0,0.0,0.0,0.0,0.0,0.0,0.0,0.0,0.0,0.0,0.0,0.0,0.0,0.0,0.0,0.0,0.0,0.0,0.0,0.0,0.0,0.0,0.0,0.0,0.0,0.0,-0.11072982886915257,0.0,-0.0006064556200556692,-0.0018293998462169062,0.0,0.0,0.0,0.0,-0.00030853159312632406,0.0,-0.00028032881180293964,-0.0019096288697232238,0.0,0.0,0.0,0.0,-0.000870651106593671,0.0,-0.006857481141634066,-0.0018867740910451342,-1.0591333509543768,-4.063325676068852,0.17327049790207177,-0.07099709972560239,-0.14723841179478794,0.668779188757826,0,4,-1.152173913043478,-0.5,-0.5,0.0,0.0,0.0,1.0,0.0,0.0,0.0,0.0,0.0,0.0,0.0,0.0,0.0,0.0,1.0,1.0,1
VAR_002947,0.2517593504111307,0.549340284840017,28.04102141665237,7.895715807246129,1.1809538179220338,0.026719511474219887,0.07684901836757008,3.250544943832162e-05,15.938915649469143,0.0,0.1168091843373081,19,0.0,0.0,0.0,0.0,0.0,0.0,0.0,0.0,0.0,0.0,0.0,0.0,0.0,0.0,0.0,0.0,0.0,0.0,0.0,0.0,0.0,0.0,0.0,0.0,0.0,0.0,0.0,0.0,0.0,0.0,0.0,0.0,0.0,0.0,0.0,7,0.0,0.0,1,1,0.29286432141914936,-13.218812926984572,-46.058811590307634,0.0,0.0,-3.884553607683874e-07,0.0,0.0,0.0,-2.2320821211521196e-07,0.0,-1.4948262435770877e-08,-2.6709219008793652e-05,-1.4124635230450503e-05,0.0,0.0,0.0,-2.5336807690208568e-08,0.0,-1.2312450534260474e-06,-4.3419141492691217e-07,-3.5038624508476836e-08,0.0,0.0,0.0,-3.837678156849658e-07,0.0,-1.2618654649194024e-06,0.0,-1.1505932956688551e-07,0.0,0.0,0.0,0.0,1,0.021424139206724632,0.0,0.0,0.0,0.0,0.0,0.0,0.0,0.0,0.0,0.0,0.0,0.0,0.0,0.0,0.0,0.0,0.0,0.0,0.0,0.0,0.0,0.0,0.0,0.0,0.0,0.0,0.0,0.0,0.0,0.0,0.0,0.0,0.0,0.0,0.0,0.0,0.0,0.0,0.0,0.0,0.0,0.0,0.0,0.0,0.0,0.0,0.0,0.0,0.0,0.0,0.0,0.0,0.0,0.0,0.0,0.0,1.0,0.0666454032368221,1.0,0.0023276144697138533,0.03149700758959415,0.0,0.0,0.0,0.0,1.0524193566915503,1.0,-0.00028032881180293964,0.223810219175963,0.0,0.0,0.0,0.0,0.9943695097175935,1.2101454315057372,-0.006644746992479141,1.06558985471791,-27.979997451977706,0.1581228349767492,-35.35398540260883,-1.7378072648668388,-8.961320182978877,-2.7423563047896637,8,16,-0.06521739130434778,0.5,0.5,0.0,0.0,0.0,0.0,0.0,0.0,0.0,0.0,0.0,0.0,0.0,0.0,0.0,0.0,0.0,0.0,1
VAR_002865,1.053130550544625,18.81319515610787,6.894261780017266,0.0022315575924726693,-1.0349034924820997e-05,2.3102911588335986,0.44131983709342715,8.905559780805609,-8.334430116007052e-06,0.0,0.21143234989738216,18,0.0,0.0,0.0,0.0,0.0,0.0,0.0,0.0,0.0,0.0,0.0,0.0,0.0,0.0,0.0,0.0,0.0,0.0,0.0,0.0,0.0,0.0,0.0,0.0,0.0,0.0,0.0,0.0,0.0,0.0,0.0,0.0,0.0,0.0,0.0,7,0.0,0.0,3,3,0.5988050518708671,0.344354763660233,0.0,0.0,1.0,1.4641606084977794,8.936365405529138,0.0,0.0,1.0000392076397107,0.0,1.0231894693223111,0.7862037160864369,0.013607511062175883,0.0,0.0,0.511179264949646,0.009470005049223913,1.0,-1.2285830785524787e-06,1.0000787448104838,11.348185998016108,0.0,0.0,3.1250628423837563,0.2062336701808619,1.1825513923162883,0.8745236870557918,0.0,1.0289161839530891,0.0,1.0,0.0,0.0,3,-0.08351234207920849,0.0,0.0,0.0,0.0,0.0,0.0,0.0,0.0,0.0,0.0,0.0,0.0,0.0,0.0,0.0,0.0,0.0,0.0,0.0,0.0,0.0,0.0,0.0,0.0,0.0,0.0,0.0,0.0,0.0,0.0,0.0,0.0,0.0,0.0,0.0,0.0,0.0,0.0,0.0,0.0,0.0,0.0,0.0,0.0,0.0,0.0,0.0,0.0,0.0,0.0,0.0,0.0,0.0,0.0,0.0,0.0,0.0,0.24528888943904625,0.0063875507108709,-0.0006060131425015788,-0.0018293982035514774,0.0,0.0,0.0,0.9509838984983012,1.0524512062785198,0.0,-0.00023579616700514152,-0.0019096288697232238,0.0,0.0,0.0,1.0,1.00682062020451,0.3617475385733716,0.9416421570794158,1.0604602510971926,-0.370511040600722,0.22692363072109445,0.17327049790207177,0.7363263135454579,-0.29901440604797214,0.7534580570099187,0,4,-1.152173913043478,-0.5,-0.5,0.0,0.0,0.0,1.0,0.0,0.0,0.0,0.0,0.0,0.0,0.0,0.0,0.0,0.0,0.0,0.0,1
VAR_002559,-0.0783428963784724,-3.8059031320814635e-07,-3.004136269736329e-07,-5.4653554515842356e-05,-1.1041372304889563e-05,-4.831251662299113e-06,-0.017267181209998077,-4.8105745895704074e-06,-8.537446705068216e-06,0.0,-0.10946537831009982,8,0.0,0.0,0.0,0.0,0.0,0.0,0.0,0.0,0.0,0.0,0.0,0.0,0.0,0.0,0.0,0.0,0.0,0.0,0.0,0.0,0.0,0.0,0.0,0.0,0.0,0.0,0.0,0.0,0.0,0.0,0.0,0.0,0.0,0.0,0.0,7,0.0,0.0,3,3,-0.8253298813410237,-0.09309493951481213,0.0,0.0,0.0,-3.884553607683874e-07,0.0,0.0,0.0,-2.2320821211521196e-07,0.0,-1.4948262435770877e-08,-2.6709219008793652e-05,-1.4124635230450503e-05,0.0,0.0,0.0,-2.5336807690208568e-08,0.0,-1.2312450534260474e-06,-4.3419141492691217e-07,-3.5038624508476836e-08,0.0,0.0,0.0,-3.837678156849658e-07,0.0,-1.2618654649194024e-06,0.0,-1.1505932956688551e-07,0.0,0.0,0.0,0.0,3,-0.169222268148316,0.0,0.0,0.0,0.0,0.0,0.0,0.0,0.0,0.0,0.0,0.0,0.0,0.0,0.0,0.0,0.0,0.0,0.0,0.0,0.0,0.0,0.0,0.0,0.0,0.0,0.0,0.0,0.0,0.0,0.0,0.0,0.0,0.0,0.0,0.0,0.0,0.0,0.0,0.0,0.0,0.0,0.0,0.0,0.0,0.0,0.0,0.0,0.0,0.0,0.0,0.0,0.0,0.0,0.0,0.0,0.0,0.0,-0.11072982886915257,0.0,-0.0006064556200556692,-0.0018293998462169062,0.0,0.0,0.0,0.0,-0.00030853159312632406,0.0,-0.00028032881180293964,-0.0019096288697232238,0.0,0.0,0.0,0.0,-0.000870651106593671,0.0,-0.006857481141634066,-0.0018867740910451342,0.08463270421284025,0.22692363072109445,0.17327049790207177,0.5349083125993634,0.20903537529050148,0.7534580570099187,0,22,0.5217391304347826,0.5,0.5,0.0,0.0,0.0,0.0,0.0,1.0,0.0,0.0,0.0,0.0,0.0,0.0,,0.0,0.0,0.0,1
VAR_003035,0.14762351581048866,0.7786132595435201,218.1256563540059,0.0004583936713867029,0.03760079603573277,195.31866770432626,0.3120088504057952,-4.810574516426266e-06,0.8810496234414621,0.0,-0.09211900210274108,16,0.0,0.0,0.0,0.0,0.0,0.0,0.0,0.0,0.0,0.0,0.0,0.0,0.0,0.0,0.0,0.0,0.0,0.0,0.0,0.0,0.0,0.0,0.0,0.0,0.0,0.0,0.0,0.0,0.0,0.0,0.0,0.0,0.0,0.0,0.0,7,0.0,0.0,4,4,1.1361210717392156,0.592495060694034,0.0,0.8702469856345888,0.0,1.2360979572587836,0.0,1.0,1.0973820282003526,-2.2320820607942938e-07,1.0,0.7914348016908304,-2.6692159427965036e-05,0.6730482252257126,0.0,0.0,0.0,1.0189967103872646,0.0,0.9997436020521111,-4.317746439942706e-07,0.00020041773172559138,0.0,0.0,0.0,0.012911224367454276,0.0,0.2779248838041002,0.0006470839382707581,0.17091083250233904,0.5722018986582279,1.0,0.0,0.0,4,-0.1553226248912256,0.0,0.0,0.0,0.0,0.0,0.0,0.0,0.0,0.0,0.0,0.0,0.0,0.0,0.0,0.0,0.0,0.0,0.0,0.0,0.0,0.0,0.0,0.0,0.0,0.0,0.0,0.0,0.0,0.0,0.0,0.0,0.0,0.0,0.0,0.0,0.0,0.0,0.0,0.0,0.0,0.0,0.0,0.0,0.0,0.0,0.0,0.0,0.0,0.0,0.0,0.0,0.0,0.0,0.0,0.0,0.0,1.0,0.05529799496963857,0.0,-0.000461774229578004,0.2597642577643086,0.0,2.476373112572174,0.0,0.5860534561826453,1.0523490926903967,0.0,0.2609484980789448,1.023878341193016,0.0,0.0,0.0,1.0,0.2589592600515051,1.2101454315057372,1.022541049326435,-0.0018847974418223867,0.08463270421284025,0.15979418012602514,-1.3855859768269563,-0.4820265220051286,-0.036059039254128816,0.007204959366493691,23,6,0.8913043478260868,2.0,-0.5,0.0,0.0,1.0,0.0,0.0,0.0,0.0,0.0,0.0,0.0,0.0,0.0,0.0,0.0,1.0,0.0,1
VAR_002552,0.5959631247987337,1.5623420580167104e-05,0.06640756715377898,232.96346029512497,3.576836601380503,2.0522530107748125,0.3244970823897899,6.408873500574368,9.659036705896641,139120.1094269275,7.557461463301442,2,1.0,0.0002665565312841,0.4876176395358594,2.335598530966656e-06,0.9000199125116015,0.0999999999999304,0.0936579783917209,1.0,1.0,0.3353922319012032,0.0023971920671268,0.0,0.0,1.0,0.0,7.131131513240684e-07,5.613323322118161e-19,0.0,0.8585883522815775,0.010398803643872093,1.0,0.988672295006189,0.9955828473312107,3.813771391455777,0.0,1.0,0.0,1.0,417.18680199637146,1.0,0.0,0.0,0.0,2.896091433730838,1.0,2,12.588761764715038,1.0,4,4,-0.7252720801306751,-3.1259988297982684,-8.218197299482974,0.0,1.0,1.4638380884774231,8.424849840482644,0.0,1.0973820282003526,10.000394169520558,1.0,1.0139036135379422e-07,3.6274663412616968,1.0732133242770567,0.4955628638912416,0.0,0.0,10.333432623769118,1.0,1.0000204125381467,0.018087098787312687,0.0009062709441939315,1.8677387897796809,0.0,0.2658314864187035,1.9331817551257855,1.3367590874913071,10.134570697455429,3.390803720028111,1.0289082115449204,1.372499837548093,0.0,0.0,1.0000056209194332,4,6.473386180097588,1.4163607739871455,0.0,0.0,74.33980690150753,0.0,106.45842983542283,0.0,99.32727260341377,0.0,0.09750462337450509,0.0,0.6377030544743093,0.0,0.7669595348056615,1.0,0.0,250.58656760243102,0.0,0.0,0.0,0.0,0.0,0.0,0.0,0.0,0.0,1.0,1778.5183217740646,22.38396136199732,0.0,0.0,0.0,0.0,13432.755743879778,0.6090605519691953,0.0,382.013478740305,1.5966885415373189,0.0,0.0,0.0,0.0,90.72696701584152,0.0,1.0,161.39652406772896,0.6545181243130236,5.357255090993576e-06,0.0,1.6859195322558185,0.0,0.0,5540.616130541975,0.6479255647400906,0.0,381.29988653693425,0.0,0.6093964002456485,1.0,0.5339780904736099,0.5356644210213325,0.0,0.12443343441265196,0.0,0.0,0.291783246867716,1.0,-0.0002803288116500487,1.0238776984280424,0.0,1.0,0.0,0.0,0.9876194257554121,1.2101454315057372,-0.006823820921004097,1.0633540414663174,-2.3157305367830507,0.1521452269135655,-0.34475537940816464,-1.2715708532145389,-0.24624293813126133,-1.135322812211949,17,7,0.08695652173913043,0.5,-0.5,0.0,1.0,0.0,0.0,0.0,0.0,0.0,0.0,0.0,0.0,0.0,0.0,,1.0,0.0,0.0,0
VAR_002977,-0.0783428963784724,-3.8059031320814635e-07,-3.004136269736329e-07,-5.4653554515842356e-05,-1.1041372304889563e-05,-4.831251662299113e-06,-0.017267181209998077,-4.8105745895704074e-06,-8.537446705068216e-06,0.0,-0.10946537831009982,8,0.0,0.0,0.0,0.0,0.0,0.0,0.0,0.0,0.0,0.0,0.0,0.0,0.0,0.0,0.0,0.0,0.0,0.0,0.0,0.0,0.0,0.0,0.0,0.0,0.0,0.0,0.0,0.0,0.0,0.0,0.0,0.0,0.0,0.0,0.0,7,0.0,0.0,5,5,0.0,0.0,0.0,0.0,0.0,-3.884553607683874e-07,0.0,0.0,0.0,-2.2320821211521196e-07,0.0,-1.4948262435770877e-08,-2.6709219008793652e-05,-1.4124635230450503e-05,0.0,0.0,0.0,-2.5336807690208568e-08,0.0,-1.2312450534260474e-06,-4.3419141492691217e-07,-3.5038624508476836e-08,0.0,0.0,0.0,-3.837678156849658e-07,0.0,-1.2618654649194024e-06,0.0,-1.1505932956688551e-07,0.0,0.0,0.0,0.0,5,-0.169222268148316,0.0,0.0,0.0,0.0,0.0,0.0,0.0,0.0,0.0,0.0,0.0,0.0,0.0,0.0,0.0,0.0,0.0,0.0,0.0,0.0,0.0,0.0,0.0,0.0,0.0,0.0,0.0,0.0,0.0,0.0,0.0,0.0,0.0,0.0,0.0,0.0,0.0,0.0,0.0,0.0,0.0,0.0,0.0,0.0,0.0,0.0,0.0,0.0,0.0,0.0,0.0,0.0,0.0,0.0,0.0,0.0,0.0,-0.11072982886915257,0.0,-0.0006064556200556692,-0.0018293998462169062,0.0,0.0,0.0,0.0,-0.00030853159312632406,0.0,-0.00028032881180293964,-0.0019096288697232238,0.0,0.0,0.0,0.0,-0.000870651106593671,0.0,-0.006857481141634066,-0.0018867740910451342,0.0,0.0,0.0,0.0,0.0,0.0,5,11,1.5869565217391302,-1.0,-1.5,0.0,0.0,0.0,0.0,0.0,0.0,0.0,0.0,0.0,0.0,0.0,0.0,,0.0,0.0,0.0,1
VAR_003145,-0.0783428963784724,-3.8059031320814635e-07,-3.004136269736329e-07,-5.4653554515842356e-05,-1.1041372304889563e-05,-4.831251662299113e-06,-0.017267181209998077,-4.8105745895704074e-06,-8.537446705068216e-06,0.0,-0.10946537831009982,8,0.0,0.0,0.0,0.0,0.0,0.0,0.0,0.0,0.0,0.0,0.0,0.0,0.0,0.0,0.0,0.0,0.0,0.0,0.0,0.0,0.0,0.0,0.0,0.0,1.0,0.4713887672443899,1.0,1.0,9.151679407864223e-09,0.0,1.0,0.0,1.0,0.0,1.0,0,0.003511042278200924,1.0,3,3,1.0420416658951392,0.8523172782996858,-2.2832817939487704,0.0,0.0,-3.884553607683874e-07,0.0,0.0,0.0,-2.2320821211521196e-07,0.0,-1.4948262435770877e-08,-2.6709219008793652e-05,-1.4124635230450503e-05,0.0,0.0,0.0,-2.5336807690208568e-08,0.0,-1.2312450534260474e-06,-4.3419141492691217e-07,-3.5038624508476836e-08,0.0,0.0,0.0,-3.837678156849658e-07,0.0,-1.2618654649194024e-06,0.0,-1.1505932956688551e-07,0.0,0.0,0.0,0.0,3,1.816721051791238,0.0,0.0,0.0,0.0,0.0,0.0,0.0,0.0,0.0,0.0,0.0,0.0,0.0,0.0,0.0,0.0,0.0,0.0,0.0,0.0,0.0,0.0,0.0,0.0,0.0,0.0,0.0,0.0,0.0,0.0,0.0,0.0,0.0,0.0,0.0,0.0,0.0,0.0,0.0,0.0,0.0,0.0,0.0,0.0,0.0,0.0,0.0,0.0,0.0,0.0,0.0,0.0,0.0,0.0,0.0,0.0,0.0,-0.11072982886915257,0.0,-0.0006064556200556692,-0.0018293998462169062,0.0,0.0,0.0,0.0,-0.00030853159312632406,0.0,-0.00028032881180293964,-0.0019096288697232238,0.0,0.0,0.0,0.0,-0.000870651106593671,0.0,-0.006857481141634066,-0.0018867740910451342,0.08463270421284025,0.16285867863869988,-1.1034051014424995,0.46448838991506347,0.2942958316152977,0.6464164844218627,14,19,0.17391304347826086,0.0,0.5,0.0,0.0,0.0,0.0,0.0,1.0,0.0,0.0,0.0,0.0,0.0,0.0,,1.0,0.0,1.0,1
VAR_003042,-0.0783428963784724,-3.8059031320814635e-07,-3.004136269736329e-07,-5.4653554515842356e-05,-1.1041372304889563e-05,-4.831251662299113e-06,-0.017267181209998077,-4.8105745895704074e-06,-8.537446705068216e-06,0.0,-0.10946537831009982,8,0.0,0.0,0.0,0.0,0.0,0.0,0.0,0.0,0.0,0.0,0.0,0.0,0.0,0.0,0.0,0.0,0.0,0.0,0.0,0.0,0.0,0.0,0.0,0.0,0.0,0.0,0.0,0.0,0.0,0.0,0.0,0.0,0.0,0.0,0.0,7,0.0,0.0,2,2,0.7798669721685401,0.8523172782996858,0.0,0.0,0.0,-3.884553607683874e-07,0.0,0.0,0.0,-2.2320821211521196e-07,0.0,-1.4948262435770877e-08,-2.6709219008793652e-05,-1.4124635230450503e-05,0.0,0.0,0.0,-2.5336807690208568e-08,0.0,-1.2312450534260474e-06,-4.3419141492691217e-07,-3.5038624508476836e-08,0.0,0.0,0.0,-3.837678156849658e-07,0.0,-1.2618654649194024e-06,0.0,-1.1505932956688551e-07,0.0,0.0,0.0,0.0,2,-0.169222268148316,0.0,0.0,0.0,0.0,0.0,0.0,0.0,0.0,0.0,0.0,0.0,0.0,0.0,0.0,0.0,0.0,0.0,0.0,0.0,0.0,0.0,0.0,0.0,0.0,0.0,0.0,0.0,0.0,0.0,0.0,0.0,0.0,0.0,0.0,0.0,0.0,0.0,0.0,0.0,0.0,0.0,0.0,0.0,0.0,0.0,0.0,0.0,0.0,0.0,0.0,0.0,0.0,0.0,0.0,0.0,0.0,0.0,-0.11072982886915257,0.0,-0.0006064556200556692,-0.0018293998462169062,0.0,0.0,0.0,0.0,-0.00030853159312632406,0.0,-0.00028032881180293964,-0.0019096288697232238,0.0,0.0,0.0,0.0,-0.000870651106593671,0.0,-0.006857481141634066,-0.0018867740910451342,-0.4068593578798588,0.17997179969973898,-0.09499405326930502,-0.3923074694042472,-0.973751264394805,0.010393427064843658,7,22,1.0,-1.0,0.5,0.0,0.0,0.0,0.0,0.0,0.0,0.0,0.0,1.0,0.0,0.0,0.0,,0.0,0.0,0.0,1
VAR_003125,-0.0015262471186829809,97.61192743396239,0.2907813620432043,-5.4653554223733205e-05,-1.1041337893587823e-05,0.1566981748106541,0.09244001234132745,0.46582664032522775,5.115808292772684e-07,0.0,-0.10368434554753943,16,0.0,0.0,0.0,0.0,0.0,0.0,0.0,0.0,0.0,0.0,0.0,0.0,0.0,0.0,0.0,0.0,0.0,0.0,0.0,0.0,0.0,0.0,0.0,0.0,0.0,0.0,0.0,0.0,0.0,0.0,0.0,0.0,0.0,0.0,0.0,7,0.0,0.0,3,3,1.140197534890719,-0.2127543622118008,0.0,1.0,1.0,0.0024603552551719864,0.0,1.0,0.0,0.943411874361696,0.0,1.0228210186037805,1.0000092878664637,1.0238336836738262,1.0,0.0,0.6017402750412718,1.0333432395698603,0.4279958614309082,0.8911447281851528,0.32194361468359756,8.185059520672299e-08,0.0,0.0,0.0,0.0009548564371284282,1.3367590874913071,0.1954712219585217,0.0,1.0289090026841734,0.0,0.0,0.0,0.0,3,-0.162667678148603,0.0,0.0,0.0,0.0,0.0,0.0,0.0,0.0,0.0,0.0,0.0,0.0,0.0,0.0,0.0,0.0,0.0,0.0,0.0,0.0,0.0,0.0,0.0,0.0,0.0,0.0,0.0,0.0,0.0,0.0,0.0,0.0,0.0,0.0,0.0,0.0,0.0,0.0,0.0,0.0,0.0,0.0,0.0,0.0,0.0,0.0,0.0,0.0,0.0,0.0,0.0,0.0,0.0,0.0,0.0,0.0,1.0,-0.049288601404394825,1.0,0.09894192669479011,1.0765049229066057,0.0,0.0,0.0,0.31892624480938847,1.0524512083241195,1.0,0.00035995421115358247,0.009928299771252503,0.0,0.0,0.0,0.0,0.8600663692855228,0.0,1.0004128752878176,0.02194902773594832,0.08463270421284025,-1.8070985681175726,0.17327049790207177,-0.361687335632169,0.46722479609007667,-0.5699023856911345,19,13,-0.608695652173913,0.5,-0.5,0.0,0.0,0.0,1.0,0.0,0.0,0.0,0.0,0.0,0.0,0.0,0.0,0.0,0.0,1.0,0.0,1
VAR_002556,0.24421867656263269,0.08001866393281325,69.75266566225665,2.4451993052484746,0.4001109678937712,-4.827951212784939e-06,0.31616890059558234,-4.810574536957029e-06,0.03906761920247184,10782.185946026571,1.4038967649749945,11,0.0,0.0,0.0,0.0,0.0,0.0,0.0,1.0,0.2785083263035419,2.7180158720243512,1.0,0.0,0.0,0.0,0.0,1.4557447548477611,0.8373946608798468,0.0,1.0639893739807808e-05,1.4343120650258705e-14,1.0,3.3084452262121125,1.0132514580063678,3.813771391455777,0.0,0.0,0.0,1.0,2.503804774811197,0.0,0.0,0.0,0.0,0.0,1.0,1,7.262810310928934,0.0,4,4,-0.8413422227843347,-8.003102416646458,0.0,1.0,0.3416007167183874,0.09217171934421003,0.0,1.0,0.0,1.3782881390018815,1.0,0.000125126399062114,0.39864316583348025,1.034736090722651,1.0,1.0,1.6838535831638617,0.00046591022169990197,0.0,0.28600351724973416,-4.3339662519090454e-07,0.01223899650745956,2.5076636855220107,1.3415873261671332,2.590470011602097,0.965249099076688,1.3367590874913071,0.00012575737953917236,0.34752656314581765,0.94686354981827,0.0,0.0,1.0,1.2528428373855076,4,0.42690427518397234,5.595034830509547,0.0,0.0,751.6155609198498,0.0,0.00014418152583570986,0.0,9.932626504799678,0.0,106.18628226317078,0.0,0.2654671908446648,0.0,1.0,1.0,0.0,9.149196346495781,0.0,0.0,1.5246036095718187,0.0,0.0,0.829313051147774,0.0,0.0,0.0,0.5587032480424353,1777.33133496366,322.81508919245795,0.0,0.0,0.0,1.0,6869.007361447972,0.0095233123290925,0.0,209.2482894345324,0.0,0.3616813838060651,0.0,1.0,0.0,89.47131570840942,0.0,0.8215692588547324,1.3308427030216974,21.078819794161593,14251.778177720877,0.0,0.0,0.0,1.0,9.607439831804169e-05,0.2792622666516164,0.0,381.29990103828004,0.0,0.2166258323013989,0.0,0.04597413969176624,1.0767606135882326,0.0,2.26236233695666,0.0,1.2911247775907504,0.4298038150240668,0.0,0.012552779778134756,1.023879578492641,0.0,0.0,0.0,0.0,0.011481619794463977,0.0015869564115473824,-0.0061145878494631755,-0.0018867740273258602,0.08463270421284025,-0.2395820657810957,-31.25516210149299,-1.4854481542422662,-8.078523677676703,-1.5600192282529908,17,7,0.08695652173913043,0.5,-0.5,0.0,1.0,0.0,0.0,0.0,0.0,0.0,0.0,0.0,0.0,0.0,0.0,0.0,1.0,0.0,0.0,0
VAR_002804,0.248222900416045,6.027755793374609e-08,69.31138780079947,8.75257892358526e-05,0.06294473423380442,1.6858003339711676e-05,2.8579586166058437,0.13922128732016648,0.8195479899884242,21.920304010608312,0.39552979051108406,23,0.0,0.0,0.0,0.0,0.0,0.0,0.0,0.0,0.0,0.03149935984703866,1.0,1.0,0.8599778446146249,0.0,1.1447171326883876,2.10927720531153,0.7062200735018576,0.0,79.84846120673875,31.19145029072536,0.0,3.126158290287022,0.0,0.0,0.0,0.0,0.0,0.0,0.0,0.0,0.0,0.0,0.0,0.0,0.0,7,0.0,0.0,4,4,0.0027707297135410795,-0.878456080672448,1.9889164266145594,0.0,1.0,0.0007140068692773602,0.0,0.0,0.3315175330900368,1.03867144210074,1.0,1.023188845607594,2.03864659206274,1.0333164307940539,0.0,1.0,2.934526532233309,1.0011297687790763,0.0,2.267189193293959,5.534545399406667,10.515499102148127,1.757022733152924,0.0,0.0,1.540453385546641,0.5978541169161141,1.0134559340666234,3.4265635009197988,1.02891618390911,0.0,0.0,0.0,0.0,4,0.2288801880998612,5.595034830509547,0.0,0.0,676.4915784233604,0.0,112.66039289694214,0.0,9.932727172816877,0.0,5.814317317480446e-05,0.0,0.0,0.0,1.0,1.0,0.0,8.920082278935357,0.0,0.0,1.5246036095718187,1.0,0.0,1.0,0.0,0.0,0.0,0.0,0.6639812130302677,325.69179051286795,0.0,3.2441455086587174,0.0,0.8802712939787856,1.6739245849014739,0.3634225175146456,0.0,0.0005929905539615282,0.0,0.0,0.0,1.0,0.0,75.43644960614934,0.0,0.0,162.84067138227076,22.444896274416507,1267.287789130945,0.0,0.0,0.0,1.0,1647.9401239119843,0.0,0.0,381.29588518872964,0.0,0.22587337070504981,1.0,0.11656900297991103,1.0767597933484903,0.0,2.770729017407695,0.0,1.2911247775907504,1.0512224681788152,0.0,-0.00025493393329192773,0.0005753050901208947,0.0,1.0,0.0,0.0,0.6871160328681883,0.0,0.32933263677253516,-0.0018859964010793386,-0.2653704416021135,-1.7595510918402197,-0.6789965922252577,-0.15015724733845076,-0.11010689584662353,-0.2822028513867139,23,3,0.826086956521739,-0.5,-0.5,0.0,1.0,0.0,0.0,0.0,0.0,0.0,0.0,0.0,0.0,0.0,0.0,-1.0,0.0,0.0,0.0,1
VAR_002569,-0.0783428963784724,-3.8059031320814635e-07,-3.004136269736329e-07,-5.4653554515842356e-05,-1.1041372304889563e-05,-4.831251662299113e-06,-0.017267181209998077,-4.8105745895704074e-06,-8.537446705068216e-06,0.0,-0.10946537831009982,8,0.0,0.0,0.0,0.0,0.0,0.0,0.0,0.0,0.0,0.0,0.0,0.0,0.0,0.0,0.0,0.0,0.0,0.0,0.0,0.0,0.0,0.0,0.0,0.0,0.0,1.0,1.0,0.0,20.94118047221614,0.0,0.0,1.0,1.0,0.773814463785758,1.0,5,9.686836818964784,0.0,4,4,-0.9131109856196767,-3.1452692905159676,0.0,0.0,0.0,-3.884553607683874e-07,0.0,0.0,0.0,-2.2320821211521196e-07,0.0,-1.4948262435770877e-08,-2.6709219008793652e-05,-1.4124635230450503e-05,0.0,0.0,0.0,-2.5336807690208568e-08,0.0,-1.2312450534260474e-06,-4.3419141492691217e-07,-3.5038624508476836e-08,0.0,0.0,0.0,-3.837678156849658e-07,0.0,-1.2618654649194024e-06,0.0,-1.1505932956688551e-07,0.0,0.0,0.0,0.0,4,0.16861344775728676,0.0,0.0,0.0,0.0,0.0,0.0,0.0,0.0,0.0,0.0,0.0,0.0,0.0,0.0,0.0,0.0,0.0,0.0,0.0,0.0,0.0,0.0,0.0,0.0,0.0,0.0,0.0,0.0,0.0,0.0,0.0,0.0,0.0,0.0,0.0,0.0,0.0,0.0,0.0,0.0,0.0,0.0,0.0,0.0,0.0,0.0,0.0,0.0,0.0,0.0,0.0,0.0,0.0,0.0,0.0,0.0,1.0,0.04405038342922873,0.0,1.1717704817536754,-0.0018293786004028433,0.0,0.0,0.0,0.0,1.0341854677616569,0.0,1.1198783737836855,0.2139116829544902,0.0,0.0,0.0,0.0,-0.000612072611350518,1.1238893475803213,0.0012711882451267055,1.0656044894605659,0.08463270421284025,0.22692363072109445,-1.8729815730502515,-1.2427712484286058,-8.510424400562556,-1.1643545892921143,19,1,0.5434782608695652,0.5,0.5,0.0,1.0,0.0,0.0,0.0,0.0,0.0,0.0,0.0,0.0,0.0,0.0,,1.0,0.0,0.0,0
VAR_002852,1.5682559303103265,1.2199369657858032e-07,1.4320469156532757e-05,142.6660386291422,-1.0779591409363769e-05,3.1400591340056407,3.221274129760674,1.0947036205543672,-8.443235939090666e-06,0.0,0.017984095188769575,16,0.0,0.0,0.0,0.0,0.0,0.0,0.0,0.0,0.0,0.00015764790917198872,1.0,1.0,0.259142524907603,1.0,0.0,2.108377180380186,0.15192610623417035,3.1533523817786344,1.1437340013608966e-12,7329.401334826019,0.0,0.10308349410530784,1.0132514580063678,0.0,0.0,0.0,0.8160605476386009,0.0,39.664303762651734,0.0,1.0,0.4934525634635524,0.0,0.0,1.0,3,7.137909183448747e-05,1.0,2,2,0.558988438151166,0.6397576812180449,1.456766909097521,1.0,0.0,1.4641241006299033,14.36216957344868,1.0,0.0,2.563906676834825e-05,1.0,1.0231883230540402,0.031246112123502513,1.033131060734029,1.0,1.0,0.0,0.004251973799779157,1.0,0.8865599611934326,0.0954924724945452,0.029470892503693925,0.0,1.3415873261671332,2.9210656740849164,1.0038767648729654,1.3367590874913071,0.03247716733372537,0.0,-1.1505932954583253e-07,0.0,0.0,0.0,0.0,2,-0.03808012171835374,5.595034830509547,0.0,0.0,75.16155609198483,0.0,735.157051089937,0.0,9.922974354942504,0.0,0.3548515474058572,0.0,0.0890517077485848,0.0,1.0,1.0,0.0,0.0012818333781032176,0.0,0.0,0.03424087502851694,1.0,0.0,0.0,0.0,0.0,0.0,0.0,1760.2242100075928,5.095487385217454e-06,0.0,3.2441455086587174,0.0,0.0,13432.750335895566,0.0,0.0,380.8002460053524,0.0,0.1704236578977441,0.0,0.2628276357713245,0.0,0.08041786141034395,0.0,0.9928752240243228,163.3270518166368,2.5950840028744784e-14,120917.71782043693,0.0,0.0,0.0,1.0,5704.254009241971,0.0,0.0,15.018363268946851,0.0,1.123307007419311,1.0,-0.00027905976086281466,-0.0018293998462168039,0.0,0.0,0.0,0.0,0.00013875411454287144,0.0,0.08402069769328015,1.0128547032476993,0.0,1.0,0.0,1.0,-0.0008689806310909148,0.7549847551024639,1.02254164123635,0.984420048659841,-0.11403270153535107,0.11996667266511883,-0.4027945824213755,0.3306147388709686,0.499425929775963,-0.10431363467473645,4,13,0.0,1.0,-0.5,0.0,0.0,0.0,0.0,0.0,0.0,1.0,0.0,0.0,0.0,0.0,0.0,0.0,1.0,1.0,0.0,1
VAR_002705,-0.0783428963784724,-3.8059031320814635e-07,-3.004136269736329e-07,-5.4653554515842356e-05,-1.1041372304889563e-05,-4.831251662299113e-06,-0.017267181209998077,-4.8105745895704074e-06,-8.537446705068216e-06,0.0,-0.10946537831009982,8,0.0,0.0,0.0,0.0,0.0,0.0,0.0,0.0,0.0,0.0,0.0,0.0,0.0,0.0,0.0,0.0,0.0,0.0,0.0,0.0,0.0,0.0,0.0,0.0,0.0,0.0,0.0,0.0,0.0,0.0,0.0,0.0,0.0,0.0,0.0,7,0.0,0.0,4,4,0.37349348324650383,0.3465163530156609,0.0,0.0,0.0,-3.884553607683874e-07,0.0,0.0,0.0,-2.2320821211521196e-07,0.0,-1.4948262435770877e-08,-2.6709219008793652e-05,-1.4124635230450503e-05,0.0,0.0,0.0,-2.5336807690208568e-08,0.0,-1.2312450534260474e-06,-4.3419141492691217e-07,-3.5038624508476836e-08,0.0,0.0,0.0,-3.837678156849658e-07,0.0,-1.2618654649194024e-06,0.0,-1.1505932956688551e-07,0.0,0.0,0.0,0.0,4,-0.169222268148316,0.0,0.0,0.0,0.0,0.0,0.0,0.0,0.0,0.0,0.0,0.0,0.0,0.0,0.0,0.0,0.0,0.0,0.0,0.0,0.0,0.0,0.0,0.0,0.0,0.0,0.0,0.0,0.0,0.0,0.0,0.0,0.0,0.0,0.0,0.0,0.0,0.0,0.0,0.0,0.0,0.0,0.0,0.0,0.0,0.0,0.0,0.0,0.0,0.0,0.0,0.0,0.0,0.0,0.0,0.0,0.0,0.0,-0.11072982886915257,0.0,-0.0006064556200556692,-0.0018293998462169062,0.0,0.0,0.0,0.0,-0.00030853159312632406,0.0,-0.00028032881180293964,-0.0019096288697232238,0.0,0.0,0.0,0.0,-0.000870651106593671,0.0,-0.006857481141634066,-0.0018867740910451342,-0.2648634063457592,0.21751625057429066,0.17327049790207177,0.22499526782287893,-0.3730693957491068,-0.08509832870101726,15,17,-0.21739130434782605,1.0,-0.5,0.0,1.0,0.0,0.0,0.0,0.0,0.0,0.0,0.0,0.0,0.0,0.0,,0.0,0.0,0.0,1
VAR_002747,1.8852554440337737,1.2657955919486439,0.2613964001303085,-5.341280778628222e-05,0.008005217814585656,0.004205272908837852,0.4215416112423922,2.072927054613032,0.0021942015934547023,0.0,1.004966117258599,15,0.0,0.0,0.0,0.0,0.0,0.0,0.0,0.0,0.0,0.0,0.0,0.0,0.0,0.0,0.0,0.0,0.0,0.0,0.0,0.0,0.0,0.0,0.0,3.813771391455777,0.0,0.0,0.5430357445005978,1.0,29.427569576738392,1.0,0.0,1.0,1.0,2.896091433730838,1.0,5,12.357849400493729,0.0,3,3,-0.5826553112943271,-0.48482518551805664,0.0,0.3941764173143195,0.0,1.463989868170268,14.36216957344868,0.0,1.0973820282003526,-2.2209155291352584e-07,0.0,-1.4945916122018375e-08,0.029697444406219003,1.0120689186580119,1.0,1.0,2.934526532233309,1.0230937655512655,1.0,0.7028240647160742,6.71124213163424,12.605964683471376,0.0,0.0,1.9639996002156015,-3.697883703054743e-07,0.0,0.6407657653088169,0.0,1.0286755437035577,0.2687734682329644,0.5370539889853558,0.0,0.0,3,0.7284981574086192,0.0,0.099612670858131,0.0,0.0022754904600021863,0.0,791.6415372395223,0.0,9.932727260329825,0.0,27.144133214117,0.0,0.1784273192679157,0.0,0.0,0.0,0.0,8.877431398763001e-08,0.0,0.0,0.0,0.5586078686307984,0.0,0.0,0.0,0.0,0.0,0.0105011594869644,1777.9366295766574,0.9561982485297819,0.0,0.3676160286562358,0.0,0.0,13432.755757397457,1.0,0.0,220.02231391703373,1.5966885415373189,0.6931566747858936,0.0,0.0,0.0,1.7798426494742154e-07,0.0,0.0,1.7893851253437297e-05,22.544298718863697,59631.61205366086,0.0,3.223671238484157,0.0,0.0,5706.969988670358,0.5678429119857391,0.0,24.45137218305477,0.0,7.780795475029719,0.0,0.3816139153385168,0.20900216734316954,0.0,0.0,0.0,0.0,0.0716326170804757,0.0,0.13920967078967195,1.023874367812147,0.0,0.0,0.0,1.0,-0.0008706503211502758,0.0,0.9983006776050708,0.6287612629631012,-0.33474555167253034,-0.4223281829330581,0.17327049790207177,0.6678346837197794,0.22211893057320528,0.6523818016471891,0,4,-1.152173913043478,-0.5,-0.5,0.0,0.0,0.0,1.0,0.0,0.0,0.0,0.0,0.0,0.0,0.0,0.0,0.0,1.0,0.0,0.0,1
VAR_002860,0.0714639658767358,5.215001692778528e-05,0.0004150954263752468,0.003437296083570598,2.86723877240231,0.00658512767414451,2.782454737687231,-4.810573183041196e-06,0.000300620861009919,0.0,-0.09790295236437897,16,0.0,0.0,0.0,0.0,0.0,0.0,0.0,0.0,0.0,0.0,0.0,0.0,0.0,0.0,0.0,0.0,0.0,0.0,0.0,0.0,0.0,0.0,0.0,3.813771391455777,1.0,0.0,0.0,0.0,2.691226253815134e-07,1.0,0.0,0.0,1.0,2.896091433730838,1.0,0,1.7975949796430321e-09,1.0,1,1,0.5855843840785107,0.3397506516992229,3.8800380494461546,1.0,0.0,1.3308482207522092,0.0,1.0,1.0973820282003526,1.0000392153121653,1.0,0.15512728785507915,1.0000090849268928,1.0332954771231673,1.0,0.0,0.8821442766837236,1.033177572647251,0.8570085035862263,0.17830024595051408,0.02561907682672757,0.0372165889652958,3.073597519366856,0.0,0.0,0.9815497640377081,0.0,1.0134559340666214,2.2685813939245345,1.028179934324422,0.0,1.0,0.0,0.0,1,-0.12068187698982903,0.0,0.0,0.0,0.0,0.0,0.0,0.0,0.0,0.0,0.0,0.0,0.0,0.0,0.0,0.0,0.0,0.0,0.0,0.0,0.0,0.0,0.0,0.0,0.0,0.0,0.0,0.0,0.0,0.0,0.0,0.0,0.0,0.0,0.0,0.0,0.0,0.0,0.0,0.0,0.0,0.0,0.0,0.0,0.0,0.0,0.0,0.0,0.0,0.0,0.0,0.0,0.0,0.0,0.0,0.0,0.0,1.0,0.0010196207303366784,1.0,0.00433552792802273,1.0766146722341545,0.0,0.0,0.0,1.211416641073079,-0.00030852821438898733,1.0,0.16354393251529675,0.4033494225689817,0.0,1.0,0.0,0.0,-0.0008706506884817471,0.2960991019956528,0.0353133089502661,-0.0018841812765950632,0.08463270421284025,0.04469999185598433,0.17327049790207177,-0.3591352886950363,0.9425984466672064,0.641584088153841,11,17,-1.8043478260869565,-0.5,0.5,0.0,0.0,0.0,0.0,0.0,0.0,0.0,0.0,0.0,0.0,0.0,1.0,0.0,1.0,1.0,1.0,0
VAR_002584,-0.0783428963784724,-3.8059031320814635e-07,-3.004136269736329e-07,-5.4653554515842356e-05,-1.1041372304889563e-05,-4.831251662299113e-06,-0.017267181209998077,-4.8105745895704074e-06,-8.537446705068216e-06,0.0,-0.10946537831009982,8,0.0,0.0,0.0,0.0,0.0,0.0,0.0,0.0,0.0,0.0,0.0,0.0,0.0,0.0,0.0,0.0,0.0,0.0,0.0,0.0,0.0,0.0,0.0,0.0,0.0,0.0,0.0,0.0,0.0,0.0,0.0,0.0,0.0,0.0,0.0,7,0.0,0.0,1,1,-0.9023518494962095,0.12136452693049744,0.0,0.0,0.0,-3.884553607683874e-07,0.0,0.0,0.0,-2.2320821211521196e-07,0.0,-1.4948262435770877e-08,-2.6709219008793652e-05,-1.4124635230450503e-05,0.0,0.0,0.0,-2.5336807690208568e-08,0.0,-1.2312450534260474e-06,-4.3419141492691217e-07,-3.5038624508476836e-08,0.0,0.0,0.0,-3.837678156849658e-07,0.0,-1.2618654649194024e-06,0.0,-1.1505932956688551e-07,0.0,0.0,0.0,0.0,1,-0.169222268148316,0.0,0.0,0.0,0.0,0.0,0.0,0.0,0.0,0.0,0.0,0.0,0.0,0.0,0.0,0.0,0.0,0.0,0.0,0.0,0.0,0.0,0.0,0.0,0.0,0.0,0.0,0.0,0.0,0.0,0.0,0.0,0.0,0.0,0.0,0.0,0.0,0.0,0.0,0.0,0.0,0.0,0.0,0.0,0.0,0.0,0.0,0.0,0.0,0.0,0.0,0.0,0.0,0.0,0.0,0.0,0.0,0.0,-0.11072982886915257,0.0,-0.0006064556200556692,-0.0018293998462169062,0.0,0.0,0.0,0.0,-0.00030853159312632406,0.0,-0.00028032881180293964,-0.0019096288697232238,0.0,0.0,0.0,0.0,-0.000870651106593671,0.0,-0.006857481141634066,-0.0018867740910451342,-0.940842626447305,0.22692363072109445,0.17327049790207177,0.5532627444343775,0.48408356452401047,0.6586492452758409,23,4,-0.47826086956521735,-1.0,-0.5,0.0,0.0,0.0,0.0,0.0,0.0,0.0,0.0,0.0,0.0,0.0,1.0,,0.0,0.0,0.0,1
VAR_002627,2.6945974039367635,-3.805903132081423e-07,0.002974137306569815,-5.464135396149254e-05,0.564106914480221,-4.83063607707812e-06,0.09295493466663629,2.724072432969775,123.56166434389594,0.0,-0.003035245369773181,18,0.0,0.0,0.0,0.0,0.0,0.0,0.0,0.0,0.0,0.0,0.0,0.0,0.0,0.0,0.0,0.0,0.0,0.0,0.0,0.0,0.0,0.0,0.0,0.0,0.0,1.0,0.0,1.0,1.4949190627883978e-12,1.0,0.0,0.0,1.0,2.896091433730838,1.0,3,12.586673510873812,1.0,2,2,-0.7609674186238706,-0.02384361546701452,0.0,0.0,0.0,1.4641609199289498,0.0,0.0,0.0,-2.2264183308444116e-07,0.0,0.0002462512990736567,-2.670910400103091e-05,1.034042926318178,1.0,0.0,0.0,3.801986941662794e-05,0.0,0.9996422378112939,7.531795889118924,14.310805394434816,1.9265690332457601,1.3415873261671332,0.0,1.1701163929979868,0.0,8.66284735996381e-05,0.0,0.5348192842544423,1.372499837548093,0.0,0.0,0.0,2,0.41237288320402427,0.0,0.0,0.0,0.0,0.0,0.0,0.0,0.0,0.0,0.0,0.0,0.0,0.0,0.0,0.0,0.0,0.0,0.0,0.0,0.0,0.0,0.0,0.0,0.0,0.0,0.0,0.0,0.0,0.0,0.0,0.0,0.0,0.0,0.0,0.0,0.0,0.0,0.0,0.0,0.0,0.0,0.0,0.0,0.0,0.0,0.0,0.0,0.0,0.0,0.0,0.0,0.0,0.0,0.0,0.0,0.0,1.0,-3.6891032161741555e-05,0.0,1.0604622777584467,-0.0017830344916929801,0.0,0.0,0.0,1.2911247775907504,0.9777885676830165,1.0,-0.0002538380622645258,0.6428913082064619,0.0,1.0,0.0,0.0,0.05497158195578609,0.8296500246849621,0.4616762527508782,0.4757621554226808,-0.6864068627120194,-1.0231616317375432,-0.07197126000304915,-0.41344786429530644,-1.6050935832372686,-0.05915270200939179,4,8,0.06521739130434778,0.0,-0.5,0.0,0.0,0.0,0.0,0.0,0.0,0.0,1.0,0.0,0.0,0.0,0.0,0.0,1.0,0.0,0.0,1
VAR_002608,-0.0783428963784724,-3.8059031320814635e-07,-3.004136269736329e-07,-5.4653554515842356e-05,-1.1041372304889563e-05,-4.831251662299113e-06,-0.017267181209998077,-4.8105745895704074e-06,-8.537446705068216e-06,0.0,-0.10946537831009982,8,0.0,0.0,0.0,0.0,0.0,0.0,0.0,0.0,0.0,0.0,0.0,0.0,0.0,0.0,0.0,0.0,0.0,0.0,0.0,0.0,0.0,0.0,0.0,0.0,0.0,0.0,0.0,0.0,0.0,0.0,0.0,0.0,0.0,0.0,0.0,7,0.0,0.0,1,1,-0.18075828579918682,0.19545734385904462,0.0,0.0,0.0,0.00812289736458556,0.0,0.0,0.0,0.035798366203770374,0.0,0.0003797405695831077,1.0000021996962405,1.033316422211018,0.0,1.0,0.0,0.14907217278352566,1.0,-1.231245053421425e-06,0.4470713517296897,1.4628614359646386,0.0,0.0,0.7563068126570006,1.003876764868983,0.0,0.0025511861423704214,2.992855597739211,0.051252793872448014,0.0,1.0,0.0,0.0,1,6.307819790243905,0.0,0.0,0.0,0.0,0.0,0.0,0.0,0.0,0.0,0.0,0.0,0.0,0.0,0.0,0.0,0.0,0.0,0.0,0.0,0.0,0.0,0.0,0.0,0.0,0.0,0.0,0.0,0.0,0.0,0.0,0.0,0.0,0.0,0.0,0.0,0.0,0.0,0.0,0.0,0.0,0.0,0.0,0.0,0.0,0.0,0.0,0.0,0.0,0.0,0.0,0.0,0.0,0.0,0.0,0.0,0.0,0.0,-0.11072982886915257,0.0,-0.0006064556200556692,-0.0018293998462169062,0.0,0.0,0.0,0.0,-0.00030853159312632406,0.0,-0.00028032881180293964,-0.0019096288697232238,0.0,0.0,0.0,0.0,-0.000870651106593671,0.0,-0.006857481141634066,-0.0018867740910451342,-0.18056202245349656,0.012622268025681817,-0.20593686798363559,0.4957840797315146,0.6144626420575825,0.6305979059376853,9,21,-1.1304347826086956,0.0,0.0,0.0,0.0,0.0,0.0,0.0,0.0,0.0,0.0,0.0,0.0,1.0,0.0,,0.0,0.0,0.0,1
VAR_002609,-0.0783428963784724,-3.8059031320814635e-07,-3.004136269736329e-07,-5.4653554515842356e-05,-1.1041372304889563e-05,-4.831251662299113e-06,-0.017267181209998077,-4.8105745895704074e-06,-8.537446705068216e-06,29958.126683554838,1.192830907962503,25,0.0,0.0,0.0,0.0,0.0,0.0,0.0,1.0,1.0,2.7180158729597155,1.0,1.0,1.0,1.0,0.0,1.687201173798465e-13,4.460225002710794,0.0,81.13863049084387,0.25024296768122556,1.0,0.1281470978706672,0.0,0.0,0.0,0.0,0.0,0.0,0.0,0.0,0.0,0.0,0.0,0.0,0.0,7,0.0,0.0,4,4,-0.20359636086567923,-0.040816588838594355,0.0,0.0,0.0,-3.884553607683874e-07,0.0,0.0,0.0,-2.2320821211521196e-07,0.0,-1.4948262435770877e-08,-2.6709219008793652e-05,-1.4124635230450503e-05,0.0,0.0,0.0,-2.5336807690208568e-08,0.0,-1.2312450534260474e-06,-4.3419141492691217e-07,-3.5038624508476836e-08,0.0,0.0,0.0,-3.837678156849658e-07,0.0,-1.2618654649194024e-06,0.0,-1.1505932956688551e-07,0.0,0.0,1.0,1.501255441041264,4,0.9483443849310247,0.0,0.8388771771937219,0.0,56.45255774714573,0.0,791.6415813923942,0.0,99.32727260341377,0.0,106.18628715712804,0.0,0.0,0.0,1.0,1.0,0.0,0.5057683047956458,0.0,0.0,1.5246036095718187,1.0,0.0,0.0,0.0,0.0,0.0,1.0,1721.2524336899146,253.4700795815962,0.0,0.0,0.0,0.0,0.9755869962271666,1.0,0.0,0.12287789617051562,0.0,0.0,0.0,0.3062130530632698,0.0,1.553252809040017e-07,0.0,0.0,107.66888189677219,22.549377982535457,0.7435618658135529,0.0,0.0,0.0,0.0,0.0,1.0,0.0,1.3113544517993228e-10,1.0,0.0014852448094875726,1.0,0.17626472772659452,-0.0018293976410185618,0.0,2.5347339818306907,0.0,0.9800776340242295,1.0524511971456123,1.0,1.1209393732135629,-0.001909618766923135,0.0,0.0,0.0,0.0,-0.0006389366106153295,0.0,0.22800810848269545,0.10952460165735796,-0.8329208022248462,0.12165327698674776,0.17327049790207177,0.2136367300241735,-0.15880908589195328,0.15212032757126256,9,22,-0.06521739130434778,2.0,0.0,0.0,1.0,0.0,0.0,0.0,0.0,0.0,0.0,0.0,0.0,0.0,0.0,-1.0,0.0,0.0,0.0,1
VAR_002871,-0.0034649970231335364,12.93745857241855,84.89866613323971,0.8685553406477283,29.091537048449357,2.6230492865714634,-0.01726472268416743,0.004275177160113332,-8.464330384977608e-06,0.0,0.03648220772683845,11,0.0,0.0,0.0,0.0,0.0,0.0,0.0,0.0,1.0,0.0001439314135996582,0.9789443568701736,1.0,1.0,1.0,0.0,0.01368857337064407,9.381262537861293,0.0,3.185279026799232,1.4377546192987565e-08,1.0,2.7835885873754256e-12,0.0,0.0,0.0,0.0,0.0,0.0,0.0,0.0,0.0,0.0,0.0,0.0,0.0,7,0.0,0.0,3,3,-0.09346530611801569,0.19789360610321471,2.3680252253709004,0.0,0.0,-3.884553607683874e-07,0.0,0.0,0.0,-2.2320821211521196e-07,0.0,-1.4948262435770877e-08,-2.6709219008793652e-05,-1.4124635230450503e-05,0.0,0.0,0.0,-2.5336807690208568e-08,0.0,-1.2312450534260474e-06,-4.3419141492691217e-07,-3.5038624508476836e-08,0.0,0.0,0.0,-3.837678156849658e-07,0.0,-1.2618654649194024e-06,0.0,-1.1505932956688551e-07,0.0,0.0,0.0,0.0,3,0.12616301105624414,5.179468448612095,0.563093611052846,0.0,746.6429424999809,0.0,201.47582792348322,0.0,7.111724535105106,0.0,7.000916796801077e-06,0.0,0.0,0.0,1.0,1.0,0.0,243.2819709144943,0.0,0.0,1.5246036095718187,0.0,0.0,0.7405422950084928,0.0,0.8852714833667269,0.0,1.0,1542.3182598860662,325.81326673264005,0.0,0.0,0.0,1.0,5137.450359093351,0.0,0.0,381.2444121061062,0.1877511018833969,1.0,0.0,0.9716632194320804,0.0,2.4765056294803397e-08,0.0,0.0,158.88404166116473,22.538128118256395,1.932926886744282e-05,0.0,0.0,0.0,1.0,151.5299216419768,1.0,0.0,381.29990103827924,1.0,-0.05539840244028508,1.0,0.21727819662959064,-0.0018293996837804622,0.0,2.770729017407695,0.0,0.0,1.0521981165966738,0.1956264745389579,1.120939479191595,-0.001368160872411732,0.0,1.0,0.0,0.0,-0.0008706482568714026,1.2101454315057372,0.884487680414323,-0.0018780507795201518,-0.13902024506338015,0.22692363072109445,0.17327049790207177,0.72365313697149,0.4557380611303362,0.7534580570099187,14,11,1.1739130434782608,-1.0,0.5,0.0,0.0,0.0,0.0,0.0,1.0,0.0,0.0,0.0,0.0,0.0,0.0,0.0,0.0,0.0,0.0,1
VAR_003012,-0.0783428963784724,-3.8059031320814635e-07,-3.004136269736329e-07,-5.4653554515842356e-05,-1.1041372304889563e-05,-4.831251662299113e-06,-0.017267181209998077,-4.8105745895704074e-06,-8.537446705068216e-06,0.0,-0.10946537831009982,8,0.0,0.0,0.0,0.0,0.0,0.0,0.0,0.0,0.0,0.0,0.0,0.0,0.0,0.0,0.0,0.0,0.0,0.0,0.0,0.0,0.0,0.0,0.0,0.0,1.0,0.0,1.0,0.0,381.96639312528504,1.0,1.0,0.0,1.0,2.896091433730838,1.0,2,2.2413790395949644,1.0,3,3,0.2773981322938573,-6.518837183010601,-26.639343519005706,0.0,0.0,-3.884553607683874e-07,0.0,0.0,0.0,-2.2320821211521196e-07,0.0,-1.4948262435770877e-08,-2.6709219008793652e-05,-1.4124635230450503e-05,0.0,0.0,0.0,-2.5336807690208568e-08,0.0,-1.2312450534260474e-06,-4.3419141492691217e-07,-3.5038624508476836e-08,0.0,0.0,0.0,-3.837678156849658e-07,0.0,-1.2618654649194024e-06,0.0,-1.1505932956688551e-07,0.0,0.0,0.0,0.0,3,1.523223925655782,0.0,0.0,0.0,0.0,0.0,0.0,0.0,0.0,0.0,0.0,0.0,0.0,0.0,0.0,0.0,0.0,0.0,0.0,0.0,0.0,0.0,0.0,0.0,0.0,0.0,0.0,0.0,0.0,0.0,0.0,0.0,0.0,0.0,0.0,0.0,0.0,0.0,0.0,0.0,0.0,0.0,0.0,0.0,0.0,0.0,0.0,0.0,0.0,0.0,0.0,0.0,0.0,0.0,0.0,0.0,0.0,0.0,-0.11072982886915257,0.0,-0.0006064556200556692,-0.0018293998462169062,0.0,0.0,0.0,0.0,-0.00030853159312632406,0.0,-0.00028032881180293964,-0.0019096288697232238,0.0,0.0,0.0,0.0,-0.000870651106593671,0.0,-0.006857481141634066,-0.0018867740910451342,0.08463270421284025,0.22692363072109445,-1.107596028630952,-1.420182397008566,0.474213323480891,-0.915704914882136,16,19,0.8043478260869564,0.0,1.5,0.0,0.0,0.0,0.0,0.0,0.0,0.0,0.0,0.0,0.0,0.0,0.0,,1.0,0.0,0.0,1
VAR_002995,0.2960475580727574,36.46586882341908,0.0022310065918019458,-5.4586986019344667e-05,0.7540947345219154,412.6893357640277,0.35493106083340603,1.9929740911014802,0.5881310443621238,0.30592687244226835,0.09610732538554335,9,0.0,0.0,0.0,0.0,0.0,0.0,0.0,0.0,0.0,2.7180158652289035,0.8096103786295412,0.0,0.0,1.0,0.0,4.700364739474375e-10,1.018095513562788,11.152484843776586,13.536731131315463,1157.3516047531182,1.0,1.8987055527745738,1.0132514580063678,3.813771391455777,1.0,1.0,0.2457609324436976,1.0,3.522338648706598,1.0,1.0,1.0,0.0,0.0,1.0,3,0.26126002229426437,1.0,4,4,-0.05053216749894843,0.5489844052957348,3.258572704709816,1.0,1.0,0.31168905115858153,14.36216957344868,1.0,1.0973820282003526,0.00016666430073264602,1.0,0.8480382146331047,0.17221419769120122,0.11919380257838262,1.0,0.0,0.0,1.0333431770250014,0.0,1.1061251497674376,1.4816550092434544,1.771633125378504,0.0,0.1494450676389446,0.0,0.22544719886370965,0.0,1.0129969104857808,2.951526654846998,1.0287912088630764,0.0,1.0,0.0,0.0,4,0.009394501817272938,0.0,0.0,0.0,0.0,0.0,0.0,0.0,0.0,0.0,0.0,0.0,0.0,0.0,0.0,0.0,0.0,0.0,0.0,0.0,0.0,0.0,0.0,0.0,0.0,0.0,0.0,0.0,0.0,0.0,0.0,0.0,0.0,0.0,0.0,0.0,0.0,0.0,0.0,0.0,0.0,0.0,0.0,0.0,0.0,0.0,0.0,0.0,0.0,0.0,0.0,0.0,0.0,0.0,0.0,0.0,0.0,1.0,0.22130364842990383,1.0,1.1717701677887897,-0.0018283659810844062,0.0,0.0,0.0,0.0,1.052407129899415,0.0,1.1067687495429668,0.005686825900583729,0.0,1.0,0.0,1.0,1.0063621028626553,1.2101454315057372,0.01883415301709641,1.0656045383969017,0.08463270421284025,0.0008201022478064246,0.17327049790207177,-0.3282286110296334,0.691237309142131,-0.30882820536172567,9,22,-0.06521739130434778,2.0,0.0,0.0,1.0,0.0,0.0,0.0,0.0,0.0,0.0,0.0,0.0,0.0,0.0,0.0,1.0,0.0,1.0,0
VAR_003234,-0.0783428963784724,-3.8059031320814635e-07,-3.004136269736329e-07,-5.4653554515842356e-05,-1.1041372304889563e-05,-4.831251662299113e-06,-0.017267181209998077,-4.8105745895704074e-06,-8.537446705068216e-06,0.0,-0.10946537831009982,8,0.0,0.0,0.0,0.0,0.0,0.0,0.0,0.0,0.0,0.0,0.0,0.0,0.0,0.0,0.0,0.0,0.0,0.0,0.0,0.0,0.0,0.0,0.0,0.0,0.0,0.0,0.0,0.0,0.0,0.0,0.0,0.0,0.0,0.0,0.0,7,0.0,0.0,5,5,0.0,0.0,0.0,0.0,0.0,-3.884553607683874e-07,0.0,0.0,0.0,-2.2320821211521196e-07,0.0,-1.4948262435770877e-08,-2.6709219008793652e-05,-1.4124635230450503e-05,0.0,0.0,0.0,-2.5336807690208568e-08,0.0,-1.2312450534260474e-06,-4.3419141492691217e-07,-3.5038624508476836e-08,0.0,0.0,0.0,-3.837678156849658e-07,0.0,-1.2618654649194024e-06,0.0,-1.1505932956688551e-07,0.0,0.0,0.0,0.0,5,-0.169222268148316,0.0,0.0,0.0,0.0,0.0,0.0,0.0,0.0,0.0,0.0,0.0,0.0,0.0,0.0,0.0,0.0,0.0,0.0,0.0,0.0,0.0,0.0,0.0,0.0,0.0,0.0,0.0,0.0,0.0,0.0,0.0,0.0,0.0,0.0,0.0,0.0,0.0,0.0,0.0,0.0,0.0,0.0,0.0,0.0,0.0,0.0,0.0,0.0,0.0,0.0,0.0,0.0,0.0,0.0,0.0,0.0,0.0,-0.11072982886915257,0.0,-0.0006064556200556692,-0.0018293998462169062,0.0,0.0,0.0,0.0,-0.00030853159312632406,0.0,-0.00028032881180293964,-0.0019096288697232238,0.0,0.0,0.0,0.0,-0.000870651106593671,0.0,-0.006857481141634066,-0.0018867740910451342,0.0,0.0,0.0,0.0,0.0,0.0,24,25,0.0,0.0,0.0,0.0,0.0,0.0,0.0,0.0,0.0,0.0,0.0,0.0,0.0,0.0,0.0,,0.0,0.0,0.0,0
VAR_002715,3.4059614004123206,4.946428658636263e-05,0.4485233342849004,0.010677111735090838,-1.0920081348694694e-05,0.023344489329786094,0.2025030756268964,1.2985937843554192,60.888415835964096,0.0,9.91607847631376,16,0.0,0.0,0.0,0.0,0.0,0.0,0.0,1.0,1.0,2.7179920315178987,0.0,1.0,0.0,1.0,0.0,1.7910404645840408,6.112041499210121e-18,12.247665288946044,81.14158112194595,4.936574354545552,1.0,2.4433801914119186e-07,1.0132514580063678,3.813771391455777,0.0,1.0,1.0,0.0,3.014099673217886e-05,0.0,1.0,1.0,0.0,0.0,1.0,3,9.34813737358478,1.0,4,4,0.20797149368970475,0.8523172782996858,2.253250416943606,0.0,1.0,1.4201589767512297,14.36216957344868,0.2925530135293213,1.0973820282003526,0.27493629962265875,1.0,1.023189179476064,1.0000092738555133,1.041833305151016,1.0,1.0,0.0,0.11815687918287572,1.0,0.012175666330029552,0.0011388101356510935,0.17196046433048606,0.0,1.3415873261671332,2.245915932880432,0.9630509322582128,1.0398584680899268,1.0128357941619475,0.0,0.29750888079132914,0.0,1.0,0.0,0.0,4,0.00032759868293088135,5.595034830509547,0.0447130554125421,0.0,5.2368701665578444e-08,0.0,791.6415810116661,0.0,9.93270796033201,0.0,0.001706374743316444,0.0,1.0,0.0,0.252558540687783,1.0,0.0,250.59470399448392,0.0,0.0,1.5246036095718187,0.0,0.0,0.7392858425091309,0.0,0.8070721711507038,0.0,0.0,3.593548639857884e-12,325.8132668397277,0.0,3.2441455086587174,0.0,0.0,0.0005394066400094577,0.6269806163379166,0.0,372.0309680032239,1.5966885415373189,1.0,0.0,0.0,0.0,90.62633196920675,0.0,0.0,164.41649473800527,22.54871702835003,3.7445372979195e-09,0.0,2.891433232819408,0.0,1.0,5717.594090397144,0.6966842045052696,0.0,274.76322424776225,1.0,0.00010262662061188628,1.0,1.0666366676975774,0.6479992312756662,0.0,0.0,0.0,0.0,-0.0002707485610373083,1.0,1.1209394862474178,0.04098449274182123,0.0,1.0,0.0,0.0,0.9291242844112244,0.0,0.43362653835432863,0.3483735365154282,0.08463270421284025,0.22692363072109445,-0.7582286522548821,0.2386564838460235,0.49813452023500127,0.04983895836827509,19,1,0.5434782608695652,0.5,0.5,0.0,1.0,0.0,0.0,0.0,0.0,0.0,0.0,0.0,0.0,0.0,0.0,0.0,1.0,1.0,0.0,1
VAR_002661,0.969238786745563,0.062236131279312,0.5903775588009833,0.06570589006437541,5.115328478265842,9.88810522643984,2.6008846408558295,0.5590241527338209,-8.537446489018353e-06,0.0,-0.0285502004586848,16,0.0,0.0,0.0,0.0,0.0,0.0,0.0,0.0,0.0,0.0,0.0,0.0,0.0,0.0,0.0,0.0,0.0,0.0,0.0,0.0,0.0,0.0,0.0,0.0,0.0,0.0,0.0,0.0,0.0,0.0,0.0,0.0,0.0,0.0,0.0,7,0.0,0.0,2,2,-1.1078030977833144,0.16705288718154937,0.0,1.0,1.0,0.3513090694045284,11.65927939529937,1.0,0.3602727183408876,0.9973605609011943,1.0,0.7965990626191592,1.0000092875709121,0.006638704893299311,1.0,0.0,0.9318785565322563,0.4323802717622109,1.0,1.0000204124593768,0.5864155205625561,2.133871620053823e-05,1.0731916954663119,0.43135053223188774,0.0,0.00042446568121144696,0.18072179455205134,0.8512936455690465,0.0,0.7287657338771207,0.0,0.0,0.0,0.0,2,-0.10923546431343373,0.0,0.0,0.0,74.9111501712488,0.0,791.6415815925077,0.0,6.379561993011374e-14,0.0,0.07735600182756315,0.0,0.0,0.0,0.0,0.0,0.0,0.49419505615433335,0.0,0.0,0.0,0.0,0.0,0.0,0.0,1.0,0.0,0.0,1720.1450037478703,325.5100210433622,0.0,2.112345035581946,0.0,1.0,11030.375320618188,1.0,0.0,367.0723280249853,1.5966885415373189,0.0,0.0,0.8086672864883097,0.0,90.32441174021747,0.0,0.0,102.67647091374845,22.549288413153928,0.0001223881455180904,0.0,3.223671238484157,0.0,1.0,5718.984048704783,0.0,0.0,212.02394209600692,1.0,0.666468318910887,0.0,1.1717744170157687,0.013502369612314706,0.0,0.5273130283735546,0.0,0.0,1.0455751229642791,1.0,1.7434280770453026e-05,-0.0019096288693018393,0.0,1.0,0.0,1.0,-0.0008692531256848583,0.0,1.0224887826386972,1.0656041866524275,0.08463270421284025,-5.484806398291408,0.17327049790207177,-0.587727989413161,-1.6409218223820368,-0.07659030247817782,5,10,-0.0869565217391304,1.0,-0.5,0.0,0.0,0.0,0.0,0.0,0.0,1.0,0.0,0.0,0.0,0.0,0.0,0.0,0.0,1.0,0.0,1
VAR_003162,-0.0783428963784724,-3.8059031320814635e-07,-3.004136269736329e-07,-5.4653554515842356e-05,-1.1041372304889563e-05,-4.831251662299113e-06,-0.017267181209998077,-4.8105745895704074e-06,-8.537446705068216e-06,0.0,-0.10946537831009982,8,0.0,0.0,0.0,0.0,0.0,0.0,0.0,0.0,0.0,0.0,0.0,0.0,0.0,0.0,0.0,0.0,0.0,0.0,0.0,0.0,0.0,0.0,0.0,3.813771391455777,0.0,1.0,0.4875965443855198,0.0,41.51334816436212,1.0,1.0,0.0,0.0,2.896091433730838,1.0,3,12.589750596631898,1.0,4,4,0.9270577570812578,0.8523172782996858,5.882265180956166,1.0,0.0,1.0383254612871244,9.805273288292033,0.0,0.0,6.693320502066126e-06,1.0,0.9254919355088601,0.6480777033357547,0.02758873383002545,0.0,1.0,0.0,2.0010737402835263e-06,0.0,0.2054927259070938,1.011329635574215,0.4365972643261693,0.6512252963084553,0.0,0.729242310835452,1.0038767627640954,0.5628437950903447,0.002123319621817828,0.0,-1.1434863299819499e-07,0.4218265220403386,1.0,0.0,0.0,4,-0.1491316769253277,0.0,0.0,0.0,0.0,0.0,0.0,0.0,0.0,0.0,0.0,0.0,0.0,0.0,0.0,0.0,0.0,0.0,0.0,0.0,0.0,0.0,0.0,0.0,0.0,0.0,0.0,0.0,0.0,0.0,0.0,0.0,0.0,0.0,0.0,0.0,0.0,0.0,0.0,0.0,0.0,0.0,0.0,0.0,0.0,0.0,0.0,0.0,0.0,0.0,0.0,0.0,0.0,0.0,0.0,0.0,0.0,0.0,-0.11072982886915257,0.0,-0.0006064556200556692,-0.0018293998462169062,0.0,0.0,0.0,0.0,-0.00030853159312632406,0.0,-0.00028032881180293964,-0.0019096288697232238,0.0,0.0,0.0,0.0,-0.000870651106593671,0.0,-0.006857481141634066,-0.0018867740910451342,0.08463270421284025,-0.014468081612518544,0.17327049790207177,0.012614522704015054,-0.1989576254058954,-0.05350989549394486,13,4,0.0,1.0,-0.5,0.0,1.0,0.0,0.0,0.0,0.0,0.0,0.0,0.0,0.0,0.0,0.0,,1.0,0.0,0.0,1
VAR_002647,7.6500931610614895,3.5740830223752074,408.0094991847884,1.470035743260126,12.942462832952778,0.00206797884210225,2.209059546853086,4.3227531622100495,68.15643728337196,0.0,9.684264939643947,13,0.0,0.0,0.0,0.0,0.0,0.0,0.0,0.0,0.02946003960546,0.9504220114901297,0.0,1.0,1.0,1.0,0.0,1.9464290913049933,9.34564706044632,0.38459608590143346,81.1252445080915,630.8193912280649,1.0,3.230501632679773,1.0132514580063678,3.813771391455777,1.0,0.0,1.0,1.0,375.4681234860175,1.0,1.0,0.0,0.0,2.896091433730838,1.0,2,4.156907273421434,1.0,1,1,-0.5923015881796165,-0.04637795794336461,0.0,1.0,1.0,1.464160825263564,3.4612308130223566,0.0,0.0,10.000394169520558,1.0,1.1715420536431613,10.000333261635726,1.0333117902511697,1.0,1.0,2.934526532233309,1.0228240046011674,0.0,1.096521928628548,0.8114125100611946,0.5400006977337352,3.1982118410375797,1.3415873261671332,1.2589701461155625,3.4984734195549336,1.3367590874913071,0.2912093862928301,3.4265635009197988,6.826745999207591e-05,1.372499837548093,0.0,0.0,2.620797578520676,1,1.520239020200901,0.0,0.0,0.0,0.4701221495262544,0.0,95.07508355651696,0.0,9.932727016641945,0.0,34.73931880828442,0.0,0.5266164863367764,0.0,0.0,0.0,0.0,232.72586413660153,0.0,0.0,1.5246036095718187,1.0,0.0,1.0,0.0,0.5505128256441183,0.0,0.0,744.7194816741784,72.19765640641407,0.0,0.0,0.0,1.0,21.90031020016104,0.0,0.0,369.92826110862353,1.5966885415373189,0.0,0.0,1.0,0.0,1.3249223444869937e-07,0.0,0.0,0.8937436932869023,19.027871009395884,45735.551852204306,0.0,0.0,0.0,1.0,5718.350305381878,0.0,0.0,381.0645422808697,1.0,1.0518911745015194,1.0,0.006728079597421011,0.7034222085544276,0.0,2.770729017407695,0.0,0.9677313606435264,1.0143541288584463,1.0,1.120939483794033,1.0238743620276425,0.0,0.0,0.0,1.0,1.0068206196625555,1.2101454315057372,0.863277127925961,1.0655564378309872,0.08463270421284025,-5.0926369705516485,-0.41637058239551133,0.028281812430573837,0.6536933080622006,0.728370945117121,21,1,-0.5217391304347826,0.5,0.5,0.0,0.0,0.0,0.0,0.0,0.0,0.0,0.0,0.0,0.0,1.0,0.0,0.0,1.0,0.0,0.0,0
VAR_002809,-0.0783428963784724,-3.8059031320814635e-07,-3.004136269736329e-07,-5.4653554515842356e-05,-1.1041372304889563e-05,-4.831251662299113e-06,-0.017267181209998077,-4.8105745895704074e-06,-8.537446705068216e-06,0.0,-0.10946537831009982,8,0.0,0.0,0.0,0.0,0.0,0.0,0.0,0.0,0.0,0.0,0.0,0.0,0.0,0.0,0.0,0.0,0.0,0.0,0.0,0.0,0.0,0.0,0.0,0.0,0.0,0.0,0.0,0.0,0.0,0.0,0.0,0.0,0.0,0.0,0.0,7,0.0,0.0,1,1,0.19311004254664932,-0.21898557768106755,0.0,0.0,0.0,-3.884553607683874e-07,0.0,0.0,0.0,-2.2320821211521196e-07,0.0,-1.4948262435770877e-08,-2.6709219008793652e-05,-1.4124635230450503e-05,0.0,0.0,0.0,-2.5336807690208568e-08,0.0,-1.2312450534260474e-06,-4.3419141492691217e-07,-3.5038624508476836e-08,0.0,0.0,0.0,-3.837678156849658e-07,0.0,-1.2618654649194024e-06,0.0,-1.1505932956688551e-07,0.0,0.0,0.0,0.0,1,-0.169222268148316,0.0,0.0,0.0,0.0,0.0,0.0,0.0,0.0,0.0,0.0,0.0,0.0,0.0,0.0,0.0,0.0,0.0,0.0,0.0,0.0,0.0,0.0,0.0,0.0,0.0,0.0,0.0,0.0,0.0,0.0,0.0,0.0,0.0,0.0,0.0,0.0,0.0,0.0,0.0,0.0,0.0,0.0,0.0,0.0,0.0,0.0,0.0,0.0,0.0,0.0,0.0,0.0,0.0,0.0,0.0,0.0,0.0,-0.11072982886915257,0.0,-0.0006064556200556692,-0.0018293998462169062,0.0,0.0,0.0,0.0,-0.00030853159312632406,0.0,-0.00028032881180293964,-0.0019096288697232238,0.0,0.0,0.0,0.0,-0.000870651106593671,0.0,-0.006857481141634066,-0.0018867740910451342,0.011613454744545176,-0.3882739159781073,0.17327049790207177,0.1104175479702671,1.1427267023082022,0.2099968816399199,12,10,-1.2608695652173911,0.0,-1.0,0.0,0.0,0.0,0.0,0.0,0.0,0.0,0.0,0.0,1.0,0.0,0.0,,0.0,0.0,0.0,1
VAR_002826,23.33364541680531,13.119263709291861,543.9115713855003,0.08956473896140567,21.627073787045276,0.20459809031952225,32.33847255470294,17.93199134594406,0.5101026775796458,81403.55325513672,3.869201831516228,16,0.0,0.0,0.0,0.0,0.0,0.0,0.0,0.0,0.0,1.814205614286845,0.0,1.0,1.0,1.0,1.1447171326883876,18.983631571112003,84.43140656918396,9.200691313725399,80.04605400755402,1.1195804340294868e-13,1.0,3.28673503184983,1.0132514580063678,3.813771391455777,1.0,1.0,1.0,1.0,0.0003123873756241514,1.0,1.0,1.0,1.0,2.896091433730838,1.0,3,12.589750596630767,0.0,4,4,0.12181637195289984,0.46012868936237244,3.119875199086429,0.0,1.0,3.1071871168329655e-05,0.0,1.0,1.0973820282003526,9.360368928385917,1.0,3.771942420951276,10.000333261635726,1.871150932917293,1.0,0.0,2.934526532233309,0.0029560518294864026,1.0,9.889016846676471,2.8541631801170753,4.2261077267161475,3.1982118410375797,1.3415873261671332,3.1250628423837563,2.0844501251651364,1.3367590874913071,0.9219118623643974,3.4265635009197988,6.823051533245553,1.372499837548093,1.0,1.0,13.804243712818653,4,2.347856564823202,5.595034830509547,0.7962981028670069,0.0,751.6154375598744,0.0,20.689842388238183,0.0,1.0784201959553804e-05,0.0,83.33144996608607,0.0,1.0,0.0,1.0,1.0,0.0,250.54432955655773,0.0,0.0,1.5246036095718187,0.0,0.0,1.0,0.0,0.7888319862255079,0.0,0.0,109.61576818731179,325.80960848591104,0.0,3.2441455086587174,0.0,1.0,11116.698111547563,0.0,0.0,382.0265732335959,1.5966885415373189,0.0,0.0,1.0,0.0,35.83023362327067,0.0,0.0,33.657421713289374,22.54937759863336,771.0874475891256,0.0,3.223671238484157,0.0,1.0,0.005488141936171772,0.3868503479359885,0.0,381.29990096872444,1.0,17.961454262693874,1.0,1.1717744984178702,1.076627809948138,0.0,2.770729017407695,0.0,0.0,1.052451118514245,1.0,1.1204346031234462,0.8569718207877098,0.0,1.0,0.0,1.0,1.004079814642496,0.0,0.9893030327083842,-0.001844488945552483,0.08463270421284025,0.22692363072109445,0.11895457801664248,-0.2126549200655949,-0.27524682275912593,-0.04399146932585592,9,11,-0.15217391304347827,1.5,0.5,0.0,0.0,0.0,0.0,0.0,0.0,0.0,0.0,0.0,0.0,0.0,0.0,0.0,1.0,1.0,0.0,1
VAR_002975,0.04329608918924273,0.0003382770426301397,68.2288745136555,121.71547296267883,101.42206055844358,90.00357350882356,1.1198296435339168,0.3918272385019702,-8.525533019945102e-06,0.0,0.03450217072080176,11,0.0,0.0,0.0,0.0,0.0,0.0,0.0,0.0,0.0,0.0,0.0,0.0,0.0,0.0,0.0,0.0,0.0,0.0,0.0,0.0,0.0,0.0,0.0,0.0,0.0,0.0,0.0,0.0,0.0,0.0,0.0,0.0,0.0,0.0,0.0,7,0.0,0.0,4,4,0.11969953758518667,-0.03645733936785226,1.3135913788788143,0.0,0.0,-3.884553607683874e-07,0.0,0.0,0.0,-2.2320821211521196e-07,0.0,-1.4948262435770877e-08,-2.6709219008793652e-05,-1.4124635230450503e-05,0.0,0.0,0.0,-2.5336807690208568e-08,0.0,-1.2312450534260474e-06,-4.3419141492691217e-07,-3.5038624508476836e-08,0.0,0.0,0.0,-3.837678156849658e-07,0.0,-1.2618654649194024e-06,0.0,-1.1505932956688551e-07,0.0,0.0,0.0,0.0,4,-0.08497797703540853,0.0,0.0,0.0,0.0,0.0,0.0,0.0,0.0,0.0,0.0,0.0,0.0,0.0,0.0,0.0,0.0,0.0,0.0,0.0,0.0,0.0,0.0,0.0,0.0,0.0,0.0,0.0,0.0,0.0,0.0,0.0,0.0,0.0,0.0,0.0,0.0,0.0,0.0,0.0,0.0,0.0,0.0,0.0,0.0,0.0,0.0,0.0,0.0,0.0,0.0,0.0,0.0,0.0,0.0,0.0,0.0,0.0,-0.05540048527969551,0.0,1.1717744985794478,-0.0017825719286404921,0.0,2.770729017407695,0.0,1.2911247775907504,1.0524469680716748,1.0,1.1209051372537315,1.0238795784925816,0.0,0.0,0.0,1.0,1.0068202140331448,0.0,1.0225416605696886,0.04377119927568888,0.08463270421284025,0.0404109366202112,0.17327049790207177,-0.5156567531180907,0.06397633430551879,-0.08109571933379167,10,16,0.0869565217391304,1.0,-0.5,1.0,0.0,0.0,0.0,0.0,0.0,0.0,0.0,0.0,0.0,0.0,0.0,0.0,0.0,0.0,0.0,0
VAR_002892,0.0313245613263554,1.4715189410976458e-05,6.808770291430668e-05,9.126064003877914,2.0541521119200272,-4.190995608372671e-06,0.40170341818872063,0.008123180884553263,-3.9974692677921095e-06,0.0,0.05242950856168437,13,0.0,0.0,0.0,0.0,0.0,0.0,0.0,0.0,0.0,0.0,0.0,0.0,0.0,0.0,0.0,0.0,0.0,0.0,0.0,0.0,0.0,0.0,0.0,0.0,0.0,0.0,0.0,0.0,0.0,0.0,0.0,0.0,0.0,0.0,0.0,7,0.0,0.0,3,3,-1.2451502503980632,-8.716927043062425,-38.46625756385564,0.0,0.0,-3.884553607683874e-07,0.0,0.0,0.0,-2.2320821211521196e-07,0.0,-1.4948262435770877e-08,-2.6709219008793652e-05,-1.4124635230450503e-05,0.0,0.0,0.0,-2.5336807690208568e-08,0.0,-1.2312450534260474e-06,-4.3419141492691217e-07,-3.5038624508476836e-08,0.0,0.0,0.0,-3.837678156849658e-07,0.0,-1.2618654649194024e-06,0.0,-1.1505932956688551e-07,0.0,0.0,0.0,0.0,3,-0.05661117396001066,0.0,0.0,0.0,0.0,0.0,0.0,0.0,0.0,0.0,0.0,0.0,0.0,0.0,0.0,0.0,0.0,0.0,0.0,0.0,0.0,0.0,0.0,0.0,0.0,0.0,0.0,0.0,0.0,0.0,0.0,0.0,0.0,0.0,0.0,0.0,0.0,0.0,0.0,0.0,0.0,0.0,0.0,0.0,0.0,0.0,0.0,0.0,0.0,0.0,0.0,0.0,0.0,0.0,0.0,0.0,0.0,0.0,0.20293060525089418,1.0,0.004166801010557478,-0.001829399522449393,0.0,0.0,0.0,0.0,0.0067738800627381275,1.0,1.1204970643845904,0.03021321365792465,0.0,1.0,0.0,0.0,-0.0007926037400378125,0.0,-0.006857466930859971,0.14272082179112786,0.08463270421284025,-1.449082001177854,0.17327049790207177,-1.5875531793426922,-7.8320919061794605,-1.3528196658969809,6,11,0.21739130434782605,0.5,1.5,0.0,0.0,0.0,0.0,0.0,0.0,0.0,0.0,0.0,0.0,0.0,0.0,0.0,0.0,0.0,0.0,1
VAR_002891,-0.0783428963784724,-3.8059031320814635e-07,-3.004136269736329e-07,-5.4653554515842356e-05,-1.1041372304889563e-05,-4.831251662299113e-06,-0.017267181209998077,-4.8105745895704074e-06,-8.537446705068216e-06,0.0,-0.10946537831009982,8,0.0,0.0,0.0,0.0,0.0,0.0,0.0,0.0,0.0,0.0,0.0,0.0,0.0,0.0,0.0,0.0,0.0,0.0,0.0,0.0,0.0,0.0,0.0,0.0,0.0,0.0,0.0,0.0,0.0,0.0,0.0,0.0,0.0,0.0,0.0,7,0.0,0.0,4,4,-1.0704192432478195,-0.5473608028479255,-2.1660699840162856,0.0,0.0,-3.884553607683874e-07,0.0,0.0,0.0,-2.2320821211521196e-07,0.0,-1.4948262435770877e-08,-2.6709219008793652e-05,-1.4124635230450503e-05,0.0,0.0,0.0,-2.5336807690208568e-08,0.0,-1.2312450534260474e-06,-4.3419141492691217e-07,-3.5038624508476836e-08,0.0,0.0,0.0,-3.837678156849658e-07,0.0,-1.2618654649194024e-06,0.0,-1.1505932956688551e-07,0.0,0.0,0.0,0.0,4,-0.169222268148316,0.0,0.0,0.0,0.0,0.0,0.0,0.0,0.0,0.0,0.0,0.0,0.0,0.0,0.0,0.0,0.0,0.0,0.0,0.0,0.0,0.0,0.0,0.0,0.0,0.0,0.0,0.0,0.0,0.0,0.0,0.0,0.0,0.0,0.0,0.0,0.0,0.0,0.0,0.0,0.0,0.0,0.0,0.0,0.0,0.0,0.0,0.0,0.0,0.0,0.0,0.0,0.0,0.0,0.0,0.0,0.0,0.0,-0.11072982886915257,0.0,-0.0006064556200556692,-0.0018293998462169062,0.0,0.0,0.0,0.0,-0.00030853159312632406,0.0,-0.00028032881180293964,-0.0019096288697232238,0.0,0.0,0.0,0.0,-0.000870651106593671,0.0,-0.006857481141634066,-0.0018867740910451342,-1.5770776042868209,-1.0666297106737062,0.17327049790207177,-0.30972348456248544,0.02563281905045604,-0.027244768912616322,15,14,0.4130434782608695,0.0,-0.5,1.0,0.0,0.0,0.0,0.0,0.0,0.0,0.0,0.0,0.0,0.0,0.0,,0.0,0.0,0.0,1
VAR_002645,-0.0783428963784724,-3.8059031320814635e-07,-3.004136269736329e-07,-5.4653554515842356e-05,-1.1041372304889563e-05,-4.831251662299113e-06,-0.017267181209998077,-4.8105745895704074e-06,-8.537446705068216e-06,0.0,-0.10946537831009982,8,0.0,0.0,0.0,0.0,0.0,0.0,0.0,0.0,0.0,0.0,0.0,0.0,0.0,0.0,0.0,0.0,0.0,0.0,0.0,0.0,0.0,0.0,0.0,0.0,0.0,0.0,0.0,0.0,0.0,0.0,0.0,0.0,0.0,0.0,0.0,7,0.0,0.0,1,1,-1.0456531786330625,-0.3298458289332826,0.0,0.0,0.0,-3.417593123167145e-07,0.0,1.0,0.0,0.9998743323695943,0.0,1.022017697864294,0.9893735967674373,0.0022978280648064,0.0,1.0,2.389922759876621,0.041235776568345886,0.0,0.017074484951674917,0.0004945166165076704,0.007143043871641721,0.09420308841976407,1.3415873261671332,0.0,1.0038618829119943,0.0,0.035195320059435924,1.4933123728892144,1.0288797496427489,0.0,0.1696600296703309,0.0,0.0,1,-0.14640661760618656,0.0,0.0,0.0,0.0,0.0,0.0,0.0,0.0,0.0,0.0,0.0,0.0,0.0,0.0,0.0,0.0,0.0,0.0,0.0,0.0,0.0,0.0,0.0,0.0,0.0,0.0,0.0,0.0,0.0,0.0,0.0,0.0,0.0,0.0,0.0,0.0,0.0,0.0,0.0,0.0,0.0,0.0,0.0,0.0,0.0,0.0,0.0,0.0,0.0,0.0,0.0,0.0,0.0,0.0,0.0,0.0,0.0,-0.11072982886915257,0.0,-0.0006064556200556692,-0.0018293998462169062,0.0,0.0,0.0,0.0,-0.00030853159312632406,0.0,-0.00028032881180293964,-0.0019096288697232238,0.0,0.0,0.0,0.0,-0.000870651106593671,0.0,-0.006857481141634066,-0.0018867740910451342,-2.133983053994795,-3.5457169596394587,-1.1187665842968901,0.6394005698539956,0.17154127496135696,0.6501380554734857,6,11,0.21739130434782605,0.5,1.5,0.0,0.0,0.0,0.0,0.0,0.0,0.0,0.0,0.0,0.0,0.0,0.0,,0.0,0.0,0.0,1
VAR_002881,1.043633063524066,8.235088264024794,2.0488091495560664e-05,19.695427171795114,0.06684413798760515,3.4444046874473843e-05,1.6279606093235783,0.0008159725353759623,13.040558047644673,0.0,-0.014036616238923516,16,0.0,0.0,0.0,0.0,0.0,0.0,0.0,0.0,0.0,0.0,0.0,0.0,0.0,0.0,0.0,0.0,0.0,0.0,0.0,0.0,0.0,0.0,0.0,3.813771391455777,1.0,0.0,0.0,0.0,0.23173008137348158,0.0,1.0,0.1640747655609404,0.0,0.0,1.0,3,11.349037721280494,1.0,1,1,0.6307508677891948,0.7273729401564941,2.963835764217811,1.0,1.0,1.4639238876077834,0.0,1.0,0.0,2.9854981755404214e-07,1.0,-1.4946727511319823e-08,0.9993158326838848,1.0346091284932244,1.0,0.0,0.0,1.0333432395737767,0.0,0.8216302304055791,-3.47520197941847e-07,0.2220192051589973,3.1982118410375797,1.3415873261671332,0.0,1.00362462439096,0.0,0.5241950971660574,0.0,1.1454759333305466,0.9896531614815722,0.0,0.0,0.0,1,-0.03140912660960726,0.0,0.0,0.0,0.0,0.0,0.0,0.0,0.0,0.0,0.0,0.0,0.0,0.0,0.0,0.0,0.0,0.0,0.0,0.0,0.0,0.0,0.0,0.0,0.0,0.0,0.0,0.0,0.0,0.0,0.0,0.0,0.0,0.0,0.0,0.0,0.0,0.0,0.0,0.0,0.0,0.0,0.0,0.0,0.0,0.0,0.0,0.0,0.0,0.0,0.0,0.0,0.0,0.0,0.0,0.0,0.0,1.0,0.7203211369472255,0.0,0.41504188546822196,1.0999958687268164e-05,0.0,0.0,0.0,1.2911247775907504,-0.0003085313934527073,0.0,1.1208392173116746,-0.00190962843935145,0.0,0.0,0.0,0.0,0.45332259915700607,1.2101454315057372,0.00024239436865690155,1.065595411862456,-0.14904758640773083,0.0708737025911365,-0.31312561760196794,0.5936138938830003,1.0328844772711971,0.4618840356428981,6,22,0.30434782608695654,0.0,-0.5,0.0,0.0,0.0,0.0,0.0,0.0,0.0,0.0,0.0,0.0,0.0,1.0,0.0,1.0,1.0,0.0,1
VAR_003005,0.7079398572846816,-3.783617246096217e-07,0.2549844766472555,0.002510210292008414,67.3558431211268,132.40627017930186,0.09242280114396283,0.13611923158883354,1.0703217147821829,30163.84876109972,1.1862057777538273,13,0.0,0.0,0.0,0.0,0.0,0.0,0.0,1.0,0.0,4.933673723151545e-09,0.4978927151628407,0.0,0.4653982543133758,0.0,0.0,0.6709077970557834,5.650972905024927e-09,0.0,3.138793169007222e-09,1305.5033834016065,1.0,1.223640918810442e-08,1.0132514580063678,0.0,0.0,0.0,0.0,0.0,0.0,0.0,0.0,0.0,0.0,0.0,0.0,7,0.0,0.0,1,1,0.13093996445905454,-1.086531824510394,-24.863952827031863,1.0,0.0,-3.0316262035781195e-08,14.36216957344868,0.0,0.0,10.000394169520558,0.0,1.0129515441730004,10.000333261635726,0.2024094686577884,0.0,1.0,0.0,1.0246841580419446,0.0,0.033338040712500315,0.8906070933202853,0.010479643180823296,0.0,1.3415873261671332,3.1250628423837563,0.35245088170463523,1.0959023050542276,10.134570697455429,0.0,0.00548384425451783,1.372499837548093,1.0,1.0,3.5107936088531697,1,1.0311988666588812,3.5950508310833587,0.0,0.0,75.16155609095429,0.0,1.908614373501897,0.0,9.932727260341368,0.0,21.075913752265272,0.0,0.0,0.0,0.0,0.0,0.0,26.853603093085518,0.0,0.0,1.5246036095718187,0.0,0.0,0.2938395789994811,0.0,0.5738548353298504,0.0,0.0,1162.256917060293,268.6954557087318,0.0,1.2565604867530105,0.0,1.0,2.2449455075897746e-08,0.4580231901012885,0.0,0.0001769071875976202,1.5966885415373189,1.0,0.0,0.0,0.0,31.578478214965628,0.0,0.7299487859828815,6.492513565916442,12.914225636389094,15.59195361774396,0.0,0.0,0.0,0.0,0.0,0.0,0.0,5.241846593123015e-12,0.0,2.247755126043471,1.0,1.171772021170977,0.11410010550182785,0.0,0.0,0.0,0.0,-0.00024347593005871084,1.0,1.1209384454671414,1.0233463411021497,0.0,1.0,0.0,1.0,-0.0008706510904804803,0.0,-0.005779048866928904,1.0655806324990802,-0.8698665221971048,-0.597757502589726,-36.42363883459151,-1.5303329174836555,-7.277049274494925,-1.715198307783018,8,16,-0.06521739130434778,0.5,0.5,0.0,0.0,0.0,0.0,0.0,0.0,0.0,0.0,0.0,0.0,0.0,0.0,0.0,0.0,0.0,0.0,1
VAR_003157,0.13086627953502117,8.401220903292508,-2.995844764921657e-07,0.04492539920035821,52.532790168651914,-4.8312516622987045e-06,0.20229768622822825,0.0008870554362708862,0.08709933627837149,0.0,-0.09790330913193127,16,0.0,0.0,0.0,0.0,0.0,0.0,0.0,0.0,0.0,0.0,0.0,0.0,0.0,0.0,0.0,0.0,0.0,0.0,0.0,0.0,0.0,0.0,0.0,0.0,0.0,0.0,0.0,0.0,0.0,0.0,0.0,0.0,0.0,0.0,0.0,7,0.0,0.0,4,4,1.0933984838301087,0.5005560737535831,2.607086016549453,1.0,0.0,-3.8845536076838205e-07,0.0,0.0,1.0973820282003526,0.9825213985617123,1.0,1.0153857762975147,0.9805289007301264,1.0332763151926538,1.0,0.1731636737053655,0.0,1.0229794486966692,0.5066910408253726,1.0000203819928406,0.024913567889821818,0.0003194751536102651,0.0,0.0,3.1250628423837563,0.9998398737507546,0.24416191228648415,4.3150796024051205e-05,0.0,0.00015687895555745282,0.4661097982765152,0.0,0.0,0.0,4,-0.07135469076603464,0.0,0.0,0.0,0.0,0.0,0.0,0.0,0.0,0.0,0.0,0.0,0.0,0.0,0.0,0.0,0.0,0.0,0.0,0.0,0.0,0.0,0.0,0.0,0.0,0.0,0.0,0.0,0.0,0.0,0.0,0.0,0.0,0.0,0.0,0.0,0.0,0.0,0.0,0.0,0.0,0.0,0.0,0.0,0.0,0.0,0.0,0.0,0.0,0.0,0.0,0.0,0.0,0.0,0.0,0.0,0.0,1.0,-2.7048620386083162e-05,1.0,1.1717744978169229,0.02146758913414751,0.0,0.3840586247819163,0.0,1.2911247775907504,-0.0002527590725396678,0.0,1.1209158215675936,1.0238795748197729,0.0,0.0,0.0,1.0,0.9955093576312277,0.0,1.0194333968771716,1.0655505669126892,-0.4345885413722722,0.22692363072109445,-1.1177065046644528,0.013634621540113846,0.437636170670531,0.08968548011227744,19,14,-0.1956521739130435,0.0,0.5,1.0,0.0,0.0,0.0,0.0,0.0,0.0,0.0,0.0,0.0,0.0,0.0,0.0,0.0,1.0,0.0,1
VAR_002739,-0.0035130899366020026,0.000395081358350062,0.0012446925997232697,0.0010065906851254333,13.108540175329708,0.2022765293106296,-0.017267181207932965,0.1598920685367614,-8.536936300638805e-06,0.0,0.052429986020443714,13,0.0,0.0,0.0,0.0,0.0,0.0,0.0,0.0,0.0,0.0,0.0,0.0,0.0,0.0,0.0,0.0,0.0,0.0,0.0,0.0,0.0,0.0,0.0,3.813771391455777,0.0,1.0,0.0,0.0,7.664704998793015e-05,0.0,1.0,1.0,0.0,2.896091433730838,1.0,3,12.58397922442899,0.0,2,2,-0.871405592247155,-0.2931837807785839,0.0,0.0,0.0,-3.884553607683874e-07,0.0,0.0,0.0,-2.2320821211521196e-07,0.0,-1.4948262435770877e-08,-2.6709219008793652e-05,-1.4124635230450503e-05,0.0,0.0,0.0,-2.5336807690208568e-08,0.0,-1.2312450534260474e-06,-4.3419141492691217e-07,-3.5038624508476836e-08,0.0,0.0,0.0,-3.837678156849658e-07,0.0,-1.2618654649194024e-06,0.0,-1.1505932956688551e-07,0.0,0.0,0.0,0.0,2,4.168854089491751,4.506169655505343,0.9599283210927432,0.0,41.36082650608426,0.0,0.5878791770608612,0.0,99.327271569881,0.0,3.488814879741283e-05,0.0,0.7839682822882241,0.0,0.1713491854196362,1.0,0.0,0.01497851801233471,0.0,0.0,1.5246036095718187,0.0,0.0,0.0,0.0,0.0789031480294358,0.0,0.458073084404178,1260.132783057835,325.8100702736719,0.0,3.2441455086587174,0.0,0.0,0.0003816381970609492,0.1454629188565497,0.0,192.5272349566272,1.5966885415373189,0.9493223690755804,0.0,0.1919382327633518,0.0,86.21268716644119,0.0,1.0,164.23690719651728,22.549377914914544,20459.972934181384,0.0,0.0,0.0,1.0,16.03112657897664,0.0,0.0,380.44681558025604,1.0,5.388708527760933,1.0,0.04097796876038713,-0.001529536905460658,0.0,2.770729017407695,0.0,1.2911247775907504,0.04735125803679935,1.0,-3.607902409756791e-05,0.43509304468075005,0.0,0.0,0.0,1.0,0.999969370565609,0.0,0.049140813526186745,1.0607054833084404,-0.6368120793089548,-1.3152651837690288,0.17327049790207177,-0.6210642851426227,-1.077391137466857,-0.11784187458785193,7,22,1.0,-1.0,0.5,0.0,0.0,0.0,0.0,0.0,0.0,0.0,0.0,1.0,0.0,0.0,0.0,0.0,1.0,0.0,0.0,1
VAR_003217,-0.0783428963784724,-3.8059031320814635e-07,-3.004136269736329e-07,-5.4653554515842356e-05,-1.1041372304889563e-05,-4.831251662299113e-06,-0.017267181209998077,-4.8105745895704074e-06,-8.537446705068216e-06,0.0,-0.10946537831009982,8,0.0,0.0,0.0,0.0,0.0,0.0,0.0,0.0,0.0,0.0,0.0,0.0,0.0,0.0,0.0,0.0,0.0,0.0,0.0,0.0,0.0,0.0,0.0,3.813771391455777,1.0,1.0,1.0,0.0,5.506720697981958e-08,0.0,1.0,1.0,0.0,2.896091433730838,1.0,3,4.2978404260104795e-09,0.0,3,3,-3.932167289392291,-5.415564739177925,-43.76621053191271,0.0,0.0,-3.884553607683874e-07,0.0,0.0,0.0,-2.2320821211521196e-07,0.0,-1.4948262435770877e-08,-2.6709219008793652e-05,-1.4124635230450503e-05,0.0,0.0,0.0,-2.5336807690208568e-08,0.0,-1.2312450534260474e-06,-4.3419141492691217e-07,-3.5038624508476836e-08,0.0,0.0,0.0,-3.837678156849658e-07,0.0,-1.2618654649194024e-06,0.0,-1.1505932956688551e-07,0.0,0.0,0.0,0.0,3,0.04618649969199627,0.0,0.0,0.0,0.0,0.0,0.0,0.0,0.0,0.0,0.0,0.0,0.0,0.0,0.0,0.0,0.0,0.0,0.0,0.0,0.0,0.0,0.0,0.0,0.0,0.0,0.0,0.0,0.0,0.0,0.0,0.0,0.0,0.0,0.0,0.0,0.0,0.0,0.0,0.0,0.0,0.0,0.0,0.0,0.0,0.0,0.0,0.0,0.0,0.0,0.0,0.0,0.0,0.0,0.0,0.0,0.0,1.0,0.5275596538042584,1.0,-0.0006064301191521953,0.11497554084683728,0.0,0.0,0.0,1.2911247775907504,1.052419034717247,0.0,0.004937864682700757,1.0083556650320444,0.0,1.0,0.0,1.0,1.0068206202045824,1.2101454315057372,-0.006857481141230633,1.0656045383910797,-57.320581736889636,-5.832731176588824,-36.42363883459151,-1.790353177135177,-22.579338985363748,-1.389587793947903,14,16,-0.4130434782608695,0.0,-0.5,0.0,0.0,0.0,1.0,0.0,0.0,0.0,0.0,0.0,0.0,0.0,0.0,,1.0,0.0,0.0,0
VAR_002754,-0.0783428963784724,-3.8059031320814635e-07,-3.004136269736329e-07,-5.4653554515842356e-05,-1.1041372304889563e-05,-4.831251662299113e-06,-0.017267181209998077,-4.8105745895704074e-06,-8.537446705068216e-06,0.0,-0.10946537831009982,8,0.0,0.0,0.0,0.0,0.0,0.0,0.0,0.0,0.0,0.0,0.0,0.0,0.0,0.0,0.0,0.0,0.0,0.0,0.0,0.0,0.0,0.0,0.0,0.0,0.0,0.0,0.0,0.0,0.0,0.0,0.0,0.0,0.0,0.0,0.0,7,0.0,0.0,2,2,-0.7950713986316061,0.15080793477926704,-1.7280775790940561,1.0,1.0,0.07662925767320104,0.0,1.0,0.0,0.9665286893201195,0.0,0.029216357295290346,0.00014343016126333518,-1.3010177168383528e-05,0.0,0.0,2.934526532233309,1.0289579528874382,0.0,0.00037367136495472427,0.0001412834569077262,1.4747239106110281,0.0,1.3415873261671332,0.0,0.0001722339388844839,1.3367590874913071,1.0134559340607,1.7559999805503934,0.9472526515047618,0.0383139685976494,1.0,0.0,0.0,2,-0.15839470172958794,0.0,0.0,0.0,0.0,0.0,0.0,0.0,0.0,0.0,0.0,0.0,0.0,0.0,0.0,0.0,0.0,0.0,0.0,0.0,0.0,0.0,0.0,0.0,0.0,0.0,0.0,0.0,0.0,0.0,0.0,0.0,0.0,0.0,0.0,0.0,0.0,0.0,0.0,0.0,0.0,0.0,0.0,0.0,0.0,0.0,0.0,0.0,0.0,0.0,0.0,0.0,0.0,0.0,0.0,0.0,0.0,1.0,-6.507254338336228e-06,1.0,1.1488488858559376,0.5604268535770844,0.0,1.0727506301620118,0.0,0.7597672474180804,1.0494493296596556,0.2452186643662975,1.1208101942119915,1.0238370560212642,0.0,0.0,0.0,1.0,0.8477604317732914,1.2101454315057372,1.0225416605798643,-0.0018867740904822353,-0.13000144704167216,-1.2604101373958998,0.17327049790207177,-0.3457438534004706,-0.5751497683653383,-0.10805920492661175,5,10,-0.0869565217391304,1.0,-0.5,0.0,0.0,0.0,0.0,0.0,0.0,1.0,0.0,0.0,0.0,0.0,0.0,,0.0,0.0,0.0,0
VAR_003106,0.9689090555233221,13.161909905004434,1.1580170912175882,0.0013210967066135456,0.09625870586905312,4.358512955372775e-05,-0.010312178870127543,0.010337662776997254,72.53944499996922,4.696469674277285e-07,1.2236845057775436,30,0.0,0.0,0.0,0.0,0.0,0.0,0.0,0.0,1.0,0.00016795351283361247,1.0,1.0,0.4486196503538145,1.0,1.1447171326883876,2.107879264904551,1.0282669172748274e-08,16.06170218657277,71.12509567990949,1082.748947372627,1.0,1.8709331532992144,0.588021404536095,0.0,1.0,1.0,0.0,0.0,2.5419132325415563,0.0,1.0,1.0,0.0,2.896091433730838,1.0,6,113.3333345249601,1.0,1,1,1.1063279289429062,0.7095519611759362,3.9988245621504177,0.0,1.0,0.502454690838008,0.0,1.0,1.0797086088965104,0.15228584920989938,1.0,0.0004669891999825486,1.0000089724888104,1.0333163773989305,0.0,1.0,2.934526532233309,10.333432623769118,0.5536833466859068,0.17722263485941708,6.83793469214851,11.201669570544192,0.0,0.0,0.0,10.038771102665875,1.3367590874913071,-1.261865462288133e-06,0.0,1.0289147567762262,1.0656238455116236,0.0,0.0,0.0,1,0.917815239022896,5.595034830509547,0.0,0.0,2.159222092694884,0.0,54.732630109745145,0.0,1.0936477795872427e-09,0.0,103.64328035960028,0.0,0.0,0.0,1.0,1.0,0.0,2505.947073566713,0.0,0.0,1.5246036095718187,0.6668175543789931,0.0,0.7269767653908458,0.0,0.0,0.0,0.0,0.04956843381447623,5.183433117621716e-11,0.0,3.2441455086587174,0.0,1.0,0.001925679739936007,1.0,0.0,7.192118915415285e-16,1.5966885415373189,1.0,0.0,0.1798560934637579,0.0,1.2397018377784008e-18,0.0,0.0,0.5475690623214192,9.615007738216458e-05,126.23989898262147,0.0,0.0,0.0,1.0,5719.008510048498,1.0,0.0,381.2998333424302,1.0,0.7330262065996568,1.0,-0.0006064546927761542,-0.001829396887694733,0.0,0.0,0.0,1.2911247775907504,1.0460323386405708,1.0,-0.0002803068541308383,0.9325904279258448,0.0,0.0,0.0,1.0,1.00680584351568,1.2101454315057372,0.7640131275276184,0.041196760225906404,0.08463270421284025,-1.239082712995143,-0.03814251222834733,0.13958205379907884,1.1427267023082022,0.601900879988067,11,19,-0.9999999999999998,-0.5,-0.5,0.0,0.0,0.0,0.0,0.0,0.0,0.0,0.0,0.0,0.0,1.0,0.0,-1.0,1.0,0.0,0.0,1
VAR_003237,-0.0783428963784724,-3.8059031320814635e-07,-3.004136269736329e-07,-5.4653554515842356e-05,-1.1041372304889563e-05,-4.831251662299113e-06,-0.017267181209998077,-4.8105745895704074e-06,-8.537446705068216e-06,0.0,-0.10946537831009982,8,0.0,0.0,0.0,0.0,0.0,0.0,0.0,0.0,0.0,0.0,0.0,0.0,0.0,0.0,0.0,0.0,0.0,0.0,0.0,0.0,0.0,0.0,0.0,0.0,0.0,0.0,0.0,0.0,0.0,0.0,0.0,0.0,0.0,0.0,0.0,7,0.0,0.0,5,5,0.0,0.0,0.0,0.0,0.0,-3.884553607683874e-07,0.0,0.0,0.0,-2.2320821211521196e-07,0.0,-1.4948262435770877e-08,-2.6709219008793652e-05,-1.4124635230450503e-05,0.0,0.0,0.0,-2.5336807690208568e-08,0.0,-1.2312450534260474e-06,-4.3419141492691217e-07,-3.5038624508476836e-08,0.0,0.0,0.0,-3.837678156849658e-07,0.0,-1.2618654649194024e-06,0.0,-1.1505932956688551e-07,0.0,0.0,0.0,0.0,5,-0.169222268148316,0.0,0.0,0.0,0.0,0.0,0.0,0.0,0.0,0.0,0.0,0.0,0.0,0.0,0.0,0.0,0.0,0.0,0.0,0.0,0.0,0.0,0.0,0.0,0.0,0.0,0.0,0.0,0.0,0.0,0.0,0.0,0.0,0.0,0.0,0.0,0.0,0.0,0.0,0.0,0.0,0.0,0.0,0.0,0.0,0.0,0.0,0.0,0.0,0.0,0.0,0.0,0.0,0.0,0.0,0.0,0.0,0.0,-0.11072982886915257,0.0,-0.0006064556200556692,-0.0018293998462169062,0.0,0.0,0.0,0.0,-0.00030853159312632406,0.0,-0.00028032881180293964,-0.0019096288697232238,0.0,0.0,0.0,0.0,-0.000870651106593671,0.0,-0.006857481141634066,-0.0018867740910451342,0.0,0.0,0.0,0.0,0.0,0.0,24,25,0.0,0.0,0.0,0.0,0.0,0.0,0.0,0.0,0.0,0.0,0.0,0.0,0.0,0.0,0.0,,0.0,0.0,0.0,1
VAR_002886,-0.0035360715212949465,210.04830853874665,-3.0041362505144984e-07,3.5413932473164413,0.7848027627188585,0.0885034640252285,-0.017267170485135316,2.630999037630849,0.00044334998127847634,0.0,0.0007541152002941884,18,0.0,0.0,0.0,0.0,0.0,0.0,0.0,0.0,0.0,0.0,0.0,0.0,0.0,0.0,0.0,0.0,0.0,0.0,0.0,0.0,0.0,0.0,0.0,0.0,0.0,0.0,0.0,0.0,0.0,0.0,0.0,0.0,0.0,0.0,0.0,7,0.0,0.0,2,2,0.7161804281687604,0.5311905325381043,2.56002597382466,1.0,0.0,1.4399390154313585,12.56917284304868,1.0,1.0973820282003526,0.9998872836603867,1.0,1.0231894693233863,0.8850755466862313,3.802843478892207e-05,0.0,1.0,0.0,1.0333430891201567,1.0,2.2027745923708393,6.072780364532864,11.954309338821004,0.0,0.0,0.4605415887959036,0.9743029960391753,1.3367590874913071,1.0133823700073903,1.9261889632163702,1.028915437317923,0.0,1.0,0.0,0.0,2,0.26751343805049466,0.0,0.0,0.0,0.0,0.0,0.0,0.0,0.0,0.0,0.0,0.0,0.0,0.0,0.0,0.0,0.0,0.0,0.0,0.0,0.0,0.0,0.0,0.0,0.0,0.0,0.0,0.0,0.0,0.0,0.0,0.0,0.0,0.0,0.0,0.0,0.0,0.0,0.0,0.0,0.0,0.0,0.0,0.0,0.0,0.0,0.0,0.0,0.0,0.0,0.0,0.0,0.0,0.0,0.0,0.0,0.0,0.0,0.7972021613139646,1.0,1.082041167335981,1.0767606144677475,0.0,0.0,0.0,1.2911247775907504,-0.0003008308120151186,1.0,1.1155096507062672,0.9598668971869265,0.0,1.0,0.0,0.0,1.0066961304710558,0.03792917533297968,1.0152629231906622,1.04276676592275,-0.44669802769157235,-0.03717727828951248,0.17327049790207177,0.20078502215883617,0.1894368478892784,-0.05958711344373197,7,17,-0.8913043478260868,-0.5,1.5,0.0,0.0,0.0,0.0,0.0,0.0,0.0,0.0,0.0,0.0,0.0,0.0,0.0,0.0,0.0,0.0,0
VAR_002605,-0.0783428963784724,-3.8059031320814635e-07,-3.004136269736329e-07,-5.4653554515842356e-05,-1.1041372304889563e-05,-4.831251662299113e-06,-0.017267181209998077,-4.8105745895704074e-06,-8.537446705068216e-06,0.0,-0.10946537831009982,8,0.0,0.0,0.0,0.0,0.0,0.0,0.0,1.0,1.0,0.28790062746399103,0.0,1.0,0.6426929612727997,0.0,1.1447171326883876,2.1092657783877415,4.611515056978743e-13,0.0,0.7043132846915243,32.78542946565227,0.0,1.2364731007728098,1.0132514580063678,3.813771391455777,0.0,0.0,0.0,1.0,0.9781373701018016,1.0,1.0,0.0,0.0,2.896091433730838,1.0,3,0.00026989941731982506,1.0,3,3,-0.017984629486116486,0.11838129118189153,0.0,0.0,0.0,-3.884553607683874e-07,0.0,0.0,0.0,-2.2320821211521196e-07,0.0,-1.4948262435770877e-08,-2.6709219008793652e-05,-1.4124635230450503e-05,0.0,0.0,0.0,-2.5336807690208568e-08,0.0,-1.2312450534260474e-06,-4.3419141492691217e-07,-3.5038624508476836e-08,0.0,0.0,0.0,-3.837678156849658e-07,0.0,-1.2618654649194024e-06,0.0,-1.1505932956688551e-07,0.0,0.0,0.0,0.0,3,-0.14954340400934188,0.0,0.0,0.0,0.0,0.0,0.0,0.0,0.0,0.0,0.0,0.0,0.0,0.0,0.0,0.0,0.0,0.0,0.0,0.0,0.0,0.0,0.0,0.0,0.0,0.0,0.0,0.0,0.0,0.0,0.0,0.0,0.0,0.0,0.0,0.0,0.0,0.0,0.0,0.0,0.0,0.0,0.0,0.0,0.0,0.0,0.0,0.0,0.0,0.0,0.0,0.0,0.0,0.0,0.0,0.0,0.0,0.0,-0.11072982886915257,0.0,-0.0006064556200556692,-0.0018293998462169062,0.0,0.0,0.0,0.0,-0.00030853159312632406,0.0,-0.00028032881180293964,-0.0019096288697232238,0.0,0.0,0.0,0.0,-0.000870651106593671,0.0,-0.006857481141634066,-0.0018867740910451342,0.08463270421284025,-0.03449578764370818,0.17327049790207177,0.6141741407703547,-0.1603147811003586,0.3971954202496581,14,11,1.1739130434782608,-1.0,0.5,0.0,0.0,0.0,0.0,0.0,1.0,0.0,0.0,0.0,0.0,0.0,0.0,,1.0,0.0,0.0,1
VAR_003061,0.4556709884402757,10.116706198351418,21.46289627468427,15.453396113357174,0.11526885588969439,10.145507152992739,2.5997545662717174,-4.810041963256846e-06,-8.536156654228119e-06,0.33969087874723736,0.4045221925990042,28,0.0,0.0,0.0,0.0,0.0,0.0,0.0,0.0,0.0,2.3355346681346547,1.0,1.0,0.0,1.0,1.1447171326883876,2.1092772059719973,5.301687640439033,0.9378083484117297,81.14158092837768,1996.7189765460744,1.0,1.751071893207269e-05,1.0132514580063678,0.0,0.0,0.0,0.0,0.0,0.0,0.0,0.0,0.0,0.0,0.0,0.0,7,0.0,0.0,2,2,0.4312555328780044,-0.5564334043159359,-6.543015347868306,0.0,0.0,1.4641609189509004,13.681119146244368,1.0,1.0973820282003526,0.04232865597276936,1.0,0.9900068245272929,-2.6709218835164868e-05,1.033316422491868,0.0,0.0,0.28581661245431483,1.014318846669921,1.0,0.0014062963333799827,0.993970398642127,1.129790788210038,0.0,1.1199707206196006,3.1250628423837563,0.1336440097295827,0.0,-6.613546469545809e-07,0.69719248489318,1.0279084504645848,0.0,0.0,0.5614315401849559,18.59081368211506,2,-0.0973090075685557,0.0,0.0,0.0,0.0,0.0,0.0,0.0,0.0,0.0,0.0,0.0,0.0,0.0,0.0,0.0,0.0,0.0,0.0,0.0,0.0,0.0,0.0,0.0,0.0,0.0,0.0,0.0,0.0,0.0,0.0,0.0,0.0,0.0,0.0,0.0,0.0,0.0,0.0,0.0,0.0,0.0,0.0,0.0,0.0,0.0,0.0,0.0,0.0,0.0,0.0,0.0,0.0,0.0,0.0,0.0,0.0,1.0,0.39459203568189705,0.0,1.1717742953984085,1.0766795341279485,0.0,1.3931429144185785,0.0,0.0,1.0524511216123307,0.0,0.24427237872685326,-0.0019068484664202558,0.0,1.0,0.0,0.0,-0.0007831117167562154,0.0,-0.006857481141633963,-0.001538847564076609,0.08463270421284025,-3.279204395687491,0.14669166390405614,-0.9703796717692428,-8.687289439546266,-0.6266906144376864,0,21,-0.5434782608695652,0.5,0.5,0.0,0.0,0.0,0.0,0.0,0.0,1.0,0.0,0.0,0.0,0.0,0.0,-1.0,0.0,1.0,0.0,0
VAR_002797,0.005995669101139693,-3.778084690923889e-07,0.0023288024414833365,156.11636911218196,-1.059882505479297e-05,-4.895550057773435e-07,1.6122771640252225,-4.801381799596665e-06,3.931446702903644,0.0,5.85716234546513,16,0.0,0.0,0.0,0.0,0.0,0.0,0.0,0.0,0.0,0.0,0.0,0.0,0.0,0.0,0.0,0.0,0.0,0.0,0.0,0.0,0.0,0.0,0.0,0.0,0.0,0.0,0.0,0.0,0.0,0.0,0.0,0.0,0.0,0.0,0.0,7,0.0,0.0,3,3,-0.0003735025028237981,0.8523172782996858,0.0,0.0,0.0,-3.884553607683874e-07,0.0,0.0,0.0,-2.2320821211521196e-07,0.0,-1.4948262435770877e-08,-2.6709219008793652e-05,-1.4124635230450503e-05,0.0,0.0,0.0,-2.5336807690208568e-08,0.0,-1.2312450534260474e-06,-4.3419141492691217e-07,-3.5038624508476836e-08,0.0,0.0,0.0,-3.837678156849658e-07,0.0,-1.2618654649194024e-06,0.0,-1.1505932956688551e-07,0.0,0.0,0.0,0.0,3,-0.1647815236186667,0.0,0.0,0.0,0.0,0.0,0.0,0.0,0.0,0.0,0.0,0.0,0.0,0.0,0.0,0.0,0.0,0.0,0.0,0.0,0.0,0.0,0.0,0.0,0.0,0.0,0.0,0.0,0.0,0.0,0.0,0.0,0.0,0.0,0.0,0.0,0.0,0.0,0.0,0.0,0.0,0.0,0.0,0.0,0.0,0.0,0.0,0.0,0.0,0.0,0.0,0.0,0.0,0.0,0.0,0.0,0.0,0.0,-0.05533136687617195,0.0,0.02544347509126698,0.1803862493193191,0.0,1.844184901976403,0.0,0.8090374974910254,1.0517958607105953,1.0,1.1171411477069555,-2.349622560979045e-05,0.0,0.0,0.0,1.0,0.9980035434359122,1.2101454315057372,1.0225416606099569,0.43289924529832724,-2.122022207845454,-3.478098733788671,0.17327049790207177,0.7363263135454579,-0.12976847947400968,0.5878387281294915,14,11,1.1739130434782608,-1.0,0.5,0.0,0.0,0.0,0.0,0.0,1.0,0.0,0.0,0.0,0.0,0.0,0.0,0.0,0.0,1.0,0.0,1
VAR_002728,0.011192990565821176,12.367014243625162,0.7702100305990109,1.2207158044858621,65.07321132558926,0.0016980250172836115,0.007441631813695172,0.37544652442475146,0.010268182934353921,6248.568896932166,21.762091090733687,27,0.0,0.0,0.0,0.0,0.0,0.0,0.0,0.0,0.0,0.0,0.0,0.0,0.0,0.0,0.0,0.0,0.0,0.0,0.0,0.0,0.0,0.0,0.0,0.0,0.0,0.0,0.0,0.0,0.0,0.0,0.0,0.0,0.0,0.0,0.0,7,0.0,0.0,1,1,-0.7153330107534352,-0.4503872206054168,-39.11870422853521,0.0,0.4942362568173304,4.572892692145315e-05,0.0,1.0,1.0973820282003526,1.000035182233088,1.0,1.3172430064619052,0.5135752413061192,2.647795475303015e-07,0.9748195251749592,0.0,0.0,0.9451301837197517,0.0,0.1494658697650135,6.792777791072321,11.006765067006981,0.9013950543496944,0.0,3.1250628423837563,-2.4594198704135824e-07,1.3367590874913071,0.35707492997608475,3.4265635009197988,3.690225464615033e-07,1.372499837548093,0.0,0.0,0.0,1,1.498490943072699,0.0,0.0,0.0,0.0,0.0,0.0,0.0,0.0,0.0,0.0,0.0,0.0,0.0,0.0,0.0,0.0,0.0,0.0,0.0,0.0,0.0,0.0,0.0,0.0,0.0,0.0,0.0,0.0,0.0,0.0,0.0,0.0,0.0,0.0,0.0,0.0,0.0,0.0,0.0,0.0,0.0,0.0,0.0,0.0,0.0,0.0,0.0,0.0,0.0,0.0,0.0,0.0,0.0,0.0,0.0,0.0,0.0,-3.6825126589877904e-05,1.0,1.021759340612693,1.076760612342158,0.0,0.0,0.0,0.48452405072219157,-0.00030079508530402504,1.0,1.1209394691147105,-0.001909580866016373,0.0,0.0,0.0,0.0,0.004864802779442715,0.0,-0.0068565701741726505,1.0656026883998995,-0.28103982562655194,-1.8607201152379726,-0.45201560382945066,-0.43267738415736534,1.1427267023082022,0.24532145773452962,23,8,-0.4130434782608695,1.5,-0.5,0.0,0.0,0.0,0.0,0.0,0.0,0.0,0.0,0.0,0.0,1.0,0.0,-1.0,0.0,0.0,0.0,0
VAR_002560,4.48098734240943,0.00981785667484542,1.372971683025761e-05,0.0005916273243742114,-1.0044582909767075e-05,32.736707711869244,-0.017134791749740946,0.2802301172356068,0.5798014879537409,0.0,-0.08157856426237682,10,0.0,0.0,0.0,0.0,0.0,0.0,0.0,1.0,0.0,2.1006254412968977,0.0,0.0,1.0,1.0,1.1344470467354275,2.0974103505443216,9.381266808387924,0.0,0.0032660941197040333,1731.9462053375294,0.0,2.8386348668110055,0.0,0.0,0.0,0.0,0.0,0.0,0.0,0.0,0.0,0.0,0.0,0.0,0.0,7,0.0,0.0,3,3,-0.6917692060673711,-0.031887665726980416,0.0,0.0,0.0,-3.884553607683874e-07,0.0,0.0,0.0,-2.2320821211521196e-07,0.0,-1.4948262435770877e-08,-2.6709219008793652e-05,-1.4124635230450503e-05,0.0,0.0,0.0,-2.5336807690208568e-08,0.0,-1.2312450534260474e-06,-4.3419141492691217e-07,-3.5038624508476836e-08,0.0,0.0,0.0,-3.837678156849658e-07,0.0,-1.2618654649194024e-06,0.0,-1.1505932956688551e-07,0.0,0.0,0.0,12.776744097094534,3,4.792159640929879,0.0,0.0,0.0,0.0,0.0,0.0,0.0,0.0,0.0,0.0,0.0,0.0,0.0,0.0,0.0,0.0,0.0,0.0,0.0,0.0,0.0,0.0,0.0,0.0,0.0,0.0,0.0,0.0,0.0,0.0,0.0,0.0,0.0,0.0,0.0,0.0,0.0,0.0,0.0,0.0,0.0,0.0,0.0,0.0,0.0,0.0,0.0,0.0,0.0,0.0,0.0,0.0,0.0,0.0,0.0,0.0,0.0,-0.11072982886915257,0.0,-0.0006064556200556692,-0.0018293998462169062,0.0,0.0,0.0,0.0,-0.00030853159312632406,0.0,-0.00028032881180293964,-0.0019096288697232238,0.0,0.0,0.0,0.0,-0.000870651106593671,0.0,-0.006857481141634066,-0.0018867740910451342,0.08463270421284025,0.17442761661198364,-0.46842143488771715,0.671624584304107,-0.01381976447999095,0.7534580570099187,0,4,-1.152173913043478,-0.5,-0.5,0.0,0.0,0.0,1.0,0.0,0.0,0.0,0.0,0.0,0.0,0.0,0.0,0.0,0.0,1.0,1.0,1
VAR_002618,2.677056774847209,0.7313323337546973,0.15521308588719962,-5.465344153073029e-05,-7.690885046753276e-06,-4.831251662299112e-06,-0.017267181209998074,-4.4820249609246495e-06,23.207492386607832,1.1020241556171122e-05,-0.014616874530613359,28,0.0,0.0,0.0,0.0,0.0,0.0,0.0,0.0,0.0,0.0,0.0,0.0,0.0,0.0,0.0,0.0,0.0,0.0,0.0,0.0,0.0,0.0,0.0,0.0,0.0,0.0,0.0,0.0,0.0,0.0,0.0,0.0,0.0,0.0,0.0,7,0.0,0.0,2,2,-0.015112123322775999,-1.8923256651577567,0.0,0.0,0.0,-3.884553607683874e-07,0.0,0.0,0.0,-2.2320821211521196e-07,0.0,-1.4948262435770877e-08,-2.6709219008793652e-05,-1.4124635230450503e-05,0.0,0.0,0.0,-2.5336807690208568e-08,0.0,-1.2312450534260474e-06,-4.3419141492691217e-07,-3.5038624508476836e-08,0.0,0.0,0.0,-3.837678156849658e-07,0.0,-1.2618654649194024e-06,0.0,-1.1505932956688551e-07,0.0,0.0,0.0,0.0,2,-0.169222268148316,0.0,0.0,0.0,0.0,0.0,0.0,0.0,0.0,0.0,0.0,0.0,0.0,0.0,0.0,0.0,0.0,0.0,0.0,0.0,0.0,0.0,0.0,0.0,0.0,0.0,0.0,0.0,0.0,0.0,0.0,0.0,0.0,0.0,0.0,0.0,0.0,0.0,0.0,0.0,0.0,0.0,0.0,0.0,0.0,0.0,0.0,0.0,0.0,0.0,0.0,0.0,0.0,0.0,0.0,0.0,0.0,0.0,-0.11072982886915257,0.0,-0.0006064556200556692,-0.0018293998462169062,0.0,0.0,0.0,0.0,-0.00030853159312632406,0.0,-0.00028032881180293964,-0.0019096288697232238,0.0,0.0,0.0,0.0,-0.000870651106593671,0.0,-0.006857481141634066,-0.0018867740910451342,0.08463270421284025,0.21428896572962974,-1.8495269616064813,-1.3383301351571781,-0.5577866684596743,-1.370454877006952,16,19,0.8043478260869564,0.0,1.5,0.0,0.0,0.0,0.0,0.0,0.0,0.0,0.0,0.0,0.0,0.0,0.0,-1.0,0.0,1.0,0.0,1
VAR_002761,-0.0783428963784724,-3.8059031320814635e-07,-3.004136269736329e-07,-5.4653554515842356e-05,-1.1041372304889563e-05,-4.831251662299113e-06,-0.017267181209998077,-4.8105745895704074e-06,-8.537446705068216e-06,0.0,-0.10946537831009982,8,0.0,0.0,0.0,0.0,0.0,0.0,0.0,0.0,0.0,0.0,0.0,0.0,0.0,0.0,0.0,0.0,0.0,0.0,0.0,0.0,0.0,0.0,0.0,0.0,0.0,0.0,0.0,0.0,0.0,0.0,0.0,0.0,0.0,0.0,0.0,7,0.0,0.0,2,2,-0.4222545250792578,-5.902971534155058,-22.833818384629165,0.0,0.0,-3.884553607683874e-07,0.0,0.0,0.0,-2.2320821211521196e-07,0.0,-1.4948262435770877e-08,-2.6709219008793652e-05,-1.4124635230450503e-05,0.0,0.0,0.0,-2.5336807690208568e-08,0.0,-1.2312450534260474e-06,-4.3419141492691217e-07,-3.5038624508476836e-08,0.0,0.0,0.0,-3.837678156849658e-07,0.0,-1.2618654649194024e-06,0.0,-1.1505932956688551e-07,0.0,0.0,0.0,0.0,2,-0.169222268148316,0.0,0.0,0.0,0.0,0.0,0.0,0.0,0.0,0.0,0.0,0.0,0.0,0.0,0.0,0.0,0.0,0.0,0.0,0.0,0.0,0.0,0.0,0.0,0.0,0.0,0.0,0.0,0.0,0.0,0.0,0.0,0.0,0.0,0.0,0.0,0.0,0.0,0.0,0.0,0.0,0.0,0.0,0.0,0.0,0.0,0.0,0.0,0.0,0.0,0.0,0.0,0.0,0.0,0.0,0.0,0.0,0.0,-0.11072982886915257,0.0,-0.0006064556200556692,-0.0018293998462169062,0.0,0.0,0.0,0.0,-0.00030853159312632406,0.0,-0.00028032881180293964,-0.0019096288697232238,0.0,0.0,0.0,0.0,-0.000870651106593671,0.0,-0.006857481141634066,-0.0018867740910451342,0.08463270421284025,0.22692363072109445,-34.33669892090444,-1.4350921754595007,-8.669141333927634,-1.651917999857489,15,8,0.06521739130434778,0.5,0.5,0.0,0.0,0.0,0.0,0.0,0.0,0.0,0.0,0.0,0.0,0.0,0.0,,0.0,0.0,0.0,1
VAR_002550,1.4930269451387277,-3.4202355515075997e-07,7.171904686780118,0.001219449042752122,0.0009002227715882673,228.4386025113998,2.286542087703763,0.0026659633674419097,0.21962152419047445,0.0005074440375357074,0.09474038676531028,28,0.0,0.0,0.0,0.0,0.0,0.0,0.0,0.0,0.0190032436733422,2.7180158729704815,1.0,1.0,0.9557679340485132,1.0,0.0,2.109276477317742,9.381258370187133,10.710746769650688,0.000375818422219353,327.16231158391946,1.0,1.286969625459176,1.0132514580063678,3.813771391455777,0.0,1.0,0.9113266726583296,0.0,2.896707525571074e-06,0.0,1.0,1.0,1.0,0.0,1.0,5,7.182473538808292e-08,1.0,3,3,-0.975992908317146,-0.4483134189868302,0.0,0.0,1.0,0.48722247780112077,0.0,1.0,0.0,0.0032710243307491403,1.0,0.3094984222977855,0.9478970684247724,1.0999284980932311,1.0,0.2021103222369324,0.0,0.6851315485499575,1.0,0.9997741952323119,0.19656713667420853,0.962333514572533,0.0,1.3415873261671332,3.1250628423837563,1.0038767648755462,1.3367590874913071,1.013455617713865,1.6027633809737778,0.9345812007251615,1.372499837548093,1.0,0.0,0.5000149748548031,3,1.1593528257926953,5.595034830509547,0.5113132059421523,0.0,5.580019461123857e-08,0.0,2.5162287095679887,0.0,4.531436629972478,0.0,1.743911171702848e-05,0.0,0.8190195620565648,0.0,0.0,1.0,0.0,250.5926529841244,0.0,0.0,0.0,1.0,0.0,0.0,0.0,0.0,0.0,0.0,2.971386177482823e-08,77.4854016437198,0.0,3.2441455086587174,0.0,0.0,0.10318824748524813,0.3803495381001417,0.0,381.4287682089412,0.3260101247200436,0.0,0.0,0.1343288729438671,0.0,90.69433459281072,0.0,0.0505013825219692,0.27612701607562473,4.522195601157873,2907.628302915119,0.0,3.223671238484157,0.0,0.0,25.493379226198783,0.1416992119080719,0.0,4.775637035400227e-07,1.0,1.1622365023201455,0.0,1.170725968832872,0.3994689590733729,0.0,0.3234320426485557,0.0,0.4013980423977378,0.6503894967014787,0.0,1.120378688350364,-0.0019096288697010432,0.0,1.0,0.0,1.0,-0.0008706334708919785,0.0,-0.006857481141098355,1.0656023451635623,-0.4492881443135245,0.06543341225049396,-0.3746851560169536,0.07256953971617507,-0.45369117328339253,0.7534580570099187,0,4,-1.152173913043478,-0.5,-0.5,0.0,0.0,0.0,1.0,0.0,0.0,0.0,0.0,0.0,0.0,0.0,0.0,-1.0,1.0,1.0,0.0,1
VAR_003103,67.31771123733698,5.616706822856968,1087.5181901903752,1.0300239424552242,0.006407425063428867,147.61108155586248,91.34110330346587,81.71365143751845,4.918789556923915,630.6578826065268,6.034689630048805,29,0.0,0.0,0.0,0.0,0.0,0.0,0.0,1.0,0.0,2.319563883961897,0.0,1.0,1.0,1.0,1.1447171326883876,21.092772061974834,93.81267395122558,16.422231567765632,56.74097383868225,1.6847270060331707,1.0,29.861453136792893,1.0132514580063678,3.813771391455777,1.0,1.0,1.0,1.0,41.71861667267035,0.0,1.0,1.0,1.0,2.896091433730838,1.0,3,12.5896152749841,0.0,4,4,1.140197534890719,-0.6281011218470209,-2.9184695428554286,0.0,1.0,1.4597875452066886,14.36216957344868,1.0,1.0973820282003526,10.000394169520558,1.0,3.1549024973554856,10.000333261635726,3.099707237651008,1.0,1.0,2.934526532233309,1.6487568352959063,1.0,10.000215206586946,4.261850833538429,20.78341780866024,3.1982118410375797,1.3415873261671332,3.1250628423837563,8.11072465098142,1.3367590874913071,5.875921517095068,3.4265635009197988,7.335967313644349,1.372499837548093,0.0458829745662168,1.0,52.16395840014375,4,16.106318559398286,5.595034830509547,0.102316446710863,0.0,751.6155609198498,0.0,1.919249246770961e-10,0.0,9.932410282754628,0.0,30.293937700052272,0.0,1.0,0.0,1.0,1.0,0.0,9.682334691441019,0.0,0.0,1.5246036095718187,0.0,0.0,1.0,0.0,0.0,0.0,0.0,1.2906369105384976,3153.7861614244366,0.0,3.2441455086587174,0.0,1.0,1.0732390113185002,0.0777291439719326,0.0,8.787196857283154e-19,1.5966885415373189,1.0,0.0,1.0,0.0,20.270576431324894,0.0,0.2842894089093379,164.44404016086327,9.047711453990363e-13,200973.67393146246,0.0,3.223671238484157,0.0,1.0,2763.9646582958703,0.2395566433593555,0.0,250.7848001719752,1.0,50.9381759405318,1.0,1.1717744984275036,1.0766570383657403,0.0,2.770729017407695,0.0,1.0128486372888887,0.9826823406318913,1.0,1.120172728159099,10.255982444753919,0.0,1.0,1.0,1.0,10.069240403972909,1.2101454315057372,-0.006844208588809874,10.67195022391945,-12.93934519536446,-2.725329264832886,-5.084602215774804,-1.2565468034668152,0.1355747994126151,-0.7533443141016214,8,17,-0.28260869565217384,0.5,-0.5,0.0,1.0,0.0,0.0,0.0,0.0,0.0,0.0,0.0,0.0,0.0,0.0,-1.0,1.0,0.0,0.0,0
VAR_002913,0.670048077961095,1.6882694205704991,37.428396316141146,667.9495317828191,69.88727381871799,0.1428457624000866,-0.0172028276221835,-4.802166568819123e-06,62.745248497864154,173759.55598292878,2.96009346661619,29,0.0,0.0,0.0,0.0,0.0,0.0,0.0,1.0,1.0,0.010131664091662869,0.0,1.0,0.0789865075487595,1.0,0.0,0.0004262454800380934,9.305624596286963,4.188048441458965,75.86444596891451,2188.0291987947417,1.0,0.011538459958221932,1.0132514580063678,0.0,0.0,0.0,0.0,0.0,0.0,0.0,0.0,0.0,0.0,0.0,0.0,7,0.0,0.0,4,4,-0.32353640950478596,-1.0161986850835776,-14.351602267194037,0.0,1.0,0.1581775055795297,0.0,1.0,1.0973820282003526,1.0000375492739866,1.0,0.01306686081999184,0.9841756463919407,1.0014681636815028,0.0,0.0,0.7452313277992324,4.282876809248146,0.0,0.384009231656534,0.10115010896007696,0.014791949208234,3.1567327850554805,1.3415873261671332,0.0,10.038771102665875,1.3367590874913071,0.012044056429338262,0.0,1.0273443780146758,1.372499837548093,1.0,0.0,0.0,4,0.6853112969486651,0.0,0.5796230518640136,0.0,73.4729433424505,0.0,0.08076886132749106,0.0,9.137685245706075,0.0,0.07778044635207355,0.0,0.0,0.0,1.0,1.0,0.0,2505.947073566713,0.0,0.0,1.5246036095718187,0.3497624922242747,0.0,0.0,0.0,0.0,0.0,1.0,1778.5170788149326,113.22288808239033,0.0,0.0,0.0,1.0,19.31258067876424,1.0,0.0,7.36423819457901,0.0,1.0,0.0,0.5764672159997658,0.0,68.49187907851146,0.0,0.0911239524785444,164.44620123451145,22.142596889663274,5.207212219241405e-06,0.0,0.0,0.0,1.0,392.35557637913473,1.0,0.0,2.8915122364435993e-06,1.0,0.49876983488037524,1.0,1.164766490523827,0.14893832877655996,0.0,0.0,0.0,0.0,0.0039049774990844795,0.0,0.30628317852752857,0.0013961073277927543,0.0,0.0,0.0,1.0,1.0068206202045622,1.2101454315057372,1.0225416606099589,1.065604538388203,0.08463270421284025,-0.10743112456793595,0.17327049790207177,0.34791618775844046,0.4164165507917381,-0.5874851768054123,13,9,1.7391304347826084,-1.0,-0.5,0.0,0.0,1.0,0.0,0.0,0.0,0.0,0.0,0.0,0.0,0.0,0.0,-1.0,0.0,0.0,0.0,1
VAR_003019,0.22136725269773813,0.2720050941293026,-3.004136269719862e-07,28.905548414676474,0.12600223923828133,167.62109220847717,0.31216067983144163,0.0005917861975771464,4.91957647262913,1.861075646440211,0.07948666528929235,28,0.0,0.0,0.0,0.0,0.0,0.0,0.0,1.0,0.0,1.4122454249046126e-09,0.0,0.0,0.9073886128316256,1.0,0.0,2.0078317605800864,0.17453287911113316,8.457135157742611,81.1415811224135,0.0008793647892595308,0.0,1.9462991269606844,0.0,0.0,0.0,0.0,0.0,0.0,0.0,0.0,0.0,0.0,0.0,0.0,0.0,7,0.0,0.0,2,2,1.140197534890719,0.8056306325630881,1.635977965027462,0.0,1.0,1.464160919977689,14.36216957344868,1.0,0.0,0.03520811242478059,1.0,1.795178880177085,-2.6709202247049638e-05,1.0333164318545456,1.0,1.0,1.1641068057563868,1.033343239573785,0.0,1.0000204125381467,2.6844666933096986e-06,3.138660098537617e-05,0.0,1.3415873261671332,0.0,-3.837677580090461e-07,0.0,0.9727259597365303,2.5578542245563014,1.2492174527346214,0.0,0.0,1.0,1.001425598420551,2,-0.047783360075618196,5.595034830509547,1.0,0.0,74.65928231092599,0.0,791.6413947290519,0.0,9.932727258844327,0.0,106.11940963732748,0.0,1.0,0.0,1.0,1.0,0.0,250.5488816420636,0.0,0.0,1.5246036095718187,0.4806515245730356,0.0,0.1870432754900188,0.0,0.6251629509939869,0.0,0.0,0.00014707687622967568,325.1473279813592,0.0,3.2441455086587174,0.0,1.0,6.368538896679814e-05,0.2787375153968456,0.0,297.6980598926694,1.5966885415373189,1.0,0.0,0.0,0.0,6.577661624562424e-15,0.0,0.0,3.3711873720033647e-16,22.228686874507577,51432.721467703625,0.0,0.0,0.0,0.0,283.4035179010521,0.0,0.0,381.0911980839507,0.0,0.22177780903629957,0.5049531539879761,-0.0006064135607708981,-0.001829399782397716,0.0,0.0,0.0,0.0,-0.00030650599542613653,0.0,0.998073584279784,0.22643420063545755,0.0,0.0,0.0,1.0,0.02786110231837596,1.2101454315057372,1.0180499809645538,1.0651113805044066,0.08463270421284025,0.22692363072109445,0.17327049790207177,-0.5063026226777038,-0.4265467335381967,-0.07858798106457354,0,21,-0.5434782608695652,0.5,0.5,0.0,0.0,0.0,0.0,0.0,0.0,1.0,0.0,0.0,0.0,0.0,0.0,-1.0,0.0,1.0,0.0,1
VAR_002686,3.2142072222071025,4.847848771667007,5.613794987155278e-05,9.447551708668527,25.27367657308127,-4.831251643329889e-06,4.37268551059335,3.9859530430729078,3.2157176540334453,79019.1496268881,5.4910778632825235,9,0.0,0.0,0.0,0.0,0.0,0.0,0.0,1.0,0.0,2.6844095770927585,1.0,1.0,1.0,1.0,1.1447171326883876,19.22894333385697,7.042085780285625e-08,11.06849722797224,81.13797422737836,5834.84582773605,1.0,0.32375534694164776,0.44938037650678386,0.0,1.0,1.0,0.8529623142190832,1.0,41.709739703596064,1.0,1.0,0.0,0.0,2.896091433730838,1.0,3,12.343249553970269,1.0,2,2,0.3054785208879092,0.6282937105075292,0.0,0.0,1.0,1.4637079770717707,0.0,1.0,0.0,0.7066838928904028,1.0,1.3726591065393212,0.16372994528919477,0.0729077951788609,1.0,1.0,0.6533936912591115,-1.3888690910453727e-08,1.0,3.195167907934087,3.3103427013833504e-05,0.0007869583686157997,0.0,0.0,0.0,1.5529384157470716e-05,0.7647535658436732,1.0130456427373098,0.0,3.856309418300814,1.372499837548093,1.0,1.0,2.850784004547939,2,1.8806611897183048,1.2620247338991581,0.0204456062803736,0.0,1.7793837123681795,0.0,1.5949798885373008e-10,0.0,0.09491104282256191,0.0,0.009845326626354912,0.0,1.0,0.0,1.0,1.0,0.0,0.0011713292669291702,0.0,0.0,0.0,1.0,0.0,0.0,0.0,0.0,0.0,1.0,0.003190606436704717,40.67308643923932,0.0,3.2441455086587174,0.0,0.0,5950.069682174134,0.0920801910272178,0.0,1.0464050499615573e-19,1.5966885415373189,1.0,0.0,0.0,0.0,90.55436410197305,0.0,1.0,164.40279434774865,9.776875988231321,0.350470833247098,0.0,3.223671238484157,0.0,0.4110777036332005,5716.557287799807,0.90917546406742,0.0,381.2999010382777,1.0,2.435292116448147,0.0,1.1717536384805876,0.9672998587895151,0.0,0.0,0.0,0.0,0.0010556680665538799,1.0,0.0023474899433526372,0.7492183771707929,0.0,1.0,0.0,0.0,1.0068199490742915,1.2101454315057372,0.991987026880696,0.1749240499853627,-0.31524731093581826,0.22692363072109445,-0.047777448295179104,0.2604142525299462,-0.5258772766573795,-0.110271011730116,0,19,-0.5652173913043478,1.0,0.5,0.0,0.0,0.0,0.0,0.0,0.0,0.0,0.0,1.0,0.0,0.0,0.0,0.0,1.0,0.0,1.0,1
VAR_002579,2.352122031623284,4.205857753601179,0.018396071982422938,0.5655180416829212,0.0049775397346127495,0.018789120109769755,0.007319559115468218,3.912868384968635e-05,0.007247228200471702,12.111375672816553,0.4753537001783555,9,0.0,0.0,0.0,0.0,0.0,0.0,0.0,0.0,0.1936273834935029,0.2155090715662801,1.0,0.0,1.0,1.0,1.1447171326883876,0.00011093807729544457,9.381267393707112,0.0,81.14158112241267,203.77293608106032,0.0,3.307236628666926,0.0,3.813771391455777,1.0,1.0,1.0,1.0,1.0433373538070116,1.0,1.0,0.1739397895154831,1.0,0.0,1.0,0,12.397775234686991,1.0,4,4,-0.9606543577429658,-1.6783700723613677,0.0,0.0,1.0,0.26190659713319486,8.513642261852867,1.0,1.0973820282003526,0.9986500463747462,0.0,1.7077271858671967,0.998179703898916,-5.5666451608983256e-06,1.0,1.0,0.4586119144908496,-9.217539479203666e-09,1.0,0.017788525190052546,-2.545495031891209e-07,37.20966954231078,0.0,1.3415873261671332,0.0,1.0000457266107645,0.5500240595090929,1.0134559340666234,0.0,4.8805719951495155,1.372499837548093,1.0,0.6072037474722105,2.5000036711034,4,0.16992735971188022,5.595034830509547,0.0,0.0,0.015186485625951764,0.0,0.1005416256658126,0.0,9.913302927437185,0.0,25.634724763858355,0.0,0.0,0.0,0.0,0.0,0.0,45.98233180282456,0.0,0.0,0.0,0.8539389900432037,0.0,0.3337618512052596,0.0,0.0,0.0,0.0,0.01502734587635845,205.88440453012694,0.0,0.8106477758644695,0.0,0.7334672645389363,1249.524132048887,0.7014764996228956,0.0,76.72210337574091,0.0,0.0,0.0,0.0,0.0,6.225977466586341,0.0,0.8819072189230686,107.1758408976181,22.543566524800223,450.8392240085151,0.0,0.0,0.0,0.0,0.46192440826321257,0.0,0.0,0.009130879112946418,1.0,0.165956152296552,1.0,-0.0006064266247694387,0.005329029485735919,0.0,2.1140455783178336,0.0,0.0,1.0524460948390217,0.3102150586992612,0.10875717977526515,1.023879578492608,0.0,0.0,0.0,0.0,1.0068206200030956,0.0,1.0223785686271236,-0.0018787175600329092,0.08463270421284025,0.22692363072109445,0.17327049790207177,-0.5984085299121026,0.5155647014226384,-0.603050670290073,16,7,0.8913043478260868,-0.5,1.5,0.0,0.0,0.0,0.0,0.0,0.0,0.0,0.0,0.0,0.0,0.0,0.0,0.0,1.0,0.0,1.0,1
VAR_002825,0.011383232464581243,61.892087409707585,20.381165059037606,0.3748922605830775,4.3772226741791786e-05,-4.8308251644464116e-06,0.09241061317957293,-2.812898256800036e-06,0.25937001634884954,0.0,2.5324659754047567,16,0.0,0.0,0.0,0.0,0.0,0.0,0.0,0.0,0.0,0.0,0.0,0.0,0.0,0.0,0.0,0.0,0.0,0.0,0.0,0.0,0.0,0.0,0.0,0.0,0.0,0.0,0.0,0.0,0.0,0.0,0.0,0.0,0.0,0.0,0.0,7,0.0,0.0,1,1,0.056639163638828906,0.3395455645078583,0.0,0.0,0.0,-3.884553607683874e-07,0.0,0.0,0.0,-2.2320821211521196e-07,0.0,-1.4948262435770877e-08,-2.6709219008793652e-05,-1.4124635230450503e-05,0.0,0.0,0.0,-2.5336807690208568e-08,0.0,-1.2312450534260474e-06,-4.3419141492691217e-07,-3.5038624508476836e-08,0.0,0.0,0.0,-3.837678156849658e-07,0.0,-1.2618654649194024e-06,0.0,-1.1505932956688551e-07,0.0,0.0,0.0,0.0,1,-0.1649393104040376,0.0,0.0,0.0,0.0,0.0,0.0,0.0,0.0,0.0,0.0,0.0,0.0,0.0,0.0,0.0,0.0,0.0,0.0,0.0,0.0,0.0,0.0,0.0,0.0,0.0,0.0,0.0,0.0,0.0,0.0,0.0,0.0,0.0,0.0,0.0,0.0,0.0,0.0,0.0,0.0,0.0,0.0,0.0,0.0,0.0,0.0,0.0,0.0,0.0,0.0,0.0,0.0,0.0,0.0,0.0,0.0,1.0,-0.05535844747740015,0.2205012457903645,1.1717726429108044,0.9297029060468754,0.0,0.0,0.0,0.0,0.001330836780028162,0.0,-0.00028032881180293964,0.004907419256095645,0.0,0.0,0.0,1.0,1.006820620039568,0.870124012776952,-0.0068574809874034845,0.06425671090464401,0.020610379275617874,0.16970279063470675,-0.31674131882228196,0.591320505927234,1.0123623925095324,0.5710355055305186,9,13,-1.7391304347826084,-1.0,-0.5,0.0,0.0,0.0,0.0,0.0,0.0,0.0,0.0,0.0,1.0,0.0,0.0,0.0,0.0,1.0,0.0,1
VAR_002859,7.626546614630729,0.18129119424636425,3.98964478696699e-05,0.055213804150381046,1.1027423589724312,184.43502891119962,14.1815902220475,18.014377254981703,0.8749911330204466,948.0646516147748,0.882026535744343,18,0.0,0.0,0.0,0.0,0.0,0.0,0.0,0.0,0.0,2.2595834848361784,0.0,1.0,0.0,1.0,1.1447171326883876,0.14902378712617617,2.3959565057547536,14.454520914363917,0.00036790558051277194,1.7815983132220838e-10,1.0,3.303544279997957,1.0132514580063678,0.0,1.0,1.0,1.0,1.0,0.0008438523415566346,0.0,1.0,1.0,0.0,2.896091433730838,1.0,3,5.637754879146437,0.0,3,3,0.6410417961485814,-1.3213594402358002,-6.431258824368029,1.0,1.0,1.4641609191640192,14.36216957344868,1.0,1.0973820282003526,2.6641048430147327,1.0,1.2516925375563976,2.52077855326408,2.9536352402321846,1.0,0.0,0.0,0.005385432478484014,1.0,0.9999877807490074,0.15811703398154411,0.3154389984279248,3.1982118410375797,1.3415873261671332,3.1250628423837563,0.00013781782685591272,1.3347321364758373,0.34826460777413926,0.0,7.207190282274347,0.0,0.0,1.0,6.000543438663152,3,1.152082415027968,5.595034830509547,0.3988090468919785,0.0,75.14685910591594,0.0,1.0510159426599735e-18,0.0,1.7436023686054145,0.0,1061.8628715782388,0.0,1.0,0.0,1.0,1.0,0.0,172.96891277867485,0.0,0.0,1.5246036095718187,0.0,0.0,0.3558520039933442,0.0,0.6196274990772636,0.0,0.9137514541145224,1356.878413825399,3258.1326683981406,0.0,3.2441455086587174,0.0,1.0,13306.095003125116,0.0,0.0,225.56596511603806,1.5966885415373189,0.0,0.0,0.2109691822634535,0.0,83.83074601879177,0.0,0.4401924282239644,2.112493958719747e-06,225.49377982955983,950051.6491853001,0.0,3.223671238484157,0.0,1.0,1146.7403646742089,0.4463470870157562,0.0,381.16591087530196,1.0,5.925000937456459,0.0,-0.0004994610181995493,0.47579500181681506,0.0,0.9684976066585915,0.0,1.2911247775907504,1.0524495577574884,0.0,-0.0002803284078186873,10.255982444753919,0.0,1.0,0.0,1.0,-0.0008528290869293708,0.0,0.9977276845695355,1.064480384430902,0.08463270421284025,0.22692363072109445,0.010523518671537758,0.25469829200225497,0.5875008235217651,0.3988156913496096,11,6,-0.21739130434782605,0.5,1.5,0.0,0.0,0.0,0.0,0.0,0.0,0.0,0.0,0.0,0.0,0.0,0.0,0.0,1.0,0.0,0.0,1
VAR_003190,-0.0783428963784724,-3.8059031320814635e-07,-3.004136269736329e-07,-5.4653554515842356e-05,-1.1041372304889563e-05,-4.831251662299113e-06,-0.017267181209998077,-4.8105745895704074e-06,-8.537446705068216e-06,0.0,-0.10946537831009982,8,0.0,0.0,0.0,0.0,0.0,0.0,0.0,0.0,0.0,0.0,0.0,0.0,0.0,0.0,0.0,0.0,0.0,0.0,0.0,0.0,0.0,0.0,0.0,0.0,0.0,0.0,0.0,0.0,0.0,0.0,0.0,0.0,0.0,0.0,0.0,7,0.0,0.0,3,3,-0.5734750477690932,-0.43531244074503,-2.9170837440310775,1.0,0.0,0.4429810248744624,7.531042261786725,0.0,1.0973820282003526,0.47388905017222027,1.0,0.8979284212385954,0.9042343023181966,0.0004534020111259792,1.0,1.0,0.0,6.607568124906034e-07,1.0,9.117296097254366,1.3909052832040167,0.7573241484485512,2.0513547609170293,1.3415873261671332,0.0,0.3181827059707861,0.7150021904812557,1.0134557683643257,1.5454725473353386,0.7831366122451447,1.372499837548093,1.0,0.0,0.0,3,0.088665136782042,0.0,0.0,0.0,0.0,0.0,0.0,0.0,0.0,0.0,0.0,0.0,0.0,0.0,0.0,0.0,0.0,0.0,0.0,0.0,0.0,0.0,0.0,0.0,0.0,0.0,0.0,0.0,0.0,0.0,0.0,0.0,0.0,0.0,0.0,0.0,0.0,0.0,0.0,0.0,0.0,0.0,0.0,0.0,0.0,0.0,0.0,0.0,0.0,0.0,0.0,0.0,0.0,0.0,0.0,0.0,0.0,0.0,-0.11072982886915257,0.0,-0.0006064556200556692,-0.0018293998462169062,0.0,0.0,0.0,0.0,-0.00030853159312632406,0.0,-0.00028032881180293964,-0.0019096288697232238,0.0,0.0,0.0,0.0,-0.000870651106593671,0.0,-0.006857481141634066,-0.0018867740910451342,0.08463270421284025,0.22692363072109445,-0.5203949809203086,-0.6300855542159828,-0.008120547030016554,0.7067647271253614,11,6,-0.21739130434782605,0.5,1.5,0.0,0.0,0.0,0.0,0.0,0.0,0.0,0.0,0.0,0.0,0.0,0.0,,0.0,0.0,0.0,1
VAR_003018,-0.0783428963784724,-3.8059031320814635e-07,-3.004136269736329e-07,-5.4653554515842356e-05,-1.1041372304889563e-05,-4.831251662299113e-06,-0.017267181209998077,-4.8105745895704074e-06,-8.537446705068216e-06,0.0,-0.10946537831009982,8,0.0,0.0,0.0,0.0,0.0,0.0,0.0,0.0,0.0,0.0,0.0,0.0,0.0,0.0,0.0,0.0,0.0,0.0,0.0,0.0,0.0,0.0,0.0,0.0,0.0,0.0,0.0,0.0,0.0,0.0,0.0,0.0,0.0,0.0,0.0,7,0.0,0.0,3,3,0.988853651427274,0.7743468698683489,0.0,0.0,1.0,0.00010104602483592067,14.36216957344868,0.0,0.0,1.0000385745278741,1.0,4.9227734794730116e-05,0.0719694942406353,1.0333110815011892,0.0,0.0,0.0,1.033055517139466,0.0,1.0000196754992945,0.999997433627051,0.4432494745494977,0.1282877253667284,1.3415873261671332,3.020302708049292,1.0038767648349425,1.171748111502916,1.0044363503577596,2.2028889956093107,1.0289094472303517,0.0,0.0,0.0,0.0,3,-0.04473694337413764,0.0,0.0,0.0,0.0,0.0,0.0,0.0,0.0,0.0,0.0,0.0,0.0,0.0,0.0,0.0,0.0,0.0,0.0,0.0,0.0,0.0,0.0,0.0,0.0,0.0,0.0,0.0,0.0,0.0,0.0,0.0,0.0,0.0,0.0,0.0,0.0,0.0,0.0,0.0,0.0,0.0,0.0,0.0,0.0,0.0,0.0,0.0,0.0,0.0,0.0,0.0,0.0,0.0,0.0,0.0,0.0,1.0,-0.05537709894784902,0.0,-0.0005819824565653829,1.062936814321346,0.0,0.0,0.0,0.3902134434449565,1.0522202443682578,1.0,0.43822415587334085,1.02385310453154,0.0,0.0,0.0,1.0,-0.000860802540116361,0.449233690776939,1.0154762575723186,0.7537922610222078,0.08463270421284025,0.22692363072109445,0.17327049790207177,0.04668260717376429,0.14761551270755013,0.7380283439771163,0,22,0.5217391304347826,0.5,0.5,0.0,0.0,0.0,0.0,0.0,1.0,0.0,0.0,0.0,0.0,0.0,0.0,,0.0,0.0,0.0,0
VAR_002577,3.907470652790191,-1.7405118334762455e-07,68.04545146465901,19.265547997339418,-1.1041371048691684e-05,0.0866458091195222,5.647903653646553,3.98601226282968,4.346687475548881,0.24797668413333568,0.17955412510356591,16,0.0,0.0,0.0,0.0,0.0,0.0,0.0,0.0,0.1279998992271587,2.57120028222644,0.3051830530525597,1.0,1.0,1.0,0.0,1.4488382460203278e-09,9.346175409604506,4.933997519087979,14.023668814734942,241.06427683319117,0.0,3.2945920153020287,0.0,3.813771391455777,0.0,0.0,0.2010940475271371,1.0,41.48419702353643,0.0,1.0,1.0,1.0,2.896091433730838,1.0,5,0.0004240919204085817,1.0,2,2,-0.8485147108703064,-0.107213422622411,0.0,0.0,1.0,1.4519157796669113,0.0,1.0,1.0973820282003526,4.360671751755493,1.0,1.2778626850976509,4.360881668739904,0.004741318088135637,1.0,0.0,2.934526532233309,1.2099518892801087,1.0,1.5238187478062637,0.95037436689322,0.0440878129445987,3.1982118410375797,1.3415873261671332,3.1250628423837563,1.487333960890623,1.0026270684382,1.009087504154611,3.4265635009197988,1.2363950126360699,1.372499837548093,1.0,1.0,1.9999786479488186,2,0.3376575657343449,5.595034830509547,1.0,0.0,75.16117211983483,0.0,0.10183020693112826,0.0,9.932727260341368,0.0,106.18628618234375,0.0,0.4172453619303522,0.0,0.5723764451640094,1.0,0.0,250.59470721215882,0.0,0.0,1.5246036095718187,0.0,0.0,0.0,0.0,0.0,0.0,0.3378098707868744,53.97429252761956,325.8108730741016,0.0,0.0,0.0,0.0,13264.087816082736,0.7822975203368383,0.0,28.733659129690444,0.0,0.0,0.0,0.1773986537997594,0.0,2.366941375027635e-15,0.0,1.0,26.82127613008944,22.549372070334407,35765.28720436597,0.0,1.2236681045937075,0.0,1.0,5718.915614019806,0.0,0.0,381.061976329797,1.0,3.837524276111324,1.0,0.0002679191711469122,0.5084522431775289,0.0,2.770729017407695,0.0,1.2911247775907504,-0.00022551808616637996,0.0,0.011620235396889386,0.755365256750933,0.0,1.0,0.0,1.0,1.006811316885948,1.2101454315057372,-0.006857240023856768,-0.0018867740910300489,0.021756357774622002,0.22692363072109445,0.17327049790207177,-0.281568552314367,0.13799790954747518,-0.3632437343813873,16,12,1.391304347826087,0.0,-1.0,0.0,0.0,0.0,0.0,0.0,0.0,0.0,0.0,1.0,0.0,0.0,0.0,0.0,1.0,1.0,0.0,1
VAR_002598,-0.0783428963784724,-3.8059031320814635e-07,-3.004136269736329e-07,-5.4653554515842356e-05,-1.1041372304889563e-05,-4.831251662299113e-06,-0.017267181209998077,-4.8105745895704074e-06,-8.537446705068216e-06,0.0,-0.10946537831009982,8,0.0,0.0,0.0,0.0,0.0,0.0,0.0,0.0,0.0,0.0,0.0,0.0,0.0,0.0,0.0,0.0,0.0,0.0,0.0,0.0,0.0,0.0,0.0,0.0,0.0,0.0,0.0,0.0,0.0,0.0,0.0,0.0,0.0,0.0,0.0,7,0.0,0.0,1,1,0.013900913384034501,0.37455924922662337,0.0,0.0,0.0,-3.884553607683874e-07,0.0,0.0,0.0,-2.2320821211521196e-07,0.0,-1.4948262435770877e-08,-2.6709219008793652e-05,-1.4124635230450503e-05,0.0,0.0,0.0,-2.5336807690208568e-08,0.0,-1.2312450534260474e-06,-4.3419141492691217e-07,-3.5038624508476836e-08,0.0,0.0,0.0,-3.837678156849658e-07,0.0,-1.2618654649194024e-06,0.0,-1.1505932956688551e-07,0.0,0.0,0.0,0.0,1,-0.169222268148316,0.0,0.0,0.0,0.0,0.0,0.0,0.0,0.0,0.0,0.0,0.0,0.0,0.0,0.0,0.0,0.0,0.0,0.0,0.0,0.0,0.0,0.0,0.0,0.0,0.0,0.0,0.0,0.0,0.0,0.0,0.0,0.0,0.0,0.0,0.0,0.0,0.0,0.0,0.0,0.0,0.0,0.0,0.0,0.0,0.0,0.0,0.0,0.0,0.0,0.0,0.0,0.0,0.0,0.0,0.0,0.0,0.0,-0.11072982886915257,0.0,-0.0006064556200556692,-0.0018293998462169062,0.0,0.0,0.0,0.0,-0.00030853159312632406,0.0,-0.00028032881180293964,-0.0019096288697232238,0.0,0.0,0.0,0.0,-0.000870651106593671,0.0,-0.006857481141634066,-0.0018867740910451342,0.08463270421284025,-0.010842350048173246,0.17327049790207177,0.5596353928046183,0.9294695490537032,0.5614963301050714,6,3,-0.06521739130434778,-0.5,-0.5,0.0,0.0,0.0,0.0,0.0,0.0,0.0,0.0,0.0,0.0,0.0,1.0,,0.0,0.0,0.0,1
VAR_002691,-0.0783428963784724,-3.8059031320814635e-07,-3.004136269736329e-07,-5.4653554515842356e-05,-1.1041372304889563e-05,-4.831251662299113e-06,-0.017267181209998077,-4.8105745895704074e-06,-8.537446705068216e-06,0.0,-0.10946537831009982,8,0.0,0.0,0.0,0.0,0.0,0.0,0.0,0.0,0.0,0.0,0.0,0.0,0.0,0.0,0.0,0.0,0.0,0.0,0.0,0.0,0.0,0.0,0.0,0.0,0.0,0.0,0.0,0.0,0.0,0.0,0.0,0.0,0.0,0.0,0.0,7,0.0,0.0,1,1,0.27715366620618465,0.7261458972756979,0.0,0.0,0.0,-3.884553607683874e-07,0.0,0.0,0.0,-2.2320821211521196e-07,0.0,-1.4948262435770877e-08,-2.6709219008793652e-05,-1.4124635230450503e-05,0.0,0.0,0.0,-2.5336807690208568e-08,0.0,-1.2312450534260474e-06,-4.3419141492691217e-07,-3.5038624508476836e-08,0.0,0.0,0.0,-3.837678156849658e-07,0.0,-1.2618654649194024e-06,0.0,-1.1505932956688551e-07,0.0,0.0,0.0,0.0,1,-0.169222268148316,0.0,0.0,0.0,0.0,0.0,0.0,0.0,0.0,0.0,0.0,0.0,0.0,0.0,0.0,0.0,0.0,0.0,0.0,0.0,0.0,0.0,0.0,0.0,0.0,0.0,0.0,0.0,0.0,0.0,0.0,0.0,0.0,0.0,0.0,0.0,0.0,0.0,0.0,0.0,0.0,0.0,0.0,0.0,0.0,0.0,0.0,0.0,0.0,0.0,0.0,0.0,0.0,0.0,0.0,0.0,0.0,0.0,-0.11072982886915257,0.0,-0.0006064556200556692,-0.0018293998462169062,0.0,0.0,0.0,0.0,-0.00030853159312632406,0.0,-0.00028032881180293964,-0.0019096288697232238,0.0,0.0,0.0,0.0,-0.000870651106593671,0.0,-0.006857481141634066,-0.0018867740910451342,0.08463270421284025,0.004843312598273631,-0.5244638876517989,0.417929336941256,1.1427267023082022,0.5464852342248772,23,4,-0.47826086956521735,-1.0,-0.5,0.0,0.0,0.0,0.0,0.0,0.0,0.0,0.0,0.0,0.0,0.0,1.0,,0.0,0.0,0.0,1
VAR_002987,0.8193171315353591,2.2741068285063637,34.35494358688764,3.6746101444841366,0.021462445499725664,30.061550817516316,1.303094891773502,6.343560943023274,88.04323663813284,19.999232660945214,0.23105868157213955,28,0.0,0.0,0.0,0.0,0.0,0.0,0.0,0.0,1.0,2.7154725654628993,0.0,0.0,1.0,1.0,1.1447171326883876,2.105353122568047,0.1040602584070654,0.0,61.204307241700185,1.1356014546331927e-10,1.0,3.3084525418661124,1.0132514580063678,3.813771391455777,0.0,1.0,0.0,1.0,0.003954976383911551,1.0,0.7615907387709013,0.2533987893635329,1.0,0.0,1.0,5,12.154779365041882,0.0,2,2,0.05259261095884279,-0.2963552521199354,0.5039896808642707,0.0,0.0,0.009258229086094395,14.36216957344868,0.0,1.0973820282003526,0.9999819465210928,1.0,1.0231894682431613,0.09911532974758423,0.7208275209973575,1.0,1.0,0.0,0.9017859719776904,0.0,0.17680109674947406,0.00045006502433027963,0.00012635728284998796,0.0,0.24588105294241452,0.0,0.423938626504621,1.3367590874913071,0.9051651760764496,1.4311703478161344,0.0003696533419129161,1.372499837548093,0.0,0.0,1.5002557973562594,2,0.30222976933077905,5.595034830509547,1.0,0.0,0.5887342878921116,0.0,529.7881820829132,0.0,0.015542233460037821,0.0,0.46594299359006824,0.0,0.0,0.0,1.0,1.0,0.0,250.5947011223641,0.0,0.0,0.0,0.0,0.0,0.253916937645145,0.0,0.0,0.0,0.0829453904180637,1110.1990639064054,0.028271569636817095,0.0,3.2441455086587174,0.0,1.0,12.275577693697663,0.0,0.0,381.86666058528147,1.5966885415373189,1.0,0.0,0.4209788073300215,0.0,1.179876136756117,0.0,0.0,164.4461972293326,1.4434901684123277e-08,318.024201000745,0.0,3.223671238484157,0.0,1.0,5719.008510026845,0.3312460794473533,0.0,372.24530493791644,1.0,1.0368801880496625,0.0,-0.000602514444209543,-0.001335167867495445,0.0,1.021267609575919,0.0,0.0,1.0524512094485838,1.0,0.6316091942350541,1.0187714127385274,0.0,1.0,0.0,0.0,0.3984972170161671,0.0,1.0225398674562058,-0.0018867737084555776,0.06278408353603154,-0.23572990037205419,-0.06684713321983608,-0.9514241966514227,-0.8158076788111073,-0.9328787653316046,21,11,-0.08695652173913049,1.0,1.5,0.0,0.0,0.0,0.0,0.0,0.0,0.0,0.0,0.0,0.0,0.0,0.0,-1.0,1.0,1.0,0.0,1
VAR_002710,-0.003503266207028779,1.399605476671675,0.04653977025582706,-5.458229916406122e-05,-1.1040978214199409e-05,4.727837010627684,-0.017098783438441616,3.1914185514812834,9.962362783191583,33726.4278416072,0.08492553660132017,9,0.0,0.0,0.0,0.0,0.0,0.0,0.0,0.0,0.0,2.7180158648190216,0.0,1.0,1.0,1.0,1.1447171326883876,1.9849559907727374,0.021926064149536115,0.0,0.0011960341537656034,911.8512317104161,1.0,3.5838891222829006e-08,0.0,3.813771391455777,1.0,0.0,0.0,0.0,1.2211534685231638e-07,0.0,0.0,0.0,1.0,0.0,1.0,5,1.8285879216931015e-06,0.0,2,2,0.38297797078802337,0.2673924397241498,2.2151129905043665,0.0,0.0,-3.884553607683874e-07,0.0,0.0,0.0,-2.2320821211521196e-07,0.0,-1.4948262435770877e-08,-2.6709219008793652e-05,-1.4124635230450503e-05,0.0,0.0,0.0,-2.5336807690208568e-08,0.0,-1.2312450534260474e-06,-4.3419141492691217e-07,-3.5038624508476836e-08,0.0,0.0,0.0,-3.837678156849658e-07,0.0,-1.2618654649194024e-06,0.0,-1.1505932956688551e-07,0.0,0.0,0.0,0.0,2,-0.000329433920410653,0.0,0.0,0.0,0.0,0.0,0.0,0.0,0.0,0.0,0.0,0.0,0.0,0.0,0.0,0.0,0.0,0.0,0.0,0.0,0.0,0.0,0.0,0.0,0.0,0.0,0.0,0.0,0.0,0.0,0.0,0.0,0.0,0.0,0.0,0.0,0.0,0.0,0.0,0.0,0.0,0.0,0.0,0.0,0.0,0.0,0.0,0.0,0.0,0.0,0.0,0.0,0.0,0.0,0.0,0.0,0.0,1.0,3.2572145462678233,0.0,1.1263122098012517,-0.0005990631293896918,0.0,0.0,0.0,0.0,0.017644544132666824,1.0,-0.0002803288081228848,-0.0019092684309318462,0.0,0.0,0.0,0.6607945526611534,-0.0008705151147614869,0.0,-0.0068574811357036865,0.007631897037423351,0.08463270421284025,0.16601151525441912,-0.3477542972161702,0.03743102655181222,-0.9795163023216954,0.037623411740507345,7,17,-0.8913043478260868,-0.5,1.5,0.0,0.0,0.0,0.0,0.0,0.0,0.0,0.0,0.0,0.0,0.0,0.0,0.0,1.0,0.0,1.0,1
VAR_002622,0.4035453233784795,1.0758311640975209,1.3953588486693227e-06,372.14530931741143,0.33149522655071784,0.0027446852086923292,0.5312884763844707,0.08573276223180443,4.9187990996722455,0.0,-0.032828321645587986,19,0.0,0.0,0.0,0.0,0.0,0.0,0.0,0.0,0.0,0.0,0.0,0.0,0.0,0.0,0.0,0.0,0.0,0.0,0.0,0.0,0.0,0.0,0.0,0.0,0.0,0.0,0.0,0.0,0.0,0.0,0.0,0.0,0.0,0.0,0.0,7,0.0,0.0,4,4,-0.8072572243390664,-0.6589443358202711,0.0,0.0,1.0,1.4636855524308774,14.36216957344868,1.0,0.0,0.09802439409593743,0.0,0.466266826022671,0.9904322831490717,0.24501216754311902,0.0,0.0,0.025702343759803438,0.013278154879825926,1.0,1.000020412412708,7.54005217529873,12.454754050618142,0.0,0.0,0.0,7.139434321703087,1.3367590874913071,-1.2618522160769572e-06,0.0,0.7692566604123197,0.0,1.0,0.0,0.0,4,0.7439150142053165,5.595034830509547,0.0,0.0,0.0621852576982243,0.0,3.9471327680533754,0.0,0.6562629520293559,0.0,105.96664929555804,0.0,1.0,0.0,0.0,1.0,0.0,2255.3864260657756,0.0,0.0,0.0,0.0,0.0,1.0,0.0,0.0,0.0,0.1519555372303936,0.050374075592007524,325.81326672639324,0.0,3.2441455086587174,0.0,1.0,0.0005248547799045251,0.8377240457657451,0.0,0.00826816339782348,1.5966885415373189,1.0,0.0,0.7810329780884288,0.0,6.623507618768216e-05,0.0,0.0,164.44362621971763,22.549376749770392,0.5909199442509199,0.0,1.784446821089856,0.0,0.0,5719.0085089934955,1.0,0.0,18.91240305389708,0.0,0.2213500494380809,0.983498098970864,1.1717744985796634,0.6010864677812925,0.0,0.0,0.0,1.2911247775907504,-2.1143340128012342e-06,0.0,0.020566150196900605,0.024745143017133417,0.0,0.0,0.0,1.0,1.0067030214663129,0.30543077920891026,1.0088261037735444,-0.0004828713984036458,-0.0744874727350639,-0.4042352666888054,0.17327049790207177,0.25522336636370674,-0.5166492504847018,0.03164560590312226,10,17,-0.13043478260869565,1.5,-0.5,0.0,1.0,0.0,0.0,0.0,0.0,0.0,0.0,0.0,0.0,0.0,0.0,0.0,0.0,0.0,0.0,1
VAR_003058,0.5258621639548355,0.00017479746144384752,-3.0041317662572077e-07,1577.0336879783104,0.9657378251794495,0.25672528546711204,0.8612075035137743,0.008850041642260137,7.889583988214748,6789.978861671811,1.2505968582863989,28,0.0,0.0,0.0,0.0,0.0,0.0,0.0,0.0,1.0,2.7179241439507527,0.0,0.0,0.0,1.0,0.0,0.005874947281019462,0.1772653103350087,16.422231567765632,81.13141963654905,438.49036790777967,1.0,0.05575032861851104,0.09479433458523269,3.813771391455777,1.0,0.0,0.1854983812279619,0.0,0.00033521577090687933,0.0,1.0,1.0,1.0,2.896091433730838,1.0,3,12.58973479098609,1.0,3,3,0.45926186763005367,-3.238989841968854,-5.141894511257895,0.0,1.0,1.4639907337851308,14.36216957344868,0.0,1.0973820282003526,0.0014247677944614627,1.0,-1.269114716466418e-08,0.9999732613244529,0.0004428999967140032,1.0,1.0,0.0,0.7552557368717128,0.0,0.9999878267621034,3.2966331676208305,4.369111831413891,0.0,0.5341982474713025,3.1250628423837563,1.0038767648751308,0.4286214147778989,1.012103422760354,0.8494161670111567,0.00017007504329479142,0.0,0.0,1.0,1.4999876366674878,3,3.5455230744816375,0.0,0.8799496720769779,0.0,68.02209041561356,0.0,90.24902711987255,0.0,9.9326265474713,0.0,34.022756388726755,0.0,0.1562985253927306,0.0,0.0,0.0,0.0,9.851310212509535e-06,0.0,0.0,0.0,0.5403348037262652,0.0,0.0,0.0,0.0,0.0,0.0,0.31047380637075134,0.0027631902227224507,0.0,2.489411369577287,0.0,0.0,0.0,0.2133677991144118,0.0,382.0255993184268,0.0,0.0,0.0,0.5746401267829223,0.0,46.71094546364535,0.0,0.0,2.375677313722067,0.2502789919186276,0.3080238582152513,0.0,0.6667628140508345,0.0,0.0,0.06022405241069996,0.0,0.0,380.48503750639117,1.0,0.827662168420334,1.0,6.299132500331943e-05,1.0767605078340448,0.0,0.0,0.0,0.0,1.0523638577504482,0.0,1.1209394861919018,-0.0019079984245637968,0.0,1.0,0.0,1.0,0.9930770681960951,0.0,0.6101488050152124,-0.0018867043575792415,0.08463270421284025,-3.338359857858836,-2.0705634435919524,-1.2071092958365193,-8.26366276312182,-1.4423596645077734,4,5,0.0,1.5,0.5,0.0,0.0,0.0,0.0,0.0,0.0,0.0,0.0,0.0,0.0,0.0,0.0,-1.0,1.0,1.0,0.0,1
VAR_002613,-0.0783428963784724,-3.8059031320814635e-07,-3.004136269736329e-07,-5.4653554515842356e-05,-1.1041372304889563e-05,-4.831251662299113e-06,-0.017267181209998077,-4.8105745895704074e-06,-8.537446705068216e-06,0.0,-0.10946537831009982,8,0.0,0.0,0.0,0.0,0.0,0.0,0.0,0.0,0.0,0.0,0.0,0.0,0.0,0.0,0.0,0.0,0.0,0.0,0.0,0.0,0.0,0.0,0.0,0.0,0.0,0.0,0.0,0.0,0.0,0.0,0.0,0.0,0.0,0.0,0.0,7,0.0,0.0,2,2,-0.28101885132252447,0.37583608933771884,0.0,0.0,0.0,0.0010087417978157866,0.0,1.0,0.0,-2.232082058905871e-07,0.0,1.0211217302520188,0.15335871214452626,1.03328300264074,0.0,1.0,0.0,1.033343193436707,0.0,0.02576131665217165,-4.2842560851305255e-07,0.16659208607425668,0.8519441946700869,0.0,1.0658803519701643,3.3601575252387406,1.3367590874913071,0.9071728678891156,0.9989349417923232,0.04996308987640521,0.31105692021104264,1.0,0.0,0.0,2,-0.12767577396956306,0.0,0.0,0.0,0.0,0.0,0.0,0.0,0.0,0.0,0.0,0.0,0.0,0.0,0.0,0.0,0.0,0.0,0.0,0.0,0.0,0.0,0.0,0.0,0.0,0.0,0.0,0.0,0.0,0.0,0.0,0.0,0.0,0.0,0.0,0.0,0.0,0.0,0.0,0.0,0.0,0.0,0.0,0.0,0.0,0.0,0.0,0.0,0.0,0.0,0.0,0.0,0.0,0.0,0.0,0.0,0.0,1.0,-0.053870693560793714,0.0,-0.0006064556199666778,0.07672467672000698,0.0,1.3567280917008726,0.0,0.0,-0.00030341346183987287,1.0,0.3965475961322243,0.050357679353831286,0.0,1.0,0.0,0.0,1.0068206201927412,1.2101454315057372,1.022529765069108,-0.0018844489085233257,0.08463270421284025,0.22692363072109445,0.17327049790207177,-0.30270975582221504,-0.5605053998869886,0.06251304110679545,0,19,-0.5652173913043478,1.0,0.5,0.0,0.0,0.0,0.0,0.0,0.0,0.0,0.0,1.0,0.0,0.0,0.0,,0.0,0.0,0.0,0
VAR_002659,0.0032118188050289692,-3.8057985568656757e-07,3.5395711683710195e-06,0.012122009198895027,0.022743688050921883,16.81070543081756,-0.017266798808627432,0.21990443647233004,5.109007557654157,10358.913879969783,1.2219298134098402,30,0.0,0.0,0.0,0.0,0.0,0.0,0.0,0.0,0.0,0.0,0.0,0.0,0.0,0.0,0.0,0.0,0.0,0.0,0.0,0.0,0.0,0.0,0.0,0.0,0.0,0.0,0.0,0.0,0.0,0.0,0.0,0.0,0.0,0.0,0.0,7,0.0,0.0,4,4,-1.1173624283857575,-0.17121447439160203,0.0,0.0,0.0,-3.884553607683874e-07,0.0,0.0,0.0,-2.2320821211521196e-07,0.0,-1.4948262435770877e-08,-2.6709219008793652e-05,-1.4124635230450503e-05,0.0,0.0,0.0,-2.5336807690208568e-08,0.0,-1.2312450534260474e-06,-4.3419141492691217e-07,-3.5038624508476836e-08,0.0,0.0,0.0,-3.837678156849658e-07,0.0,-1.2618654649194024e-06,0.0,-1.1505932956688551e-07,0.0,0.0,0.0,0.0,4,-0.055006071555067315,0.0,0.0,0.0,0.0,0.0,0.0,0.0,0.0,0.0,0.0,0.0,0.0,0.0,0.0,0.0,0.0,0.0,0.0,0.0,0.0,0.0,0.0,0.0,0.0,0.0,0.0,0.0,0.0,0.0,0.0,0.0,0.0,0.0,0.0,0.0,0.0,0.0,0.0,0.0,0.0,0.0,0.0,0.0,0.0,0.0,0.0,0.0,0.0,0.0,0.0,0.0,0.0,0.0,0.0,0.0,0.0,0.0,-4.847021668267858e-05,0.0,0.01285004702915237,1.0729313120996387,0.0,0.34330835807568444,0.0,1.2911247775907504,0.5672361170684088,1.0,0.3664049905592469,-0.0019090288143724836,0.0,0.0,0.0,0.0,-0.0008693491940778743,1.2101454315057372,-0.00024239436865690155,0.8834555123267122,-1.250834879225771,-3.91017731813211,0.17327049790207177,-0.46248523818559817,-0.3809367694903743,-0.07698437860949477,5,7,0.6739130434782609,-0.5,-0.5,0.0,1.0,0.0,0.0,0.0,0.0,0.0,0.0,0.0,0.0,0.0,0.0,-1.0,0.0,0.0,0.0,1
VAR_002864,-0.0035343754278232536,0.00015715153688977676,2.3687490704073584,0.0982595214061826,0.015736922112518967,4.2517313143001605,0.5597315254080624,0.8268265152548628,-8.537139617072123e-06,3.012625185424228,0.18250335825762218,28,0.0,0.0,0.0,0.0,0.0,0.0,0.0,0.0,0.0,2.71801587123306,0.0,1.0,0.0,0.0,1.1447171326883876,2.109095389322438,2.0985876590160393,0.0,0.921665603287863,0.0010592635491768997,0.0,3.308452545308455,1.0132514580063678,3.813771391455777,1.0,1.0,0.2334522709822415,0.0,0.561268274872861,1.0,1.0,1.0,1.0,2.896091433730838,1.0,3,12.451152149809639,1.0,3,3,0.6241715643873605,0.7892666884898595,0.0,0.0,0.0,-3.884553607683874e-07,0.0,0.0,0.0,-2.2320821211521196e-07,0.0,-1.4948262435770877e-08,-2.6709219008793652e-05,-1.4124635230450503e-05,0.0,0.0,0.0,-2.5336807690208568e-08,0.0,-1.2312450534260474e-06,-4.3419141492691217e-07,-3.5038624508476836e-08,0.0,0.0,0.0,-3.837678156849658e-07,0.0,-1.2618654649194024e-06,0.0,-1.1505932956688551e-07,0.0,0.0,1.0,0.5039238659030408,3,0.14993329636405894,5.595034830509547,0.0,0.0,24.703798951890114,0.0,791.6410446104959,0.0,0.00025983275498415537,0.0,105.23644058259843,0.0,0.0,0.0,0.0,0.0,0.0,250.59244300858006,0.0,0.0,0.0,0.0,0.0,0.0,0.0,0.0,0.0,1.0,1778.0481048983004,0.004558832788159279,0.0,0.0,0.0,1.0,13420.835065352017,0.5212549106520205,0.0,376.26891247668505,1.2582810464479492,0.4388462244726634,0.0,0.0,0.0,4.966745175128224,0.0,0.0,164.44618116722896,5.5444469879031546e-08,38533.26332812162,0.0,3.223671238484157,0.0,1.0,51.79125745731947,0.1822435167543196,0.0,381.29651504716384,1.0,0.16947417170246112,0.0,0.033834056758405576,0.8811648782909433,0.0,0.2575572252627537,0.0,0.0,1.052448559375083,0.0,0.8627018504249493,1.023879578463448,0.0,1.0,0.0,0.0,0.0010792239585579915,0.12150293674522884,-0.006857480952517881,-0.00040568376691101825,0.08463270421284025,0.16146365667094748,-0.8475559676546277,0.6948057208194119,0.5036441133332127,0.7534580570099187,0,22,0.5217391304347826,0.5,0.5,0.0,0.0,0.0,0.0,0.0,1.0,0.0,0.0,0.0,0.0,0.0,0.0,-1.0,1.0,1.0,0.0,1
VAR_002763,0.07124907468302101,2.0629135162526597,0.010555944928555282,3.8968057818926485,-1.1041371745210503e-05,-3.751321662110228e-06,0.6285243884109317,0.3442049142862362,0.007650795608369088,0.0,-0.06847421028344199,16,0.0,0.0,0.0,0.0,0.0,0.0,0.0,0.0,0.0,0.0,0.0,0.0,0.0,0.0,0.0,0.0,0.0,0.0,0.0,0.0,0.0,0.0,0.0,0.0,0.0,0.0,0.0,0.0,0.0,0.0,0.0,0.0,0.0,0.0,0.0,7,0.0,0.0,3,3,-0.42964848936537314,0.3563945493419712,0.0,0.0,0.0,0.273256003965052,0.0,1.0,0.0,0.6595291189750561,1.0,0.6939195549565186,1.000009287844405,0.0006632950487295142,1.0,1.0,2.6025028394768315,1.38237767598162,0.0,1.0000202718504367,1.0000759978565938,2.3185355104658203e-08,0.2535899824564323,1.3415873261671332,2.0350378701392913,0.010787280071505959,1.3367590874913071,1.0133936259913874,0.0,1.0262938449187808,1.372499837548093,1.0,0.0,0.0,3,0.27632387049085916,0.0,0.0,0.0,0.0,0.0,0.0,0.0,0.0,0.0,0.0,0.0,0.0,0.0,0.0,0.0,0.0,0.0,0.0,0.0,0.0,0.0,0.0,0.0,0.0,0.0,0.0,0.0,0.0,0.0,0.0,0.0,0.0,0.0,0.0,0.0,0.0,0.0,0.0,0.0,0.0,0.0,0.0,0.0,0.0,0.0,0.0,0.0,0.0,0.0,0.0,0.0,0.0,0.0,0.0,0.0,0.0,1.0,0.011173255851802155,0.0,-0.0005065743548162877,0.793713606595409,0.0,0.0,0.0,0.0,1.052228238230469,1.0,1.1209394862474247,0.010377363457296547,0.0,0.0,0.0,0.0,0.9232090133283041,1.2101454315057372,1.0224653920020557,-0.0015228258317582153,0.08463270421284025,0.22692363072109445,0.17327049790207177,0.7363263135454579,0.41406489730363105,0.7418951615651007,0,22,0.5217391304347826,0.5,0.5,0.0,0.0,0.0,0.0,0.0,1.0,0.0,0.0,0.0,0.0,0.0,0.0,0.0,0.0,1.0,0.0,1
VAR_002578,-0.0012500107505121938,1.3986734609941183,0.0028291999302566553,0.04574354078612865,0.8646209146772343,-4.831251662253028e-06,0.5135761491312876,5.3348855651756586e-05,0.5773004116766391,0.0,1.402641811172642,9,0.0,0.0,0.0,0.0,0.0,0.0,0.0,0.0,0.0,1.799207974381282e-12,1.0,1.0,0.0,1.0,0.0,1.845638758709604,2.792139809322397,7.942612919190069,5.024355100600219,0.0005860891624876223,1.0,0.00017809393660689265,0.0,0.0,1.0,0.0,0.8988976237617705,1.0,41.718679413688335,0.0,1.0,1.0,0.0,2.896091433730838,1.0,1,0.5371741244027937,0.0,2,2,-0.7140326775560415,-0.03243020612869419,0.0,1.0,1.0,1.4003398597726413,0.0,1.0,0.1749304202179419,4.194179768798879e-07,1.0,1.1810648088296267,0.11976619255950176,0.00012429095306725933,1.0,0.0,0.0,0.1709231098360425,0.0,0.9814531599131038,0.924749258551476,-3.5031501562821056e-08,0.7995136984203145,0.04641332543041527,0.0,3.566995376553011,0.06402325365401024,1.0134445074055145,1.7211247992804508,1.0289161839530891,1.372499837548093,1.0,0.0,1.0005924609735863,2,-0.03091341330118538,0.0,0.0,0.0,0.0,0.0,0.0,0.0,0.0,0.0,0.0,0.0,0.0,0.0,0.0,0.0,0.0,0.0,0.0,0.0,0.0,0.0,0.0,0.0,0.0,0.0,0.0,0.0,0.0,0.0,0.0,0.0,0.0,0.0,0.0,0.0,0.0,0.0,0.0,0.0,0.0,0.0,0.0,0.0,0.0,0.0,0.0,0.0,0.0,0.0,0.0,0.0,0.0,0.0,0.0,0.0,0.0,0.0,-0.05539409953996985,0.0,0.011600502518898183,0.9838016145758954,0.0,1.0666909391245987,0.0,0.0,-0.0003085315931262075,1.0,1.120939443794875,1.023449690156867,0.0,0.0,0.0,0.0,0.023551317787055378,0.0,0.062482251196332356,-0.0009397896763535333,-1.0563630982949228,0.18050732443045103,0.17327049790207177,-0.42006491783298294,-0.6097899048061878,-0.3085441420538698,16,21,0.826086956521739,0.0,-0.5,0.0,0.0,0.0,0.0,0.0,0.0,0.0,1.0,0.0,0.0,0.0,0.0,0.0,1.0,0.0,1.0,1
VAR_002794,0.96926331551647,0.009505216118753096,0.002239360389210197,-5.4653553116653546e-05,6.667407346783594,0.0004659540884157045,1.5566195715308213,0.3474122150226563,78.42387260824766,0.0,-0.028519001873721177,16,0.0,0.0,0.0,0.0,0.0,0.0,0.0,0.0,0.0,0.0,0.0,0.0,0.0,0.0,0.0,0.0,0.0,0.0,0.0,0.0,0.0,0.0,0.0,0.0,0.0,1.0,0.0,0.0,0.9520108140377525,1.0,0.0,0.3128690951206459,1.0,0.0,1.0,3,5.274599620311139e-06,1.0,2,2,0.14479427630865016,0.33577673772495104,3.982148806669067,0.0,0.0,0.00909388931185931,9.103740914996866,1.0,1.0973820282003526,1.0000391254884877,1.0,4.487993512505318e-10,1.0000077769932367,-1.2011156361288432e-05,1.0,1.0,0.2517026192077221,1.033343137736376,0.0,0.9610277221144455,1.0000787395556725,0.05381860041283832,1.766490451245126,1.3415873261671332,0.0,0.002938535977286518,0.0,1.0122716016580633,0.0,0.06219654095049816,0.8620909143527334,1.0,0.0,0.0,2,-0.051068225114690696,5.595034830509547,1.0,0.0,2.1079768736908149e-07,0.0,422.64867580058524,0.0,9.932727258976264,0.0,32.01003295120478,0.0,0.731392719880688,0.0,0.0,1.0,0.0,250.56151682541167,0.0,0.0,1.5246036095718187,0.0,0.0,0.6680257883653288,0.0,0.0,0.0,0.0,108.40340965298519,317.3030951173781,0.0,3.2441455086587174,0.0,1.0,13412.778311669186,1.0,0.0,0.007973169740591955,1.5966885415373189,0.0,0.0,0.0,0.0,1.341525803086929e-06,0.0,0.2812406990893896,2.975280638962414e-15,22.549377982077775,8.40708098336385,0.0,1.4476501047312103,0.0,1.0,5714.465761057302,1.0,0.0,319.78241575874074,1.0,0.6639708226925677,0.0,0.8064437883521216,0.30856194420254995,0.0,0.0,0.0,0.0,0.22857297987678693,0.0,0.16762935995859668,0.8361309119430529,0.0,1.0,0.0,1.0,1.006743271874127,0.2569641993900183,-0.0068574811393666245,-0.001886454504224403,-2.897283861859761,-2.686596173548295,0.028503374567513073,0.22852169296941865,-0.3718926079177007,0.07270138157090188,5,16,0.0,1.5,-0.5,0.0,0.0,0.0,0.0,0.0,0.0,0.0,1.0,0.0,0.0,0.0,0.0,0.0,1.0,1.0,0.0,1
VAR_002942,0.07127889680773641,0.009965035221210887,-2.920763669966332e-07,-5.4653554515841644e-05,0.07180828051773015,12.416029217477488,0.2033294868631523,-4.809337320317956e-06,14.27271746338165,0.0,1.3807118119239727,16,0.0,0.0,0.0,0.0,0.0,0.0,0.0,0.0,0.0,0.0,0.0,0.0,0.0,0.0,0.0,0.0,0.0,0.0,0.0,0.0,0.0,0.0,0.0,0.0,0.0,0.0,0.0,0.0,0.0,0.0,0.0,0.0,0.0,0.0,0.0,7,0.0,0.0,2,2,0.5131597782805274,0.47105319731251205,0.0,0.0,0.0,-3.884553607683874e-07,0.0,0.0,0.0,-2.2320821211521196e-07,0.0,-1.4948262435770877e-08,-2.6709219008793652e-05,-1.4124635230450503e-05,0.0,0.0,0.0,-2.5336807690208568e-08,0.0,-1.2312450534260474e-06,-4.3419141492691217e-07,-3.5038624508476836e-08,0.0,0.0,0.0,-3.837678156849658e-07,0.0,-1.2618654649194024e-06,0.0,-1.1505932956688551e-07,0.0,0.0,0.0,0.0,2,-0.1595482629524884,0.0,0.0,0.0,0.0,0.0,0.0,0.0,0.0,0.0,0.0,0.0,0.0,0.0,0.0,0.0,0.0,0.0,0.0,0.0,0.0,0.0,0.0,0.0,0.0,0.0,0.0,0.0,0.0,0.0,0.0,0.0,0.0,0.0,0.0,0.0,0.0,0.0,0.0,0.0,0.0,0.0,0.0,0.0,0.0,0.0,0.0,0.0,0.0,0.0,0.0,0.0,0.0,0.0,0.0,0.0,0.0,0.0,1.0075116106881452,1.0,1.0990752401773098,1.0493717369300493,0.0,0.0,0.0,1.0578247736889403,1.052451187606469,1.0,-0.00023817334724978865,0.35727811469487586,0.0,1.0,0.0,0.0,1.0068206201593553,0.09997783591250457,-0.006857481141399208,1.0653726587755405,-0.2612092475571439,0.16087006341575322,0.012824322210648944,0.19511906537452547,-0.5465436287743692,-0.045941036816008786,2,24,-0.826086956521739,-0.5,-0.5,0.0,0.0,0.0,0.0,0.0,0.0,1.0,0.0,0.0,0.0,0.0,0.0,0.0,0.0,1.0,0.0,1
VAR_002616,-0.0783428963784724,-3.8059031320814635e-07,-3.004136269736329e-07,-5.4653554515842356e-05,-1.1041372304889563e-05,-4.831251662299113e-06,-0.017267181209998077,-4.8105745895704074e-06,-8.537446705068216e-06,0.0,-0.10946537831009982,8,0.0,0.0,0.0,0.0,0.0,0.0,0.0,0.0,0.0,0.0,0.0,0.0,0.0,0.0,0.0,0.0,0.0,0.0,0.0,0.0,0.0,0.0,0.0,0.0,0.0,0.0,0.0,0.0,0.0,0.0,0.0,0.0,0.0,0.0,0.0,7,0.0,0.0,1,1,-0.19521633528251686,0.4711052797568906,0.0,0.0,1.0,1.4333553996384898,14.36216957344868,0.0,1.0973820282003526,-1.7565958828904058e-07,0.0,0.6093143533326939,0.0027400104090541796,1.0282598874906956,1.0,0.0,2.934526532233309,0.25959565133330914,1.0,6.8335281084858375,0.24745854637672002,19.302355950388737,0.0,0.0,0.0,-3.767784906346739e-07,0.03497953164449527,1.0134559340483993,0.0,0.8719068781119649,1.372499837548093,1.0,0.0,0.0,1,0.016760585410305496,0.0,0.0,0.0,0.0,0.0,0.0,0.0,0.0,0.0,0.0,0.0,0.0,0.0,0.0,0.0,0.0,0.0,0.0,0.0,0.0,0.0,0.0,0.0,0.0,0.0,0.0,0.0,0.0,0.0,0.0,0.0,0.0,0.0,0.0,0.0,0.0,0.0,0.0,0.0,0.0,0.0,0.0,0.0,0.0,0.0,0.0,0.0,0.0,0.0,0.0,0.0,0.0,0.0,0.0,0.0,0.0,0.0,-0.11072982886915257,0.0,-0.0006064556200556692,-0.0018293998462169062,0.0,0.0,0.0,0.0,-0.00030853159312632406,0.0,-0.00028032881180293964,-0.0019096288697232238,0.0,0.0,0.0,0.0,-0.000870651106593671,0.0,-0.006857481141634066,-0.0018867740910451342,-1.3464340158707184,0.22692363072109445,-1.7748161021684512,0.3755541549819332,1.1427267023082022,0.5505943030996361,6,22,0.30434782608695654,0.0,-0.5,0.0,0.0,0.0,0.0,0.0,0.0,0.0,0.0,0.0,0.0,0.0,1.0,,0.0,0.0,0.0,1
VAR_003187,-0.0783428963784724,-3.8059031320814635e-07,-3.004136269736329e-07,-5.4653554515842356e-05,-1.1041372304889563e-05,-4.831251662299113e-06,-0.017267181209998077,-4.8105745895704074e-06,-8.537446705068216e-06,0.0,-0.10946537831009982,8,0.0,0.0,0.0,0.0,0.0,0.0,0.0,0.0,0.0,0.0,0.0,0.0,0.0,0.0,0.0,0.0,0.0,0.0,0.0,0.0,0.0,0.0,0.0,0.0,0.0,0.0,0.0,0.0,0.0,0.0,0.0,0.0,0.0,0.0,0.0,7,0.0,0.0,4,4,-0.5908729356835641,-0.06787224499788186,0.0,0.0,0.0,-3.884553607683874e-07,0.0,0.0,0.0,-2.2320821211521196e-07,0.0,-1.4948262435770877e-08,-2.6709219008793652e-05,-1.4124635230450503e-05,0.0,0.0,0.0,-2.5336807690208568e-08,0.0,-1.2312450534260474e-06,-4.3419141492691217e-07,-3.5038624508476836e-08,0.0,0.0,0.0,-3.837678156849658e-07,0.0,-1.2618654649194024e-06,0.0,-1.1505932956688551e-07,0.0,0.0,0.0,0.0,4,-0.169222268148316,0.0,0.0,0.0,0.0,0.0,0.0,0.0,0.0,0.0,0.0,0.0,0.0,0.0,0.0,0.0,0.0,0.0,0.0,0.0,0.0,0.0,0.0,0.0,0.0,0.0,0.0,0.0,0.0,0.0,0.0,0.0,0.0,0.0,0.0,0.0,0.0,0.0,0.0,0.0,0.0,0.0,0.0,0.0,0.0,0.0,0.0,0.0,0.0,0.0,0.0,0.0,0.0,0.0,0.0,0.0,0.0,0.0,-0.11072982886915257,0.0,-0.0006064556200556692,-0.0018293998462169062,0.0,0.0,0.0,0.0,-0.00030853159312632406,0.0,-0.00028032881180293964,-0.0019096288697232238,0.0,0.0,0.0,0.0,-0.000870651106593671,0.0,-0.006857481141634066,-0.0018867740910451342,-1.9404291036585708,0.07481838541047854,-1.3989709090741531,-0.45450803613218377,0.992237066161858,-0.8048243286544221,10,9,1.826086956521739,0.0,-1.0,0.0,0.0,1.0,0.0,0.0,0.0,0.0,0.0,0.0,0.0,0.0,0.0,,0.0,0.0,0.0,1
VAR_002915,0.0861809933862636,0.09184140277224291,0.0028345357715216365,1.4964448273378341,0.013343096639163672,0.0002895933844297024,0.09242280700931887,0.00505343590286616,0.0023540968795015345,0.0,-0.10368498824126957,16,0.0,0.0,0.0,0.0,0.0,0.0,0.0,0.0,0.0,0.0,0.0,0.0,0.0,0.0,0.0,0.0,0.0,0.0,0.0,0.0,0.0,0.0,0.0,3.813771391455777,1.0,0.0,0.0,0.0,417.1866851813378,1.0,0.0,0.0,1.0,2.896091433730838,1.0,2,0.28146980487331635,1.0,4,4,-0.6929603350612661,-1.6780847472091618,2.4985689749049422,0.0,0.0,-3.884553607683874e-07,0.0,0.0,0.0,-2.2320821211521196e-07,0.0,-1.4948262435770877e-08,-2.6709219008793652e-05,-1.4124635230450503e-05,0.0,0.0,0.0,-2.5336807690208568e-08,0.0,-1.2312450534260474e-06,-4.3419141492691217e-07,-3.5038624508476836e-08,0.0,0.0,0.0,-3.837678156849658e-07,0.0,-1.2618654649194024e-06,0.0,-1.1505932956688551e-07,0.0,0.0,0.0,0.0,4,0.3008165489004582,0.0,0.0,0.0,0.0,0.0,0.0,0.0,0.0,0.0,0.0,0.0,0.0,0.0,0.0,0.0,0.0,0.0,0.0,0.0,0.0,0.0,0.0,0.0,0.0,0.0,0.0,0.0,0.0,0.0,0.0,0.0,0.0,0.0,0.0,0.0,0.0,0.0,0.0,0.0,0.0,0.0,0.0,0.0,0.0,0.0,0.0,0.0,0.0,0.0,0.0,0.0,0.0,0.0,0.0,0.0,0.0,0.0,-0.055382630291997366,1.0,1.1717744985794676,-0.0018293998438931628,0.0,0.0,0.0,0.0,-0.00015900370746637317,1.0,1.0153084570135693,0.1702013209183509,0.0,1.0,0.0,0.0,-0.0008648605542937432,0.0,1.0076161472453216,1.0239437044364184,0.08463270421284025,-0.012006658928502972,-0.46730461559369424,0.0,-0.13979210713342752,-0.4179790669536395,4,22,1.6739130434782608,-1.0,-0.5,0.0,0.0,1.0,0.0,0.0,0.0,0.0,0.0,0.0,0.0,0.0,0.0,0.0,1.0,1.0,0.0,1
VAR_003085,21.308889647239198,1.0930944045936,0.009169497892376451,5.9931574033881825,-1.0822608446321095e-05,8.290735149030528e-05,0.07753320894353512,17.967485545100118,972.1032824883338,0.031549020815457116,14.776016164566503,19,0.5174279358411398,0.0002018373656723,0.0,0.0999943925610767,0.0067325225781696,4.497401037844228e-06,0.9002250123464577,0.0,0.0,2.7180158730059,0.0,1.0,0.7996287058837169,1.0,1.1447171326883876,2.1092442335615607,8.18140231963962,16.422231567765632,1.470268955206919e-08,2055.0432760019776,1.0,33.08452545308564,1.0132514580063678,3.813771391455777,0.0,1.0,1.0,0.0,41.68486239346156,1.0,0.0,1.0,1.0,2.896091433730838,0.0,6,125.8975059663205,1.0,3,3,0.503512010525181,0.675519398157894,-0.03895315178222969,0.0,1.0,1.4562179901190664,14.36216957344868,1.0,0.0,5.81070287260733,0.0,0.5456463659986976,6.0138341157119415,0.13456984387264576,1.0,0.9593308855891572,2.934526532233309,10.333432623769118,1.0,1.0233309117985603,6.0208439872968125,9.586365079003166,3.1982118410375797,0.0,0.0,10.038771102665875,1.3367590874913071,1.4559212112385902,0.0,1.040445283354105,1.372499837548093,1.0,0.0,1.5635447663510402,3,13.95067302528799,5.595034830509547,0.6861212093046146,0.0,1.6275034840381007e-05,0.0,0.0012974299531195975,0.0,9.8087985181444,0.0,64.52793445529586,0.0,0.1405934850030497,0.0,1.0,1.0,0.0,2505.947073566713,0.0,0.0,1.5246036095718187,1.0,0.0,0.0,0.0,0.8296673787071942,0.0,0.0,6.092661014161184e-12,0.010951915655070546,0.0,0.0,0.0,1.0,13430.810868971355,1.0,0.0,382.02090327361424,1.5966885415373189,1.0,0.0,0.4568548975758726,0.0,53.67607337274979,0.0,1.0,164.30488921128057,2.982833381518421e-10,4.322161005332043e-06,0.0,3.223671238484157,0.0,1.0,5718.077640032978,1.0,0.0,381.29989473834473,1.0,11.69046630571792,0.0,0.007729458067169866,1.0460223486111269,0.0,0.1335505676451414,0.0,1.2911247775907504,1.0505553835012797,0.0,0.0009062464839428589,-0.00018591328127846713,0.0,1.0,0.0,1.0,10.076042062005166,1.2101454315057372,10.287133936374294,10.673026350788486,-0.300247824121496,0.10751542049744038,0.17327049790207177,0.5501406617518445,0.4717191160111621,0.6404255798728028,14,19,0.17391304347826086,0.0,0.5,0.0,0.0,0.0,0.0,0.0,1.0,0.0,0.0,0.0,0.0,0.0,0.0,0.0,1.0,0.0,0.0,1
VAR_002717,-0.0783428963784724,-3.8059031320814635e-07,-3.004136269736329e-07,-5.4653554515842356e-05,-1.1041372304889563e-05,-4.831251662299113e-06,-0.017267181209998077,-4.8105745895704074e-06,-8.537446705068216e-06,0.0,-0.10946537831009982,8,0.0,0.0,0.0,0.0,0.0,0.0,0.0,0.0,0.0,0.0,0.0,0.0,0.0,0.0,0.0,0.0,0.0,0.0,0.0,0.0,0.0,0.0,0.0,0.0,0.0,0.0,0.0,0.0,0.0,0.0,0.0,0.0,0.0,0.0,0.0,7,0.0,0.0,2,2,0.2589453832961145,0.3434704126738571,-2.8755082068282065,0.0,0.0,-3.884553607683874e-07,0.0,0.0,0.0,-2.2320821211521196e-07,0.0,-1.4948262435770877e-08,-2.6709219008793652e-05,-1.4124635230450503e-05,0.0,0.0,0.0,-2.5336807690208568e-08,0.0,-1.2312450534260474e-06,-4.3419141492691217e-07,-3.5038624508476836e-08,0.0,0.0,0.0,-3.837678156849658e-07,0.0,-1.2618654649194024e-06,0.0,-1.1505932956688551e-07,0.0,0.0,0.0,0.0,2,-0.169222268148316,0.0,0.0,0.0,0.0,0.0,0.0,0.0,0.0,0.0,0.0,0.0,0.0,0.0,0.0,0.0,0.0,0.0,0.0,0.0,0.0,0.0,0.0,0.0,0.0,0.0,0.0,0.0,0.0,0.0,0.0,0.0,0.0,0.0,0.0,0.0,0.0,0.0,0.0,0.0,0.0,0.0,0.0,0.0,0.0,0.0,0.0,0.0,0.0,0.0,0.0,0.0,0.0,0.0,0.0,0.0,0.0,0.0,-0.11072982886915257,0.0,-0.0006064556200556692,-0.0018293998462169062,0.0,0.0,0.0,0.0,-0.00030853159312632406,0.0,-0.00028032881180293964,-0.0019096288697232238,0.0,0.0,0.0,0.0,-0.000870651106593671,0.0,-0.006857481141634066,-0.0018867740910451342,0.08463270421284025,0.22692363072109445,-0.7308023460482087,-0.2846587598900645,-0.5091281643810984,0.04932774599224202,22,19,0.021739130434782584,-1.0,-1.0,0.0,0.0,0.0,0.0,0.0,0.0,0.0,1.0,0.0,0.0,0.0,0.0,,0.0,0.0,0.0,1
VAR_002786,-0.0035251357438439495,2.530634536409285,-3.003448021000441e-07,72.5138852423012,0.6248139777330299,38.54326451588656,0.09242940356067711,0.0002246872742965117,0.013384780176320546,0.0,5.248140274537278,16,0.0,0.0,0.0,0.0,0.0,0.0,0.0,0.0,0.0,0.0,0.0,0.0,0.0,0.0,0.0,0.0,0.0,0.0,0.0,0.0,0.0,0.0,0.0,0.0,0.0,0.0,0.0,0.0,0.0,0.0,0.0,0.0,0.0,0.0,0.0,7,0.0,0.0,1,1,-0.4057691151451092,0.021193564575554984,4.747623244175214,1.0,1.0,-3.419823494045893e-07,0.0,1.0,1.0973820282003526,0.007362784431655005,1.0,0.0009791556513615073,0.10273157892395321,0.3486203940447688,0.0,0.0,0.0,1.0296952652259812,1.0,1.0000204123007503,0.002780051019444507,-2.8686727534573934e-08,0.17115246352252791,0.0,0.0,1.002766478716258,1.3367590874913071,0.0013891178140741664,0.3899127255269635,-1.0508592718156557e-07,1.372499837548093,0.0,0.0,0.0,1,-0.16300883867366217,0.0,0.0,0.0,0.0,0.0,0.0,0.0,0.0,0.0,0.0,0.0,0.0,0.0,0.0,0.0,0.0,0.0,0.0,0.0,0.0,0.0,0.0,0.0,0.0,0.0,0.0,0.0,0.0,0.0,0.0,0.0,0.0,0.0,0.0,0.0,0.0,0.0,0.0,0.0,0.0,0.0,0.0,0.0,0.0,0.0,0.0,0.0,0.0,0.0,0.0,0.0,0.0,0.0,0.0,0.0,0.0,1.0,-0.038225430143535154,0.0,0.9792298254953214,1.0628252737805575,0.0,0.0,0.0,0.0,-0.00030233660007834015,0.0,1.1194744990429693,-0.0018855308938632018,0.0,1.0,0.0,0.0,1.0068206202045653,0.0,0.6535880636133516,0.017666356738704328,-0.4437966884625099,0.22692363072109445,-1.404561826768583,-0.04972563480134054,0.6038252906454693,0.5375640879364295,2,17,-1.5217391304347825,-1.0,-0.5,0.0,0.0,0.0,0.0,0.0,0.0,0.0,0.0,0.0,0.0,1.0,0.0,0.0,0.0,1.0,0.0,1
VAR_002828,-0.0783428963784724,-3.8059031320814635e-07,-3.004136269736329e-07,-5.4653554515842356e-05,-1.1041372304889563e-05,-4.831251662299113e-06,-0.017267181209998077,-4.8105745895704074e-06,-8.537446705068216e-06,0.0,-0.10946537831009982,8,0.0,0.0,0.0,0.0,0.0,0.0,0.0,0.0,0.0,0.0,0.0,0.0,0.0,0.0,0.0,0.0,0.0,0.0,0.0,0.0,0.0,0.0,0.0,0.0,0.0,0.0,0.0,0.0,0.0,0.0,0.0,0.0,0.0,0.0,0.0,7,0.0,0.0,4,4,-0.013152605353187758,0.5207347702590496,0.0,0.0,0.0,-3.884553607683874e-07,0.0,0.0,0.0,-2.2320821211521196e-07,0.0,-1.4948262435770877e-08,-2.6709219008793652e-05,-1.4124635230450503e-05,0.0,0.0,0.0,-2.5336807690208568e-08,0.0,-1.2312450534260474e-06,-4.3419141492691217e-07,-3.5038624508476836e-08,0.0,0.0,0.0,-3.837678156849658e-07,0.0,-1.2618654649194024e-06,0.0,-1.1505932956688551e-07,0.0,0.0,0.0,0.0,4,-0.169222268148316,0.0,0.0,0.0,0.0,0.0,0.0,0.0,0.0,0.0,0.0,0.0,0.0,0.0,0.0,0.0,0.0,0.0,0.0,0.0,0.0,0.0,0.0,0.0,0.0,0.0,0.0,0.0,0.0,0.0,0.0,0.0,0.0,0.0,0.0,0.0,0.0,0.0,0.0,0.0,0.0,0.0,0.0,0.0,0.0,0.0,0.0,0.0,0.0,0.0,0.0,0.0,0.0,0.0,0.0,0.0,0.0,0.0,-0.11072982886915257,0.0,-0.0006064556200556692,-0.0018293998462169062,0.0,0.0,0.0,0.0,-0.00030853159312632406,0.0,-0.00028032881180293964,-0.0019096288697232238,0.0,0.0,0.0,0.0,-0.000870651106593671,0.0,-0.006857481141634066,-0.0018867740910451342,0.08463270421284025,0.046392308431986315,0.17327049790207177,0.3274977832975399,-0.40126737894248854,0.0,23,3,0.826086956521739,-0.5,-0.5,0.0,1.0,0.0,0.0,0.0,0.0,0.0,0.0,0.0,0.0,0.0,0.0,,0.0,0.0,0.0,1
VAR_002899,-0.0783428963784724,-3.8059031320814635e-07,-3.004136269736329e-07,-5.4653554515842356e-05,-1.1041372304889563e-05,-4.831251662299113e-06,-0.017267181209998077,-4.8105745895704074e-06,-8.537446705068216e-06,0.0,-0.10946537831009982,8,0.0,0.0,0.0,0.0,0.0,0.0,0.0,0.0,0.0,0.0,0.0,0.0,0.0,0.0,0.0,0.0,0.0,0.0,0.0,0.0,0.0,0.0,0.0,0.0,0.0,0.0,0.0,0.0,0.0,0.0,0.0,0.0,0.0,0.0,0.0,7,0.0,0.0,3,3,-1.2591070510041662,-0.5605467530211421,-7.352638739464207,0.0,0.0,-3.884553607683874e-07,0.0,0.0,0.0,-2.2320821211521196e-07,0.0,-1.4948262435770877e-08,-2.6709219008793652e-05,-1.4124635230450503e-05,0.0,0.0,0.0,-2.5336807690208568e-08,0.0,-1.2312450534260474e-06,-4.3419141492691217e-07,-3.5038624508476836e-08,0.0,0.0,0.0,-3.837678156849658e-07,0.0,-1.2618654649194024e-06,0.0,-1.1505932956688551e-07,0.0,0.0,0.0,0.0,3,-0.169222268148316,0.0,0.0,0.0,0.0,0.0,0.0,0.0,0.0,0.0,0.0,0.0,0.0,0.0,0.0,0.0,0.0,0.0,0.0,0.0,0.0,0.0,0.0,0.0,0.0,0.0,0.0,0.0,0.0,0.0,0.0,0.0,0.0,0.0,0.0,0.0,0.0,0.0,0.0,0.0,0.0,0.0,0.0,0.0,0.0,0.0,0.0,0.0,0.0,0.0,0.0,0.0,0.0,0.0,0.0,0.0,0.0,0.0,-0.11072982886915257,0.0,-0.0006064556200556692,-0.0018293998462169062,0.0,0.0,0.0,0.0,-0.00030853159312632406,0.0,-0.00028032881180293964,-0.0019096288697232238,0.0,0.0,0.0,0.0,-0.000870651106593671,0.0,-0.006857481141634066,-0.0018867740910451342,-0.23913337323140318,-1.8881986993247064,0.17327049790207177,-0.7699774045000005,0.29911862657840516,0.7534580570099187,15,5,0.0,1.5,-0.5,0.0,0.0,0.0,0.0,1.0,0.0,0.0,0.0,0.0,0.0,0.0,0.0,,0.0,0.0,0.0,1
VAR_002768,2.9903313916350744,8.189156564097019,26.83955903609039,0.0048326091667294045,1.4307112819764691,-4.829704477491496e-06,3.4936885340097126,2.0042309179119466,2.13986770169086,11133.500969918898,4.563248167773,29,0.0,0.0,0.0,0.0,0.0,0.0,0.0,0.8521440950720397,1.0,0.383223383776123,1.0,1.0,0.0,1.0,1.1447171326883876,2.108720982079822,0.001643157464751526,0.0,0.10778026554077397,0.9580546712495522,1.0,0.026232202979185736,1.0132514580063678,0.0,1.0,1.0,0.8517333513451565,1.0,41.50975471464554,0.0,1.0,1.0,1.0,2.896091433730838,1.0,3,4.987087377368401,0.0,2,2,-0.34164698635365626,0.013645599132739132,1.84852112174151,0.0,1.0,0.04505144479462792,11.530924708429987,1.0,1.0973820282003526,4.479439384683314,1.0,2.423832055592737,4.467834114941442,0.7992742970842146,1.0,0.0,2.6927803011915685,8.452952725667943,1.0,7.762680659093904,1.7730784905320809,11.131648348158906,3.1982118410375797,1.3415873261671332,2.5452819478655515,1.8889299750315205,1.3367590874913071,0.9766558603260955,3.4265635009197988,9.56583496031198,1.372499837548093,1.0,1.0,2.500105405455156,2,0.48160604806711765,0.0,0.1024796365754415,0.0,2.1318844478672547,0.0,1.409675216636142,0.0,89.80144012636516,0.0,105.92025829877078,0.0,0.140856075367597,0.0,1.0,1.0,0.0,0.9707788468703388,0.0,0.0,1.5246036095718187,1.0,0.0,0.0,0.0,0.0057939285174549,0.0,0.0,1777.8808721750106,0.629011640967428,0.0,0.0,0.0,1.0,13392.336626151891,0.0,0.0,0.008973884682509719,0.0,1.0,0.0,0.1952765265368966,0.0,36.28185844692418,0.0,0.4303525712282726,2.3897185959384707e-07,22.547374773675298,24.54073331015587,0.0,0.0,0.0,1.0,5448.72705741643,0.0,0.0,381.29990103810275,1.0,2.0476318810317253,0.0,0.00011772377871013793,1.0682598522001043,0.0,2.770729017407695,0.0,1.2911247775907504,-0.00029906426501922367,1.0,0.012125795593890052,0.061146433498445986,0.0,1.0,0.0,1.0,-0.0008704806481512785,0.0,1.022541660565947,0.7717195676408481,-0.13054927658556362,0.22692363072109445,0.17327049790207177,-0.8717820317625472,-0.6592686099182284,-0.8051499786775586,16,8,0.28260869565217384,0.5,-0.5,0.0,0.0,0.0,0.0,0.0,0.0,1.0,0.0,0.0,0.0,0.0,0.0,-1.0,1.0,0.0,0.0,1
VAR_003225,-0.0783428963784724,-3.8059031320814635e-07,-3.004136269736329e-07,-5.4653554515842356e-05,-1.1041372304889563e-05,-4.831251662299113e-06,-0.017267181209998077,-4.8105745895704074e-06,-8.537446705068216e-06,0.0,-0.10946537831009982,8,0.0,0.0,0.0,0.0,0.0,0.0,0.0,0.0,0.0,0.0,0.0,0.0,0.0,0.0,0.0,0.0,0.0,0.0,0.0,0.0,0.0,0.0,0.0,0.0,0.0,0.0,0.0,0.0,0.0,0.0,0.0,0.0,0.0,0.0,0.0,7,0.0,0.0,5,5,0.0,0.0,0.0,0.0,0.0,-3.884553607683874e-07,0.0,0.0,0.0,-2.2320821211521196e-07,0.0,-1.4948262435770877e-08,-2.6709219008793652e-05,-1.4124635230450503e-05,0.0,0.0,0.0,-2.5336807690208568e-08,0.0,-1.2312450534260474e-06,-4.3419141492691217e-07,-3.5038624508476836e-08,0.0,0.0,0.0,-3.837678156849658e-07,0.0,-1.2618654649194024e-06,0.0,-1.1505932956688551e-07,0.0,0.0,0.0,0.0,5,-0.169222268148316,0.0,0.0,0.0,0.0,0.0,0.0,0.0,0.0,0.0,0.0,0.0,0.0,0.0,0.0,0.0,0.0,0.0,0.0,0.0,0.0,0.0,0.0,0.0,0.0,0.0,0.0,0.0,0.0,0.0,0.0,0.0,0.0,0.0,0.0,0.0,0.0,0.0,0.0,0.0,0.0,0.0,0.0,0.0,0.0,0.0,0.0,0.0,0.0,0.0,0.0,0.0,0.0,0.0,0.0,0.0,0.0,0.0,-0.11072982886915257,0.0,-0.0006064556200556692,-0.0018293998462169062,0.0,0.0,0.0,0.0,-0.00030853159312632406,0.0,-0.00028032881180293964,-0.0019096288697232238,0.0,0.0,0.0,0.0,-0.000870651106593671,0.0,-0.006857481141634066,-0.0018867740910451342,0.0,0.0,0.0,0.0,0.0,0.0,24,25,0.0,0.0,0.0,0.0,0.0,0.0,0.0,0.0,0.0,0.0,0.0,0.0,0.0,0.0,0.0,,0.0,0.0,0.0,0
VAR_003133,0.040496010314843865,0.0033047077345109903,-3.0041317805063083e-07,81.81551160288221,0.00031279541304712205,111.143422685868,0.09243499705028721,0.0003860736975529222,-8.53739285241459e-06,0.0,-0.10368434546578303,16,0.0,0.0,0.0,0.0,0.0,0.0,0.0,0.0,0.0,0.0,0.0,0.0,0.0,0.0,0.0,0.0,0.0,0.0,0.0,0.0,0.0,0.0,0.0,0.0,0.0,0.0,0.0,0.0,0.0,0.0,0.0,0.0,0.0,0.0,0.0,7,0.0,0.0,2,2,1.0845639050249578,-0.21627008432749822,-5.827739564843943,0.0,0.0,-3.884553607683874e-07,0.0,0.0,0.0,-2.2320821211521196e-07,0.0,-1.4948262435770877e-08,-2.6709219008793652e-05,-1.4124635230450503e-05,0.0,0.0,0.0,-2.5336807690208568e-08,0.0,-1.2312450534260474e-06,-4.3419141492691217e-07,-3.5038624508476836e-08,0.0,0.0,0.0,-3.837678156849658e-07,0.0,-1.2618654649194024e-06,0.0,-1.1505932956688551e-07,0.0,0.0,0.0,0.0,2,3.9924463981180467,5.595034830509547,0.2809389045011891,0.0,75.12315579043015,0.0,791.6210568256512,0.0,8.752836898301654,0.0,2.0023618926382552e-05,0.0,1.0,0.0,1.0,1.0,0.0,5.4243799565961236e-15,0.0,0.0,1.5246036095718187,0.0,0.0,0.8096541127169941,0.0,0.1971827962022517,0.0,0.0,0.006063935227364729,132.28177616125706,0.0,3.2441455086587174,0.0,0.0,712.4165965659914,0.0,0.0,382.02657647264874,1.5966885415373189,0.0,0.0,0.0,0.0,90.6985568595101,0.0,0.0910162325003221,0.5243094066502247,0.6313469224464076,1.5242161680987826e-06,0.0,3.223671238484157,0.0,0.0,5712.802768472712,0.0,0.0,141.12598398957508,0.0,-0.05538823151559357,0.0,1.171774497875563,1.0767606139204418,0.0,0.0,0.0,1.2911247775907504,1.0109372734671211,0.0,-0.00022317766397536595,0.10704865259361628,0.0,0.7773321991531104,0.0,0.0,-0.0007761365057913092,0.0,0.09524995250767948,1.0502114758276322,-0.2632481578415744,-0.8629466894827844,-0.7014614358028904,-0.9937279100778055,-0.8619372116153371,-0.46193938703806053,5,16,0.0,1.5,-0.5,0.0,0.0,0.0,0.0,0.0,0.0,0.0,1.0,0.0,0.0,0.0,0.0,0.0,0.0,1.0,0.0,0
VAR_002971,0.1460923067834961,2.429688826073743,1.5313955175155385,0.2083303395564471,0.9589969181713786,39.18786368250098,0.31197656714162575,-4.8051549886826196e-06,0.0007993256099789181,25720.481622607735,0.06091794086543022,20,0.0,0.0,0.0,0.0,0.0,0.0,0.0,0.0,0.0,1.3629325616655767e-26,1.0,1.0,0.0,0.0,1.1447171326883876,1.9023071478265665,9.38126710974263,2.0278080755419623,0.0006109069236620057,2.369681394833703e-10,1.0,1.2994615242785452e-15,0.0,3.813771391455777,1.0,0.0,0.4351455457160973,1.0,39.205852282569516,1.0,0.0,0.0,0.0,1.6785566086427257,1.0,0,12.456610920812405,0.0,1,1,0.17493619055927143,0.015501812508308024,2.9373540877497097,0.0,1.0,1.2925951410995504,0.0,0.0,1.0973820282003526,0.9999978254641351,1.0,0.17160866052314255,1.5689323821172257e-05,-1.4094191299437312e-05,1.0,1.0,0.0,0.00572071003043139,1.0,1.0000203774735488,0.9084723164064061,1.1458693127046366e-07,0.0,1.3415873261671332,0.3480081211245064,1.0007059913847445,0.0,1.0128074369113296,1.3569152880593154,2.864827917702612,0.6508517725212352,0.0,0.0,0.0,1,-0.04752174110579863,0.0,0.0,0.0,0.0,0.0,0.0,0.0,0.0,0.0,0.0,0.0,0.0,0.0,0.0,0.0,0.0,0.0,0.0,0.0,0.0,0.0,0.0,0.0,0.0,0.0,0.0,0.0,0.0,0.0,0.0,0.0,0.0,0.0,0.0,0.0,0.0,0.0,0.0,0.0,0.0,0.0,0.0,0.0,0.0,0.0,0.0,0.0,0.0,0.0,0.0,0.0,0.0,0.0,0.0,0.0,0.0,0.0,0.11927246729341384,1.0,1.1717744167896633,1.0187413649076391,0.0,1.4953166541239258,0.0,0.0,-0.000308531593126324,1.0,1.1195674005998022,1.02387956036346,0.0,1.0,0.0,0.0,-0.0007599499660615636,1.2101454315057372,1.0216338783962509,1.0062861421820755,-0.033736962153670176,-3.8955461093244597,-1.369551252059879,0.567289024645258,0.5972216741975473,0.6305333067411526,22,17,-0.7826086956521738,-1.0,-0.5,0.0,0.0,0.0,0.0,0.0,0.0,0.0,0.0,0.0,0.0,0.0,0.0,-1.0,1.0,0.0,1.0,1
VAR_002830,-0.0783428963784724,-3.8059031320814635e-07,-3.004136269736329e-07,-5.4653554515842356e-05,-1.1041372304889563e-05,-4.831251662299113e-06,-0.017267181209998077,-4.8105745895704074e-06,-8.537446705068216e-06,0.0,-0.10946537831009982,8,0.0,0.0,0.0,0.0,0.0,0.0,0.0,0.0,0.0,0.0,0.0,0.0,0.0,0.0,0.0,0.0,0.0,0.0,0.0,0.0,0.0,0.0,0.0,0.0,0.0,0.0,0.0,0.0,0.0,0.0,0.0,0.0,0.0,0.0,0.0,7,0.0,0.0,2,2,0.27158400386462045,-2.9077976987499596,-10.798004531846352,0.0,0.0,-3.884553607683874e-07,0.0,0.0,0.0,-2.2320821211521196e-07,0.0,-1.4948262435770877e-08,-2.6709219008793652e-05,-1.4124635230450503e-05,0.0,0.0,0.0,-2.5336807690208568e-08,0.0,-1.2312450534260474e-06,-4.3419141492691217e-07,-3.5038624508476836e-08,0.0,0.0,0.0,-3.837678156849658e-07,0.0,-1.2618654649194024e-06,0.0,-1.1505932956688551e-07,0.0,0.0,0.0,0.0,2,-0.169222268148316,0.0,0.0,0.0,0.0,0.0,0.0,0.0,0.0,0.0,0.0,0.0,0.0,0.0,0.0,0.0,0.0,0.0,0.0,0.0,0.0,0.0,0.0,0.0,0.0,0.0,0.0,0.0,0.0,0.0,0.0,0.0,0.0,0.0,0.0,0.0,0.0,0.0,0.0,0.0,0.0,0.0,0.0,0.0,0.0,0.0,0.0,0.0,0.0,0.0,0.0,0.0,0.0,0.0,0.0,0.0,0.0,0.0,-0.11072982886915257,0.0,-0.0006064556200556692,-0.0018293998462169062,0.0,0.0,0.0,0.0,-0.00030853159312632406,0.0,-0.00028032881180293964,-0.0019096288697232238,0.0,0.0,0.0,0.0,-0.000870651106593671,0.0,-0.006857481141634066,-0.0018867740910451342,-1.9598889958424703,0.22692363072109445,-0.03744932263950964,-1.12683259048244,-0.690817081560518,-1.5388326659063476,15,8,0.06521739130434778,0.5,0.5,0.0,0.0,0.0,0.0,0.0,0.0,0.0,0.0,0.0,0.0,0.0,0.0,,0.0,0.0,0.0,1
VAR_002671,2.847995502028011,0.7542931831435813,8.711105938463506,0.0003050861399665632,35.468563669571815,-4.809754887595731e-06,4.235597486699828,2.0423778619944666,0.838701923616202,0.0,0.1102074467187412,16,0.0,0.0,0.0,0.0,0.0,0.0,0.0,0.8928908998334826,1.0,2.6778052587355154,0.0,0.0,0.93990709279114,1.0,0.0,2.1092727178815025,1.5110098210955278e-13,0.0,5.803032982613654e-05,0.0005023043299308106,0.0,3.3084115810337567,1.0132514580063678,3.813771391455777,1.0,1.0,0.0,0.0,4.153033866774858e-13,1.0,1.0,1.0,1.0,2.896091433730838,1.0,3,12.546626251361438,1.0,4,4,-1.1119019382121171,-6.002108754718353,0.0,0.0,1.0,-2.8474555560415676e-07,0.0,1.0,1.0973820282003526,1.0000391848545271,1.0,1.0110009429358242,0.4187973677157204,0.40448547253530637,1.0,1.0,0.0,2.027142260704398e-05,1.0,0.9999917911015588,0.28551550290698324,-3.5034343452810626e-08,3.1982118410375797,0.0,1.7219796789007749,0.018700661811061725,0.0,0.17493679241914747,0.9037364091549509,1.028916181616386,1.372499837548093,0.0,1.0,2.4347475252179076,4,0.553626968425472,5.595034830509547,1.0,0.0,75.16155411233302,0.0,791.6402303071178,0.0,8.505693564400673,0.0,106.1862868865916,0.0,0.0,0.0,0.0,1.0,0.0,2.752769360365166e-12,0.0,0.0,1.5246036095718187,1.0,0.0,0.0,0.0,0.6137467820282807,0.0,1.0,1720.9076246481793,121.22248446593159,0.0,2.6562830340516017,0.0,1.0,1.429627955234917e-17,0.1756878047992341,0.0,63.83090894770678,1.5966885415373189,0.0,0.0,0.0,0.0,3.8017897713389586e-05,0.0,0.2822038678931492,164.2279307715116,0.11508389758337766,26173.277339652126,0.0,3.223671238484157,0.0,1.0,59.42178033538446,0.0,0.0,381.2853097986409,1.0,4.1578975028259055,0.0,1.1717698151612925,-0.0016473984721082767,0.0,0.0,0.0,0.032545433825160446,1.0524512014236185,0.0,0.09915278766559213,0.008346804597999698,0.0,1.0,0.0,1.0,1.0067971362949952,0.0,0.0041538328936513,1.0655269219821994,-13.495715688992894,-3.633399290857383,-36.42363883459151,-1.7783115018199034,0.2994821337122526,-1.6902818596635871,11,6,-0.21739130434782605,0.5,1.5,0.0,0.0,0.0,0.0,0.0,0.0,0.0,0.0,0.0,0.0,0.0,0.0,0.0,1.0,1.0,0.0,1
VAR_002796,-0.0783428963784724,-3.8059031320814635e-07,-3.004136269736329e-07,-5.4653554515842356e-05,-1.1041372304889563e-05,-4.831251662299113e-06,-0.017267181209998077,-4.8105745895704074e-06,-8.537446705068216e-06,0.0,-0.10946537831009982,8,0.0,0.0,0.0,0.0,0.0,0.0,0.0,0.0,0.0,0.0,0.0,0.0,0.0,0.0,0.0,0.0,0.0,0.0,0.0,0.0,0.0,0.0,0.0,0.0,0.0,0.0,0.0,0.0,0.0,0.0,0.0,0.0,0.0,0.0,0.0,7,0.0,0.0,5,5,0.0,0.0,0.0,0.0,0.0,-3.884553607683874e-07,0.0,0.0,0.0,-2.2320821211521196e-07,0.0,-1.4948262435770877e-08,-2.6709219008793652e-05,-1.4124635230450503e-05,0.0,0.0,0.0,-2.5336807690208568e-08,0.0,-1.2312450534260474e-06,-4.3419141492691217e-07,-3.5038624508476836e-08,0.0,0.0,0.0,-3.837678156849658e-07,0.0,-1.2618654649194024e-06,0.0,-1.1505932956688551e-07,0.0,0.0,0.0,0.0,5,-0.169222268148316,0.0,0.0,0.0,0.0,0.0,0.0,0.0,0.0,0.0,0.0,0.0,0.0,0.0,0.0,0.0,0.0,0.0,0.0,0.0,0.0,0.0,0.0,0.0,0.0,0.0,0.0,0.0,0.0,0.0,0.0,0.0,0.0,0.0,0.0,0.0,0.0,0.0,0.0,0.0,0.0,0.0,0.0,0.0,0.0,0.0,0.0,0.0,0.0,0.0,0.0,0.0,0.0,0.0,0.0,0.0,0.0,0.0,-0.11072982886915257,0.0,-0.0006064556200556692,-0.0018293998462169062,0.0,0.0,0.0,0.0,-0.00030853159312632406,0.0,-0.00028032881180293964,-0.0019096288697232238,0.0,0.0,0.0,0.0,-0.000870651106593671,0.0,-0.006857481141634066,-0.0018867740910451342,0.0,0.0,0.0,0.0,0.0,0.0,14,3,0.8913043478260868,-1.0,-1.5,0.0,0.0,0.0,0.0,0.0,0.0,0.0,0.0,0.0,0.0,0.0,0.0,,0.0,0.0,0.0,1
VAR_002652,-0.0783428963784724,-3.8059031320814635e-07,-3.004136269736329e-07,-5.4653554515842356e-05,-1.1041372304889563e-05,-4.831251662299113e-06,-0.017267181209998077,-4.8105745895704074e-06,-8.537446705068216e-06,0.0,-0.10946537831009982,8,0.0,0.0,0.0,0.0,0.0,0.0,0.0,0.0,0.0,0.0,0.0,0.0,0.0,0.0,0.0,0.0,0.0,0.0,0.0,0.0,0.0,0.0,0.0,0.0,0.0,0.0,0.0,0.0,0.0,0.0,0.0,0.0,0.0,0.0,0.0,7,0.0,0.0,4,4,-0.928055464387813,-3.2131630955511237,0.0,0.0,0.0,-3.884553607683874e-07,0.0,0.0,0.0,-2.2320821211521196e-07,0.0,-1.4948262435770877e-08,-2.6709219008793652e-05,-1.4124635230450503e-05,0.0,0.0,0.0,-2.5336807690208568e-08,0.0,-1.2312450534260474e-06,-4.3419141492691217e-07,-3.5038624508476836e-08,0.0,0.0,0.0,-3.837678156849658e-07,0.0,-1.2618654649194024e-06,0.0,-1.1505932956688551e-07,0.0,0.0,0.0,0.0,4,-0.1099557652581648,0.0,0.0,0.0,0.0,0.0,0.0,0.0,0.0,0.0,0.0,0.0,0.0,0.0,0.0,0.0,0.0,0.0,0.0,0.0,0.0,0.0,0.0,0.0,0.0,0.0,0.0,0.0,0.0,0.0,0.0,0.0,0.0,0.0,0.0,0.0,0.0,0.0,0.0,0.0,0.0,0.0,0.0,0.0,0.0,0.0,0.0,0.0,0.0,0.0,0.0,0.0,0.0,0.0,0.0,0.0,0.0,0.0,-0.05538754730580355,0.0,1.1694938472398406,0.04726312466846267,0.0,0.0,0.0,0.3568047530341143,0.1821942808039864,1.0,-0.0002662713635179375,0.863229964987042,0.0,0.5423974970856479,0.0,0.0,0.0018249035944232744,1.2101454315057372,0.052955863162605546,-0.001886774091044783,-13.453868775916723,-4.953879702347013,-34.38455197800142,-1.3079367424908614,-0.3990900812200137,-1.2869351656539214,13,19,0.5869565217391304,1.0,-0.5,0.0,1.0,0.0,0.0,0.0,0.0,0.0,0.0,0.0,0.0,0.0,0.0,,0.0,0.0,0.0,0
VAR_002658,0.14305810443211167,0.07693538029328117,0.03314824027243903,-5.455912486487271e-05,0.06667360714074697,3.8448914867245403,0.20213717852037577,1.4867390765390259e-05,1.5473367949058225,0.0,-0.09790331278496398,16,0.0,0.0,0.0,0.0,0.0,0.0,0.0,0.0,0.0,0.0,0.0,0.0,0.0,0.0,0.0,0.0,0.0,0.0,0.0,0.0,0.0,0.0,0.0,0.0,0.0,0.0,0.0,0.0,0.0,0.0,0.0,0.0,0.0,0.0,0.0,7,0.0,0.0,4,4,-1.0467397156431308,-0.47396531715295404,0.0,0.0,0.0,-3.884553607683874e-07,0.0,0.0,0.0,-2.2320821211521196e-07,0.0,-1.4948262435770877e-08,-2.6709219008793652e-05,-1.4124635230450503e-05,0.0,0.0,0.0,-2.5336807690208568e-08,0.0,-1.2312450534260474e-06,-4.3419141492691217e-07,-3.5038624508476836e-08,0.0,0.0,0.0,-3.837678156849658e-07,0.0,-1.2618654649194024e-06,0.0,-1.1505932956688551e-07,0.0,0.0,0.0,0.0,4,-0.061684503869749906,5.595034830509547,0.0,0.0,0.00011162041459492202,0.0,783.4244926451009,0.0,1.1785943569295907e-07,0.0,106.18616262128565,0.0,0.0,0.0,0.0,0.0,0.0,6.96207341813287e-09,0.0,0.0,1.5246036095718187,0.9247756978335234,0.0,0.5879939635994494,0.0,1.0,0.0,0.4850363028150252,1778.518321700804,324.9917232694863,0.0,3.2441455086587174,0.0,0.7036156976763329,7998.0358141821025,0.7144238532950036,0.0,0.005682669415222253,1.384791831102847,0.8939427542211351,0.0,0.5230208872393179,0.0,1.396705753210906,0.0,0.0,164.4462013637614,18.064158826884306,649.6648872634676,0.0,0.0,0.0,0.0,0.0,0.0,0.0,0.28210122358995626,0.0,0.15657731524308738,1.0,0.13643430815610488,-0.0018293907755964087,0.0,0.0,0.0,1.2911247775907504,1.0523224245951281,0.0,1.1209334170055725,0.004701309954307959,0.0,0.0,0.0,1.0,1.006811551364853,1.2101454315057372,0.08616705618363533,1.0232937085933536,-1.2637723919135164,-3.484525604015536,0.17327049790207177,-0.30320370206292263,-0.741427951490987,0.13723028547230667,19,19,-0.021739130434782608,1.0,1.5,0.0,0.0,0.0,0.0,0.0,0.0,0.0,0.0,0.0,0.0,0.0,0.0,0.0,0.0,1.0,0.0,1
VAR_002800,0.3961365384287169,-3.3693763226499747e-07,0.024576832021565055,0.0014944897368545556,27.034911385553176,-4.828247697229357e-06,0.08575637275902925,-4.736815395126734e-06,11.416023260368645,0.0,0.8842234469353083,13,0.0,0.0,0.0,0.0,0.0,0.0,0.0,0.0,0.0,0.0,0.0,0.0,0.0,0.0,0.0,0.0,0.0,0.0,0.0,0.0,0.0,0.0,0.0,0.0,0.0,0.0,0.0,0.0,0.0,0.0,0.0,0.0,0.0,0.0,0.0,7,0.0,0.0,3,3,0.09556966428234542,0.1501485045254968,-1.5213417154427522,1.0,1.0,0.0005427818446848933,0.0,0.0,0.0,9.212955732337429,1.0,1.0223574370327198,9.000306823465628,0.0008981276196231486,0.5059374935647173,1.0,1.0889867316591844,8.485504608068393,0.6120580469901512,0.12472733836027972,3.7838671014881825e-07,0.3005760949388311,0.0,1.3415873261671332,0.0,0.5008038093759289,0.0,0.0477091481090049,0.0,0.983229499637766,0.0,0.2780409027082405,0.0,0.0,3,0.5131954614759503,0.0,0.0,0.0,0.0,0.0,0.0,0.0,0.0,0.0,0.0,0.0,0.0,0.0,0.0,0.0,0.0,0.0,0.0,0.0,0.0,0.0,0.0,0.0,0.0,0.0,0.0,0.0,0.0,0.0,0.0,0.0,0.0,0.0,0.0,0.0,0.0,0.0,0.0,0.0,0.0,0.0,0.0,0.0,0.0,0.0,0.0,0.0,0.0,0.0,0.0,0.0,0.0,0.0,0.0,0.0,0.0,1.0,0.221265087812451,1.0,0.021922799574100815,1.0755031397786132,0.0,0.0,0.0,0.22266116690040907,1.0431181191775039,1.0,0.657459687904258,0.8078310699205483,0.0,1.0,0.0,0.0,0.28900751677833786,0.0,1.0225410923763303,1.0655589996007093,-0.5272681458218487,-3.1347885770542634,0.17327049790207177,0.7363263135454579,0.19240484446205403,0.7534580570099187,19,9,1.1304347826086956,0.0,0.0,0.0,0.0,0.0,0.0,0.0,1.0,0.0,0.0,0.0,0.0,0.0,0.0,0.0,0.0,0.0,0.0,1
VAR_002651,-0.0783428963784724,-3.8059031320814635e-07,-3.004136269736329e-07,-5.4653554515842356e-05,-1.1041372304889563e-05,-4.831251662299113e-06,-0.017267181209998077,-4.8105745895704074e-06,-8.537446705068216e-06,0.0,-0.10946537831009982,8,0.0,0.0,0.0,0.0,0.0,0.0,0.0,0.0,0.0,0.0,0.0,0.0,0.0,0.0,0.0,0.0,0.0,0.0,0.0,0.0,0.0,0.0,0.0,0.0,0.0,0.0,0.0,0.0,0.0,0.0,0.0,0.0,0.0,0.0,0.0,7,0.0,0.0,1,1,-1.0253755443915467,0.05006784974992122,0.0,0.0,0.0,-3.884553607683874e-07,0.0,0.0,0.0,-2.2320821211521196e-07,0.0,-1.4948262435770877e-08,-2.6709219008793652e-05,-1.4124635230450503e-05,0.0,0.0,0.0,-2.5336807690208568e-08,0.0,-1.2312450534260474e-06,-4.3419141492691217e-07,-3.5038624508476836e-08,0.0,0.0,0.0,-3.837678156849658e-07,0.0,-1.2618654649194024e-06,0.0,-1.1505932956688551e-07,0.0,0.0,0.0,0.0,1,-0.169222268148316,0.0,0.0,0.0,0.0,0.0,0.0,0.0,0.0,0.0,0.0,0.0,0.0,0.0,0.0,0.0,0.0,0.0,0.0,0.0,0.0,0.0,0.0,0.0,0.0,0.0,0.0,0.0,0.0,0.0,0.0,0.0,0.0,0.0,0.0,0.0,0.0,0.0,0.0,0.0,0.0,0.0,0.0,0.0,0.0,0.0,0.0,0.0,0.0,0.0,0.0,0.0,0.0,0.0,0.0,0.0,0.0,0.0,-0.11072982886915257,0.0,-0.0006064556200556692,-0.0018293998462169062,0.0,0.0,0.0,0.0,-0.00030853159312632406,0.0,-0.00028032881180293964,-0.0019096288697232238,0.0,0.0,0.0,0.0,-0.000870651106593671,0.0,-0.006857481141634066,-0.0018867740910451342,0.08463270421284025,-5.186190152860816,0.030185154018842305,0.5442835848089985,-0.08465375154362366,0.6419278437065418,23,4,-0.47826086956521735,-1.0,-0.5,0.0,0.0,0.0,0.0,0.0,0.0,0.0,0.0,0.0,0.0,0.0,1.0,,0.0,0.0,0.0,1
VAR_002784,0.04805249587680127,0.01237808066174738,0.011154275494058851,0.0022066095436059797,6.889586473218738,1.022858088981349,-0.01725983538936908,-4.810436203324047e-06,-7.642771345577311e-06,0.0,0.05246034775065604,13,0.0,0.0,0.0,0.0,0.0,0.0,0.0,0.0,1.0,2.7170779711639157,0.0693516846092288,0.0,1.0,0.0,1.1447171326883876,1.7240983771854284e-11,0.0005852976816507375,13.44494130880942,1.3973395236285013e-06,2.994584700717079,1.0,2.475157900247962e-15,1.0132514580063678,0.0,0.0,0.0,0.0,0.0,0.0,0.0,0.0,0.0,0.0,0.0,0.0,7,0.0,0.0,2,2,-0.353627407174967,0.3452121533425192,5.611073003270244,1.0,0.0,1.4641608824132206,0.0,0.0,1.0973820282003526,9.000358712459919,1.0,1.0231894677803552,3.1086851992505173,1.0333160556507701,0.0816020796493101,0.0,0.9703377561136052,0.9996233766245644,1.0,0.9870562575388123,0.9266860128361241,0.1534288939484582,0.0,1.3415873261671332,0.0,-3.837665948517264e-07,0.0,6.983975068563606,0.0,-1.1505932956684926e-07,0.0,1.0,0.0,0.5559686127265281,2,0.5201215921145692,0.0,0.0,0.0,0.025251975008594572,0.0,791.4546807056824,0.0,99.32703252822535,0.0,98.50067685770384,0.0,0.3560857369924849,0.0,0.0,1.0,0.0,8.287096938462971,0.0,0.0,1.5246036095718187,1.0,0.0,0.0,0.0,0.0,0.0,1.0,1778.4421936633844,325.81293779503875,0.0,0.0,0.0,0.0,6983.334615080759,0.0,0.0,380.72140090398693,1.5966885415373189,0.6500415567348184,0.0,0.0,0.0,90.72709778490596,0.0,1.0,160.05893424023097,15.628695884037413,1939.3416237467143,0.0,3.223671238484157,0.0,1.0,5711.9966777560185,0.0,0.0,279.7949491216361,0.0,11.196038293320697,0.0,1.1717744985211382,1.0287102022969734,0.0,0.0,0.0,1.2911247775907504,-0.0003085314580468689,0.0,1.1206391487319396,1.020796322529147,0.0,1.0,0.0,1.0,1.0043111077738835,0.0,0.960918995967346,-0.0018856735905121375,-0.5969216881214916,0.22692363072109445,0.17327049790207177,0.039540861424139005,-0.3945697639097565,-0.10422642995510219,5,10,-0.0869565217391304,1.0,-0.5,0.0,0.0,0.0,0.0,0.0,0.0,1.0,0.0,0.0,0.0,0.0,0.0,0.0,0.0,0.0,0.0,1
VAR_002776,-0.0783428963784724,-3.8059031320814635e-07,-3.004136269736329e-07,-5.4653554515842356e-05,-1.1041372304889563e-05,-4.831251662299113e-06,-0.017267181209998077,-4.8105745895704074e-06,-8.537446705068216e-06,66201.69460758529,1.1949058942903859,25,0.0,0.0,0.0,0.0,0.0,0.0,0.0,0.6505105603912262,1.0,0.01319711200435198,0.0,0.0,1.0,1.0,0.0,2.1092761597621905,0.0006337541348265834,0.0,79.68061848168618,6.451543368017848e-07,1.0,1.1864999382686627,1.0132514580063678,0.0,0.0,0.0,0.0,0.0,0.0,0.0,0.0,0.0,0.0,0.0,0.0,7,0.0,0.0,3,3,-0.3402948293026233,0.1767554407668801,1.8735724065054744,0.0,0.0,-3.884553607683874e-07,0.0,0.0,0.0,-2.2320821211521196e-07,0.0,-1.4948262435770877e-08,-2.6709219008793652e-05,-1.4124635230450503e-05,0.0,0.0,0.0,-2.5336807690208568e-08,0.0,-1.2312450534260474e-06,-4.3419141492691217e-07,-3.5038624508476836e-08,0.0,0.0,0.0,-3.837678156849658e-07,0.0,-1.2618654649194024e-06,0.0,-1.1505932956688551e-07,0.0,0.0,0.0,0.0,3,-0.053663603050086016,0.0,0.0,0.0,0.0,0.0,0.0,0.0,0.0,0.0,0.0,0.0,0.0,0.0,0.0,0.0,0.0,0.0,0.0,0.0,0.0,0.0,0.0,0.0,0.0,0.0,0.0,0.0,0.0,0.0,0.0,0.0,0.0,0.0,0.0,0.0,0.0,0.0,0.0,0.0,0.0,0.0,0.0,0.0,0.0,0.0,0.0,0.0,0.0,0.0,0.0,0.0,0.0,0.0,0.0,0.0,0.0,0.0,7.554840421995994,0.0,-0.0006064523525076318,1.018757572627972,0.0,1.1581800007484722,0.0,0.0,-0.00030853159255541556,1.0,1.0934956731569447,-0.0019065816554141417,0.0,0.0,0.0,0.0,0.681866394546188,1.1956149966149654,1.022529471475727,0.00733537020489846,0.08463270421284025,0.22692363072109445,0.17327049790207177,0.729007496551408,0.1689408679110267,0.618878386126909,14,19,0.17391304347826086,0.0,0.5,0.0,0.0,0.0,0.0,0.0,1.0,0.0,0.0,0.0,0.0,0.0,0.0,-1.0,0.0,0.0,0.0,0
VAR_003170,4.095392261808166,1.4033548036540289,0.00018817197710297397,0.002306822174486857,0.003929384715299526,0.0052714651686641,0.07594082854563942,0.0016544330594526428,6.920277205983557e-05,2.9477582657021575,20.304930217177986,9,0.0,0.0,0.0,0.0,0.0,0.0,0.0,0.0,0.0,2.3508953407959226,1.0,1.0,0.0,1.0,1.1447171326883876,2.9039239663112822e-05,0.06827343962225045,5.899547850726513,81.1415811224135,2.1463369135002908,1.0,6.4429998877122786e-06,0.0,3.813771391455777,1.0,0.0,0.0,1.0,41.53395228558898,1.0,0.0,0.9042363146341268,1.0,0.0,1.0,0,9.460459219682112e-10,1.0,1,1,-0.394049532408479,0.16315005890617382,-1.6032712830826479,1.0,1.0,3.138507220077905e-06,0.0,1.0,0.0,0.9998688805230429,0.0,1.9279712579637087,0.06562993825276699,0.7709747040355803,1.0,1.0,0.0,0.0038348982865700934,0.0,0.00593862625558107,-4.341903974028808e-07,1.2463900468400868,0.0,0.0,0.0,1.0038767642534066,1.0389741243153443,3.183027880585548e-05,0.0,2.1547797272323446,0.0,1.0,1.0,2.0000123452673715,1,0.16993103649255303,0.0,1.0,0.0,4.790394706340251e-05,0.0,791.6415789277107,0.0,9.483037737104626,0.0,106.1861886826168,0.0,0.0,0.0,0.0,0.0,0.0,250.30796802345938,0.0,0.0,1.5246036095718187,1.0,0.0,0.101543529576234,0.0,0.0,0.0,0.5540664463505214,1778.5180326294353,1.0952338317753978,0.0,0.0,0.0,1.0,3.049841102697504e-08,0.2698656678349574,0.0,382.0265663310801,0.0,0.0,0.0,0.0,0.0,0.5959570993048657,0.0,0.067345051249073,0.7671607818920982,0.19370862223558086,280.00688735291226,0.0,0.0,0.0,0.0,5719.008175318447,0.0,0.0,381.29990103820717,1.0,0.0003892241995368864,1.0,0.000211863044292278,0.01181652337990948,0.0,0.7987864366078131,0.0,1.2911247775907504,0.7401320921268426,0.0,-0.0002803066104962374,-0.0019096284538154906,0.0,0.0,0.0,0.0,0.07563220063552145,0.8283749557088514,-0.006857481141634066,0.12629278712875613,-0.11013889711460063,-0.02200512833875444,-1.6694403912000322,-0.862600268727811,1.1427267023082022,0.5444654024760369,11,19,-0.9999999999999998,-0.5,-0.5,0.0,0.0,0.0,0.0,0.0,0.0,0.0,0.0,0.0,0.0,1.0,0.0,0.0,1.0,0.0,1.0,1
VAR_002813,-0.0783428963784724,-3.8059031320814635e-07,-3.004136269736329e-07,-5.4653554515842356e-05,-1.1041372304889563e-05,-4.831251662299113e-06,-0.017267181209998077,-4.8105745895704074e-06,-8.537446705068216e-06,0.0,-0.10946537831009982,8,0.0,0.0,0.0,0.0,0.0,0.0,0.0,0.0,0.0,0.0,0.0,0.0,0.0,0.0,0.0,0.0,0.0,0.0,0.0,0.0,0.0,0.0,0.0,0.0,0.0,0.0,0.0,0.0,0.0,0.0,0.0,0.0,0.0,0.0,0.0,7,0.0,0.0,3,3,0.0715337112769212,0.29604012743933766,0.0,0.0,0.0,-3.884553607683874e-07,0.0,0.0,0.0,-2.2320821211521196e-07,0.0,-1.4948262435770877e-08,-2.6709219008793652e-05,-1.4124635230450503e-05,0.0,0.0,0.0,-2.5336807690208568e-08,0.0,-1.2312450534260474e-06,-4.3419141492691217e-07,-3.5038624508476836e-08,0.0,0.0,0.0,-3.837678156849658e-07,0.0,-1.2618654649194024e-06,0.0,-1.1505932956688551e-07,0.0,0.0,0.0,0.0,3,-0.169222268148316,0.0,0.0,0.0,0.0,0.0,0.0,0.0,0.0,0.0,0.0,0.0,0.0,0.0,0.0,0.0,0.0,0.0,0.0,0.0,0.0,0.0,0.0,0.0,0.0,0.0,0.0,0.0,0.0,0.0,0.0,0.0,0.0,0.0,0.0,0.0,0.0,0.0,0.0,0.0,0.0,0.0,0.0,0.0,0.0,0.0,0.0,0.0,0.0,0.0,0.0,0.0,0.0,0.0,0.0,0.0,0.0,0.0,-0.11072982886915257,0.0,-0.0006064556200556692,-0.0018293998462169062,0.0,0.0,0.0,0.0,-0.00030853159312632406,0.0,-0.00028032881180293964,-0.0019096288697232238,0.0,0.0,0.0,0.0,-0.000870651106593671,0.0,-0.006857481141634066,-0.0018867740910451342,-1.9292094071148582,-0.11713442787002286,0.17327049790207177,0.68903146893873,0.5821906269595475,0.7534580570099187,14,11,1.1739130434782608,-1.0,0.5,0.0,0.0,0.0,0.0,0.0,1.0,0.0,0.0,0.0,0.0,0.0,0.0,,0.0,0.0,0.0,1
VAR_003241,-0.0783428963784724,-3.8059031320814635e-07,-3.004136269736329e-07,-5.4653554515842356e-05,-1.1041372304889563e-05,-4.831251662299113e-06,-0.017267181209998077,-4.8105745895704074e-06,-8.537446705068216e-06,0.0,-0.10946537831009982,8,0.0,0.0,0.0,0.0,0.0,0.0,0.0,0.0,0.0,0.0,0.0,0.0,0.0,0.0,0.0,0.0,0.0,0.0,0.0,0.0,0.0,0.0,0.0,0.0,0.0,0.0,0.0,0.0,0.0,0.0,0.0,0.0,0.0,0.0,0.0,7,0.0,0.0,5,5,0.0,0.0,0.0,0.0,0.0,-3.884553607683874e-07,0.0,0.0,0.0,-2.2320821211521196e-07,0.0,-1.4948262435770877e-08,-2.6709219008793652e-05,-1.4124635230450503e-05,0.0,0.0,0.0,-2.5336807690208568e-08,0.0,-1.2312450534260474e-06,-4.3419141492691217e-07,-3.5038624508476836e-08,0.0,0.0,0.0,-3.837678156849658e-07,0.0,-1.2618654649194024e-06,0.0,-1.1505932956688551e-07,0.0,0.0,0.0,0.0,5,-0.169222268148316,0.0,0.0,0.0,0.0,0.0,0.0,0.0,0.0,0.0,0.0,0.0,0.0,0.0,0.0,0.0,0.0,0.0,0.0,0.0,0.0,0.0,0.0,0.0,0.0,0.0,0.0,0.0,0.0,0.0,0.0,0.0,0.0,0.0,0.0,0.0,0.0,0.0,0.0,0.0,0.0,0.0,0.0,0.0,0.0,0.0,0.0,0.0,0.0,0.0,0.0,0.0,0.0,0.0,0.0,0.0,0.0,0.0,-0.11072982886915257,0.0,-0.0006064556200556692,-0.0018293998462169062,0.0,0.0,0.0,0.0,-0.00030853159312632406,0.0,-0.00028032881180293964,-0.0019096288697232238,0.0,0.0,0.0,0.0,-0.000870651106593671,0.0,-0.006857481141634066,-0.0018867740910451342,0.0,0.0,0.0,0.0,0.0,0.0,24,25,0.0,0.0,0.0,0.0,0.0,0.0,0.0,0.0,0.0,0.0,0.0,0.0,0.0,0.0,0.0,,0.0,0.0,0.0,1
VAR_003126,0.5257655233022765,0.06739847107134442,0.055798470437797364,1.3679650636854785,0.002325227829657198,6.29959435233131e-05,0.8603679774854933,1.3137251966521497e-06,3.470282273223756,34886.89809522723,-0.01498935651377171,28,0.0,0.0,0.0,0.0,0.0,0.0,0.0,0.0,0.0,9.319742568878521e-09,0.0,1.0,0.4293309705662619,0.0,1.1447171326883876,0.7883559146473571,8.881337785478006,0.0,80.5778397917672,15.192590760425613,0.0,3.308057064019734,0.0,3.813771391455777,1.0,0.0,0.0,0.0,41.470342438473104,0.0,1.0,0.0,1.0,2.896091433730838,1.0,0,0.0011096169884615373,1.0,4,4,1.1187549788205526,0.25353621399900345,0.0,0.0,1.0,-3.8524691297225656e-07,8.005551091430776,1.0,1.0692381463862473,0.9999406467625775,1.0,1.02318946932054,0.8922421434519906,0.20514157232079863,1.0,0.0,0.7275661657533008,0.015457390454004382,0.6555514865103381,0.9999397761074998,0.08043344220798189,-3.5038623559136516e-08,2.524473334409613,0.0,1.1223116053530195,0.9849083968427638,1.3367590874913071,0.0019816674444751996,0.5120588894766512,-1.1505458631933764e-07,0.0,1.0,0.0,2.5000460680708256,4,1.4415512359305696,0.0,0.0,0.0,0.0,0.0,0.0,0.0,0.0,0.0,0.0,0.0,0.0,0.0,0.0,0.0,0.0,0.0,0.0,0.0,0.0,0.0,0.0,0.0,0.0,0.0,0.0,0.0,0.0,0.0,0.0,0.0,0.0,0.0,0.0,0.0,0.0,0.0,0.0,0.0,0.0,0.0,0.0,0.0,0.0,0.0,0.0,0.0,0.0,0.0,0.0,0.0,0.0,0.0,0.0,0.0,0.0,0.0,0.5692552192349567,0.0,1.1712057609574218,1.0767585828935975,0.0,1.0822672268264775,0.0,0.0,0.0011944421550737672,1.0,1.1208703663079849,1.0237271433493933,0.0,1.0,0.0,0.0,1.0068205471810887,1.2101454315057372,1.0148007864243382,1.0655984268941987,-3.0346791383356484,-1.3273535374260559,0.17327049790207177,-0.4564580410205355,1.1427267023082022,-0.13866770793588684,19,14,-0.1956521739130435,0.0,0.5,1.0,0.0,0.0,0.0,0.0,0.0,0.0,0.0,0.0,0.0,0.0,0.0,-1.0,1.0,1.0,1.0,1
VAR_003182,0.5965696438407152,48.31909208180865,134.13980142960892,135.2506200757082,-1.0552420195112451e-05,20.966098850301574,2.1592078667548047,0.0006303511693420034,0.10449597146663386,6728.440218949991,-0.014989356490673247,28,0.0,0.0,0.0,0.0,0.0,0.0,0.0,0.0739801182001882,0.0,2.7172503567628876,1.0,0.0,0.0,1.0,1.1447171326883876,0.0008781959591017984,9.374513259092618,12.29774599544885,1.6964975702757693e-12,90.52406959048446,1.0,6.369756036922792e-07,0.0,0.0,0.0,0.0,0.0,0.0,0.0,0.0,0.0,0.0,0.0,0.0,0.0,7,0.0,0.0,3,3,-0.611875418040756,-0.051985776301791554,0.0,0.0,1.0,1.4641609199910275,0.0,1.0,0.0,1.0000392124578248,0.0,5.670914543446484e-09,0.8692488012097671,1.0322468955178508,1.0,1.0,0.0,0.04276627253042078,1.0,0.9997097429724914,2.9900764703724173e-05,12.180225844762186,1.2863523859213482,1.3415873261671332,2.5751033399524808,0.3462802426433083,1.135908950843547,0.0008698328070341044,0.0,0.9113804674210011,1.1153576859222534,1.0,0.0,0.5000677368580889,3,-0.1115805483957671,5.595034830509547,0.3460035962652089,0.0,48.14223800804318,0.0,1.3495817977228856e-06,0.0,0.00022298635708005213,0.0,106.18604282903297,0.0,0.8738250408132826,0.0,0.0,0.0,0.0,0.1411541821636557,0.0,0.0,0.0,1.0,0.0,0.0,0.0,0.9456638376694302,0.0,0.0,1771.8454729682885,1.621406756191782e-11,0.0,3.2441455086587174,0.0,0.0,7268.623122532856,0.0,0.0,382.0231455802029,1.5966885415373189,0.0,0.0,0.0,0.0,90.72680749537646,0.0,0.0,164.44195482766565,0.0005158257361945387,0.00255555892907806,0.0,3.223671238484157,0.0,1.0,2.3999048343398135,0.5970494954543325,0.0,379.8540311784463,0.0,0.4430030092921325,1.0,1.0881764085330756,1.0767606144677397,0.0,0.0,0.0,0.0,-0.00030851058866207347,0.0,0.008607407885654776,0.0011788211782265993,0.0,1.0,0.0,1.0,-0.0008701812025456252,1.2101454315057372,1.0225408017527338,0.01863762711737088,-1.490659318673946,0.22692363072109445,-0.7043114738218355,-0.14246318867385377,0.43069946513112967,0.6725649850711068,0,22,0.5217391304347826,0.5,0.5,0.0,0.0,0.0,0.0,0.0,1.0,0.0,0.0,0.0,0.0,0.0,0.0,-1.0,0.0,1.0,0.0,1
VAR_003080,-0.002150169922729991,-3.805903131936688e-07,0.11924522638365906,0.8111997903426352,8.045834994533813,1.0012280174498793,2.932876433739569,-3.899797878240869e-06,4.923051375892075,0.0,0.3565176834026874,19,0.0,0.0,0.0,0.0,0.0,0.0,0.0,0.0,0.0,0.0,0.0,0.0,0.0,0.0,0.0,0.0,0.0,0.0,0.0,0.0,0.0,0.0,0.0,0.0,0.0,0.0,0.0,0.0,0.0,0.0,0.0,0.0,0.0,0.0,0.0,7,0.0,0.0,3,3,0.34829168581494474,0.06394950192856176,1.0111955632833878,0.0,0.0,-3.884553607683874e-07,0.0,0.0,0.0,-2.2320821211521196e-07,0.0,-1.4948262435770877e-08,-2.6709219008793652e-05,-1.4124635230450503e-05,0.0,0.0,0.0,-2.5336807690208568e-08,0.0,-1.2312450534260474e-06,-4.3419141492691217e-07,-3.5038624508476836e-08,0.0,0.0,0.0,-3.837678156849658e-07,0.0,-1.2618654649194024e-06,0.0,-1.1505932956688551e-07,0.0,0.0,0.0,0.0,3,-0.0036651060509396817,5.595034830509547,0.0,0.0,75.16155608796676,0.0,789.7500674424243,0.0,9.755809796534757,0.0,106.18628715782376,0.0,0.0,0.0,0.0,0.0,0.0,249.35133154834952,0.0,0.0,1.5246036095718187,1.0,0.0,0.0,0.0,1.0,0.0,1.0,18.025281616678622,325.7918670995194,0.0,3.2441455086587174,0.0,0.0,10833.09327605103,1.0,0.0,382.026576455221,0.9989750154060772,0.3432914816291267,0.0,0.3272510773990891,0.0,90.72709778598988,0.0,0.7737746837629778,2.4824883164844014,7.288127911051114,88447.89242238204,0.0,2.158225837069163,0.0,1.0,39.91466466649299,0.4002724034829835,0.0,0.007749610622955356,0.0,-0.047125759454048406,1.0,0.7450592537381434,1.0723249530470458,0.0,0.0,0.0,1.2911247775907504,0.00013769455058095802,1.0,1.1209394390663265,1.023830512165799,0.0,0.0,0.0,0.0,1.0068205987558565,0.0,1.0225416597359414,-0.0017281589304171748,-0.5280041629883182,-0.3492661489434141,-1.0194947401639198,0.5139116526888534,0.3379778910573836,0.7260473939073034,14,19,0.17391304347826086,0.0,0.5,0.0,0.0,0.0,0.0,0.0,1.0,0.0,0.0,0.0,0.0,0.0,0.0,0.0,0.0,0.0,0.0,1
VAR_002709,0.11564780388049319,47.75330712347555,0.10696236658933679,3.6013061574414884,0.033574759164154026,0.7713199701647122,-0.017134923175061822,6.3880781147264765,0.028074328940833625,126364.09435692489,0.3333626773149821,23,0.0,0.0,0.0,0.0,0.0,0.0,0.0,0.0,0.0,0.0,0.0,0.0,0.0,0.0,0.0,0.0,0.0,0.0,0.0,0.0,0.0,0.0,0.0,3.813771391455777,1.0,0.0,0.0,1.0,41.715800014718255,1.0,1.0,0.0,0.0,0.0,1.0,3,12.072916352360563,1.0,3,3,-0.11327566261802198,-0.7464855629871834,-7.675518787252987,0.0,1.0,0.6162853296609289,13.800566554903728,0.0,1.0973820282003526,0.24622323559221052,1.0,0.0002655325404982574,0.9999720451397415,0.00015995608437766875,0.0,1.0,2.185123324357029,0.9738013453469431,0.0,0.02047821670911069,1.0000787448104838,1.0538700128747e-06,0.0,0.0,3.1250628423837563,-3.1441853006993236e-07,0.7204177734665248,1.0055822144000908,2.317985538354174,0.14460226780584848,0.0,1.0,0.0,0.0,3,-0.07642184462174412,0.0,0.0,0.0,0.0,0.0,0.0,0.0,0.0,0.0,0.0,0.0,0.0,0.0,0.0,0.0,0.0,0.0,0.0,0.0,0.0,0.0,0.0,0.0,0.0,0.0,0.0,0.0,0.0,0.0,0.0,0.0,0.0,0.0,0.0,0.0,0.0,0.0,0.0,0.0,0.0,0.0,0.0,0.0,0.0,0.0,0.0,0.0,0.0,0.0,0.0,0.0,0.0,0.0,0.0,0.0,0.0,1.0,3.380448024310596e-06,1.0,-0.0003946169309162699,1.0674247585276033,0.0,0.12921036737700228,0.0,1.1692947835601268,1.052037551948701,0.0,-0.0002803288048923279,-0.0012187889603788764,0.0,1.0,0.0,0.0,-0.0008653594024751438,0.0,0.01984904709426606,-0.0018864677581275607,-1.126389139718554,0.22692363072109445,-1.332993240809271,-0.38023693428967464,-8.516263859868037,-0.03683417518540607,11,6,-0.21739130434782605,0.5,1.5,0.0,0.0,0.0,0.0,0.0,0.0,0.0,0.0,0.0,0.0,0.0,0.0,-1.0,1.0,0.0,0.0,1
VAR_003057,-0.0026141524537958713,0.09084225657646494,-3.0028276906457766e-07,0.0008409849418294839,6.4081617647444755,76.39564018259502,0.18443551250465534,0.0010095391184981072,40.151342036568565,0.0,1.9982346228741144,16,0.0,0.0,0.0,0.0,0.0,0.0,0.0,0.0,0.0,0.0,0.0,0.0,0.0,0.0,0.0,0.0,0.0,0.0,0.0,0.0,0.0,0.0,0.0,0.0,0.0,0.0,0.0,0.0,0.0,0.0,0.0,0.0,0.0,0.0,0.0,7,0.0,0.0,3,3,0.5729056058945905,-0.13619358669821519,-5.799775238976479,0.0,0.0,-3.884553607683874e-07,0.0,0.0,0.0,-2.2320821211521196e-07,0.0,-1.4948262435770877e-08,-2.6709219008793652e-05,-1.4124635230450503e-05,0.0,0.0,0.0,-2.5336807690208568e-08,0.0,-1.2312450534260474e-06,-4.3419141492691217e-07,-3.5038624508476836e-08,0.0,0.0,0.0,-3.837678156849658e-07,0.0,-1.2618654649194024e-06,0.0,-1.1505932956688551e-07,0.0,0.0,0.0,0.0,3,3.6728509681883814,0.0,0.0,0.0,0.0,0.0,0.0,0.0,0.0,0.0,0.0,0.0,0.0,0.0,0.0,0.0,0.0,0.0,0.0,0.0,0.0,0.0,0.0,0.0,0.0,0.0,0.0,0.0,0.0,0.0,0.0,0.0,0.0,0.0,0.0,0.0,0.0,0.0,0.0,0.0,0.0,0.0,0.0,0.0,0.0,0.0,0.0,0.0,0.0,0.0,0.0,0.0,0.0,0.0,0.0,0.0,0.0,0.0,-0.05533308578220475,1.0,-0.000606455616212577,0.6105228740650173,0.0,0.0,0.0,0.8077410421637844,1.0524512076925594,1.0,1.0575040754549365,-0.0010863185551820856,0.0,0.0,0.0,1.0,-0.0008706239609469152,1.2101454315057372,-0.006857456487334472,0.8787397288637123,0.08463270421284025,-3.442582968917374,0.17327049790207177,0.5938818378429616,-0.10691178411246133,0.6833475309080712,8,24,0.4130434782608695,1.5,-0.5,0.0,0.0,0.0,0.0,0.0,1.0,0.0,0.0,0.0,0.0,0.0,0.0,0.0,0.0,1.0,0.0,0
VAR_002775,-0.0783428963784724,-3.8059031320814635e-07,-3.004136269736329e-07,-5.4653554515842356e-05,-1.1041372304889563e-05,-4.831251662299113e-06,-0.017267181209998077,-4.8105745895704074e-06,-8.537446705068216e-06,595.4194942754158,-0.014939138313004212,28,0.0,0.0,0.0,0.0,0.0,0.0,0.0,1.0,0.6567896428760288,2.7180157933833593,0.3028816303659994,0.0,0.0,1.0,1.1447171326883876,2.1092600381806745,0.004118481721304283,0.0,2.067763203230535,0.07894457337718717,1.0,3.1682450419114767,0.0,0.0,0.0,0.0,0.0,0.0,0.0,0.0,0.0,0.0,0.0,0.0,0.0,7,0.0,0.0,3,3,-0.35945625104327394,-0.027187697779713884,0.0,0.0,0.0,-3.884553607683874e-07,0.0,0.0,0.0,-2.2320821211521196e-07,0.0,-1.4948262435770877e-08,-2.6709219008793652e-05,-1.4124635230450503e-05,0.0,0.0,0.0,-2.5336807690208568e-08,0.0,-1.2312450534260474e-06,-4.3419141492691217e-07,-3.5038624508476836e-08,0.0,0.0,0.0,-3.837678156849658e-07,0.0,-1.2618654649194024e-06,0.0,-1.1505932956688551e-07,0.0,0.0,0.0,0.0,3,-0.16493931029152423,0.0,0.0,0.0,0.0,0.0,0.0,0.0,0.0,0.0,0.0,0.0,0.0,0.0,0.0,0.0,0.0,0.0,0.0,0.0,0.0,0.0,0.0,0.0,0.0,0.0,0.0,0.0,0.0,0.0,0.0,0.0,0.0,0.0,0.0,0.0,0.0,0.0,0.0,0.0,0.0,0.0,0.0,0.0,0.0,0.0,0.0,0.0,0.0,0.0,0.0,0.0,0.0,0.0,0.0,0.0,0.0,1.0,-0.05539154965812581,1.0,-0.00043295834933975894,0.39970475214311746,0.0,0.6322330300899178,0.0,0.0,1.045561719406577,1.0,1.117186056852475,0.2167891607456119,0.0,1.0,0.0,1.0,0.07102879123681889,0.0,-0.006756484374836625,-0.0017588228429459595,0.08463270421284025,0.22692363072109445,0.17327049790207177,0.6670381969275772,0.29918954115961227,0.5950522323230315,14,11,1.1739130434782608,-1.0,0.5,0.0,0.0,0.0,0.0,0.0,1.0,0.0,0.0,0.0,0.0,0.0,0.0,-1.0,0.0,1.0,0.0,1
VAR_002783,0.070045201550415,0.062208260673215145,0.16325520901499485,82.95917951182192,5.071195841323649e-05,5.923745336367057,1.3953939257024697,0.03879216000539701,-7.070911916342292e-06,72031.24484842838,0.20063448935130723,20,0.0,0.0,0.0,0.0,0.0,0.0,0.0,0.8770679036174777,0.0,2.7175627495178554,0.0,1.0,0.3704603853606498,1.0,0.0,1.9647622188797786,8.46148316812629,16.422231567765632,1.0917948847472664e-06,4.8840972445604205,0.0,3.308219385620987,0.0,0.0,1.0,0.0,0.0,1.0,0.0005030333645993179,0.0,1.0,0.0,1.0,2.896091433730838,1.0,0,1.8154546263244342,0.0,3,3,-0.39775960667152027,0.146969490381561,-5.735340954477778,1.0,1.0,1.2056030519541263,0.0,0.0,0.0,1.0000392155434203,1.0,1.1502766899876116,0.9999860348789301,1.0333164319131838,0.0,0.0913812748524701,2.4199100640673192,1.0313359068343142,0.0,1.000020412416721,0.02463779864143173,0.11909723591775304,0.0,1.3415873261671332,0.0,0.9734251381366988,0.7290167964513523,1.013455153894533,1.6779062772044837,1.1300997072305858,0.014933939641067807,0.0,0.0,0.0,3,-0.03421693459422962,0.0,0.0,0.0,0.0,0.0,0.0,0.0,0.0,0.0,0.0,0.0,0.0,0.0,0.0,0.0,0.0,0.0,0.0,0.0,0.0,0.0,0.0,0.0,0.0,0.0,0.0,0.0,0.0,0.0,0.0,0.0,0.0,0.0,0.0,0.0,0.0,0.0,0.0,0.0,0.0,0.0,0.0,0.0,0.0,0.0,0.0,0.0,0.0,0.0,0.0,0.0,0.0,0.0,0.0,0.0,0.0,0.0,0.055458449392268835,1.0,1.171774480411284,-0.0018293998462169045,0.0,0.0,0.0,0.0,0.9662778644732738,1.0,1.1209394834572208,0.34456726099721985,0.0,1.0,0.0,1.0,0.008313982300224707,1.2101454315057372,-0.006587829880085047,1.065601315547435,0.08463270421284025,0.051326789434964555,-1.2621966180289192,-0.09837616935262157,0.26646024567159987,-0.4237004027723406,11,12,-0.4130434782608695,1.5,-0.5,0.0,0.0,0.0,0.0,0.0,0.0,0.0,0.0,0.0,0.0,0.0,0.0,-1.0,1.0,0.0,1.0,1
VAR_002939,-0.0783428963784724,-3.8059031320814635e-07,-3.004136269736329e-07,-5.4653554515842356e-05,-1.1041372304889563e-05,-4.831251662299113e-06,-0.017267181209998077,-4.8105745895704074e-06,-8.537446705068216e-06,0.0,-0.10946537831009982,8,0.0,0.0,0.0,0.0,0.0,0.0,0.0,0.0,0.0,0.0,0.0,0.0,0.0,0.0,0.0,0.0,0.0,0.0,0.0,0.0,0.0,0.0,0.0,0.0,0.0,0.0,0.0,0.0,0.0,0.0,0.0,0.0,0.0,0.0,0.0,7,0.0,0.0,2,2,0.32970409311395205,0.2858338163462445,4.111737119213951,0.0,0.0,-3.884553607683874e-07,0.0,0.0,0.0,-2.2320821211521196e-07,0.0,-1.4948262435770877e-08,-2.6709219008793652e-05,-1.4124635230450503e-05,0.0,0.0,0.0,-2.5336807690208568e-08,0.0,-1.2312450534260474e-06,-4.3419141492691217e-07,-3.5038624508476836e-08,0.0,0.0,0.0,-3.837678156849658e-07,0.0,-1.2618654649194024e-06,0.0,-1.1505932956688551e-07,0.0,0.0,0.0,0.0,2,-0.169222268148316,0.0,0.0,0.0,0.0,0.0,0.0,0.0,0.0,0.0,0.0,0.0,0.0,0.0,0.0,0.0,0.0,0.0,0.0,0.0,0.0,0.0,0.0,0.0,0.0,0.0,0.0,0.0,0.0,0.0,0.0,0.0,0.0,0.0,0.0,0.0,0.0,0.0,0.0,0.0,0.0,0.0,0.0,0.0,0.0,0.0,0.0,0.0,0.0,0.0,0.0,0.0,0.0,0.0,0.0,0.0,0.0,0.0,-0.11072982886915257,0.0,-0.0006064556200556692,-0.0018293998462169062,0.0,0.0,0.0,0.0,-0.00030853159312632406,0.0,-0.00028032881180293964,-0.0019096288697232238,0.0,0.0,0.0,0.0,-0.000870651106593671,0.0,-0.006857481141634066,-0.0018867740910451342,-0.9992994588049087,-0.06017517933795988,-0.5620289536444446,0.22389820819858938,-1.373910643808857,-0.047461514576133,5,10,-0.0869565217391304,1.0,-0.5,0.0,0.0,0.0,0.0,0.0,0.0,1.0,0.0,0.0,0.0,0.0,0.0,,0.0,0.0,0.0,1
VAR_003136,-0.0783428963784724,-3.8059031320814635e-07,-3.004136269736329e-07,-5.4653554515842356e-05,-1.1041372304889563e-05,-4.831251662299113e-06,-0.017267181209998077,-4.8105745895704074e-06,-8.537446705068216e-06,0.0,-0.10946537831009982,8,0.0,0.0,0.0,0.0,0.0,0.0,0.0,0.0,0.0,0.0,0.0,0.0,0.0,0.0,0.0,0.0,0.0,0.0,0.0,0.0,0.0,0.0,0.0,0.0,0.0,0.0,0.0,0.0,0.0,0.0,0.0,0.0,0.0,0.0,0.0,7,0.0,0.0,4,4,1.140197534890719,0.8523172782996858,0.0,0.0,0.0,-3.884553607683874e-07,0.0,0.0,0.0,-2.2320821211521196e-07,0.0,-1.4948262435770877e-08,-2.6709219008793652e-05,-1.4124635230450503e-05,0.0,0.0,0.0,-2.5336807690208568e-08,0.0,-1.2312450534260474e-06,-4.3419141492691217e-07,-3.5038624508476836e-08,0.0,0.0,0.0,-3.837678156849658e-07,0.0,-1.2618654649194024e-06,0.0,-1.1505932956688551e-07,0.0,0.0,0.0,0.0,4,-0.169222268148316,0.0,0.0,0.0,0.0,0.0,0.0,0.0,0.0,0.0,0.0,0.0,0.0,0.0,0.0,0.0,0.0,0.0,0.0,0.0,0.0,0.0,0.0,0.0,0.0,0.0,0.0,0.0,0.0,0.0,0.0,0.0,0.0,0.0,0.0,0.0,0.0,0.0,0.0,0.0,0.0,0.0,0.0,0.0,0.0,0.0,0.0,0.0,0.0,0.0,0.0,0.0,0.0,0.0,0.0,0.0,0.0,0.0,-0.11072982886915257,0.0,-0.0006064556200556692,-0.0018293998462169062,0.0,0.0,0.0,0.0,-0.00030853159312632406,0.0,-0.00028032881180293964,-0.0019096288697232238,0.0,0.0,0.0,0.0,-0.000870651106593671,0.0,-0.006857481141634066,-0.0018867740910451342,-1.1715113339528065,-0.7840694928014759,-0.7602143608243024,0.2364939544900097,-0.39586904385046806,-0.14903131569782316,4,7,0.6739130434782609,0.0,-0.5,0.0,1.0,0.0,0.0,0.0,0.0,0.0,0.0,0.0,0.0,0.0,0.0,,0.0,0.0,0.0,1
VAR_002990,3.5780851256784367,0.015434625035416849,135.99300106627294,-5.459271108976866e-05,0.7150741505713827,11.715968585354792,3.822004193414959,0.004585653149312524,29.88678943275691,5232.872545832967,0.3376746432763771,19,0.0,0.0,0.0,0.0,0.0,0.0,0.0,1.0,0.0,2.6110090393622207,0.0,1.0,0.0,1.0,1.1447171326883876,2.062003612915913,9.381259576977499,1.741418194783433,74.34630072727359,0.0014128872716637959,1.0,1.751000943552665e-10,1.0132514580063678,0.0,1.0,1.0,1.0,1.0,41.718035606219345,0.0,1.0,1.0,1.0,2.896091433730838,1.0,5,8.111022905276418,0.0,2,2,0.16262623494313772,-5.277166198375665,-39.97193258693014,0.0,1.0,1.4641607176991027,14.36216957344868,1.0,1.0973820282003526,9.641280006781532,1.0,0.05339242071896628,8.405375849884962,0.7823281913699948,1.0,1.0,2.934526532233309,6.800232240626039,1.0,10.000215206586946,8.3718409197738,22.515579866267537,3.1982118410375797,1.3415873261671332,0.6728918133926965,4.468658355703277,1.3367590874913071,0.3683684729333063,3.4265635009197988,0.4297742925111517,1.372499837548093,0.0,1.0,5.727517536056902,2,0.8202922463891845,0.0,0.4712908824038939,0.0,751.6155609198498,0.0,249.25821943643885,0.0,9.910840411729986,0.0,3.346236354959589e-05,0.0,0.0,0.0,1.0,1.0,0.0,2505.947073566713,0.0,0.0,1.5246036095718187,0.2494787240711547,0.0,1.0,0.0,0.0,0.0,0.0,86.4488202012702,135.22477089917896,0.0,3.2441455086587174,0.0,1.0,13419.808847953103,1.0,0.0,0.002821832923147549,0.0,0.0,0.0,1.0,0.0,6.462154192642452,0.0,1.0,162.9924364997338,0.7963460258504653,262116.15323307452,0.0,3.123283118278185,0.0,1.0,5238.634744124557,1.0,0.0,317.3802864797406,1.0,2.3794742650640557,0.0,1.1717733217435045,-0.001829348915594523,0.0,2.770729017407695,0.0,1.2164729348162007,0.11323403957715925,0.0,0.09643828754850317,1.0213046176941742,0.0,1.0,0.0,1.0,0.16850063132689821,1.2101454315057372,1.0014812273649503,0.017573033277892666,-58.167667780579336,-0.06798152060226484,-35.50055029533971,-1.6787172004935418,-9.358963002103286,-1.6364916879767497,16,16,0.21739130434782605,1.0,-0.5,0.0,0.0,0.0,0.0,0.0,0.0,1.0,0.0,0.0,0.0,0.0,0.0,0.0,1.0,0.0,0.0,1
VAR_002873,-0.0783428963784724,-3.8059031320814635e-07,-3.004136269736329e-07,-5.4653554515842356e-05,-1.1041372304889563e-05,-4.831251662299113e-06,-0.017267181209998077,-4.8105745895704074e-06,-8.537446705068216e-06,0.0,-0.10946537831009982,8,0.0,0.0,0.0,0.0,0.0,0.0,0.0,0.0,0.0,0.0,0.0,0.0,0.0,0.0,0.0,0.0,0.0,0.0,0.0,0.0,0.0,0.0,0.0,0.0,0.0,0.0,0.0,0.0,0.0,0.0,0.0,0.0,0.0,0.0,0.0,7,0.0,0.0,2,2,0.5637160798570604,0.8523172782996858,-6.805040348272917,0.0,0.0,-3.884553607683874e-07,0.0,0.0,0.0,-2.2320821211521196e-07,0.0,-1.4948262435770877e-08,-2.6709219008793652e-05,-1.4124635230450503e-05,0.0,0.0,0.0,-2.5336807690208568e-08,0.0,-1.2312450534260474e-06,-4.3419141492691217e-07,-3.5038624508476836e-08,0.0,0.0,0.0,-3.837678156849658e-07,0.0,-1.2618654649194024e-06,0.0,-1.1505932956688551e-07,0.0,0.0,0.0,0.0,2,-0.169222268148316,0.0,0.0,0.0,0.0,0.0,0.0,0.0,0.0,0.0,0.0,0.0,0.0,0.0,0.0,0.0,0.0,0.0,0.0,0.0,0.0,0.0,0.0,0.0,0.0,0.0,0.0,0.0,0.0,0.0,0.0,0.0,0.0,0.0,0.0,0.0,0.0,0.0,0.0,0.0,0.0,0.0,0.0,0.0,0.0,0.0,0.0,0.0,0.0,0.0,0.0,0.0,0.0,0.0,0.0,0.0,0.0,0.0,-0.11072982886915257,0.0,-0.0006064556200556692,-0.0018293998462169062,0.0,0.0,0.0,0.0,-0.00030853159312632406,0.0,-0.00028032881180293964,-0.0019096288697232238,0.0,0.0,0.0,0.0,-0.000870651106593671,0.0,-0.006857481141634066,-0.0018867740910451342,0.08463270421284025,0.22692363072109445,0.17327049790207177,0.2707730653779031,0.22664464002429963,0.12525883574057256,16,11,1.8043478260869565,-0.5,0.5,0.0,0.0,0.0,0.0,0.0,0.0,0.0,0.0,1.0,0.0,0.0,0.0,,0.0,0.0,0.0,1
VAR_002693,-0.0783428963784724,-3.8059031320814635e-07,-3.004136269736329e-07,-5.4653554515842356e-05,-1.1041372304889563e-05,-4.831251662299113e-06,-0.017267181209998077,-4.8105745895704074e-06,-8.537446705068216e-06,0.0,-0.10946537831009982,8,0.0,0.0,0.0,0.0,0.0,0.0,0.0,0.0,0.0,0.0,0.0,0.0,0.0,0.0,0.0,0.0,0.0,0.0,0.0,0.0,0.0,0.0,0.0,0.0,0.0,0.0,0.0,0.0,0.0,0.0,0.0,0.0,0.0,0.0,0.0,7,0.0,0.0,2,2,0.32280325125704484,-4.971331428294823,0.0,0.0,0.0,-3.884553607683874e-07,0.0,0.0,0.0,-2.2320821211521196e-07,0.0,-1.4948262435770877e-08,-2.6709219008793652e-05,-1.4124635230450503e-05,0.0,0.0,0.0,-2.5336807690208568e-08,0.0,-1.2312450534260474e-06,-4.3419141492691217e-07,-3.5038624508476836e-08,0.0,0.0,0.0,-3.837678156849658e-07,0.0,-1.2618654649194024e-06,0.0,-1.1505932956688551e-07,0.0,0.0,0.0,0.0,2,-0.169222268148316,0.0,0.0,0.0,0.0,0.0,0.0,0.0,0.0,0.0,0.0,0.0,0.0,0.0,0.0,0.0,0.0,0.0,0.0,0.0,0.0,0.0,0.0,0.0,0.0,0.0,0.0,0.0,0.0,0.0,0.0,0.0,0.0,0.0,0.0,0.0,0.0,0.0,0.0,0.0,0.0,0.0,0.0,0.0,0.0,0.0,0.0,0.0,0.0,0.0,0.0,0.0,0.0,0.0,0.0,0.0,0.0,0.0,-0.11072982886915257,0.0,-0.0006064556200556692,-0.0018293998462169062,0.0,0.0,0.0,0.0,-0.00030853159312632406,0.0,-0.00028032881180293964,-0.0019096288697232238,0.0,0.0,0.0,0.0,-0.000870651106593671,0.0,-0.006857481141634066,-0.0018867740910451342,-1.2802347245502181,0.22692363072109445,-18.536811019924485,-1.6611167734109096,-0.7122302953682692,-1.5156315711465038,10,13,0.0869565217391304,0.5,0.5,0.0,0.0,0.0,0.0,0.0,0.0,0.0,0.0,0.0,0.0,0.0,0.0,,0.0,0.0,0.0,0
VAR_002755,-0.0783428963784724,-3.8059031320814635e-07,-3.004136269736329e-07,-5.4653554515842356e-05,-1.1041372304889563e-05,-4.831251662299113e-06,-0.017267181209998077,-4.8105745895704074e-06,-8.537446705068216e-06,0.0,-0.10946537831009982,8,0.0,0.0,0.0,0.0,0.0,0.0,0.0,0.0,0.0,0.0,0.0,0.0,0.0,0.0,0.0,0.0,0.0,0.0,0.0,0.0,0.0,0.0,0.0,0.0,0.0,0.0,0.0,0.0,0.0,0.0,0.0,0.0,0.0,0.0,0.0,7,0.0,0.0,4,4,-0.4330428619106951,-0.23297150320990825,0.0,0.0,0.0,-3.884553607683874e-07,0.0,0.0,0.0,-2.2320821211521196e-07,0.0,-1.4948262435770877e-08,-2.6709219008793652e-05,-1.4124635230450503e-05,0.0,0.0,0.0,-2.5336807690208568e-08,0.0,-1.2312450534260474e-06,-4.3419141492691217e-07,-3.5038624508476836e-08,0.0,0.0,0.0,-3.837678156849658e-07,0.0,-1.2618654649194024e-06,0.0,-1.1505932956688551e-07,0.0,0.0,0.0,0.0,4,-0.169222268148316,0.0,0.0,0.0,0.0,0.0,0.0,0.0,0.0,0.0,0.0,0.0,0.0,0.0,0.0,0.0,0.0,0.0,0.0,0.0,0.0,0.0,0.0,0.0,0.0,0.0,0.0,0.0,0.0,0.0,0.0,0.0,0.0,0.0,0.0,0.0,0.0,0.0,0.0,0.0,0.0,0.0,0.0,0.0,0.0,0.0,0.0,0.0,0.0,0.0,0.0,0.0,0.0,0.0,0.0,0.0,0.0,0.0,-0.11072982886915257,0.0,-0.0006064556200556692,-0.0018293998462169062,0.0,0.0,0.0,0.0,-0.00030853159312632406,0.0,-0.00028032881180293964,-0.0019096288697232238,0.0,0.0,0.0,0.0,-0.000870651106593671,0.0,-0.006857481141634066,-0.0018867740910451342,-1.2488779886353096,0.1624129382623059,0.17327049790207177,0.2293347023304176,0.5974397195900383,-0.059235718571043844,15,17,-0.21739130434782605,1.0,-0.5,0.0,1.0,0.0,0.0,0.0,0.0,0.0,0.0,0.0,0.0,0.0,0.0,,0.0,0.0,0.0,1
VAR_003100,-0.0783428963784724,-3.8059031320814635e-07,-3.004136269736329e-07,-5.4653554515842356e-05,-1.1041372304889563e-05,-4.831251662299113e-06,-0.017267181209998077,-4.8105745895704074e-06,-8.537446705068216e-06,0.0,-0.10946537831009982,8,0.0,0.0,0.0,0.0,0.0,0.0,0.0,0.0,0.0,0.0,0.0,0.0,0.0,0.0,0.0,0.0,0.0,0.0,0.0,0.0,0.0,0.0,0.0,0.0,0.0,0.0,0.0,0.0,0.0,0.0,0.0,0.0,0.0,0.0,0.0,7,0.0,0.0,4,4,1.1005961985553696,0.8523172782996858,3.747908586735974,0.0,0.0,1.4641517648205056,0.0,0.0,1.0973820282003526,0.9996672187080043,1.0,1.3253382582135402e-07,-2.6709219003612735e-05,-1.4093456502527495e-05,0.0,0.0,1.9984602508027696,0.00011566830494800046,0.5208243570584681,0.554904863749202,0.00037851957377477965,0.0005435652326729444,0.3155200320674196,1.3415873261671332,1.9832011570725305,1.0018522793021398,0.706355502045627,-1.2491186631451188e-06,1.802321227006505,1.0289161839454792,0.0,0.2319754070404428,0.0,0.0,4,0.8622341882391824,0.0,0.0,0.0,0.0,0.0,0.0,0.0,0.0,0.0,0.0,0.0,0.0,0.0,0.0,0.0,0.0,0.0,0.0,0.0,0.0,0.0,0.0,0.0,0.0,0.0,0.0,0.0,0.0,0.0,0.0,0.0,0.0,0.0,0.0,0.0,0.0,0.0,0.0,0.0,0.0,0.0,0.0,0.0,0.0,0.0,0.0,0.0,0.0,0.0,0.0,0.0,0.0,0.0,0.0,0.0,0.0,1.0,1.1888520306473833,1.0,0.3642812844942631,-0.00073718293324243,0.0,2.129817849030334,0.0,0.4017630489638585,1.0524421938203012,0.0,-0.00028032879524580637,0.012531978046102949,0.0,1.0,0.0,1.0,0.8583944039375597,1.2101454315057372,1.0225416567252505,-0.001885111780948433,0.08463270421284025,-0.44517991950601526,-0.3508973409148782,0.0023250951955077017,0.6987515020561763,-0.48623763989551255,9,22,-0.06521739130434778,2.0,0.0,0.0,1.0,0.0,0.0,0.0,0.0,0.0,0.0,0.0,0.0,0.0,0.0,,0.0,0.0,0.0,0
VAR_003188,0.9232070241465941,0.25065481091310315,0.18047431605132175,-4.6417585923432656e-05,1.1337876371559985,0.3335468340622606,0.9325928364397951,7.971910810718854,0.005689279614702985,56.05523161749917,0.31625514442894503,18,0.0,0.0,0.0,0.0,0.0,0.0,0.0,0.0,1.0,2.7151830018643897,0.8683459438701664,1.0,0.0,1.0,1.1447171326883876,0.7798813808167847,5.520426893105649e-07,1.7669402363000133,79.11151460261517,2.1661222325343778e-09,1.0,3.2848195574013364,1.0132514580063678,3.813771391455777,0.0,1.0,0.0,0.0,17.21776216843895,1.0,1.0,0.0,1.0,0.0,1.0,3,12.569711466369288,1.0,4,4,-0.5974539979442616,-0.003969932015237886,0.0,1.0,1.0,1.873624748490503e-05,11.037058236447512,1.0,1.0973820282003526,1.5138598994646244,1.0,-1.493253091234833e-08,2.486835087833818,0.008466114452750823,1.0,1.0,2.934526532233309,0.8332828622766381,0.0,0.005093936419849084,6.63486238106205e-05,-3.503862450847683e-08,2.961052745549071,1.0140547029437088,3.1250628423837563,1.0038767645666293,1.2120671370765443,1.013455934055903,0.0,0.5713608425098337,0.44215845038435575,0.7176614682166702,1.0,11.130088275510692,4,0.3587029343004004,0.0,1.0,0.0,24.51692328088405,0.0,4.302629745753892e-13,0.0,9.932727260257645,0.0,105.95857491278215,0.0,0.0,0.0,0.0,1.0,0.0,2483.965197002504,0.0,0.0,1.5246036095718187,0.0,0.0,1.0,0.0,0.1328686620632773,0.0,0.4670010954088416,0.05424659108070751,3.6128286897146316,0.0,1.0372903599305616,0.0,1.0,13387.173832312395,1.0,0.0,51.50844741196291,0.0,0.0,0.0,0.0,0.0,11.991066868544372,0.0,1.0,105.72934155110315,22.54856517472781,27225.494579550614,0.0,3.223671238484157,0.0,0.0,5699.338739121478,1.0,0.0,0.0033971933892531026,1.0,3.6167894550713164,1.0,1.0520747991339017,1.0767101112880357,0.0,0.0,0.0,1.003247867487003,0.05113461288687403,0.9310482954973276,-0.0002795079762680498,0.41051439068225476,0.0,1.0,0.0,1.0,1.0065849301071021,1.2101454315057372,1.022528759881535,1.0646898659067254,0.08463270421284025,0.22692363072109445,0.17327049790207177,-0.5795812177618819,0.47674480189553886,-0.7878884596552362,10,17,-0.13043478260869565,1.5,-0.5,0.0,1.0,0.0,0.0,0.0,0.0,0.0,0.0,0.0,0.0,0.0,0.0,0.0,1.0,0.0,0.0,1
VAR_002878,10.840978823686427,0.026936607264843686,0.010548627478574414,1851.6463520415577,0.7645781925002891,49.252363164870296,4.918416147521241,39.85965087124482,34.987922994879746,6.2985846445751715e-09,17.12460424229341,12,0.0,0.0,0.0,0.0,0.0,0.0,0.0,1.0,1.0,1.6133924761971976,0.0,1.0,0.0,1.0,1.1447171326883876,2.094531136119152,2.4953534770582426e-15,16.422231567765632,78.75151164597493,2.212416610510125e-19,1.0,3.308435577068888,1.0132514580063678,3.813771391455777,1.0,1.0,0.0,1.0,25.62760170842687,1.0,1.0,1.0,1.0,2.896091433730838,1.0,3,12.588399454732652,0.0,2,2,0.48614293150598453,-0.4657314169501222,0.0,1.0,1.0,1.0386130387274911e-05,14.36216957344868,1.0,1.0973820282003526,10.000394169520558,1.0,1.0231894679165787,10.000333261635726,1.088595483422909,1.0,1.0,2.934526532233309,3.2105514189865487,1.0,10.000215206586946,10.000791355827571,136.63231483257306,3.1982118410375797,1.3415873261671332,3.1250628423837563,0.8688190198955387,1.3367590874913071,0.6310372331384987,3.4265635009197988,3.8498823056434492,1.372499837548093,1.0,1.0,12.502419082582788,2,14.99384277099331,5.595034830509547,0.369691159054504,0.0,74.89582126164571,0.0,7916.415815926011,0.0,9.85319998843,0.0,1038.5039957839706,0.0,1.0,0.0,1.0,1.0,0.0,8.502257206154685,0.0,0.0,1.5246036095718187,0.0,0.0,0.0,0.0,1.0,0.0,1.0,305.3217934203053,3258.1326683516177,0.0,3.2441455086587174,0.0,1.0,13354.306052477705,1.0,0.0,4.489572728699663,1.5966885415373189,1.0,0.0,0.010009992995141,0.0,907.2709778599261,0.0,0.0,164.4461638101291,225.49330069192203,316608.8795772283,0.0,3.223671238484157,0.0,1.0,5426.831140428005,1.0,0.0,0.00011990082642314392,1.0,8.301019526592981,1.0,-0.0006064556194250962,0.07342895503662167,0.0,1.885010877570603,0.0,1.2911247775907504,1.0524512094462055,0.0,1.1166517303440664,9.230401008791386,0.0,1.0,0.0,1.0,0.9349595249166868,1.2101454315057372,0.6582981332833426,0.030263226925027618,-0.01999480950564832,0.22692363072109445,0.17327049790207177,-0.5545287955435799,-0.7162012967553429,0.006727809506366316,16,8,0.28260869565217384,0.5,-0.5,0.0,0.0,0.0,0.0,0.0,0.0,1.0,0.0,0.0,0.0,0.0,0.0,0.0,1.0,0.0,0.0,1
VAR_003229,-0.002131045104549764,-3.801940857250517e-07,67.98128801885477,62.526454447999086,-1.0925904892551999e-05,43.726532133873846,-0.017248034628750165,1.2953622901789896,0.39837358560426195,0.0,0.3111749747531395,11,0.0,0.0,0.0,0.0,0.0,0.0,0.0,0.0,0.0,0.0,0.0,0.0,0.0,0.0,0.0,0.0,0.0,0.0,0.0,0.0,0.0,0.0,0.0,0.0,0.0,0.0,0.0,0.0,0.0,0.0,0.0,0.0,0.0,0.0,0.0,7,0.0,0.0,5,5,0.0,0.0,0.0,0.0,0.0,-3.884553607683874e-07,0.0,0.0,0.0,-2.2320821211521196e-07,0.0,-1.4948262435770877e-08,-2.6709219008793652e-05,-1.4124635230450503e-05,0.0,0.0,0.0,-2.5336807690208568e-08,0.0,-1.2312450534260474e-06,-4.3419141492691217e-07,-3.5038624508476836e-08,0.0,0.0,0.0,-3.837678156849658e-07,0.0,-1.2618654649194024e-06,0.0,-1.1505932956688551e-07,0.0,0.0,0.0,0.0,5,-0.169222268148316,0.0,0.0,0.0,0.0,0.0,0.0,0.0,0.0,0.0,0.0,0.0,0.0,0.0,0.0,0.0,0.0,0.0,0.0,0.0,0.0,0.0,0.0,0.0,0.0,0.0,0.0,0.0,0.0,0.0,0.0,0.0,0.0,0.0,0.0,0.0,0.0,0.0,0.0,0.0,0.0,0.0,0.0,0.0,0.0,0.0,0.0,0.0,0.0,0.0,0.0,0.0,0.0,0.0,0.0,0.0,0.0,0.0,-0.11072982886915257,0.0,-0.0006064556200556692,-0.0018293998462169062,0.0,0.0,0.0,0.0,-0.00030853159312632406,0.0,-0.00028032881180293964,-0.0019096288697232238,0.0,0.0,0.0,0.0,-0.000870651106593671,0.0,-0.006857481141634066,-0.0018867740910451342,0.0,0.0,0.0,0.0,0.0,0.0,24,25,0.0,0.0,0.0,0.0,0.0,0.0,0.0,0.0,0.0,0.0,0.0,0.0,0.0,0.0,0.0,0.0,0.0,0.0,0.0,0
VAR_002916,0.3833005057199922,16.192500095211173,-2.768112427541221e-07,839.3121078067068,-1.1039871677647391e-05,10.523139981001046,0.421419572766932,1.9929879870184164,0.0025911865043526023,0.00942888521484143,1.2139348814731599,15,0.0,0.0,0.0,0.0,0.0,0.0,0.0,0.0,1.0,0.003027902157273878,0.0,1.0,1.0,0.0,1.1447171326883876,1.8563108091770346,9.381264873254853,16.422231567765632,8.574165506552825e-08,6.044920866036905,1.0,3.2965014694898054,1.0132514580063678,0.0,0.0,0.0,0.0,0.0,0.0,0.0,0.0,0.0,0.0,0.0,0.0,7,0.0,0.0,4,4,-0.6119676382736533,-1.2831257263206812,0.03895315178222969,0.0,0.0,0.011237447666825665,0.0,0.0,0.0,1.3192597839803707e-07,1.0,9.358334456617816e-08,0.9826883703021321,0.002152140887596925,1.0,1.0,0.500553006090336,9.348553140523343,1.0,10.000215206586946,9.243228457941317,15.66831028978129,3.1982118410375797,0.0,0.0,1.0328426361225092,1.3367590874913071,1.0134559340665728,0.6907439283894586,0.09902078276216829,1.372499837548093,1.0,0.0,0.49999534083685787,4,5.806826668066448,0.0,0.0,0.0,0.0,0.0,0.0,0.0,0.0,0.0,0.0,0.0,0.0,0.0,0.0,0.0,0.0,0.0,0.0,0.0,0.0,0.0,0.0,0.0,0.0,0.0,0.0,0.0,0.0,0.0,0.0,0.0,0.0,0.0,0.0,0.0,0.0,0.0,0.0,0.0,0.0,0.0,0.0,0.0,0.0,0.0,0.0,0.0,0.0,0.0,0.0,0.0,0.0,0.0,0.0,0.0,0.0,1.0,0.2777182594755311,1.0,1.1705848947453121,1.0468918798103088,0.0,0.0,0.0,0.33347160443526286,1.0524512094485838,0.0,1.0348883051317697,1.0237809577564012,0.0,0.0,0.0,0.0,0.6580790718636783,0.0,-0.0068498700022176845,1.0654119204774057,-1.7385043479913893,0.12632506240031888,0.17327049790207177,-0.1803706659358612,0.884992233862596,-0.26629930080495967,4,7,0.6739130434782609,0.0,-0.5,0.0,1.0,0.0,0.0,0.0,0.0,0.0,0.0,0.0,0.0,0.0,0.0,0.0,0.0,0.0,0.0,1
VAR_002950,1.1620050283941556,0.00011483890578203114,2.9033149766115157e-05,-5.464623681320333e-05,10.898438837668387,0.07620610061081927,0.09241060902248732,0.2089742626537305,0.0016974619807085182,0.0,1.045165260925373,15,0.0,0.0,0.0,0.0,0.0,0.0,0.0,0.0,0.0,0.0,0.0,0.0,0.0,0.0,0.0,0.0,0.0,0.0,0.0,0.0,0.0,0.0,0.0,0.0,0.0,0.0,0.0,0.0,0.0,0.0,0.0,0.0,0.0,0.0,0.0,7,0.0,0.0,2,2,0.5015653146762955,-2.749230682322766,-4.845510485657055,1.0,1.0,1.3709815749269438,0.0,1.0,1.0973820282003526,0.9915262982294034,0.0,0.9595821688099735,1.8907007344906306,0.004375899989810284,1.0,1.0,2.004794492213514,0.9629352833356764,1.0,0.01205194424300048,0.9530276522173857,7.117435997827742e-06,0.0,1.3415873261671332,2.595866291369114,0.6784299496863943,0.6258181197447387,0.00033551377835190193,1.0284674342461588,0.0005086834124530824,0.857766350782485,0.0,0.0,0.0,2,0.6646279273964731,0.0,0.0,0.0,0.0,0.0,0.0,0.0,0.0,0.0,0.0,0.0,0.0,0.0,0.0,0.0,0.0,0.0,0.0,0.0,0.0,0.0,0.0,0.0,0.0,0.0,0.0,0.0,0.0,0.0,0.0,0.0,0.0,0.0,0.0,0.0,0.0,0.0,0.0,0.0,0.0,0.0,0.0,0.0,0.0,0.0,0.0,0.0,0.0,0.0,0.0,0.0,0.0,0.0,0.0,0.0,0.0,1.0,0.2142802132638527,1.0,-0.0006036778651525844,0.8812344811823258,0.0,0.21093318966400232,0.0,0.0,0.8577544717935144,1.0,1.1209371393894003,-0.0019063364042518622,0.0,1.0,0.0,1.0,0.19492626178914713,0.0,-0.006842534640443336,0.7145606330355359,-2.3598373833839945,0.09727032591533058,-0.33878340149727443,-1.739508400033204,-0.12539238997388558,-1.2920762743499388,11,6,-0.21739130434782605,0.5,1.5,0.0,0.0,0.0,0.0,0.0,0.0,0.0,0.0,0.0,0.0,0.0,0.0,0.0,0.0,0.0,0.0,1
VAR_002635,-0.0783428963784724,-3.8059031320814635e-07,-3.004136269736329e-07,-5.4653554515842356e-05,-1.1041372304889563e-05,-4.831251662299113e-06,-0.017267181209998077,-4.8105745895704074e-06,-8.537446705068216e-06,0.0,-0.10946537831009982,8,0.0,0.0,0.0,0.0,0.0,0.0,0.0,0.0,0.0,0.0,0.0,0.0,0.0,0.0,0.0,0.0,0.0,0.0,0.0,0.0,0.0,0.0,0.0,0.0,0.0,0.0,0.0,0.0,0.0,0.0,0.0,0.0,0.0,0.0,0.0,7,0.0,0.0,2,2,-0.7127690779688111,0.18701903386882499,0.0,0.0,0.0,-3.884553607683874e-07,0.0,0.0,0.0,-2.2320821211521196e-07,0.0,-1.4948262435770877e-08,-2.6709219008793652e-05,-1.4124635230450503e-05,0.0,0.0,0.0,-2.5336807690208568e-08,0.0,-1.2312450534260474e-06,-4.3419141492691217e-07,-3.5038624508476836e-08,0.0,0.0,0.0,-3.837678156849658e-07,0.0,-1.2618654649194024e-06,0.0,-1.1505932956688551e-07,0.0,0.0,0.0,0.0,2,-0.169222268148316,0.0,0.0,0.0,0.0,0.0,0.0,0.0,0.0,0.0,0.0,0.0,0.0,0.0,0.0,0.0,0.0,0.0,0.0,0.0,0.0,0.0,0.0,0.0,0.0,0.0,0.0,0.0,0.0,0.0,0.0,0.0,0.0,0.0,0.0,0.0,0.0,0.0,0.0,0.0,0.0,0.0,0.0,0.0,0.0,0.0,0.0,0.0,0.0,0.0,0.0,0.0,0.0,0.0,0.0,0.0,0.0,0.0,-0.11072982886915257,0.0,-0.0006064556200556692,-0.0018293998462169062,0.0,0.0,0.0,0.0,-0.00030853159312632406,0.0,-0.00028032881180293964,-0.0019096288697232238,0.0,0.0,0.0,0.0,-0.000870651106593671,0.0,-0.006857481141634066,-0.0018867740910451342,0.08463270421284025,-4.666882105991129,0.17327049790207177,-0.33007384054026473,-0.6460634017283998,0.016321753549940973,21,11,-0.08695652173913049,1.0,1.5,0.0,0.0,0.0,0.0,0.0,0.0,0.0,0.0,0.0,0.0,0.0,0.0,,0.0,0.0,0.0,1
VAR_002924,-0.0783428963784724,-3.8059031320814635e-07,-3.004136269736329e-07,-5.4653554515842356e-05,-1.1041372304889563e-05,-4.831251662299113e-06,-0.017267181209998077,-4.8105745895704074e-06,-8.537446705068216e-06,0.0,-0.10946537831009982,8,0.0,0.0,0.0,0.0,0.0,0.0,0.0,0.0,0.0,0.0,0.0,0.0,0.0,0.0,0.0,0.0,0.0,0.0,0.0,0.0,0.0,0.0,0.0,0.0,0.0,0.0,0.0,0.0,0.0,0.0,0.0,0.0,0.0,0.0,0.0,7,0.0,0.0,1,1,0.05349820325122169,0.25784865608664925,-5.021193417973013,0.0,0.0,-3.884553607683874e-07,0.0,0.0,0.0,-2.2320821211521196e-07,0.0,-1.4948262435770877e-08,-2.6709219008793652e-05,-1.4124635230450503e-05,0.0,0.0,0.0,-2.5336807690208568e-08,0.0,-1.2312450534260474e-06,-4.3419141492691217e-07,-3.5038624508476836e-08,0.0,0.0,0.0,-3.837678156849658e-07,0.0,-1.2618654649194024e-06,0.0,-1.1505932956688551e-07,0.0,0.0,0.0,0.0,1,-0.169222268148316,0.0,0.0,0.0,0.0,0.0,0.0,0.0,0.0,0.0,0.0,0.0,0.0,0.0,0.0,0.0,0.0,0.0,0.0,0.0,0.0,0.0,0.0,0.0,0.0,0.0,0.0,0.0,0.0,0.0,0.0,0.0,0.0,0.0,0.0,0.0,0.0,0.0,0.0,0.0,0.0,0.0,0.0,0.0,0.0,0.0,0.0,0.0,0.0,0.0,0.0,0.0,0.0,0.0,0.0,0.0,0.0,0.0,-0.11072982886915257,0.0,-0.0006064556200556692,-0.0018293998462169062,0.0,0.0,0.0,0.0,-0.00030853159312632406,0.0,-0.00028032881180293964,-0.0019096288697232238,0.0,0.0,0.0,0.0,-0.000870651106593671,0.0,-0.006857481141634066,-0.0018867740910451342,0.08463270421284025,0.22692363072109445,0.17327049790207177,0.5886429794716368,1.1427267023082022,0.6487443873989723,2,7,-0.6304347826086956,-1.0,-0.5,0.0,0.0,0.0,0.0,0.0,0.0,0.0,0.0,0.0,0.0,0.0,1.0,,0.0,0.0,0.0,1
VAR_002683,23.793100630296408,7.521739083067371,136.10725497493718,0.0008995990620745017,2.910722304880215,0.047016956883359294,33.46935031194152,19.943843788106825,1.2343363945521046,167874.46015192007,1.7163300876229854,16,0.0,0.0,0.0,0.0,0.0,0.0,0.0,0.0,1.0,0.004938405539390217,0.0,0.0,0.8289035832669013,1.0,1.1447171326883876,2.0891023081313063,9.380553171678576,15.152637509032818,81.128205794735,21.591478030641216,1.0,0.002733738251573085,1.0132514580063678,3.813771391455777,1.0,1.0,1.0,1.0,1.5570846646601145e-06,0.0,1.0,1.0,1.0,2.896091433730838,1.0,3,0.24480921848224244,1.0,3,3,0.12483269577743215,-6.1556676417465885,0.0,1.0,1.0,0.07087164826485805,14.36216957344868,1.0,1.0973820282003526,4.714481727957418,1.0,2.628151595751849,3.431796823028247,2.141873453089702,1.0,0.0,2.934526532233309,0.38846516094423417,1.0,1.6790851069903987,2.2044988621731565,3.1099939594390213,3.1982118410375797,0.9953150990187637,3.1250628423837563,1.0025308872670295,1.3367590874913071,1.2998589376363447,3.4265635009197988,0.10687080173639307,1.372499837548093,0.0,1.0,15.194955673564738,3,5.278184960723697,5.595034830509547,1.0,0.0,74.24763848762662,0.0,3.3180579165835303e-13,0.0,1.493006679960603,0.0,0.0009670382850987074,0.0,1.0,0.0,1.0,1.0,0.0,140.02520049595873,0.0,0.0,1.5246036095718187,0.6919951581583529,0.0,1.0,0.0,0.0,0.0,0.1723659138658053,0.6644949448122668,186.30837343641093,0.0,3.2441455086587174,0.0,1.0,3.0312336482348194e-05,0.0,0.0,378.73195061122624,1.5966885415373189,0.3292155467667032,0.0,1.0,0.0,1.7064818334760317,0.0,0.0,164.44620136363903,11.663991650726308,191620.67039239244,0.0,3.223671238484157,0.0,1.0,5719.008510033576,0.0,0.0,340.70654827838564,1.0,18.606130323464427,0.0,-0.0006064543062049013,0.13145171651284931,0.0,2.770729017407695,0.0,1.2911247775907504,0.8437971952994981,0.0,0.00366992456046755,1.0230915483069294,0.0,1.0,0.0,1.0,0.003651285810132006,1.11128048667976,0.9510856837119365,-0.0014203388067497698,-0.3869677405548593,0.18691439241451355,0.17327049790207177,-1.087811551681212,0.29415130122906047,-1.4380543393799858,11,22,0.08695652173913049,1.0,1.5,0.0,0.0,0.0,0.0,0.0,0.0,0.0,0.0,0.0,0.0,0.0,0.0,0.0,1.0,1.0,0.0,1
VAR_003000,-0.0783428963784724,-3.8059031320814635e-07,-3.004136269736329e-07,-5.4653554515842356e-05,-1.1041372304889563e-05,-4.831251662299113e-06,-0.017267181209998077,-4.8105745895704074e-06,-8.537446705068216e-06,0.0,-0.10946537831009982,8,0.0,0.0,0.0,0.0,0.0,0.0,0.0,0.0,0.0,0.0,0.0,0.0,0.0,0.0,0.0,0.0,0.0,0.0,0.0,0.0,0.0,0.0,0.0,0.0,0.0,0.0,0.0,0.0,0.0,0.0,0.0,0.0,0.0,0.0,0.0,7,0.0,0.0,2,2,-0.07926008642582683,0.40742286592922416,0.0,0.0,0.0,-3.884553607683874e-07,0.0,0.0,0.0,-2.2320821211521196e-07,0.0,-1.4948262435770877e-08,-2.6709219008793652e-05,-1.4124635230450503e-05,0.0,0.0,0.0,-2.5336807690208568e-08,0.0,-1.2312450534260474e-06,-4.3419141492691217e-07,-3.5038624508476836e-08,0.0,0.0,0.0,-3.837678156849658e-07,0.0,-1.2618654649194024e-06,0.0,-1.1505932956688551e-07,0.0,0.0,0.0,0.0,2,-0.169222268148316,0.0,0.0,0.0,0.0,0.0,0.0,0.0,0.0,0.0,0.0,0.0,0.0,0.0,0.0,0.0,0.0,0.0,0.0,0.0,0.0,0.0,0.0,0.0,0.0,0.0,0.0,0.0,0.0,0.0,0.0,0.0,0.0,0.0,0.0,0.0,0.0,0.0,0.0,0.0,0.0,0.0,0.0,0.0,0.0,0.0,0.0,0.0,0.0,0.0,0.0,0.0,0.0,0.0,0.0,0.0,0.0,0.0,-0.11072982886915257,0.0,-0.0006064556200556692,-0.0018293998462169062,0.0,0.0,0.0,0.0,-0.00030853159312632406,0.0,-0.00028032881180293964,-0.0019096288697232238,0.0,0.0,0.0,0.0,-0.000870651106593671,0.0,-0.006857481141634066,-0.0018867740910451342,0.08463270421284025,-0.10287776504739218,-0.8242607263998565,0.21638508372022508,-1.0229438688758807,0.007706180898182119,7,1,0.47826086956521735,0.5,0.5,0.0,0.0,0.0,0.0,0.0,0.0,0.0,1.0,0.0,0.0,0.0,0.0,,0.0,0.0,0.0,1
VAR_002657,-0.0783428963784724,-3.8059031320814635e-07,-3.004136269736329e-07,-5.4653554515842356e-05,-1.1041372304889563e-05,-4.831251662299113e-06,-0.017267181209998077,-4.8105745895704074e-06,-8.537446705068216e-06,0.0,-0.10946537831009982,8,0.0,0.0,0.0,0.0,0.0,0.0,0.0,0.0,0.0,0.0,0.0,0.0,0.0,0.0,0.0,0.0,0.0,0.0,0.0,0.0,0.0,0.0,0.0,0.0,0.0,0.0,0.0,0.0,0.0,0.0,0.0,0.0,0.0,0.0,0.0,7,0.0,0.0,3,3,-1.0669248788348111,-1.7761943510807343,0.0,0.0,0.0,-3.884553607683874e-07,0.0,0.0,0.0,-2.2320821211521196e-07,0.0,-1.4948262435770877e-08,-2.6709219008793652e-05,-1.4124635230450503e-05,0.0,0.0,0.0,-2.5336807690208568e-08,0.0,-1.2312450534260474e-06,-4.3419141492691217e-07,-3.5038624508476836e-08,0.0,0.0,0.0,-3.837678156849658e-07,0.0,-1.2618654649194024e-06,0.0,-1.1505932956688551e-07,0.0,0.0,0.0,0.0,3,-0.169222268148316,0.0,0.0,0.0,0.0,0.0,0.0,0.0,0.0,0.0,0.0,0.0,0.0,0.0,0.0,0.0,0.0,0.0,0.0,0.0,0.0,0.0,0.0,0.0,0.0,0.0,0.0,0.0,0.0,0.0,0.0,0.0,0.0,0.0,0.0,0.0,0.0,0.0,0.0,0.0,0.0,0.0,0.0,0.0,0.0,0.0,0.0,0.0,0.0,0.0,0.0,0.0,0.0,0.0,0.0,0.0,0.0,0.0,-0.11072982886915257,0.0,-0.0006064556200556692,-0.0018293998462169062,0.0,0.0,0.0,0.0,-0.00030853159312632406,0.0,-0.00028032881180293964,-0.0019096288697232238,0.0,0.0,0.0,0.0,-0.000870651106593671,0.0,-0.006857481141634066,-0.0018867740910451342,0.08463270421284025,-4.017991902739536,-0.033145904725177304,-0.36875671299887924,-0.2631992249336975,-0.828488999475731,19,17,-0.826086956521739,0.0,-0.5,0.0,0.0,0.0,0.0,1.0,0.0,0.0,0.0,0.0,0.0,0.0,0.0,,0.0,0.0,0.0,1
VAR_003090,-0.0783428963784724,-3.8059031320814635e-07,-3.004136269736329e-07,-5.4653554515842356e-05,-1.1041372304889563e-05,-4.831251662299113e-06,-0.017267181209998077,-4.8105745895704074e-06,-8.537446705068216e-06,0.0,-0.10946537831009982,8,0.0,0.0,0.0,0.0,0.0,0.0,0.0,0.0,0.0,0.0,0.0,0.0,0.0,0.0,0.0,0.0,0.0,0.0,0.0,0.0,0.0,0.0,0.0,0.0,0.0,0.0,0.0,0.0,0.0,0.0,0.0,0.0,0.0,0.0,0.0,7,0.0,0.0,3,3,1.140197534890719,0.6735732523495864,4.374091996321991,0.0,0.0,-3.884553607683874e-07,0.0,0.0,0.0,-2.2320821211521196e-07,0.0,-1.4948262435770877e-08,-2.6709219008793652e-05,-1.4124635230450503e-05,0.0,0.0,0.0,-2.5336807690208568e-08,0.0,-1.2312450534260474e-06,-4.3419141492691217e-07,-3.5038624508476836e-08,0.0,0.0,0.0,-3.837678156849658e-07,0.0,-1.2618654649194024e-06,0.0,-1.1505932956688551e-07,0.0,0.0,0.0,0.0,3,-0.169222268148316,0.0,0.0,0.0,0.0,0.0,0.0,0.0,0.0,0.0,0.0,0.0,0.0,0.0,0.0,0.0,0.0,0.0,0.0,0.0,0.0,0.0,0.0,0.0,0.0,0.0,0.0,0.0,0.0,0.0,0.0,0.0,0.0,0.0,0.0,0.0,0.0,0.0,0.0,0.0,0.0,0.0,0.0,0.0,0.0,0.0,0.0,0.0,0.0,0.0,0.0,0.0,0.0,0.0,0.0,0.0,0.0,0.0,-0.11072982886915257,0.0,-0.0006064556200556692,-0.0018293998462169062,0.0,0.0,0.0,0.0,-0.00030853159312632406,0.0,-0.00028032881180293964,-0.0019096288697232238,0.0,0.0,0.0,0.0,-0.000870651106593671,0.0,-0.006857481141634066,-0.0018867740910451342,-1.0569178861668822,0.22692363072109445,-0.14959337487616797,0.5386170009739507,0.04881917724629751,0.6169820484700468,17,11,0.9999999999999998,-0.5,-0.5,0.0,0.0,0.0,0.0,0.0,1.0,0.0,0.0,0.0,0.0,0.0,0.0,,0.0,0.0,0.0,1
VAR_003160,0.2785375218214839,0.061994438117636164,272.8947454390934,-1.4107693321801689e-05,35.027919866549226,4.895550057773435e-07,-0.011509639881790315,0.29433890097082305,61.057210149110226,0.0,0.47202374009003234,11,0.0,0.0,0.0,0.0,0.0,0.0,0.0,0.8868609422857529,0.0,0.0062377854880866605,0.0,0.0,0.0,0.0,1.1447171326883876,2.1092772061974836,9.381229783125768,0.2029822427369,81.02709353460672,9.184295900396098e-05,1.0,3.30819801089983,1.0132514580063678,0.0,0.0,1.0,1.0,1.0,41.62063952011724,0.0,0.0,1.0,1.0,2.896091433730838,1.0,1,0.7867318081614633,0.0,3,3,1.140197534890719,-7.076868252011134,-40.15458579142195,0.4370796708939489,1.0,1.1160772038802267,0.9975797361281212,0.0,0.0,2.595572597073642,1.0,1.020145748776247,2.1432063748067343,1.033315881815565,1.0,1.0,2.934526532233309,0.4128440168877913,0.0,1.000020412053589,1.0000787280640269,16.607089637694717,3.1982118410375797,0.0,3.1250628423837563,0.19873648001796793,1.3367590874913071,1.8595079023665115,3.4265635009197988,0.99696782113406,1.372499837548093,1.0,0.0,56.26919862651447,3,0.33630794705033157,5.595034830509547,0.8079365697249123,0.0,751.6155609111197,0.0,724.0461581596417,0.0,9.899393893922925,0.0,106.18628680569198,0.0,0.0,0.0,0.0,1.0,0.0,250.1016351175837,0.0,0.0,1.5246036095718187,0.0,0.0,1.0,0.0,0.0,0.0,1.0,936.0404008634677,2.165417893234967,0.0,1.3308849878323827,0.0,1.0,19.486765684827375,0.0540976373988721,0.0,0.005434434767083817,1.5966885415373189,0.0,0.0,1.0,0.0,90.72709181592258,0.0,0.0,24.419089629088955,1.0354879224125362,2031.8458772445174,0.0,0.0,0.0,1.0,5719.008510024729,0.9660896432799458,0.0,0.05660946771944486,1.0,9.245430504476882,0.0,-0.0006064552838382953,-0.0018293998462169028,0.0,2.770729017407695,0.0,0.5940964809130372,0.978706573476127,1.0,-0.000266710384715285,-0.0018989323224628694,0.0,1.0,0.0,0.0,1.0022158136812664,1.2101454315057372,1.0225416606099436,0.009163614926534865,-0.2489013492675836,0.16616647749664046,-0.12655988461573095,-1.3899081175277908,-7.591688501991182,-1.288928895680734,13,10,-0.0869565217391304,0.5,0.5,0.0,0.0,0.0,0.0,0.0,0.0,0.0,0.0,0.0,0.0,0.0,0.0,0.0,1.0,0.0,0.0,1
VAR_002925,0.14604500197035547,0.0001275713014945741,10.274867587454077,-5.465355451577051e-05,0.00020761190823831573,28.29285797420047,0.2154955731824489,0.0008195428678754284,4.91879271496867,0.0,-0.03497714071311688,19,0.0,0.0,0.0,0.0,0.0,0.0,0.0,0.0258514231570226,1.0,0.8351411577848564,1.0,1.0,1.0,0.0,0.0,4.935863942567135e-13,1.366451786454987,13.455116101099655,2.7571923536596867,5.206924939004021e-06,0.0,0.3131328049592254,0.23990176618254347,0.0,0.0,0.0,0.0,0.0,0.0,0.0,0.0,0.0,0.0,0.0,0.0,7,0.0,0.0,1,1,-0.31487421725518855,0.12030148030729117,-6.676967340429706,0.0782936323756492,0.6846296343305864,1.460533973001565,0.0,1.0,0.0,3.569507096742058,0.0,6.520053085467316,3.67850562110062,1.0333111055170408,1.0,0.209458782644754,0.8376512189202585,0.32811064341055923,0.0,-1.2286930440003695e-06,2.660392181692475,4.107679340423233,3.1982118410375797,0.0,1.6003520185003879,0.16931506366297516,0.0,0.1655912081331101,0.0,0.5679146764782068,0.0,1.0,1.0,1.0004286490827816,1,0.8801474831120457,0.0,0.0,0.0,0.0,0.0,0.0,0.0,0.0,0.0,0.0,0.0,0.0,0.0,0.0,0.0,0.0,0.0,0.0,0.0,0.0,0.0,0.0,0.0,0.0,0.0,0.0,0.0,0.0,0.0,0.0,0.0,0.0,0.0,0.0,0.0,0.0,0.0,0.0,0.0,0.0,0.0,0.0,0.0,0.0,0.0,0.0,0.0,0.0,0.0,0.0,0.0,0.0,0.0,0.0,0.0,0.0,0.0,0.4407775431713256,1.0,0.10534797427613289,-0.0013541349715669555,0.0,0.8014997978595039,0.0,1.2911247775907504,0.990405020664318,0.0,0.005210052411397384,1.023869875913867,0.0,0.0,0.0,0.0,0.8622890433475511,1.2101454315057372,0.8750388114893026,-0.0018275405821011215,-0.16897690562071427,0.22692363072109445,-0.6531619919129322,0.697997123622789,0.9505449419361313,0.6588933875353294,2,17,-1.5217391304347825,-1.0,-0.5,0.0,0.0,0.0,0.0,0.0,0.0,0.0,0.0,0.0,0.0,1.0,0.0,0.0,0.0,0.0,0.0,1
VAR_003037,-0.0783428963784724,-3.8059031320814635e-07,-3.004136269736329e-07,-5.4653554515842356e-05,-1.1041372304889563e-05,-4.831251662299113e-06,-0.017267181209998077,-4.8105745895704074e-06,-8.537446705068216e-06,0.0,-0.10946537831009982,8,0.0,0.0,0.0,0.0,0.0,0.0,0.0,0.0,0.0,0.0,0.0,0.0,0.0,0.0,0.0,0.0,0.0,0.0,0.0,0.0,0.0,0.0,0.0,0.0,0.0,0.0,0.0,0.0,0.0,0.0,0.0,0.0,0.0,0.0,0.0,7,0.0,0.0,1,1,0.8854425417250497,0.8523172782996858,0.0,0.0,0.0,-3.884553607683874e-07,0.0,0.0,0.0,-2.2320821211521196e-07,0.0,-1.4948262435770877e-08,-2.6709219008793652e-05,-1.4124635230450503e-05,0.0,0.0,0.0,-2.5336807690208568e-08,0.0,-1.2312450534260474e-06,-4.3419141492691217e-07,-3.5038624508476836e-08,0.0,0.0,0.0,-3.837678156849658e-07,0.0,-1.2618654649194024e-06,0.0,-1.1505932956688551e-07,0.0,0.0,0.0,0.0,1,-0.169222268148316,0.0,0.0,0.0,0.0,0.0,0.0,0.0,0.0,0.0,0.0,0.0,0.0,0.0,0.0,0.0,0.0,0.0,0.0,0.0,0.0,0.0,0.0,0.0,0.0,0.0,0.0,0.0,0.0,0.0,0.0,0.0,0.0,0.0,0.0,0.0,0.0,0.0,0.0,0.0,0.0,0.0,0.0,0.0,0.0,0.0,0.0,0.0,0.0,0.0,0.0,0.0,0.0,0.0,0.0,0.0,0.0,0.0,-0.11072982886915257,0.0,-0.0006064556200556692,-0.0018293998462169062,0.0,0.0,0.0,0.0,-0.00030853159312632406,0.0,-0.00028032881180293964,-0.0019096288697232238,0.0,0.0,0.0,0.0,-0.000870651106593671,0.0,-0.006857481141634066,-0.0018867740910451342,0.08463270421284025,-0.1641107761524598,0.17327049790207177,-0.1343389406959978,0.45933199341149183,0.6244756304727538,23,8,-0.4130434782608695,1.5,-0.5,0.0,0.0,0.0,0.0,0.0,0.0,0.0,0.0,0.0,0.0,1.0,0.0,,0.0,0.0,0.0,1
VAR_003150,-0.0783428963784724,-3.8059031320814635e-07,-3.004136269736329e-07,-5.4653554515842356e-05,-1.1041372304889563e-05,-4.831251662299113e-06,-0.017267181209998077,-4.8105745895704074e-06,-8.537446705068216e-06,0.0,-0.10946537831009982,8,0.0,0.0,0.0,0.0,0.0,0.0,0.0,0.0,0.0,0.0,0.0,0.0,0.0,0.0,0.0,0.0,0.0,0.0,0.0,0.0,0.0,0.0,0.0,0.0,0.0,0.0,0.0,0.0,0.0,0.0,0.0,0.0,0.0,0.0,0.0,7,0.0,0.0,2,2,1.012885644436974,0.8523172782996858,4.531879874666076,0.0,0.0,-3.884553607683874e-07,0.0,0.0,0.0,-2.2320821211521196e-07,0.0,-1.4948262435770877e-08,-2.6709219008793652e-05,-1.4124635230450503e-05,0.0,0.0,0.0,-2.5336807690208568e-08,0.0,-1.2312450534260474e-06,-4.3419141492691217e-07,-3.5038624508476836e-08,0.0,0.0,0.0,-3.837678156849658e-07,0.0,-1.2618654649194024e-06,0.0,-1.1505932956688551e-07,0.0,0.0,0.0,0.0,2,-0.169222268148316,0.0,0.0,0.0,0.0,0.0,0.0,0.0,0.0,0.0,0.0,0.0,0.0,0.0,0.0,0.0,0.0,0.0,0.0,0.0,0.0,0.0,0.0,0.0,0.0,0.0,0.0,0.0,0.0,0.0,0.0,0.0,0.0,0.0,0.0,0.0,0.0,0.0,0.0,0.0,0.0,0.0,0.0,0.0,0.0,0.0,0.0,0.0,0.0,0.0,0.0,0.0,0.0,0.0,0.0,0.0,0.0,0.0,-0.11072982886915257,0.0,-0.0006064556200556692,-0.0018293998462169062,0.0,0.0,0.0,0.0,-0.00030853159312632406,0.0,-0.00028032881180293964,-0.0019096288697232238,0.0,0.0,0.0,0.0,-0.000870651106593671,0.0,-0.006857481141634066,-0.0018867740910451342,0.08463270421284025,0.22692363072109445,-1.2405078224254298,0.04500694906046087,-0.34736021522914196,-0.029240327349406153,5,10,-0.0869565217391304,1.0,-0.5,0.0,0.0,0.0,0.0,0.0,0.0,1.0,0.0,0.0,0.0,0.0,0.0,,0.0,0.0,0.0,1
VAR_002670,-0.0783428963784724,-3.8059031320814635e-07,-3.004136269736329e-07,-5.4653554515842356e-05,-1.1041372304889563e-05,-4.831251662299113e-06,-0.017267181209998077,-4.8105745895704074e-06,-8.537446705068216e-06,0.0,-0.10946537831009982,8,0.0,0.0,0.0,0.0,0.0,0.0,0.0,0.0,0.0,0.0,0.0,0.0,0.0,0.0,0.0,0.0,0.0,0.0,0.0,0.0,0.0,0.0,0.0,0.0,0.0,0.0,0.0,0.0,0.0,0.0,0.0,0.0,0.0,0.0,0.0,7,0.0,0.0,3,3,-0.987159341050532,-0.2776015685126246,0.0,0.0,0.0,2.569188397967558e-07,0.0,1.0,1.0973820282003526,-2.2320821206067003e-07,1.0,-1.4948262427392222e-08,-2.670218572690683e-05,1.0333161238647581,0.0,0.0,1.7747899168710048,5.516219091043393,1.0,1.0000178456038527,0.998307109713486,1.0687769043842597,0.0,0.0,3.1250628423837563,5.102979129304573,1.3367590874913071,0.00929793123831632,0.0,0.11308938354077416,0.0,1.0,0.0,0.0,3,-0.016459678878692048,0.0,0.0,0.0,0.0,0.0,0.0,0.0,0.0,0.0,0.0,0.0,0.0,0.0,0.0,0.0,0.0,0.0,0.0,0.0,0.0,0.0,0.0,0.0,0.0,0.0,0.0,0.0,0.0,0.0,0.0,0.0,0.0,0.0,0.0,0.0,0.0,0.0,0.0,0.0,0.0,0.0,0.0,0.0,0.0,0.0,0.0,0.0,0.0,0.0,0.0,0.0,0.0,0.0,0.0,0.0,0.0,0.0,-0.11072982886915257,0.0,-0.0006064556200556692,-0.0018293998462169062,0.0,0.0,0.0,0.0,-0.00030853159312632406,0.0,-0.00028032881180293964,-0.0019096288697232238,0.0,0.0,0.0,0.0,-0.000870651106593671,0.0,-0.006857481141634066,-0.0018867740910451342,0.08463270421284025,-4.054863878095571,0.17327049790207177,0.658995847554388,0.16343517913484096,0.6346106532152724,17,11,0.9999999999999998,-0.5,-0.5,0.0,0.0,0.0,0.0,0.0,1.0,0.0,0.0,0.0,0.0,0.0,0.0,,0.0,0.0,0.0,1
VAR_002595,-0.0783428963784724,-3.8059031320814635e-07,-3.004136269736329e-07,-5.4653554515842356e-05,-1.1041372304889563e-05,-4.831251662299113e-06,-0.017267181209998077,-4.8105745895704074e-06,-8.537446705068216e-06,0.0,-0.10946537831009982,8,0.0,0.0,0.0,0.0,0.0,0.0,0.0,0.0,0.0,0.0,0.0,0.0,0.0,0.0,0.0,0.0,0.0,0.0,0.0,0.0,0.0,0.0,0.0,0.0,1.0,0.0,0.0,1.0,0.00023780254449899807,1.0,1.0,1.0,1.0,2.896091433730838,1.0,1,12.589750595572697,0.0,3,3,-0.09568921165017527,0.08189183547424217,0.0,0.0,0.0,-3.884553607683874e-07,0.0,0.0,0.0,-2.2320821211521196e-07,0.0,-1.4948262435770877e-08,-2.6709219008793652e-05,-1.4124635230450503e-05,0.0,0.0,0.0,-2.5336807690208568e-08,0.0,-1.2312450534260474e-06,-4.3419141492691217e-07,-3.5038624508476836e-08,0.0,0.0,0.0,-3.837678156849658e-07,0.0,-1.2618654649194024e-06,0.0,-1.1505932956688551e-07,0.0,0.0,0.0,0.0,3,2.594994554306674,0.0,0.0,0.0,0.0,0.0,0.0,0.0,0.0,0.0,0.0,0.0,0.0,0.0,0.0,0.0,0.0,0.0,0.0,0.0,0.0,0.0,0.0,0.0,0.0,0.0,0.0,0.0,0.0,0.0,0.0,0.0,0.0,0.0,0.0,0.0,0.0,0.0,0.0,0.0,0.0,0.0,0.0,0.0,0.0,0.0,0.0,0.0,0.0,0.0,0.0,0.0,0.0,0.0,0.0,0.0,0.0,0.0,-0.11072982886915257,0.0,-0.0006064556200556692,-0.0018293998462169062,0.0,0.0,0.0,0.0,-0.00030853159312632406,0.0,-0.00028032881180293964,-0.0019096288697232238,0.0,0.0,0.0,0.0,-0.000870651106593671,0.0,-0.006857481141634066,-0.0018867740910451342,-0.5377587468943422,-1.0768469586940514,0.17327049790207177,0.08333888543097,0.07201699273230645,-0.0972334453458571,16,19,0.8043478260869564,0.0,1.5,0.0,0.0,0.0,0.0,0.0,0.0,0.0,0.0,0.0,0.0,0.0,0.0,,1.0,0.0,0.0,1
VAR_002741,0.14650084403916444,5.369068367445545e-07,2.0680939030193408e-05,1.3410242113479758,0.007588275168517208,8.544122984858488e-05,0.3119003332329775,-2.2508633202345572e-06,3.1649112770584e-05,0.0,1.8165844664185833,16,0.0,0.0,0.0,0.0,0.0,0.0,0.0,1.0,0.0,2.7180158532072745,0.0,1.0,1.0,0.0,0.0,2.109275451008432,1.549605128232166,1.8530614613970275,0.0004177995128879173,1255.835796885158,0.0,3.292735340514919,1.0132514580063678,0.0,0.0,0.0,0.0,0.0,0.0,0.0,0.0,0.0,0.0,0.0,0.0,7,0.0,0.0,2,2,-0.6507879733697342,0.028421284205038606,5.85551920673851,0.0,0.0,0.5283482337407167,13.22072761354965,0.0,0.0,0.7061451112643572,0.0,0.09917809655874832,-2.670921868248135e-05,0.9994917792591917,1.0,0.0,0.0,1.0333414172655344,0.0,1.0000204125381387,0.8009514090298749,9.475240830542779,0.0,0.0,0.0,0.9489647572700763,0.0,1.0134559298944168,0.0,1.0009669809623267,0.0,1.0,0.0,0.0,2,1.997823771334655,0.0,1.0,0.0,61.44925506517606,0.0,791.6397349433228,0.0,9.894724191071875,0.0,4.000654245015924,0.0,0.1832397713552516,0.0,1.0,1.0,0.0,250.59470704492796,0.0,0.0,1.5246036095718187,1.0,0.0,0.0,0.0,0.1816754681104779,0.0,1.0,162.7553319564688,0.00012128626160935177,0.0,3.2441455086587174,0.0,1.0,1.2143188210499158e-11,0.0,0.0,381.97628162507925,1.5966885415373189,1.0,0.0,0.0,0.0,0.007118999046725144,0.0,0.1344754866237369,0.01848879964143361,18.313965698163805,17.937035693313998,0.0,3.223671238484157,0.0,0.0,5718.774247747688,0.0,0.0,0.03881783753240946,1.0,0.05531519819515267,1.0,1.1717744113026825,1.0764556451684273,0.0,0.0,0.0,0.13308619330237487,0.7803862581873682,0.0,1.1209378828035146,1.023680832920968,0.0,0.0,0.0,0.0,-0.0007021925786723403,1.2101454315057372,1.0217716841126079,0.4441641874437845,-0.03972788062439664,-0.623011324871646,0.11735581642537432,-0.00116758173918696,-1.3162647595778008,-0.1000556015542394,7,19,-0.08695652173913043,0.5,-0.5,0.0,0.0,0.0,0.0,0.0,0.0,1.0,0.0,0.0,0.0,0.0,0.0,0.0,0.0,1.0,0.0,0
VAR_003214,-0.0783428963784724,-3.8059031320814635e-07,-3.004136269736329e-07,-5.4653554515842356e-05,-1.1041372304889563e-05,-4.831251662299113e-06,-0.017267181209998077,-4.8105745895704074e-06,-8.537446705068216e-06,0.0,-0.10946537831009982,8,0.0,0.0,0.0,0.0,0.0,0.0,0.0,0.0,0.0,0.0,0.0,0.0,0.0,0.0,0.0,0.0,0.0,0.0,0.0,0.0,0.0,0.0,0.0,0.0,0.0,0.0,0.0,0.0,0.0,0.0,0.0,0.0,0.0,0.0,0.0,7,0.0,0.0,2,2,-6.633526509511778,-13.375365881889495,-64.94411257575727,0.0,0.0,-3.884553607683874e-07,0.0,0.0,0.0,-2.2320821211521196e-07,0.0,-1.4948262435770877e-08,-2.6709219008793652e-05,-1.4124635230450503e-05,0.0,0.0,0.0,-2.5336807690208568e-08,0.0,-1.2312450534260474e-06,-4.3419141492691217e-07,-3.5038624508476836e-08,0.0,0.0,0.0,-3.837678156849658e-07,0.0,-1.2618654649194024e-06,0.0,-1.1505932956688551e-07,0.0,0.0,0.0,0.0,2,0.16747086960070323,0.0,0.0,0.0,0.0,0.0,0.0,0.0,0.0,0.0,0.0,0.0,0.0,0.0,0.0,0.0,0.0,0.0,0.0,0.0,0.0,0.0,0.0,0.0,0.0,0.0,0.0,0.0,0.0,0.0,0.0,0.0,0.0,0.0,0.0,0.0,0.0,0.0,0.0,0.0,0.0,0.0,0.0,0.0,0.0,0.0,0.0,0.0,0.0,0.0,0.0,0.0,0.0,0.0,0.0,0.0,0.0,1.0,0.016518621256736317,0.0,0.20560822821131777,1.0496651232015572,0.0,0.0,0.0,0.0,0.42199653552697275,1.0,-0.000264690795584521,0.5911160710281034,0.0,0.0,0.0,0.0,-0.0008706510967320307,0.0,-0.006517151044296274,0.051471133228666574,-58.167667780579336,-5.832731176588824,-35.6091360948509,-2.108529703222972,-8.477588470257253,-1.763473449386751,21,9,0.06521739130434778,2.0,0.0,0.0,0.0,0.0,0.0,0.0,0.0,1.0,0.0,0.0,0.0,0.0,0.0,,0.0,0.0,0.0,0
VAR_002623,-0.0783428963784724,-3.8059031320814635e-07,-3.004136269736329e-07,-5.4653554515842356e-05,-1.1041372304889563e-05,-4.831251662299113e-06,-0.017267181209998077,-4.8105745895704074e-06,-8.537446705068216e-06,0.0,-0.10946537831009982,8,0.0,0.0,0.0,0.0,0.0,0.0,0.0,0.0,0.0,0.0,0.0,0.0,0.0,0.0,0.0,0.0,0.0,0.0,0.0,0.0,0.0,0.0,0.0,0.0,0.0,0.0,0.0,0.0,0.0,0.0,0.0,0.0,0.0,0.0,0.0,7,0.0,0.0,3,3,-0.7062540204418637,-0.2683357800275087,0.0,0.0,0.0,-3.884553607683874e-07,0.0,0.0,0.0,-2.2320821211521196e-07,0.0,-1.4948262435770877e-08,-2.6709219008793652e-05,-1.4124635230450503e-05,0.0,0.0,0.0,-2.5336807690208568e-08,0.0,-1.2312450534260474e-06,-4.3419141492691217e-07,-3.5038624508476836e-08,0.0,0.0,0.0,-3.837678156849658e-07,0.0,-1.2618654649194024e-06,0.0,-1.1505932956688551e-07,0.0,0.0,0.0,0.0,3,-0.169222268148316,0.0,0.0,0.0,0.0,0.0,0.0,0.0,0.0,0.0,0.0,0.0,0.0,0.0,0.0,0.0,0.0,0.0,0.0,0.0,0.0,0.0,0.0,0.0,0.0,0.0,0.0,0.0,0.0,0.0,0.0,0.0,0.0,0.0,0.0,0.0,0.0,0.0,0.0,0.0,0.0,0.0,0.0,0.0,0.0,0.0,0.0,0.0,0.0,0.0,0.0,0.0,0.0,0.0,0.0,0.0,0.0,0.0,-0.11072982886915257,0.0,-0.0006064556200556692,-0.0018293998462169062,0.0,0.0,0.0,0.0,-0.00030853159312632406,0.0,-0.00028032881180293964,-0.0019096288697232238,0.0,0.0,0.0,0.0,-0.000870651106593671,0.0,-0.006857481141634066,-0.0018867740910451342,-1.2523581366988552,-0.4611571010701429,-2.6407673174363553,0.7363263135454579,-0.6159637947328254,0.7534580570099187,0,4,-1.152173913043478,-0.5,-0.5,0.0,0.0,0.0,1.0,0.0,0.0,0.0,0.0,0.0,0.0,0.0,0.0,,0.0,0.0,0.0,1
VAR_002857,0.0715588579251027,2.214837440586496,5.89430326372967e-06,0.002820868463796463,0.0025470421207927072,0.05890112506600054,0.09241064045852339,0.007856974584950745,21.645945451882845,19.582243877862783,3.8962120960133957,20,0.0,0.0,0.0,0.0,0.0,0.0,0.0,0.0,0.0,7.267778398911306e-09,0.0,0.0,0.0,0.0,0.4693058163880393,0.02624191552628471,9.372600309810535,2.3297152045869955,81.13801682566198,20.053924415359774,0.0,8.790464484231814e-05,1.0132514580063678,0.0,1.0,1.0,0.6129982664822355,0.0,2.4749769367070504,1.0,0.0,1.0,1.0,0.6984473947079451,1.0,0,11.65715151097741,0.0,3,3,0.5896347845351846,0.3300440102831557,0.0,0.0,1.0,0.7914069155311256,0.0,1.0,1.0973820282003526,1.000037689279512,1.0,1.191618826266638,0.0001970790146031069,0.22028824963264867,0.0,1.0,2.631713493940531,0.00049448638986192,1.0,0.007270155378526986,0.9546944584943342,-1.4784371614561158e-08,0.0,0.7693685819746726,0.0,0.3178036013034077,1.3367590874913071,2.713372051114809e-06,0.0,6.704321228638319,1.372499837548093,1.0,1.0,4.9903679985830705,3,0.6151949632632079,5.595034830509547,1.0,0.0,0.2928678230673426,0.0,0.14561208786284918,0.0,9.914964200081917,0.0,106.16949266617254,0.0,0.0,0.0,1.0,1.0,0.0,2.450416349086135,0.0,0.0,0.0,1.0,0.0,0.1658524442644195,0.0,0.0,0.0,0.0,1.1509115876541752e-11,325.81320201864264,0.0,3.2441455086587174,0.0,1.0,0.3760414720825298,0.3841936084120967,0.0,156.22658312118878,1.5966885415373189,1.0,0.0,0.5160366102239261,0.0,90.72624788150301,0.0,1.0,133.79712672945044,0.06710630023474563,174225.6116817379,0.0,3.223671238484157,0.0,0.0,4687.316197278172,0.9801324667546624,0.0,99.99079977402316,0.0,0.18005880956829914,0.0,1.110040395356923,-0.0017901330894601968,0.0,0.6062894471299782,0.0,0.6369159918224643,1.0524509597525522,0.0,0.27940969852588504,0.27751235297342364,0.0,0.0,0.0,0.0,1.0068206130022825,0.0,0.8816481466446175,0.9273815307374101,0.08463270421284025,0.22692363072109445,-0.7012887821723818,0.7363263135454579,0.35448833545289105,0.6381658811648124,17,6,0.7826086956521737,-0.5,-0.5,0.0,0.0,0.0,0.0,0.0,1.0,0.0,0.0,0.0,0.0,0.0,0.0,-1.0,1.0,0.0,1.0,0
VAR_002752,-0.0783428963784724,-3.8059031320814635e-07,-3.004136269736329e-07,-5.4653554515842356e-05,-1.1041372304889563e-05,-4.831251662299113e-06,-0.017267181209998077,-4.8105745895704074e-06,-8.537446705068216e-06,0.0,-0.10946537831009982,8,0.0,0.0,0.0,0.0,0.0,0.0,0.0,0.0,0.0,0.0,0.0,0.0,0.0,0.0,0.0,0.0,0.0,0.0,0.0,0.0,0.0,0.0,0.0,0.0,0.0,0.0,0.0,0.0,0.0,0.0,0.0,0.0,0.0,0.0,0.0,7,0.0,0.0,2,2,-0.5496307800942305,-1.3262965939869669,0.0,0.0,1.0,1.2155788318983332,0.0,1.0,1.0973820282003526,0.997429930831621,0.0,0.9945310158232316,1.000007498890322,-1.4124629329557878e-05,1.0,0.0,0.0,1.0332860763157692,0.0,1.1951451761868053e-05,0.00025143725145649714,4.218779081157891,3.1982118410375797,1.2547484064563672,0.0,0.7997986482453523,0.21265248354634478,0.9208410115494522,1.2572365317806213,0.19568717569119695,0.0,0.0,0.0,0.0,2,5.979768349848376,0.0,0.0,0.0,0.0,0.0,0.0,0.0,0.0,0.0,0.0,0.0,0.0,0.0,0.0,0.0,0.0,0.0,0.0,0.0,0.0,0.0,0.0,0.0,0.0,0.0,0.0,0.0,0.0,0.0,0.0,0.0,0.0,0.0,0.0,0.0,0.0,0.0,0.0,0.0,0.0,0.0,0.0,0.0,0.0,0.0,0.0,0.0,0.0,0.0,0.0,0.0,0.0,0.0,0.0,0.0,0.0,0.0,-0.11072982886915257,0.0,-0.0006064556200556692,-0.0018293998462169062,0.0,0.0,0.0,0.0,-0.00030853159312632406,0.0,-0.00028032881180293964,-0.0019096288697232238,0.0,0.0,0.0,0.0,-0.000870651106593671,0.0,-0.006857481141634066,-0.0018867740910451342,-0.8813892885557959,-0.43546995011306927,0.17327049790207177,0.28398838735222726,-0.35533497777750345,-0.023487550066001867,7,4,-0.6739130434782609,0.0,-0.5,0.0,0.0,0.0,0.0,0.0,0.0,1.0,0.0,0.0,0.0,0.0,0.0,,0.0,0.0,0.0,1
VAR_002600,-0.0783428963784724,-3.8059031320814635e-07,-3.004136269736329e-07,-5.4653554515842356e-05,-1.1041372304889563e-05,-4.831251662299113e-06,-0.017267181209998077,-4.8105745895704074e-06,-8.537446705068216e-06,0.0,-0.10946537831009982,8,0.0,0.0,0.0,0.0,0.0,0.0,0.0,0.0,0.0,0.0,0.0,0.0,0.0,0.0,0.0,0.0,0.0,0.0,0.0,0.0,0.0,0.0,0.0,0.0,0.0,0.0,0.0,0.0,0.0,0.0,0.0,0.0,0.0,0.0,0.0,7,0.0,0.0,1,1,-0.0626995092977597,-0.057828048002573344,0.0,0.0,0.0,-3.884553607683874e-07,0.0,0.0,0.0,-2.2320821211521196e-07,0.0,-1.4948262435770877e-08,-2.6709219008793652e-05,-1.4124635230450503e-05,0.0,0.0,0.0,-2.5336807690208568e-08,0.0,-1.2312450534260474e-06,-4.3419141492691217e-07,-3.5038624508476836e-08,0.0,0.0,0.0,-3.837678156849658e-07,0.0,-1.2618654649194024e-06,0.0,-1.1505932956688551e-07,0.0,0.0,0.0,0.0,1,-0.169222268148316,0.0,0.0,0.0,0.0,0.0,0.0,0.0,0.0,0.0,0.0,0.0,0.0,0.0,0.0,0.0,0.0,0.0,0.0,0.0,0.0,0.0,0.0,0.0,0.0,0.0,0.0,0.0,0.0,0.0,0.0,0.0,0.0,0.0,0.0,0.0,0.0,0.0,0.0,0.0,0.0,0.0,0.0,0.0,0.0,0.0,0.0,0.0,0.0,0.0,0.0,0.0,0.0,0.0,0.0,0.0,0.0,0.0,-0.11072982886915257,0.0,-0.0006064556200556692,-0.0018293998462169062,0.0,0.0,0.0,0.0,-0.00030853159312632406,0.0,-0.00028032881180293964,-0.0019096288697232238,0.0,0.0,0.0,0.0,-0.000870651106593671,0.0,-0.006857481141634066,-0.0018867740910451342,0.08463270421284025,-0.3269890299988573,0.17327049790207177,0.5083507702055584,0.6214744307815704,0.5881709518451318,6,9,0.3695652173913043,0.5,-0.5,0.0,0.0,0.0,0.0,0.0,0.0,0.0,0.0,0.0,1.0,0.0,0.0,,0.0,0.0,0.0,1
VAR_002617,-0.0783428963784724,-3.8059031320814635e-07,-3.004136269736329e-07,-5.4653554515842356e-05,-1.1041372304889563e-05,-4.831251662299113e-06,-0.017267181209998077,-4.8105745895704074e-06,-8.537446705068216e-06,0.0,-0.10946537831009982,8,0.0,0.0,0.0,0.0,0.0,0.0,0.0,0.0,0.0,0.0,0.0,0.0,0.0,0.0,0.0,0.0,0.0,0.0,0.0,0.0,0.0,0.0,0.0,0.0,0.0,0.0,0.0,0.0,0.0,0.0,0.0,0.0,0.0,0.0,0.0,7,0.0,0.0,1,1,-0.23782345237970637,-0.34512913895890235,0.0,0.0,0.0,-3.884553607683874e-07,0.0,0.0,0.0,-2.2320821211521196e-07,0.0,-1.4948262435770877e-08,-2.6709219008793652e-05,-1.4124635230450503e-05,0.0,0.0,0.0,-2.5336807690208568e-08,0.0,-1.2312450534260474e-06,-4.3419141492691217e-07,-3.5038624508476836e-08,0.0,0.0,0.0,-3.837678156849658e-07,0.0,-1.2618654649194024e-06,0.0,-1.1505932956688551e-07,0.0,0.0,0.0,0.0,1,-0.169222268148316,0.0,0.0,0.0,0.0,0.0,0.0,0.0,0.0,0.0,0.0,0.0,0.0,0.0,0.0,0.0,0.0,0.0,0.0,0.0,0.0,0.0,0.0,0.0,0.0,0.0,0.0,0.0,0.0,0.0,0.0,0.0,0.0,0.0,0.0,0.0,0.0,0.0,0.0,0.0,0.0,0.0,0.0,0.0,0.0,0.0,0.0,0.0,0.0,0.0,0.0,0.0,0.0,0.0,0.0,0.0,0.0,0.0,-0.11072982886915257,0.0,-0.0006064556200556692,-0.0018293998462169062,0.0,0.0,0.0,0.0,-0.00030853159312632406,0.0,-0.00028032881180293964,-0.0019096288697232238,0.0,0.0,0.0,0.0,-0.000870651106593671,0.0,-0.006857481141634066,-0.0018867740910451342,0.08463270421284025,0.22692363072109445,-0.5904521930589547,0.516699679458138,1.141927710428266,0.7197958316686714,6,11,0.21739130434782605,0.5,1.5,0.0,0.0,0.0,0.0,0.0,0.0,0.0,0.0,0.0,0.0,0.0,0.0,,0.0,0.0,0.0,1
VAR_002900,0.15084057621559832,0.0003111859248281151,8.736999092039742e-05,2.2436488785426763,-1.0594751075284018e-06,22.689807011400248,-0.017237168036153074,2.3096305720375216,4.743946965047451e-05,0.0,0.1645414814851354,18,0.0,0.0,0.0,0.0,0.0,0.0,0.0,0.0,0.0,0.0,0.0,0.0,0.0,0.0,0.0,0.0,0.0,0.0,0.0,0.0,0.0,0.0,0.0,0.0,0.0,0.0,0.0,0.0,0.0,0.0,0.0,0.0,0.0,0.0,0.0,7,0.0,0.0,1,1,-0.3282152808388162,-0.33681052525501487,0.0,0.0,0.0,-3.884553607683874e-07,0.0,0.0,0.0,-2.2320821211521196e-07,0.0,-1.4948262435770877e-08,-2.6709219008793652e-05,-1.4124635230450503e-05,0.0,0.0,0.0,-2.5336807690208568e-08,0.0,-1.2312450534260474e-06,-4.3419141492691217e-07,-3.5038624508476836e-08,0.0,0.0,0.0,-3.837678156849658e-07,0.0,-1.2618654649194024e-06,0.0,-1.1505932956688551e-07,0.0,0.0,0.0,0.0,1,-0.1622787718177455,0.0,0.0,0.0,0.0,0.0,0.0,0.0,0.0,0.0,0.0,0.0,0.0,0.0,0.0,0.0,0.0,0.0,0.0,0.0,0.0,0.0,0.0,0.0,0.0,0.0,0.0,0.0,0.0,0.0,0.0,0.0,0.0,0.0,0.0,0.0,0.0,0.0,0.0,0.0,0.0,0.0,0.0,0.0,0.0,0.0,0.0,0.0,0.0,0.0,0.0,0.0,0.0,0.0,0.0,0.0,0.0,1.0,0.6415195614442755,0.0,-0.0006064555802964992,0.8323297444806028,0.0,1.0723710501504506,0.0,0.0,1.0524512094485774,0.0,0.5535799053977621,-0.0008832306546217476,0.0,0.0,0.0,0.0,1.0064794984842753,1.2101454315057372,1.0222186782170897,0.9973091897789247,-1.6132004980128516,-1.5193445309303826,-1.910783102924793,0.5652220540736035,1.1427267023082022,0.5446774617437631,21,1,-0.5217391304347826,0.5,0.5,0.0,0.0,0.0,0.0,0.0,0.0,0.0,0.0,0.0,0.0,1.0,0.0,0.0,0.0,0.0,0.0,1
VAR_002956,2.7033986700514214,0.6021539970447002,4.0746971942897706e-05,0.1396391507434534,0.2881392498881831,0.4678508785514344,6.293053913082756,0.052691631336279514,-8.537399242631088e-06,0.0,0.1795231631263718,16,0.0,0.0,0.0,0.0,0.0,0.0,0.0,0.0,1.0,0.03870553583526078,0.0,0.0,0.0,0.0,1.0144240514143152,2.109277205184992,0.02581864219773321,16.422231567765632,8.649550354761385e-14,393.6816145713557,1.0,2.3094025982449877,1.0132514580063678,3.813771391455777,1.0,1.0,0.0,0.0,33.25378080382993,1.0,1.0,0.0,0.0,2.896091433730838,1.0,3,10.348543507678292,0.0,1,1,0.4537948162415862,-0.702971601938398,0.0,0.0,1.0,1.4641415722608893,0.0,1.0,0.0,-1.7635479209889208e-07,1.0,-1.4948257952911396e-08,0.9997487416471809,0.2308718076603169,1.0,1.0,1.1642841784907205,1.0333427742162709,1.0,0.9995259614930989,1.0000787446300214,1.8157564011348785e-06,1.2748783401803727,1.3415873261671332,0.0,1.0022178022941022,0.0,1.0134559340556608,0.0,0.7115473680038077,0.4264540495359622,0.0,1.0,6.256749835254057,1,2.6355704971421487,5.595034830509547,0.3374519561621186,0.0,1.3747198722316811,0.0,143.8700292240899,0.0,4.426259052419268,0.0,2.5930816160716512e-05,0.0,0.95747166437962,0.0,0.0,0.0,0.0,4.364697181748053,0.0,0.0,1.5246036095718187,1.0,0.0,1.0,0.0,0.0,0.0,0.389030840883453,95.52136416421938,1.0717513921047007e-25,0.0,3.2441455086587174,0.0,1.0,623.3933229473422,0.9011100858379756,0.0,1.9101770117872895e-07,1.5966885415373189,0.1380409331808319,0.0,0.1819745871377761,0.0,2.4142256883096853,0.0,1.0,164.43337468113066,22.54937775894374,5.649656070341022e-10,0.0,3.223671238484157,0.0,1.0,5719.007170013928,0.7685051093400244,0.0,119.17789558197347,1.0,1.9392462887441997,1.0,0.9447335364997873,1.076617516783567,0.0,2.770729017407695,0.0,0.0,1.0524512087205016,0.0,1.1206630903063861,1.008146871092408,0.0,1.0,0.0,1.0,0.9408618574676628,0.34572163127942857,-0.006740816046918407,0.8159879729288786,0.08463270421284025,-1.563022273652154,0.17327049790207177,0.5173988918687381,1.1095296798129382,0.5689402775672031,11,14,-1.1739130434782608,-1.0,0.5,0.0,0.0,0.0,0.0,0.0,0.0,0.0,0.0,0.0,0.0,1.0,0.0,0.0,1.0,1.0,0.0,1
VAR_002619,-0.0783428963784724,-3.8059031320814635e-07,-3.004136269736329e-07,-5.4653554515842356e-05,-1.1041372304889563e-05,-4.831251662299113e-06,-0.017267181209998077,-4.8105745895704074e-06,-8.537446705068216e-06,0.0,-0.10946537831009982,8,0.0,0.0,0.0,0.0,0.0,0.0,0.0,0.0,0.0,0.0,0.0,0.0,0.0,0.0,0.0,0.0,0.0,0.0,0.0,0.0,0.0,0.0,0.0,0.0,0.0,0.0,0.0,0.0,0.0,0.0,0.0,0.0,0.0,0.0,0.0,7,0.0,0.0,2,2,-0.850605352134319,-1.078404402335955,0.0,0.0,0.0,-3.884553607683874e-07,0.0,0.0,0.0,-2.2320821211521196e-07,0.0,-1.4948262435770877e-08,-2.6709219008793652e-05,-1.4124635230450503e-05,0.0,0.0,0.0,-2.5336807690208568e-08,0.0,-1.2312450534260474e-06,-4.3419141492691217e-07,-3.5038624508476836e-08,0.0,0.0,0.0,-3.837678156849658e-07,0.0,-1.2618654649194024e-06,0.0,-1.1505932956688551e-07,0.0,0.0,0.0,0.0,2,-0.169222268148316,0.0,0.0,0.0,0.0,0.0,0.0,0.0,0.0,0.0,0.0,0.0,0.0,0.0,0.0,0.0,0.0,0.0,0.0,0.0,0.0,0.0,0.0,0.0,0.0,0.0,0.0,0.0,0.0,0.0,0.0,0.0,0.0,0.0,0.0,0.0,0.0,0.0,0.0,0.0,0.0,0.0,0.0,0.0,0.0,0.0,0.0,0.0,0.0,0.0,0.0,0.0,0.0,0.0,0.0,0.0,0.0,0.0,-0.11072982886915257,0.0,-0.0006064556200556692,-0.0018293998462169062,0.0,0.0,0.0,0.0,-0.00030853159312632406,0.0,-0.00028032881180293964,-0.0019096288697232238,0.0,0.0,0.0,0.0,-0.000870651106593671,0.0,-0.006857481141634066,-0.0018867740910451342,-0.6330806411907807,-0.6148123139847965,-1.6682217529833911,-0.22314164458720406,-0.40787529220558805,-0.451962146303526,16,21,0.826086956521739,0.0,-0.5,0.0,0.0,0.0,0.0,0.0,0.0,0.0,1.0,0.0,0.0,0.0,0.0,,0.0,0.0,0.0,1
VAR_003023,-0.003351904018455294,1.5207961848928693,-3.0040952306953494e-07,1.1771830035566169,0.0010248829682497557,-4.831245473068736e-06,9.113867000091945,0.20205372232658997,7.326756606613398,91612.53251331011,5.04579128423226,0,0.8096524975562265,0.0001946366864732,0.8341279705222082,2.8744898178582873e-13,1.0739779305218414e-12,0.0999998059728446,0.0842000428325491,0.0,0.0,2.7180158730062374,0.0,1.0,1.0,1.0,0.0,2.1084726200044575,2.213957564959668,4.047572429204124,81.14158064018145,4.358599458786631e-15,0.0,3.308446793685363,1.0132514580063678,0.0,1.0,1.0,1.0,0.0,41.71649603607145,0.0,0.0,1.0,1.0,0.0,1.0,5,12.58975059663205,0.0,2,2,0.9700212916614356,0.354539216902838,2.2963312583422804,0.1470006789259157,1.0,1.383137957546286,14.36216957344868,0.0,0.0,1.000025420795236,1.0,0.5430977869956147,0.9267673058533907,1.0332479332689515,0.0,1.0,0.0,-2.2155120952142246e-08,0.0,0.16844890140123725,0.0062820632110749995,2.260824425018463,0.0,0.0,0.0,1.0035333997152358,0.16886836582822537,-1.234309722111462e-06,0.0,4.816653109968382,0.0,1.0,1.0,7.399958194055073,2,3.653356242428399,5.595034830509547,0.0,0.0,4.184324151968948,0.0,5.594103355003841e-10,0.0,9.932727260341379,0.0,105.67374167635113,0.0,0.4392822905500758,0.0,0.2330551660814636,1.0,0.0,0.00011913813582085582,0.0,0.0,1.5246036095718187,1.0,0.0,0.0,0.0,0.5660611151969898,0.0,0.0,1777.9626781655375,103.69825801308019,0.0,0.0,0.0,0.0,13432.754037058892,0.0,0.0,1.905032560396577e-12,1.5966885415373189,0.0,0.0,0.0,0.0,90.72692755674183,0.0,0.0,3.554062542017775,22.549348246894382,24674.710865549616,0.0,0.0,0.0,1.0,2759.9989989121673,0.0,0.0,0.18998254869439576,1.0,0.16598199889267662,1.0,0.060243505050990305,0.01641387483095864,0.0,0.8250817320475632,0.0,0.0,1.0524511824876153,1.0,-0.0002800009262706306,-0.0016358315891919354,0.0,1.0,0.0,1.0,1.0064243930582861,0.0,-0.006251897899553069,-0.0018819914974507119,0.08463270421284025,0.22692363072109445,-0.6147151956247702,-0.4258778459043626,-0.4343540181554821,0.029715657934666947,0,19,-0.5652173913043478,1.0,0.5,0.0,0.0,0.0,0.0,0.0,0.0,0.0,0.0,1.0,0.0,0.0,0.0,,1.0,0.0,1.0,0
VAR_002811,0.025741502713373263,-3.804104333287782e-07,0.004140509787121026,0.044983335541793006,10.44041369816483,-4.831251503812771e-06,1.063064453430687,0.4344488683246923,0.12574901494926782,0.0,1.401951643201513,16,0.0,0.0,0.0,0.0,0.0,0.0,0.0,0.0,0.0,0.0,0.0,0.0,0.0,0.0,0.0,0.0,0.0,0.0,0.0,0.0,0.0,0.0,0.0,3.813771391455777,1.0,1.0,0.445911989069644,1.0,34.1731159282613,0.0,1.0,0.6055002769308176,0.0,0.0,1.0,3,12.571055758459327,1.0,4,4,0.10105314381714442,0.2843183773214678,1.8202591927787788,1.0,1.0,1.2950542656364155,9.229682688975272,1.0,1.0973820282003526,0.9999674502554812,1.0,1.1419357243088275e-05,0.21517065848813663,0.9967647291375245,1.0,0.0,0.0,1.0333432395736732,1.0,1.6028872433815997,4.512092053940708,11.205292213344505,0.0,0.0,0.20971368880114127,0.9390636840553028,0.0,0.9926771809212079,1.0954803401375814,0.0003126424461327711,1.0290884014936041,1.0,0.0,0.0,4,0.08553159936871348,0.0,0.0,0.0,0.0,0.0,0.0,0.0,0.0,0.0,0.0,0.0,0.0,0.0,0.0,0.0,0.0,0.0,0.0,0.0,0.0,0.0,0.0,0.0,0.0,0.0,0.0,0.0,0.0,0.0,0.0,0.0,0.0,0.0,0.0,0.0,0.0,0.0,0.0,0.0,0.0,0.0,0.0,0.0,0.0,0.0,0.0,0.0,0.0,0.0,0.0,0.0,0.0,0.0,0.0,0.0,0.0,0.0,-0.055397640124226856,1.0,0.14153026800631147,1.07674106291602,0.0,1.3678497366457834,0.0,0.8311378954160522,0.0010330202575137273,1.0,0.8930601097942458,0.7231676660345651,0.0,0.0,0.0,0.0,1.006820579071449,0.0,0.9888930749789623,0.014080812930933023,0.08463270421284025,-0.31529506501450993,0.17327049790207177,-0.4225927214318895,0.036329550027463804,-0.4111989677701118,12,22,0.5,1.0,-1.0,0.0,1.0,0.0,0.0,0.0,0.0,0.0,0.0,0.0,0.0,0.0,0.0,0.0,1.0,1.0,0.0,1
VAR_003006,-0.0034593422217896507,2.512408911611791,-2.948113075854465e-07,2.0660798768578323,0.0007855781679229532,89.19254611233416,1.3107819932201348,2.280412538421066,0.00077431196988587,0.0,0.2704552197133601,18,0.0,0.0,0.0,0.0,0.0,0.0,0.0,0.0,0.0,0.0,0.0,0.0,0.0,0.0,0.0,0.0,0.0,0.0,0.0,0.0,0.0,0.0,0.0,0.0,0.0,0.0,1.0,0.0,409.61138069250325,1.0,1.0,0.0,1.0,2.896091433730838,1.0,2,12.589750410233124,1.0,4,4,0.9432330297286351,0.8523172782996858,0.0,1.0,1.0,0.002961290017455038,14.36216957344868,1.0,1.0973820282003526,10.000394169520558,0.0,0.05803594782875285,1.455515684178927,0.6210733967825826,0.0,0.0,1.4682857974471033,0.04881440538123725,0.0,0.04171266590578135,0.9995704811868135,2.49185719871449e-05,1.1624689097367595,0.0,0.0,0.016337231948952043,0.14772166820536192,10.134570697455429,0.0,1.0278722273931766,0.0,1.0,0.0,0.0,4,1.219971231689654,0.0,0.0,0.0,0.0,0.0,0.0,0.0,0.0,0.0,0.0,0.0,0.0,0.0,0.0,0.0,0.0,0.0,0.0,0.0,0.0,0.0,0.0,0.0,0.0,0.0,0.0,0.0,0.0,0.0,0.0,0.0,0.0,0.0,0.0,0.0,0.0,0.0,0.0,0.0,0.0,0.0,0.0,0.0,0.0,0.0,0.0,0.0,0.0,0.0,0.0,0.0,0.0,0.0,0.0,0.0,0.0,1.0,-0.055337973342942576,1.0,1.1716551702213964,0.009021160813940101,0.0,0.0,0.0,1.2911247775907504,0.7039817314343751,0.0,0.0004167799592302545,1.0146953958958602,0.0,0.0,0.0,1.0,-0.0008702435974294113,1.2101454315057372,0.6240923119727297,0.38865203608590526,0.07945327394656179,0.19040046131154176,-1.7550667625592746,-0.40910153905957813,0.9464603533160734,-0.05243390356811927,8,14,0.34782608695652173,-0.5,-0.5,1.0,0.0,0.0,0.0,0.0,0.0,0.0,0.0,0.0,0.0,0.0,0.0,0.0,1.0,0.0,0.0,1
VAR_002587,-0.0783428963784724,-3.8059031320814635e-07,-3.004136269736329e-07,-5.4653554515842356e-05,-1.1041372304889563e-05,-4.831251662299113e-06,-0.017267181209998077,-4.8105745895704074e-06,-8.537446705068216e-06,0.0,-0.10946537831009982,8,0.0,0.0,0.0,0.0,0.0,0.0,0.0,0.0,0.0,0.0,0.0,0.0,0.0,0.0,0.0,0.0,0.0,0.0,0.0,0.0,0.0,0.0,0.0,0.0,0.0,0.0,0.0,0.0,0.0,0.0,0.0,0.0,0.0,0.0,0.0,7,0.0,0.0,3,3,-0.16701380483401607,0.2729208043683686,0.0,0.0,0.0,-3.884553607683874e-07,0.0,0.0,0.0,-2.2320821211521196e-07,0.0,-1.4948262435770877e-08,-2.6709219008793652e-05,-1.4124635230450503e-05,0.0,0.0,0.0,-2.5336807690208568e-08,0.0,-1.2312450534260474e-06,-4.3419141492691217e-07,-3.5038624508476836e-08,0.0,0.0,0.0,-3.837678156849658e-07,0.0,-1.2618654649194024e-06,0.0,-1.1505932956688551e-07,0.0,0.0,0.0,0.0,3,-0.169222268148316,0.0,0.0,0.0,0.0,0.0,0.0,0.0,0.0,0.0,0.0,0.0,0.0,0.0,0.0,0.0,0.0,0.0,0.0,0.0,0.0,0.0,0.0,0.0,0.0,0.0,0.0,0.0,0.0,0.0,0.0,0.0,0.0,0.0,0.0,0.0,0.0,0.0,0.0,0.0,0.0,0.0,0.0,0.0,0.0,0.0,0.0,0.0,0.0,0.0,0.0,0.0,0.0,0.0,0.0,0.0,0.0,0.0,-0.11072982886915257,0.0,-0.0006064556200556692,-0.0018293998462169062,0.0,0.0,0.0,0.0,-0.00030853159312632406,0.0,-0.00028032881180293964,-0.0019096288697232238,0.0,0.0,0.0,0.0,-0.000870651106593671,0.0,-0.006857481141634066,-0.0018867740910451342,0.08463270421284025,-0.21072987534639953,0.17327049790207177,-0.3002288294541769,0.019603973631722695,0.19944502581647008,14,21,0.1956521739130435,0.0,0.5,0.0,0.0,0.0,1.0,0.0,0.0,0.0,0.0,0.0,0.0,0.0,0.0,,0.0,0.0,0.0,1
VAR_003185,5.036792104483445,14.954101346321293,4.80102983742239,0.009953095017718357,0.22983944645178786,161.37877500876283,6.9130957956314125,9.968582428407124,3.727611187640587,2929.3399700564214,0.42521621226446554,18,0.0,0.0,0.0,0.0,0.0,0.0,0.0,0.0,0.8854192833495322,0.0379293249693239,1.0,1.0,1.0,1.0,1.1447171326883876,2.077530851907531,9.381267395122558,7.507958821510025,3.6793553588341865,5.266886068735969,1.0,3.28385355886586,0.0,0.0,0.0,0.0,0.0,1.0,15.57000306630406,1.0,1.0,0.0,1.0,2.896091433730838,1.0,3,1.0700720653421245e-25,0.0,2,2,-0.6013517909536596,0.6578086183144861,-0.6494831557405962,0.0,1.0,0.0011708953299426142,6.862737230972818,1.0,0.6256914809410087,0.021664082058965455,1.0,0.9680645507189051,0.9988603119217383,1.8410945614487264,1.0,0.0,0.0,0.08115906113586972,1.0,0.0625791643248065,1.0000777978265534,0.6009801536244191,0.0,0.0,0.0,-3.81260259263069e-07,1.3367590874913071,0.12917062085840045,0.0,-1.0031504795958219e-07,1.372499837548093,0.0,1.0,3.501953874250724,2,0.7763137770112777,5.595034830509547,0.0,0.0,44.14453740115681,0.0,1.364064056601793e-06,0.0,0.48003639450270935,0.0,106.18585762315784,0.0,1.0,0.0,1.0,1.0,0.0,250.59470735667128,0.0,0.0,1.5246036095718187,0.0,0.0,0.1949094339216375,0.0,0.5119036441881029,0.0,0.0,1777.4559785994013,19.634689415640434,0.0,3.2441455086587174,0.0,1.0,8.807735782811982e-14,0.8325211559897139,0.0,382.0265764722021,1.5966885415373189,0.0,0.0,0.0,0.0,90.29716498748031,0.0,0.0,164.44615728717662,5.4853506955744225,0.16235205824205584,0.0,3.223671238484157,0.0,1.0,5718.97774824159,0.0,0.0,381.0271214435595,1.0,3.894444749700428,0.0,1.171229992554855,1.0443457208768996,0.0,0.24041825196345362,0.0,0.0,0.005226090982156786,0.0,-1.743428077045299e-05,9.388804249646945,0.0,1.0,0.0,1.0,0.973659557496865,0.0,0.886061276721362,0.8348227233940707,0.08463270421284025,0.22692363072109445,0.17327049790207177,-0.5040779818999511,-0.9472178637925068,-0.07171814926825891,7,19,-0.08695652173913043,0.5,-0.5,0.0,0.0,0.0,0.0,0.0,0.0,1.0,0.0,0.0,0.0,0.0,0.0,0.0,1.0,0.0,0.0,1
VAR_003144,-0.0783428963784724,-3.8059031320814635e-07,-3.004136269736329e-07,-5.4653554515842356e-05,-1.1041372304889563e-05,-4.831251662299113e-06,-0.017267181209998077,-4.8105745895704074e-06,-8.537446705068216e-06,0.0,-0.10946537831009982,8,0.0,0.0,0.0,0.0,0.0,0.0,0.0,0.0,0.0,0.0,0.0,0.0,0.0,0.0,0.0,0.0,0.0,0.0,0.0,0.0,0.0,0.0,0.0,0.0,0.0,0.0,0.0,0.0,0.0,0.0,0.0,0.0,0.0,0.0,0.0,7,0.0,0.0,1,1,1.140197534890719,0.5587443148843707,4.623788463995366,0.0,0.0,-3.884553607683874e-07,0.0,0.0,0.0,-2.2320821211521196e-07,0.0,-1.4948262435770877e-08,-2.6709219008793652e-05,-1.4124635230450503e-05,0.0,0.0,0.0,-2.5336807690208568e-08,0.0,-1.2312450534260474e-06,-4.3419141492691217e-07,-3.5038624508476836e-08,0.0,0.0,0.0,-3.837678156849658e-07,0.0,-1.2618654649194024e-06,0.0,-1.1505932956688551e-07,0.0,0.0,0.0,0.0,1,-0.169222268148316,0.0,0.0,0.0,0.0,0.0,0.0,0.0,0.0,0.0,0.0,0.0,0.0,0.0,0.0,0.0,0.0,0.0,0.0,0.0,0.0,0.0,0.0,0.0,0.0,0.0,0.0,0.0,0.0,0.0,0.0,0.0,0.0,0.0,0.0,0.0,0.0,0.0,0.0,0.0,0.0,0.0,0.0,0.0,0.0,0.0,0.0,0.0,0.0,0.0,0.0,0.0,0.0,0.0,0.0,0.0,0.0,0.0,-0.11072982886915257,0.0,-0.0006064556200556692,-0.0018293998462169062,0.0,0.0,0.0,0.0,-0.00030853159312632406,0.0,-0.00028032881180293964,-0.0019096288697232238,0.0,0.0,0.0,0.0,-0.000870651106593671,0.0,-0.006857481141634066,-0.0018867740910451342,0.08463270421284025,0.22692363072109445,-1.3316876286913626,0.15667545875343256,1.0616811151472265,0.5845367833693124,17,14,-0.17391304347826086,0.0,0.5,0.0,0.0,0.0,0.0,0.0,0.0,0.0,0.0,0.0,0.0,1.0,0.0,,0.0,0.0,0.0,1
VAR_003062,0.5202432322334661,1.1196337523056183,1.435218557978386,0.7760895540366395,2.4111722225924,99.71520445196778,2.9115032127311293,0.01963938813843469,-8.529987892249862e-06,3708.694044340233,0.2684433502063833,28,0.0,0.0,0.0,0.0,0.0,0.0,0.0,0.0,0.0,2.709656043880991,1.0,1.0,0.0,1.0,1.1447171326883876,1.404388388390543,0.07161198038671814,10.679391726043841,81.03385079610315,401.825832900033,1.0,3.207037968069911,0.0,0.0,0.0,0.0,0.0,0.0,0.0,0.0,0.0,0.0,0.0,0.0,0.0,7,0.0,0.0,4,4,0.27227528993139205,0.10956991454379532,4.051181480368945,0.0,0.0,1.4641590874558248,14.36216957344868,1.0,0.0,0.003468997452003165,1.0,1.0230186834232828,0.09126723803088303,0.6072748106909425,1.0,0.1890763974207564,0.0,0.5665930898865453,1.0,-1.2307965133174782e-06,0.7665565044732582,0.00018383988930851923,3.1982118410375797,1.3415873261671332,3.1250628423837563,1.0038749751497993,0.0,-1.2618648855970688e-06,0.0,0.24667109290994407,0.0,1.0,0.0,0.0,4,1.0138342631384618,0.0,0.0,0.0,0.0,0.0,0.0,0.0,0.0,0.0,0.0,0.0,0.0,0.0,0.0,0.0,0.0,0.0,0.0,0.0,0.0,0.0,0.0,0.0,0.0,0.0,0.0,0.0,0.0,0.0,0.0,0.0,0.0,0.0,0.0,0.0,0.0,0.0,0.0,0.0,0.0,0.0,0.0,0.0,0.0,0.0,0.0,0.0,0.0,0.0,0.0,0.0,0.0,0.0,0.0,0.0,0.0,1.0,0.6163080476427658,0.0,0.0017472690161379806,1.0632907889585794,0.0,0.0,0.0,0.0,-0.00030537035139712284,1.0,1.120939460075739,1.0235222042259908,0.0,0.0,0.0,1.0,0.4771848541132701,1.2101454315057372,1.0222039470044402,0.008500194497631758,-0.4257911137912234,-2.894263073096049,0.17327049790207177,0.10232785942996814,-0.11158517461177797,0.07423373593794731,4,22,1.6739130434782608,-1.0,-0.5,0.0,0.0,1.0,0.0,0.0,0.0,0.0,0.0,0.0,0.0,0.0,0.0,-1.0,0.0,1.0,0.0,1
VAR_002984,-0.0783428963784724,-3.8059031320814635e-07,-3.004136269736329e-07,-5.4653554515842356e-05,-1.1041372304889563e-05,-4.831251662299113e-06,-0.017267181209998077,-4.8105745895704074e-06,-8.537446705068216e-06,0.0,-0.10946537831009982,8,0.0,0.0,0.0,0.0,0.0,0.0,0.0,0.0,0.0,0.0,0.0,0.0,0.0,0.0,0.0,0.0,0.0,0.0,0.0,0.0,0.0,0.0,0.0,0.0,0.0,0.0,0.0,0.0,0.0,0.0,0.0,0.0,0.0,0.0,0.0,7,0.0,0.0,4,4,0.17411028386564767,0.3654992912409855,0.0,0.0,0.0,-3.884553607683874e-07,0.0,0.0,0.0,-2.2320821211521196e-07,0.0,-1.4948262435770877e-08,-2.6709219008793652e-05,-1.4124635230450503e-05,0.0,0.0,0.0,-2.5336807690208568e-08,0.0,-1.2312450534260474e-06,-4.3419141492691217e-07,-3.5038624508476836e-08,0.0,0.0,0.0,-3.837678156849658e-07,0.0,-1.2618654649194024e-06,0.0,-1.1505932956688551e-07,0.0,0.0,0.0,0.0,4,-0.169222268148316,0.0,0.0,0.0,0.0,0.0,0.0,0.0,0.0,0.0,0.0,0.0,0.0,0.0,0.0,0.0,0.0,0.0,0.0,0.0,0.0,0.0,0.0,0.0,0.0,0.0,0.0,0.0,0.0,0.0,0.0,0.0,0.0,0.0,0.0,0.0,0.0,0.0,0.0,0.0,0.0,0.0,0.0,0.0,0.0,0.0,0.0,0.0,0.0,0.0,0.0,0.0,0.0,0.0,0.0,0.0,0.0,0.0,-0.11072982886915257,0.0,-0.0006064556200556692,-0.0018293998462169062,0.0,0.0,0.0,0.0,-0.00030853159312632406,0.0,-0.00028032881180293964,-0.0019096288697232238,0.0,0.0,0.0,0.0,-0.000870651106593671,0.0,-0.006857481141634066,-0.0018867740910451342,-1.1762218716757205,0.02671954925517955,-0.886975948433894,-0.3428296167481689,0.3986282479678981,0.08004356111695143,5,22,1.6739130434782608,-0.5,-0.5,0.0,0.0,1.0,0.0,0.0,0.0,0.0,0.0,0.0,0.0,0.0,0.0,,0.0,0.0,0.0,1
VAR_002976,0.4739052521792179,0.0017143500751575756,0.2219324828124248,4.281380968637425,1.8513405337402922,0.47412881529889717,-0.017011360417117587,1.9930198497254614,0.017212648817254234,0.0,0.011690402725814201,18,0.0,0.0,0.0,0.0,0.0,0.0,0.0,0.0,1.0,6.788724868704064e-05,0.5125195248286796,0.0,0.0,1.0,1.1447171326883876,1.784341220664132,7.762217213227547,0.0,81.12633947609878,1603.905514038636,1.0,2.8907261158456565,0.0,0.0,0.0,0.0,0.0,0.0,0.0,0.0,0.0,0.0,0.0,0.0,0.0,7,0.0,0.0,4,4,-0.11090030619721554,0.012715163916179611,0.0,0.0,0.0,-3.884553607683874e-07,0.0,0.0,0.0,-2.2320821211521196e-07,0.0,-1.4948262435770877e-08,-2.6709219008793652e-05,-1.4124635230450503e-05,0.0,0.0,0.0,-2.5336807690208568e-08,0.0,-1.2312450534260474e-06,-4.3419141492691217e-07,-3.5038624508476836e-08,0.0,0.0,0.0,-3.837678156849658e-07,0.0,-1.2618654649194024e-06,0.0,-1.1505932956688551e-07,0.0,0.0,0.0,0.5035238361057748,4,-0.14887204278767524,0.0,0.0,0.0,0.0,0.0,0.0,0.0,0.0,0.0,0.0,0.0,0.0,0.0,0.0,0.0,0.0,0.0,0.0,0.0,0.0,0.0,0.0,0.0,0.0,0.0,0.0,0.0,0.0,0.0,0.0,0.0,0.0,0.0,0.0,0.0,0.0,0.0,0.0,0.0,0.0,0.0,0.0,0.0,0.0,0.0,0.0,0.0,0.0,0.0,0.0,0.0,0.0,0.0,0.0,0.0,0.0,1.0,-0.040501271475364926,1.0,1.1715106726147058,-0.0008095859648525717,0.0,2.770729017407695,0.0,0.0,-0.0002990913417047786,0.0,-0.00028032881165715776,1.0238795490729582,0.0,0.0,0.0,1.0,0.16246110587209586,0.8748586028013663,-0.006841696949360687,0.09799661293884772,0.08463270421284025,-0.11737675268248172,-0.4050132218150978,0.23773087429768328,0.027600143169523198,-0.09757575849704754,5,7,0.6739130434782609,-0.5,-0.5,0.0,1.0,0.0,0.0,0.0,0.0,0.0,0.0,0.0,0.0,0.0,0.0,0.0,0.0,0.0,0.0,1
VAR_002868,0.936197732251629,-3.8055581455905214e-07,-3.004136269736324e-07,0.046592338690215174,53.27529365772033,0.0011281501538177804,1.189152073346794,-4.681144290241773e-06,0.16024199457974278,0.0,4.595968733717073,16,0.0,0.0,0.0,0.0,0.0,0.0,0.0,0.0,0.0,0.0,0.0,0.0,0.0,0.0,0.0,0.0,0.0,0.0,0.0,0.0,0.0,0.0,0.0,0.0,0.0,0.0,0.0,0.0,0.0,0.0,0.0,0.0,0.0,0.0,0.0,7,0.0,0.0,1,1,0.650194421759379,0.3544242149361679,0.0,1.0,1.0,2.4339415623149848e-06,8.168290353418179,1.0,0.0,1.0000373541856098,0.0,0.976551530422828,0.999615912921235,0.0037614581809526193,1.0,0.0,0.0,1.0305453510381477,0.0,-1.0974430192023536e-06,0.07210344960717513,-3.503862326484233e-08,0.0,1.2103055818636714,0.7143157576430614,0.6584785170979115,1.3367590874913071,0.003950999051666238,0.4791344348259249,0.6412920147515959,0.0,1.0,0.0,0.0,1,0.32205271065901814,5.595034830509547,0.947078863901734,0.0,75.16145522821624,0.0,791.5014175735408,0.0,9.93231388349084,0.0,106.1846511647209,0.0,1.0,0.0,1.0,1.0,0.0,0.12971838370415703,0.0,0.0,1.5246036095718187,0.0,0.0,0.0,0.0,0.0,0.0,0.0,0.43251777071921416,325.81326414570424,0.0,3.2441455086587174,0.0,1.0,13430.242608730547,0.0284079592918696,0.0,380.3547832720366,1.5966885415373189,0.0,0.0,0.1834020205129768,0.0,87.5653115295381,0.0,1.0,0.9965659175678978,22.525333840729488,35810.49422780042,0.0,3.223671238484157,0.0,1.0,1.4167874176242637e-10,0.0,0.0,381.2864812429867,1.0,0.7061514644066386,0.0,-0.000605958474170175,0.0789551617468122,0.0,0.0,0.0,1.2911247775907504,0.12495551656328081,0.0,-0.00025842948399014594,0.5820756271468838,0.0,1.0,0.0,0.0,0.8867124751332337,0.09366028991596721,0.9000740817541881,1.0655593189917574,-0.3601363019525463,0.22692363072109445,-0.6020915171840496,0.5509711802278259,1.1427267023082022,0.7328480937682627,21,5,-1.6739130434782608,-0.5,-0.5,0.0,0.0,0.0,0.0,0.0,0.0,0.0,0.0,0.0,1.0,0.0,0.0,0.0,0.0,1.0,0.0,1
VAR_003072,-0.0035358629712595757,1.3983121879011373,1.7658384411358128,0.8063231045039654,0.03035130874707984,11.44459524118391,-0.01645982809332155,8.292586215418845,0.002569354710157751,0.0,0.08250742056909842,9,0.0,0.0,0.0,0.0,0.0,0.0,0.0,0.7072051031401694,1.0,2.7180158730062374,0.0,1.0,0.0,0.0,1.1447171326883876,1.320278334466587,0.0248303492723701,0.0,74.25562646936,3.7555164059948782,1.0,1.6679799697706523e-07,1.0132514580063678,3.813771391455777,1.0,1.0,1.0,1.0,1.475316290610749,1.0,1.0,0.0,1.0,0.0,1.0,0,12.588350465030343,0.0,2,2,0.2657817621249853,0.18983581692422263,0.7652652450960838,0.0,0.0,1.4512822304014803,0.0,0.0,0.0,0.4393183877316827,0.0,1.3291724789429455,0.9476428667798014,1.0332215646251592,1.0,0.0,2.934526532233309,1.0333432390404982,1.0,-1.2312450529376088e-06,1.0000787306912717,0.043526183783937925,0.0,1.3415873261671332,0.0,8.347800999320441e-08,0.4516715341285799,2.585577782723852e-05,1.2502305745177114,1.0753836960578416,1.372499837548093,1.0,1.0,1.9999846793496565,2,1.6461208815428208,5.595034830509547,0.1693533877597539,0.0,31.725271134701654,0.0,0.08227867172983581,0.0,9.932727245046298,0.0,10.684175368957279,0.0,0.0,0.0,0.0,0.0,0.0,1.2926692826410905e-06,0.0,0.0,1.5246036095718187,0.0,0.0,0.0267435162936747,0.0,0.3275184993154009,0.0,0.0,4.884342416585333e-09,325.80566694012884,0.0,0.0,0.0,0.0,0.0,0.1439304530346616,0.0,0.0002494951150215998,0.0,0.0,0.0,0.3700677987974783,0.0,90.61919551440909,0.0,0.0,2.7092542578173818e-17,22.549377982955985,361.5924109696138,0.0,0.0,0.0,0.0,0.0,0.6569615711131344,0.0,134.08595763957177,1.0,-0.045636194013954745,1.0,0.0384164270075881,-0.0018293998459529533,0.0,0.0,0.0,1.2911247775907504,-0.00028259433831555526,1.0,1.0839096095692202,0.9337585194065461,0.0,1.0,0.0,1.0,1.0068205996815904,0.0,-0.006857481141634066,0.03690813908001163,0.08463270421284025,0.22692363072109445,-0.7148489768459719,0.06445400890149745,-1.0303299244233852,0.04180045026165467,0,21,-0.5434782608695652,0.5,0.5,0.0,0.0,0.0,0.0,0.0,0.0,1.0,0.0,0.0,0.0,0.0,0.0,0.0,1.0,0.0,1.0,0
VAR_002778,-0.0035154571611877433,0.013020279470248088,1.1217273333371697e-05,0.0019375197335066013,0.0006826236850664677,44.18062423948912,0.40115815974386465,-3.7348497690986986e-06,0.006445806267597028,0.0,0.8214799005381287,16,0.0,0.0,0.0,0.0,0.0,0.0,0.0,1.0,0.0,0.04704535690162771,1.0,1.0,1.0,1.0,1.1447171326883876,1.9466085960042274,9.350260886223635,0.0,40.77390493566441,4.550914949553158e-07,1.0,0.01886881254907191,0.0,0.0,0.0,0.0,0.0,0.0,0.0,0.0,0.0,0.0,0.0,0.0,0.0,7,0.0,0.0,3,3,-0.5860432225375851,0.1978157585946383,3.1394990330691677,1.0,1.0,1.4641609163255158,0.0,0.0,1.0973820282003526,3.552168525937078e-06,1.0,0.00018632606776549122,1.0000092878088167,1.0333164182025294,1.0,0.964575733426312,0.0,1.2517389626128008e-05,0.0,1.0000204124364733,4.525980070330342e-06,6.36902828958287,3.1982118410375797,1.3415873261671332,0.0,0.8177213025210837,0.015555593902624908,1.013455710028489,0.0,1.4884095826764252,0.0,0.0,0.0,0.0,3,0.7095997841841375,0.0,0.6375520446972979,0.0,75.13828966446884,0.0,4.3805994339845296e-11,0.0,8.856913725037998e-09,0.0,106.1692252582565,0.0,0.0,0.0,0.0,0.0,0.0,64.68758823950493,0.0,0.0,1.5246036095718187,0.3118789210720719,0.0,0.0,0.0,1.0,0.0,0.0476927107768027,136.41908131879364,0.0005228447756608889,0.0,0.0,0.0,1.0,13432.747992842249,0.0,0.0,1.0914472391742848e-13,0.0,0.0,0.0,0.768603408639923,0.0,90.7270819505747,0.0,0.0,164.4049439889974,22.549377731243723,0.19028724616895662,0.0,0.3051255518459733,0.0,1.0,5458.501873569062,0.0867036298197412,0.0,332.83982107721914,1.0,0.585051227819728,1.0,1.1691563225124995,1.0767604476626453,0.0,0.0,0.0,1.2911247775907504,1.0478680588957556,0.0,0.9813837921941094,1.0238795069849667,0.0,1.0,0.0,1.0,0.11437855837687583,0.0,0.996608994791376,1.0656039209019288,0.08463270421284025,0.22692363072109445,0.17327049790207177,0.7286962269356982,0.12286921665705455,0.598944414519994,8,24,0.4130434782608695,1.5,-0.5,0.0,0.0,0.0,0.0,0.0,1.0,0.0,0.0,0.0,0.0,0.0,0.0,0.0,0.0,1.0,0.0,1
VAR_002588,-0.0783428963784724,-3.8059031320814635e-07,-3.004136269736329e-07,-5.4653554515842356e-05,-1.1041372304889563e-05,-4.831251662299113e-06,-0.017267181209998077,-4.8105745895704074e-06,-8.537446705068216e-06,0.0,-0.10946537831009982,8,0.0,0.0,0.0,0.0,0.0,0.0,0.0,0.0,0.0,0.0,0.0,0.0,0.0,0.0,0.0,0.0,0.0,0.0,0.0,0.0,0.0,0.0,0.0,0.0,0.0,0.0,0.0,0.0,0.0,0.0,0.0,0.0,0.0,0.0,0.0,7,0.0,0.0,4,4,-0.15937079833119697,-0.07617970159382993,0.0,0.0,0.0,-3.884553607683874e-07,0.0,0.0,0.0,-2.2320821211521196e-07,0.0,-1.4948262435770877e-08,-2.6709219008793652e-05,-1.4124635230450503e-05,0.0,0.0,0.0,-2.5336807690208568e-08,0.0,-1.2312450534260474e-06,-4.3419141492691217e-07,-3.5038624508476836e-08,0.0,0.0,0.0,-3.837678156849658e-07,0.0,-1.2618654649194024e-06,0.0,-1.1505932956688551e-07,0.0,0.0,0.0,0.0,4,-0.169222268148316,0.0,0.0,0.0,0.0,0.0,0.0,0.0,0.0,0.0,0.0,0.0,0.0,0.0,0.0,0.0,0.0,0.0,0.0,0.0,0.0,0.0,0.0,0.0,0.0,0.0,0.0,0.0,0.0,0.0,0.0,0.0,0.0,0.0,0.0,0.0,0.0,0.0,0.0,0.0,0.0,0.0,0.0,0.0,0.0,0.0,0.0,0.0,0.0,0.0,0.0,0.0,0.0,0.0,0.0,0.0,0.0,0.0,-0.11072982886915257,0.0,-0.0006064556200556692,-0.0018293998462169062,0.0,0.0,0.0,0.0,-0.00030853159312632406,0.0,-0.00028032881180293964,-0.0019096288697232238,0.0,0.0,0.0,0.0,-0.000870651106593671,0.0,-0.006857481141634066,-0.0018867740910451342,0.00813609390844286,-0.5949924795649429,-1.0963231985380841,-0.32900899063616285,0.19444600590778346,0.0717198402239328,4,22,1.6739130434782608,-1.0,-0.5,0.0,0.0,1.0,0.0,0.0,0.0,0.0,0.0,0.0,0.0,0.0,0.0,,0.0,0.0,0.0,1
VAR_002656,0.3274314733975641,0.15578675561122537,1.0256946510151375,0.052289349831554956,95.70195050854888,-4.831153084867967e-06,13.47053074673562,0.041902150303725655,15.844140573291263,0.0,0.11927428437671934,13,0.0,0.0,0.0,0.0,0.0,0.0,0.0,0.0,0.0,0.0,0.0,0.0,0.0,0.0,0.0,0.0,0.0,0.0,0.0,0.0,0.0,0.0,0.0,0.0,0.0,0.0,0.0,0.0,0.0,0.0,0.0,0.0,0.0,0.0,0.0,7,0.0,0.0,2,2,-0.9286286198178526,-2.5517320847221256,0.0,0.0,0.0,-3.884553607683874e-07,0.0,0.0,0.0,-2.2320821211521196e-07,0.0,-1.4948262435770877e-08,-2.6709219008793652e-05,-1.4124635230450503e-05,0.0,0.0,0.0,-2.5336807690208568e-08,0.0,-1.2312450534260474e-06,-4.3419141492691217e-07,-3.5038624508476836e-08,0.0,0.0,0.0,-3.837678156849658e-07,0.0,-1.2618654649194024e-06,0.0,-1.1505932956688551e-07,0.0,0.0,0.0,0.0,2,-0.05657668863579991,0.0,0.0,0.0,0.0,0.0,0.0,0.0,0.0,0.0,0.0,0.0,0.0,0.0,0.0,0.0,0.0,0.0,0.0,0.0,0.0,0.0,0.0,0.0,0.0,0.0,0.0,0.0,0.0,0.0,0.0,0.0,0.0,0.0,0.0,0.0,0.0,0.0,0.0,0.0,0.0,0.0,0.0,0.0,0.0,0.0,0.0,0.0,0.0,0.0,0.0,0.0,0.0,0.0,0.0,0.0,0.0,1.0,-0.04167328221571628,1.0,1.09509959237733,1.0624138028743373,0.0,0.0,0.0,1.2911247775907504,0.6216809628997745,0.0,0.8562961980589192,1.0222526145381483,0.0,1.0,0.0,1.0,-0.0008706497480042199,1.1450108773329297,1.0164750120456516,1.065604538396907,-57.954125441224356,-3.980128170078441,0.17327049790207177,-1.6155784256311951,-1.2328859924615112,-0.8019518664639498,0,21,-0.5434782608695652,0.5,0.5,0.0,0.0,0.0,0.0,0.0,0.0,1.0,0.0,0.0,0.0,0.0,0.0,0.0,0.0,0.0,0.0,1
VAR_003027,-0.0783428963784724,-3.8059031320814635e-07,-3.004136269736329e-07,-5.4653554515842356e-05,-1.1041372304889563e-05,-4.831251662299113e-06,-0.017267181209998077,-4.8105745895704074e-06,-8.537446705068216e-06,0.0,-0.10946537831009982,8,0.0,0.0,0.0,0.0,0.0,0.0,0.0,0.0,0.0,0.0,0.0,0.0,0.0,0.0,0.0,0.0,0.0,0.0,0.0,0.0,0.0,0.0,0.0,0.0,0.0,0.0,0.0,0.0,0.0,0.0,0.0,0.0,0.0,0.0,0.0,7,0.0,0.0,2,2,0.828044852176779,-0.35037707707352544,0.0,0.0,0.0,-3.884553607683874e-07,0.0,0.0,0.0,-2.2320821211521196e-07,0.0,-1.4948262435770877e-08,-2.6709219008793652e-05,-1.4124635230450503e-05,0.0,0.0,0.0,-2.5336807690208568e-08,0.0,-1.2312450534260474e-06,-4.3419141492691217e-07,-3.5038624508476836e-08,0.0,0.0,0.0,-3.837678156849658e-07,0.0,-1.2618654649194024e-06,0.0,-1.1505932956688551e-07,0.0,0.0,0.0,0.0,2,-0.169222268148316,0.0,0.0,0.0,0.0,0.0,0.0,0.0,0.0,0.0,0.0,0.0,0.0,0.0,0.0,0.0,0.0,0.0,0.0,0.0,0.0,0.0,0.0,0.0,0.0,0.0,0.0,0.0,0.0,0.0,0.0,0.0,0.0,0.0,0.0,0.0,0.0,0.0,0.0,0.0,0.0,0.0,0.0,0.0,0.0,0.0,0.0,0.0,0.0,0.0,0.0,0.0,0.0,0.0,0.0,0.0,0.0,0.0,-0.11072982886915257,0.0,-0.0006064556200556692,-0.0018293998462169062,0.0,0.0,0.0,0.0,-0.00030853159312632406,0.0,-0.00028032881180293964,-0.0019096288697232238,0.0,0.0,0.0,0.0,-0.000870651106593671,0.0,-0.006857481141634066,-0.0018867740910451342,0.08463270421284025,-0.1192679184915349,-0.653335823442686,-0.42054853213980603,-0.3247780706168053,-0.2894048877234208,16,9,1.9565217391304346,-1.0,-1.0,0.0,0.0,0.0,0.0,0.0,0.0,0.0,0.0,1.0,0.0,0.0,0.0,,0.0,0.0,0.0,1
VAR_002896,-0.0783428963784724,-3.8059031320814635e-07,-3.004136269736329e-07,-5.4653554515842356e-05,-1.1041372304889563e-05,-4.831251662299113e-06,-0.017267181209998077,-4.8105745895704074e-06,-8.537446705068216e-06,0.0,-0.10946537831009982,8,0.0,0.0,0.0,0.0,0.0,0.0,0.0,0.0,0.0,0.0,0.0,0.0,0.0,0.0,0.0,0.0,0.0,0.0,0.0,0.0,0.0,0.0,0.0,0.0,0.0,0.0,0.0,0.0,0.0,0.0,0.0,0.0,0.0,0.0,0.0,7,0.0,0.0,1,1,-1.1928002883556208,-0.1530929097283728,-1.472733189750929,0.0,0.0,-3.884553607683874e-07,0.0,0.0,0.0,-2.2320821211521196e-07,0.0,-1.4948262435770877e-08,-2.6709219008793652e-05,-1.4124635230450503e-05,0.0,0.0,0.0,-2.5336807690208568e-08,0.0,-1.2312450534260474e-06,-4.3419141492691217e-07,-3.5038624508476836e-08,0.0,0.0,0.0,-3.837678156849658e-07,0.0,-1.2618654649194024e-06,0.0,-1.1505932956688551e-07,0.0,0.0,0.0,0.0,1,-0.169222268148316,0.0,0.0,0.0,0.0,0.0,0.0,0.0,0.0,0.0,0.0,0.0,0.0,0.0,0.0,0.0,0.0,0.0,0.0,0.0,0.0,0.0,0.0,0.0,0.0,0.0,0.0,0.0,0.0,0.0,0.0,0.0,0.0,0.0,0.0,0.0,0.0,0.0,0.0,0.0,0.0,0.0,0.0,0.0,0.0,0.0,0.0,0.0,0.0,0.0,0.0,0.0,0.0,0.0,0.0,0.0,0.0,0.0,-0.11072982886915257,0.0,-0.0006064556200556692,-0.0018293998462169062,0.0,0.0,0.0,0.0,-0.00030853159312632406,0.0,-0.00028032881180293964,-0.0019096288697232238,0.0,0.0,0.0,0.0,-0.000870651106593671,0.0,-0.006857481141634066,-0.0018867740910451342,0.08463270421284025,-1.5915244564083664,-0.24323486107423686,0.6017439066206293,1.1427267023082022,0.5982896512579475,6,9,0.3695652173913043,0.5,-0.5,0.0,0.0,0.0,0.0,0.0,0.0,0.0,0.0,0.0,1.0,0.0,0.0,,0.0,0.0,0.0,1
VAR_002824,-0.0783428963784724,-3.8059031320814635e-07,-3.004136269736329e-07,-5.4653554515842356e-05,-1.1041372304889563e-05,-4.831251662299113e-06,-0.017267181209998077,-4.8105745895704074e-06,-8.537446705068216e-06,0.0,-0.10946537831009982,8,0.0,0.0,0.0,0.0,0.0,0.0,0.0,0.0,0.0,0.0,0.0,0.0,0.0,0.0,0.0,0.0,0.0,0.0,0.0,0.0,0.0,0.0,0.0,0.0,0.0,0.0,0.0,0.0,0.0,0.0,0.0,0.0,0.0,0.0,0.0,7,0.0,0.0,3,3,0.22275311742042558,-2.23540768279876,-4.230365647103972,0.0,0.0,0.002725177951769467,0.0,1.0,0.16263636398347356,0.9995540436301306,0.0,0.014525374144278007,0.9999428598939484,-1.4124635229112234e-05,0.0,1.0,0.9134142379877976,0.0003074044550384083,0.647181434292566,1.0000204125381356,1.0000787447970225,2.9636937248426712e-05,0.0,0.09943976227581791,3.1250628423837563,-3.8376747695047113e-07,0.0,0.003282454343640334,1.5891650036449736,1.0221615961364228,0.4294367447299599,0.0,0.0,0.0,3,0.3042254606264741,0.0,0.0,0.0,0.0,0.0,0.0,0.0,0.0,0.0,0.0,0.0,0.0,0.0,0.0,0.0,0.0,0.0,0.0,0.0,0.0,0.0,0.0,0.0,0.0,0.0,0.0,0.0,0.0,0.0,0.0,0.0,0.0,0.0,0.0,0.0,0.0,0.0,0.0,0.0,0.0,0.0,0.0,0.0,0.0,0.0,0.0,0.0,0.0,0.0,0.0,0.0,0.0,0.0,0.0,0.0,0.0,0.0,2.0105985475804546,1.0,0.008259421179384966,0.9788847223525916,0.0,0.0,0.0,0.0,1.0524512094485838,0.7702953662418814,-0.00024939147584323825,0.0030149955829654397,0.0,1.0,0.0,0.0,1.006820620202167,1.2101454315057372,1.0225403177832,0.7723719894650296,0.08463270421284025,0.15144503169696463,-0.37353151937396134,-1.4319717340584097,-7.099157359602666,-0.5068703664783645,9,12,-0.5652173913043478,1.0,0.0,0.0,0.0,0.0,0.0,0.0,0.0,0.0,0.0,0.0,0.0,0.0,0.0,,0.0,0.0,0.0,0
VAR_003011,-0.0783428963784724,-3.8059031320814635e-07,-3.004136269736329e-07,-5.4653554515842356e-05,-1.1041372304889563e-05,-4.831251662299113e-06,-0.017267181209998077,-4.8105745895704074e-06,-8.537446705068216e-06,0.0,-0.10946537831009982,8,0.0,0.0,0.0,0.0,0.0,0.0,0.0,0.0,0.0,0.0,0.0,0.0,0.0,0.0,0.0,0.0,0.0,0.0,0.0,0.0,0.0,0.0,0.0,0.0,0.0,0.0,0.0,0.0,0.0,0.0,0.0,0.0,0.0,0.0,0.0,7,0.0,0.0,3,3,0.32728935996650604,-6.055164435428038,-25.13150968174197,0.0,0.0,-3.884553607683874e-07,0.0,0.0,0.0,-2.2320821211521196e-07,0.0,-1.4948262435770877e-08,-2.6709219008793652e-05,-1.4124635230450503e-05,0.0,0.0,0.0,-2.5336807690208568e-08,0.0,-1.2312450534260474e-06,-4.3419141492691217e-07,-3.5038624508476836e-08,0.0,0.0,0.0,-3.837678156849658e-07,0.0,-1.2618654649194024e-06,0.0,-1.1505932956688551e-07,0.0,0.0,0.0,0.0,3,-0.169222268148316,0.0,0.0,0.0,0.0,0.0,0.0,0.0,0.0,0.0,0.0,0.0,0.0,0.0,0.0,0.0,0.0,0.0,0.0,0.0,0.0,0.0,0.0,0.0,0.0,0.0,0.0,0.0,0.0,0.0,0.0,0.0,0.0,0.0,0.0,0.0,0.0,0.0,0.0,0.0,0.0,0.0,0.0,0.0,0.0,0.0,0.0,0.0,0.0,0.0,0.0,0.0,0.0,0.0,0.0,0.0,0.0,0.0,-0.11072982886915257,0.0,-0.0006064556200556692,-0.0018293998462169062,0.0,0.0,0.0,0.0,-0.00030853159312632406,0.0,-0.00028032881180293964,-0.0019096288697232238,0.0,0.0,0.0,0.0,-0.000870651106593671,0.0,-0.006857481141634066,-0.0018867740910451342,-1.7481931370008945,0.061967032504129334,-1.6294333833208363,-1.349988948818789,0.8306085190479437,-1.0609420525723992,16,7,0.8913043478260868,-0.5,1.5,0.0,0.0,0.0,0.0,0.0,0.0,0.0,0.0,0.0,0.0,0.0,0.0,,0.0,0.0,0.0,1
VAR_002994,-0.003531378204575267,0.0006569958513227629,0.00016020700363778345,0.003913294365566536,0.7159656726655467,0.020897513792551007,-0.017264519911083385,1.1233516679893736,1.9811743022188966,1.050576277877839e-10,2.2846198663839363,13,0.0,0.0,0.0,0.0,0.0,0.0,0.0,0.0,0.0,5.573917185866181e-11,1.0,0.0,0.0,1.0,1.1447171326883876,2.1092768542989058,6.733020853939358e-05,0.0,0.35590043307951524,625.851768331121,1.0,0.1105668854143444,1.0132514580063678,0.0,0.0,0.0,0.0,0.0,0.0,0.0,0.0,0.0,0.0,0.0,0.0,7,0.0,0.0,1,1,0.22285837713221296,0.47456651384767806,0.0,0.0,0.0,-3.884553607683874e-07,0.0,0.0,0.0,-2.2320821211521196e-07,0.0,-1.4948262435770877e-08,-2.6709219008793652e-05,-1.4124635230450503e-05,0.0,0.0,0.0,-2.5336807690208568e-08,0.0,-1.2312450534260474e-06,-4.3419141492691217e-07,-3.5038624508476836e-08,0.0,0.0,0.0,-3.837678156849658e-07,0.0,-1.2618654649194024e-06,0.0,-1.1505932956688551e-07,0.0,0.0,0.0,0.0,1,1.7646466342519629,5.595034830509547,0.5313072455242083,0.0,7.96539374212112e-05,0.0,0.0001648689073689887,0.0,0.03675174151685259,0.0,5.406986147138021,0.0,0.0,0.0,0.0,0.0,0.0,237.9285975493029,0.0,0.0,1.5246036095718187,0.0,0.0,0.0,0.0,0.0,0.0,1.0,1762.1168244677892,325.7705120224299,0.0,0.0,0.0,0.0,13418.880509761684,0.0,0.0,0.005167861376992165,1.5966885415373189,0.4927971312368895,0.0,0.013038966301647,0.0,1.4638244552863282,0.0,0.0,1.3518212184330374e-11,0.004271827298402428,4329.270018764453,0.0,1.131767651683782,0.0,1.0,0.0005231074316117474,0.5422946015851794,0.0,52.18174508924849,0.0,0.09262867305854676,0.0,1.0876595965855558,0.236469525054374,0.0,0.0,0.0,0.8713337066395112,-0.0003085315927147381,1.0,0.23042491330088138,0.950475385938121,0.0,1.0,0.0,1.0,0.025576659884765887,0.793142271568215,0.2454573413925582,1.038058536562246,0.08463270421284025,0.09064354713926528,-0.5648647771101947,0.6439747787055504,0.616405043478991,0.6762480451878167,9,13,-1.7391304347826084,-1.0,-0.5,0.0,0.0,0.0,0.0,0.0,0.0,0.0,0.0,0.0,1.0,0.0,0.0,0.0,0.0,0.0,0.0,1
VAR_003223,0.7269688582416516,-1.6997106940414604e-07,71.9436602573878,9.781444688561773,2.4234821627253604e-05,0.0003356766782183637,1.3036429528531441,3.155939257827276,-5.115808292772684e-07,47124.79496812837,0.04557111897335324,20,0.0,0.0,0.0,0.0,0.0,0.0,0.0,0.0,0.0,0.0,0.0,0.0,0.0,0.0,0.0,0.0,0.0,0.0,0.0,0.0,0.0,0.0,0.0,0.0,0.0,0.0,0.0,0.0,0.0,0.0,0.0,0.0,0.0,0.0,0.0,7,0.0,0.0,5,5,0.0,0.0,0.0,0.0,0.0,-3.884553607683874e-07,0.0,0.0,0.0,-2.2320821211521196e-07,0.0,-1.4948262435770877e-08,-2.6709219008793652e-05,-1.4124635230450503e-05,0.0,0.0,0.0,-2.5336807690208568e-08,0.0,-1.2312450534260474e-06,-4.3419141492691217e-07,-3.5038624508476836e-08,0.0,0.0,0.0,-3.837678156849658e-07,0.0,-1.2618654649194024e-06,0.0,-1.1505932956688551e-07,0.0,0.0,0.0,0.0,5,-0.169222268148316,0.0,0.0,0.0,0.0,0.0,0.0,0.0,0.0,0.0,0.0,0.0,0.0,0.0,0.0,0.0,0.0,0.0,0.0,0.0,0.0,0.0,0.0,0.0,0.0,0.0,0.0,0.0,0.0,0.0,0.0,0.0,0.0,0.0,0.0,0.0,0.0,0.0,0.0,0.0,0.0,0.0,0.0,0.0,0.0,0.0,0.0,0.0,0.0,0.0,0.0,0.0,0.0,0.0,0.0,0.0,0.0,0.0,-0.11072982886915257,0.0,-0.0006064556200556692,-0.0018293998462169062,0.0,0.0,0.0,0.0,-0.00030853159312632406,0.0,-0.00028032881180293964,-0.0019096288697232238,0.0,0.0,0.0,0.0,-0.000870651106593671,0.0,-0.006857481141634066,-0.0018867740910451342,0.0,0.0,0.0,0.0,0.0,0.0,24,25,0.0,0.0,0.0,0.0,0.0,0.0,0.0,0.0,0.0,0.0,0.0,0.0,0.0,0.0,0.0,-1.0,0.0,0.0,1.0,0
VAR_002772,0.9211404634465054,17.938082605890195,-3.003864134858884e-07,22.172072823732336,5.600536022285665e-05,0.00460396811720394,1.2986711402463538,0.13111449554619206,4.918789545166053,588.2324788979355,0.26837443954635337,28,0.0,0.0,0.0,0.0,0.0,0.0,0.0,1.0,0.0,2.7180150580199656,1.0,0.0,1.0,1.0,0.0,2.1012066647751095,1.3061488937511698,0.0,81.14152571505862,0.02801966039565083,1.0,0.0003208486520710754,1.0132514580063678,0.0,1.0,1.0,0.0,0.0,1.0679908382966088,1.0,1.0,1.0,0.0,2.896091433730838,1.0,3,0.034092703258075785,0.0,2,2,-0.5147977428472388,-0.30074108988182224,-5.115263763265643,1.0,0.0,1.18033243155599e-06,14.36216957344868,1.0,1.0973820282003526,-2.2319173408233136e-07,1.0,1.0094149785553344,0.9999733791506061,3.3975519973323163,1.0,1.0,1.6927791634809601,-2.1423724581283426e-08,0.9685617822396106,9.16306053398153e-05,0.9549969732010662,1.7323998456662137,3.1982118410375797,0.0,3.1250628423837563,-3.831608720961311e-07,0.0,0.9529448333054308,0.0,1.2051868308860904e-05,0.0,1.0,0.0,0.0,2,29.502233085000306,0.0,1.0,0.0,74.4405711837753,0.0,791.6281957868786,0.0,9.932727260341379,0.0,25.985479726405607,0.0,0.1902638292884055,0.0,0.0,0.0,0.0,7.713804322340288e-08,0.0,0.0,1.5246036095718187,0.0,0.0,0.0,0.0,0.0,0.0,0.0,514.2357581747042,266.886550558963,0.0,1.4802426612587354,0.0,1.0,313.2258724467789,0.0073803589480038,0.0,382.02606180559866,1.5526229473425284,0.6156688148376099,0.0,0.0,0.0,89.80191209657505,0.0,0.0,0.472405557258836,22.548894900097594,252.63113363830607,0.0,3.223671238484157,0.0,1.0,0.0005143933590519419,0.0,0.0,368.0814344172965,0.0,0.8669070637324205,0.0,-0.0004254729690707798,0.05164540928712514,0.0,1.2858056699922402,0.0,1.2911247775907504,0.999065295696094,0.0,-0.00028032877886640127,0.6286752627940801,0.0,1.0,0.0,1.0,1.0062218604277504,1.2101454315057372,1.0225415698307558,1.0335780963949066,-0.7862095021449128,0.22692363072109445,0.0944173670041461,0.20328835934702955,-0.42688548618817446,-0.055335092864288546,4,13,0.0,1.0,-0.5,0.0,0.0,0.0,0.0,0.0,0.0,1.0,0.0,0.0,0.0,0.0,0.0,-1.0,1.0,1.0,0.0,1
VAR_002688,1.5986733955289891,0.00032325568110820314,0.5177248481906096,0.08459740269546695,0.0030143999029840682,4.031221572322788,2.183031442555216,-4.8104037937967076e-06,-5.04722886431789e-06,0.0,-0.09790331103711199,16,0.0,0.0,0.0,0.0,0.0,0.0,0.0,0.0,0.0,0.0,0.0,0.0,0.0,0.0,0.0,0.0,0.0,0.0,0.0,0.0,0.0,0.0,0.0,0.0,0.0,0.0,0.0,0.0,0.0,0.0,0.0,0.0,0.0,0.0,0.0,7,0.0,0.0,2,2,0.360566385803402,-0.004293777550306662,0.0,0.0,1.0,0.0006058581975348421,0.0,0.0,0.902561911918741,0.9038864733224915,1.0,0.8951720599400048,1.0000048533484067,-1.2827552286807781e-05,0.0,1.0,0.0,0.2913490780574803,0.0,-1.1307278420432207e-06,1.0000787372953925,1.8137837368843797,0.401671358056083,1.3415873261671332,0.12895903812287612,1.0038766855127523,1.3367590874913071,0.45455947533107094,0.2820495762954959,0.011749333684604353,0.0,1.0,0.0,0.0,2,-0.15712891378658964,0.0,0.0,0.0,0.0,0.0,0.0,0.0,0.0,0.0,0.0,0.0,0.0,0.0,0.0,0.0,0.0,0.0,0.0,0.0,0.0,0.0,0.0,0.0,0.0,0.0,0.0,0.0,0.0,0.0,0.0,0.0,0.0,0.0,0.0,0.0,0.0,0.0,0.0,0.0,0.0,0.0,0.0,0.0,0.0,0.0,0.0,0.0,0.0,0.0,0.0,0.0,0.0,0.0,0.0,0.0,0.0,0.0,-4.622582129744953e-05,0.0,0.0065215344665112305,-0.00029157260251868857,0.0,0.0,0.0,0.0,-0.0003051212245103543,1.0,-0.00024087051634065452,1.0238795473212343,0.0,1.0,0.0,0.0,1.0068206202043377,0.0,-0.006857480887895181,1.0005253342990454,-0.5072087525744806,-0.015043773842317528,0.17327049790207177,0.21862068731034062,-0.11977386010505105,-0.024620832569195353,7,4,-0.6739130434782609,0.0,-0.5,0.0,0.0,0.0,0.0,0.0,0.0,1.0,0.0,0.0,0.0,0.0,0.0,0.0,0.0,1.0,0.0,1
VAR_003149,0.14604477292480172,0.009337872106259696,75.02698103805633,40.28687401215307,0.0018621232804017936,0.061643438148492394,0.3117784502895024,0.09789240264598315,0.0075647596336484,0.0,-0.08870438632017999,16,0.0,0.0,0.0,0.0,0.0,0.0,0.0,0.0,0.0,0.8498702681042967,1.0,1.0,0.0,1.0,1.1447171326883876,2.109277206193195,9.381264140161651,7.257514563571346,0.3421292400674576,887.7207618863835,1.0,3.308173730881057,0.0,3.813771391455777,1.0,0.0,0.0,1.0,39.39651936347451,0.0,0.0,0.0,1.0,0.0,1.0,0,12.58975059663205,1.0,1,1,1.140197534890719,0.6633033442905377,4.646267399203726,1.0,1.0,1.421002800711558,0.0,1.0,0.0,0.8850674851446304,0.0,0.8609674714974035,-2.670921314517779e-05,-1.4111889557187386e-05,0.0,0.0,0.0,-2.5336807690208538e-08,1.0,0.9999878541748166,0.0033928307370515265,0.005252963785208507,2.311025781669748,0.2170916520873862,3.1250628423837563,0.857085295825733,0.0,0.9394563132432071,0.0,1.028892605052915,0.8840907214498911,0.0,0.0,0.0,1,-0.012626221657118755,0.07154259515737833,0.0,0.0,0.0007733891614473182,0.0,791.6407943659619,0.0,9.932725312796999,0.0,79.62861135760956,0.0,0.0,0.0,0.0,0.0,0.0,0.04027643466178432,0.0,0.0,0.16298495377917108,1.0,0.0,0.6464717997754645,0.0,0.3415098637043476,0.0,0.1581560537321648,1778.5179217060345,126.65261551620752,0.0,3.2441455086587174,0.0,0.0,4.7447246256307317e-07,0.0650713823066389,0.0,1.020431164609999e-15,1.5966885415373189,1.0,0.0,0.0,0.0,2.431576599651114e-07,0.0,0.0,164.4462013637438,0.37157689848346404,0.1751842302367413,0.0,0.0,0.0,1.0,5719.0085100480455,0.0759329283878971,0.0,5.099048026691891,1.0,0.1896453487142596,0.0,0.9778566221043768,1.07676061323957,0.0,0.24669645364645693,0.0,0.6642429093331232,0.6026015769946506,1.0,0.09104557851418182,1.017775773596967,0.0,1.0,0.0,0.0,0.04650991152736305,0.0,1.0217784111173094,0.00496003355185685,0.08463270421284025,0.1565431483051695,0.17327049790207177,0.2694090629518667,1.0064418522300633,0.6943798795889272,17,14,-0.17391304347826086,0.0,0.5,0.0,0.0,0.0,0.0,0.0,0.0,0.0,0.0,0.0,0.0,1.0,0.0,0.0,1.0,1.0,1.0,1
VAR_002620,-0.0783428963784724,-3.8059031320814635e-07,-3.004136269736329e-07,-5.4653554515842356e-05,-1.1041372304889563e-05,-4.831251662299113e-06,-0.017267181209998077,-4.8105745895704074e-06,-8.537446705068216e-06,0.0,-0.10946537831009982,8,0.0,0.0,0.0,0.0,0.0,0.0,0.0,0.0,0.0,0.0,0.0,0.0,0.0,0.0,0.0,0.0,0.0,0.0,0.0,0.0,0.0,0.0,0.0,0.0,0.0,0.0,0.0,0.0,0.0,0.0,0.0,0.0,0.0,0.0,0.0,7,0.0,0.0,1,1,-0.9755827700042086,0.034860251394960615,0.0,0.0,0.0,-3.884553607683874e-07,0.0,0.0,0.0,-2.2320821211521196e-07,0.0,-1.4948262435770877e-08,-2.6709219008793652e-05,-1.4124635230450503e-05,0.0,0.0,0.0,-2.5336807690208568e-08,0.0,-1.2312450534260474e-06,-4.3419141492691217e-07,-3.5038624508476836e-08,0.0,0.0,0.0,-3.837678156849658e-07,0.0,-1.2618654649194024e-06,0.0,-1.1505932956688551e-07,0.0,0.0,0.0,0.0,1,-0.169222268148316,0.0,0.0,0.0,0.0,0.0,0.0,0.0,0.0,0.0,0.0,0.0,0.0,0.0,0.0,0.0,0.0,0.0,0.0,0.0,0.0,0.0,0.0,0.0,0.0,0.0,0.0,0.0,0.0,0.0,0.0,0.0,0.0,0.0,0.0,0.0,0.0,0.0,0.0,0.0,0.0,0.0,0.0,0.0,0.0,0.0,0.0,0.0,0.0,0.0,0.0,0.0,0.0,0.0,0.0,0.0,0.0,0.0,-0.11072982886915257,0.0,-0.0006064556200556692,-0.0018293998462169062,0.0,0.0,0.0,0.0,-0.00030853159312632406,0.0,-0.00028032881180293964,-0.0019096288697232238,0.0,0.0,0.0,0.0,-0.000870651106593671,0.0,-0.006857481141634066,-0.0018867740910451342,-0.20189431655944196,-0.6967931642608719,-1.7463493174911544,0.5705529841737856,0.21856476863579413,0.6526439580610188,21,1,-0.5217391304347826,0.5,0.5,0.0,0.0,0.0,0.0,0.0,0.0,0.0,0.0,0.0,0.0,1.0,0.0,,0.0,0.0,0.0,1
VAR_002548,0.3655731519792193,9.656047422597825e-06,0.991434715776785,0.0020451274351986773,11.450753666368819,0.0051253755735428015,0.28617568386113634,0.00031966471707528163,4.918808744417046,0.0,18.974434054047787,19,0.0,0.0,0.0,0.0,0.0,0.0,0.0,0.0,0.0,0.0,0.0,0.0,0.0,0.0,0.0,0.0,0.0,0.0,0.0,0.0,0.0,0.0,0.0,0.0,0.0,0.0,0.0,0.0,0.0,0.0,0.0,0.0,0.0,0.0,0.0,7,0.0,0.0,4,4,-1.017317699748303,0.18393405123980583,0.0,0.0,0.0,-3.884553607683874e-07,0.0,0.0,0.0,-2.2320821211521196e-07,0.0,-1.4948262435770877e-08,-2.6709219008793652e-05,-1.4124635230450503e-05,0.0,0.0,0.0,-2.5336807690208568e-08,0.0,-1.2312450534260474e-06,-4.3419141492691217e-07,-3.5038624508476836e-08,0.0,0.0,0.0,-3.837678156849658e-07,0.0,-1.2618654649194024e-06,0.0,-1.1505932956688551e-07,0.0,0.0,0.0,0.0,4,0.1187859102451371,5.595034830509547,0.0,0.0,72.99897303833097,0.0,3.478276700095562e-06,0.0,5.125583902433143e-07,0.0,8.893117086260554e-07,0.0,0.0,0.0,0.0,0.0,0.0,22.29540740705892,0.0,0.0,1.5246036095718187,0.0,0.0,0.0,0.0,0.0005922711474007,0.0,1.0,1777.6403613917198,0.9682553894082009,0.0,0.0,0.0,0.0,0.6664298281868295,1.0,0.0,6.195798991589183e-17,0.0,0.0,0.0,0.1709164015811,0.0,1.0627651886678968e-11,0.0,1.0,154.89128184346953,1.1224944479727614,0.00010507224680327873,0.0,0.0,0.0,1.0,5470.240463573938,1.0,0.0,381.2999008994735,1.0,-0.011995643853749216,0.139069255427648,0.005463200192580969,1.0767606144160062,0.0,1.3926318741279433,0.0,0.0,-0.0003058309646014385,1.0,0.8874594655590718,0.837882222589825,0.0,0.0,0.0,0.0,0.9758048472012961,0.5199041553981809,0.966434755528743,-0.0018857224844353914,-0.6116608396522117,0.1430911971560165,0.14495087285513894,-0.6696421155241515,-0.164469954657138,-0.02569594888468108,15,17,-0.21739130434782605,1.0,-0.5,0.0,1.0,0.0,0.0,0.0,0.0,0.0,0.0,0.0,0.0,0.0,0.0,0.0,0.0,0.0,0.0,0
VAR_002565,-0.0783428963784724,-3.8059031320814635e-07,-3.004136269736329e-07,-5.4653554515842356e-05,-1.1041372304889563e-05,-4.831251662299113e-06,-0.017267181209998077,-4.8105745895704074e-06,-8.537446705068216e-06,0.0,-0.10946537831009982,8,0.0,0.0,0.0,0.0,0.0,0.0,0.0,0.0,0.0,0.0,0.0,0.0,0.0,0.0,0.0,0.0,0.0,0.0,0.0,0.0,0.0,0.0,0.0,0.0,0.0,0.0,0.0,0.0,0.0,0.0,0.0,0.0,0.0,0.0,0.0,7,0.0,0.0,1,1,-0.713588026033574,-0.4293571533296785,0.0,0.0,0.0,-3.884553607683874e-07,0.0,0.0,0.0,-2.2320821211521196e-07,0.0,-1.4948262435770877e-08,-2.6709219008793652e-05,-1.4124635230450503e-05,0.0,0.0,0.0,-2.5336807690208568e-08,0.0,-1.2312450534260474e-06,-4.3419141492691217e-07,-3.5038624508476836e-08,0.0,0.0,0.0,-3.837678156849658e-07,0.0,-1.2618654649194024e-06,0.0,-1.1505932956688551e-07,0.0,0.0,0.0,0.0,1,-0.169222268148316,0.0,0.0,0.0,0.0,0.0,0.0,0.0,0.0,0.0,0.0,0.0,0.0,0.0,0.0,0.0,0.0,0.0,0.0,0.0,0.0,0.0,0.0,0.0,0.0,0.0,0.0,0.0,0.0,0.0,0.0,0.0,0.0,0.0,0.0,0.0,0.0,0.0,0.0,0.0,0.0,0.0,0.0,0.0,0.0,0.0,0.0,0.0,0.0,0.0,0.0,0.0,0.0,0.0,0.0,0.0,0.0,0.0,-0.11072982886915257,0.0,-0.0006064556200556692,-0.0018293998462169062,0.0,0.0,0.0,0.0,-0.00030853159312632406,0.0,-0.00028032881180293964,-0.0019096288697232238,0.0,0.0,0.0,0.0,-0.000870651106593671,0.0,-0.006857481141634066,-0.0018867740910451342,0.08463270421284025,0.22692363072109445,0.17327049790207177,0.31868590400064284,0.7394966736910351,0.5232455938411177,11,14,-1.1739130434782608,-1.0,0.5,0.0,0.0,0.0,0.0,0.0,0.0,0.0,0.0,0.0,0.0,1.0,0.0,,0.0,0.0,0.0,1
VAR_002893,0.1461541473528294,1.360429682626158,0.00011816808215349224,-5.465308805649104e-05,44.86089800481981,0.0012428019134518044,0.31193959075028327,0.029258893090762357,0.0009474438264121111,0.0,5.323194528136583,16,0.0,0.0,0.0,0.0,0.0,0.0,0.0,0.0,0.0,0.0,0.0,0.0,0.0,0.0,0.0,0.0,0.0,0.0,0.0,0.0,0.0,0.0,0.0,0.0,0.0,0.0,0.0,0.0,0.0,0.0,0.0,0.0,0.0,0.0,0.0,7,0.0,0.0,3,3,-1.4854383325290648,-9.032169461577396,-38.10100245374178,0.0,1.0,1.4641505855219528,0.0,0.0,0.0,0.9991779017121468,1.0,1.023188557518827,-2.0596877541831696e-05,0.003266778851382041,0.0,0.0,2.934526532233309,0.13724067199976558,0.0,0.002978205613240296,1.0000787448099797,-3.503658393058794e-08,0.0,1.3415873261671332,0.0,0.9436677427225363,0.9071789415353918,6.18500747512786e-05,0.7842740913486268,1.0289161581653001,0.0,1.0,0.0,0.0,3,0.6999618943157767,0.0,0.0,0.0,0.0,0.0,0.0,0.0,0.0,0.0,0.0,0.0,0.0,0.0,0.0,0.0,0.0,0.0,0.0,0.0,0.0,0.0,0.0,0.0,0.0,0.0,0.0,0.0,0.0,0.0,0.0,0.0,0.0,0.0,0.0,0.0,0.0,0.0,0.0,0.0,0.0,0.0,0.0,0.0,0.0,0.0,0.0,0.0,0.0,0.0,0.0,0.0,0.0,0.0,0.0,0.0,0.0,1.0,0.05572863281828556,1.0,-6.299132500331951e-05,1.0767460951560448,0.0,0.9280923757264334,0.0,1.2911247775907504,0.0001508667587534547,1.0,0.03673606603995742,1.0195456383402242,0.0,0.0,0.0,1.0,-0.00037128578764362465,0.6216020910170846,1.0201141436969094,0.004929347802655136,0.08463270421284025,-1.3007279166460546,0.17327049790207177,-1.3384699467294916,-8.210475613715953,-1.3385861036286437,6,11,0.21739130434782605,0.5,1.5,0.0,0.0,0.0,0.0,0.0,0.0,0.0,0.0,0.0,0.0,0.0,0.0,0.0,0.0,1.0,0.0,1
VAR_002887,-0.0783428963784724,-3.8059031320814635e-07,-3.004136269736329e-07,-5.4653554515842356e-05,-1.1041372304889563e-05,-4.831251662299113e-06,-0.017267181209998077,-4.8105745895704074e-06,-8.537446705068216e-06,0.0,-0.10946537831009982,8,0.0,0.0,0.0,0.0,0.0,0.0,0.0,0.0,0.0,0.0,0.0,0.0,0.0,0.0,0.0,0.0,0.0,0.0,0.0,0.0,0.0,0.0,0.0,0.0,0.0,0.0,0.0,0.0,0.0,0.0,0.0,0.0,0.0,0.0,0.0,7,0.0,0.0,4,4,0.535654256663632,0.4854648521156144,5.519873077803498,0.0,0.0,-3.884553607683874e-07,0.0,0.0,0.0,-2.2320821211521196e-07,0.0,-1.4948262435770877e-08,-2.6709219008793652e-05,-1.4124635230450503e-05,0.0,0.0,0.0,-2.5336807690208568e-08,0.0,-1.2312450534260474e-06,-4.3419141492691217e-07,-3.5038624508476836e-08,0.0,0.0,0.0,-3.837678156849658e-07,0.0,-1.2618654649194024e-06,0.0,-1.1505932956688551e-07,0.0,0.0,0.0,0.0,4,-0.169222268148316,0.0,0.0,0.0,0.0,0.0,0.0,0.0,0.0,0.0,0.0,0.0,0.0,0.0,0.0,0.0,0.0,0.0,0.0,0.0,0.0,0.0,0.0,0.0,0.0,0.0,0.0,0.0,0.0,0.0,0.0,0.0,0.0,0.0,0.0,0.0,0.0,0.0,0.0,0.0,0.0,0.0,0.0,0.0,0.0,0.0,0.0,0.0,0.0,0.0,0.0,0.0,0.0,0.0,0.0,0.0,0.0,0.0,-0.11072982886915257,0.0,-0.0006064556200556692,-0.0018293998462169062,0.0,0.0,0.0,0.0,-0.00030853159312632406,0.0,-0.00028032881180293964,-0.0019096288697232238,0.0,0.0,0.0,0.0,-0.000870651106593671,0.0,-0.006857481141634066,-0.0018867740910451342,0.08463270421284025,0.22692363072109445,0.17327049790207177,-0.48385180551113116,0.7939957215849645,-0.11631358384586106,19,1,0.5434782608695652,0.5,0.5,0.0,1.0,0.0,0.0,0.0,0.0,0.0,0.0,0.0,0.0,0.0,0.0,,0.0,0.0,0.0,1
VAR_002854,0.594929469595167,6.255649373664726,0.37026890800804857,1.549610201145692e-05,30.32664546500089,0.24901647234106639,2.9926806387098015,0.5346159499563256,14.763580621851709,3046.0608575746196,0.21432401458828237,13,0.0,0.0,0.0,0.0,0.0,0.0,0.0,1.0,1.0,2.7180148817579135,0.0,1.0,1.0,1.0,0.0,2.109277204989593,6.249107095837963,15.34011862482611,81.1415801228422,1586.9248449819997,1.0,3.894566719837889e-05,1.0132514580063678,0.0,1.0,1.0,1.0,1.0,0.6769434615269438,1.0,1.0,0.0,1.0,0.0,1.0,6,125.89749537011869,1.0,2,2,0.6426431350959936,0.259610782547717,1.8512075973837294,0.8952560277562768,1.0,0.11848732522718815,0.0,1.0,1.0973820282003526,1.8507072892037333,1.0,1.0124429924150067,2.192074382985781,0.00033421617338602014,1.0,0.0,2.934526532233309,1.0310449965470951,1.0,1.00002035706869,3.357365289235742,4.910367013709268,2.887839823746487,1.3415873261671332,3.1250628423837563,1.0038767648755533,1.3367590874913071,0.6603355440299852,2.524777447638891,2.566309424064112,0.655020753936949,0.0,0.0,0.0,2,1.147482620634666,3.265613534682098,0.0,0.0,75.13832660769252,0.0,791.6415631341913,0.0,5.074313310673022e-07,0.0,102.73698074237817,0.0,0.0,0.0,0.0,0.0,0.0,250.2727071949822,0.0,0.0,1.5246036095718187,1.0,0.0,0.0,0.0,0.3822786683453325,0.0,1.0,1632.970168838576,5.9810905891956,0.0,0.0,0.0,0.7293111627269294,13336.653310690059,0.3298841874465487,0.0,382.024173967076,0.11568457726273526,0.0,0.0,0.0,0.0,90.72709778599251,0.0,0.2703625542493507,73.15474614389555,0.0036140572689856904,1.559882233308157,0.0,3.223671238484157,0.0,0.0,0.8861899636748068,0.1861647462218016,0.0,0.03316707799595575,0.0,0.5021812111007394,1.0,1.1717744920614106,0.15449311126793405,0.0,0.0,0.0,1.2911247775907504,-0.00030697600974879377,1.0,0.360583926156266,1.0238795783869241,0.0,1.0,0.0,0.0,-0.0008706330152221197,1.2101454315057372,1.0225410189064088,1.0314322947994765,0.04030487585573462,0.22692363072109445,-1.9639427948270147,0.16727588358094214,-0.38865301345183556,0.000594407066375401,16,16,0.21739130434782605,1.0,-0.5,0.0,0.0,0.0,0.0,0.0,0.0,1.0,0.0,0.0,0.0,0.0,0.0,0.0,1.0,0.0,0.0,1
VAR_003152,-0.0783428963784724,-3.8059031320814635e-07,-3.004136269736329e-07,-5.4653554515842356e-05,-1.1041372304889563e-05,-4.831251662299113e-06,-0.017267181209998077,-4.8105745895704074e-06,-8.537446705068216e-06,0.0,-0.10946537831009982,8,0.0,0.0,0.0,0.0,0.0,0.0,0.0,0.0,0.0,0.0,0.0,0.0,0.0,0.0,0.0,0.0,0.0,0.0,0.0,0.0,0.0,0.0,0.0,0.0,0.0,0.0,0.0,0.0,0.0,0.0,0.0,0.0,0.0,0.0,0.0,7,0.0,0.0,1,1,1.140197534890719,0.8114367479191478,0.0,0.0,0.0,-3.884553607683874e-07,0.0,0.0,0.0,-2.2320821211521196e-07,0.0,-1.4948262435770877e-08,-2.6709219008793652e-05,-1.4124635230450503e-05,0.0,0.0,0.0,-2.5336807690208568e-08,0.0,-1.2312450534260474e-06,-4.3419141492691217e-07,-3.5038624508476836e-08,0.0,0.0,0.0,-3.837678156849658e-07,0.0,-1.2618654649194024e-06,0.0,-1.1505932956688551e-07,0.0,0.0,0.0,0.0,1,-0.169222268148316,0.0,0.0,0.0,0.0,0.0,0.0,0.0,0.0,0.0,0.0,0.0,0.0,0.0,0.0,0.0,0.0,0.0,0.0,0.0,0.0,0.0,0.0,0.0,0.0,0.0,0.0,0.0,0.0,0.0,0.0,0.0,0.0,0.0,0.0,0.0,0.0,0.0,0.0,0.0,0.0,0.0,0.0,0.0,0.0,0.0,0.0,0.0,0.0,0.0,0.0,0.0,0.0,0.0,0.0,0.0,0.0,0.0,-0.11072982886915257,0.0,-0.0006064556200556692,-0.0018293998462169062,0.0,0.0,0.0,0.0,-0.00030853159312632406,0.0,-0.00028032881180293964,-0.0019096288697232238,0.0,0.0,0.0,0.0,-0.000870651106593671,0.0,-0.006857481141634066,-0.0018867740910451342,-1.3757520032934563,0.21671472128699373,0.17327049790207177,0.23739767174112794,0.9408549378168837,0.6284022148345914,9,13,-1.7391304347826084,-1.0,-0.5,0.0,0.0,0.0,0.0,0.0,0.0,0.0,0.0,0.0,1.0,0.0,0.0,,0.0,0.0,0.0,1
VAR_002834,-0.0783428963784724,-3.8059031320814635e-07,-3.004136269736329e-07,-5.4653554515842356e-05,-1.1041372304889563e-05,-4.831251662299113e-06,-0.017267181209998077,-4.8105745895704074e-06,-8.537446705068216e-06,0.0,-0.10946537831009982,8,0.0,0.0,0.0,0.0,0.0,0.0,0.0,1.0,1.0,2.718015873005631,0.0,0.0,0.0,0.0,1.1447171326883876,1.3648973986072813e-08,6.385052708747803,11.74481178317185,38.417751164149365,11823.542730982352,0.0,3.300037716845427,0.0,0.0,0.0,0.0,0.0,0.0,0.0,0.0,0.0,0.0,0.0,0.0,0.0,7,0.0,0.0,4,4,0.2284208200456443,-0.22696077717787122,5.771401047805394,0.0,0.0,-3.884553607683874e-07,0.0,0.0,0.0,-2.2320821211521196e-07,0.0,-1.4948262435770877e-08,-2.6709219008793652e-05,-1.4124635230450503e-05,0.0,0.0,0.0,-2.5336807690208568e-08,0.0,-1.2312450534260474e-06,-4.3419141492691217e-07,-3.5038624508476836e-08,0.0,0.0,0.0,-3.837678156849658e-07,0.0,-1.2618654649194024e-06,0.0,-1.1505932956688551e-07,0.0,0.0,1.0,0.5066910587718795,4,2.797382065923165,0.0,0.0,0.0,0.0,0.0,0.0,0.0,0.0,0.0,0.0,0.0,0.0,0.0,0.0,0.0,0.0,0.0,0.0,0.0,0.0,0.0,0.0,0.0,0.0,0.0,0.0,0.0,0.0,0.0,0.0,0.0,0.0,0.0,0.0,0.0,0.0,0.0,0.0,0.0,0.0,0.0,0.0,0.0,0.0,0.0,0.0,0.0,0.0,0.0,0.0,0.0,0.0,0.0,0.0,0.0,0.0,0.0,-0.11072982886915257,0.0,-0.0006064556200556692,-0.0018293998462169062,0.0,0.0,0.0,0.0,-0.00030853159312632406,0.0,-0.00028032881180293964,-0.0019096288697232238,0.0,0.0,0.0,0.0,-0.000870651106593671,0.0,-0.006857481141634066,-0.0018867740910451342,0.08463270421284025,0.22692363072109445,0.17327049790207177,0.2958696362016874,0.3736447877618424,0.10259085823182189,19,14,-0.1956521739130435,0.0,0.5,1.0,0.0,0.0,0.0,0.0,0.0,0.0,0.0,0.0,0.0,0.0,0.0,,0.0,0.0,0.0,1
VAR_002722,10.10002175196112,1.2037815175764859,204.00467403018766,4.538600231304057,-1.1015755352804016e-05,49.20369253801412,11.944478042022952,5.981338873803473,98.41839313343515,1028.5034590460034,1.3811322896444558,19,0.0,0.0,0.0,0.0,0.0,0.0,0.0,1.0,1.0,27.180156631715064,0.0,1.0,0.5790842322327064,1.0,1.1447171326883876,9.622256781652463e-08,3.574082638765473,0.0,61.568738271524495,1558.8639894996697,1.0,3.3084525381335133,1.0132514580063678,3.813771391455777,1.0,1.0,0.1856297529992966,0.0,378.82135140632676,1.0,1.0,0.0,1.0,0.0,0.0,6,125.8975059663205,1.0,2,2,-0.7905448195547111,-0.8700206925184804,2.585849824776233,0.0,1.0,0.6155049381338706,14.36216957344868,1.0,1.0973820282003526,8.75554507551368,1.0,1.353543490497989,5.160696975473459,1.4827257985270939,1.0,1.0,2.6802076009492515,10.333432623769118,1.0,2.4264512877139643,2.2905363477065004,3.5643496079370767,0.9554442533196204,1.3415873261671332,3.1250628423837563,10.038771102665875,1.3367590874913071,3.882316054672821,2.636504304054173,1.5782038982741655,0.0,1.0,1.0,7.518462271868877,2,4.008791033868548,5.595034830509547,0.7126013572466023,0.0,751.6136906413095,0.0,790.5356456814512,0.0,8.034461749396394,0.0,0.0364986821758072,0.0,1.0,0.0,0.3704628165571035,1.0,0.0,2505.947073566713,0.0,0.0,1.5246036095718187,1.0,0.0,1.0,0.0,0.3393115156566273,0.0,1.0,1778.34994282058,0.10795369196712591,0.0,3.2441455086587174,0.0,1.0,3.639063059472624e-12,1.0,0.0,9.389068108071507e-15,1.5966885415373189,0.0,0.0,1.0,0.0,9.591956200003779,0.0,0.0,9.074569365317327,22.54937798295472,7.3628145393531655e-09,0.0,3.223671238484157,0.0,1.0,1.3414301089755793,1.0,0.0,341.56032379450494,1.0,7.750531336878264,1.0,0.6793252469212795,0.014181895076040875,0.0,2.770729017407695,0.0,0.6524482325256554,-0.00030842058294933085,0.0,1.116692122827112,10.255871464552913,0.0,1.0,0.0,1.0,0.44041016282280265,1.2101454315057372,0.006698332924017556,1.0064342891207265,0.07939105529073355,-1.852929801836602,-1.0886309494490785,-0.3206921805995303,-1.145497721481538,-0.04365444446744968,0,21,-0.5434782608695652,0.5,0.5,0.0,0.0,0.0,0.0,0.0,0.0,1.0,0.0,0.0,0.0,0.0,0.0,0.0,1.0,0.0,0.0,1
VAR_002805,4.0365264899853095,1.4267566653822188,68.40816214835182,-5.465355451563962e-05,-1.0988105135146547e-05,9.985302299030428,6.234639599667335,3.9859531120631027,-8.533370488701776e-06,0.29926420689445266,0.23653313677503138,16,0.0,0.0,0.0,0.0,0.0,0.0,0.0,0.0,1.0,1.3537656645430138,1.0,1.0,0.0,1.0,0.0,0.006124242017521511,0.4125656485684745,16.422231567765632,0.0062355785313121335,792.3496253189412,1.0,0.7678028216310886,1.0132514580063678,0.5756408978212293,1.0,1.0,0.0,1.0,32.19984524167512,1.0,1.0,0.0,0.0,2.896091433730838,1.0,3,12.553588130314418,0.0,1,1,0.03138089571990366,-1.0522332575440634,-10.278772709121473,0.6311005120896775,1.0,0.6867678226274468,0.0,1.0,0.0,1.000029397927545,1.0,1.8825448766022097,0.9947169838409018,6.76114094878529,1.0,0.0,0.8025065353887609,-2.3869984572736838e-08,1.0,4.549471032879086e-05,1.000165609036988,0.0018392185872792728,1.330218154250656,0.0,3.1250628423837563,3.5073457392558813,0.5340471490036267,-1.2526431094816459e-06,0.0,1.9465037394123639,0.0,0.0,1.0,2.999972279182712,1,2.3817207330305195,5.2026577198645585,0.6383479965732036,0.0,677.5269269476483,0.0,550.6420556753654,0.0,9.932723849346807,0.0,106.12208914846794,0.0,0.0,0.0,1.0,1.0,0.0,6.694047271700842,0.0,0.0,1.5246036095718187,0.0,0.0,1.0,0.0,0.0,0.0,0.711138836536008,2.4242752248229866e-17,0.3340201278011665,0.0,3.2441455086587174,0.0,1.0,2.9700718319495347e-06,1.0,0.0,2.191696172586694,1.5966885415373189,0.0,0.0,1.0,0.0,90.72709778598998,0.0,1.0,70.88956678543393,0.46700591239579486,0.02871475423402236,0.0,3.223671238484157,0.0,0.0,5718.99731395224,0.7925417401314296,0.0,381.2038616367272,1.0,3.070558371512602,0.0,1.1716884878207992,1.0767541207728941,0.0,2.770729017407695,0.0,1.248747840015798,1.0524355199661792,0.0,0.9767875371923864,0.9999543122930105,0.0,1.0,0.0,1.0,1.006721933568338,0.7291271693356303,0.8831747910630203,1.0656042127398004,-3.9299823529105926,-1.0068835374835716,-0.9339640803888188,0.18742904428398113,0.7062776142850519,0.2577319017019245,23,4,-0.47826086956521735,-1.0,-0.5,0.0,0.0,0.0,0.0,0.0,0.0,0.0,0.0,0.0,0.0,0.0,1.0,0.0,1.0,1.0,0.0,1
VAR_002673,0.07127168331746181,0.7341989549903101,0.5497544417244826,1.4107693321801694e-05,1.5153593921258035,-1.933787010585312e-06,0.0009490140656742972,-3.90364334629713e-06,0.06629254504824039,0.0,0.3200982917703658,13,0.0,0.0,0.0,0.0,0.0,0.0,0.0,0.0,0.0,0.0,0.0,0.0,0.0,0.0,0.0,0.0,0.0,0.0,0.0,0.0,0.0,0.0,0.0,0.0,0.0,0.0,0.0,0.0,0.0,0.0,0.0,0.0,0.0,0.0,0.0,7,0.0,0.0,1,1,-1.131086442643503,-0.2765170248222873,0.0,1.0,0.0,1.4641608181612689,0.0,1.0,0.0,10.000394169480881,1.0,0.015207274141222006,9.999562770817638,0.4826117592905551,1.0,1.0,1.2247670133124782,0.19915906089602947,0.0,0.5400530634972415,0.16149178718412965,3.1912806471699496e-07,0.6739048382244522,0.5556357651779235,0.0,0.0004140064988281149,0.0,1.0134559253409738,0.0,1.0288296819438008,1.372499837548093,1.0,0.0,0.0,1,0.05601876968699934,0.0,0.0,0.0,0.0,0.0,0.0,0.0,0.0,0.0,0.0,0.0,0.0,0.0,0.0,0.0,0.0,0.0,0.0,0.0,0.0,0.0,0.0,0.0,0.0,0.0,0.0,0.0,0.0,0.0,0.0,0.0,0.0,0.0,0.0,0.0,0.0,0.0,0.0,0.0,0.0,0.0,0.0,0.0,0.0,0.0,0.0,0.0,0.0,0.0,0.0,0.0,0.0,0.0,0.0,0.0,0.0,1.0,0.20469434435642878,0.0,1.171774476924495,1.0764507259882548,0.0,0.0,0.0,1.2911247775907504,-0.0003085312144541384,1.0,1.120357137548259,1.022437241826663,0.0,1.0,0.0,0.0,1.0068206197474785,0.0,0.9499532342737363,0.6443021549701392,-0.5175755239887122,-3.306062803516055,0.17327049790207177,-0.7278967712080294,1.1427267023082022,0.5946742121682674,2,7,-0.6304347826086956,-1.0,-0.5,0.0,0.0,0.0,0.0,0.0,0.0,0.0,0.0,0.0,0.0,0.0,1.0,0.0,0.0,0.0,0.0,1
VAR_002660,-0.0783428963784724,-3.8059031320814635e-07,-3.004136269736329e-07,-5.4653554515842356e-05,-1.1041372304889563e-05,-4.831251662299113e-06,-0.017267181209998077,-4.8105745895704074e-06,-8.537446705068216e-06,0.0,-0.10946537831009982,8,0.0,0.0,0.0,0.0,0.0,0.0,0.0,0.0,0.0,0.0,0.0,0.0,0.0,0.0,0.0,0.0,0.0,0.0,0.0,0.0,0.0,0.0,0.0,0.0,0.0,0.0,0.0,0.0,0.0,0.0,0.0,0.0,0.0,0.0,0.0,7,0.0,0.0,3,3,-1.194299191483411,-6.970690757686139,0.0,0.0,0.0,-3.884553607683874e-07,0.0,0.0,0.0,-2.2320821211521196e-07,0.0,-1.4948262435770877e-08,-2.6709219008793652e-05,-1.4124635230450503e-05,0.0,0.0,0.0,-2.5336807690208568e-08,0.0,-1.2312450534260474e-06,-4.3419141492691217e-07,-3.5038624508476836e-08,0.0,0.0,0.0,-3.837678156849658e-07,0.0,-1.2618654649194024e-06,0.0,-1.1505932956688551e-07,0.0,0.0,0.0,0.0,3,-0.169222268148316,0.0,0.0,0.0,0.0,0.0,0.0,0.0,0.0,0.0,0.0,0.0,0.0,0.0,0.0,0.0,0.0,0.0,0.0,0.0,0.0,0.0,0.0,0.0,0.0,0.0,0.0,0.0,0.0,0.0,0.0,0.0,0.0,0.0,0.0,0.0,0.0,0.0,0.0,0.0,0.0,0.0,0.0,0.0,0.0,0.0,0.0,0.0,0.0,0.0,0.0,0.0,0.0,0.0,0.0,0.0,0.0,0.0,-0.11072982886915257,0.0,-0.0006064556200556692,-0.0018293998462169062,0.0,0.0,0.0,0.0,-0.00030853159312632406,0.0,-0.00028032881180293964,-0.0019096288697232238,0.0,0.0,0.0,0.0,-0.000870651106593671,0.0,-0.006857481141634066,-0.0018867740910451342,0.08463270421284025,-4.9645010104450265,-36.42363883459151,-1.090305362738965,-0.08351805556498466,-1.3885709525195742,11,22,0.08695652173913049,1.0,1.5,0.0,0.0,0.0,0.0,0.0,0.0,0.0,0.0,0.0,0.0,0.0,0.0,,0.0,0.0,0.0,1
VAR_002738,0.22138528880160832,1.394688919405835,0.1333817510863772,0.001140263545467268,0.07025355262791277,0.0008049612336525464,0.47446403077234967,3.6093974336627013,8.318703827031212e-05,52101.84417507468,2.9466442686081695,28,0.0,0.0,0.0,0.0,0.0,0.0,0.0,0.0,0.0,0.0,0.0,0.0,0.0,0.0,0.0,0.0,0.0,0.0,0.0,0.0,0.0,0.0,0.0,3.813771391455777,0.0,1.0,0.0,0.0,3.4617354604782773,1.0,1.0,0.8166104601316689,0.0,2.896091433730838,1.0,3,4.447700569589692,0.0,2,2,-0.8323271734944365,-0.13068030874666078,3.3330130587088593,1.0,0.6920908009669475,-3.884432915102929e-07,14.36216957344868,0.0,0.0,2.516421632883954e-05,1.0,0.889604987902669,-2.6511264980689657e-05,0.5191915778137427,1.0,0.0,0.0,0.07518313520040411,1.0,0.02940960090018795,-4.341914149268892e-07,7.5549375305207e-06,3.1982118410375797,1.3415873261671332,0.0,0.43354953850046923,0.15035263070364666,0.005992374480496783,0.0,1.028916183953085,1.013690914524549,0.0,0.0,0.0,2,-0.14780368009563918,0.0,0.0,0.0,0.0,0.0,0.0,0.0,0.0,0.0,0.0,0.0,0.0,0.0,0.0,0.0,0.0,0.0,0.0,0.0,0.0,0.0,0.0,0.0,0.0,0.0,0.0,0.0,0.0,0.0,0.0,0.0,0.0,0.0,0.0,0.0,0.0,0.0,0.0,0.0,0.0,0.0,0.0,0.0,0.0,0.0,0.0,0.0,0.0,0.0,0.0,0.0,0.0,0.0,0.0,0.0,0.0,1.0,0.16609466532480718,1.0,1.171774498579252,-0.0018293998373299393,0.0,0.0,0.0,1.102490510041272,-0.00030817634030283323,1.0,-0.0002520547822415407,1.0238795784926347,0.0,1.0,0.0,0.0,1.0068117937963539,0.42043692302341323,0.09326094703105954,-0.0017768034139061088,-0.08184111919015934,-1.9012881320323058,-0.4619855393952618,0.29728706695705875,-0.6435971539484742,-0.12368755538129252,0,21,-0.5434782608695652,0.5,0.5,0.0,0.0,0.0,0.0,0.0,0.0,1.0,0.0,0.0,0.0,0.0,0.0,-1.0,1.0,1.0,0.0,1
VAR_002576,2.5818261726093295,9.244097375218482e-06,0.8166826351967225,-5.465355363019095e-05,0.019730589999100732,0.014415840011561865,0.9915193651487034,5.907489054270412,14.677488620229639,0.0,-0.0030352476293604067,18,0.0,0.0,0.0,0.0,0.0,0.0,0.0,0.0,1.0,2.7127532216258756,0.0,1.0,1.0,0.0,1.1323823846013477,2.10927720585288,9.380758544396452,0.0,56.44373717760703,2.993575744328832e-06,1.0,1.7079599865264308,1.0132514580063678,3.813771391455777,1.0,1.0,0.6405163008313942,0.0,0.000153650425471996,1.0,0.0,0.0,1.0,2.896091433730838,1.0,0,12.58975059662485,1.0,1,1,-0.8756732570376387,-0.36544674042823033,0.0,0.0102192548458787,1.0,0.0019326737224195606,0.11364961251145023,1.0,1.0973820282003526,5.859231314583151,1.0,1.023147765231002,5.945838521842037,0.054852122766415906,0.0,0.0,0.3830102253448359,4.290234052458649,1.0,0.013254606863458121,-4.0777815801048336e-07,0.10045541629973655,0.7627091040338498,0.0,3.1250628423837563,6.417062492152784,1.3367590874913071,1.0134513969846268,1.760118786481677,0.3062215701396595,0.0,1.0,1.0,0.5000101778860145,1,0.1779025151130831,0.0,0.1335912989878937,0.0,0.1047298424618069,0.0,575.2802282943309,0.0,9.932716477344853,0.0,32.20454695924855,0.0,0.0,0.0,0.0,0.0,0.0,0.34132734291507777,0.0,0.0,0.44553582440548756,1.0,0.0,0.0,0.0,0.0,0.0,0.2556927246945842,0.01659997144405205,325.79848267510073,0.0,2.1367424539887017,0.0,0.0,8072.316595989021,0.0,0.0,265.45484203538075,1.5966885415373189,1.0,0.0,0.1226634250678155,0.0,1.112456343049187e-05,0.0,0.0,139.47654633541384,22.54937663406687,0.0032632598947988363,0.0,0.0,0.0,1.0,1.010541031337835e-10,0.0362539309692679,0.0,127.71288691475597,0.0,0.4426731059663864,1.0,0.0005855486290377298,0.11607301375675001,0.0,0.0,0.0,0.0,1.0519943985828892,0.0,1.1185130420656861,1.0238795784926378,0.0,1.0,0.0,1.0,0.003795360961016124,0.0004961757750555142,1.0218885099554877,-0.0014048886070077069,-2.6515399758861693,0.19827860102766295,0.17327049790207177,0.3891357119540495,1.1427267023082022,0.5500201359592252,9,21,-1.1304347826086956,0.0,0.0,0.0,0.0,0.0,0.0,0.0,0.0,0.0,0.0,0.0,0.0,1.0,0.0,0.0,1.0,0.0,1.0,1
VAR_002687,0.146157132484498,5.611860426048592,40.84228780613346,2.7097451039226867,0.11218790497589143,0.0013567108801922922,0.3287277982568563,4.544116342883263e-05,-8.536560762665104e-06,0.0,3.096803791770255,16,0.0,0.0,0.0,0.0,0.0,0.0,0.0,0.0,0.0,0.0,0.0,0.0,0.0,0.0,0.0,0.0,0.0,0.0,0.0,0.0,0.0,0.0,0.0,0.0,0.0,0.0,0.0,0.0,0.0,0.0,0.0,0.0,0.0,0.0,0.0,7,0.0,0.0,2,2,0.2016674791874211,0.8190638496819977,0.0,1.0,0.981835511164987,1.4641608455391848,0.0,1.0,0.5973256289149198,0.7539836332689467,1.0,-1.4930754660418888e-08,0.9983898374653447,1.0315641824360628,1.0,1.0,0.0,0.02509220289057467,0.795436140725043,-5.774244699864355e-07,0.5702200094938361,0.05478236301032841,1.008193698338437,1.3415873261671332,1.641073326437617,0.9763250768624291,1.3367590874913071,1.0105220936329937,0.0,-1.1488360754154438e-07,1.372499837548093,0.0,0.0,0.0,2,-0.14464137570556776,0.0,0.0,0.0,0.0,0.0,0.0,0.0,0.0,0.0,0.0,0.0,0.0,0.0,0.0,0.0,0.0,0.0,0.0,0.0,0.0,0.0,0.0,0.0,0.0,0.0,0.0,0.0,0.0,0.0,0.0,0.0,0.0,0.0,0.0,0.0,0.0,0.0,0.0,0.0,0.0,0.0,0.0,0.0,0.0,0.0,0.0,0.0,0.0,0.0,0.0,0.0,0.0,0.0,0.0,0.0,0.0,0.0,1.417894595713591,1.0,1.1517672636279401,1.0765946202545535,0.0,2.770729017407695,0.0,0.0,-0.0003084636954150185,0.0,-0.00027989319475602,0.004329502430035584,0.0,0.0,0.0,1.0,-0.0007855576134315203,1.2101454315057372,-0.006857478521855552,1.0656043410278255,0.08463270421284025,0.014018704810806956,-0.19195200082665123,0.21116577001917616,-0.4118784621778844,-0.10693675744669538,0,21,-0.5434782608695652,0.5,0.5,0.0,0.0,0.0,0.0,0.0,0.0,1.0,0.0,0.0,0.0,0.0,0.0,0.0,0.0,1.0,0.0,1
VAR_002721,3.3640177264802933,-3.805903132080825e-07,114.13890841949913,0.0001919722435474566,-1.1040173888225627e-05,1082.6396504922773,1.8487065719384297,14.344715874882455,0.00018405259643628408,1.4147650432663454e-06,2.7301676771852006,14,0.0,0.0,0.0,0.0,0.0,0.0,0.0,0.3571012746912071,1.0,2.709016365674362,1.0,0.0,0.0,0.0,1.1447171326883876,2.1021672034458954,0.9939681621457372,8.697659037654462,77.72515911524575,9.32462525768946e-05,0.0,0.016714187069992087,1.0132514580063678,3.813771391455777,1.0,1.0,0.7417709061836167,0.0,41.61578524850631,0.0,1.0,0.0,0.0,2.896091433730838,1.0,3,12.579880341674171,1.0,3,3,-0.7762508334631606,0.3396958611616631,0.0,0.0,1.0,0.00012249762723683582,14.36216957344868,1.0,0.08378846775269322,0.0955398082510748,1.0,0.005122562246532365,0.09042722303190176,6.312774474367785,1.0,1.0,0.0,0.031598025656995585,1.0,6.068417788862715,2.469893471769652,2.7929844578434624,2.7567746396414816,0.9276834450533736,3.1250628423837563,0.0016821956069555943,1.3367590874913071,1.0133981012601914,3.4265635009197988,8.820192521453626e-08,1.372499837548093,0.0,0.0,2.3799334114879964,3,3.2515436582985817,5.595034830509547,0.0,0.0,0.0007607605522394612,0.0,659.7600587999727,0.0,0.0017863839107437494,0.0,1061.8628715782388,0.0,1.0,0.0,0.7215430736873893,1.0,0.0,244.1227491634054,0.0,0.0,1.5246036095718187,1.0,0.0,0.0,0.0,0.0,0.0,1.0,1778.5183040090928,3258.1326683981406,0.0,0.0,0.0,1.0,13195.438789916065,0.0,0.0,376.6193969414773,1.5966885415373189,0.0,0.0,0.0,0.0,90.7270977825614,0.0,1.0,21.076607156496532,225.49377982955983,2847778.1952842004,0.0,2.1233065437262035,0.0,1.0,5664.646709883832,0.0655709529676279,0.0,379.05181335836517,1.0,2.660425272957438,0.0,0.41899170814430253,-0.0018293998462046155,0.0,0.9292733628592693,0.0,0.0,0.0016227254019470193,1.0,0.0008227664771374632,10.255982444753919,0.0,1.0,0.0,1.0,0.9988493416693389,0.0,1.0165933709327635,-0.0018867740910449718,-0.8447040501073687,-1.3468660465944449,0.17327049790207177,0.6416212421552018,-0.007975914653406456,0.7512526649259625,0,7,-0.47826086956521735,0.5,0.5,0.0,0.0,0.0,0.0,1.0,0.0,0.0,0.0,0.0,0.0,0.0,0.0,0.0,1.0,0.0,0.0,1
VAR_002906,3.7210042386848,0.9747224378470755,8.415730688157931e-05,3.5397814890280745,0.008582983165238041,6.8566471673922775,0.4909707863204035,0.2058098348052485,1.0249574279668566e-05,0.0,3.9417076885086995,16,0.0,0.0,0.0,0.0,0.0,0.0,0.0,0.0,0.0,0.0,0.0,0.0,0.0,0.0,0.0,0.0,0.0,0.0,0.0,0.0,0.0,0.0,0.0,0.0,0.0,0.0,0.0,0.0,0.0,0.0,0.0,0.0,0.0,0.0,0.0,7,0.0,0.0,3,3,-0.4352643462713216,-1.4196095746306863,-7.535275788930297,0.0,0.0,-3.884553607683874e-07,0.0,0.0,0.0,-2.2320821211521196e-07,0.0,-1.4948262435770877e-08,-2.6709219008793652e-05,-1.4124635230450503e-05,0.0,0.0,0.0,-2.5336807690208568e-08,0.0,-1.2312450534260474e-06,-4.3419141492691217e-07,-3.5038624508476836e-08,0.0,0.0,0.0,-3.837678156849658e-07,0.0,-1.2618654649194024e-06,0.0,-1.1505932956688551e-07,0.0,0.0,0.0,0.0,3,-0.15201440290724313,0.0,0.0,0.0,0.0,0.0,0.0,0.0,0.0,0.0,0.0,0.0,0.0,0.0,0.0,0.0,0.0,0.0,0.0,0.0,0.0,0.0,0.0,0.0,0.0,0.0,0.0,0.0,0.0,0.0,0.0,0.0,0.0,0.0,0.0,0.0,0.0,0.0,0.0,0.0,0.0,0.0,0.0,0.0,0.0,0.0,0.0,0.0,0.0,0.0,0.0,0.0,0.0,0.0,0.0,0.0,0.0,1.0,-0.055395542826763726,0.0,0.11604138339333799,0.7223576124289953,0.0,0.09188017835418925,0.0,1.2911247775907504,-0.00015911712450603557,0.0,-0.00024978851323773137,-0.0006173260219885315,0.0,1.0,0.0,0.0,-0.0008706510945953376,1.2101454315057372,0.0925063681043881,-0.00035111937079731223,-1.2136791908807216,-0.21755250523676062,-0.9353600532970934,0.7363263135454579,-0.004952129266006036,0.7534580570099187,15,10,-0.0869565217391304,1.0,-0.5,0.0,0.0,0.0,1.0,0.0,0.0,0.0,0.0,0.0,0.0,0.0,0.0,0.0,0.0,1.0,0.0,1
VAR_002743,-0.0783428963784724,-3.8059031320814635e-07,-3.004136269736329e-07,-5.4653554515842356e-05,-1.1041372304889563e-05,-4.831251662299113e-06,-0.017267181209998077,-4.8105745895704074e-06,-8.537446705068216e-06,0.0,-0.10946537831009982,8,0.0,0.0,0.0,0.0,0.0,0.0,0.0,0.0,0.0,0.0,0.0,0.0,0.0,0.0,0.0,0.0,0.0,0.0,0.0,0.0,0.0,0.0,0.0,0.0,0.0,0.0,0.0,0.0,0.0,0.0,0.0,0.0,0.0,0.0,0.0,7,0.0,0.0,3,3,-0.831761555712449,0.346972342215229,0.0,0.0,1.0,0.20027870466992834,14.36216957344868,0.0,0.9776686836935767,0.7271459172518445,0.0,1.0231894693233863,0.7258524987751036,0.9762557609894984,1.0,0.0,2.934526532233309,1.5030276077143396e-07,0.0,2.7298915299946796e-05,1.0000641883727177,0.0032894220096390055,0.0,1.3415873261671332,0.0,0.41662938245102754,0.9892621269872697,0.1027939946419303,0.0,0.8450472776090269,1.372499837548093,1.0,0.0,0.0,3,7.60335201933124,0.0,0.0,0.0,0.0,0.0,0.0,0.0,0.0,0.0,0.0,0.0,0.0,0.0,0.0,0.0,0.0,0.0,0.0,0.0,0.0,0.0,0.0,0.0,0.0,0.0,0.0,0.0,0.0,0.0,0.0,0.0,0.0,0.0,0.0,0.0,0.0,0.0,0.0,0.0,0.0,0.0,0.0,0.0,0.0,0.0,0.0,0.0,0.0,0.0,0.0,0.0,0.0,0.0,0.0,0.0,0.0,0.0,-0.11072982886915257,0.0,-0.0006064556200556692,-0.0018293998462169062,0.0,0.0,0.0,0.0,-0.00030853159312632406,0.0,-0.00028032881180293964,-0.0019096288697232238,0.0,0.0,0.0,0.0,-0.000870651106593671,0.0,-0.006857481141634066,-0.0018867740910451342,0.08463270421284025,-0.34389519332431473,-1.060848925752111,0.6769465450846984,0.016571902628255347,0.718689304671465,17,6,0.7826086956521737,-0.5,-0.5,0.0,0.0,0.0,0.0,0.0,1.0,0.0,0.0,0.0,0.0,0.0,0.0,,0.0,0.0,0.0,1
VAR_003002,0.06962706374521208,5.689077491801232,3.42063267752968,9.460494181438431,3.350008025196622,192.28768600208267,8.20574526262043,0.7566864790385965,28.188629587033894,1714.3770496130685,0.08250734792889126,9,0.0,0.0,0.0,0.0,0.0,0.0,0.0,1.0,0.0,2.7023141190406634,1.0,1.0,1.0,1.0,1.1447171326883876,1.5863290847363332,9.381264289491163,4.976979329107335,81.10361514701677,534.766387387767,0.0,0.011854350046470067,0.0,0.0,0.0,0.0,0.0,0.0,0.0,0.0,0.0,0.0,0.0,0.0,0.0,7,0.0,0.0,2,2,0.09111816173570847,0.8523172782996858,2.7079011193028837,0.0,0.0,0.01637226468500854,0.0,1.0,0.0,0.9649296760797111,0.0,1.1117697999299228,0.9243756437208637,0.9097850201864994,0.0,0.0,0.0,1.0333378118240395,0.0,0.0032818004200652587,0.493996145326538,0.09419005456273932,0.26340392111824995,1.3415873261671332,0.0,1.0038767482350939,0.0,0.00555958010790473,2.0819458093548557,0.3053313634490376,0.0,1.0,0.0,0.0,2,-0.03403194073322015,0.0,0.0,0.0,0.0,0.0,0.0,0.0,0.0,0.0,0.0,0.0,0.0,0.0,0.0,0.0,0.0,0.0,0.0,0.0,0.0,0.0,0.0,0.0,0.0,0.0,0.0,0.0,0.0,0.0,0.0,0.0,0.0,0.0,0.0,0.0,0.0,0.0,0.0,0.0,0.0,0.0,0.0,0.0,0.0,0.0,0.0,0.0,0.0,0.0,0.0,0.0,0.0,0.0,0.0,0.0,0.0,1.0,-4.571460757519321e-05,0.0,-0.0006064464616143801,1.0675290461629072,0.0,0.0,0.0,1.2911247775907504,-0.00030665406189053204,0.0,0.021125872360015938,1.0207946451473224,0.0,1.0,0.0,0.0,0.01339594341831304,0.0,1.0225389487828385,0.0037615177040464707,-1.6198218632369064,-0.22729034043506602,0.17327049790207177,0.3740386195428173,-0.39398713819282244,-0.16900408410962164,7,17,-0.8913043478260868,-0.5,1.5,0.0,0.0,0.0,0.0,0.0,0.0,0.0,0.0,0.0,0.0,0.0,0.0,0.0,0.0,0.0,1.0,1
VAR_002921,-0.0783428963784724,-3.8059031320814635e-07,-3.004136269736329e-07,-5.4653554515842356e-05,-1.1041372304889563e-05,-4.831251662299113e-06,-0.017267181209998077,-4.8105745895704074e-06,-8.537446705068216e-06,0.0,-0.10946537831009982,8,0.0,0.0,0.0,0.0,0.0,0.0,0.0,0.0,0.0,0.0,0.0,0.0,0.0,0.0,0.0,0.0,0.0,0.0,0.0,0.0,0.0,0.0,0.0,0.0,0.0,0.0,0.0,0.0,0.0,0.0,0.0,0.0,0.0,0.0,0.0,7,0.0,0.0,4,4,-0.7126643426056422,-5.659216167883813,-15.93950979915183,0.0,0.0,-3.884553607683874e-07,0.0,0.0,0.0,-2.2320821211521196e-07,0.0,-1.4948262435770877e-08,-2.6709219008793652e-05,-1.4124635230450503e-05,0.0,0.0,0.0,-2.5336807690208568e-08,0.0,-1.2312450534260474e-06,-4.3419141492691217e-07,-3.5038624508476836e-08,0.0,0.0,0.0,-3.837678156849658e-07,0.0,-1.2618654649194024e-06,0.0,-1.1505932956688551e-07,0.0,0.0,0.0,0.0,4,-0.169222268148316,0.0,0.0,0.0,0.0,0.0,0.0,0.0,0.0,0.0,0.0,0.0,0.0,0.0,0.0,0.0,0.0,0.0,0.0,0.0,0.0,0.0,0.0,0.0,0.0,0.0,0.0,0.0,0.0,0.0,0.0,0.0,0.0,0.0,0.0,0.0,0.0,0.0,0.0,0.0,0.0,0.0,0.0,0.0,0.0,0.0,0.0,0.0,0.0,0.0,0.0,0.0,0.0,0.0,0.0,0.0,0.0,0.0,-0.11072982886915257,0.0,-0.0006064556200556692,-0.0018293998462169062,0.0,0.0,0.0,0.0,-0.00030853159312632406,0.0,-0.00028032881180293964,-0.0019096288697232238,0.0,0.0,0.0,0.0,-0.000870651106593671,0.0,-0.006857481141634066,-0.0018867740910451342,-57.53083771853713,-0.17020866623288003,-32.89327078130657,-1.686219819361124,-8.423978249652498,-1.3983280206597695,8,14,0.34782608695652173,-0.5,-0.5,1.0,0.0,0.0,0.0,0.0,0.0,0.0,0.0,0.0,0.0,0.0,0.0,,0.0,0.0,0.0,1
VAR_002640,0.07124888315449518,10.346751801612912,0.0004820266062292927,0.0009648318810017737,0.39659992577569164,-4.829912549395042e-06,0.09243515042751817,0.04254751630594045,2.7988525159342643,0.0,0.22310806958002222,9,0.0,0.0,0.0,0.0,0.0,0.0,0.0,0.0,0.0,0.0,0.0,0.0,0.0,0.0,0.0,0.0,0.0,0.0,0.0,0.0,0.0,0.0,0.0,3.813771391455777,1.0,0.0,0.0835047623019503,1.0,0.0016523554841762814,1.0,0.0,0.8027818889831974,1.0,2.896091433730838,1.0,0,12.589744764790806,0.0,1,1,-0.8517404363968535,0.1372133969218029,0.0,0.1658029859897934,0.0,1.3988899189933485e-06,0.0,0.0,0.0,0.6272268155079169,1.0,-1.3995448711973874e-08,0.7582318605117413,0.010993559843851548,0.0,0.6097238504595178,0.0,-1.4566978293169024e-08,0.0,-1.1092257426761683e-06,1.0000787439465302,2.2866785030550845,0.0,1.3084647018924376,3.1250628423837563,1.0038756475582742,0.6314134389720479,0.0003416752354100901,2.056583200261721,0.36012008769068954,0.0,0.0,0.0,0.0,1,-0.10175564367748041,0.0,0.0,0.0,0.0,0.0,0.0,0.0,0.0,0.0,0.0,0.0,0.0,0.0,0.0,0.0,0.0,0.0,0.0,0.0,0.0,0.0,0.0,0.0,0.0,0.0,0.0,0.0,0.0,0.0,0.0,0.0,0.0,0.0,0.0,0.0,0.0,0.0,0.0,0.0,0.0,0.0,0.0,0.0,0.0,0.0,0.0,0.0,0.0,0.0,0.0,0.0,0.0,0.0,0.0,0.0,0.0,1.0,0.003004427113939314,0.0,1.1684721718552966,1.07101904296397,0.0,0.0,0.0,1.1154276297959134,0.009535558638239048,1.0,1.1209394862474111,0.9799449382188606,0.0,1.0,0.0,0.0,0.5713194449545009,0.0,0.003792724536814779,0.10023567810127532,-0.8641436510190015,-3.8983526323614925,0.17327049790207177,0.6558392311582603,0.13171939173635364,0.5652802752750444,23,4,-0.47826086956521735,-1.0,-0.5,0.0,0.0,0.0,0.0,0.0,0.0,0.0,0.0,0.0,0.0,0.0,1.0,0.0,1.0,0.0,1.0,1
VAR_002766,15.785386165823978,4.198635062701425,0.016704077984624453,1.8974364978120193,-1.1041372304833304e-05,49.21478717046686,21.92341043441887,16.241597117249963,0.0029151266891972887,26.15158150185166,1.0467413307335542,16,0.0,0.0,0.0,0.0,0.0,0.0,0.0,1.0,0.0,2.718015771039407,1.0,1.0,1.0,1.0,1.1447171326883876,2.1053525945586866,0.17415324060807913,13.273579527911902,81.09504992248954,25.671053331031654,1.0,3.3030021124029574,1.0132514580063678,3.813771391455777,1.0,1.0,1.0,1.0,0.005490144328434249,0.0,1.0,0.0982630753509706,1.0,2.896091433730838,1.0,3,12.58975059662384,1.0,1,1,-0.3853298844451508,-0.29210917067115677,0.0,1.0,1.0,1.412181535867227,13.137458678271791,1.0,1.0973820282003526,2.7713597924546476,1.0,0.9036597675004197,1.8930465253666167,0.5619219021195813,1.0,0.3610258535050283,1.2042426815211806,-2.5336611309619512e-08,1.0,0.9776266984452879,1.306913037720056,1.0405548181301676,2.506871284526862,1.3415873261671332,3.1250628423837563,1.0723522204574623,0.0,0.00019629113170571523,1.5217088987521414,1.1819772299365499,1.372499837548093,0.0,1.0,9.999893570586778,1,1.1986718377955083,5.595034830509547,0.0,0.0,6.638288830642652e-06,0.0,770.5655852969874,0.0,9.535777387539232,0.0,106.18628591793035,0.0,1.0,0.0,1.0,1.0,0.0,250.57432599608512,0.0,0.0,1.5246036095718187,0.0,0.0,0.319783408352264,0.0,0.0,0.0,1.0,1778.518321779795,325.0724487729877,0.0,3.2441455086587174,0.0,1.0,11984.290795696283,0.0,0.0,2.611306895050844e-09,1.5966885415373189,0.0,0.0,0.0,0.0,81.90524393494826,0.0,0.0,164.44619255466844,10.402574127464764,0.04536941918473253,0.0,3.223671238484157,0.0,1.0,5718.995790684709,0.4637310323787686,0.0,25.495291621380286,1.0,12.325957159811596,0.0,1.171773711408453,0.8371320085849657,0.0,1.2377940212822425,0.0,1.2911247775907504,1.0437651505348373,0.0,1.0636485542072853,9.230193281110154,0.0,1.0,0.0,1.0,1.0067115698477596,0.6207599583934856,1.0187173170960002,1.0656045380466834,0.08463270421284025,0.22692363072109445,0.014490987845858554,0.45211119501308394,1.1427267023082022,0.6562655373477521,6,3,-0.06521739130434778,-0.5,-0.5,0.0,0.0,0.0,0.0,0.0,0.0,0.0,0.0,0.0,0.0,0.0,1.0,0.0,1.0,1.0,0.0,1
VAR_002876,0.07124888315449412,7.523155496453085,3.8612342734523404,13.236565160989434,3.711557876303869e-05,0.027072970115183326,3.8903303113455157,-4.767815499130469e-06,1.2761584094791898,0.0,-0.09790286277856393,16,0.0,0.0,0.0,0.0,0.0,0.0,0.0,0.0,0.0,0.0,0.0,0.0,0.0,0.0,0.0,0.0,0.0,0.0,0.0,0.0,0.0,0.0,0.0,0.0,0.0,0.0,0.0,0.0,0.0,0.0,0.0,0.0,0.0,0.0,0.0,7,0.0,0.0,3,3,0.4684746561150198,-1.320153658364916,2.619010978877179,0.0,0.0,1.170162752396716,0.0,1.0,0.0,0.9999356934055394,1.0,0.18775391640533354,-2.1659096731071067e-05,0.9821366649293416,1.0,0.923881635944393,1.4175041403451167,0.15568857346046672,0.5602130861360328,1.4861688119569754,1.0000787413217995,-1.8533913830279414e-08,0.0,0.0,0.0,-8.347800999320441e-08,0.0,0.8118194001686706,0.8996243534361734,0.9071453388586371,0.0,1.0,0.0,0.0,3,-0.12529099799934482,0.0,0.0,0.0,0.0,0.0,0.0,0.0,0.0,0.0,0.0,0.0,0.0,0.0,0.0,0.0,0.0,0.0,0.0,0.0,0.0,0.0,0.0,0.0,0.0,0.0,0.0,0.0,0.0,0.0,0.0,0.0,0.0,0.0,0.0,0.0,0.0,0.0,0.0,0.0,0.0,0.0,0.0,0.0,0.0,0.0,0.0,0.0,0.0,0.0,0.0,0.0,0.0,0.0,0.0,0.0,0.0,1.0,0.008394899836638213,1.0,-0.0006063788415933962,1.0767606144595037,0.0,0.0,0.0,0.5520382263857694,0.15222483739480375,1.0,1.0046579319134359,0.045476420157088394,0.0,1.0,0.0,1.0,-0.0008706510990877118,1.0613740725488032,0.0016079624504161316,-0.0018563580105622364,0.08463270421284025,-0.06600600952920235,-0.09400967053098354,-0.8794825213157363,0.035570067314336234,0.41472410933053183,11,6,-0.21739130434782605,0.5,1.5,0.0,0.0,0.0,0.0,0.0,0.0,0.0,0.0,0.0,0.0,0.0,0.0,0.0,0.0,1.0,0.0,1
VAR_002585,0.7445395205210149,0.004245745839631023,-3.0024709568813005e-07,30.771229017829416,7.044069577813967,4.048006813558229e-06,1.1892738520493698,0.04770589833986741,0.19358848078603963,0.0,1.4303184115424297,16,0.0,0.0,0.0,0.0,0.0,0.0,0.0,0.0,0.0,0.0,0.0,0.0,0.0,0.0,0.0,0.0,0.0,0.0,0.0,0.0,0.0,0.0,0.0,0.0,0.0,0.0,0.0,0.0,0.0,0.0,0.0,0.0,0.0,0.0,0.0,7,0.0,0.0,3,3,-0.1193976803836189,0.3551507679609523,0.0,0.0,1.0,1.2293013154997379,0.938096932950392,1.0,0.0,0.5717681240226552,1.0,1.0217341953329135,0.0060287071865718685,1.035238822300891,0.0,0.0,1.2202987282810596,9.217539479203664e-09,1.0,0.017877917791563756,0.8644023513649202,-3.5038608627103563e-08,0.0,1.3415873261671332,1.7491662870692168,0.649386882920243,0.07022363458587627,0.9549190725331663,1.2167595781458962,0.023863983365532842,0.0,0.0,0.0,0.0,3,0.144323786721097,5.595034830509547,0.0,0.0,74.9785447536918,0.0,790.8854695155619,0.0,9.92225403332456,0.0,0.00022748348657630613,0.0,0.742885195183027,0.0,0.0,0.0,0.0,249.80397386289573,0.0,0.0,1.5246036095718187,0.0,0.0,0.0,0.0,0.0,0.0,0.0813920586342576,1451.7692494330267,325.8132167416949,0.0,0.0,0.0,0.0,0.0,0.0,0.0,381.9320968079231,1.003074953781768,0.0,0.0,0.0777114083420076,0.0,90.55075429870725,0.0,0.7570275210407431,31.17655589852126,19.516837237427108,491.6947861095612,0.0,3.223671238484157,0.0,1.0,5678.639484433586,0.0,0.0,381.2073331349498,1.0,0.4979572884761807,1.0,-0.0006038578233196875,-0.0018293467382543313,0.0,0.4131675891338506,0.0,0.0,0.5068588074119427,1.0,-0.00013925672739850223,0.8179581434080533,0.0,1.0,0.0,0.0,1.0058777619167947,1.2101454315057372,-0.006850766378354914,-0.001864126077994516,0.08463270421284025,0.002055898197703573,0.17327049790207177,0.6029028746678767,0.7462567284767851,0.5639919495934536,14,16,-0.4130434782608695,0.0,-0.5,0.0,0.0,0.0,1.0,0.0,0.0,0.0,0.0,0.0,0.0,0.0,0.0,0.0,0.0,1.0,0.0,1
VAR_002629,1.5939571905128742,7.005015185433411e-07,-2.8292253100873335e-07,16.586636420132674,10.013314713478135,0.3396114171238062,0.23938278415746833,0.005821916682157856,-8.535322646811024e-06,30375.72532888515,6.3174800090338765,2,0.8257308378994037,0.0006479338292834,0.0157799353298517,0.0970705942859679,0.9947249988221578,0.0999999999999998,1.538577073098133e-05,0.0023236671076487,0.0,5.040044358806422e-07,0.4971797674405397,0.0,0.0,1.0,0.9750288777571093,2.0705132523453453e-05,9.38125228395697,1.158968501107588,81.13770653670711,0.017215722361024456,1.0,1.1984709108238566e-06,0.0,0.0,1.0,0.0,0.0,0.0,417.18680199637146,1.0,0.0,1.0,1.0,0.0,1.0,2,2.745955269713764,1.0,1,1,-0.7130904934031842,-0.27122710609021233,0.0,1.0,1.0,1.464160919991032,0.0,1.0,0.0,10.000394169520558,1.0,0.9927498000669956,10.000333261635726,1.032842688706435,0.0,0.0,0.16602440917073916,0.002799428153846204,0.7308284511391256,0.0010999375381301488,1.0000787448104358,5.780571018748804e-07,3.1982118410375797,0.0,3.1250628423837563,1.0036734909622322,0.3605536944000754,10.134570697455429,0.0,1.0071491599547675,0.7096506619129102,1.0,1.0,0.6561505325588574,1,4.869126058626693,5.595034830509547,1.0,0.0,72.00537345891452,0.0,781.9564937036981,0.0,99.32727260341377,0.0,106.18584687371101,0.0,0.0865408269157393,0.0,1.0,1.0,0.0,8.514572153174491,0.0,0.0,1.5246036095718187,0.0,0.0,0.3608477753768899,0.0,0.7586339622825563,0.0,1.0,1778.5132470838255,168.70124538802557,0.0,0.0,0.0,1.0,0.0024362550491839824,0.1236295161108683,0.0,1.1134186964922994e-05,0.0,1.0,0.0,0.0,0.0,1.2366715383369253e-13,0.0,1.0,164.4460721707113,20.49005205605439,2086.5110138689133,0.0,3.223671238484157,0.0,1.0,20.87068103641122,0.3345949482724835,0.0,5.0515742805317906e-05,1.0,0.8132780390162602,0.6321400170012742,1.1717744985785556,1.0615291897948116,0.0,0.055966460335522966,0.0,0.0,-0.00030530864090995186,1.0,1.0674862520032764,-0.001909586636880821,0.0,0.0,0.0,1.0,0.007265988723602286,0.0,1.022537653070335,0.000744689253086131,0.08463270421284025,-2.4421238705462387,-0.062076984933820585,0.06946262476692858,0.4087590858647035,0.5982146621486262,6,9,0.3695652173913043,0.5,-0.5,0.0,0.0,0.0,0.0,0.0,0.0,0.0,0.0,0.0,1.0,0.0,0.0,,1.0,0.0,0.0,1
VAR_002872,-0.0783428963784724,-3.8059031320814635e-07,-3.004136269736329e-07,-5.4653554515842356e-05,-1.1041372304889563e-05,-4.831251662299113e-06,-0.017267181209998077,-4.8105745895704074e-06,-8.537446705068216e-06,0.0,-0.10946537831009982,8,0.0,0.0,0.0,0.0,0.0,0.0,0.0,0.0,0.0,0.0,0.0,0.0,0.0,0.0,0.0,0.0,0.0,0.0,0.0,0.0,0.0,0.0,0.0,0.0,0.0,0.0,0.0,0.0,0.0,0.0,0.0,0.0,0.0,0.0,0.0,7,0.0,0.0,3,3,0.017562299863279018,0.3382870195268845,-5.094393043995192,0.0,0.0,-3.884553607683874e-07,0.0,0.0,0.0,-2.2320821211521196e-07,0.0,-1.4948262435770877e-08,-2.6709219008793652e-05,-1.4124635230450503e-05,0.0,0.0,0.0,-2.5336807690208568e-08,0.0,-1.2312450534260474e-06,-4.3419141492691217e-07,-3.5038624508476836e-08,0.0,0.0,0.0,-3.837678156849658e-07,0.0,-1.2618654649194024e-06,0.0,-1.1505932956688551e-07,0.0,0.0,0.0,0.0,3,-0.169222268148316,0.0,0.0,0.0,0.0,0.0,0.0,0.0,0.0,0.0,0.0,0.0,0.0,0.0,0.0,0.0,0.0,0.0,0.0,0.0,0.0,0.0,0.0,0.0,0.0,0.0,0.0,0.0,0.0,0.0,0.0,0.0,0.0,0.0,0.0,0.0,0.0,0.0,0.0,0.0,0.0,0.0,0.0,0.0,0.0,0.0,0.0,0.0,0.0,0.0,0.0,0.0,0.0,0.0,0.0,0.0,0.0,0.0,-0.11072982886915257,0.0,-0.0006064556200556692,-0.0018293998462169062,0.0,0.0,0.0,0.0,-0.00030853159312632406,0.0,-0.00028032881180293964,-0.0019096288697232238,0.0,0.0,0.0,0.0,-0.000870651106593671,0.0,-0.006857481141634066,-0.0018867740910451342,0.025240378916138825,0.07369608708617689,-0.00861618428677101,0.7311579226581385,0.2913225029371386,0.6614507003181184,14,19,0.17391304347826086,0.0,0.5,0.0,0.0,0.0,0.0,0.0,1.0,0.0,0.0,0.0,0.0,0.0,0.0,,0.0,0.0,0.0,1
VAR_003010,0.7453179535838574,7.1225134891336905,0.0005758537379396459,-5.4607492134470926e-05,0.7152092899114443,0.08438742578220255,0.20238601039006265,1.99417758155508,10.244019855828471,0.0,0.8520048843246397,9,0.0,0.0,0.0,0.0,0.0,0.0,0.0,0.0,0.0,0.4823427300465948,0.0,1.0,1.0,1.0,0.0,2.1088835395644074,9.15985620800058,0.0,81.04916835950736,91.86452846038893,1.0,3.308452545308564,1.0132514580063678,3.813771391455777,0.0,0.0,0.0,1.0,41.718680194269496,1.0,0.0,0.0,1.0,2.896091433730838,1.0,3,2.010429835433425,0.0,3,3,0.18887491403775572,-6.647556160389937,-24.979579923693993,0.0,1.0,1.3675185776928913,0.05963575256132436,0.0,1.0973820282003526,10.000394169520558,0.0,0.9157410414840035,10.000333261635726,1.0333164270305266,0.0,0.1122951546498496,0.9602963582583148,1.033046920626218,0.0,10.000215206586946,10.000791355827571,21.285465524150442,0.0,1.3415873261671332,0.0,2.4737536859215825,0.0,7.75842587129787,0.5327235029378659,10.289162875064855,0.0,0.4021150286085826,0.0,1.6902760779120505,3,0.6327908762641318,0.0,0.0,0.0,8.179948917819793,0.0,1.2520157650433145e-09,0.0,9.932375658460328,0.0,0.016007379463623295,0.0,0.4574362077999566,0.0,0.0,0.0,0.0,0.006921583121481474,0.0,0.0,1.5246036095718187,1.0,0.0,0.0,0.0,0.5079861662074724,0.0,0.5876134559697593,863.6611291404133,0.5619489643365884,0.0,3.2441455086587174,0.0,1.0,13432.743653003276,1.0,0.0,382.0265759205798,1.5966885415373189,0.8441243188497577,0.0,0.4958142132316935,0.0,0.001936267161173109,0.0,0.0,83.67425508973153,0.004336453729139611,1018.5500952872969,0.0,0.0,0.0,1.0,5719.008274331595,1.0,0.0,248.44703780334294,1.0,1.507334209730089,1.0,-0.0006064556200150871,-0.0018292209097270065,0.0,1.3769964969316375,0.0,1.2911247775907504,1.0191679638496765,0.0,1.1209394862474065,0.03292981764289955,0.0,1.0,0.0,1.0,-0.0007502640269195065,1.2101454315057372,1.022534985804837,1.0654078797090383,0.08463270421284025,0.22692363072109445,0.17327049790207177,-1.3783339267670267,0.06437216404011252,-1.1192805339340752,16,3,1.5217391304347825,-1.0,-0.5,0.0,0.0,0.0,0.0,0.0,1.0,0.0,0.0,0.0,0.0,0.0,0.0,0.0,1.0,0.0,1.0,1
VAR_002790,18.17361379179652,1.4051767539142888,67.9812879869148,0.31003663746264404,116.4380060146585,98.42731418943069,22.950132185411352,5.979305430988574,0.0025434111728068966,23.771271733546637,4.356713692421762,15,0.0,0.0,0.0,0.0,0.0,0.0,0.0,0.0,0.0,2.718015239998094,1.0,1.0,1.0,1.0,1.1447171326883876,1.795235418254136,8.534893085202333,16.422231567765632,15.50172462360111,27.897976616327377,1.0,0.00866534012144588,1.0132514580063678,3.813771391455777,1.0,1.0,1.0,1.0,41.6714532847369,0.0,1.0,0.0,1.0,2.896091433730838,1.0,3,125.89750510947718,1.0,3,3,0.13836231198517032,0.5034238302647398,0.0,1.0,1.0,0.19508820318303655,14.36216957344868,1.0,1.0973820282003526,6.9069721720176815,1.0,1.671021839316587,5.8298431363286864,2.250524364389094,1.0,1.0,2.934526532233309,0.011280985562733785,1.0,10.000215206586946,10.000791355827571,84.8695446636098,3.1982118410375797,1.3415873261671332,3.1250628423837563,9.324374133848124,1.3367590874913071,1.0936214117095862,3.4265635009197988,5.380114718509006,1.372499837548093,1.0,1.0,51.65156773709777,3,3.2722278146841526,5.595034830509547,1.0,0.0,75.12441315136903,0.0,785.3865498050884,0.0,2.1047092058825868e-09,0.0,955.6766226861339,0.0,1.0,0.0,1.0,1.0,0.0,5.770540180704749e-09,0.0,0.0,1.5246036095718187,0.0,0.0,0.0,0.0,0.0,0.0,1.0,1778.5183217797971,3258.1326683981406,0.0,3.2441455086587174,0.0,1.0,9667.269641947889,1.0,0.0,382.024761865294,1.5966885415373189,1.0,0.0,0.1182718684707481,0.0,2.0701744298548177e-10,0.0,1.0,164.4459857797034,225.49377982955983,632762.4461732948,0.0,3.223671238484157,0.0,1.0,0.0052571585184256475,0.4828651211052209,0.0,381.2999010377268,1.0,11.550223449057176,0.0,0.6138542644081272,1.0767606075148346,0.0,2.770729017407695,0.0,1.2911247775907504,-0.000300037282529873,0.0,1.0482164422044067,10.255982444753919,0.0,1.0,0.0,1.0,0.8886216026425939,0.7352949229309816,1.022541648205688,-0.001879225267820786,-0.9994859051986142,-1.8830701302631745,0.17327049790207177,0.7363263135454579,0.2487810070825139,0.7534580570099187,14,11,1.1739130434782608,-1.0,0.5,0.0,0.0,0.0,0.0,0.0,1.0,0.0,0.0,0.0,0.0,0.0,0.0,0.0,1.0,0.0,0.0,1
VAR_002821,-0.003535341103894314,-3.8059031320814635e-07,41.731486191989546,-5.4653496791816865e-05,32.376737367362836,0.0074327342368355875,-0.01726068195300023,6.485233798715771,4.919478175106716,0.0,-0.03497709906050902,19,0.0,0.0,0.0,0.0,0.0,0.0,0.0,0.6199923503101693,0.0,0.005887720912360557,0.0,1.0,1.0,1.0,0.2708210775727049,0.000907078312593021,3.3141500848267353e-19,0.0,0.005436313174634488,9.8302957721614,1.0,0.010434398217275844,0.0,0.0,0.0,0.0,0.0,0.0,0.0,0.0,0.0,0.0,0.0,0.0,0.0,7,0.0,0.0,4,4,-0.0178867942710082,0.19370683458903576,0.0,0.0,0.0,-3.884553607683874e-07,0.0,0.0,0.0,-2.2320821211521196e-07,0.0,-1.4948262435770877e-08,-2.6709219008793652e-05,-1.4124635230450503e-05,0.0,0.0,0.0,-2.5336807690208568e-08,0.0,-1.2312450534260474e-06,-4.3419141492691217e-07,-3.5038624508476836e-08,0.0,0.0,0.0,-3.837678156849658e-07,0.0,-1.2618654649194024e-06,0.0,-1.1505932956688551e-07,0.0,0.0,0.0,0.0,4,-0.000455299290546698,5.595034830509547,0.3023595140507888,0.0,0.00030032191561530107,0.0,281.3588346057641,0.0,5.3458265381449184e-21,0.0,0.09180657370371088,0.0,0.171822836175765,0.0,0.0,0.0,0.0,241.1261621564386,0.0,0.0,0.0,0.0797811753180356,0.0,0.7752308166362516,0.0,0.2076239138277608,0.0,1.0,2.33512247446949e-07,325.76521729774174,0.0,0.0,0.0,1.0,2.731811256245062e-07,1.0,0.0,1.6022301692296513e-11,1.2961864840904906,0.0,0.0,0.0,0.0,90.72709778599261,0.0,0.213127050555118,163.3364910607547,22.265321962796353,4144.2784624357955,0.0,3.223671238484157,0.0,1.0,5712.0481943442555,1.0,0.0,381.1920245353227,1.0,5.539504383449954,1.0,0.00014426025235128275,1.0767606144677313,0.0,2.770729017407695,0.0,0.0,0.07278871936480628,1.0,0.9538359220258708,-0.001909617304617781,0.0,1.0,0.0,1.0,0.9662584310275003,0.9992916323191106,-0.006857481141634066,0.8242146194566082,0.08463270421284025,0.22692363072109445,0.0,0.22848440697632805,-0.4600618706642477,-0.00023699724137751416,8,17,-0.28260869565217384,0.5,-0.5,0.0,1.0,0.0,0.0,0.0,0.0,0.0,0.0,0.0,0.0,0.0,0.0,0.0,0.0,0.0,0.0,1
VAR_003158,-0.0783428963784724,-3.8059031320814635e-07,-3.004136269736329e-07,-5.4653554515842356e-05,-1.1041372304889563e-05,-4.831251662299113e-06,-0.017267181209998077,-4.8105745895704074e-06,-8.537446705068216e-06,0.0,-0.10946537831009982,8,0.0,0.0,0.0,0.0,0.0,0.0,0.0,0.0,0.0,0.0,0.0,0.0,0.0,0.0,0.0,0.0,0.0,0.0,0.0,0.0,0.0,0.0,0.0,0.0,0.0,0.0,0.0,0.0,0.0,0.0,0.0,0.0,0.0,0.0,0.0,7,0.0,0.0,1,1,1.1014460813331952,0.20447777106526283,0.0,0.0,0.0,-3.884553607683874e-07,0.0,0.0,0.0,-2.2320821211521196e-07,0.0,-1.4948262435770877e-08,-2.6709219008793652e-05,-1.4124635230450503e-05,0.0,0.0,0.0,-2.5336807690208568e-08,0.0,-1.2312450534260474e-06,-4.3419141492691217e-07,-3.5038624508476836e-08,0.0,0.0,0.0,-3.837678156849658e-07,0.0,-1.2618654649194024e-06,0.0,-1.1505932956688551e-07,0.0,0.0,0.0,0.0,1,-0.169222268148316,0.0,0.0,0.0,0.0,0.0,0.0,0.0,0.0,0.0,0.0,0.0,0.0,0.0,0.0,0.0,0.0,0.0,0.0,0.0,0.0,0.0,0.0,0.0,0.0,0.0,0.0,0.0,0.0,0.0,0.0,0.0,0.0,0.0,0.0,0.0,0.0,0.0,0.0,0.0,0.0,0.0,0.0,0.0,0.0,0.0,0.0,0.0,0.0,0.0,0.0,0.0,0.0,0.0,0.0,0.0,0.0,0.0,-0.11072982886915257,0.0,-0.0006064556200556692,-0.0018293998462169062,0.0,0.0,0.0,0.0,-0.00030853159312632406,0.0,-0.00028032881180293964,-0.0019096288697232238,0.0,0.0,0.0,0.0,-0.000870651106593671,0.0,-0.006857481141634066,-0.0018867740910451342,0.05936900683369756,0.18761368816506524,0.17327049790207177,0.4102546089780535,0.8843410879410133,0.43942110892655795,11,14,-1.1739130434782608,-1.0,0.5,0.0,0.0,0.0,0.0,0.0,0.0,0.0,0.0,0.0,0.0,1.0,0.0,,0.0,0.0,0.0,1
VAR_002603,9.499459505310423,5.609009498357436,0.0007776651299270092,0.6032526716469852,8.966143078690614,0.8220844238423693,12.593300058584669,12.929505229582357,19.846623570877263,1575.7872966080924,8.888258140080673,1,1.0,0.000179712460725,0.0,0.9000000000427972,0.0962193445385367,6.768190677520421e-06,0.0945928408775869,0.2692017582826449,0.0,2.7179759794829947,1.0,1.0,0.0,1.0,1.1447171326883876,0.06153392544605123,9.381267395122558,10.884702720603064,81.14155387896827,0.0030409166994802535,1.0,3.3084525346038767,1.0132514580063678,3.813771391455777,1.0,1.0,0.0,0.0,417.18680199637146,1.0,1.0,1.0,1.0,2.896091433730838,1.0,2,1.847704762229933,0.0,2,2,-0.32179237047206594,-0.36776812294251926,0.0,1.0,1.0,1.4638776882146478,1.0072607916156362,1.0,1.0973820282003526,10.000394169520558,1.0,1.5450450644027547,10.000333261635726,0.7720762371194838,1.0,0.0,2.934526532233309,2.233054770121443,1.0,10.000215206586946,4.086492205580387,6.876404169032706,3.1982118410375797,1.3415873261671332,0.0,8.161713019038052,1.3367590874913071,10.133668531436761,3.4265635009197988,1.8891344197624635,1.372499837548093,1.0,1.0,4.547892694239126,2,7.95636139014298,5.595034830509547,1.0,0.0,751.6153955142839,0.0,0.07007789585010815,0.0,99.32727260341377,0.0,106.18628207084183,0.0,1.0,0.0,0.1662004342602492,1.0,0.0,0.01993437319024479,0.0,0.0,1.5246036095718187,0.0,0.0,1.0,0.0,0.0,0.0,1.0,1468.435342175467,16.544761395206177,0.0,3.2441455086587174,0.0,0.9062666087880338,1.962712345004331e-06,0.1202709043799887,0.0,381.9062542993767,1.5966885415373189,0.6572286570620659,0.0,1.0,0.0,90.63753196359258,0.0,1.0,158.3507128712908,0.409155745447263,0.002724417437764453,0.0,3.223671238484157,0.0,1.0,676.2694750915913,0.4927707970156908,0.0,1.547012162112337,1.0,7.608649104558265,0.0,-0.0005823829961190687,1.0595560157290687,0.0,2.1886038499405878,0.0,1.2911247775907504,1.0119533065464494,0.0,1.118224329152926,0.6713868326483795,0.0,1.0,0.0,1.0,0.003959500534946798,0.10209723912130149,-0.006855922782228171,-0.0013841624879137697,0.08463270421284025,0.14080159678598958,-2.1951824590536098,-0.7766631461661302,-0.8803157613318621,-0.3997514478891094,16,16,0.21739130434782605,1.0,-0.5,0.0,0.0,0.0,0.0,0.0,0.0,1.0,0.0,0.0,0.0,0.0,0.0,,1.0,0.0,0.0,1
VAR_002746,2.5457701843107543,7.239163323378948,0.029584960292040555,0.0007511943718178361,0.0010652923568122462,19.218879754863128,3.652932768461127,0.2400528650777523,13.064928050523493,0.0003590549855695762,0.08135048896246025,16,0.0,0.0,0.0,0.0,0.0,0.0,0.0,0.0,0.5869511031773078,2.6372961415597,0.4434890405789105,1.0,0.0,1.0,1.1447171326883876,2.0641250266498727,9.380020880466235,5.078834240195095,0.16224804550686645,299.89523982834635,1.0,8.796589521853891e-05,1.0132514580063678,0.0,1.0,0.0,0.0,1.0,41.61346689217448,1.0,1.0,0.0,0.0,0.0,0.0,6,125.87045780467528,1.0,3,3,-0.6487014852428102,-0.3069373357226073,0.0,0.0,1.0,1.4641421095609726,14.36216957344868,1.0,1.0973820282003526,0.036290290309157265,1.0,0.743598738681482,0.9772366331678756,1.3088043275393308,1.0,1.0,0.0,0.9573649474643104,1.0,7.055404297862356,1.5760781169262117,1.0953366591329257,0.0,0.0,3.1250628423837563,0.8797219940958457,0.0,9.570456701919451e-08,2.879375373995711,0.24845571181527112,1.372499837548093,1.0,1.0,2.85798532134801,3,0.9332345568960985,0.9126584220336139,0.0,0.0,48.31840189751811,0.0,9.359798128240561,0.0,9.932724944142008,0.0,11.111188929122935,0.0,0.3242296021271157,0.0,0.0,0.0,0.0,250.59220670977325,0.0,0.0,1.5246036095718187,0.2850943928110531,0.0,0.0,0.0,0.0,0.0,0.0,1778.0442700716894,61.64925526890294,0.0,3.2441455086587174,0.0,0.0,0.045514820723655654,0.7682679162797054,0.0,0.602767942471102,0.0,1.0,0.0,0.7165493636885889,0.0,1.2001974771854274e-05,0.0,0.6576256326945595,164.44620136376287,0.07347079451350676,20.710580174112295,0.0,3.223671238484157,0.0,0.0,5690.292763604057,1.0,0.0,0.0015695446930387728,1.0,1.9373785276586952,1.0,1.171698022323623,1.0762207990561596,0.0,0.0,0.0,0.0,1.0520233872281892,1.0,1.096024344980729,1.0237140186103886,0.0,1.0,0.0,1.0,-0.000870642952989425,0.28187062237148275,1.0164187637809006,1.0656044240938765,0.08463270421284025,-0.11720902820254385,0.17327049790207177,0.6297824295741521,0.7959559895858273,0.7064552525594947,0,22,0.5217391304347826,0.5,0.5,0.0,0.0,0.0,0.0,0.0,1.0,0.0,0.0,0.0,0.0,0.0,0.0,0.0,1.0,1.0,0.0,1
VAR_002604,149.95083950071947,8.392948068986792,68.40250192899707,439.8127426390328,0.16776318978517965,1555.8944117466883,202.67869754207425,223.24792270838952,60.370872289292656,342.54315995583454,11.812509431128921,18,1.0,0.0004968214411234,0.7255175745099169,1.719417265370617e-07,6.222140182478845e-12,0.9091672706275032,6.652361460141716e-05,1.0,1.0,2.476436864191785,1.0,1.0,1.0,1.0,1.1447171326883876,21.092772061974834,93.49820950635862,16.422231567765632,811.4158112241348,9607.356906018407,1.0,33.08452545052852,1.0132514580063678,3.813771391455777,1.0,1.0,1.0,1.0,41.71867843572475,1.0,1.0,1.0,1.0,2.896091433730838,1.0,3,12.582364700456536,0.0,3,3,-0.1462102088524873,-4.4482991278806825,0.0,1.0,1.0,1.3081315364403705,14.36216957344868,1.0,1.0973820282003526,10.000394169520558,1.0,3.223154523461778,10.000333261635726,10.333291441386278,1.0,1.0,2.934526532233309,4.392440569734218,1.0,10.000215206586946,10.000791355827571,45.04015594648911,3.1982118410375797,1.3415873261671332,3.1250628423837563,10.038771102665875,1.3367590874913071,7.09045303922192,3.4265635009197988,10.289162875064855,1.372499837548093,1.0,1.0,101.50798855003592,3,20.838748514006536,5.595034830509547,0.0,0.0,75.16155604630885,0.0,7916.415815926011,0.0,9.931552755766022,0.0,1061.8628715782388,0.0,1.0,0.0,1.0,1.0,0.0,5.099658896742555,0.0,0.0,1.5246036095718187,1.0,0.0,0.5958003855912464,0.0,1.0,0.0,0.9254808358904392,0.08629963266227547,3258.1326683981406,0.0,3.2441455086587174,0.0,1.0,13061.49534430608,0.0,0.0,41.979507569582196,1.5966885415373189,1.0,0.0,0.0394455960302298,0.0,907.2709778599261,0.0,0.0,0.018483661512908044,225.49377982955983,3163817.525198302,0.0,3.223671238484157,0.0,1.0,9.614291991889078e-14,0.0,0.0,29.03291616697363,1.0,120.2557755364684,1.0,0.1532724557384786,0.04465539266979838,0.0,2.770729017407695,0.0,1.2911247775907504,0.0014166749202002983,0.0,1.1209394862474247,10.255982444753919,0.0,1.0,0.0,1.0,0.09339504179394646,0.05557992962812361,0.006882134382719078,-0.0018848704372574764,-0.14142473458862245,0.06593631121806431,-1.15489986952479,-0.49076330350354797,0.06078618172176044,-0.6236675692879424,16,23,0.7826086956521738,-1.0,-0.5,0.0,0.0,0.0,0.0,0.0,0.0,0.0,0.0,0.0,0.0,0.0,0.0,0.0,1.0,0.0,0.0,1
VAR_003113,0.6697467182544581,15.244537930667182,0.014373482755882573,559.9714269815769,3.305184197834213,66.65010047353024,-0.017192679420235172,2.2370757322155415,0.0037668239713450186,70.50789021567478,5.485490891100118,24,0.0,0.0,0.0,0.0,0.0,0.0,0.0,0.0,0.0,4.1981262973531777e-10,1.0,1.0,1.0,1.0,1.1447171326883876,2.0143018120949168,0.013621487188247757,0.0,81.11745117162319,4.865955360328187e-10,1.0,3.307686017855713,0.0,3.813771391455777,1.0,0.0,0.0,0.0,41.06596628816168,1.0,1.0,0.526518938244489,1.0,0.0,1.0,5,0.20801318827440593,0.0,4,4,1.140197534890719,-0.20154256856467911,-7.995758127047412,0.0,1.0,1.4641609160560896,14.36216957344868,0.0,1.0973820282003526,0.47516825915248156,1.0,-1.4948226655097672e-08,0.9744425000605778,1.0329582570093396,0.0,0.0,0.0,0.01789728543322423,0.0,1.4002111459395141,6.727138353675428,12.889281933599294,3.1982118410375797,0.0,3.1250628423837563,0.14248039061751214,1.3367590874913071,0.08677011320970053,0.0,0.007511875564862486,0.0,0.0,1.0,0.49999470653318784,4,8.74905625372285,5.595034830509547,0.0054644936574777,0.0,7.493193693025908e-09,0.0,7916.415815926011,0.0,9.932722180521706,0.0,98.94809569307539,0.0,0.6785372326877784,0.0,0.0,0.0,0.0,250.59470735648082,0.0,0.0,1.5246036095718187,0.0,0.0,0.5699259098383732,0.0,1.0,0.0,0.2799134783107477,1016.1049827351867,318.15390095403393,0.0,0.0,0.0,0.0,0.0,0.0,0.0,15.548543676115289,1.5966885415373189,1.0,0.0,0.781867223730837,0.0,907.2709778599261,0.0,0.0,164.44619493856513,22.54936800832371,2820.025229360234,0.0,0.0,0.0,0.0,0.0,0.0,0.0,380.4215905719191,1.0,0.60867886573524,0.0,-0.0006037361892825393,0.8170065675483331,0.0,1.0737742311799303,0.0,1.2911247775907504,0.44784387376171303,0.1160201351964842,-0.0002791099788852387,-0.0018944534940718682,0.0,1.0,0.0,1.0,1.0068206155784492,0.0,0.054615603430671046,-0.001884291933142396,0.08463270421284025,-0.14221053278016885,-1.064298167550522,-1.044641328941946,0.006356781357834782,-1.2828273581180152,9,6,-0.3695652173913043,0.5,-0.5,0.0,0.0,1.0,0.0,0.0,0.0,0.0,0.0,0.0,0.0,0.0,0.0,-1.0,1.0,0.0,0.0,1
VAR_003143,-0.0783428963784724,-3.8059031320814635e-07,-3.004136269736329e-07,-5.4653554515842356e-05,-1.1041372304889563e-05,-4.831251662299113e-06,-0.017267181209998077,-4.8105745895704074e-06,-8.537446705068216e-06,0.0,-0.10946537831009982,8,0.0,0.0,0.0,0.0,0.0,0.0,0.0,0.0,0.0,0.0,0.0,0.0,0.0,0.0,0.0,0.0,0.0,0.0,0.0,0.0,0.0,0.0,0.0,0.0,0.0,0.0,0.0,0.0,0.0,0.0,0.0,0.0,0.0,0.0,0.0,7,0.0,0.0,3,3,1.1284443621459612,0.8523172782996858,0.0,0.0,0.0,-3.884553607683874e-07,0.0,0.0,0.0,-2.2320821211521196e-07,0.0,-1.4948262435770877e-08,-2.6709219008793652e-05,-1.4124635230450503e-05,0.0,0.0,0.0,-2.5336807690208568e-08,0.0,-1.2312450534260474e-06,-4.3419141492691217e-07,-3.5038624508476836e-08,0.0,0.0,0.0,-3.837678156849658e-07,0.0,-1.2618654649194024e-06,0.0,-1.1505932956688551e-07,0.0,0.0,0.0,0.0,3,-0.169222268148316,0.0,0.0,0.0,0.0,0.0,0.0,0.0,0.0,0.0,0.0,0.0,0.0,0.0,0.0,0.0,0.0,0.0,0.0,0.0,0.0,0.0,0.0,0.0,0.0,0.0,0.0,0.0,0.0,0.0,0.0,0.0,0.0,0.0,0.0,0.0,0.0,0.0,0.0,0.0,0.0,0.0,0.0,0.0,0.0,0.0,0.0,0.0,0.0,0.0,0.0,0.0,0.0,0.0,0.0,0.0,0.0,0.0,-0.11072982886915257,0.0,-0.0006064556200556692,-0.0018293998462169062,0.0,0.0,0.0,0.0,-0.00030853159312632406,0.0,-0.00028032881180293964,-0.0019096288697232238,0.0,0.0,0.0,0.0,-0.000870651106593671,0.0,-0.006857481141634066,-0.0018867740910451342,0.08463270421284025,0.22692363072109445,0.17327049790207177,0.5554630367099368,0.2341900765941551,0.7534580570099187,17,6,0.7826086956521737,-0.5,-0.5,0.0,0.0,0.0,0.0,0.0,1.0,0.0,0.0,0.0,0.0,0.0,0.0,,0.0,0.0,0.0,1
VAR_002780,-0.0783428963784724,-3.8059031320814635e-07,-3.004136269736329e-07,-5.4653554515842356e-05,-1.1041372304889563e-05,-4.831251662299113e-06,-0.017267181209998077,-4.8105745895704074e-06,-8.537446705068216e-06,5846.732139933005,0.3113908675965067,23,0.0,0.0,0.0,0.0,0.0,0.0,0.0,0.8183794535001618,0.0,2.715793110469845,0.0115466610923175,1.0,1.0,1.0,0.0,0.00042520732688231346,93.81162045051136,0.0,79.87092235706248,2432.10556162954,0.0,3.2179745532895287,1.0132514580063678,0.0,0.0,0.0,1.0,1.0,8.689561086655299e-18,1.0,0.0,1.0,0.0,2.896091433730838,1.0,1,1.8030688325539727e-08,1.0,2,2,-0.6445349849142576,-0.20766723533076709,0.0,0.0,0.0,-3.884553607683874e-07,0.0,0.0,0.0,-2.2320821211521196e-07,0.0,-1.4948262435770877e-08,-2.6709219008793652e-05,-1.4124635230450503e-05,0.0,0.0,0.0,-2.5336807690208568e-08,0.0,-1.2312450534260474e-06,-4.3419141492691217e-07,-3.5038624508476836e-08,0.0,0.0,0.0,-3.837678156849658e-07,0.0,-1.2618654649194024e-06,0.0,-1.1505932956688551e-07,0.0,0.0,1.0,1.0037601165394179,2,8.113689817271688,0.0,0.0,0.0,0.0,0.0,0.0,0.0,0.0,0.0,0.0,0.0,0.0,0.0,0.0,0.0,0.0,0.0,0.0,0.0,0.0,0.0,0.0,0.0,0.0,0.0,0.0,0.0,0.0,0.0,0.0,0.0,0.0,0.0,0.0,0.0,0.0,0.0,0.0,0.0,0.0,0.0,0.0,0.0,0.0,0.0,0.0,0.0,0.0,0.0,0.0,0.0,0.0,0.0,0.0,0.0,0.0,0.0,-0.055392192416652816,0.7988493723266081,0.01302536422007042,1.0767606144581943,0.0,2.770729017407695,0.0,0.0,1.0523679567890185,0.0,0.8700632463201848,-0.001909440505609116,0.0,0.0,0.0,0.0,1.0068206201834924,0.0,1.0214241822220966,1.0649482135295543,-2.595594158811644,0.0146523808253834,0.17327049790207177,-0.004163822480657702,-0.34939700132514867,0.07113328341335577,7,17,-0.8913043478260868,-0.5,1.5,0.0,0.0,0.0,0.0,0.0,0.0,0.0,0.0,0.0,0.0,0.0,0.0,-1.0,1.0,0.0,0.0,1
VAR_002933,0.2208406627356816,-3.805903123460379e-07,2.6867884360877985e-09,0.8035104023947082,3.2445874837050663,76.12325860017796,0.20612533852585194,0.09328746475349174,12.249909380480538,0.0,0.547189728891179,19,0.0,0.0,0.0,0.0,0.0,0.0,0.0,0.0,0.0,0.0,0.0,0.0,0.0,0.0,0.0,0.0,0.0,0.0,0.0,0.0,0.0,0.0,0.0,0.0,0.0,0.0,0.0,0.0,0.0,0.0,0.0,0.0,0.0,0.0,0.0,7,0.0,0.0,1,1,0.24597501599850996,0.2790338234219554,-4.2057000316183935,0.0,0.8911280128964183,0.02029448009079405,14.36216957344868,0.0,1.0973820282003526,-1.5902349551628384e-07,0.0,-4.487993512505318e-10,0.01618451018199803,1.0331694174409092,0.0,0.0,0.0,5.229411134793555,0.0,0.001211475573512956,-3.8980212009707143e-07,0.001877055616227351,2.48200126077327,1.103269328315327,0.0,2.0095029621608247,1.2497773073901752,1.2743949329474678e-06,0.0,-1.1505926121400107e-07,0.10095072671150601,0.0,0.0,0.0,1,0.21019185633468165,5.386980732739366,0.6762998994421237,0.0,0.0021073823804977523,0.0,754.820479505623,0.0,1.1365669178662662e-08,0.0,46.711606208017,0.0,0.2651450488338372,0.0,0.0,1.0,0.0,2255.5248736571084,0.0,0.0,1.5246036095718187,0.0,0.0,0.5267390094129937,0.0,0.8408152496524084,0.0,0.1745467207600667,0.005491234419878021,325.8127125321774,0.0,0.987569880023146,0.0,0.3748568972357234,13432.530996627023,1.0,0.0,32.313035660131426,0.0,0.0,0.0,0.0,0.0,88.20129460939224,0.0,0.1892943156185041,161.23525559264107,20.222052317197257,8279.645211195017,0.0,3.223671238484157,0.0,0.0,5686.267441828995,0.0,0.0,381.29989714903934,0.0,0.11058931788310081,1.0,0.898899735000813,-0.0017932934101445586,0.0,0.29496351398165016,0.0,0.854687299332869,-0.00030853144292187487,0.0,0.009696486065933417,0.22308167511118665,0.0,1.0,0.0,0.0,1.0067981211358108,1.2101454315057372,1.022541660609753,0.041837858338928044,-0.042078664685586416,0.14173909733534282,0.12312948300152603,-0.5770858972007259,1.1427267023082022,0.7534580570099187,9,13,-1.7391304347826084,-1.0,-0.5,0.0,0.0,0.0,0.0,0.0,0.0,0.0,0.0,0.0,1.0,0.0,0.0,0.0,0.0,0.0,0.0,0
VAR_002965,0.4453376827052616,0.00019341978289213574,-2.9950003152013875e-07,137.44559552502488,-1.100142083557693e-05,1.9329585719764456e-05,0.7508041572475022,0.6084381918546391,0.9529443930210205,1.303801050867848,0.24941304837262904,28,0.0,0.0,0.0,0.0,0.0,0.0,0.0,1.0,0.0,2.7180158730005455,1.0,1.0,1.0,0.0,0.0,0.020856212226180292,0.017552531713694267,2.879476729401999,2.4867735603821908e-14,0.304807806367233,1.0,2.619952082070933e-15,0.0,3.813771391455777,1.0,1.0,1.0,0.0,41.716443854247125,1.0,1.0,1.0,0.0,2.896091433730838,1.0,3,12.58975059663205,0.0,1,1,0.05944941841922111,0.3573011971171901,2.3286851911129465,0.0,1.0,4.1014813018382195e-05,14.36216957344868,1.0,0.0,0.00011890130069923063,1.0,9.171992340653e-07,-7.978068667777186e-06,0.0035006432615197155,0.0,0.0,0.0,1.0333384865569926,1.0,0.004522516296856504,0.7639787967763857,1.6493691296424846,0.0,1.3415873261671332,1.5218891214305257,0.7384922258701798,1.3367590874913071,0.0021399885566377687,0.40088553419507417,0.010592724381004285,1.372499837548093,1.0,0.0,0.6436208065827874,1,0.04222192204372916,0.0,0.0,0.0,0.0,0.0,0.0,0.0,0.0,0.0,0.0,0.0,0.0,0.0,0.0,0.0,0.0,0.0,0.0,0.0,0.0,0.0,0.0,0.0,0.0,0.0,0.0,0.0,0.0,0.0,0.0,0.0,0.0,0.0,0.0,0.0,0.0,0.0,0.0,0.0,0.0,0.0,0.0,0.0,0.0,0.0,0.0,0.0,0.0,0.0,0.0,0.0,0.0,0.0,0.0,0.0,0.0,1.0,0.3331002964493594,1.0,1.0722969312833635,0.9960351193324273,0.0,1.9153664780365662,0.0,0.0,1.0347537057252103,0.0,1.1209374013959872,0.895102119906499,0.0,1.0,0.0,1.0,-0.0007971252254279692,0.0,1.0215426848055247,1.0656045383434152,0.08463270421284025,-4.393011709117443,-0.5282094674891237,0.5528316018890516,0.751207117110436,0.6705197817965488,21,1,-0.5217391304347826,0.5,0.5,0.0,0.0,0.0,0.0,0.0,0.0,0.0,0.0,0.0,0.0,1.0,0.0,-1.0,1.0,1.0,0.0,1
VAR_003024,16.74180150750016,1.3704394931608586e-06,73.62625455904247,-5.465355450963212e-05,0.7620419760491713,55.90514693383004,22.473669607455847,15.94623338620882,-8.53744670367701e-06,0.19094085244453907,1.075662416621852,16,0.0,0.0,0.0,0.0,0.0,0.0,0.0,0.0,0.0,2.655852464907979,1.0,1.0,1.0,1.0,1.1447171326883876,21.082551571357765,93.68793175453949,16.422231567765632,0.07992962252773796,0.7855179257826232,1.0,0.7211288690135654,1.0132514580063678,0.0,1.0,1.0,1.0,1.0,3.8901043129524226,1.0,1.0,1.0,1.0,2.896091433730838,1.0,3,1.0533634402100721e-05,0.0,2,2,0.7217361711522666,-0.6942359117200843,2.2452413249894656,1.0,1.0,1.4606662207464651,11.175368366247447,1.0,1.0973820282003526,4.673823265487226,1.0,0.7834150562322343,3.338293456251719,1.6395934628328297,1.0,0.3087363248090582,2.934526532233309,1.0365863893069351,1.0,10.000215206586946,5.138606401441515,7.86292857619757,3.1982118410375797,1.3415873261671332,3.1250628423837563,2.5113176035321385,1.3367590874913071,1.3544842804977775,3.4265635009197988,1.153826623152573,1.372499837548093,0.0,1.0,15.323914901129804,2,6.459339544198801,5.595034830509547,0.296422893411533,0.0,75.16016194544693,0.0,195.7879117187907,0.0,9.932727260136158,0.0,1.1055232093383136,0.0,1.0,0.0,1.0,1.0,0.0,250.59467251817887,0.0,0.0,1.5246036095718187,0.0,0.0,1.0,0.0,0.6931471523634555,0.0,1.0,1778.510802858895,25.347919543749768,0.0,3.2441455086587174,0.0,1.0,40.54509749016842,0.0,0.0,7.281173113743635e-16,1.5966885415373189,0.0,0.0,0.218054686470571,0.0,2.6810501686091408e-05,0.0,1.0,5.093841897595923e-14,1.773513839469055,9735.151033921113,0.0,3.223671238484157,0.0,1.0,4279.5250900225365,0.0,0.0,375.7797257418711,1.0,12.34275350025269,1.0,-0.000523815643377287,1.0767606121508022,0.0,1.1335816603970323,0.0,1.2911247775907504,0.0005607834360104536,1.0,1.1209394862070203,-0.0004427828245483422,0.0,1.0,0.0,1.0,-0.0008706510629041302,1.2101454315057372,1.0225416604704176,0.002680691184807992,-1.1964353659059657,-0.04243273258980396,-0.8501136438636261,-0.3982546588976888,-0.5249951259356926,0.060284488095863224,16,16,0.21739130434782605,1.0,-0.5,0.0,0.0,0.0,0.0,0.0,0.0,1.0,0.0,0.0,0.0,0.0,0.0,0.0,1.0,1.0,0.0,1
VAR_003029,0.29574590316997657,0.16766473402377183,0.7947469882511319,84.49958250827368,5.00795315012124,-4.831244816291994e-06,-0.01726717938878597,0.7196800943904302,0.9941102467984492,0.0,0.7583269890507722,13,0.0,0.0,0.0,0.0,0.0,0.0,0.0,0.0,1.0,0.005001908588138428,0.0,0.0,1.0,0.0,1.1447171326883876,0.021090812279737896,0.009108854741194352,6.821157349986177,12.490901716659769,351.96277801670624,0.0,1.9781726959360744e-12,1.0132514580063678,0.0,0.0,0.0,0.0,0.0,0.0,0.0,0.0,0.0,0.0,0.0,0.0,7,0.0,0.0,3,3,0.17993605105398916,-1.8042517568478291,-34.13028277528435,0.0,0.0,-3.884553607683874e-07,0.0,0.0,0.0,-2.2320821211521196e-07,0.0,-1.4948262435770877e-08,-2.6709219008793652e-05,-1.4124635230450503e-05,0.0,0.0,0.0,-2.5336807690208568e-08,0.0,-1.2312450534260474e-06,-4.3419141492691217e-07,-3.5038624508476836e-08,0.0,0.0,0.0,-3.837678156849658e-07,0.0,-1.2618654649194024e-06,0.0,-1.1505932956688551e-07,0.0,0.0,1.0,0.499995881217881,3,0.3937546232014588,0.0,0.0,0.0,0.0,0.0,0.0,0.0,0.0,0.0,0.0,0.0,0.0,0.0,0.0,0.0,0.0,0.0,0.0,0.0,0.0,0.0,0.0,0.0,0.0,0.0,0.0,0.0,0.0,0.0,0.0,0.0,0.0,0.0,0.0,0.0,0.0,0.0,0.0,0.0,0.0,0.0,0.0,0.0,0.0,0.0,0.0,0.0,0.0,0.0,0.0,0.0,0.0,0.0,0.0,0.0,0.0,0.0,0.16644877362572658,0.0,1.1717041008795324,1.0766667074225904,0.0,0.8087887355217699,0.0,0.5853664483618487,1.0523840414358512,1.0,-0.00028032871954522114,1.0238706535389095,0.0,0.0,0.0,0.0,1.006820620204537,0.0,-0.006857481140769779,-0.0018867738934460947,-7.335272665698039,-0.5838553448871034,-32.330047368224086,-1.2602135723433703,-8.720789918759706,-1.2425969687503964,0,5,-1.152173913043478,0.0,-0.5,0.0,0.0,0.0,1.0,0.0,0.0,0.0,0.0,0.0,0.0,0.0,0.0,0.0,0.0,0.0,0.0,0
VAR_002930,3.626171516589475,-3.674268188813316e-07,82.02264667833748,0.19396563683524476,0.007835714857157366,5.7984145725472e-05,0.423954027587765,0.0002341207875513671,0.05869916154559393,0.0,-0.08634767418453682,16,0.0,0.0,0.0,0.0,0.0,0.0,0.0,0.0,0.0,0.0,0.0,0.0,0.0,0.0,0.0,0.0,0.0,0.0,0.0,0.0,0.0,0.0,0.0,0.0,0.0,0.0,0.0,1.0,8.218651218456895e-13,0.0,1.0,0.0,1.0,0.0,1.0,3,9.796138236591248e-10,1.0,1,1,-0.152391281774779,0.10277275354268531,4.291174480000427,0.0,0.0,-3.884553607683874e-07,0.0,0.0,0.0,-2.2320821211521196e-07,0.0,-1.4948262435770877e-08,-2.6709219008793652e-05,-1.4124635230450503e-05,0.0,0.0,0.0,-2.5336807690208568e-08,0.0,-1.2312450534260474e-06,-4.3419141492691217e-07,-3.5038624508476836e-08,0.0,0.0,0.0,-3.837678156849658e-07,0.0,-1.2618654649194024e-06,0.0,-1.1505932956688551e-07,0.0,0.0,0.0,0.0,1,0.10563401128660323,0.0,0.0,0.0,0.0,0.0,0.0,0.0,0.0,0.0,0.0,0.0,0.0,0.0,0.0,0.0,0.0,0.0,0.0,0.0,0.0,0.0,0.0,0.0,0.0,0.0,0.0,0.0,0.0,0.0,0.0,0.0,0.0,0.0,0.0,0.0,0.0,0.0,0.0,0.0,0.0,0.0,0.0,0.0,0.0,0.0,0.0,0.0,0.0,0.0,0.0,0.0,0.0,0.0,0.0,0.0,0.0,1.0,0.1105846351358646,0.0,0.5331063376841022,1.0343002804768866,0.0,2.770729017407695,0.0,1.2911247775907504,1.0524433367010715,0.0,-0.0001984953013118139,-0.0019096150311503698,0.0,0.0,0.0,0.0,1.0067176663717463,1.1649165038167772,0.8955873246477734,0.06954773425559416,0.08463270421284025,0.22692363072109445,-1.54212480099634,0.644123176582867,1.1427267023082022,0.6632655256854513,11,14,-1.1739130434782608,-1.0,0.5,0.0,0.0,0.0,0.0,0.0,0.0,0.0,0.0,0.0,0.0,1.0,0.0,0.0,1.0,1.0,0.0,1
VAR_002594,1.8670128257965735,7.792703881027351,75.72001564105807,0.04658497908746504,1.43015934264548,0.003222852898087053,1.1905883597270799,4.668781889103793,36.14162784925477,88617.39056400814,21.503661543229335,0,1.0,0.0005408439215667,1.0,0.0973025025893896,0.0135826915485298,0.0012344914972755,2.3257869107791585e-06,0.0,0.1473394028253433,0.025477394483030075,1.0,0.0,0.0,1.0,0.0,2.1011120222960873,5.131531776453113e-07,0.0,39.35041109835893,5573.271451942034,1.0,3.3084525453077203,1.0132514580063678,3.813771391455777,1.0,1.0,0.8936213930957055,1.0,417.1283230438807,1.0,1.0,1.0,1.0,2.896091433730838,1.0,0,1.2246924752562585e-18,0.0,2,2,-0.023773517284514177,-8.419376365136518,0.0,1.0,1.0,7.931834418090757e-05,0.0,1.0,0.0,2.7649128158779424,1.0,3.8588385693883427,2.3697381036005707,0.027016642718338115,1.0,1.0,2.934526532233309,7.330577311351651,1.0,1.1046370743782226,2.348381975026618,6.524977695757587,3.1982118410375797,1.3415873261671332,3.1250628423837563,10.038771102665875,1.3367590874913071,1.4184334236438767,3.4265635009197988,10.289162875064855,1.372499837548093,1.0,1.0,8.298345187973425,2,11.297861904291777,5.595034830509547,1.0,0.0,26.233692759080178,0.0,632.1979079128703,0.0,98.61602897276985,0.0,105.89745318346752,0.0,1.0,0.0,1.0,1.0,0.0,2505.9449779439733,0.0,0.0,1.5246036095718187,1.0,0.0,0.5554435859492941,0.0,0.269691238836693,0.0,0.9558093602929748,1778.5128978980983,325.81326683977954,0.0,3.2441455086587174,0.0,1.0,3058.936167959987,1.0,0.0,382.02657596672407,1.5966885415373189,1.0,0.0,0.0,0.0,1.3317965525354913,0.0,0.0,5.521280798898786,22.54917820878273,4.135495969097647e-08,0.0,3.223671238484157,0.0,1.0,5718.9937850345905,1.0,0.0,381.29873731095387,1.0,1.7819076751270078,1.0,0.12377430039995264,-0.001829399846162134,0.0,1.115688111843871,0.0,0.0,0.0007737755706992976,0.0,0.032721220837308065,0.12932538993793524,0.0,0.0,0.0,0.0,1.0068199439039958,1.2101454315057372,1.0225356532401488,-0.0015348366048219292,-2.650305390400028,-1.5767845340162938,-36.42363883459151,-1.6316755775914675,-15.55428926538424,-1.4459207502606142,16,8,0.28260869565217384,0.5,-0.5,0.0,0.0,0.0,0.0,0.0,0.0,1.0,0.0,0.0,0.0,0.0,0.0,,1.0,0.0,1.0,1
VAR_002575,-0.0783428963784724,-3.8059031320814635e-07,-3.004136269736329e-07,-5.4653554515842356e-05,-1.1041372304889563e-05,-4.831251662299113e-06,-0.017267181209998077,-4.8105745895704074e-06,-8.537446705068216e-06,0.0,-0.10946537831009982,8,0.0,0.0,0.0,0.0,0.0,0.0,0.0,0.0,0.0,0.0,0.0,0.0,0.0,0.0,0.0,0.0,0.0,0.0,0.0,0.0,0.0,0.0,0.0,3.813771391455777,0.0,0.0,0.3024356492982538,1.0,2.8597127590924846e-05,1.0,1.0,1.0,1.0,2.896091433730838,1.0,3,11.659142068509263,0.0,1,1,-0.8360319839779197,-0.38179506063534213,0.0,1.0,1.0,2.3038416690712753e-05,0.0,1.0,0.0,0.9386944902663829,0.0,0.5023271164699652,3.714705583050544e-05,1.032158160674912,0.0,1.0,0.929872822356894,1.033313319450616,0.0,3.750638846544522e-05,-2.771379005145992e-09,0.33813136842608243,1.9678959701942944,0.0,0.9642771327381814,1.0038767648755522,1.3367590874913071,1.0134498193692996,0.0,0.9996775196001183,0.0,0.6340086416177835,0.0,0.0,1,-0.1487938252164685,0.0,0.0,0.0,0.0,0.0,0.0,0.0,0.0,0.0,0.0,0.0,0.0,0.0,0.0,0.0,0.0,0.0,0.0,0.0,0.0,0.0,0.0,0.0,0.0,0.0,0.0,0.0,0.0,0.0,0.0,0.0,0.0,0.0,0.0,0.0,0.0,0.0,0.0,0.0,0.0,0.0,0.0,0.0,0.0,0.0,0.0,0.0,0.0,0.0,0.0,0.0,0.0,0.0,0.0,0.0,0.0,0.0,-0.11072982886915257,0.0,-0.0006064556200556692,-0.0018293998462169062,0.0,0.0,0.0,0.0,-0.00030853159312632406,0.0,-0.00028032881180293964,-0.0019096288697232238,0.0,0.0,0.0,0.0,-0.000870651106593671,0.0,-0.006857481141634066,-0.0018867740910451342,0.08463270421284025,0.2207559283153542,0.17327049790207177,0.4049089277471657,0.28855278196646955,0.5494740480826351,9,19,-1.152173913043478,-0.5,-0.5,0.0,0.0,0.0,0.0,0.0,0.0,0.0,0.0,0.0,0.0,0.0,1.0,,1.0,0.0,0.0,1
VAR_002795,18.248837110900674,0.00021481198340444913,339.90643998644225,18.003161127328227,0.0162873539329652,0.054254844998765414,25.35424394845617,11.959072089406932,14.961352927361972,988.2898105359677,16.47793463132096,23,0.0,0.0,0.0,0.0,0.0,0.0,0.0,1.0,1.0,6.881327932090873e-06,1.0,1.0,0.8687984488073047,1.0,1.1447171326883876,2.1092709188278467,0.0017170104345397776,0.008013744009521028,81.1415785601175,2804.363824790948,1.0,3.3080582812938095,1.0132514580063678,3.813771391455777,1.0,1.0,1.0,1.0,1.6407958528426003e-16,0.0,1.0,1.0,1.0,2.896091433730838,1.0,1,0.015279307798898417,0.0,2,2,-0.07404085687106475,0.38302791076075765,2.8991186303029455,1.0,1.0,0.0004509835469139382,0.0,1.0,1.0973820282003526,6.523556975686317,1.0,3.8968337508510946,5.114942159497546,2.1688428081541233,1.0,1.0,2.934526532233309,0.20757797012410206,1.0,5.917626916754941,3.12789851401165,5.245068372106713,3.1982118410375797,1.3415873261671332,3.1250628423837563,10.038771102665875,1.3367590874913071,1.443516495151869,3.4265635009197988,3.725307024462689,1.372499837548093,1.0,1.0,21.57448780169857,2,1.4109399887849103,5.595034830509547,0.0,0.0,676.4540103363221,0.0,24.163750978547796,0.0,1.3063698437321907,0.0,1.0458157380716199e-08,0.0,1.0,0.0,0.203408594376006,1.0,0.0,2505.947073566713,0.0,0.0,1.5246036095718187,1.0,0.0,1.0,0.0,0.5397592723398352,0.0,1.0,126.38911762383474,2.5002883453584563e-06,0.0,3.2441455086587174,0.0,1.0,19.799705628237092,1.0,0.0,381.98862148634714,1.5966885415373189,0.0,0.0,1.0,0.0,90.72709771750608,0.0,0.7468599302910163,163.50103115511882,4.34428220904811e-05,3055.8434398215113,0.0,3.223671238484157,0.0,1.0,5697.739714176143,1.0,0.0,381.2994839256319,1.0,14.166959815563528,1.0,-0.0005998957123041726,1.070309716670588,0.0,2.770729017407695,0.0,0.8122115945239957,1.0524512061763,1.0,1.1113228158224857,-0.0019061354448439757,0.0,1.0,0.0,1.0,0.533363625558242,1.2101454315057372,0.8864451983466345,1.0588509713999275,-2.387214454480646,-3.0129194107745283,0.04589165067559537,0.18647536262094574,-1.3955647060531247,0.04970178414079602,5,10,-0.0869565217391304,1.0,-0.5,0.0,0.0,0.0,0.0,0.0,0.0,1.0,0.0,0.0,0.0,0.0,0.0,-1.0,1.0,0.0,0.0,1
VAR_002932,1.5042804958626697,9.490739047047693e-06,67.98128808814403,0.001988617132401795,15.237545672602447,84.01268945389995,2.0670132919867004,2.722513445018595,-8.533033166188508e-06,42.25404276564507,1.9109150005335478,20,0.0,0.0,0.0,0.0,0.0,0.0,0.0,1.0,0.0,2.718015872979171,0.7376584349247138,1.0,1.0,1.0,1.1447171326883876,0.11087101617341322,9.381267395122547,0.0,23.765643277976974,1.1258359862513434,1.0,1.853803507831475e-05,1.0132514580063678,3.813771391455777,1.0,0.0,0.0,1.0,27.466347116115344,0.0,1.0,0.0,1.0,2.896091433730838,1.0,5,7.944963680451484,0.0,3,3,-0.20876219772072874,0.3863438166804622,-6.442558338842635,0.0,0.0,1.4614871476171496,0.0,1.0,1.0973820282003526,0.9999772733425873,1.0,1.5237095989572003,1.0000092843787862,1.3662718873026762,1.0,1.0,0.0,8.826430012918284e-07,1.0,10.000215206586946,4.679541844631613,8.911824317385575,0.0,0.0,3.1250628423837563,0.04235637006167097,0.18293226592287298,0.9638414484518624,0.41062921278609793,1.0289125110363517,1.372499837548093,1.0,1.0,3.5940558989423845,3,0.5712134112928118,0.0,0.0,0.0,25.523235820545544,0.0,40.87956741541765,0.0,9.92913478680132,0.0,105.20561005914544,0.0,1.0,0.0,1.0,1.0,0.0,250.52811638462583,0.0,0.0,0.0,0.0,0.0,1.0,0.0,0.0,0.0,0.0,1.1473084428555833,70.81335119235389,0.0,2.894695631077585,0.0,0.0,12423.931211373894,0.0,0.0,375.90825843012345,1.5966885415373189,1.0,0.0,0.4967021243486051,0.0,0.3187862728797741,0.0,1.0,164.44620136080627,2.486021810995096e-06,310.46305727372265,0.0,3.223671238484157,0.0,1.0,0.5663805113394758,0.566838335143279,0.0,0.7670488056362299,1.0,6.510746551516078,1.0,1.1703698990861395,1.0356447128726676,0.0,2.770729017407695,0.0,0.0,0.10197775569106993,0.0,0.984213450616174,0.01746898698690237,0.0,1.0,0.0,0.0,0.7892690232592435,1.2101454315057372,-0.0061153276122702365,0.851650945283825,0.08463270421284025,0.16616572308371874,0.17327049790207177,0.09377233481971355,0.22021424351995986,0.6186679982505332,14,21,0.1956521739130435,0.0,0.5,0.0,0.0,0.0,1.0,0.0,0.0,0.0,0.0,0.0,0.0,0.0,0.0,-1.0,1.0,0.0,1.0,1
VAR_003031,-0.0783428963784724,-3.8059031320814635e-07,-3.004136269736329e-07,-5.4653554515842356e-05,-1.1041372304889563e-05,-4.831251662299113e-06,-0.017267181209998077,-4.8105745895704074e-06,-8.537446705068216e-06,0.0,-0.10946537831009982,8,0.0,0.0,0.0,0.0,0.0,0.0,0.0,0.0,0.0,0.0,0.0,0.0,0.0,0.0,0.0,0.0,0.0,0.0,0.0,0.0,0.0,0.0,0.0,0.0,0.0,0.0,0.0,0.0,0.0,0.0,0.0,0.0,0.0,0.0,0.0,7,0.0,0.0,2,2,0.9295002292888824,-1.0329099078975668,-5.196442908086464,0.0,0.0,-3.884553607683874e-07,0.0,0.0,0.0,-2.2320821211521196e-07,0.0,-1.4948262435770877e-08,-2.6709219008793652e-05,-1.4124635230450503e-05,0.0,0.0,0.0,-2.5336807690208568e-08,0.0,-1.2312450534260474e-06,-4.3419141492691217e-07,-3.5038624508476836e-08,0.0,0.0,0.0,-3.837678156849658e-07,0.0,-1.2618654649194024e-06,0.0,-1.1505932956688551e-07,0.0,0.0,0.0,0.0,2,-0.169222268148316,0.0,0.0,0.0,0.0,0.0,0.0,0.0,0.0,0.0,0.0,0.0,0.0,0.0,0.0,0.0,0.0,0.0,0.0,0.0,0.0,0.0,0.0,0.0,0.0,0.0,0.0,0.0,0.0,0.0,0.0,0.0,0.0,0.0,0.0,0.0,0.0,0.0,0.0,0.0,0.0,0.0,0.0,0.0,0.0,0.0,0.0,0.0,0.0,0.0,0.0,0.0,0.0,0.0,0.0,0.0,0.0,0.0,-0.11072982886915257,0.0,-0.0006064556200556692,-0.0018293998462169062,0.0,0.0,0.0,0.0,-0.00030853159312632406,0.0,-0.00028032881180293964,-0.0019096288697232238,0.0,0.0,0.0,0.0,-0.000870651106593671,0.0,-0.006857481141634066,-0.0018867740910451342,-6.299807301685566,-0.27006533713753883,-33.5589391962308,-1.24963938269132,-8.45921603342542,-1.1178428672537752,0,14,-0.7391304347826086,0.0,0.5,0.0,0.0,0.0,0.0,0.0,0.0,0.0,1.0,0.0,0.0,0.0,0.0,,0.0,0.0,0.0,1
VAR_003117,0.6376311264334151,0.0007770239885865678,3.9841897147692504e-07,-5.462610567803902e-05,-4.169290117726165e-06,-4.8201252979058225e-06,0.09241060523744556,0.08070770813671882,6.469954998959697e-06,109666.34705205093,0.18639461867421425,28,0.0,0.0,0.0,0.0,0.0,0.0,0.0,1.0,0.0,2.6893165109440815,0.0,1.0,0.0,1.0,0.0,2.0324052988691093,84.43140680500619,0.4220594738988699,0.3534041117016759,95.48250006626378,1.0,0.04787027980976297,0.0,3.813771391455777,0.0,0.0,0.0,1.0,4.374256685003153e-11,1.0,0.8390382005186399,0.3439166364420043,0.0,2.896091433730838,1.0,3,11.590664452576648,0.0,3,3,1.140197534890719,-8.747347410393548,-21.59320339276749,1.0,0.0,0.00020203321168538668,0.0,1.0,0.0,0.0002699497713865637,1.0,0.9964915971770311,1.000009258648744,1.0150714462685584,0.6545627521789121,0.1752239838052694,0.0,0.7952105877434935,0.0,10.000215206586946,3.531157023227401,5.966303382687368,0.0,1.3415873261671332,0.0,0.897415388336948,0.8908818491523581,8.711235661993316e-05,3.4265635009197988,4.435440239392107e-07,1.372499837548093,0.0,0.0,1.1958971734856725,3,1.3992914077230996,1.6528794750996232,1.0,0.0,4.018430394459464e-11,0.0,0.00014550395515116382,0.0,1.2406931425778085e-06,0.0,103.30811364602161,0.0,0.2543052754637519,0.0,0.0,0.0,0.0,2.054210155253156,0.0,0.0,1.5246036095718187,0.0,0.0,0.070555069939822,0.0,0.0,0.0,1.0,1654.4894524208732,60.25984226239874,0.0,3.2441455086587174,0.0,1.0,0.00010223729120870334,0.0402625188044124,0.0,328.4976648129725,1.5966885415373189,0.0,0.0,0.1303020936917729,0.0,90.72709778598607,0.0,0.0,26.693049908224733,1.3394513938605265e-05,52.403091709773925,0.0,1.9031443198801459,0.0,1.0,5682.1123783385965,0.0,0.0,381.2185181412222,1.0,0.13978461645762016,0.0,-0.0006064552664520337,0.9939112782906223,0.0,1.5940952973671956,0.0,1.2911247775907504,1.0510327079560469,1.0,-0.0002803286664293419,0.012569910391438727,0.0,1.0,0.0,0.0,1.0068102650079638,1.2101454315057372,0.9435596734582516,1.0531636011273717,-58.167667780579336,-1.4280389874456227,-35.98557039650494,-1.4344114228556635,-8.361892384009842,-1.224210421027612,19,9,1.1304347826086956,0.0,0.0,0.0,0.0,0.0,0.0,0.0,1.0,0.0,0.0,0.0,0.0,0.0,0.0,-1.0,1.0,1.0,0.0,1
VAR_003030,-0.0783428963784724,-3.8059031320814635e-07,-3.004136269736329e-07,-5.4653554515842356e-05,-1.1041372304889563e-05,-4.831251662299113e-06,-0.017267181209998077,-4.8105745895704074e-06,-8.537446705068216e-06,0.00010538521320724814,16.14865779270893,7,1.0,0.0001797804272879,0.0,0.0183387012914024,0.0953152295766787,0.099999999982924,0.9127375616412908,0.0,0.0,0.0,0.0,0.0,0.0,0.0,0.0,0.0,0.0,0.0,0.0,0.0,0.0,0.0,0.0,0.0,0.0,0.0,0.0,0.0,41.71868018328834,1.0,1.0,1.0,0.0,2.896091433730838,1.0,6,125.8975059663205,1.0,3,3,0.0898524100445677,-1.7481162140053719,-32.43723673324526,0.0,0.0,-3.884553607683874e-07,0.0,0.0,0.0,-2.2320821211521196e-07,0.0,-1.4948262435770877e-08,-2.6709219008793652e-05,-1.4124635230450503e-05,0.0,0.0,0.0,-2.5336807690208568e-08,0.0,-1.2312450534260474e-06,-4.3419141492691217e-07,-3.5038624508476836e-08,0.0,0.0,0.0,-3.837678156849658e-07,0.0,-1.2618654649194024e-06,0.0,-1.1505932956688551e-07,0.0,0.0,0.0,0.0,3,5.005647450515521,0.0,0.0,0.0,0.0,0.0,0.0,0.0,0.0,0.0,0.0,0.0,0.0,0.0,0.0,0.0,0.0,0.0,0.0,0.0,0.0,0.0,0.0,0.0,0.0,0.0,0.0,0.0,0.0,0.0,0.0,0.0,0.0,0.0,0.0,0.0,0.0,0.0,0.0,0.0,0.0,0.0,0.0,0.0,0.0,0.0,0.0,0.0,0.0,0.0,0.0,0.0,0.0,0.0,0.0,0.0,0.0,1.0,-0.055384686716647036,1.0,-0.0004861706788964003,0.3775541907938191,0.0,2.288569038800132,0.0,0.0,1.001569986539213,1.0,-0.000280328799251338,0.9301087347005873,0.0,1.0,0.0,1.0,1.0067968324663084,0.3430915635276473,0.7082248422419621,1.0586855748700268,-4.994139285479337,-0.412862118637567,-33.59581875865539,-1.2413400377498698,-8.105092247704189,-1.142661987898027,0,22,0.5217391304347826,0.5,0.5,0.0,0.0,0.0,0.0,0.0,1.0,0.0,0.0,0.0,0.0,0.0,0.0,,1.0,0.0,0.0,1
VAR_002839,-0.0783428963784724,-3.8059031320814635e-07,-3.004136269736329e-07,-5.4653554515842356e-05,-1.1041372304889563e-05,-4.831251662299113e-06,-0.017267181209998077,-4.8105745895704074e-06,-8.537446705068216e-06,0.0,-0.10946537831009982,8,0.0,0.0,0.0,0.0,0.0,0.0,0.0,0.0,0.0,0.0,0.0,0.0,0.0,0.0,0.0,0.0,0.0,0.0,0.0,0.0,0.0,0.0,0.0,0.0,0.0,0.0,0.0,0.0,0.0,0.0,0.0,0.0,0.0,0.0,0.0,7,0.0,0.0,1,1,0.1385964651070008,0.1602157383774997,0.0,0.0,0.0,-3.884553607683874e-07,0.0,0.0,0.0,-2.2320821211521196e-07,0.0,-1.4948262435770877e-08,-2.6709219008793652e-05,-1.4124635230450503e-05,0.0,0.0,0.0,-2.5336807690208568e-08,0.0,-1.2312450534260474e-06,-4.3419141492691217e-07,-3.5038624508476836e-08,0.0,0.0,0.0,-3.837678156849658e-07,0.0,-1.2618654649194024e-06,0.0,-1.1505932956688551e-07,0.0,0.0,0.0,0.0,1,-0.169222268148316,0.0,0.0,0.0,0.0,0.0,0.0,0.0,0.0,0.0,0.0,0.0,0.0,0.0,0.0,0.0,0.0,0.0,0.0,0.0,0.0,0.0,0.0,0.0,0.0,0.0,0.0,0.0,0.0,0.0,0.0,0.0,0.0,0.0,0.0,0.0,0.0,0.0,0.0,0.0,0.0,0.0,0.0,0.0,0.0,0.0,0.0,0.0,0.0,0.0,0.0,0.0,0.0,0.0,0.0,0.0,0.0,0.0,-0.11072982886915257,0.0,-0.0006064556200556692,-0.0018293998462169062,0.0,0.0,0.0,0.0,-0.00030853159312632406,0.0,-0.00028032881180293964,-0.0019096288697232238,0.0,0.0,0.0,0.0,-0.000870651106593671,0.0,-0.006857481141634066,-0.0018867740910451342,0.08463270421284025,0.126958993530195,0.17327049790207177,0.5830453660443539,0.7643817475896811,0.5748982164221202,6,19,-0.7826086956521737,-0.5,-0.5,0.0,0.0,0.0,0.0,0.0,0.0,0.0,0.0,0.0,0.0,1.0,0.0,,0.0,0.0,0.0,1
VAR_003124,0.0009317081637417364,26.3058198126814,25.22977875757305,150.562561632132,0.2979319709162781,-4.831251661287965e-06,0.09313754863672556,8.269957274682863e-05,30.33870353779792,0.0,0.09922851738888949,16,0.0,0.0,0.0,0.0,0.0,0.0,0.0,0.0,0.0,0.0,0.0,0.0,0.0,0.0,0.0,0.0,0.0,0.0,0.0,0.0,0.0,0.0,0.0,0.0,0.0,0.0,0.0,0.0,0.0,0.0,0.0,0.0,0.0,0.0,0.0,7,0.0,0.0,3,3,1.140197534890719,-19.13398712308251,-82.06867050471469,0.0,0.0,-3.884553607683874e-07,0.0,0.0,0.0,-2.2320821211521196e-07,0.0,-1.4948262435770877e-08,-2.6709219008793652e-05,-1.4124635230450503e-05,0.0,0.0,0.0,-2.5336807690208568e-08,0.0,-1.2312450534260474e-06,-4.3419141492691217e-07,-3.5038624508476836e-08,0.0,0.0,0.0,-3.837678156849658e-07,0.0,-1.2618654649194024e-06,0.0,-1.1505932956688551e-07,0.0,0.0,0.0,0.0,3,-0.11277312910944795,0.0,0.0,0.0,75.16143030430999,0.0,714.848226906061,0.0,9.932727260341299,0.0,6.158319607518218e-05,0.0,0.0,0.0,0.0,0.0,0.0,0.44665866687711425,0.0,0.0,0.0,1.0,0.0,0.0,0.0,0.4591060223355179,0.0,1.0,0.439245900976437,0.5110112924006317,0.0,1.660553949758828,0.0,0.171714302365504,13432.743962667708,0.0,0.0,142.8343274208265,0.24857009697254814,1.0,0.0,0.0908258305915585,0.0,90.72708920295838,0.0,1.0,0.006302694036205079,6.8971566315970225,7210.86630354939,0.0,1.0140351455797334,0.0,1.0,5580.654400098007,0.0,0.0,14.887611279001515,1.0,-0.05403517547145694,0.0,0.6294755647496839,0.11292784414978657,0.0,0.0,0.0,0.0,-0.000291606587311993,0.0,1.12004065988748,0.9011144220318389,0.0,1.0,0.0,0.0,0.9710346861612712,0.0,0.006886419112377358,0.9316796615256522,-58.167667780579336,-1.9829411696378356,-36.192187426566335,-1.6073336990030376,-8.212337327811815,-1.4349537356562432,8,13,-0.06521739130434778,1.0,-0.5,0.0,0.0,0.0,1.0,0.0,0.0,0.0,0.0,0.0,0.0,0.0,0.0,0.0,0.0,1.0,0.0,0
VAR_003129,-0.003525136468782586,-3.80590313202537e-07,5.503616811244028,0.0016917838354755783,57.3537194681443,2.8838122345356267,0.9819120316633408,4.302777764392097,-8.459887393437298e-06,0.0,-0.100453171334871,16,0.0,0.0,0.0,0.0,0.0,0.0,0.0,0.0,0.0,0.0,0.0,0.0,0.0,0.0,0.0,0.0,0.0,0.0,0.0,0.0,0.0,0.0,0.0,0.0,0.0,0.0,0.0,0.0,0.0,0.0,0.0,0.0,0.0,0.0,0.0,7,0.0,0.0,2,2,1.140197534890719,0.8523172782996858,0.19019502990753617,0.0,0.0,-3.884553607683874e-07,0.0,0.0,0.0,-2.2320821211521196e-07,0.0,-1.4948262435770877e-08,-2.6709219008793652e-05,-1.4124635230450503e-05,0.0,0.0,0.0,-2.5336807690208568e-08,0.0,-1.2312450534260474e-06,-4.3419141492691217e-07,-3.5038624508476836e-08,0.0,0.0,0.0,-3.837678156849658e-07,0.0,-1.2618654649194024e-06,0.0,-1.1505932956688551e-07,0.0,0.0,0.0,0.0,2,1.597424060167555,0.0,0.0,0.0,0.0,0.0,0.0,0.0,0.0,0.0,0.0,0.0,0.0,0.0,0.0,0.0,0.0,0.0,0.0,0.0,0.0,0.0,0.0,0.0,0.0,0.0,0.0,0.0,0.0,0.0,0.0,0.0,0.0,0.0,0.0,0.0,0.0,0.0,0.0,0.0,0.0,0.0,0.0,0.0,0.0,0.0,0.0,0.0,0.0,0.0,0.0,0.0,0.0,0.0,0.0,0.0,0.0,0.0,-0.029182211302425567,0.50600793434026,0.021295658137316157,-0.0018293177932449274,0.0,0.0,0.0,0.0,0.8728737276997685,0.0,1.1209390471337393,0.9310623511175471,0.0,0.0,0.0,0.0,1.006745430179517,0.8818510936377735,-0.006845401784034588,1.064250758207674,0.08463270421284025,-2.667862154706907,0.17327049790207177,-0.5211982849328605,-0.0575538807776257,-0.11433075816407823,5,10,-0.0869565217391304,1.0,-0.5,0.0,0.0,0.0,0.0,0.0,0.0,1.0,0.0,0.0,0.0,0.0,0.0,0.0,0.0,1.0,0.0,1
VAR_002903,0.07126307634881052,-3.8059022776349805e-07,47.68388685196253,369.73732934161416,1.4301593425149959,0.02014243883894264,-0.017266910042902258,-4.520961529387276e-06,0.002025585848940796,0.0,0.37326559159763883,13,0.0,0.0,0.0,0.0,0.0,0.0,0.0,0.0,0.0,0.0,0.0,0.0,0.0,0.0,0.0,0.0,0.0,0.0,0.0,0.0,0.0,0.0,0.0,0.0,0.0,0.0,0.0,0.0,0.0,0.0,0.0,0.0,0.0,0.0,0.0,7,0.0,0.0,4,4,-0.6065657029577232,-4.392684435440135,-26.911323525032834,0.0,1.0,1.464160919897447,0.0,0.0,0.0,9.87971120645228,1.0,1.0231445986559127,3.563087274171004,0.04846300001321075,0.0,1.0,0.0,-2.5336596117675876e-08,0.0,0.011525942333675595,0.00030839407783223824,0.866559514243854,0.0,0.0,0.0,0.05179768865669688,0.0,6.574337662944783,0.0,1.0272236336033773,1.372499837548093,0.0,0.0,0.0,4,0.7741561682617968,0.0,0.0,0.0,0.0,0.0,0.0,0.0,0.0,0.0,0.0,0.0,0.0,0.0,0.0,0.0,0.0,0.0,0.0,0.0,0.0,0.0,0.0,0.0,0.0,0.0,0.0,0.0,0.0,0.0,0.0,0.0,0.0,0.0,0.0,0.0,0.0,0.0,0.0,0.0,0.0,0.0,0.0,0.0,0.0,0.0,0.0,0.0,0.0,0.0,0.0,0.0,0.0,0.0,0.0,0.0,0.0,1.0,-7.080971177630943e-05,0.0,1.1616762973600798,0.035796974991952675,0.0,0.345950326094948,0.0,0.0,1.0523924420086466,0.0,-0.0002762930916652902,1.023879578492641,0.0,0.0,0.0,0.0,0.0024131390127502517,0.014948975491023486,-0.00685747910443811,0.5783177039326259,-0.18223775880818585,-0.49630438256200843,0.13680307485213908,-1.4249175511694039,0.13959404245652487,-1.409823257388878,5,4,0.0,1.5,0.5,0.0,0.0,0.0,0.0,0.0,0.0,0.0,0.0,0.0,0.0,0.0,0.0,0.0,0.0,0.0,0.0,1
VAR_003107,-0.0783428963784724,-3.8059031320814635e-07,-3.004136269736329e-07,-5.4653554515842356e-05,-1.1041372304889563e-05,-4.831251662299113e-06,-0.017267181209998077,-4.8105745895704074e-06,-8.537446705068216e-06,0.0,-0.10946537831009982,8,0.0,0.0,0.0,0.0,0.0,0.0,0.0,0.0,0.0,0.0,0.0,0.0,0.0,0.0,0.0,0.0,0.0,0.0,0.0,0.0,0.0,0.0,0.0,0.0,0.0,0.0,0.0,0.0,0.0,0.0,0.0,0.0,0.0,0.0,0.0,7,0.0,0.0,1,1,1.140197534890719,-6.188101562438729,-22.103235688986977,0.0,0.0,-3.884553607683874e-07,0.0,0.0,0.0,-2.2320821211521196e-07,0.0,-1.4948262435770877e-08,-2.6709219008793652e-05,-1.4124635230450503e-05,0.0,0.0,0.0,-2.5336807690208568e-08,0.0,-1.2312450534260474e-06,-4.3419141492691217e-07,-3.5038624508476836e-08,0.0,0.0,0.0,-3.837678156849658e-07,0.0,-1.2618654649194024e-06,0.0,-1.1505932956688551e-07,0.0,0.0,0.0,0.0,1,-0.169222268148316,0.0,0.0,0.0,0.0,0.0,0.0,0.0,0.0,0.0,0.0,0.0,0.0,0.0,0.0,0.0,0.0,0.0,0.0,0.0,0.0,0.0,0.0,0.0,0.0,0.0,0.0,0.0,0.0,0.0,0.0,0.0,0.0,0.0,0.0,0.0,0.0,0.0,0.0,0.0,0.0,0.0,0.0,0.0,0.0,0.0,0.0,0.0,0.0,0.0,0.0,0.0,0.0,0.0,0.0,0.0,0.0,0.0,-0.11072982886915257,0.0,-0.0006064556200556692,-0.0018293998462169062,0.0,0.0,0.0,0.0,-0.00030853159312632406,0.0,-0.00028032881180293964,-0.0019096288697232238,0.0,0.0,0.0,0.0,-0.000870651106593671,0.0,-0.006857481141634066,-0.0018867740910451342,-0.989729995379508,-1.0343265084214874,-19.900342605193227,-1.4537972845869442,-7.119020227693119,-1.4237664708742745,11,22,0.08695652173913049,1.0,1.5,0.0,0.0,0.0,0.0,0.0,0.0,0.0,0.0,0.0,0.0,0.0,0.0,,0.0,0.0,0.0,1
VAR_002708,-0.0783428963784724,-3.8059031320814635e-07,-3.004136269736329e-07,-5.4653554515842356e-05,-1.1041372304889563e-05,-4.831251662299113e-06,-0.017267181209998077,-4.8105745895704074e-06,-8.537446705068216e-06,6.049815368933088,1.055650820608597,28,0.0,0.0,0.0,0.0,0.0,0.0,0.0,0.0,0.5897536919674102,0.00028847246975063863,0.2983082318426029,0.0,1.0,0.0,1.1447171326883876,2.1092282401569986,0.001403077255013935,0.0,81.1348101851673,491.52437185766155,1.0,3.308452471572837,0.0,0.0,0.0,0.0,0.0,0.0,0.0,0.0,0.0,0.0,0.0,0.0,0.0,7,0.0,0.0,1,1,0.3237180662736995,0.1763278962226787,5.809412790022429,0.0,1.0,1.4641390017661375,0.0,0.0,1.0973820282003526,0.9972111301151693,1.0,0.005147741951136657,0.9356923586733684,1.4986070200816646e-05,0.0,1.0,0.0,0.3257424157894703,1.0,-1.1425913233366715e-06,1.0000787436348095,0.12132835735332345,1.6179545331824572,0.0,0.8365187792299446,1.003876651089285,0.5966622585733884,-1.2618654642369162e-06,0.0,0.96361513378382,0.0,1.0,0.0,10.867724718734843,1,0.109718109810476,0.0,0.0,0.0,0.0,0.0,0.0,0.0,0.0,0.0,0.0,0.0,0.0,0.0,0.0,0.0,0.0,0.0,0.0,0.0,0.0,0.0,0.0,0.0,0.0,0.0,0.0,0.0,0.0,0.0,0.0,0.0,0.0,0.0,0.0,0.0,0.0,0.0,0.0,0.0,0.0,0.0,0.0,0.0,0.0,0.0,0.0,0.0,0.0,0.0,0.0,0.0,0.0,0.0,0.0,0.0,0.0,0.0,-0.050299249352004125,0.0,1.1685592917269356,-0.0017151862146848797,0.0,0.17399732698874643,0.0,0.14968719956666612,1.0524511997929789,0.0,-0.00027628943844743134,0.043767907732036496,0.0,0.0,0.0,1.0,-0.0008706497560009899,0.0,0.001677783828262266,0.06895358997730601,0.08463270421284025,0.22692363072109445,0.17327049790207177,0.654102471068071,1.0191098514187642,0.588976127814135,11,14,-1.1739130434782608,-1.0,0.5,0.0,0.0,0.0,0.0,0.0,0.0,0.0,0.0,0.0,0.0,1.0,0.0,-1.0,0.0,1.0,0.0,1
VAR_002702,2.9604603323302063,0.36777422014195305,9.463802382660356,448.66757166970865,1.6168594356847206,0.00011754797218304734,1.0796326423340667,0.0017174663903385893,24.315576728756746,0.0,-0.04568100628465547,16,0.0,0.0,0.0,0.0,0.0,0.0,0.0,0.0,0.0,0.0008880208065625527,1.0,1.0,0.0,0.0,0.0,1.5294661636951563,1.848946511149015e-15,4.0169426660266225,1.6316880001331895,1.5805690680511974e-06,1.0,1.6768052636938409,1.0132514580063678,3.813771391455777,1.0,1.0,0.4532320426532982,1.0,36.53524543908089,0.0,1.0,1.0,1.0,0.0,1.0,3,0.8134106837514025,0.0,2,2,0.17170676637727342,-0.5322203335174734,0.0,1.0,1.0,0.748111235237616,14.09438802427506,1.0,0.7366026948853661,1.0000390064633788,1.0,-1.4947983151776168e-08,0.9959289451443981,0.36698415964116543,0.882342167504252,0.0,0.0,1.03334087459953,1.0,4.569576475944174,2.9258477288436398,5.553411002899145,0.0,0.0,3.1250628423837563,0.7674360182902964,0.9844199612157961,-1.2460335283465793e-06,0.0,0.0011687285938830764,1.372499837548093,1.0,1.0,16.85229287177135,2,0.07872894767747528,0.0,0.4176926779600143,0.0,16.810934541091026,0.0,0.8634415944546193,0.0,9.850935104228855,0.0,6.75135550622676e-06,0.0,0.0568084528308164,0.0,0.0,0.0,0.0,0.00465008475339865,0.0,0.0,0.0,1.0,0.0,0.0,0.0,1.0,0.0,0.0,0.12045528566617128,2.4441164105535156e-08,0.0,2.141318220471636,0.0,0.0,12609.848674708093,0.1256337684313319,0.0,0.012375533712238942,0.0,1.0,0.0,0.1224458989653441,0.0,89.29205653856441,0.0,0.1862932961783467,155.82626677386708,7.629549197246282,64.42718876324113,0.0,3.223671238484157,0.0,0.0,0.0003103153368693646,0.0,0.0,1.7039597407100647e-08,0.0,0.44264918093871075,0.1483880164926011,0.5879786040409105,0.003058151212247278,0.0,0.0,0.0,0.3316038323298727,0.22125278963682302,0.0,1.120939486228384,1.0238795780252463,0.0,1.0,0.0,0.0,1.0001831142748834,0.3873469668379638,-0.006846453739713762,-0.0016951716588619538,-36.47893582656506,0.059416807042915076,-0.14476999098491602,-1.0329498750420159,-1.0911920931425492,-0.5890868239578264,4,24,0.47826086956521735,-1.0,-0.5,0.0,0.0,0.0,0.0,0.0,0.0,0.0,0.0,1.0,0.0,0.0,0.0,0.0,1.0,1.0,0.0,1
VAR_003212,0.12056606216392239,3.750798084339517e-07,6.019212967989066e-05,-5.453024395642565e-05,24.858628672373076,-4.831201130147157e-06,0.3678830578902977,1.4282068068647886,-8.534951323255677e-06,0.2864453960431411,-0.011070900172254618,28,0.0,0.0,0.0,0.0,0.0,0.0,0.0,1.0,0.0,0.05084256853517177,1.0,1.0,0.0,0.0,1.1447171326883876,0.029945525228321206,6.863152791655158,8.704282208455691,0.05677866394842792,1.9457163054287245e-06,1.0,7.497188173931134e-08,1.0132514580063678,3.813771391455777,1.0,1.0,0.0,0.0,0.32305071151434434,0.0,1.0,0.0,0.0,2.896091433730838,1.0,3,6.735148235240062e-10,0.0,4,4,-6.39382143418214,-10.728890702546794,-59.295465817467885,0.0,0.0,-3.884553607683874e-07,0.0,0.0,0.0,-2.2320821211521196e-07,0.0,-1.4948262435770877e-08,-2.6709219008793652e-05,-1.4124635230450503e-05,0.0,0.0,0.0,-2.5336807690208568e-08,0.0,-1.2312450534260474e-06,-4.3419141492691217e-07,-3.5038624508476836e-08,0.0,0.0,0.0,-3.837678156849658e-07,0.0,-1.2618654649194024e-06,0.0,-1.1505932956688551e-07,0.0,0.0,0.0,0.9999929794640232,4,0.09740226953902885,5.595034830509547,0.2369169774280447,0.0,75.16063913899269,0.0,758.8280415649278,0.0,9.932078930645583,0.0,106.07657189163034,0.0,1.0,0.0,0.0,1.0,0.0,250.3592880976627,0.0,0.0,1.5246036095718187,1.0,0.0,0.0,0.0,0.6902263383845808,0.0,0.6073536911120774,0.0010596389073452195,0.3658651092270055,0.0,1.6114003998154658,0.0,0.0,13432.728624625819,0.7565185285911363,0.0,255.35072174182352,1.5966885415373189,0.0,0.0,0.0,0.0,90.66581136847765,0.0,0.9081228169909163,1.5134530623441242,22.549377982955985,4.247112976372519e-06,0.0,3.223671238484157,0.0,1.0,0.15581286994810242,1.0,0.0,381.29990103808785,1.0,0.14373238360548507,1.0,1.1677650956887642,-0.0018293867285288394,0.0,1.4314795311226804,0.0,1.0783051979941756,1.0524511898418936,0.0,0.4108337065861924,1.023825662177603,0.0,1.0,0.0,0.0,1.0068206202045824,0.0,0.0024701382213245747,-0.0011235357581760406,-58.167667780579336,-5.832731176588824,-34.9956672620109,-2.040971218303865,-21.816496124703445,-2.0273682032107008,12,22,0.5,1.0,-1.0,0.0,1.0,0.0,0.0,0.0,0.0,0.0,0.0,0.0,0.0,0.0,0.0,-1.0,1.0,1.0,0.0,0
VAR_003174,2.4322728074849045,44.50643611342499,0.0012815714731453406,-5.4653554515842356e-05,-1.0564013751213742e-05,1.6633517626759016,-0.01726679159210316,12.002303472207112,0.0007055634725136429,0.03903209111753082,1.0143967129866462,15,0.0,0.0,0.0,0.0,0.0,0.0,0.0,0.7855606840062546,1.0,2.714895796991932,0.0902389875175882,0.0,0.9224636475394332,1.0,1.0434673414048765,1.7870777458451934,9.38126650355865,16.422231567765632,80.73462173386373,4.2124764972093044e-20,0.0,2.5703660880232673,0.0,0.0,1.0,0.0,0.9312647537361732,0.0,1.0798957454920691e-06,0.0,0.0,0.0,0.0,2.896091433730838,1.0,0,2.461504370908876e-05,0.0,3,3,-0.6913044393050368,-1.5235586884521863,0.0,0.0,0.0,1.0820902620306787,0.0,1.0,0.0,10.000394169520558,1.0,1.0231894693202186,10.000333261635726,1.0018033750169983,0.0,1.0,0.0,0.9118325039754932,0.0,0.1991616200181073,7.189774560406379,13.656667650596697,0.0,0.0,0.0,1.1891666500601747,1.3367590874913071,1.8075823090228,0.24730957762067252,0.603167336663904,0.0,1.0,1.0,2.999969743234693,3,0.6621223628924655,1.5176449969249897,0.940953648001689,0.0,0.5998376882151788,0.0,96.62513056221415,0.0,9.932723810040473,0.0,18.7276072580427,0.0,0.0,0.0,1.0,1.0,0.0,16.65679016687867,0.0,0.0,1.5246036095718187,1.0,0.0,0.0,0.0,0.0,0.0,1.0,3.3564745808316666e-14,232.37409424729546,0.0,3.2441455086587174,0.0,0.0,10601.729939322593,0.0,0.0,382.007793280236,1.5966885415373189,1.0,0.0,0.0,0.0,28.22380770887796,0.0,1.0,1.3024810697186366e-06,2.328665569312412,1569.1762871849137,0.0,0.0,0.0,1.0,5369.264353778209,0.0,0.0,2.5795805474268624e-06,1.0,0.3889122674900743,0.0,0.2316619138554462,0.06195574516133505,0.0,0.0,0.0,0.0,1.04104558368347,1.0,0.6526015325874289,0.6808167071692192,0.0,1.0,0.0,1.0,1.0028066671447822,1.2101454315057372,0.003734228077299325,1.0624606029998667,0.08463270421284025,-0.045229992572970466,-0.4097726987118827,-0.9155057780582891,0.053606083398242056,0.08161535994682946,16,19,0.8043478260869564,0.0,1.5,0.0,0.0,0.0,0.0,0.0,0.0,0.0,0.0,0.0,0.0,0.0,0.0,0.0,1.0,0.0,1.0,1
VAR_003059,11.155758977149343,2.798667558037119,492.8252080447565,52.91500475965607,0.00184642561026925,246.27458984943468,12.668916232087453,5.981340357915544,0.21496082378922934,0.017332928920236697,2.9683970146040695,29,0.0,0.0,0.0,0.0,0.0,0.0,0.0,1.0,0.0,2.664688646591096,0.9703144499231484,0.0,0.7874214417162432,1.0,0.0,2.1092741029807263,3.901096469119634e-05,0.0,81.14133142458381,4.291929249110662e-06,0.0,3.291282084670744,0.0,0.0,1.0,1.0,1.0,1.0,26.07522182398728,0.0,1.0,1.0,1.0,2.896091433730838,1.0,3,3.691122226211077e-07,1.0,4,4,0.2319582114316486,0.19792691286186048,0.0,1.0,1.0,-3.8845536061939303e-07,14.36216957344868,1.0,1.0973820282003526,10.000394169520558,1.0,1.1824536638740317,10.000333261635726,0.6186644218417979,1.0,0.0,2.934526532233309,1.5167048310685494,1.0,10.000215206586946,1.3478232616405128,1.2105635153708407,3.1982118410375797,1.3415873261671332,3.1250628423837563,2.8118397991299835,1.3367590874913071,1.0791751469562259,3.4265635009197988,2.997743589608648,1.372499837548093,0.0,1.0,10.99988321774058,4,2.024073011555806,5.595034830509547,0.0,0.0,751.6155609198498,0.0,7916.414116635842,0.0,6.0265236490901914,0.0,106.186287048828,0.0,0.6183057296987933,0.0,1.0,1.0,0.0,185.1032504271038,0.0,0.0,1.5246036095718187,0.0,0.0,1.0,0.0,1.0,0.0,1.0,1778.518321665913,324.86375835146333,0.0,3.2441455086587174,0.0,1.0,54.26227634332419,0.5992984520820209,0.0,233.25954907960573,1.5966885415373189,0.0,0.0,1.0,0.0,816.544029742701,0.0,1.0,3.490894604077061,4.9821565987480494e-11,1.7029061894830202,0.0,3.223671238484157,0.0,1.0,1.8029904051415344,0.0,0.0,361.16865073974367,1.0,7.475205624962529,1.0,-0.0006064436281563739,1.0767569977052276,0.0,2.770729017407695,0.0,0.0,0.042284336170329014,0.0,0.0030085927759662683,10.255982444753919,0.0,1.0,0.0,1.0,-0.0008659082062828106,0.0,0.9474257331017655,0.07481430186318802,0.08463270421284025,-3.307208053168754,0.02620108055991046,0.030312794738362403,-0.3057207107251461,0.046293271964893606,4,22,1.6739130434782608,-1.0,-0.5,0.0,0.0,1.0,0.0,0.0,0.0,0.0,0.0,0.0,0.0,0.0,0.0,-1.0,1.0,0.0,0.0,1
VAR_003026,1.941704003213836,3.247328925581161,68.01172947070035,31.88628368952104,8.524082534348118,-4.824186273924943e-06,2.754180642838841,0.11335755200315165,53.56185223746302,0.14693747943038707,0.9353915718298066,20,0.0,0.0,0.0,0.0,0.0,0.0,0.0,1.0,0.0,2.586638439092439,1.0,1.0,0.0,1.0,1.1447171326883876,2.1092772061966203,0.0002223180234701117,14.582400564776103,0.012740683123810725,0.2532544138183739,1.0,1.5768885993464223,1.0132514580063678,0.0,1.0,1.0,1.0,1.0,1.7387424192927006,1.0,1.0,0.0,0.0,2.896091433730838,1.0,0,0.09825243531673138,1.0,3,3,1.0112197747588811,-3.8255094766394313,-39.699290770540614,1.0,1.0,1.3330104604629323,2.085258453700124,1.0,1.0973820282003526,10.000394169520558,1.0,6.435145608391249,10.000333261635726,0.2817821237677022,0.0,1.0,2.934526532233309,1.0333419544951787,1.0,2.7730979061152023,1.256058904189557,0.4865123591772229,3.1982118410375797,1.3415873261671332,3.1250628423837563,1.6608039321762658,1.3367590874913071,0.5727311616836609,3.4265635009197988,6.804060870280561,0.46395513869317756,1.0,0.8405884291728745,4.003285448630386,3,1.2417843037498717,0.0,1.0,0.0,18.29270329723191,0.0,3.822007835771298e-09,0.0,9.91899734284793,0.0,1.6280032738000314,0.0,0.5062817448125219,0.0,1.0,1.0,0.0,208.95216124358183,0.0,0.0,1.5246036095718187,0.0,0.0,0.0,0.0,0.4511753769949923,0.0,1.0,1657.0125650757907,325.81326683973816,0.0,2.5954917669824398,0.0,1.0,1166.2064293149585,0.9437004409585922,0.0,2.5428680779179898e-09,1.5966885415373189,1.0,0.0,0.0,0.0,1.238522154471078,0.0,1.0,8.742496436788084e-13,0.001309398373818579,15331.236663624288,0.0,3.0052921628325873,0.0,1.0,18.68351166755765,0.0,0.0,293.88502505734454,1.0,1.7764028497549453,1.0,1.1712022053178945,1.0767606144677269,0.0,2.3111699239427885,0.0,1.187864190172343,1.0524512094432283,0.0,1.1208119734910633,1.0238795784925978,0.0,1.0,0.0,1.0,0.9495084212466306,1.0861565409061953,-0.006460640934191502,-0.0018867740879349743,0.08463270421284025,-0.12538237252075027,0.17327049790207177,-1.3815451825956746,-7.964629050149781,-1.0673117178144336,16,23,0.7826086956521738,-1.0,-0.5,0.0,0.0,0.0,0.0,0.0,0.0,0.0,0.0,0.0,0.0,0.0,0.0,-1.0,1.0,0.0,1.0,1
VAR_002905,-0.0783428963784724,-3.8059031320814635e-07,-3.004136269736329e-07,-5.4653554515842356e-05,-1.1041372304889563e-05,-4.831251662299113e-06,-0.017267181209998077,-4.8105745895704074e-06,-8.537446705068216e-06,0.0,-0.10946537831009982,8,0.0,0.0,0.0,0.0,0.0,0.0,0.0,0.0,0.0,0.0,0.0,0.0,0.0,0.0,0.0,0.0,0.0,0.0,0.0,0.0,0.0,0.0,0.0,0.0,0.0,0.0,0.0,0.0,0.0,0.0,0.0,0.0,0.0,0.0,0.0,7,0.0,0.0,3,3,-0.5130142356893931,-1.0268146339795496,2.4441101433188828,0.0,0.0,-3.884553607683874e-07,0.0,0.0,0.0,-2.2320821211521196e-07,0.0,-1.4948262435770877e-08,-2.6709219008793652e-05,-1.4124635230450503e-05,0.0,0.0,0.0,-2.5336807690208568e-08,0.0,-1.2312450534260474e-06,-4.3419141492691217e-07,-3.5038624508476836e-08,0.0,0.0,0.0,-3.837678156849658e-07,0.0,-1.2618654649194024e-06,0.0,-1.1505932956688551e-07,0.0,0.0,0.0,0.0,3,-0.169222268148316,0.0,0.0,0.0,0.0,0.0,0.0,0.0,0.0,0.0,0.0,0.0,0.0,0.0,0.0,0.0,0.0,0.0,0.0,0.0,0.0,0.0,0.0,0.0,0.0,0.0,0.0,0.0,0.0,0.0,0.0,0.0,0.0,0.0,0.0,0.0,0.0,0.0,0.0,0.0,0.0,0.0,0.0,0.0,0.0,0.0,0.0,0.0,0.0,0.0,0.0,0.0,0.0,0.0,0.0,0.0,0.0,0.0,-0.11072982886915257,0.0,-0.0006064556200556692,-0.0018293998462169062,0.0,0.0,0.0,0.0,-0.00030853159312632406,0.0,-0.00028032881180293964,-0.0019096288697232238,0.0,0.0,0.0,0.0,-0.000870651106593671,0.0,-0.006857481141634066,-0.0018867740910451342,0.08463270421284025,-0.26200594743403016,-0.1664707575795124,-0.25504697158132505,0.7553762056327212,-0.14790935199092134,11,22,0.08695652173913049,1.0,1.5,0.0,0.0,0.0,0.0,0.0,0.0,0.0,0.0,0.0,0.0,0.0,0.0,,0.0,0.0,0.0,1
VAR_002745,0.23769505902423202,0.245957221405605,0.2298610266186595,2.5117377485678885e-05,177.397802549656,0.00035021750788093614,8.394650101807294,-4.64357795302461e-06,0.00018447408343936431,0.0,-0.09790186540708287,16,0.0,0.0,0.0,0.0,0.0,0.0,0.0,0.0,0.0,4.844145757552008e-05,0.0,1.0,0.0,1.0,1.0737951376382804,2.109277204627346,9.350568200760117,0.0,0.018122944476906485,9.453478403293928e-07,0.0,3.3083865322385138,0.0,0.0,0.0,0.0,0.0,0.0,0.0,0.0,0.0,0.0,0.0,0.0,0.0,7,0.0,0.0,3,3,-0.63899349853316,-0.23329305243258378,0.0,0.0,1.0,0.000672284910554034,0.0,0.0,0.0,0.4208842287664665,0.0,0.7305521026277649,1.0000018356002707,0.13427751450133688,1.0,0.0,0.0,0.0012101967679569077,1.0,0.4356973709497599,0.0014456855511554543,4.767539322825651,0.0,0.3259957319174451,0.0,1.0038767648755533,0.6492679650804156,1.0134559340665534,0.0,0.00161115533027248,0.0,0.0,0.0,1.0090577128119944,3,-0.0397282760033608,0.0,0.0,0.0,0.0,0.0,0.0,0.0,0.0,0.0,0.0,0.0,0.0,0.0,0.0,0.0,0.0,0.0,0.0,0.0,0.0,0.0,0.0,0.0,0.0,0.0,0.0,0.0,0.0,0.0,0.0,0.0,0.0,0.0,0.0,0.0,0.0,0.0,0.0,0.0,0.0,0.0,0.0,0.0,0.0,0.0,0.0,0.0,0.0,0.0,0.0,0.0,0.0,0.0,0.0,0.0,0.0,0.0,-4.38166126651832e-05,0.0,1.1717744985796648,1.0045770426178506,0.0,1.9517107533221725,0.0,0.0,-0.00015502750311502663,1.0,0.0006337935931927657,-0.0019096288697231956,0.0,1.0,0.0,0.0,0.5215766896731956,1.2101454315057372,1.0225416581790268,0.5214242590914115,0.08463270421284025,-0.5897071139928489,0.17327049790207177,0.5760487398525322,-0.1858820625962889,0.7076129626889477,17,3,0.7173913043478259,0.0,0.5,0.0,0.0,0.0,0.0,0.0,0.0,0.0,0.0,0.0,0.0,0.0,0.0,0.0,0.0,1.0,0.0,1
VAR_003055,-0.0783428963784724,-3.8059031320814635e-07,-3.004136269736329e-07,-5.4653554515842356e-05,-1.1041372304889563e-05,-4.831251662299113e-06,-0.017267181209998077,-4.8105745895704074e-06,-8.537446705068216e-06,0.0,-0.10946537831009982,8,0.0,0.0,0.0,0.0,0.0,0.0,0.0,1.0,0.0,2.7180158730062343,0.0,1.0,0.0,1.0,1.1447171326883876,0.24992261747220282,4.276291513410085e-05,4.186845300080232,1.0177309679491666e-20,343.4100477349439,0.0,3.3084479154313544,0.0,0.0,0.0,0.0,0.0,0.0,0.0,0.0,0.0,0.0,0.0,0.0,0.0,7,0.0,0.0,3,3,0.33963076594109803,0.6548133809978833,0.0,0.0,0.0,1.4641609199910304,0.0,1.0,0.0,-2.2312035233342026e-07,1.0,0.0006831894392492782,0.007065306824798481,0.9952926026953569,0.0,0.0,2.870430494173219,3.03921158299749,0.0,0.007141880747066762,1.4207891640693497,0.8348854579099436,0.0,0.0,0.0,5.682044665268525,1.3367590874913071,-1.1479280078909272e-06,1.5120917155334226,0.0006001895667332052,0.0,1.0,0.0,0.0,3,-0.06900663252469205,0.0,0.0,0.0,0.0,0.0,0.0,0.0,0.0,0.0,0.0,0.0,0.0,0.0,0.0,0.0,0.0,0.0,0.0,0.0,0.0,0.0,0.0,0.0,0.0,0.0,0.0,0.0,0.0,0.0,0.0,0.0,0.0,0.0,0.0,0.0,0.0,0.0,0.0,0.0,0.0,0.0,0.0,0.0,0.0,0.0,0.0,0.0,0.0,0.0,0.0,0.0,0.0,0.0,0.0,0.0,0.0,0.0,-0.11072982886915257,0.0,-0.0006064556200556692,-0.0018293998462169062,0.0,0.0,0.0,0.0,-0.00030853159312632406,0.0,-0.00028032881180293964,-0.0019096288697232238,0.0,0.0,0.0,0.0,-0.000870651106593671,0.0,-0.006857481141634066,-0.0018867740910451342,0.08463270421284025,-4.200214937862924,-1.377418898431357,0.5246272673402428,0.933038801960827,0.6598206334989293,14,11,1.1739130434782608,-1.0,0.5,0.0,0.0,0.0,0.0,0.0,1.0,0.0,0.0,0.0,0.0,0.0,0.0,,0.0,0.0,0.0,1
VAR_002856,-0.0783428963784724,-3.8059031320814635e-07,-3.004136269736329e-07,-5.4653554515842356e-05,-1.1041372304889563e-05,-4.831251662299113e-06,-0.017267181209998077,-4.8105745895704074e-06,-8.537446705068216e-06,0.0,-0.10946537831009982,8,0.0,0.0,0.0,0.0,0.0,0.0,0.0,0.0,0.0,0.0,0.0,0.0,0.0,0.0,0.0,0.0,0.0,0.0,0.0,0.0,0.0,0.0,0.0,0.0,0.0,0.0,0.0,0.0,0.0,0.0,0.0,0.0,0.0,0.0,0.0,7,0.0,0.0,3,3,0.5758462212009672,-2.151269664271893,-6.209790461542458,1.0,1.0,1.4637776260553135,0.0,0.0,0.4576165315249661,-2.2290759649962436e-07,0.0,1.1686181705666052,0.951609249366454,0.06986579787145493,1.0,1.0,1.555026610433302,1.0326912748876114,0.0,0.9960475436031208,0.9374825140222847,-3.5038624508465004e-08,0.0,1.3415873261671332,0.0,0.0001689765230901538,0.0,0.004192093784067244,3.2000196157083636,1.0266515049915899,1.372499837548093,0.0,0.0,0.0,3,-0.1079690164937472,0.0,0.0,0.0,0.0,0.0,0.0,0.0,0.0,0.0,0.0,0.0,0.0,0.0,0.0,0.0,0.0,0.0,0.0,0.0,0.0,0.0,0.0,0.0,0.0,0.0,0.0,0.0,0.0,0.0,0.0,0.0,0.0,0.0,0.0,0.0,0.0,0.0,0.0,0.0,0.0,0.0,0.0,0.0,0.0,0.0,0.0,0.0,0.0,0.0,0.0,0.0,0.0,0.0,0.0,0.0,0.0,0.0,-0.11072982886915257,0.0,-0.0006064556200556692,-0.0018293998462169062,0.0,0.0,0.0,0.0,-0.00030853159312632406,0.0,-0.00028032881180293964,-0.0019096288697232238,0.0,0.0,0.0,0.0,-0.000870651106593671,0.0,-0.006857481141634066,-0.0018867740910451342,0.08463270421284025,0.15460539515523128,0.17327049790207177,-0.9277197255848829,0.9597401271404818,-1.0658847583824498,16,7,0.8913043478260868,-0.5,1.5,0.0,0.0,0.0,0.0,0.0,0.0,0.0,0.0,0.0,0.0,0.0,0.0,,0.0,0.0,0.0,1
VAR_003161,-0.017523597753150665,0.001402826817283043,0.25023894412167036,0.008324570878656975,0.0013482135527498821,0.0012634332310308563,0.32797077005653297,-1.3137251966521497e-06,5.183918359033276e-06,0.0,-0.10946512223399812,10,0.0,0.0,0.0,0.0,0.0,0.0,0.0,0.0,0.0,0.00038644380676449515,0.7124277702193416,0.0,0.0834923436946631,0.0,0.0,0.7233241636051533,9.381158955606605,2.7574550966588736,7.202758538064846e-10,28.834011521872824,1.0,2.6603996844990063,1.0132514580063678,0.0,0.0,0.0,0.0,0.0,0.0,0.0,0.0,0.0,0.0,0.0,0.0,7,0.0,0.0,3,3,1.1339001766118717,-7.143689668682569,-42.281222504042496,1.0,0.0,9.412416848367389e-09,14.36216957344868,1.0,1.0973820282003526,-2.2320599699481744e-07,1.0,0.023788509862516453,0.0009700743447390273,0.01382593827148342,1.0,1.0,0.0,1.0333432362883166,0.0,5.10590927757796,1.761405135655465,3.320173107155042,0.01527669803315737,0.6598842646030317,2.298229771792003,0.0354288215328592,0.0,0.04892996446707055,1.00319517462303,1.0289105462046952,1.372499837548093,0.0,0.0,0.5014259406635162,3,0.07319371466667696,0.0,0.0,0.0,0.0,0.0,0.0,0.0,0.0,0.0,0.0,0.0,0.0,0.0,0.0,0.0,0.0,0.0,0.0,0.0,0.0,0.0,0.0,0.0,0.0,0.0,0.0,0.0,0.0,0.0,0.0,0.0,0.0,0.0,0.0,0.0,0.0,0.0,0.0,0.0,0.0,0.0,0.0,0.0,0.0,0.0,0.0,0.0,0.0,0.0,0.0,0.0,0.0,0.0,0.0,0.0,0.0,0.0,-0.11072982886915257,0.0,-0.0006064556200556692,-0.0018293998462169062,0.0,0.0,0.0,0.0,-0.00030853159312632406,0.0,-0.00028032881180293964,-0.0019096288697232238,0.0,0.0,0.0,0.0,-0.000870651106593671,0.0,-0.006857481141634066,-0.0018867740910451342,-2.4121267363158565,0.22692363072109445,0.17327049790207177,-1.4350843990832576,-7.940857386160724,-1.1638307958342429,13,10,-0.0869565217391304,0.5,0.5,0.0,0.0,0.0,0.0,0.0,0.0,0.0,0.0,0.0,0.0,0.0,0.0,0.0,0.0,1.0,1.0,1
VAR_002779,0.14604483952895594,132.05253358537308,5.237217047933647e-07,-5.365262830159168e-05,1.0594751075284018e-06,3.6215031756119265,-0.01725691668704157,4.747366451861975e-06,3.4926360124063303,0.0,0.4702730259516244,9,0.0,0.0,0.0,0.0,0.0,0.0,0.0,0.0,0.0,0.0,0.0,0.0,0.0,0.0,0.0,0.0,0.0,0.0,0.0,0.0,0.0,0.0,0.0,0.0,0.0,0.0,0.0,0.0,0.0,0.0,0.0,0.0,0.0,0.0,0.0,7,0.0,0.0,2,2,-0.20813514052339924,0.250298679717235,0.0,0.0,0.0,1.4615279609236154,14.36216957344868,0.0,0.0,0.32946107034910144,0.0,0.035355874077979396,7.978068667777184e-06,1.0289814611136703,0.0,0.0,2.3166040237655947,-2.068976689169216e-08,1.0,5.774244699864357e-07,2.534402634321752e-05,0.028292649266080078,0.0,1.3415873261671332,0.0,0.9893148560724905,0.0,0.013776807854666917,0.0,1.1494119958641391,0.9710572464436048,0.0,0.0,0.0,2,4.135734489549294,0.0,0.0,0.0,0.0,0.0,0.0,0.0,0.0,0.0,0.0,0.0,0.0,0.0,0.0,0.0,0.0,0.0,0.0,0.0,0.0,0.0,0.0,0.0,0.0,0.0,0.0,0.0,0.0,0.0,0.0,0.0,0.0,0.0,0.0,0.0,0.0,0.0,0.0,0.0,0.0,0.0,0.0,0.0,0.0,0.0,0.0,0.0,0.0,0.0,0.0,0.0,0.0,0.0,0.0,0.0,0.0,1.0,0.6034848664517617,0.0,-0.0006064556200556692,-0.0018275098196676009,0.0,0.9957309614757033,0.0,0.0,-8.28231866204751e-05,0.0,1.1039227805319,1.0238793879061074,0.0,0.0,0.0,1.0,1.006820619661587,0.0,1.0225416606099569,0.008558384130117853,-1.3815594809205203,0.11962644512742333,0.13938884956927555,0.13360458033373107,-0.8207191893605164,-0.12745395603382037,7,17,-0.8913043478260868,-0.5,1.5,0.0,0.0,0.0,0.0,0.0,0.0,0.0,0.0,0.0,0.0,0.0,0.0,0.0,0.0,0.0,1.0,1
VAR_002837,-0.0783428963784724,-3.8059031320814635e-07,-3.004136269736329e-07,-5.4653554515842356e-05,-1.1041372304889563e-05,-4.831251662299113e-06,-0.017267181209998077,-4.8105745895704074e-06,-8.537446705068216e-06,0.0,-0.10946537831009982,8,0.0,0.0,0.0,0.0,0.0,0.0,0.0,0.0,0.0,0.0,0.0,0.0,0.0,0.0,0.0,0.0,0.0,0.0,0.0,0.0,0.0,0.0,0.0,0.0,0.0,0.0,0.0,0.0,0.0,0.0,0.0,0.0,0.0,0.0,0.0,7,0.0,0.0,3,3,0.06336942299096367,-4.248114520491414,-19.46210490255034,1.0,1.0,-1.4034535763662906e-07,0.0,1.0,1.0973820282003526,0.7256881643041116,1.0,0.11710690804915865,0.0008917333816823993,-1.2370503521811938e-05,0.0,1.0,0.0,0.9653908548345914,1.0,0.679934569434239,1.0000787448104687,9.624200655433796,2.2051515996533007,0.0,0.13640465906724344,0.9570735589123032,1.3367590874913071,1.0134559340361142,2.4026866864837957,1.0289161015765633,0.0,0.0,0.0,0.0,3,-0.1630214498972015,0.0,0.0,0.0,0.0,0.0,0.0,0.0,0.0,0.0,0.0,0.0,0.0,0.0,0.0,0.0,0.0,0.0,0.0,0.0,0.0,0.0,0.0,0.0,0.0,0.0,0.0,0.0,0.0,0.0,0.0,0.0,0.0,0.0,0.0,0.0,0.0,0.0,0.0,0.0,0.0,0.0,0.0,0.0,0.0,0.0,0.0,0.0,0.0,0.0,0.0,0.0,0.0,0.0,0.0,0.0,0.0,0.0,1.3684961598190972,0.0,0.0042798638090951364,0.1170194050525516,0.0,0.0,0.0,1.2911247775907504,1.0483908259459653,0.0,-0.000255779016149559,0.14399141423417733,0.0,1.0,0.0,1.0,-0.0008706498688164686,0.18561529924577805,-0.004544589870226817,0.006310644590461958,0.08463270421284025,0.22692363072109445,-0.3289894348991621,-1.3089880069242048,1.0519009823600853,-0.7519490393797961,8,16,-0.06521739130434778,0.5,0.5,0.0,0.0,0.0,0.0,0.0,0.0,0.0,0.0,0.0,0.0,0.0,0.0,,0.0,0.0,0.0,0
VAR_002583,0.37076483859162834,-3.805902867330682e-07,-2.0755443234956426e-07,0.03912010776240269,-1.1040805111076792e-05,9.977283622013686e-05,-0.017260070978725,1.993026377894413,19.94311922911173,0.0,-0.0030214957476589663,18,0.0,0.0,0.0,0.0,0.0,0.0,0.0,0.0,0.0,0.0,0.0,0.0,0.0,0.0,0.0,0.0,0.0,0.0,0.0,0.0,0.0,0.0,0.0,0.0,0.0,0.0,0.0,0.0,0.0,0.0,0.0,0.0,0.0,0.0,0.0,7,0.0,0.0,4,4,-0.7574325564118628,-0.04796746459500342,0.0,0.0,0.0,-3.884553607683874e-07,0.0,0.0,0.0,-2.2320821211521196e-07,0.0,-1.4948262435770877e-08,-2.6709219008793652e-05,-1.4124635230450503e-05,0.0,0.0,0.0,-2.5336807690208568e-08,0.0,-1.2312450534260474e-06,-4.3419141492691217e-07,-3.5038624508476836e-08,0.0,0.0,0.0,-3.837678156849658e-07,0.0,-1.2618654649194024e-06,0.0,-1.1505932956688551e-07,0.0,0.0,0.0,0.0,4,-0.11276076278869178,5.595034830509547,0.0,0.0,0.09580915565520824,0.0,791.6414682505732,0.0,2.0272385096626167,0.0,8.850078853271148,0.0,0.5404316109933058,0.0,0.0,0.0,0.0,0.04766238093431228,0.0,0.0,0.0,0.0,0.0,0.2525619223032699,0.0,0.1682832478501916,0.0,1.0,0.9508971857148056,82.00655929887462,0.0,3.2441455086587174,0.0,0.0,13432.755666926167,0.0950452864273836,0.0,6.192203411308916e-06,1.5966885415373189,0.0,0.0,0.1704471230688558,0.0,5.76911384114238e-14,0.0,0.0,1.1747074664368768e-09,21.339452307045953,40997.01683533701,0.0,0.0,0.0,1.0,0.11219840875728673,0.0,0.0,0.04210071335456831,0.0,-0.05539406804500894,1.0,0.24669276614139096,0.35495197562428804,0.0,0.0,0.0,0.0,1.052132973734636,1.0,0.009047617203790237,0.09512668888026171,0.0,1.0,0.0,1.0,0.4116178638787531,0.0,0.14604630212672154,0.2591155641009008,0.08463270421284025,-0.02078211334459357,0.10619605706895545,0.24995295496960007,0.6779042180409487,-0.037159976450527744,23,3,0.826086956521739,-0.5,-0.5,0.0,1.0,0.0,0.0,0.0,0.0,0.0,0.0,0.0,0.0,0.0,0.0,0.0,0.0,0.0,0.0,1
VAR_002858,-0.0783428963784724,-3.8059031320814635e-07,-3.004136269736329e-07,-5.4653554515842356e-05,-1.1041372304889563e-05,-4.831251662299113e-06,-0.017267181209998077,-4.8105745895704074e-06,-8.537446705068216e-06,0.0,-0.10946537831009982,8,0.0,0.0,0.0,0.0,0.0,0.0,0.0,0.0,0.0,0.0,0.0,0.0,0.0,0.0,0.0,0.0,0.0,0.0,0.0,0.0,0.0,0.0,0.0,0.0,0.0,0.0,0.0,0.0,0.0,0.0,0.0,0.0,0.0,0.0,0.0,7,0.0,0.0,1,1,0.4496149188718738,0.09750332487590162,1.391986019251989,0.0,0.0,-3.884553607683874e-07,0.0,0.0,0.0,-2.2320821211521196e-07,0.0,-1.4948262435770877e-08,-2.6709219008793652e-05,-1.4124635230450503e-05,0.0,0.0,0.0,-2.5336807690208568e-08,0.0,-1.2312450534260474e-06,-4.3419141492691217e-07,-3.5038624508476836e-08,0.0,0.0,0.0,-3.837678156849658e-07,0.0,-1.2618654649194024e-06,0.0,-1.1505932956688551e-07,0.0,0.0,0.0,0.0,1,-0.169222268148316,0.0,0.0,0.0,0.0,0.0,0.0,0.0,0.0,0.0,0.0,0.0,0.0,0.0,0.0,0.0,0.0,0.0,0.0,0.0,0.0,0.0,0.0,0.0,0.0,0.0,0.0,0.0,0.0,0.0,0.0,0.0,0.0,0.0,0.0,0.0,0.0,0.0,0.0,0.0,0.0,0.0,0.0,0.0,0.0,0.0,0.0,0.0,0.0,0.0,0.0,0.0,0.0,0.0,0.0,0.0,0.0,0.0,-0.11072982886915257,0.0,-0.0006064556200556692,-0.0018293998462169062,0.0,0.0,0.0,0.0,-0.00030853159312632406,0.0,-0.00028032881180293964,-0.0019096288697232238,0.0,0.0,0.0,0.0,-0.000870651106593671,0.0,-0.006857481141634066,-0.0018867740910451342,0.08463270421284025,-0.06217961271578052,-2.038745000396019,0.5712275417594844,-0.011262028044307924,0.5241938449078752,11,8,-1.5217391304347825,-1.0,-0.5,0.0,0.0,0.0,0.0,0.0,0.0,0.0,0.0,0.0,1.0,0.0,0.0,,0.0,0.0,0.0,1
VAR_002711,-0.0009317081637417364,0.019568025560653353,13.976250485685533,0.24790209516983996,0.4044419749606693,3.3378988857451803,0.6474527995881386,1.9941775824435457,0.13492812893699904,0.0,-0.002898573454296091,18,0.0,0.0,0.0,0.0,0.0,0.0,0.0,0.0,0.0,2.7180151026218367,0.0,0.0,1.0,0.0,1.1447171326883876,2.1092772061974836,9.309295647528902,0.0,0.0011738613965607378,1.2495749185025005,1.0,3.3084116363379517,0.0,0.0,0.0,0.0,0.0,0.0,0.0,0.0,0.0,0.0,0.0,0.0,0.0,7,0.0,0.0,1,1,0.2960413344201163,0.8523172782996858,0.0,0.0,0.0,-3.884553607683874e-07,0.0,0.0,0.0,-2.2320821211521196e-07,0.0,-1.4948262435770877e-08,-2.6709219008793652e-05,-1.4124635230450503e-05,0.0,0.0,0.0,-2.5336807690208568e-08,0.0,-1.2312450534260474e-06,-4.3419141492691217e-07,-3.5038624508476836e-08,0.0,0.0,0.0,-3.837678156849658e-07,0.0,-1.2618654649194024e-06,0.0,-1.1505932956688551e-07,0.0,0.0,0.0,0.0,1,0.7154535359475429,5.595034830509547,0.0,0.0,10.455193853183536,0.0,791.6352294811379,0.0,9.93130130187542,0.0,105.93312596598216,0.0,0.0,0.0,0.0,0.0,0.0,250.58973960005062,0.0,0.0,1.5246036095718187,1.0,0.0,0.8627130795809353,0.0,0.1408937555330052,0.0,1.0,1778.518321777218,314.0031713606746,0.0,3.2441455086587174,0.0,0.0,0.0,0.0,0.0,7.906000207559995,1.5966885415373189,0.0,0.0,0.0,0.0,85.4364688456758,0.0,0.2738927835125074,162.55938123892474,22.101827199100054,446980.98038934486,0.0,0.0,0.0,0.0,0.0,0.0,0.0,1.6307061656518933e-08,0.0,5.604511296298714,0.0,-0.0006064556197120057,-0.0017742126989270584,0.0,0.0,0.0,0.21952651549747182,1.0524512093184721,0.0,1.1209365865357304,1.0238795784925199,0.0,1.0,0.0,1.0,0.5339746304554197,0.9757997946124205,1.005148443723513,-0.0017851336990499127,0.08463270421284025,0.011070850429831773,0.17327049790207177,-0.2472793844362395,0.9155396466246841,0.5141488863463521,6,19,-0.7826086956521737,-0.5,-0.5,0.0,0.0,0.0,0.0,0.0,0.0,0.0,0.0,0.0,0.0,1.0,0.0,0.0,0.0,0.0,0.0,1
VAR_002727,-0.0783428963784724,-3.8059031320814635e-07,-3.004136269736329e-07,-5.4653554515842356e-05,-1.1041372304889563e-05,-4.831251662299113e-06,-0.017267181209998077,-4.8105745895704074e-06,-8.537446705068216e-06,0.0,-0.10946537831009982,8,0.0,0.0,0.0,0.0,0.0,0.0,0.0,0.0,0.0,0.0,0.0,0.0,0.0,0.0,0.0,0.0,0.0,0.0,0.0,0.0,0.0,0.0,0.0,0.0,0.0,0.0,0.0,0.0,0.0,0.0,0.0,0.0,0.0,0.0,0.0,7,0.0,0.0,1,1,-0.6548528562112731,0.052235687118088354,-43.08023777313862,1.0,1.0,0.7537433057861644,0.0,1.0,0.8563458546064002,0.24586656114829256,0.0,0.024481011755555837,0.99997442846185,-1.412463523045025e-05,0.0,1.0,0.4890478564650379,6.879379426305365,1.0,0.8945928139237498,0.0008387314955664477,0.573929398254308,0.0,0.7242577505534936,0.0,0.9999842461059908,0.806543321252603,-1.2618616854666707e-06,3.4265635009197988,0.9690052250670453,0.0,1.0,0.0,0.0,1,0.061667726977494154,0.0,0.0,0.0,0.0,0.0,0.0,0.0,0.0,0.0,0.0,0.0,0.0,0.0,0.0,0.0,0.0,0.0,0.0,0.0,0.0,0.0,0.0,0.0,0.0,0.0,0.0,0.0,0.0,0.0,0.0,0.0,0.0,0.0,0.0,0.0,0.0,0.0,0.0,0.0,0.0,0.0,0.0,0.0,0.0,0.0,0.0,0.0,0.0,0.0,0.0,0.0,0.0,0.0,0.0,0.0,0.0,1.0,-0.025690996508276605,0.7999934560628069,0.02121355982240783,1.0767435952488027,0.0,1.8728881717455788,0.0,1.2911247775907504,-0.00030853157394543736,0.0,1.1209267163566936,0.022522794184993963,0.0,0.0,0.0,0.0,-0.0008523018924879943,1.2101454315057372,-0.006857481140926904,1.06512069487392,0.08463270421284025,-1.8740938880552593,-0.5479578506320678,-0.4654660055529156,1.1427267023082022,0.38669838877588947,23,4,-0.47826086956521735,-1.0,-0.5,0.0,0.0,0.0,0.0,0.0,0.0,0.0,0.0,0.0,0.0,0.0,1.0,,0.0,0.0,0.0,0
VAR_003070,0.6413629738087423,66.25984721904075,49.347114956489435,223.58274686141462,5.876111977006855,6.5410885848590805,0.009466361910645406,0.023148240582457066,0.016377058786385075,0.0,0.287493243308925,13,0.0,0.0,0.0,0.0,0.0,0.0,0.0,0.0,0.0,0.0,0.0,0.0,0.0,0.0,0.0,0.0,0.0,0.0,0.0,0.0,0.0,0.0,0.0,0.0,0.0,0.0,0.0,0.0,0.0,0.0,0.0,0.0,0.0,0.0,0.0,7,0.0,0.0,3,3,0.4166979547994267,0.8523172782996858,0.0,1.0,0.0,1.4641609199910246,0.0,0.0,1.0973820282003526,6.9295723830323475,1.0,0.4939158915010638,4.331542387596481,0.039516814035721916,1.0,0.0,2.0612322967045067,0.14030506323548556,0.0,1.0000194996281073,0.049205899513280346,0.044821540243008405,3.1982118410375797,0.0,0.28914495477229407,1.2747428951731787,1.3367590874913071,2.456152654706303,0.0,0.03202236702172612,0.0,0.0,0.0,0.0,3,0.056018351952872796,0.0,0.0,0.0,0.0,0.0,0.0,0.0,0.0,0.0,0.0,0.0,0.0,0.0,0.0,0.0,0.0,0.0,0.0,0.0,0.0,0.0,0.0,0.0,0.0,0.0,0.0,0.0,0.0,0.0,0.0,0.0,0.0,0.0,0.0,0.0,0.0,0.0,0.0,0.0,0.0,0.0,0.0,0.0,0.0,0.0,0.0,0.0,0.0,0.0,0.0,0.0,0.0,0.0,0.0,0.0,0.0,1.0,2.613032954508015,1.0,0.010658783249284742,1.0767525941261729,0.0,1.8307406119342973,0.0,1.2911247775907504,-0.0003085315818013769,1.0,1.120531578786739,-0.0019080933295406578,0.0,1.0,0.0,0.0,0.8727146075194959,0.0,0.9767566033994252,1.0579864736770654,0.08463270421284025,0.22692363072109445,0.17327049790207177,0.5761976668467085,0.4458750811866627,0.7534580570099187,0,22,0.5217391304347826,0.5,0.5,0.0,0.0,0.0,0.0,0.0,1.0,0.0,0.0,0.0,0.0,0.0,0.0,0.0,0.0,0.0,0.0,1
VAR_003151,69.10569677125359,5.990012252863356,271.9251524511794,71.53229085938743,0.04962982423340466,-4.831251662046796e-06,96.35676991513999,71.75205204565056,14.760897132438062,20.772420570667425,4.984733305662445,16,0.0,0.0,0.0,0.0,0.0,0.0,0.0,1.0,1.0,9.845836656567503e-08,1.0,1.0,1.0,1.0,1.1447171326883876,21.092772061974834,2.3631880959755727e-12,16.422231567765632,0.4937140937081629,5.419585040810823e-09,1.0,0.038151663051681155,1.0132514580063678,3.813771391455777,1.0,1.0,1.0,1.0,6.504012367942216,0.0,1.0,1.0,1.0,2.896091433730838,1.0,3,12.547587234839277,1.0,1,1,1.140197534890719,0.8523172782996858,0.0,1.0,1.0,0.09102322764424087,14.36216957344868,1.0,1.0973820282003526,10.000394169520558,1.0,6.541323769299549,10.000333261635726,4.173917988353092,1.0,1.0,2.934526532233309,7.4584367659903235,1.0,10.000215206586946,4.107024730215682,7.802942287137962,3.1982118410375797,1.3415873261671332,3.1250628423837563,10.038771102665875,1.3367590874913071,0.37264584216183383,3.4265635009197988,10.289162875064855,1.372499837548093,1.0,1.0,58.34992368841532,1,5.12881594004344,5.595034830509547,0.3356358994305464,0.0,75.16155608769355,0.0,6.612473590390181e-11,0.0,0.4280828603246843,0.0,37.42050549806681,0.0,1.0,0.0,1.0,1.0,0.0,2505.5704013824698,0.0,0.0,1.5246036095718187,1.0,0.0,1.0,0.0,0.0,0.0,0.451218472725789,1615.7714931470484,0.0004094331947326795,0.0,3.2441455086587174,0.0,1.0,33.764018149042336,1.0,0.0,381.31201621063445,1.5966885415373189,0.0,0.0,1.0,0.0,4.770820057216654,0.0,1.0,164.44620136376287,22.54937794640601,0.9986476021558808,0.0,3.223671238484157,0.0,1.0,0.018877520315378458,0.9569327729237888,0.0,1.7484680951255407e-10,1.0,53.51733101601938,1.0,1.1717514802026385,0.7091425478789289,0.0,2.770729017407695,0.0,0.0,0.04998487155614486,0.0,-0.000279798284808411,1.0236711596166976,0.0,1.0,1.0,1.0,10.073991256634534,1.2101454315057372,1.0225412779173355,10.673026350788486,-0.6949236873819814,0.02291877245697106,0.17327049790207177,0.21300240230571113,1.1427267023082022,0.601088277587762,9,21,-1.1304347826086956,0.0,0.0,0.0,0.0,0.0,0.0,0.0,0.0,0.0,0.0,0.0,0.0,1.0,0.0,0.0,1.0,1.0,0.0,1
VAR_002808,-0.0783428963784724,-3.8059031320814635e-07,-3.004136269736329e-07,-5.4653554515842356e-05,-1.1041372304889563e-05,-4.831251662299113e-06,-0.017267181209998077,-4.8105745895704074e-06,-8.537446705068216e-06,30311.8840002846,1.161834061203617,25,0.0,0.0,0.0,0.0,0.0,0.0,0.0,0.0,1.0,2.714187244132472,0.0,0.0,0.0,0.0,0.0,0.3485865406787761,9.38123910638605,6.010142535284511,81.14110491686353,1283.6283546944633,1.0,3.3084525341827047,0.0,0.0,0.0,0.0,0.0,0.0,0.0,0.0,0.0,0.0,0.0,0.0,0.0,7,0.0,0.0,1,1,0.09173150630547514,0.27451070077438855,0.0,1.0,0.0,1.463249250959118,14.36216957344868,1.0,0.0,4.27453313773841,0.0,1.023189353176775,3.7613280501108166,0.02132431650742068,0.0,0.0,2.176691264239516,0.026248644497226973,1.0,0.9999941826730014,1.0000769864995993,4.016929535118268e-05,3.1982118410375797,0.0,0.0,0.4036933775745568,0.0,1.4210081089561348,1.2165662563686783,7.076914000760161e-05,0.0,1.0,0.0,0.0,1,-0.05654377839057744,0.0,0.0,0.0,0.0,0.0,0.0,0.0,0.0,0.0,0.0,0.0,0.0,0.0,0.0,0.0,0.0,0.0,0.0,0.0,0.0,0.0,0.0,0.0,0.0,0.0,0.0,0.0,0.0,0.0,0.0,0.0,0.0,0.0,0.0,0.0,0.0,0.0,0.0,0.0,0.0,0.0,0.0,0.0,0.0,0.0,0.0,0.0,0.0,0.0,0.0,0.0,0.0,0.0,0.0,0.0,0.0,1.0,-0.05539266927554189,1.0,-0.0006030051615073987,1.0767606144677475,0.0,1.4076067188099781,0.0,1.2911247775907504,0.00993795003942688,1.0,1.1209335957141917,-0.001908586103623682,0.0,0.0,0.0,1.0,0.9595075617987548,0.0,-0.00673788147135671,-0.0018806434035652537,-1.051786313029648,-0.5703927064385103,-0.44024159849455463,0.00426413006745278,1.1427267023082022,0.25064391437085787,12,17,-1.391304347826087,0.0,-1.0,0.0,0.0,0.0,0.0,0.0,0.0,0.0,0.0,0.0,0.0,0.0,1.0,-1.0,0.0,0.0,0.0,1
VAR_002653,1.1190478097852123,0.07165544515861254,1.4247775747759333,-5.465353950673127e-05,11.506367431089433,352.151572237815,-0.011938378568082294,0.04392375900254267,0.0004451371497293119,60802.86740212526,13.003023821934187,2,1.0,0.0003599416220886,0.0,0.0021686084646853,1.0,3.0158650867560536e-19,0.0323044512697981,0.0,1.0,1.81605867285666e-05,0.7759273762165447,1.0,0.0,0.0,0.0,0.03092879964836039,9.059445821997377,4.327786071832132,2.804230750884961e-16,19.357992076985532,0.0,2.8445144167851386,1.0132514580063678,2.2730773065363117,1.0,1.0,0.3324781423457876,0.0,416.58341760828836,1.0,0.0,0.5202015928724433,1.0,0.0,1.0,2,0.01230473909150227,1.0,3,3,-0.8321056022920565,0.2998667767481981,0.0,0.0,0.0,-3.884553607683874e-07,0.0,0.0,0.0,-2.2320821211521196e-07,0.0,-1.4948262435770877e-08,-2.6709219008793652e-05,-1.4124635230450503e-05,0.0,0.0,0.0,-2.5336807690208568e-08,0.0,-1.2312450534260474e-06,-4.3419141492691217e-07,-3.5038624508476836e-08,0.0,0.0,0.0,-3.837678156849658e-07,0.0,-1.2618654649194024e-06,0.0,-1.1505932956688551e-07,0.0,0.0,1.0,4.5562997852118015,3,9.857226566001838,5.595034830509547,0.4606049482407542,0.0,75.16134325708168,0.0,791.6415815926011,0.0,99.32727260341377,0.0,84.83859692418714,0.0,0.2906699851880397,0.0,1.0,1.0,0.0,6.278181833418376e-18,0.0,0.0,1.5246036095718187,1.0,0.0,0.0,0.0,0.0,0.0,1.0,1778.5183217713916,0.022487737092014324,0.0,3.2441455086587174,0.0,1.0,1303.5467992417564,0.9227634281690844,0.0,380.9649733456098,1.5966885415373189,0.0,0.0,0.3510768246130678,0.0,2.9211158580915037e-07,0.0,1.0,0.02452680840627032,22.54937798295596,22.072484478312145,0.0,2.8835772360501135,0.0,1.0,5039.075410948646,1.0,0.0,356.39167706875037,0.0,0.885567381450766,0.0,1.1700565395630895,1.0767418930109804,0.0,0.0,0.0,1.1742999221827477,0.12296567416183835,1.0,-0.00028032881072641346,1.0238795784790102,0.0,1.0,0.0,1.0,0.016312741974728446,1.2101454315057372,1.0201277323090703,0.01773490448099333,0.08463270421284025,-4.928752568964215,0.17327049790207177,0.6687386190095059,-0.5005150925191396,0.7520248345634061,15,5,0.0,1.5,-0.5,0.0,0.0,0.0,0.0,1.0,0.0,0.0,0.0,0.0,0.0,0.0,0.0,,1.0,0.0,0.0,1
VAR_003202,3.902649247834794,-3.80590313208021e-07,1019.7195086278673,0.042584704098720456,5.328367487212986,104.6418079501525,0.09273989471490421,2.123909754541682,-8.537446704959113e-06,29924.90852539284,3.4192129532624977,11,0.0,0.0,0.0,0.0,0.0,0.0,0.0,0.0,0.0,2.5621739239236114,0.1971215120295097,0.0,0.0,1.0,0.0,0.2718580828173789,0.04983900987139178,3.3603562205506727,81.09551925445153,6.389515713522464e-05,0.0,0.41325608402596314,0.0,3.813771391455777,1.0,1.0,1.0,1.0,417.18593122782806,1.0,0.0,0.4677384814582598,1.0,0.0,1.0,1,8.118198741920807e-16,1.0,1,1,-0.7738887485376469,-4.447327306390257,-0.4218550292306334,1.0,1.0,0.07940469548572444,0.0,1.0,0.2530479708319737,2.9395245536871886,0.0,0.05853051631057067,3.830508855784152,0.9060301958659777,0.0,1.0,2.934526532233309,0.49872123717030215,0.9160544096458602,0.3826094600341012,-4.087329865843325e-07,-3.5038581916886764e-08,3.1982118410375797,0.0,0.4388512022563359,1.039015263812043,0.0,0.09358138354099203,3.4265635009197988,0.05013200231316621,1.372499837548093,0.0,1.0,2.4999734701848197,1,1.3463635960730553,5.595034830509547,0.0,0.0,751.1651821395428,0.0,1.095467659737355e-12,0.0,0.006214006958086987,0.0,0.0008286270018860902,0.0,0.0,0.0,1.0,1.0,0.0,250.5944222546274,0.0,0.0,0.0,0.7251294857937287,0.0,1.0,0.0,0.0500228301749682,0.0,0.0,55.930053140665805,325.8132319704441,0.0,1.6766817368687057,0.0,1.0,13432.75562091593,0.2614338363588497,0.0,374.647439197611,1.5966885415373189,0.1535156874748913,0.0,1.0,0.0,1.5020215031166836e-06,0.0,0.0,61.377036280372,22.549309860345982,309031.0317986046,0.0,0.9050476157011604,0.0,0.0,0.03165553329445785,0.1037142784175035,0.0,381.2998962664429,1.0,1.4550628986601712,1.0,1.17108631907878,1.076755696569862,0.0,2.770729017407695,0.0,0.0,-0.000178395725935184,1.0,0.4112131033305926,-0.001908986810956735,0.0,1.0,0.0,1.0,0.7184432892805487,0.21374195561336362,1.022524565822993,0.3131542347799072,-0.9182005695466963,0.13142085749391183,0.17327049790207177,-0.9350160591251178,1.1427267023082022,-0.1295881398033994,9,21,-1.1304347826086956,0.0,0.0,0.0,0.0,0.0,0.0,0.0,0.0,0.0,0.0,0.0,0.0,1.0,0.0,0.0,1.0,0.0,0.0,0
VAR_002801,-0.0783428963784724,-3.8059031320814635e-07,-3.004136269736329e-07,-5.4653554515842356e-05,-1.1041372304889563e-05,-4.831251662299113e-06,-0.017267181209998077,-4.8105745895704074e-06,-8.537446705068216e-06,0.0,-0.10946537831009982,8,0.0,0.0,0.0,0.0,0.0,0.0,0.0,0.0,0.0,0.0,0.0,0.0,0.0,0.0,0.0,0.0,0.0,0.0,0.0,0.0,0.0,0.0,0.0,0.0,0.0,0.0,0.0,0.0,0.0,0.0,0.0,0.0,0.0,0.0,0.0,7,0.0,0.0,3,3,-0.18242203698451917,0.3353237179942207,3.313099495408117,0.0,0.0,-3.884553607683874e-07,0.0,0.0,0.0,-2.2320821211521196e-07,0.0,-1.4948262435770877e-08,-2.6709219008793652e-05,-1.4124635230450503e-05,0.0,0.0,0.0,-2.5336807690208568e-08,0.0,-1.2312450534260474e-06,-4.3419141492691217e-07,-3.5038624508476836e-08,0.0,0.0,0.0,-3.837678156849658e-07,0.0,-1.2618654649194024e-06,0.0,-1.1505932956688551e-07,0.0,0.0,0.0,0.0,3,-0.169222268148316,0.0,0.0,0.0,0.0,0.0,0.0,0.0,0.0,0.0,0.0,0.0,0.0,0.0,0.0,0.0,0.0,0.0,0.0,0.0,0.0,0.0,0.0,0.0,0.0,0.0,0.0,0.0,0.0,0.0,0.0,0.0,0.0,0.0,0.0,0.0,0.0,0.0,0.0,0.0,0.0,0.0,0.0,0.0,0.0,0.0,0.0,0.0,0.0,0.0,0.0,0.0,0.0,0.0,0.0,0.0,0.0,0.0,-0.11072982886915257,0.0,-0.0006064556200556692,-0.0018293998462169062,0.0,0.0,0.0,0.0,-0.00030853159312632406,0.0,-0.00028032881180293964,-0.0019096288697232238,0.0,0.0,0.0,0.0,-0.000870651106593671,0.0,-0.006857481141634066,-0.0018867740910451342,0.08463270421284025,-3.3890642559155704,0.17327049790207177,0.7363263135454579,0.32876097310203906,0.691765793009738,19,19,-0.021739130434782608,1.0,1.5,0.0,0.0,0.0,0.0,0.0,0.0,0.0,0.0,0.0,0.0,0.0,0.0,,0.0,0.0,0.0,1
VAR_002951,-0.0783428963784724,-3.8059031320814635e-07,-3.004136269736329e-07,-5.4653554515842356e-05,-1.1041372304889563e-05,-4.831251662299113e-06,-0.017267181209998077,-4.8105745895704074e-06,-8.537446705068216e-06,244.95921007154672,0.4992846668496399,26,0.0,0.0,0.0,0.0,0.0,0.0,0.0,0.0,1.0,2.708759713354982,0.0,1.0,1.0,1.0,1.1447171326883876,8.64279325372095e-10,9.381267339795464,0.0,0.0025655203855147234,0.7913999388359947,1.0,0.38126535572904796,1.0132514580063678,0.0,0.0,0.0,0.0,0.0,0.0,0.0,0.0,0.0,0.0,0.0,0.0,7,0.0,0.0,1,1,0.25532519075054,-1.124121380437403,2.3041100008535738,0.0,0.0,-3.884553607683874e-07,0.0,0.0,0.0,-2.2320821211521196e-07,0.0,-1.4948262435770877e-08,-2.6709219008793652e-05,-1.4124635230450503e-05,0.0,0.0,0.0,-2.5336807690208568e-08,0.0,-1.2312450534260474e-06,-4.3419141492691217e-07,-3.5038624508476836e-08,0.0,0.0,0.0,-3.837678156849658e-07,0.0,-1.2618654649194024e-06,0.0,-1.1505932956688551e-07,0.0,0.0,0.0,0.0,1,-0.0895987702950259,0.0,0.0,0.0,0.0,0.0,0.0,0.0,0.0,0.0,0.0,0.0,0.0,0.0,0.0,0.0,0.0,0.0,0.0,0.0,0.0,0.0,0.0,0.0,0.0,0.0,0.0,0.0,0.0,0.0,0.0,0.0,0.0,0.0,0.0,0.0,0.0,0.0,0.0,0.0,0.0,0.0,0.0,0.0,0.0,0.0,0.0,0.0,0.0,0.0,0.0,0.0,0.0,0.0,0.0,0.0,0.0,1.0,-0.05536572192880848,1.0,0.7984870363350125,1.0544458603153573,0.0,2.1921501518106425,0.0,0.8597413637884516,0.024188096883871614,1.0,0.013039269920203869,9.23039263428856,0.0,0.0,0.0,1.0,1.0068205691195695,0.0,1.0225416606099589,1.0392795807827868,0.08463270421284025,-0.066662874510933,0.17327049790207177,0.5392287767245032,1.1427267023082022,0.6201579923673137,11,23,-1.0217391304347825,-0.5,-1.0,0.0,0.0,0.0,0.0,0.0,0.0,0.0,0.0,0.0,0.0,0.0,1.0,-1.0,0.0,0.0,0.0,0
VAR_003156,-0.0783428963784724,-3.8059031320814635e-07,-3.004136269736329e-07,-5.4653554515842356e-05,-1.1041372304889563e-05,-4.831251662299113e-06,-0.017267181209998077,-4.8105745895704074e-06,-8.537446705068216e-06,0.7709421537808139,1.2241247264408,30,0.0,0.0,0.0,0.0,0.0,0.0,0.0,0.0,0.0,0.0,0.0,0.0,0.0,0.0,0.0,0.0,0.0,0.0,0.0,0.0,0.0,0.0,0.0,0.0,0.0,0.0,0.0,0.0,0.0,0.0,0.0,0.0,0.0,0.0,0.0,7,0.0,0.0,4,4,1.140197534890719,0.6894246720227173,6.381574749787361,0.0,0.0,-3.884553607683874e-07,0.0,0.0,0.0,-2.2320821211521196e-07,0.0,-1.4948262435770877e-08,-2.6709219008793652e-05,-1.4124635230450503e-05,0.0,0.0,0.0,-2.5336807690208568e-08,0.0,-1.2312450534260474e-06,-4.3419141492691217e-07,-3.5038624508476836e-08,0.0,0.0,0.0,-3.837678156849658e-07,0.0,-1.2618654649194024e-06,0.0,-1.1505932956688551e-07,0.0,0.0,0.0,0.0,4,-0.03230222311972601,0.0,0.0,0.0,0.0,0.0,0.0,0.0,0.0,0.0,0.0,0.0,0.0,0.0,0.0,0.0,0.0,0.0,0.0,0.0,0.0,0.0,0.0,0.0,0.0,0.0,0.0,0.0,0.0,0.0,0.0,0.0,0.0,0.0,0.0,0.0,0.0,0.0,0.0,0.0,0.0,0.0,0.0,0.0,0.0,0.0,0.0,0.0,0.0,0.0,0.0,0.0,0.0,0.0,0.0,0.0,0.0,0.0,-0.05536840818170715,1.0,-0.0006064555366738526,0.007855806736422933,0.0,0.9611692287302029,0.0,1.2911247775907504,-0.00012821850961040968,0.0,-0.0002779413547470282,0.11076077382510094,0.0,1.0,0.0,1.0,1.0068206202043275,1.2101454315057372,0.9750092429340826,1.0656045383969082,-0.09377383492221379,0.06487189234256323,-0.7267007197593097,-0.0649348117083216,0.0,0.018586090064467705,19,1,0.5434782608695652,0.5,0.5,0.0,1.0,0.0,0.0,0.0,0.0,0.0,0.0,0.0,0.0,0.0,0.0,-1.0,0.0,0.0,0.0,0
VAR_002940,1.6417674841088696,0.0006937695110369714,0.00039418080610920353,-5.465353864607693e-05,6.539575309891986,0.03668825841705137,1.5202056678959073,-4.789896136487516e-06,0.14791255084563068,0.14521814512463652,1.356756353909369,13,0.0,0.0,0.0,0.0,0.0,0.0,0.0,0.0,0.0,2.0660316277200574,1.0,1.0,1.0,1.0,1.1447171326883876,19.625847080434024,0.00028340093183880637,14.927505988070077,1.6644726596165822,1663.9764346183886,1.0,3.3051641766517976,1.0132514580063678,0.0,1.0,0.0,0.0,0.0,417.18680199637146,1.0,0.0,0.0,1.0,0.0,1.0,2,4.324319735378289,1.0,4,4,0.2361089843107937,-1.3465798461707035,-15.617351118899958,1.0,1.0,1.4491157295058459,0.0,0.0,1.0973820282003526,10.000394169520558,1.0,1.0187308562263484,7.207232245041093,1.1122498451754401,1.0,0.0,0.0,0.014304306594739595,1.0,-1.1490219963532452e-06,1.804062189711573e-06,4.131887690565333e-05,0.0,0.0,2.7806913025688593,-1.3208685188896775e-07,0.0,10.134570697455429,0.0,5.661192706972834e-05,0.744401622663832,1.0,1.0,4.677893359381869,4,1.4902172705275416,5.595034830509547,0.0,0.0,2.59805959672673e-24,0.0,0.22875169299153914,0.0,99.32727260339063,0.0,106.18628672197407,0.0,0.5801819321278618,0.0,1.0,1.0,0.0,38.95501845583295,0.0,0.0,1.5246036095718187,0.0,0.0,1.0,0.0,0.5375585603064185,0.0,1.0,1778.5039250465693,0.023950494812683278,0.0,0.0,0.0,1.0,13432.755704315867,0.0,0.0,3.938515173190433,1.5966885415373189,1.0,0.0,0.1641868882943226,0.0,2.935367840683171,0.0,1.0,0.29238988477890177,0.4015037871920049,6085.78812962102,0.0,0.0,0.0,1.0,3813.3976875094245,0.0,0.0,42.72662868179674,1.0,1.2277765945364392,0.2053543042471819,0.7703855875820149,5.002314989344984e-05,0.0,0.0,0.0,0.0,1.0524414256175452,1.0,1.1209071235790304,1.02387867272841,0.0,1.0,0.0,1.0,0.958761134564792,0.0,-0.0068574811416307335,0.45787529661861076,-0.525506930242538,0.20061059216427218,0.17327049790207177,-0.5642168080242904,-0.3569654750165244,-0.42634872955594055,23,3,0.826086956521739,-0.5,-0.5,0.0,1.0,0.0,0.0,0.0,0.0,0.0,0.0,0.0,0.0,0.0,0.0,0.0,1.0,0.0,0.0,1
VAR_002989,4.858934497407638,1.3982882477444156,679.8128802888374,6.218104989118599,2.085194097279348,0.15940201817364358,4.918689231600914,19.929784277472816,7.51092744321874e-06,8282.399810621877,6.06587471227101,29,0.0,0.0,0.0,0.0,0.0,0.0,0.0,1.0,1.0,2.7176075656689833,0.0,1.0,0.0,1.0,1.1447171326883876,1.6693414602965664,93.81267395122558,0.0,0.003902689373706109,2.0044624000171205,1.0,3.3023774934105687,1.0132514580063678,3.813771391455777,1.0,1.0,1.0,1.0,6.321528002262058,1.0,1.0,1.0,1.0,2.896091433730838,1.0,1,12.589750294984634,1.0,2,2,0.1072189951083812,-5.5183548591258385,-43.91434849902485,0.0,1.0,-3.8778777647619376e-07,0.0,1.0,1.0973820282003526,10.000394169520558,1.0,1.723870584380745,10.000333261635726,1.0335549321561166,1.0,1.0,2.934526532233309,2.218174626573076,1.0,10.000215206586946,2.2663790236682604,9.131348248239068,3.1982118410375797,1.3415873261671332,0.4949847127801636,2.3282811996279755,1.3367590874913071,1.2291970838865927,3.4265635009197988,1.8117735673101252,1.372499837548093,1.0,1.0,9.427902890917283,2,3.894912950281706,5.595034830509547,1.0,0.0,751.6155609198498,0.0,791.6415813719128,0.0,4.017129266003778e-07,0.0,106.18500433271224,0.0,0.8491300491671534,0.0,1.0,1.0,0.0,0.0045816926555021205,0.0,0.0,1.5246036095718187,0.0,0.0,1.0,0.0,1.0,0.0,1.0,3.858416896873383e-05,4.114773130777214,0.0,3.2441455086587174,0.0,1.0,13432.722098470269,0.4657140830041623,0.0,382.0265565328613,1.5966885415373189,1.0,0.0,1.0,0.0,90.67818361463213,0.0,0.1964024423501914,0.8427792505672068,22.549377982942158,0.052933946008546125,0.0,3.223671238484157,0.0,1.0,0.5739012286157565,0.9460906522468756,0.0,25.835846249845943,1.0,4.09497427181766,1.0,0.6797052266567674,1.0752863388705394,0.0,2.770729017407695,0.0,1.2911247775907504,1.0438342941797207,1.0,-0.0002803287863657513,0.00237618914080498,0.0,1.0,0.0,0.9868583654666878,-0.0008706495266529473,1.2101454315057372,0.9757419663103009,1.0655987355913814,-58.167667780579336,-0.18648113065798513,-35.89362051543404,-1.7179481594509205,-8.630067219423978,-1.7526243211399368,16,11,1.8043478260869565,-0.5,0.5,0.0,0.0,0.0,0.0,0.0,0.0,0.0,0.0,1.0,0.0,0.0,0.0,-1.0,1.0,0.0,0.0,1
VAR_002882,-0.0783428963784724,-3.8059031320814635e-07,-3.004136269736329e-07,-5.4653554515842356e-05,-1.1041372304889563e-05,-4.831251662299113e-06,-0.017267181209998077,-4.8105745895704074e-06,-8.537446705068216e-06,114.13340309369174,-0.014989356513771795,28,0.0,0.0,0.0,0.0,0.0,0.0,0.0,0.0,0.0,0.0,0.0,0.0,0.0,0.0,0.0,0.0,0.0,0.0,0.0,0.0,0.0,0.0,0.0,0.0,0.0,0.0,0.0,0.0,0.0,0.0,0.0,0.0,0.0,0.0,0.0,7,0.0,0.0,2,2,0.5230588053087672,-0.4805259977237888,-1.3392020227004189,0.2770484532788605,0.0,0.18230376249862815,8.537570825713436,0.0,0.5724583949022471,0.9977831623376174,1.0,-1.4948262091447364e-08,0.12240225580711914,1.0263041767607954,0.0,0.0,1.251127467229978,0.055623114996906795,1.0,1.2763020776413716,0.008278621014848078,0.270391689771894,0.1266576649531077,1.3415873261671332,1.5385132156924204,0.9988975452514813,0.44554856486339317,0.747358994660757,0.0,-1.1505932956688397e-07,0.1547576463509351,1.0,0.0,0.0,2,-0.13238125130879014,0.0,0.0,0.0,0.0,0.0,0.0,0.0,0.0,0.0,0.0,0.0,0.0,0.0,0.0,0.0,0.0,0.0,0.0,0.0,0.0,0.0,0.0,0.0,0.0,0.0,0.0,0.0,0.0,0.0,0.0,0.0,0.0,0.0,0.0,0.0,0.0,0.0,0.0,0.0,0.0,0.0,0.0,0.0,0.0,0.0,0.0,0.0,0.0,0.0,0.0,0.0,0.0,0.0,0.0,0.0,0.0,1.0,-0.05115120731344698,0.0,0.07839962573515079,-0.0011691203316231814,0.0,0.0,0.0,0.0,0.9207042686689823,0.0,-9.471160481252445e-05,0.9352156330317736,0.0,1.0,0.0,1.0,1.0050481088699086,0.0,0.6356532690517704,0.0006646443175943903,0.08463270421284025,0.2015500450655363,-1.0015060987973297,0.2576622983584858,-0.36989749602663785,-0.014761072744056835,7,22,1.0,-1.0,0.5,0.0,0.0,0.0,0.0,0.0,0.0,0.0,0.0,1.0,0.0,0.0,0.0,-1.0,0.0,1.0,0.0,1
VAR_002757,-0.0783428963784724,-3.8059031320814635e-07,-3.004136269736329e-07,-5.4653554515842356e-05,-1.1041372304889563e-05,-4.831251662299113e-06,-0.017267181209998077,-4.8105745895704074e-06,-8.537446705068216e-06,0.0,-0.10946537831009982,8,0.0,0.0,0.0,0.0,0.0,0.0,0.0,0.0,0.0,0.0,0.0,0.0,0.0,0.0,0.0,0.0,0.0,0.0,0.0,0.0,0.0,0.0,0.0,0.0,0.0,0.0,0.0,0.0,0.0,0.0,0.0,0.0,0.0,0.0,0.0,7,0.0,0.0,3,3,-0.4030613059736374,-0.16393609311488097,4.441865033665507,0.0,0.0,-3.884553607683874e-07,0.0,0.0,0.0,-2.2320821211521196e-07,0.0,-1.4948262435770877e-08,-2.6709219008793652e-05,-1.4124635230450503e-05,0.0,0.0,0.0,-2.5336807690208568e-08,0.0,-1.2312450534260474e-06,-4.3419141492691217e-07,-3.5038624508476836e-08,0.0,0.0,0.0,-3.837678156849658e-07,0.0,-1.2618654649194024e-06,0.0,-1.1505932956688551e-07,0.0,0.0,0.0,0.0,3,-0.169222268148316,0.0,0.0,0.0,0.0,0.0,0.0,0.0,0.0,0.0,0.0,0.0,0.0,0.0,0.0,0.0,0.0,0.0,0.0,0.0,0.0,0.0,0.0,0.0,0.0,0.0,0.0,0.0,0.0,0.0,0.0,0.0,0.0,0.0,0.0,0.0,0.0,0.0,0.0,0.0,0.0,0.0,0.0,0.0,0.0,0.0,0.0,0.0,0.0,0.0,0.0,0.0,0.0,0.0,0.0,0.0,0.0,0.0,-0.11072982886915257,0.0,-0.0006064556200556692,-0.0018293998462169062,0.0,0.0,0.0,0.0,-0.00030853159312632406,0.0,-0.00028032881180293964,-0.0019096288697232238,0.0,0.0,0.0,0.0,-0.000870651106593671,0.0,-0.006857481141634066,-0.0018867740910451342,-0.2536016461028005,0.22692363072109445,0.17327049790207177,0.7363263135454579,0.8214334928442174,0.7428672672726202,15,10,-0.0869565217391304,1.0,-0.5,0.0,0.0,0.0,1.0,0.0,0.0,0.0,0.0,0.0,0.0,0.0,0.0,,0.0,0.0,0.0,1
VAR_002855,4.484863219453523,2.358578732171819,68.26722993657476,47.21892618166767,4.289364605045926,72.76614427615519,5.35759325912176,8.872107894593416,5.030069358429116,2.062609466548774,0.8616452949283939,13,0.0,0.0,0.0,0.0,0.0,0.0,0.0,0.0,0.0,2.7044180742444675,0.0,1.0,0.0,1.0,1.1447171326883876,1.5763836500067006,2.9717837590604203e-06,6.3422753352824115,75.678421872061,902.0568870544694,1.0,3.3084525042233497,0.0,3.813771391455777,1.0,1.0,0.3190275455123584,1.0,0.5081123789257412,0.0,1.0,1.0,1.0,2.896091433730838,1.0,5,12.376862188277833,1.0,3,3,0.40347219524001526,-1.581486709347696,-6.020843496144575,1.0,1.0,0.06854102300457603,0.0,1.0,1.0973820282003526,5.7656658357636985,1.0,0.4170186555328854,6.038357784210513,0.3874331891156385,1.0,0.0,2.934526532233309,0.058503117915324546,1.0,10.000215206586946,0.8809940143981928,1.9262425251525475,3.1982118410375797,0.0,3.1250628423837563,1.0070246682773294,0.31060410479751976,1.100680961683167,3.4265635009197988,0.44796691008000467,1.372499837548093,1.0,0.0,8.499911857666161,3,0.7386316050712824,1.90222960118815,0.0,0.0,2.2098352367074833e-05,0.0,1.2513276723625285e-05,0.0,1.731614159895426e-10,0.0,52.59941323422136,0.0,0.7220216491907756,0.0,0.0119975093311308,1.0,0.0,250.45839933647355,0.0,0.0,1.5246036095718187,0.0,0.0,0.0,0.0,0.0210850584434905,0.0,1.0,1778.518320418962,311.17241977828303,0.0,3.2441455086587174,0.0,0.0,2.7652119725959957e-08,0.4128856095934874,0.0,381.9273213899984,0.0,0.0,0.0,0.0,0.0,0.0360796292799714,0.0,0.8887260330274309,1.4142554622655542e-05,21.76923053577055,278957.8704098618,0.0,3.223671238484157,0.0,1.0,8.876458232160245e-11,0.289250299919114,0.0,0.008812372451654064,1.0,3.7430236833273445,0.0,-0.0006064552854395162,-0.0018289330987171892,0.0,1.1248417433194688,0.0,1.2911247775907504,0.013990651039173345,1.0,-0.00027190624757029476,-0.0019092848038627995,0.0,1.0,0.0,1.0,1.0068198779601671,0.15290589759153833,1.0225416579646245,1.0656045383969082,0.08463270421284025,0.22692363072109445,-0.5509714655292784,-0.9028241404463391,-0.22253720164556154,-1.1860565081907843,16,23,0.7826086956521738,-1.0,-0.5,0.0,0.0,0.0,0.0,0.0,0.0,0.0,0.0,0.0,0.0,0.0,0.0,0.0,1.0,0.0,0.0,1
VAR_003168,9.254764134965974,4.238855861801261,2311.8638854914184,26.57271209827116,0.0009498603615430316,1.3619669338628062,8.490716966645099,12.129818693331133,9.877414275606093,2671.3217628895563,10.405009720581953,23,0.0,0.0,0.0,0.0,0.0,0.0,0.0,1.0,0.6465546000338702,3.8050300376813508e-06,0.0,1.0,0.0,1.0,0.0,0.20349895247118913,93.81267395122558,16.422231567765632,80.565290780995,1.7116610926187986e-06,0.0,2.044341531513576,1.0132514580063678,0.0,1.0,1.0,1.0,1.0,32.22701446164222,1.0,1.0,1.0,1.0,2.896091433730838,0.0,4,12.5832676893147,1.0,1,1,-0.6132926670714333,-1.4615373930813125,-8.694691137266297,1.0,1.0,1.4638545244524215,14.36216957344868,1.0,1.0973820282003526,10.000394169520558,1.0,2.249686704122576,10.000333261635726,1.4220536089414333,1.0,1.0,2.934526532233309,3.1239074811892182,1.0,10.000215206586946,10.000791355827571,25.390986241805603,3.1982118410375797,0.0,3.1250628423837563,10.038771102665875,1.3367590874913071,5.782920054375477,3.4265635009197988,8.296658683449765,1.372499837548093,1.0,1.0,36.33894938490426,1,6.443358690995288,5.595034830509547,0.0,0.0,751.6155609198498,0.0,1.2527710807912156e-08,0.0,0.3010405713995642,0.0,12.295504636415002,0.0,0.4877805825611978,0.0,1.0,1.0,0.0,250.58419599382938,0.0,0.0,1.5246036095718187,0.3669454137340479,0.0,1.0,0.0,0.0852215933018233,0.0,0.0,22.252358912808297,324.54009885845,0.0,3.2441455086587174,0.0,1.0,13002.965926772458,0.3577561209775881,0.0,0.002806285839614307,1.5966885415373189,0.0,0.0,1.0,0.0,72.97908730144765,0.0,1.0,0.1594203445921194,0.003955625490838894,10.254532031387638,0.0,3.223671238484157,0.0,1.0,4.4234091305640085e-26,0.0,0.0,0.011573038887841152,1.0,8.458261792923878,0.0,-0.0005022848271688078,0.5929531385751965,0.0,2.770729017407695,0.0,1.2911247775907504,-0.0003085315930899425,1.0,1.1190058290438034,0.003793193131138602,0.0,1.0,0.0,1.0,0.02203938249850643,0.0,0.009823586881516593,0.25389033618903345,0.08463270421284025,-0.07546185441157771,0.17327049790207177,-0.8418904068001448,0.851754998273353,-0.665084926801078,6,11,0.21739130434782605,0.5,1.5,0.0,0.0,0.0,0.0,0.0,0.0,0.0,0.0,0.0,0.0,0.0,0.0,-1.0,1.0,0.0,0.0,1
VAR_002869,4.185316659727986,-2.2046816093588828e-07,-3.0040697108673617e-07,-5.44581774160907e-05,0.03422974508132635,6.295586695914048,6.124591292595427,1.9931164841356945,-8.537446705068216e-06,0.0,0.21427681266914625,16,0.0,0.0,0.0,0.0,0.0,0.0,0.0,0.0,0.0,2.714254896411698,0.0,0.0,0.4265800738828714,1.0,0.0,2.0015909375357084,5.5637018957806985,0.0,1.2350031901364114,4.828712965284137e-05,0.0,1.007199978576314e-06,1.0132514580063678,3.813771391455777,1.0,1.0,0.9385735974121177,0.0,0.12854173426059645,0.0,1.0,1.0,1.0,0.0,1.0,0,0.29985193197144383,0.0,2,2,-0.058229298778902185,0.49226000859910474,3.9398532087921225,1.0,1.0,-3.8845536070301456e-07,0.0,1.0,0.5175679270208355,-2.2320749844788135e-07,1.0,1.7080342452685549,0.9999862188019785,0.09373953351161834,1.0,1.0,0.0,0.005112193743598653,1.0,0.000162285762464076,2.771379005145992e-09,-7.189149259615459e-09,0.0,1.3415873261671332,0.18902355570029306,0.002792531624418801,0.0,0.9923158688285718,0.0,0.0675482539219293,1.372499837548093,1.0,0.0,0.0,2,0.24628080682529788,5.595034830509547,1.0,0.0,75.16155609197327,0.0,791.6415811512546,0.0,9.929197638239584,0.0,106.03055203517197,0.0,1.0,0.0,0.0,1.0,0.0,250.59470377337018,0.0,0.0,0.0,0.0,0.0,0.0477700210170605,0.0,0.0,0.0,0.9918854489574936,18.272797777158246,6.236385701982555,0.0,3.2441455086587174,0.0,0.0,9.164001222377616e-05,0.1262322809253148,0.0,382.02633143056306,1.5966885415373189,0.0,0.0,0.0,0.0,90.72709488900605,0.0,0.7364566686389498,1.853146058860346e-07,0.0020778713402493498,2.7067662482051347,0.0,3.223671238484157,0.0,1.0,5623.613545221472,0.0623738297936785,0.0,0.08605141549343547,1.0,3.2203609523615393,0.0,0.0018762748582228379,-0.0009420251951414827,0.0,0.0,0.0,0.0,1.00193533164211,1.0,-0.00028032881180293964,0.9976780702223482,0.0,1.0,0.0,1.0,0.958689293317528,0.5521084163833025,0.07491099965252965,-0.0018867650141973856,-1.3258915343189996,0.2218944688975459,0.17327049790207177,0.25225618454830334,-0.2312223109845497,-0.17815023416974474,21,11,-0.08695652173913049,1.0,1.5,0.0,0.0,0.0,0.0,0.0,0.0,0.0,0.0,0.0,0.0,0.0,0.0,0.0,1.0,1.0,1.0,1
VAR_002884,-0.0783428963784724,-3.8059031320814635e-07,-3.004136269736329e-07,-5.4653554515842356e-05,-1.1041372304889563e-05,-4.831251662299113e-06,-0.017267181209998077,-4.8105745895704074e-06,-8.537446705068216e-06,0.0,-0.10946537831009982,8,0.0,0.0,0.0,0.0,0.0,0.0,0.0,0.0,0.0,0.0,0.0,0.0,0.0,0.0,0.0,0.0,0.0,0.0,0.0,0.0,0.0,0.0,0.0,0.0,0.0,0.0,0.0,0.0,0.0,0.0,0.0,0.0,0.0,0.0,0.0,7,0.0,0.0,2,2,0.4694623771367521,-0.27495724146338574,-6.0925291210337384,0.0,0.0,-3.884553607683874e-07,0.0,0.0,0.0,-2.2320821211521196e-07,0.0,-1.4948262435770877e-08,-2.6709219008793652e-05,-1.4124635230450503e-05,0.0,0.0,0.0,-2.5336807690208568e-08,0.0,-1.2312450534260474e-06,-4.3419141492691217e-07,-3.5038624508476836e-08,0.0,0.0,0.0,-3.837678156849658e-07,0.0,-1.2618654649194024e-06,0.0,-1.1505932956688551e-07,0.0,0.0,0.0,0.0,2,-0.169222268148316,0.0,0.0,0.0,0.0,0.0,0.0,0.0,0.0,0.0,0.0,0.0,0.0,0.0,0.0,0.0,0.0,0.0,0.0,0.0,0.0,0.0,0.0,0.0,0.0,0.0,0.0,0.0,0.0,0.0,0.0,0.0,0.0,0.0,0.0,0.0,0.0,0.0,0.0,0.0,0.0,0.0,0.0,0.0,0.0,0.0,0.0,0.0,0.0,0.0,0.0,0.0,0.0,0.0,0.0,0.0,0.0,0.0,-0.11072982886915257,0.0,-0.0006064556200556692,-0.0018293998462169062,0.0,0.0,0.0,0.0,-0.00030853159312632406,0.0,-0.00028032881180293964,-0.0019096288697232238,0.0,0.0,0.0,0.0,-0.000870651106593671,0.0,-0.006857481141634066,-0.0018867740910451342,0.08463270421284025,0.22692363072109445,-0.021331733150479527,0.241425589478733,-0.32962029622800804,0.010803287987191901,7,4,-0.6739130434782609,0.0,-0.5,0.0,0.0,0.0,0.0,0.0,0.0,1.0,0.0,0.0,0.0,0.0,0.0,,0.0,0.0,0.0,1
VAR_002999,-0.0033356995310156973,1.9918430822235265,1.3974359919375625,84.82528225913639,-6.6849332173528416e-06,-4.77385160943078e-06,0.7314325065501814,1.992974091103715,4.995371981725644e-06,0.0,-0.0030014466455682647,18,0.0,0.0,0.0,0.0,0.0,0.0,0.0,0.0,0.0,0.0,0.0,0.0,0.0,0.0,0.0,0.0,0.0,0.0,0.0,0.0,0.0,0.0,0.0,0.0,0.0,0.0,0.0,0.0,0.0,0.0,0.0,0.0,0.0,0.0,0.0,7,0.0,0.0,2,2,-0.08365460508538554,-2.8206736615413046,-3.618720997758295,1.0,0.0,1.446290113406813,14.36216957344868,0.0,0.0,0.34004618574528395,1.0,0.005164247126746708,1.131863969926452,0.01073913351119978,1.0,0.0,0.0,1.019843058605065,0.0,1.0000203248861734,-4.341914149269104e-07,0.0019243611801474055,1.261446865945342,0.0,0.2129087577698312,0.9373521226791713,1.3367590874913071,1.1178630671943002,0.0,0.3636284100449748,0.7201498369365599,0.0,0.0,0.0,2,-0.13953753909162314,0.0,0.0,0.0,0.0,0.0,0.0,0.0,0.0,0.0,0.0,0.0,0.0,0.0,0.0,0.0,0.0,0.0,0.0,0.0,0.0,0.0,0.0,0.0,0.0,0.0,0.0,0.0,0.0,0.0,0.0,0.0,0.0,0.0,0.0,0.0,0.0,0.0,0.0,0.0,0.0,0.0,0.0,0.0,0.0,0.0,0.0,0.0,0.0,0.0,0.0,0.0,0.0,0.0,0.0,0.0,0.0,1.0,-0.05539470536190291,1.0,0.12932436495958477,-0.0017996146912058494,0.0,0.0,0.0,1.2911247775907504,0.031064958172540243,0.0,-0.00015229231491323156,0.00306043004997976,0.0,0.0,0.0,1.0,1.0068201180263001,0.0,1.0168031547028469,0.07156037340672972,-1.5812171527696426,-0.012894039738995167,-0.903782977599548,-1.1690323842879011,-0.18096051129178434,-1.18532742300823,15,8,0.06521739130434778,0.5,0.5,0.0,0.0,0.0,0.0,0.0,0.0,0.0,0.0,0.0,0.0,0.0,0.0,0.0,0.0,0.0,0.0,1
VAR_002607,3.0139522519581146,-3.805901390403165e-07,-3.004117066397847e-07,0.27594061046696977,0.09331826600929269,0.3082355321826476,1.071105752318064,1.9939674686536955,4.930809049115761,13276.128135750816,0.1740318026551083,28,0.0,0.0,0.0,0.0,0.0,0.0,0.0,1.0,0.0,2.717581073424105,1.0,0.0,1.0,0.0,0.0,2.1092772061971985,9.353797876445787,5.644591040004485,0.00656013457712466,436.2731136149587,0.0,1.9749727875796816e-09,1.0132514580063678,3.813771391455777,1.0,1.0,1.0,1.0,41.43889738189158,0.0,0.7203466822643181,0.0,1.0,2.896091433730838,1.0,5,0.07339930159854813,1.0,4,4,0.043677714000276105,-8.486527462271265,0.0,1.0,1.0,0.10168969978048996,14.36216957344868,1.0,0.17668234825619925,4.288009344577849,1.0,1.023189462683031,4.594464288416444,1.0329385989831106,1.0,0.0,2.934526532233309,4.294272944934113,0.0,6.813146227849888,6.550718204107161,12.729962453803717,3.1982118410375797,1.3415873261671332,0.5043168047514791,3.950057332240552,1.3367590874913071,0.1286397353611993,0.0,1.0284493661909935,1.372499837548093,1.0,1.0,1.1107784075243614,4,1.5902031494226123,5.595034830509547,0.012085881315106,0.0,75.02663380180506,0.0,1.2930325649185718e-13,0.0,0.9430649389898275,0.0,8.014010080780361,0.0,0.1487335108678935,0.0,0.0,0.0,0.0,243.23761429052234,0.0,0.0,1.5246036095718187,0.2608194424889001,0.0,0.2507935265075416,0.0,0.0,0.0,1.0,50.004873762099486,303.3071238929508,0.0,3.2441455086587174,0.0,1.0,21.651458389410436,0.0,0.0,369.42167543363064,0.7303466775067605,0.8549717296804257,0.0,0.0286601360621744,0.0,21.178206745172535,0.0,0.56121444585981,29.57128850309943,22.07188153150914,904.8634479942515,0.0,3.223671238484157,0.0,1.0,0.0024633998610875175,0.6828530597213119,0.0,62.72840329629087,1.0,3.9285959363211855,0.0,-0.0006064533183003218,-0.0005029430683936939,0.0,0.0,0.0,0.0,1.052450962877121,0.0,1.120923042090761,0.9993272738540626,0.0,1.0,0.0,1.0,0.011598954967482008,0.7755353825922108,1.0024494219501812,1.0655835824400233,-10.522211685333996,0.11744589482540205,-13.388997375949733,-1.7195011191667526,-8.52971459451025,-1.4940310758223052,9,12,-0.5652173913043478,1.0,0.0,0.0,0.0,0.0,0.0,0.0,0.0,0.0,0.0,0.0,0.0,0.0,0.0,-1.0,1.0,1.0,0.0,1
VAR_002628,-0.0783428963784724,-3.8059031320814635e-07,-3.004136269736329e-07,-5.4653554515842356e-05,-1.1041372304889563e-05,-4.831251662299113e-06,-0.017267181209998077,-4.8105745895704074e-06,-8.537446705068216e-06,0.0,-0.10946537831009982,8,0.0,0.0,0.0,0.0,0.0,0.0,0.0,0.0,0.0,0.0,0.0,0.0,0.0,0.0,0.0,0.0,0.0,0.0,0.0,0.0,0.0,0.0,0.0,0.0,0.0,0.0,0.0,0.0,0.0,0.0,0.0,0.0,0.0,0.0,0.0,7,0.0,0.0,1,1,-0.8801622373179907,-0.5444964112486518,0.0,0.0,0.0,-3.884553607683874e-07,0.0,0.0,0.0,-2.2320821211521196e-07,0.0,-1.4948262435770877e-08,-2.6709219008793652e-05,-1.4124635230450503e-05,0.0,0.0,0.0,-2.5336807690208568e-08,0.0,-1.2312450534260474e-06,-4.3419141492691217e-07,-3.5038624508476836e-08,0.0,0.0,0.0,-3.837678156849658e-07,0.0,-1.2618654649194024e-06,0.0,-1.1505932956688551e-07,0.0,0.0,0.0,0.0,1,-0.169222268148316,0.0,0.0,0.0,0.0,0.0,0.0,0.0,0.0,0.0,0.0,0.0,0.0,0.0,0.0,0.0,0.0,0.0,0.0,0.0,0.0,0.0,0.0,0.0,0.0,0.0,0.0,0.0,0.0,0.0,0.0,0.0,0.0,0.0,0.0,0.0,0.0,0.0,0.0,0.0,0.0,0.0,0.0,0.0,0.0,0.0,0.0,0.0,0.0,0.0,0.0,0.0,0.0,0.0,0.0,0.0,0.0,0.0,-0.11072982886915257,0.0,-0.0006064556200556692,-0.0018293998462169062,0.0,0.0,0.0,0.0,-0.00030853159312632406,0.0,-0.00028032881180293964,-0.0019096288697232238,0.0,0.0,0.0,0.0,-0.000870651106593671,0.0,-0.006857481141634066,-0.0018867740910451342,0.08463270421284025,-2.5017949416871224,0.17327049790207177,0.6580054247855399,0.14281561927140193,0.6601134754464403,6,19,-0.7826086956521737,-0.5,-0.5,0.0,0.0,0.0,0.0,0.0,0.0,0.0,0.0,0.0,0.0,1.0,0.0,,0.0,0.0,0.0,1
VAR_002831,-0.0783428963784724,-3.8059031320814635e-07,-3.004136269736329e-07,-5.4653554515842356e-05,-1.1041372304889563e-05,-4.831251662299113e-06,-0.017267181209998077,-4.8105745895704074e-06,-8.537446705068216e-06,0.0,-0.10946537831009982,8,0.0,0.0,0.0,0.0,0.0,0.0,0.0,0.0,0.0,0.0,0.0,0.0,0.0,0.0,0.0,0.0,0.0,0.0,0.0,0.0,0.0,0.0,0.0,0.0,0.0,0.0,0.0,0.0,0.0,0.0,0.0,0.0,0.0,0.0,0.0,7,0.0,0.0,4,4,0.2142850321690962,0.5994788451146207,0.0,0.0,0.0,-3.884553607683874e-07,0.0,0.0,0.0,-2.2320821211521196e-07,0.0,-1.4948262435770877e-08,-2.6709219008793652e-05,-1.4124635230450503e-05,0.0,0.0,0.0,-2.5336807690208568e-08,0.0,-1.2312450534260474e-06,-4.3419141492691217e-07,-3.5038624508476836e-08,0.0,0.0,0.0,-3.837678156849658e-07,0.0,-1.2618654649194024e-06,0.0,-1.1505932956688551e-07,0.0,0.0,0.0,0.0,4,-0.169222268148316,0.0,0.0,0.0,0.0,0.0,0.0,0.0,0.0,0.0,0.0,0.0,0.0,0.0,0.0,0.0,0.0,0.0,0.0,0.0,0.0,0.0,0.0,0.0,0.0,0.0,0.0,0.0,0.0,0.0,0.0,0.0,0.0,0.0,0.0,0.0,0.0,0.0,0.0,0.0,0.0,0.0,0.0,0.0,0.0,0.0,0.0,0.0,0.0,0.0,0.0,0.0,0.0,0.0,0.0,0.0,0.0,0.0,-0.11072982886915257,0.0,-0.0006064556200556692,-0.0018293998462169062,0.0,0.0,0.0,0.0,-0.00030853159312632406,0.0,-0.00028032881180293964,-0.0019096288697232238,0.0,0.0,0.0,0.0,-0.000870651106593671,0.0,-0.006857481141634066,-0.0018867740910451342,0.08463270421284025,0.22692363072109445,0.13274861621554548,0.3605126312331088,0.19412725463951847,-0.06910466202987355,15,17,-0.21739130434782605,1.0,-0.5,0.0,1.0,0.0,0.0,0.0,0.0,0.0,0.0,0.0,0.0,0.0,0.0,,0.0,0.0,0.0,1
VAR_002765,44.06359603398484,0.0005300365915377609,339.90644237781345,5320.644170927462,97.01883177330129,51.098692461495226,30.38384167445168,81.71992749444222,274.95977462408393,116692.83076534062,48.09533864792831,12,0.0,0.0,0.0,0.0,0.0,0.0,0.0,0.0,0.1984042241586526,7.27424411545458e-24,0.0,1.0,0.0,1.0,1.1447171326883876,21.092772061974834,0.001007804171460763,16.422231567765632,0.4432541860323099,120.52556971739712,1.0,3.3059560064410807,1.0132514580063678,3.813771391455777,1.0,1.0,1.0,1.0,41.71864417496706,1.0,1.0,1.0,1.0,2.896091433730838,1.0,4,125.8975059663205,1.0,2,2,-0.37187337268593723,-0.10380362582646273,2.555734840556246,1.0,1.0,1.4077048593922195,14.36216957344868,1.0,1.0973820282003526,10.000394169520558,1.0,2.6815292096358045,10.000333261635726,2.0570151051947203,1.0,1.0,2.934526532233309,10.333432623769118,1.0,10.000215206586946,10.000791355827571,555.7536001221513,3.1982118410375797,0.0,3.1250628423837563,10.038771102665875,1.3367590874913071,2.353279837235594,3.4265635009197988,3.7939948350453947,1.372499837548093,1.0,1.0,51.507342500675044,2,37.218360005072306,5.595034830509547,0.0118373082604811,0.0,751.6155603167433,0.0,7916.415815926011,0.0,5.389468618337233,0.0,1.3268267241668047e-11,0.0,1.0,0.0,1.0,1.0,0.0,2505.947073566713,0.0,0.0,1.5246036095718187,0.1172548495310353,0.0,1.0,0.0,1.0,0.0,0.6775382519733815,1778.5052664161392,8.274437198613316e-11,0.0,3.2441455086587174,0.0,1.0,13432.752043692582,1.0,0.0,329.15647335202164,1.5966885415373189,0.0,0.0,1.0,0.0,907.2709778599261,0.0,0.2411935802651748,164.44620131934727,12.337062944927105,37.645298183920715,0.0,3.223671238484157,0.0,1.0,5694.037550291628,1.0,0.0,269.0101900881625,1.0,35.197377719240066,1.0,-0.000606455373733245,0.9842373081085378,0.0,2.770729017407695,0.0,1.2911247775907504,1.0523986173305895,0.0,1.1202476798681833,10.255940820438907,0.0,1.0,0.0,1.0,-0.0008706511057927876,1.2101454315057372,0.7021258600956631,0.055367938755252456,0.08463270421284025,0.1941815516005062,-1.5984585661605861,0.2107738086939015,-0.58614948624281,-0.14045645812162527,0,19,-0.5652173913043478,1.0,0.5,0.0,0.0,0.0,0.0,0.0,0.0,0.0,0.0,1.0,0.0,0.0,0.0,0.0,1.0,0.0,0.0,1
VAR_003034,4.383350076406313,0.001823844957974321,136.16533985898832,0.06784973068026837,43.13116977898891,0.18371207328562986,0.9851951801699852,0.0016754204547538578,40.2824162970362,35931.32622524053,6.336039052004434,7,1.0,0.0005527643794003,0.0,0.0686798207861071,0.0999993875736914,0.0999999999997208,0.9999999999999998,0.0,0.0,1.6770087757956895,0.9016299283956422,0.0,0.7561280094905793,0.0,0.9951919828618949,4.85958728171935e-05,9.38126738978623,0.0,0.002541202595084604,5040.884159496299,1.0,6.626545315640654e-07,0.0,0.0,1.0,1.0,0.0,0.0,1.5086323467754276e-06,1.0,1.0,0.7762780184954446,1.0,2.896091433730838,1.0,5,4.721432110259896,0.0,3,3,0.9916278730713364,-0.5972967397964154,-18.264453254621092,1.0,1.0,2.0919893957126594e-06,0.0,1.0,0.3100114285824607,2.0486809763883493,1.0,1.0231894693233863,2.653155400509377,0.574982798607087,1.0,0.0,2.934526532233309,10.333432623769118,0.0,10.000215206586946,-4.341012001746448e-07,0.021802212738242465,3.1982118410375797,0.0,0.5590782352385545,4.797899824998127,1.3367590874913071,0.5695796281453095,3.4265635009197988,0.1326727782722814,1.372499837548093,1.0,1.0,1.0003897221436828,3,4.995595258986885,5.595034830509547,0.5871325843861555,0.0,751.6155609198498,0.0,5.075658025960323,0.0,9.01669563256972e-05,0.0,4.652413433610369e-13,0.0,0.7653186416429738,0.0,1.0,1.0,0.0,2280.8717145150936,0.0,0.0,1.5246036095718187,0.0,0.0,1.0,0.0,0.0904043824034989,0.0,1.0,0.026252989172422244,7.57478881672603e-07,0.0,3.107314392672992,0.0,1.0,11880.07840433695,1.0,0.0,382.0265764726304,1.5966885415373189,0.0,0.0,1.0,0.0,1.9223123789768497,0.0,0.0,163.52962004016086,22.54496911413775,3.0647022958371015e-06,0.0,2.2239377729964374,0.0,1.0,0.5213074148659886,1.0,0.0,0.01815482688799287,1.0,1.0187538541864978,0.0,0.507947161820557,1.076760612426753,0.0,2.770729017407695,0.0,1.2911247775907504,0.0014356233861633999,0.3579246282577877,1.1209300788180436,0.9931125142258531,0.0,1.0,0.0,1.0,0.004826988245271792,1.2101454315057372,1.0225385733449581,0.008037394409152692,0.08463270421284025,-0.19752509106864355,-0.954494302942901,-1.0980214645970776,0.0721235373904413,-0.2771307208891914,16,3,1.5217391304347825,-1.0,-0.5,0.0,0.0,0.0,0.0,0.0,1.0,0.0,0.0,0.0,0.0,0.0,0.0,,1.0,0.0,0.0,1
VAR_002639,7.34237137594307,-3.8059031310622176e-07,0.07895966074879336,0.7987189582406953,16.42794823268329,-4.831116848029341e-06,10.799977604423237,1.9929741093168862,0.00044047217747439967,6.588049766529796e-08,0.4570051360523731,16,0.0,0.0,0.0,0.0,0.0,0.0,0.0,1.0,1.0,1.0841532233270976e-08,0.0,1.0,0.0,1.0,1.1447171326883876,2.1092661029832844,9.07035377417292,0.0,2.696049809413669e-05,0.0672923265985558,1.0,3.3069381581775157,1.0132514580063678,3.813771391455777,1.0,1.0,1.0,1.0,0.00013048177237890804,1.0,0.0,0.0,1.0,0.0,1.0,1,1.157142208259464,0.0,4,4,-1.0230066829446598,-0.2862071332230558,0.0,1.0,1.0,2.2348077576892627e-05,14.36216957344868,1.0,1.0973820282003526,4.272275988746753,1.0,1.1391229450273979,3.2724910876448305,0.7690485787508486,1.0,0.5297307486683964,2.934526532233309,1.034756847039985,1.0,10.000215206586946,6.478812081596662,10.41003685977875,3.1982118410375797,0.0,0.14508195787214567,0.8037981977262512,0.0,0.04883111666110062,3.4265635009197988,1.4700186846755792,1.372499837548093,1.0,1.0,1.999978732855437,4,0.34827067590075395,5.595034830509547,0.5170787873163218,0.0,57.88703034197261,0.0,1.4354009532676581e-11,0.0,9.932713063544345,0.0,106.18626090476384,0.0,0.4086544687588704,0.0,1.0,1.0,0.0,142.6985264870093,0.0,0.0,1.5246036095718187,1.0,0.0,0.0607374352740552,0.0,0.2187284417155263,0.0,0.8651620253367728,1330.394971724392,1.841046891281978e-08,0.0,3.2441455086587174,0.0,1.0,0.04450250817072702,0.0,0.0,382.0265764501237,1.5966885415373189,0.4495644510555416,0.0,0.0,0.0,88.93795481461072,0.0,0.0,1.0103022472963064,19.57848285712065,1.1832521440219717e-05,0.0,3.223671238484157,0.0,1.0,5468.178840378995,0.0,0.0,381.2938946371147,1.0,5.589910086276806,0.0,0.3509853075440007,0.13017988980429987,0.0,0.0,0.0,0.0,1.0524512094400764,1.0,1.118469660185715,-0.0017685994232156446,0.0,1.0,0.0,1.0,1.0068204689217946,0.0,0.5453862060005985,0.040007072711482336,-0.04284962675486371,-4.151120099596694,0.17327049790207177,0.1417614591854187,-0.09415791558223735,0.051080384600346807,23,3,0.826086956521739,-0.5,-0.5,0.0,1.0,0.0,0.0,0.0,0.0,0.0,0.0,0.0,0.0,0.0,0.0,0.0,1.0,1.0,0.0,1
VAR_003007,0.3710893044754431,1.3084109869783598,520.0230269891372,8.137552532728233e-05,0.00012161300938251353,7.337982304027759,-0.004882919293931163,0.14422498606608314,0.1210092247288612,0.0,0.757155318835164,11,0.0,0.0,0.0,0.0,0.0,0.0,0.0,0.7067036704810918,1.0,0.17100772505163683,1.0,0.0,0.0,1.0,0.0,0.00015982430127158839,3.1988583160617887e-07,0.0,55.89952646477557,1.331161684805617,0.0,2.1939175813799955e-08,0.0,3.813771391455777,0.0,1.0,1.0,1.0,0.0010692802831081458,1.0,0.0,1.0,1.0,2.896091433730838,1.0,1,4.383242800169077,1.0,3,3,1.0247637020867206,0.8523172782996858,1.3583530187672164,0.0,1.0,0.07548052067860551,0.0,1.0,0.0,10.000394169520558,1.0,1.3004075937237678,10.000333261635726,1.0333159771072897,0.0,1.0,2.934526532233309,1.5772951342597106,0.0,2.088022940330606,0.20443366558298712,1.4719929247979537,3.1982118410375797,0.0,0.0,0.8615174086975961,1.3367590874913071,0.35597143627371114,3.4265635009197988,1.0289143453514367,1.372499837548093,0.0,0.0,1.999983551721126,3,1.0017849383305863,5.595034830509547,0.3503614082766276,0.0,751.6155609191106,0.0,763.5634366295503,0.0,9.92483780341715,0.0,0.009024257290637367,0.0,1.0,0.0,0.0664920947451428,1.0,0.0,250.55037547265727,0.0,0.0,1.5246036095718187,1.0,0.0,1.0,0.0,0.0,0.0,1.0,284.13328939644754,312.9001531750554,0.0,0.0,0.0,1.0,13432.755445697183,0.1912902142978674,0.0,3.0789556884932954,1.5966885415373189,0.0,0.0,1.0,0.0,1.126413703262423e-10,0.0,0.0,7.3388907466553714,22.549370068214845,911.3578419920136,0.0,3.223671238484157,0.0,1.0,5651.928030236537,0.2512921104819635,0.0,381.2899251627858,1.0,0.22164781062830524,1.0,0.09791835936646882,1.0767606144207813,0.0,2.770729017407695,0.0,0.37186065937840523,-0.000308531587380283,1.0,-0.00027737667348478305,1.0236227275735805,0.0,0.0,0.0,1.0,-0.0008698403562180016,0.0,1.0134176648113569,1.0656045375441074,0.08463270421284025,0.20408021398232806,0.17327049790207177,-0.05664364182505564,0.2227413231195337,0.7534580570099187,8,4,-0.06521739130434778,0.0,-0.5,0.0,0.0,0.0,0.0,1.0,0.0,0.0,0.0,0.0,0.0,0.0,0.0,0.0,1.0,0.0,0.0,1
VAR_003082,-0.0783428963784724,-3.8059031320814635e-07,-3.004136269736329e-07,-5.4653554515842356e-05,-1.1041372304889563e-05,-4.831251662299113e-06,-0.017267181209998077,-4.8105745895704074e-06,-8.537446705068216e-06,0.0,-0.10946537831009982,8,0.0,0.0,0.0,0.0,0.0,0.0,0.0,0.0,0.0,0.0,0.0,0.0,0.0,0.0,0.0,0.0,0.0,0.0,0.0,0.0,0.0,0.0,0.0,0.0,0.0,0.0,0.0,0.0,0.0,0.0,0.0,0.0,0.0,0.0,0.0,7,0.0,0.0,1,1,0.48026951122783634,0.5838115606679573,4.1964855262034675,0.0,0.0,-3.884553607683874e-07,0.0,0.0,0.0,-2.2320821211521196e-07,0.0,-1.4948262435770877e-08,-2.6709219008793652e-05,-1.4124635230450503e-05,0.0,0.0,0.0,-2.5336807690208568e-08,0.0,-1.2312450534260474e-06,-4.3419141492691217e-07,-3.5038624508476836e-08,0.0,0.0,0.0,-3.837678156849658e-07,0.0,-1.2618654649194024e-06,0.0,-1.1505932956688551e-07,0.0,0.0,0.0,0.0,1,-0.169222268148316,0.0,0.0,0.0,0.0,0.0,0.0,0.0,0.0,0.0,0.0,0.0,0.0,0.0,0.0,0.0,0.0,0.0,0.0,0.0,0.0,0.0,0.0,0.0,0.0,0.0,0.0,0.0,0.0,0.0,0.0,0.0,0.0,0.0,0.0,0.0,0.0,0.0,0.0,0.0,0.0,0.0,0.0,0.0,0.0,0.0,0.0,0.0,0.0,0.0,0.0,0.0,0.0,0.0,0.0,0.0,0.0,0.0,-0.11072982886915257,0.0,-0.0006064556200556692,-0.0018293998462169062,0.0,0.0,0.0,0.0,-0.00030853159312632406,0.0,-0.00028032881180293964,-0.0019096288697232238,0.0,0.0,0.0,0.0,-0.000870651106593671,0.0,-0.006857481141634066,-0.0018867740910451342,0.08463270421284025,0.0,-3.573709863087005,0.2754719707049552,1.1318422016561174,0.5579358814640175,6,22,0.30434782608695654,0.0,-0.5,0.0,0.0,0.0,0.0,0.0,0.0,0.0,0.0,0.0,0.0,0.0,1.0,,0.0,0.0,0.0,1
VAR_002592,1.6445886688177458,-4.241589478362349e-08,-3.004128344128483e-07,-5.384280647735083e-05,8.606150095882004,130.40138585969527,1.0867395025332178,2.4090869458906514,0.016820659074826407,0.0,1.8336353003363348,13,0.0,0.0,0.0,0.0,0.0,0.0,0.0,0.0,0.0,0.003549663560415459,0.4227597543180476,1.0,0.0,0.0,1.1447171326883876,2.1091635400874327,3.7435822542506813e-06,0.0,0.02178569133086021,0.00024116644918537882,0.0,0.13291565491141746,0.0,0.0,0.0,1.0,1.0,0.0,417.18680199637146,1.0,0.0,1.0,1.0,0.0,1.0,2,2.2786441134433025e-09,1.0,2,2,-0.06995699423877275,-8.227705792684096,0.0,1.0,1.0,0.09149077949760573,14.36216957344868,1.0,0.0,9.36047826010368,0.0,0.9919758967776826,9.00932206768913,1.94257368613088,1.0,1.0,0.0,1.0273458976360836,0.0,1.0000204124707601,0.6109297285174501,0.005660666025767819,3.1982118410375797,0.0,0.6624892558381078,0.970331053211676,1.297641894591956,-7.021799584989187e-07,0.0,1.0251355504062287,0.0,1.0,1.0,0.499994762109466,2,1.2407426222237845,0.0,1.0,0.0,75.16118986813248,0.0,1.2073644877581083e-26,0.0,89.39454864192159,0.0,41.67539749792511,0.0,0.0,0.0,0.0,1.0,0.0,229.8664858770324,0.0,0.0,0.0,1.0,0.0,0.0,0.0,0.6075571197575447,0.0,1.0,1778.5119329570712,325.4622530499523,0.0,0.0,0.0,0.2121213013767993,13432.755565246694,0.0902405079608171,0.0,381.1582289928209,1.5966885415373189,0.0,0.0,0.0,0.0,90.72638208349612,0.0,0.8852004342914181,158.2724853193244,3.0848040955234462e-12,1.161902167781248e-05,0.0,0.0,0.0,1.0,5651.154231998487,0.0,0.0,381.27501159805564,0.0,2.478705990910783,0.0,-0.0006064262111769559,1.0763839502262913,0.0,0.0,0.0,0.9123533737639997,1.0524511791438818,1.0,0.0077254826864991966,-0.0019025148662731772,0.0,1.0,0.0,1.0,-0.0002406770699929272,1.2101454315057372,1.0225416599977022,0.7335271943135491,-3.059516686490292,-1.6284435996091542,-36.42363883459151,-1.4765025361762758,-15.257574822689369,-1.7205141518377516,16,14,0.6304347826086956,-0.5,0.5,0.0,0.0,0.0,0.0,0.0,0.0,0.0,1.0,0.0,0.0,0.0,0.0,0.0,1.0,0.0,0.0,1
VAR_003043,-0.0783428963784724,-3.8059031320814635e-07,-3.004136269736329e-07,-5.4653554515842356e-05,-1.1041372304889563e-05,-4.831251662299113e-06,-0.017267181209998077,-4.8105745895704074e-06,-8.537446705068216e-06,0.0,-0.10946537831009982,8,0.0,0.0,0.0,0.0,0.0,0.0,0.0,0.0,0.0,0.0,0.0,0.0,0.0,0.0,0.0,0.0,0.0,0.0,0.0,0.0,0.0,0.0,0.0,0.0,0.0,0.0,0.0,0.0,0.0,0.0,0.0,0.0,0.0,0.0,0.0,7,0.0,0.0,2,2,1.0663515114626596,0.8523172782996858,0.0,0.0,0.0,-3.884553607683874e-07,0.0,0.0,0.0,-2.2320821211521196e-07,0.0,-1.4948262435770877e-08,-2.6709219008793652e-05,-1.4124635230450503e-05,0.0,0.0,0.0,-2.5336807690208568e-08,0.0,-1.2312450534260474e-06,-4.3419141492691217e-07,-3.5038624508476836e-08,0.0,0.0,0.0,-3.837678156849658e-07,0.0,-1.2618654649194024e-06,0.0,-1.1505932956688551e-07,0.0,0.0,0.0,0.0,2,-0.169222268148316,0.0,0.0,0.0,0.0,0.0,0.0,0.0,0.0,0.0,0.0,0.0,0.0,0.0,0.0,0.0,0.0,0.0,0.0,0.0,0.0,0.0,0.0,0.0,0.0,0.0,0.0,0.0,0.0,0.0,0.0,0.0,0.0,0.0,0.0,0.0,0.0,0.0,0.0,0.0,0.0,0.0,0.0,0.0,0.0,0.0,0.0,0.0,0.0,0.0,0.0,0.0,0.0,0.0,0.0,0.0,0.0,0.0,-0.11072982886915257,0.0,-0.0006064556200556692,-0.0018293998462169062,0.0,0.0,0.0,0.0,-0.00030853159312632406,0.0,-0.00028032881180293964,-0.0019096288697232238,0.0,0.0,0.0,0.0,-0.000870651106593671,0.0,-0.006857481141634066,-0.0018867740910451342,0.08463270421284025,0.22692363072109445,0.17327049790207177,-0.4216903441755017,-0.619455537632155,-0.12692242327534833,7,4,-0.6739130434782609,0.0,-0.5,0.0,0.0,0.0,0.0,0.0,0.0,1.0,0.0,0.0,0.0,0.0,0.0,,0.0,0.0,0.0,1
VAR_002838,0.8195410051134818,-3.8059031320786863e-07,2.584940074633746,72.96275483283998,0.01355780287657479,0.0030099644753786765,1.189151881992606,1.9930069707049747,0.18506896319774283,0.0,0.053051775339267554,18,0.0,0.0,0.0,0.0,0.0,0.0,0.0,0.0,0.0,0.0,0.0,0.0,0.0,0.0,0.0,0.0,0.0,0.0,0.0,0.0,0.0,0.0,0.0,3.813771391455777,1.0,0.0,0.3065735627123816,0.0,41.71868019040083,0.0,0.450183125976872,0.0,1.0,2.896091433730838,1.0,3,0.027657930835443933,1.0,3,3,0.050664687756716266,-2.543580463505252,-10.495143055680337,1.0,1.0,0.009083589599889,1.1267277504188935,1.0,1.0669939489192695,0.0004050023914632315,0.0,1.0079814453470821,0.9994489101040276,0.9272176156552062,1.0,0.0,0.0,7.143104827488016e-06,0.3040966113570384,0.9949409169283563,0.9452003513507764,0.004478328796758356,3.1982118410375797,0.0,0.0,8.93816527744375e-06,1.3367590874913071,0.9985195340601268,3.4265635009197988,6.693036020692699e-09,1.372499837548093,0.0,0.0,0.0,3,0.057655530882921316,0.0,0.0,0.0,1.9211075305072697e-05,0.0,754.3638977750749,0.0,9.93270536892262,0.0,0.008917229212097076,0.0,1.0,0.0,1.0,1.0,0.0,0.002024729200560453,0.0,0.0,1.5246036095718187,0.0,0.0,0.0,0.0,0.0,0.0,0.0,1666.3007340621605,0.0006001317817574343,0.0,3.2441455086587174,0.0,1.0,2077.101172954827,0.0,0.0,382.02655577327863,0.0,1.0,0.0,0.1171170058218645,0.0,2.783265039808572e-07,0.0,0.5330340526818041,0.12310613528239489,1.1089600869480254,3383.9841945722515,0.0,3.223671238484157,0.0,0.0,5719.008510045546,0.0890280974909936,0.0,381.29990103579433,1.0,5.00526226228008,0.0,0.5926408153042093,0.551427502529273,0.0,1.581421547937398,0.0,0.0,0.27204850479686016,0.0,0.981079904187211,0.39313700186311323,0.0,1.0,0.0,1.0,1.0067991294907617,0.298396866693992,-0.00685748110296048,1.0655463035947152,-0.3985278681167567,0.1343561110097041,-0.522082187100203,-1.1694218306830864,0.22247048929353022,-0.40918776517013594,6,11,0.21739130434782605,0.5,1.5,0.0,0.0,0.0,0.0,0.0,0.0,0.0,0.0,0.0,0.0,0.0,0.0,0.0,1.0,0.0,0.0,1
VAR_002642,-0.0783428963784724,-3.8059031320814635e-07,-3.004136269736329e-07,-5.4653554515842356e-05,-1.1041372304889563e-05,-4.831251662299113e-06,-0.017267181209998077,-4.8105745895704074e-06,-8.537446705068216e-06,0.0,-0.10946537831009982,8,0.0,0.0,0.0,0.0,0.0,0.0,0.0,0.0,0.0,1.1487339655296107,0.0,1.0,1.0,1.0,0.0,8.762490552345412e-07,0.00912220472338512,3.3190979097598583,2.305794537984086,116.31133665119562,0.0,2.2181626495682067,0.0,3.813771391455777,1.0,1.0,1.0,0.0,8.68385607232328,0.0,0.0,0.0,0.0,0.0,1.0,0,1.0753421904258133e-11,0.0,1,1,-0.6368696142274272,-0.5339835149458112,0.0,0.0,0.0,-3.884553607683874e-07,0.0,0.0,0.0,-2.2320821211521196e-07,0.0,-1.4948262435770877e-08,-2.6709219008793652e-05,-1.4124635230450503e-05,0.0,0.0,0.0,-2.5336807690208568e-08,0.0,-1.2312450534260474e-06,-4.3419141492691217e-07,-3.5038624508476836e-08,0.0,0.0,0.0,-3.837678156849658e-07,0.0,-1.2618654649194024e-06,0.0,-1.1505932956688551e-07,0.0,0.0,0.0,0.49999466529497977,1,-0.12236999556677636,0.0,0.0,0.0,0.0,0.0,0.0,0.0,0.0,0.0,0.0,0.0,0.0,0.0,0.0,0.0,0.0,0.0,0.0,0.0,0.0,0.0,0.0,0.0,0.0,0.0,0.0,0.0,0.0,0.0,0.0,0.0,0.0,0.0,0.0,0.0,0.0,0.0,0.0,0.0,0.0,0.0,0.0,0.0,0.0,0.0,0.0,0.0,0.0,0.0,0.0,0.0,0.0,0.0,0.0,0.0,0.0,0.0,-0.11072982886915257,0.0,-0.0006064556200556692,-0.0018293998462169062,0.0,0.0,0.0,0.0,-0.00030853159312632406,0.0,-0.00028032881180293964,-0.0019096288697232238,0.0,0.0,0.0,0.0,-0.000870651106593671,0.0,-0.006857481141634066,-0.0018867740910451342,-5.513381956042426,-3.651328900905879,0.11480542761972397,-0.19797320548522113,1.0415621566279076,0.1447533287665748,11,14,-1.1739130434782608,-1.0,0.5,0.0,0.0,0.0,0.0,0.0,0.0,0.0,0.0,0.0,0.0,1.0,0.0,,1.0,0.0,1.0,1
VAR_002700,-0.0783428963784724,-3.8059031320814635e-07,-3.004136269736329e-07,-5.4653554515842356e-05,-1.1041372304889563e-05,-4.831251662299113e-06,-0.017267181209998077,-4.8105745895704074e-06,-8.537446705068216e-06,0.0,-0.10946537831009982,8,0.0,0.0,0.0,0.0,0.0,0.0,0.0,0.0,0.0,0.0,0.0,0.0,0.0,0.0,0.0,0.0,0.0,0.0,0.0,0.0,0.0,0.0,0.0,0.0,0.0,0.0,1.0,1.0,0.3862565626034847,1.0,0.0,0.6198962774150766,0.0,2.896091433730838,1.0,1,12.589739890539832,1.0,3,3,0.4367291536455323,0.4576208380189379,0.0,1.0,0.0,1.4612637574734324,5.517692915508294,0.0,1.0973820282003526,0.9963416918325868,0.0,0.10762953569969216,0.9737459044479947,-1.4124207693684017e-05,0.0,0.0,2.934526532233309,0.5295629832848032,1.0,4.522767623688159,0.007174322101687985,0.09746848263794305,1.9078964117431698,0.0,0.0,0.44974149194272045,0.33801457477776803,1.0134508073593975,0.0,0.022837940265788368,1.372499837548093,1.0,0.0,0.0,3,0.4931222378510739,0.0,0.0,0.0,0.0,0.0,0.0,0.0,0.0,0.0,0.0,0.0,0.0,0.0,0.0,0.0,0.0,0.0,0.0,0.0,0.0,0.0,0.0,0.0,0.0,0.0,0.0,0.0,0.0,0.0,0.0,0.0,0.0,0.0,0.0,0.0,0.0,0.0,0.0,0.0,0.0,0.0,0.0,0.0,0.0,0.0,0.0,0.0,0.0,0.0,0.0,0.0,0.0,0.0,0.0,0.0,0.0,1.0,1.0769668837770514,1.0,1.1109333602399623,0.6885820640360747,0.0,0.0,0.0,1.2911247775907504,2.11433401280127e-06,1.0,0.9946151088401077,1.0238782882370656,0.0,1.0,0.0,1.0,-0.0007013547912266175,0.6358871338402335,0.9009240491785379,1.0653501934368999,0.08463270421284025,0.024715282507208627,0.17327049790207177,-0.23409485579869263,-0.011354504693461954,0.469001418526079,17,3,0.7173913043478259,0.0,0.5,0.0,0.0,0.0,0.0,0.0,0.0,0.0,0.0,0.0,0.0,0.0,0.0,,1.0,0.0,0.0,0
VAR_002907,0.32685687349005177,0.09519878513156466,67.61923468656569,6.34355923293146,0.0026662393107442233,9.157986990292242,0.09321956032381588,1.5726287584024752,10.194584518675462,0.0,-0.0349666169463511,19,0.0,0.0,0.0,0.0,0.0,0.0,0.0,1.0,0.0,2.71801587298165,1.0,0.0,1.0,0.0,1.1447171326883876,5.935270242778728e-16,9.137112076346063e-11,0.5580894515753155,80.46793267350296,39.05929730791304,0.0,3.308361966093367,1.0132514580063678,0.0,0.0,0.0,0.0,0.0,0.0,0.0,0.0,0.0,0.0,0.0,0.0,7,0.0,0.0,3,3,-0.6398013593286804,0.357722934160267,0.0,0.0,0.0,-3.884553607683874e-07,0.0,0.0,0.0,-2.2320821211521196e-07,0.0,-1.4948262435770877e-08,-2.6709219008793652e-05,-1.4124635230450503e-05,0.0,0.0,0.0,-2.5336807690208568e-08,0.0,-1.2312450534260474e-06,-4.3419141492691217e-07,-3.5038624508476836e-08,0.0,0.0,0.0,-3.837678156849658e-07,0.0,-1.2618654649194024e-06,0.0,-1.1505932956688551e-07,0.0,0.0,0.0,0.0,3,-0.050927542212069916,2.2502749866591447,0.9664404099546337,0.0,75.15807387013221,0.0,791.6415815926011,0.0,4.636519212191502,0.0,0.0005870673549319409,0.0,1.0,0.0,0.0,1.0,0.0,2.2023777423962367,0.0,0.0,0.0,0.0,0.0,0.554296088536283,0.0,0.0,0.0,0.0,11.796568642480612,2.8667683666744644e-05,0.0,0.0,0.0,0.0,13426.637127765234,0.0,0.0,6.142005020615691,0.6607407415631195,0.0,0.0,0.0,0.0,0.00196429374436236,0.0,0.0,94.72236913998242,20.4031477337894,2.6147187726589864,0.0,0.7269929166145718,0.0,1.0,127.91567660432128,0.0,0.0,372.66433241352667,0.0,0.003460730989123561,1.0,0.0019903990160250826,-0.0014584725210474662,0.0,0.0,0.0,0.0,1.0352519924172319,0.0,-0.0002803288077648029,-0.0019096288149793553,0.0,1.0,0.0,1.0,0.08642666216524614,1.2101454315057372,-0.006722169125585659,0.00906429395528398,-1.3485151886581204,-0.029748574640132953,0.17327049790207177,0.6614950915056247,0.12432467040563588,0.6530505384022988,14,11,1.1739130434782608,-1.0,0.5,0.0,0.0,0.0,0.0,0.0,1.0,0.0,0.0,0.0,0.0,0.0,0.0,0.0,0.0,0.0,0.0,1
VAR_003137,-0.0783428963784724,-3.8059031320814635e-07,-3.004136269736329e-07,-5.4653554515842356e-05,-1.1041372304889563e-05,-4.831251662299113e-06,-0.017267181209998077,-4.8105745895704074e-06,-8.537446705068216e-06,0.0,-0.10946537831009982,8,0.0,0.0,0.0,0.0,0.0,0.0,0.0,0.0,0.0,0.0,0.0,0.0,0.0,0.0,0.0,0.0,0.0,0.0,0.0,0.0,0.0,0.0,0.0,0.0,0.0,0.0,0.0,0.0,0.0,0.0,0.0,0.0,0.0,0.0,0.0,7,0.0,0.0,2,2,1.140197534890719,0.8523172782996858,3.7006577961201863,0.0,0.0,-3.884553607683874e-07,0.0,0.0,0.0,-2.2320821211521196e-07,0.0,-1.4948262435770877e-08,-2.6709219008793652e-05,-1.4124635230450503e-05,0.0,0.0,0.0,-2.5336807690208568e-08,0.0,-1.2312450534260474e-06,-4.3419141492691217e-07,-3.5038624508476836e-08,0.0,0.0,0.0,-3.837678156849658e-07,0.0,-1.2618654649194024e-06,0.0,-1.1505932956688551e-07,0.0,0.0,0.0,0.0,2,-0.169222268148316,0.0,0.0,0.0,0.0,0.0,0.0,0.0,0.0,0.0,0.0,0.0,0.0,0.0,0.0,0.0,0.0,0.0,0.0,0.0,0.0,0.0,0.0,0.0,0.0,0.0,0.0,0.0,0.0,0.0,0.0,0.0,0.0,0.0,0.0,0.0,0.0,0.0,0.0,0.0,0.0,0.0,0.0,0.0,0.0,0.0,0.0,0.0,0.0,0.0,0.0,0.0,0.0,0.0,0.0,0.0,0.0,0.0,-0.11072982886915257,0.0,-0.0006064556200556692,-0.0018293998462169062,0.0,0.0,0.0,0.0,-0.00030853159312632406,0.0,-0.00028032881180293964,-0.0019096288697232238,0.0,0.0,0.0,0.0,-0.000870651106593671,0.0,-0.006857481141634066,-0.0018867740910451342,-1.579538159982161,-0.5396246642517755,-1.2416680068905452,-0.0398006202517735,-0.8067832709977458,-0.5081500226103977,4,8,0.06521739130434778,0.0,-0.5,0.0,0.0,0.0,0.0,0.0,0.0,0.0,1.0,0.0,0.0,0.0,0.0,,0.0,0.0,0.0,1
VAR_002782,0.14605307670803677,0.01876256486723264,0.0036393688406880405,36.41532967552987,1.7663471851299278e-05,0.0023317707003521764,0.3780590285754977,-4.6493080115327855e-06,1.9684760097865175,0.0,0.10909380174732347,16,0.0,0.0,0.0,0.0,0.0,0.0,0.0,0.0,0.0,0.0,0.0,0.0,0.0,0.0,0.0,0.0,0.0,0.0,0.0,0.0,0.0,0.0,0.0,0.0,0.0,0.0,0.0,0.0,0.0,0.0,0.0,0.0,0.0,0.0,0.0,7,0.0,0.0,3,3,-0.35989824882665095,0.00038017816576149395,-3.163150504311129,0.0,0.0,-3.884553607683874e-07,0.0,0.0,0.0,-2.2320821211521196e-07,0.0,-1.4948262435770877e-08,-2.6709219008793652e-05,-1.4124635230450503e-05,0.0,0.0,0.0,-2.5336807690208568e-08,0.0,-1.2312450534260474e-06,-4.3419141492691217e-07,-3.5038624508476836e-08,0.0,0.0,0.0,-3.837678156849658e-07,0.0,-1.2618654649194024e-06,0.0,-1.1505932956688551e-07,0.0,0.0,0.0,0.0,3,0.24603365783594489,0.3971500965999103,1.0,0.0,0.8750933759227729,0.0,791.0920172481589,0.0,0.0807780312540375,0.0,106.17123787950028,0.0,0.8011725501071638,0.0,0.0,0.0,0.0,249.93832892461862,0.0,0.0,0.0,1.0,0.0,0.5157111108905813,0.0,0.6773323801810388,0.0,0.0,1778.5183202645082,0.01048971826292106,0.0,3.2441455086587174,0.0,0.0587266863801936,13123.179398095892,0.9530124218433615,0.0,0.18928511199878054,1.5966885415373189,1.0,0.0,0.0045574602780957,0.0,0.7518375285124391,0.0,1.0,1.5670562191229078e-09,22.54542518332592,210753.44229674773,0.0,3.223671238484157,0.0,1.0,4967.803497879346,0.0,0.0,0.002532370035475249,1.0,0.9003785401710915,0.0,0.6726954649886523,-0.0018293195327742588,0.0,0.7417795769409646,0.0,1.2911247775907504,1.052451156668911,0.0,0.05196291220470745,1.0238795766015687,0.0,1.0,0.0,0.0,0.6080734709397744,0.25817117094635816,0.25027162093688865,0.5856450438084638,0.08463270421284025,0.22692363072109445,0.17327049790207177,-0.16231181414275317,1.1427267023082022,-0.35508465477494777,11,22,0.08695652173913049,1.0,1.5,0.0,0.0,0.0,0.0,0.0,0.0,0.0,0.0,0.0,0.0,0.0,0.0,0.0,0.0,1.0,0.0,1
VAR_002978,-0.0783428963784724,-3.8059031320814635e-07,-3.004136269736329e-07,-5.4653554515842356e-05,-1.1041372304889563e-05,-4.831251662299113e-06,-0.017267181209998077,-4.8105745895704074e-06,-8.537446705068216e-06,0.0,-0.10946537831009982,8,0.0,0.0,0.0,0.0,0.0,0.0,0.0,0.0,0.0,0.0,0.0,0.0,0.0,0.0,0.0,0.0,0.0,0.0,0.0,0.0,0.0,0.0,0.0,0.0,0.0,0.0,0.4070932866136135,0.0,41.71857117657401,0.0,1.0,0.0,0.0,2.896091433730838,1.0,3,3.6075663874144947e-16,1.0,2,2,0.0,0.28372800817564964,3.2025398214465097,0.0,0.0,-3.884553607683874e-07,0.0,0.0,0.0,-2.2320821211521196e-07,0.0,-1.4948262435770877e-08,-2.6709219008793652e-05,-1.4124635230450503e-05,0.0,0.0,0.0,-2.5336807690208568e-08,0.0,-1.2312450534260474e-06,-4.3419141492691217e-07,-3.5038624508476836e-08,0.0,0.0,0.0,-3.837678156849658e-07,0.0,-1.2618654649194024e-06,0.0,-1.1505932956688551e-07,0.0,0.0,0.0,0.0,2,-0.14878905321424235,0.0,0.0,0.0,0.0,0.0,0.0,0.0,0.0,0.0,0.0,0.0,0.0,0.0,0.0,0.0,0.0,0.0,0.0,0.0,0.0,0.0,0.0,0.0,0.0,0.0,0.0,0.0,0.0,0.0,0.0,0.0,0.0,0.0,0.0,0.0,0.0,0.0,0.0,0.0,0.0,0.0,0.0,0.0,0.0,0.0,0.0,0.0,0.0,0.0,0.0,0.0,0.0,0.0,0.0,0.0,0.0,0.0,-0.11072982886915257,0.0,-0.0006064556200556692,-0.0018293998462169062,0.0,0.0,0.0,0.0,-0.00030853159312632406,0.0,-0.00028032881180293964,-0.0019096288697232238,0.0,0.0,0.0,0.0,-0.000870651106593671,0.0,-0.006857481141634066,-0.0018867740910451342,0.08463270421284025,0.15161092001557355,-0.4603809762009911,0.14796808346695872,-0.319754846950798,-0.12501528218111851,5,16,0.0,1.5,-0.5,0.0,0.0,0.0,0.0,0.0,0.0,0.0,1.0,0.0,0.0,0.0,0.0,,1.0,0.0,0.0,0
VAR_003109,4.9460403664009585,101.63827818566263,341.6970420745701,0.19208106337595052,2.639851713171091,150.82350496588595,0.8418960258158921,15.946233382183816,-8.52514870063052e-06,0.03589102791370604,19.304914226291327,0,1.0,0.0009132606964387,1.0,0.9000000834713138,0.0999999999746447,8.410917674138904e-12,9.11795634915804e-05,1.0,1.0,27.18015873006237,0.0,1.0,0.1437584503313363,1.0,1.1447171326883876,20.25553565036911,1.3035468091087798,16.422231567765632,80.37300966469103,22.32328762123678,1.0,2.92895529046122,1.0132514580063678,3.813771391455777,1.0,1.0,1.0,1.0,41.718679877597005,0.0,1.0,1.0,1.0,2.896091433730838,1.0,0,0.0010466992117781195,1.0,4,4,1.140197534890719,0.5618748486556785,3.0635478509681966,1.0,1.0,2.0852618205787227e-06,0.8085244450998201,1.0,1.0973820282003526,4.279067954594168,1.0,10.231894827768237,4.265226822097084,0.0001792742627735906,1.0,1.0,2.934526532233309,2.0796521199360885,1.0,4.258892132752632,0.5476929282615526,4.591581491138582,3.1982118410375797,1.3415873261671332,3.1250628423837563,1.856407445363079,1.3367590874913071,1.0254541866475027,3.4265635009197988,10.289162875064855,1.372499837548093,1.0,1.0,73.99921054326902,4,16.17334414657408,5.595034830509547,1.0,0.0,751.6155609198498,0.0,0.540093585311843,0.0,1.1708051830305173,0.0,106.14454928301616,0.0,0.0,0.0,1.0,1.0,0.0,6.626771592256249,0.0,0.0,1.5246036095718187,1.0,0.0,1.0,0.0,0.6802485087029181,0.0,0.0,0.14566181982889465,325.8105979905114,0.0,0.0,0.0,1.0,2784.182404014858,0.0,0.0,330.25493631755535,1.5966885415373189,1.0,0.0,1.0,0.0,53.18371805382299,0.0,0.0,0.1006126227418259,0.007960131484537905,0.1165619181859086,0.0,3.223671238484157,0.0,1.0,5621.443871203248,0.2635685237544353,0.0,381.29990103828004,1.0,8.02315991947601,1.0,0.03966638012500005,1.0767606144676947,0.0,2.770729017407695,0.0,1.2911247775907504,-0.0003076357080022974,0.0,-0.00028032881150554006,1.023758372653138,0.0,0.0,0.0,1.0,1.0067606816955534,0.5960713288004404,1.0220314326587177,0.9063328534353441,-0.9273538647756231,-0.6328832339940323,-0.279065208337985,-1.4128366837374822,0.6914459878260842,-0.5020764746562015,9,11,-0.15217391304347827,1.5,0.5,0.0,0.0,0.0,0.0,0.0,0.0,0.0,0.0,0.0,0.0,0.0,0.0,,1.0,0.0,1.0,0
VAR_002799,-0.0783428963784724,-3.8059031320814635e-07,-3.004136269736329e-07,-5.4653554515842356e-05,-1.1041372304889563e-05,-4.831251662299113e-06,-0.017267181209998077,-4.8105745895704074e-06,-8.537446705068216e-06,1.7370305080297747e-06,0.009290690006854247,28,0.0,0.0,0.0,0.0,0.0,0.0,0.0,1.0,1.0,2.3462296753694107,0.0,0.0,0.0,1.0,0.0,0.0017111948692973492,0.00013053776278845432,8.276431060189488,0.007407268110137285,53.61830504954921,1.0,3.308428181644329,0.0,3.813771391455777,0.0,1.0,0.0,0.0,40.09978798708631,0.0,1.0,0.4375111368514092,1.0,2.896091433730838,1.0,5,12.58746923312618,0.0,3,3,0.013799531147077965,0.5067422672787032,2.154420090409403,1.0,0.0,1.435524542942712,0.0,0.0,0.0,8.156574834493204e-05,1.0,4.296722773918818e-06,0.9999800582436783,0.11783527067857436,0.0,1.0,0.0,0.00011653565183911125,1.0,0.002869829781847065,0.037653743536896725,-3.475920766398558e-08,0.4644670020885021,1.3415873261671332,1.162398790864446,0.015837192174611072,0.0,0.8309860652716374,1.1423876708111298,0.0005820488159169132,1.372499837548093,1.0,0.0,0.5783080645481707,3,-0.0003275986829308623,0.0,0.0,0.0,0.0,0.0,0.0,0.0,0.0,0.0,0.0,0.0,0.0,0.0,0.0,0.0,0.0,0.0,0.0,0.0,0.0,0.0,0.0,0.0,0.0,0.0,0.0,0.0,0.0,0.0,0.0,0.0,0.0,0.0,0.0,0.0,0.0,0.0,0.0,0.0,0.0,0.0,0.0,0.0,0.0,0.0,0.0,0.0,0.0,0.0,0.0,0.0,0.0,0.0,0.0,0.0,0.0,0.0,1.8379595234525983,0.0,0.007629206879708062,1.0767605573217607,0.0,2.3157691052839025,0.0,0.0,1.0523313769132634,1.0,1.0550022328515427,-0.0019096286145402013,0.0,0.0,0.0,1.0,1.006497312857039,0.0,1.0220895252344744,1.0386376690581758,0.08463270421284025,-3.6711030244692524,-2.187772658455767,0.7363263135454579,-0.2568198750308959,0.735433655696228,14,1,0.7391304347826086,0.0,0.5,0.0,0.0,0.0,0.0,1.0,0.0,0.0,0.0,0.0,0.0,0.0,0.0,-1.0,1.0,1.0,0.0,1
VAR_002992,-0.0783428963784724,-3.8059031320814635e-07,-3.004136269736329e-07,-5.4653554515842356e-05,-1.1041372304889563e-05,-4.831251662299113e-06,-0.017267181209998077,-4.8105745895704074e-06,-8.537446705068216e-06,0.0,-0.10946537831009982,8,0.0,0.0,0.0,0.0,0.0,0.0,0.0,0.0,0.0,0.0,0.0,0.0,0.0,0.0,0.0,0.0,0.0,0.0,0.0,0.0,0.0,0.0,0.0,0.0,0.0,0.0,0.0,0.0,0.0,0.0,0.0,0.0,0.0,0.0,0.0,7,0.0,0.0,3,3,0.04756237266957454,0.3821504234932596,4.4277578293937765,0.0,0.0,-3.884553607683874e-07,0.0,0.0,0.0,-2.2320821211521196e-07,0.0,-1.4948262435770877e-08,-2.6709219008793652e-05,-1.4124635230450503e-05,0.0,0.0,0.0,-2.5336807690208568e-08,0.0,-1.2312450534260474e-06,-4.3419141492691217e-07,-3.5038624508476836e-08,0.0,0.0,0.0,-3.837678156849658e-07,0.0,-1.2618654649194024e-06,0.0,-1.1505932956688551e-07,0.0,0.0,0.0,0.0,3,-0.169222268148316,0.0,0.0,0.0,0.0,0.0,0.0,0.0,0.0,0.0,0.0,0.0,0.0,0.0,0.0,0.0,0.0,0.0,0.0,0.0,0.0,0.0,0.0,0.0,0.0,0.0,0.0,0.0,0.0,0.0,0.0,0.0,0.0,0.0,0.0,0.0,0.0,0.0,0.0,0.0,0.0,0.0,0.0,0.0,0.0,0.0,0.0,0.0,0.0,0.0,0.0,0.0,0.0,0.0,0.0,0.0,0.0,0.0,-0.11072982886915257,0.0,-0.0006064556200556692,-0.0018293998462169062,0.0,0.0,0.0,0.0,-0.00030853159312632406,0.0,-0.00028032881180293964,-0.0019096288697232238,0.0,0.0,0.0,0.0,-0.000870651106593671,0.0,-0.006857481141634066,-0.0018867740910451342,-0.11076042946771411,-0.023558505511813394,-0.07514039750337513,0.6688407598659339,-0.1397144768055227,0.7534580570099187,14,19,0.17391304347826086,0.0,0.5,0.0,0.0,0.0,0.0,0.0,1.0,0.0,0.0,0.0,0.0,0.0,0.0,,0.0,0.0,0.0,1
VAR_002554,0.9784042685786741,-3.765558799625007e-07,-2.783906407832429e-07,6.447296946203704,22.500496795860904,150.5857217678942,1.5978374696860176,1.9957129221484584,3.2039851019439385,2910.6456155317796,-0.0030312176725078113,18,0.0,0.0,0.0,0.0,0.0,0.0,0.0,0.0,0.0,2.7175015539439387,0.0,0.0,1.0,1.0,1.1447171326883876,2.1033360230863827,0.0001033820277303796,0.0,0.24265414531574744,2870.9270634453655,0.0,1.6149228826525672,1.0132514580063678,3.813771391455777,1.0,0.0,0.0,1.0,41.04953820806456,1.0,0.0,0.0,0.0,0.0,1.0,0,0.010466077110584292,0.0,3,3,-0.8338287947820572,0.0,17.34749233048557,0.0,0.0,1.4080711690599195,0.0,0.0,0.0,-2.224859978868969e-07,0.0,-1.4947765307109044e-08,1.0000091610682436,-1.3194339847447123e-05,1.0,0.621447633511582,2.691027742508699,0.5348934017466577,0.0,0.9991947056667438,0.028136627955022066,-2.3410430954930526e-08,0.0,0.0,1.9036145845173027,0.9995324026764458,0.0,0.3503044801182222,3.0404016884266873,0.024329968962036475,0.18840128216415694,1.0,1.0,1.0003003309593983,3,0.614949281828015,0.0,0.0,0.0,0.0,0.0,0.0,0.0,0.0,0.0,0.0,0.0,0.0,0.0,0.0,0.0,0.0,0.0,0.0,0.0,0.0,0.0,0.0,0.0,0.0,0.0,0.0,0.0,0.0,0.0,0.0,0.0,0.0,0.0,0.0,0.0,0.0,0.0,0.0,0.0,0.0,0.0,0.0,0.0,0.0,0.0,0.0,0.0,0.0,0.0,0.0,0.0,0.0,0.0,0.0,0.0,0.0,0.0,2.1142043319901687,0.8709135318738744,1.1716927870978675,-0.001829399846216349,0.0,0.0,0.0,1.2911247775907504,-0.0002940591654017426,1.0,9.507761750193499e-05,0.20794636413368747,0.0,1.0,0.0,1.0,0.5436893375098294,0.0,1.0214900982267032,0.05409372584220601,0.08463270421284025,0.22692363072109445,-2.6925272492339927,-0.4340656165392109,-0.36999519889371224,0.7104896542869932,11,6,-0.21739130434782605,0.5,1.5,0.0,0.0,0.0,0.0,0.0,0.0,0.0,0.0,0.0,0.0,0.0,0.0,0.0,1.0,0.0,1.0,0
VAR_002654,-0.003521377552913846,113.39222995822543,47.9785205456045,0.5209193846724957,34.10748371342601,20.661933120882853,0.09243499705028987,0.8044733163753544,0.014485898369083915,0.0,-0.10367192098335998,16,0.0,0.0,0.0,0.0,0.0,0.0,0.0,0.8060947472454332,0.0,2.5250942115404303e-09,0.0,1.0,1.0,0.0,1.1447171326883876,2.109196578831387,9.072129605272198e-05,0.0,81.14158112239701,2.545564523675409,0.0,0.03632315648371783,0.0,0.0,0.0,0.0,0.0,0.0,0.0,0.0,0.0,0.0,0.0,0.0,0.0,7,0.0,0.0,4,4,-0.6738488530705038,-15.379192567033847,0.0,1.0,1.0,1.1553420572044855,4.419851618498832,1.0,0.0,1.0000308277894157,0.0,0.0002091125158509514,0.8204826911602469,1.0331737565807793,0.0,0.3289666534048392,0.0,0.03392473521367259,1.0,0.9799985967378883,1.0000182049161856,2.756004597727964e-07,0.0,0.0,0.9780398826766119,0.41847829316004304,1.2775596715593323,1.0134525396823983,2.0517768260799576,-1.1505897106758402e-07,0.0,1.0,0.0,0.0,4,0.03887400909596429,0.4575818811685275,1.0,0.0,75.16155609135092,0.0,791.6365117106723,0.0,9.869322193737437,0.0,106.18628587658014,0.0,0.0,0.0,0.0,0.0,0.0,250.5607819882689,0.0,0.0,0.9052246061909721,1.0,0.0,0.0,0.0,0.2492232345175849,0.0,0.635484389727566,1778.4940104835216,293.63603778602936,0.0,2.612397411125821,0.0,0.0,13432.508510218468,0.2616043955007688,0.0,375.8874379604153,0.6818845368314693,1.0,0.0,0.0,0.0,0.7658473926164066,0.0,0.7595247830198469,7.970513095408156,19.83082088976584,5485.703931567962,0.0,3.223671238484157,0.0,1.0,5712.255279600118,0.3939457812634979,0.0,0.0004920583644582051,1.0,2.4725728195978696,0.0,-0.0006061108025047731,0.9135322797944092,0.0,0.07288568083792979,0.0,1.2911247775907504,9.282250550863983e-05,0.0,1.1209394862472677,-0.0014932953185090424,0.0,0.0,0.0,1.0,1.0068206189517812,1.2101454315057372,0.4846743173073187,-0.0018732889411250048,-58.167667780579336,-4.323192206624598,-36.42363883459151,-1.8175016955761865,-8.197866831647168,-1.712374376133333,9,22,-0.06521739130434778,2.0,0.0,0.0,1.0,0.0,0.0,0.0,0.0,0.0,0.0,0.0,0.0,0.0,0.0,0.0,0.0,1.0,0.0,0
VAR_002626,-0.0783428963784724,-3.8059031320814635e-07,-3.004136269736329e-07,-5.4653554515842356e-05,-1.1041372304889563e-05,-4.831251662299113e-06,-0.017267181209998077,-4.8105745895704074e-06,-8.537446705068216e-06,0.0,-0.10946537831009982,8,0.0,0.0,0.0,0.0,0.0,0.0,0.0,0.0,0.0,0.0,0.0,0.0,0.0,0.0,0.0,0.0,0.0,0.0,0.0,0.0,0.0,0.0,0.0,0.0,0.0,0.0,0.0,0.0,0.0,0.0,0.0,0.0,0.0,0.0,0.0,7,0.0,0.0,2,2,-0.7547370842957887,-0.024848350332933335,0.0,0.0,0.0,-3.884553607683874e-07,0.0,0.0,0.0,-2.2320821211521196e-07,0.0,-1.4948262435770877e-08,-2.6709219008793652e-05,-1.4124635230450503e-05,0.0,0.0,0.0,-2.5336807690208568e-08,0.0,-1.2312450534260474e-06,-4.3419141492691217e-07,-3.5038624508476836e-08,0.0,0.0,0.0,-3.837678156849658e-07,0.0,-1.2618654649194024e-06,0.0,-1.1505932956688551e-07,0.0,0.0,0.0,0.0,2,-0.169222268148316,0.0,0.0,0.0,0.0,0.0,0.0,0.0,0.0,0.0,0.0,0.0,0.0,0.0,0.0,0.0,0.0,0.0,0.0,0.0,0.0,0.0,0.0,0.0,0.0,0.0,0.0,0.0,0.0,0.0,0.0,0.0,0.0,0.0,0.0,0.0,0.0,0.0,0.0,0.0,0.0,0.0,0.0,0.0,0.0,0.0,0.0,0.0,0.0,0.0,0.0,0.0,0.0,0.0,0.0,0.0,0.0,0.0,-0.11072982886915257,0.0,-0.0006064556200556692,-0.0018293998462169062,0.0,0.0,0.0,0.0,-0.00030853159312632406,0.0,-0.00028032881180293964,-0.0019096288697232238,0.0,0.0,0.0,0.0,-0.000870651106593671,0.0,-0.006857481141634066,-0.0018867740910451342,0.08463270421284025,-1.0547066998159929,0.17327049790207177,-0.43841069461412574,-0.7860227631623267,0.11226708750323985,4,24,0.47826086956521735,-1.0,-0.5,0.0,0.0,0.0,0.0,0.0,0.0,0.0,0.0,1.0,0.0,0.0,0.0,,0.0,0.0,0.0,1
VAR_002740,-0.0783428963784724,-3.8059031320814635e-07,-3.004136269736329e-07,-5.4653554515842356e-05,-1.1041372304889563e-05,-4.831251662299113e-06,-0.017267181209998077,-4.8105745895704074e-06,-8.537446705068216e-06,0.0,-0.10946537831009982,8,0.0,0.0,0.0,0.0,0.0,0.0,0.0,0.0,0.0,0.0,0.0,0.0,0.0,0.0,0.0,0.0,0.0,0.0,0.0,0.0,0.0,0.0,0.0,0.0,0.0,0.0,0.0,0.0,0.0,0.0,0.0,0.0,0.0,0.0,0.0,7,0.0,0.0,2,2,-0.7199754470912221,-0.5956388096980423,0.0,0.0,0.0,1.3513726488033824,0.0,1.0,0.7767394178137329,3.2476366801236876,0.6143349492653237,0.17630518544880547,2.1267525717947686,0.5761670711294776,0.0,0.0,2.934526532233309,1.0837776241857888,0.0,1.1262931454986513,0.9999661843569139,35.04191567408525,3.1982118410375797,0.0,0.0,0.028562943765850064,0.8382865723077183,1.1725281750014058,0.0,1.0122678103894818,0.10072710903818315,1.0,0.0,0.0,2,2.7731782211041276,0.0,0.0,0.0,0.0,0.0,0.0,0.0,0.0,0.0,0.0,0.0,0.0,0.0,0.0,0.0,0.0,0.0,0.0,0.0,0.0,0.0,0.0,0.0,0.0,0.0,0.0,0.0,0.0,0.0,0.0,0.0,0.0,0.0,0.0,0.0,0.0,0.0,0.0,0.0,0.0,0.0,0.0,0.0,0.0,0.0,0.0,0.0,0.0,0.0,0.0,0.0,0.0,0.0,0.0,0.0,0.0,0.0,-0.11072982886915257,0.0,-0.0006064556200556692,-0.0018293998462169062,0.0,0.0,0.0,0.0,-0.00030853159312632406,0.0,-0.00028032881180293964,-0.0019096288697232238,0.0,0.0,0.0,0.0,-0.000870651106593671,0.0,-0.006857481141634066,-0.0018867740910451342,0.08463270421284025,-0.8994375638716702,0.1621693369965927,-0.5607732538193453,-0.30778863564233877,-0.09889155396771054,7,4,-0.6739130434782609,0.0,-0.5,0.0,0.0,0.0,0.0,0.0,0.0,1.0,0.0,0.0,0.0,0.0,0.0,,0.0,0.0,0.0,1
VAR_003138,2.016821113578189,0.006774399281964602,3.1952430942324663,0.057679532936319736,-1.148550205651643e-06,0.22866003744200442,4.246037337921809,3.9981539605856056,-8.53364006724689e-06,141461.3089435967,0.10339923130526511,18,0.0,0.0,0.0,0.0,0.0,0.0,0.0,1.0,1.0,2.717672974680379,1.0,1.0,0.0,1.0,1.1447171326883876,0.44464628622771346,8.042816506231521,0.947010499630804,81.13133784312036,57.08175472713328,1.0,3.3027437179250265,1.0132514580063678,3.813771391455777,1.0,1.0,0.0,1.0,0.9963887420855009,1.0,0.9482308045248742,0.0,0.0,2.896091433730838,1.0,3,0.006851020456663706,1.0,2,2,1.140197534890719,0.5245805634371389,2.7265127510774017,0.0,1.0,-9.412416848367438e-09,9.944758161167476,1.0,0.47087971613370816,3.3532543963851587,1.0,0.017680373066284494,1.0000092139315653,1.0481486427006246,1.0,0.0,0.0,1.0367442991410283,1.0,1.0000125270007825,1.2181416933674825,0.4143723189052707,0.0,1.3415873261671332,0.0,5.935825733796352e-06,1.3367590874913071,2.5535584032899576,0.0,1.715563476098072,0.3927941553917731,0.0,0.6693075437086489,5.566635203461348,2,0.7834666612369547,5.595034830509547,0.0,0.0,75.15920050432905,0.0,0.36965678483098724,0.0,9.932726965362175,0.0,106.11577305935438,0.0,1.0,0.0,0.6248211483172166,1.0,0.0,250.58496763565367,0.0,0.0,0.4500948348256203,1.0,0.0,0.0,0.0,0.0,0.0,0.0,914.4693115995004,311.45996749745376,0.0,3.2441455086587174,0.0,1.0,13432.753058326642,0.82747736532879,0.0,0.01777008522422985,1.5966885415373189,0.3712436023783743,0.0,0.0866036543853591,0.0,0.08851454230977045,0.0,1.0,50.66597435005866,21.85019867684666,1948.2376383058793,0.0,3.223671238484157,0.0,1.0,5719.008509996815,0.9418291770196596,0.0,67.10162475832568,1.0,1.5115284227143166,0.0,0.017510033231287664,-0.0018293993278132722,0.0,0.0,0.0,0.0,0.1468145012836134,0.0,0.006249364069675824,0.6742970607390701,0.0,1.0,0.0,1.0,0.0002406770699929272,0.2329547628198469,0.3725077402253981,1.0655627657915874,0.08463270421284025,-0.15994444241744007,0.17327049790207177,0.18420368192300185,-0.7104411152010119,-0.5899565503960207,4,13,0.0,1.0,-0.5,0.0,0.0,0.0,0.0,0.0,0.0,1.0,0.0,0.0,0.0,0.0,0.0,0.0,1.0,0.0,0.0,1
VAR_002751,-0.0783428963784724,-3.8059031320814635e-07,-3.004136269736329e-07,-5.4653554515842356e-05,-1.1041372304889563e-05,-4.831251662299113e-06,-0.017267181209998077,-4.8105745895704074e-06,-8.537446705068216e-06,0.0,-0.10946537831009982,8,0.0,0.0,0.0,0.0,0.0,0.0,0.0,0.0,0.0,0.0,0.0,0.0,0.0,0.0,0.0,0.0,0.0,0.0,0.0,0.0,0.0,0.0,0.0,0.0,0.0,0.0,0.0,0.0,0.0,0.0,0.0,0.0,0.0,0.0,0.0,7,0.0,0.0,3,3,-0.8326808311316295,-0.2556810190981985,-2.8853383510830257,0.0,0.0,-3.884553607683874e-07,0.0,0.0,0.0,-2.2320821211521196e-07,0.0,-1.4948262435770877e-08,-2.6709219008793652e-05,-1.4124635230450503e-05,0.0,0.0,0.0,-2.5336807690208568e-08,0.0,-1.2312450534260474e-06,-4.3419141492691217e-07,-3.5038624508476836e-08,0.0,0.0,0.0,-3.837678156849658e-07,0.0,-1.2618654649194024e-06,0.0,-1.1505932956688551e-07,0.0,0.0,0.0,0.0,3,-0.169222268148316,0.0,0.0,0.0,0.0,0.0,0.0,0.0,0.0,0.0,0.0,0.0,0.0,0.0,0.0,0.0,0.0,0.0,0.0,0.0,0.0,0.0,0.0,0.0,0.0,0.0,0.0,0.0,0.0,0.0,0.0,0.0,0.0,0.0,0.0,0.0,0.0,0.0,0.0,0.0,0.0,0.0,0.0,0.0,0.0,0.0,0.0,0.0,0.0,0.0,0.0,0.0,0.0,0.0,0.0,0.0,0.0,0.0,-0.11072982886915257,0.0,-0.0006064556200556692,-0.0018293998462169062,0.0,0.0,0.0,0.0,-0.00030853159312632406,0.0,-0.00028032881180293964,-0.0019096288697232238,0.0,0.0,0.0,0.0,-0.000870651106593671,0.0,-0.006857481141634066,-0.0018867740910451342,0.08463270421284025,-0.16797174586631264,-0.6992124476121183,-0.5694460141773827,0.3694536489092378,0.7534580570099187,11,22,0.08695652173913049,1.0,1.5,0.0,0.0,0.0,0.0,0.0,0.0,0.0,0.0,0.0,0.0,0.0,0.0,,0.0,0.0,0.0,1
VAR_002931,0.008604673830021885,0.13893087408252244,0.011346558129323355,536.1583021147084,-9.315009936728228e-06,0.999584219181157,0.1521599950006519,12.916799475899383,8.62341686944982e-05,0.0,0.16610674321277918,16,0.0,0.0,0.0,0.0,0.0,0.0,0.0,0.0,1.0,1.6848273399371643,0.4063303559692244,1.0,0.0076341080060429,1.0,1.0374476723362078,1.9287899081598225,9.381230161496354,0.0,63.880084277669354,0.00034427036345475954,1.0,0.00038333358263692614,0.0,0.0,0.0,0.0,0.0,0.0,0.0,0.0,0.0,0.0,0.0,0.0,0.0,7,0.0,0.0,3,3,-0.17244266814595577,0.17640216681068582,0.0,1.0,0.0,-3.8325023499424833e-07,14.36216957344868,1.0,1.0973820282003526,0.18588101109551255,0.0,1.0231894636947363,1.0000092878664637,0.009486180276552219,1.0,0.0,0.0,0.07761616808815583,1.0,-9.680801642567765e-07,1.27802075023855,0.5301824285278378,0.056574190590307986,0.0,3.1250628423837563,1.0038767648755533,0.5190371334088466,-1.2614838979709535e-06,1.1203001498608214,1.4047498580213085e-05,0.0,1.0,0.0,0.0,3,0.02359667378386026,0.0,0.0,0.0,0.0,0.0,0.0,0.0,0.0,0.0,0.0,0.0,0.0,0.0,0.0,0.0,0.0,0.0,0.0,0.0,0.0,0.0,0.0,0.0,0.0,0.0,0.0,0.0,0.0,0.0,0.0,0.0,0.0,0.0,0.0,0.0,0.0,0.0,0.0,0.0,0.0,0.0,0.0,0.0,0.0,0.0,0.0,0.0,0.0,0.0,0.0,0.0,0.0,0.0,0.0,0.0,0.0,1.0,-0.05483669629393393,0.0,1.1717638452239318,1.0739590240714743,0.0,0.2450913336958271,0.0,0.0,0.0013747874849724937,0.0,1.1204459275022136,1.0238795673144343,0.0,1.0,0.0,0.8970455906563194,0.09084765293324144,0.06883904937132651,-0.0068574811416319634,1.0079535394522539,-1.8637224860418002,0.09025411487708518,-0.1740574014711887,0.40728834270171005,0.7614177254442394,0.6226421427727128,14,11,1.1739130434782608,-1.0,0.5,0.0,0.0,0.0,0.0,0.0,1.0,0.0,0.0,0.0,0.0,0.0,0.0,0.0,0.0,1.0,0.0,1
VAR_003077,-0.0783428963784724,-3.8059031320814635e-07,-3.004136269736329e-07,-5.4653554515842356e-05,-1.1041372304889563e-05,-4.831251662299113e-06,-0.017267181209998077,-4.8105745895704074e-06,-8.537446705068216e-06,0.0,-0.10946537831009982,8,0.0,0.0,0.0,0.0,0.0,0.0,0.0,0.0,0.0,0.0,0.0,0.0,0.0,0.0,0.0,0.0,0.0,0.0,0.0,0.0,0.0,0.0,0.0,0.0,0.0,0.0,0.0,0.0,0.0,0.0,0.0,0.0,0.0,0.0,0.0,7,0.0,0.0,4,4,0.41299103899161665,-11.136716865081764,-49.06691004638552,1.0,0.0,-3.884553390871925e-07,0.0,0.3131435123578017,0.0,0.8642272099941168,1.0,2.9231891406174977e-05,0.9999599251777618,1.0300198690160383,1.0,0.0,2.934526532233309,-2.533572584101342e-08,0.0,0.22436422462501548,0.9992132473662485,3.678171972091884,0.0,1.3415873261671332,3.1250628423837563,3.5436107701176073e-07,0.0,1.0134182944018526,3.4265635009197988,0.6095672474425228,0.0,1.0,0.0,0.0,4,-0.0006611870653130772,0.0,0.0,0.0,0.0,0.0,0.0,0.0,0.0,0.0,0.0,0.0,0.0,0.0,0.0,0.0,0.0,0.0,0.0,0.0,0.0,0.0,0.0,0.0,0.0,0.0,0.0,0.0,0.0,0.0,0.0,0.0,0.0,0.0,0.0,0.0,0.0,0.0,0.0,0.0,0.0,0.0,0.0,0.0,0.0,0.0,0.0,0.0,0.0,0.0,0.0,0.0,0.0,0.0,0.0,0.0,0.0,0.0,-0.05539799769544637,0.0,-0.0005535889389597373,1.076760536696543,0.0,0.0,0.0,0.0,0.6998667516963321,0.0,1.0646076607914334,1.0238793075668742,0.0,1.0,0.0,0.0,1.0000495287928926,0.0,1.0225416433688574,0.14530596502501314,-2.6564519692585122,-0.14410268926652794,-2.0872885647219057,-1.5781663791200473,-14.537352256102958,-1.5068451978277317,15,8,0.06521739130434778,0.5,0.5,0.0,0.0,0.0,0.0,0.0,0.0,0.0,0.0,0.0,0.0,0.0,0.0,,0.0,0.0,0.0,0
VAR_003093,0.6723857633514831,0.002122893863429147,13.48702566477219,6.0687833696845104e-05,0.7150746114750518,0.10961052223928644,0.6416452253882515,1.9934980130049011,-8.501551215971649e-06,30140.641870806772,6.31747637626588,6,0.0568632692992796,0.0002170811988667,0.2401377092589208,0.0966874813639609,0.0553116916666018,0.999999966875452,0.099999997637091,0.0,0.7722502493388448,2.718015091194561,0.1041992425319377,1.0,1.0,1.0,1.1447171326883876,2.109277206197481,9.381267374325432,8.213370080747847,62.2414926740334,34.96371812196885,1.0,2.9765099656714247,1.0132514580063678,0.5436028061360597,0.0,1.0,0.6486319282468476,0.0,375.51913584483117,1.0,1.0,0.0,1.0,0.0,1.0,2,7.514585283930371,1.0,4,4,1.140197534890719,-0.8259266106781916,-9.907237160813938,1.0,1.0,1.4601560415461319,0.0,1.0,1.0973820282003526,1.0000392160343017,0.0,1.0185294453843736,0.8631145525993739,1.0333164319658745,0.0,1.0,0.0,0.9469252134127403,0.0,9.297199991007357,4.257336630819666,8.334744232296426,0.0,0.6936943315514791,1.7565384417613883,0.8864290119922414,0.0,1.01345593406652,0.0,0.00018914195048619272,1.372499837548093,1.0,0.0,0.5000683849633129,4,5.00054047888795,5.595034830509547,0.0,0.0,66.00557084829119,0.0,791.641447599435,0.0,89.39454534669166,0.0,47.11611893858822,0.0,1.0,0.0,1.0,1.0,0.0,1.0282647613020484e-10,0.0,0.0,1.2843261814270837,0.0,0.0,0.4957585454692773,0.0,1.0,0.0,1.0,1778.5182858121202,2.3108496012440676,0.0,3.2441455086587174,0.0,0.0,13432.720483319627,0.8873058048748028,0.0,4.933974491798753e-10,1.5966885415373189,1.0,0.0,0.0130241403922746,0.0,86.72967786850438,0.0,0.0,164.4461255058943,22.314270090069304,4509.22871501372,0.0,3.197961452897398,0.0,1.0,1.9821261874235867e-12,0.0,0.0,380.12754799110417,1.0,0.5532930553370942,1.0,0.6753908471140733,0.7044931578235191,0.0,2.369374315501093,0.0,0.0,0.7211332943583628,1.0,0.6811276641492578,0.7367884702326407,0.0,0.0,0.0,1.0,-0.0008706511065909992,0.0,1.0225416604803998,1.0654455744319726,0.08463270421284025,-0.08202828015038573,0.17327049790207177,0.06252033913099754,-0.6275409735235707,-0.4182200162460838,8,17,-0.28260869565217384,0.5,-0.5,0.0,1.0,0.0,0.0,0.0,0.0,0.0,0.0,0.0,0.0,0.0,0.0,,1.0,0.0,0.0,1
VAR_003084,-0.0783428963784724,-3.8059031320814635e-07,-3.004136269736329e-07,-5.4653554515842356e-05,-1.1041372304889563e-05,-4.831251662299113e-06,-0.017267181209998077,-4.8105745895704074e-06,-8.537446705068216e-06,3480.638365751823,0.04579069584539343,20,0.0,0.0,0.0,0.0,0.0,0.0,0.0,1.0,0.2870977210282299,0.000117108673789208,0.7494398608592254,0.0,1.0,1.0,0.0,2.109277066455985,6.484799368225891,3.9863907771144627,80.20454191796422,0.0030726888977801858,1.0,3.308452545308564,1.0132514580063678,3.813771391455777,1.0,1.0,0.0,0.0,30.663929076360958,0.0,0.0,1.0,0.0,0.0,1.0,0,4.507985481741849e-10,1.0,3,3,0.20254828485515153,0.16892744972549162,0.0,1.0,0.0,0.24294099764822444,0.0,0.0,0.0,0.056412102781880795,0.0,0.6653164237755248,0.9514457826417042,1.0332853635116013,0.0,1.0,0.0,0.010055104637807288,1.0,1.000020403268107,1.0000787448104766,0.0013863698638717967,0.9369903466212466,1.3415873261671332,2.8318858725576503,1.003876345319831,0.0,-9.570456701919424e-08,3.4265635009197988,3.1022744460396936,0.9954363618251504,1.0,1.0,0.6466422147357729,3,0.5297031445270325,0.0,0.4182898366867621,0.0,0.0005824163160497362,0.0,62.025829439447726,0.0,0.00037675308415909274,0.0,106.15824502060349,0.0,0.0,0.0,0.0,0.0,0.0,250.5947073519473,0.0,0.0,1.5246036095718187,1.0,0.0,0.0,0.0,0.0,0.0,0.0,1778.5168111283524,2.7372846253719725e-10,0.0,3.2441455086587174,0.0,1.0,81.77233034471395,0.2952782559204741,0.0,363.0594539374083,0.0,0.0,0.0,0.068966288252721,0.0,16.255001699121408,0.0,0.0,164.4459191091305,0.008545387017255556,0.0007693383033548549,0.0,3.223671238484157,0.0,1.0,5701.200903903599,0.3254052825574118,0.0,0.0001082056417828501,1.0,0.31428104388983374,0.0732433201461928,0.10598743213182553,-0.001829399389190077,0.0,0.0,0.0,0.0,-0.0003085307766206207,0.0,1.1207721814343468,1.0238791166961099,0.0,0.0,0.0,0.0,1.0068083862386448,1.2101454315057372,0.01929387784410278,-0.0016530102688951595,0.08463270421284025,0.22692363072109445,0.17327049790207177,0.6285502773392431,0.5287091514558183,0.7534580570099187,14,11,1.1739130434782608,-1.0,0.5,0.0,0.0,0.0,0.0,0.0,1.0,0.0,0.0,0.0,0.0,0.0,0.0,-1.0,1.0,0.0,1.0,1
VAR_002606,0.07278994752434681,1.74709798083785,-3.003988994172402e-07,0.10244199819933117,1.4301605299419538,11.929087825091278,-0.017262527787283,0.0002730917529981037,0.01647279315498115,0.0,0.21465678403048938,13,0.0,0.0,0.0,0.0,0.0,0.0,0.0,0.0,0.0,0.0,0.0,0.0,0.0,0.0,0.0,0.0,0.0,0.0,0.0,0.0,0.0,0.0,0.0,3.813771391455777,1.0,1.0,0.0,1.0,404.31389280051184,1.0,1.0,0.0,1.0,2.896091433730838,1.0,2,1.1479856747568353,0.0,3,3,-0.08190850253507867,0.08374427780490895,0.0,0.0,0.0,-3.884553607683874e-07,0.0,0.0,0.0,-2.2320821211521196e-07,0.0,-1.4948262435770877e-08,-2.6709219008793652e-05,-1.4124635230450503e-05,0.0,0.0,0.0,-2.5336807690208568e-08,0.0,-1.2312450534260474e-06,-4.3419141492691217e-07,-3.5038624508476836e-08,0.0,0.0,0.0,-3.837678156849658e-07,0.0,-1.2618654649194024e-06,0.0,-1.1505932956688551e-07,0.0,0.0,0.0,0.0,3,0.302376268670738,0.0,0.0,0.0,0.0,0.0,0.0,0.0,0.0,0.0,0.0,0.0,0.0,0.0,0.0,0.0,0.0,0.0,0.0,0.0,0.0,0.0,0.0,0.0,0.0,0.0,0.0,0.0,0.0,0.0,0.0,0.0,0.0,0.0,0.0,0.0,0.0,0.0,0.0,0.0,0.0,0.0,0.0,0.0,0.0,0.0,0.0,0.0,0.0,0.0,0.0,0.0,0.0,0.0,0.0,0.0,0.0,0.0,0.46417274605842984,0.0,1.1329345840853806,0.5964298339874158,0.0,0.0,0.0,1.2911247775907504,1.0524132121713605,1.0,1.12093948624741,-0.0019096288694360989,0.0,0.0,0.0,1.0,1.0068206167993679,0.0,0.9121759747374079,-0.0018450631297219986,-0.49725034554895775,0.024511461750674198,-1.0044061593485074,0.6697696585317292,0.5775501560325488,0.30827140722787133,14,19,0.17391304347826086,0.0,0.5,0.0,0.0,0.0,0.0,0.0,1.0,0.0,0.0,0.0,0.0,0.0,0.0,0.0,1.0,0.0,0.0,1
VAR_002870,-0.0783428963784724,-3.8059031320814635e-07,-3.004136269736329e-07,-5.4653554515842356e-05,-1.1041372304889563e-05,-4.831251662299113e-06,-0.017267181209998077,-4.8105745895704074e-06,-8.537446705068216e-06,0.0,-0.10946537831009982,8,0.0,0.0,0.0,0.0,0.0,0.0,0.0,0.0,0.0,0.0,0.0,0.0,0.0,0.0,0.0,0.0,0.0,0.0,0.0,0.0,0.0,0.0,0.0,0.0,0.0,0.0,0.0,0.0,0.0,0.0,0.0,0.0,0.0,0.0,0.0,7,0.0,0.0,2,2,0.19214019302365462,0.6438696693016591,4.693561708186838,0.0,0.0,-3.884553607683874e-07,0.0,0.0,0.0,-2.2320821211521196e-07,0.0,-1.4948262435770877e-08,-2.6709219008793652e-05,-1.4124635230450503e-05,0.0,0.0,0.0,-2.5336807690208568e-08,0.0,-1.2312450534260474e-06,-4.3419141492691217e-07,-3.5038624508476836e-08,0.0,0.0,0.0,-3.837678156849658e-07,0.0,-1.2618654649194024e-06,0.0,-1.1505932956688551e-07,0.0,0.0,0.0,0.0,2,-0.169222268148316,0.0,0.0,0.0,0.0,0.0,0.0,0.0,0.0,0.0,0.0,0.0,0.0,0.0,0.0,0.0,0.0,0.0,0.0,0.0,0.0,0.0,0.0,0.0,0.0,0.0,0.0,0.0,0.0,0.0,0.0,0.0,0.0,0.0,0.0,0.0,0.0,0.0,0.0,0.0,0.0,0.0,0.0,0.0,0.0,0.0,0.0,0.0,0.0,0.0,0.0,0.0,0.0,0.0,0.0,0.0,0.0,0.0,-0.11072982886915257,0.0,-0.0006064556200556692,-0.0018293998462169062,0.0,0.0,0.0,0.0,-0.00030853159312632406,0.0,-0.00028032881180293964,-0.0019096288697232238,0.0,0.0,0.0,0.0,-0.000870651106593671,0.0,-0.006857481141634066,-0.0018867740910451342,0.04348178746336128,0.20302310747836635,0.17327049790207177,0.12258309449769375,-0.5489575784866635,-0.11126269270867904,21,12,-0.5,1.0,-1.0,0.0,0.0,0.0,0.0,0.0,0.0,1.0,0.0,0.0,0.0,0.0,0.0,,0.0,0.0,0.0,1
VAR_002781,-0.0011350480550607995,1.5053261944774015,0.28614584138494126,10.77099401290395,-1.736285907953714e-06,6.488708546154848,-0.00836509232734197,0.0007233938880329299,-8.537446705067642e-06,0.0,0.08250762332797433,9,0.0,0.0,0.0,0.0,0.0,0.0,0.0,0.0,0.0,0.0,0.0,0.0,0.0,0.0,0.0,0.0,0.0,0.0,0.0,0.0,0.0,0.0,0.0,3.813771391455777,1.0,0.0,1.0,1.0,39.37391495793647,0.0,1.0,0.4922020244143437,1.0,0.0,1.0,0,12.589750521353235,1.0,2,2,-0.3929055083818463,-2.628695466525261,0.0,0.0,0.0,-3.884553607683874e-07,0.0,0.0,0.0,-2.2320821211521196e-07,0.0,-1.4948262435770877e-08,-2.6709219008793652e-05,-1.4124635230450503e-05,0.0,0.0,0.0,-2.5336807690208568e-08,0.0,-1.2312450534260474e-06,-4.3419141492691217e-07,-3.5038624508476836e-08,0.0,0.0,0.0,-3.837678156849658e-07,0.0,-1.2618654649194024e-06,0.0,-1.1505932956688551e-07,0.0,0.0,0.0,0.0,2,-0.01488798395867773,0.0,0.0,0.0,0.0,0.0,0.0,0.0,0.0,0.0,0.0,0.0,0.0,0.0,0.0,0.0,0.0,0.0,0.0,0.0,0.0,0.0,0.0,0.0,0.0,0.0,0.0,0.0,0.0,0.0,0.0,0.0,0.0,0.0,0.0,0.0,0.0,0.0,0.0,0.0,0.0,0.0,0.0,0.0,0.0,0.0,0.0,0.0,0.0,0.0,0.0,0.0,0.0,0.0,0.0,0.0,0.0,1.0,0.02948493471138781,1.0,1.171774498579654,0.0386659372543155,0.0,0.4678554927378882,0.0,1.2911247775907504,0.9778421074298186,0.9099868252712676,1.1209391353699614,1.0237226010787557,0.0,0.0,0.0,1.0,-0.0008616780768893174,0.0,0.004525859528556232,1.0653121965785837,-0.7164347124507412,0.22692363072109445,0.17327049790207177,-1.4604365574418716,0.5286412398689955,-0.9384866233474838,11,6,-0.21739130434782605,0.5,1.5,0.0,0.0,0.0,0.0,0.0,0.0,0.0,0.0,0.0,0.0,0.0,0.0,0.0,1.0,0.0,1.0,0
VAR_002684,-0.0783428963784724,-3.8059031320814635e-07,-3.004136269736329e-07,-5.4653554515842356e-05,-1.1041372304889563e-05,-4.831251662299113e-06,-0.017267181209998077,-4.8105745895704074e-06,-8.537446705068216e-06,0.0,-0.10946537831009982,8,0.0,0.0,0.0,0.0,0.0,0.0,0.0,0.0,0.0,0.0,0.0,0.0,0.0,0.0,0.0,0.0,0.0,0.0,0.0,0.0,0.0,0.0,0.0,0.0,0.0,0.0,0.0,0.0,0.0,0.0,0.0,0.0,0.0,0.0,0.0,7,0.0,0.0,3,3,0.2035761148167502,0.6671733859761111,0.0,0.0,0.0,-3.884553607683874e-07,0.0,0.0,0.0,-2.2320821211521196e-07,0.0,-1.4948262435770877e-08,-2.6709219008793652e-05,-1.4124635230450503e-05,0.0,0.0,0.0,-2.5336807690208568e-08,0.0,-1.2312450534260474e-06,-4.3419141492691217e-07,-3.5038624508476836e-08,0.0,0.0,0.0,-3.837678156849658e-07,0.0,-1.2618654649194024e-06,0.0,-1.1505932956688551e-07,0.0,0.0,0.0,0.0,3,-0.169222268148316,0.0,0.0,0.0,0.0,0.0,0.0,0.0,0.0,0.0,0.0,0.0,0.0,0.0,0.0,0.0,0.0,0.0,0.0,0.0,0.0,0.0,0.0,0.0,0.0,0.0,0.0,0.0,0.0,0.0,0.0,0.0,0.0,0.0,0.0,0.0,0.0,0.0,0.0,0.0,0.0,0.0,0.0,0.0,0.0,0.0,0.0,0.0,0.0,0.0,0.0,0.0,0.0,0.0,0.0,0.0,0.0,0.0,-0.11072982886915257,0.0,-0.0006064556200556692,-0.0018293998462169062,0.0,0.0,0.0,0.0,-0.00030853159312632406,0.0,-0.00028032881180293964,-0.0019096288697232238,0.0,0.0,0.0,0.0,-0.000870651106593671,0.0,-0.006857481141634066,-0.0018867740910451342,0.08463270421284025,-0.08300437407774836,0.17327049790207177,-0.6749088886435866,0.9901183169245091,0.6157359104129054,11,6,-0.21739130434782605,0.5,1.5,0.0,0.0,0.0,0.0,0.0,0.0,0.0,0.0,0.0,0.0,0.0,0.0,,0.0,0.0,0.0,1
VAR_002580,0.37173539726154703,-1.4424284827082226e-08,57.12633828560787,0.0006305482597855549,2.6773440432513427,134.60777216185107,0.42141957281193987,2.770263640002134e-05,1.7352203425874853,32.17622950046243,1.0994595144792954,26,0.0,0.0,0.0,0.0,0.0,0.0,0.0,0.0,0.3874969540132902,6.887428068714156e-07,1.0,1.0,0.245286033187872,1.0,1.1447171326883876,1.912664653290901,9.381257210924877,16.422231567765632,81.11560608812636,350.37721420631925,0.0,0.000174473738111028,1.0132514580063678,0.0,0.0,0.0,0.0,0.0,0.0,0.0,0.0,0.0,0.0,0.0,0.0,7,0.0,0.0,4,4,-0.6781085820231446,-0.15155248394837068,0.0,1.0,0.0,1.4641557779466312,14.36216957344868,1.0,0.0,0.9764502368406927,0.0,1.9027027829724937e-05,0.9972804946840832,1.033316431373057,1.0,1.0,0.0,0.7846815596418794,1.0,2.655063650089055,0.007420399276589471,0.47559355187696906,0.0,0.0,2.512516050334599,0.639573662124199,0.0,1.013454884884364,0.0,1.0033654149654336,0.399346328660376,1.0,1.0,5.684788042474848,4,0.9092511121064905,5.595034830509547,0.7023440795615357,0.0,4.269540992221089e-08,0.0,12.09837602168329,0.0,9.534231268679667,0.0,97.51066452357374,0.0,1.0,0.0,0.0,0.0,0.0,250.59470735628008,0.0,0.0,0.0,1.0,0.0,0.0,0.0,0.4989687835984843,0.0,0.0,62.94392930894247,2932.6350900665334,0.0,0.0,0.0,0.0,0.0,0.0,0.0,382.02657641841085,0.0,0.1222319404895073,0.0,0.0,0.0,90.72511969086466,0.0,0.0,164.4460070571129,4.137076082909704e-06,3229.239610633773,0.0,3.223671238484157,0.0,0.0,0.0,1.0,0.0,368.74420805517406,0.0,0.5882706446752092,0.0,1.1227667670301789,1.0767606140578163,0.0,0.0,0.0,1.2911247775907504,0.49583072550120555,0.0,0.004651988146209022,10.255982444753919,0.0,1.0,0.0,0.0,1.0068205629711453,0.0,-0.006856983161759017,1.061303618516651,-0.05589909837755563,0.149181199893723,-0.7979933263977297,0.13781705047856452,0.7663363518571398,-0.3692989437838712,15,17,-0.21739130434782605,1.0,-0.5,0.0,1.0,0.0,0.0,0.0,0.0,0.0,0.0,0.0,0.0,0.0,0.0,-1.0,0.0,0.0,0.0,1
VAR_002792,-0.003191349081879596,5.27580317057264,-2.9737173283036086e-07,83.06751676325126,43.929320361529506,0.03988423937641123,0.35419267038328744,8.384669759219157,0.01840097073919389,0.0,1.9353534048746919,16,0.0,0.0,0.0,0.0,0.0,0.0,0.0,0.0,1.0,2.71631321753557,1.0,1.0,0.0,0.0,1.1447171326883876,2.1092772001895086,3.114970599803664e-05,10.799737824646144,81.13302139447765,294.75981887468254,1.0,2.986810955675975,1.0132514580063678,0.0,0.0,0.0,0.0,0.0,0.0,0.0,0.0,0.0,0.0,0.0,0.0,7,0.0,0.0,3,3,0.17966934229172735,0.06932680179805824,2.8553133449535166,0.0,0.0,-3.884553607683874e-07,0.0,0.0,0.0,-2.2320821211521196e-07,0.0,-1.4948262435770877e-08,-2.6709219008793652e-05,-1.4124635230450503e-05,0.0,0.0,0.0,-2.5336807690208568e-08,0.0,-1.2312450534260474e-06,-4.3419141492691217e-07,-3.5038624508476836e-08,0.0,0.0,0.0,-3.837678156849658e-07,0.0,-1.2618654649194024e-06,0.0,-1.1505932956688551e-07,0.0,0.0,0.0,0.0,3,-0.051068225115596694,0.0,0.1549504528899041,0.0,2.385185603653792e-09,0.0,299.5873653609817,0.0,9.932726603342513,0.0,102.59799513653616,0.0,0.9099934636323276,0.0,0.0,1.0,0.0,22.954577600934645,0.0,0.0,0.0,0.0,0.0,0.4091534482004638,0.0,0.0,0.0,0.0,3.7528800910880508e-06,325.8126710514461,0.0,2.6577689192235416,0.0,0.0,13429.345523667042,0.0,0.0,0.26727276849099546,1.5966885415373189,0.2660369520004375,0.0,0.0,0.0,90.69447549988148,0.0,1.0,2.2599403583930017e-07,1.496282951760079,1084.6146685151468,0.0,3.223671238484157,0.0,1.0,5719.008510048498,0.0684142397397129,0.0,0.00418427437961023,0.0,-0.05172122781470688,0.0,1.1712780778096,0.016498150300325774,0.0,0.6169413438418093,0.0,0.9138096270219729,1.0040882588401188,1.0,1.1207947728162495,1.023861839385232,0.0,1.0,0.0,1.0,1.0061962255941883,0.0,0.01564325374479866,0.665698421737593,0.08463270421284025,-1.7151064834920162,0.12428480778735652,0.7363263135454579,-0.2657133562537817,0.7130182902581388,14,19,0.17391304347826086,0.0,0.5,0.0,0.0,0.0,0.0,0.0,1.0,0.0,0.0,0.0,0.0,0.0,0.0,0.0,0.0,1.0,0.0,1
VAR_002697,-0.0783428963784724,-3.8059031320814635e-07,-3.004136269736329e-07,-5.4653554515842356e-05,-1.1041372304889563e-05,-4.831251662299113e-06,-0.017267181209998077,-4.8105745895704074e-06,-8.537446705068216e-06,0.0,-0.10946537831009982,8,0.0,0.0,0.0,0.0,0.0,0.0,0.0,0.0,0.0,0.0,0.0,0.0,0.0,0.0,0.0,0.0,0.0,0.0,0.0,0.0,0.0,0.0,0.0,0.0,1.0,0.0,0.0,1.0,2.732703130517149e-05,1.0,0.0,1.0,1.0,0.0,1.0,4,5.348538331955758e-10,1.0,4,4,0.10455757038064478,0.3905054110244339,0.0,0.0,1.0,0.6417925926024431,1.6668790549197456,0.5224176487829768,1.0973820282003526,-6.509075740624375e-08,0.0,1.0148227735444828,0.027798111148546432,0.0012810153319778746,1.0,0.0,1.8347117180512857,1.0333432395727402,1.0,0.0010318430029416905,2.088810912620784e-06,3.773271354141883,1.8234143926157256,1.3415873261671332,0.0,0.7644695478911598,1.3367590874913071,1.0134309052186117,2.727373384405487,1.0289161054436022,0.0,1.0,0.0,0.0,4,6.259044656676066,0.0,0.0,0.0,0.0,0.0,0.0,0.0,0.0,0.0,0.0,0.0,0.0,0.0,0.0,0.0,0.0,0.0,0.0,0.0,0.0,0.0,0.0,0.0,0.0,0.0,0.0,0.0,0.0,0.0,0.0,0.0,0.0,0.0,0.0,0.0,0.0,0.0,0.0,0.0,0.0,0.0,0.0,0.0,0.0,0.0,0.0,0.0,0.0,0.0,0.0,0.0,0.0,0.0,0.0,0.0,0.0,1.0,-0.055395050457457636,1.0,0.9110974585669278,-0.0018293994437835368,0.0,0.0,0.0,0.0,1.0523430922826773,0.0,0.1163039557904724,0.009868994705494499,0.0,1.0,0.0,1.0,1.0067903849432727,0.0,0.9163901209880716,-0.0018867439962652849,-2.3819589595824233,0.12387746579489367,0.17327049790207177,-1.519169835887343,-0.2456031808265938,-0.5927666159687905,9,11,-0.15217391304347827,1.5,0.5,0.0,0.0,0.0,0.0,0.0,0.0,0.0,0.0,0.0,0.0,0.0,0.0,,1.0,0.0,0.0,0
VAR_002787,-0.0783428963784724,-3.8059031320814635e-07,-3.004136269736329e-07,-5.4653554515842356e-05,-1.1041372304889563e-05,-4.831251662299113e-06,-0.017267181209998077,-4.8105745895704074e-06,-8.537446705068216e-06,2.4995679710273073,0.7185741124933687,28,0.0,0.0,0.0,0.0,0.0,0.0,0.0,1.0,0.0,2.553126904046707,1.0,1.0,0.0,1.0,0.0,2.10919042154068,4.0719834039891235e-18,2.457916463444479,6.503461522917184e-10,17450.411211197625,1.0,0.005005119832570118,1.0132514580063678,0.0,0.0,0.0,0.0,0.0,0.0,0.0,0.0,0.0,0.0,0.0,0.0,7,0.0,0.0,1,1,-0.5066227792325287,-0.029784196896207746,-6.680092452108804,0.0,0.0,-3.884553607683874e-07,0.0,0.0,0.0,-2.2320821211521196e-07,0.0,-1.4948262435770877e-08,-2.6709219008793652e-05,-1.4124635230450503e-05,0.0,0.0,0.0,-2.5336807690208568e-08,0.0,-1.2312450534260474e-06,-4.3419141492691217e-07,-3.5038624508476836e-08,0.0,0.0,0.0,-3.837678156849658e-07,0.0,-1.2618654649194024e-06,0.0,-1.1505932956688551e-07,0.0,0.0,1.0,0.5011015408229763,1,-0.14999840307781717,0.0,0.0,0.0,0.0,0.0,0.0,0.0,0.0,0.0,0.0,0.0,0.0,0.0,0.0,0.0,0.0,0.0,0.0,0.0,0.0,0.0,0.0,0.0,0.0,0.0,0.0,0.0,0.0,0.0,0.0,0.0,0.0,0.0,0.0,0.0,0.0,0.0,0.0,0.0,0.0,0.0,0.0,0.0,0.0,0.0,0.0,0.0,0.0,0.0,0.0,0.0,0.0,0.0,0.0,0.0,0.0,0.0,0.1584865729040733,0.0,-0.0006064556200556671,-0.00182939984621683,0.0,0.0,0.0,0.5966653245011434,0.86133390779661,0.0,-0.00027996444200281315,0.9670775592106409,0.0,0.0,0.0,1.0,-0.0008704624584664496,0.0,0.1088016628306967,1.058428231035835,-0.3019796256652836,0.22692363072109445,0.17327049790207177,-0.5970860405316099,1.1427267023082022,0.5614209751200031,9,13,-1.7391304347826084,-1.0,-0.5,0.0,0.0,0.0,0.0,0.0,0.0,0.0,0.0,0.0,1.0,0.0,0.0,-1.0,0.0,1.0,0.0,1
VAR_003102,-0.0032546780689762327,53.73765620764601,8.211415073270753e-05,2.9105083714713826,0.02784923176019068,6.286164951767363,-0.0009490140656742972,1.992974091101854,2.7877600305834744,0.0,0.218258805161807,18,0.0,0.0,0.0,0.0,0.0,0.0,0.0,0.0,0.0030702613780799,2.6836976748579224,0.0,1.0,1.0,1.0,1.1447171326883876,0.005590547638765198,0.11691547289662288,0.0,0.0009765273467785482,0.157331473043329,0.0,3.308452545308564,0.0,3.813771391455777,0.0,1.0,1.0,1.0,375.5863753267337,1.0,1.0,1.0,1.0,0.0,1.0,2,12.530731826547806,0.0,2,2,1.1116956032403607,0.7074363003304699,0.8263136593097201,0.0,0.0,-3.884553607683874e-07,0.0,0.0,0.0,-2.2320821211521196e-07,0.0,-1.4948262435770877e-08,-2.6709219008793652e-05,-1.4124635230450503e-05,0.0,0.0,0.0,-2.5336807690208568e-08,0.0,-1.2312450534260474e-06,-4.3419141492691217e-07,-3.5038624508476836e-08,0.0,0.0,0.0,-3.837678156849658e-07,0.0,-1.2618654649194024e-06,0.0,-1.1505932956688551e-07,0.0,0.0,1.0,0.5034595232547783,2,0.30230685336491636,0.0,0.0,0.0,0.0,0.0,0.0,0.0,0.0,0.0,0.0,0.0,0.0,0.0,0.0,0.0,0.0,0.0,0.0,0.0,0.0,0.0,0.0,0.0,0.0,0.0,0.0,0.0,0.0,0.0,0.0,0.0,0.0,0.0,0.0,0.0,0.0,0.0,0.0,0.0,0.0,0.0,0.0,0.0,0.0,0.0,0.0,0.0,0.0,0.0,0.0,0.0,0.0,0.0,0.0,0.0,0.0,0.0,-0.05493977387494909,1.0,1.1717744985362806,0.04380261188586446,0.0,1.74592939210016,0.0,1.1990654349315977,0.7517034846637746,0.0,-0.00028029948879091033,0.5357411355939206,0.0,1.0,0.0,0.0,0.8460532202394735,0.5189481908006888,1.0225406865221245,1.0656043946342493,0.04794381387806082,-1.7096285948165217,0.17327049790207177,-1.0966142357136832,-0.8538659651643407,-0.11182355991091086,4,13,0.0,1.0,-0.5,0.0,0.0,0.0,0.0,0.0,0.0,1.0,0.0,0.0,0.0,0.0,0.0,0.0,1.0,0.0,0.0,1
VAR_002835,2.480320020473947,0.5555408318259107,0.0024723049441676445,0.002791228104026726,0.001304432504440838,-4.831251661400371e-06,0.01890521671763377,3.1264367153451926e-05,0.08917126214945219,0.0,-0.10946536817149635,10,0.0,0.0,0.0,0.0,0.0,0.0,0.0,0.0,0.0,0.0,0.0,0.0,0.0,0.0,0.0,0.0,0.0,0.0,0.0,0.0,0.0,0.0,0.0,0.0,0.0,0.0,0.0,0.0,0.0,0.0,0.0,0.0,0.0,0.0,0.0,7,0.0,0.0,2,2,0.23957816230633666,0.3637510024658932,0.0,0.0,0.0,-3.884553607683874e-07,0.0,0.0,0.0,-2.2320821211521196e-07,0.0,-1.4948262435770877e-08,-2.6709219008793652e-05,-1.4124635230450503e-05,0.0,0.0,0.0,-2.5336807690208568e-08,0.0,-1.2312450534260474e-06,-4.3419141492691217e-07,-3.5038624508476836e-08,0.0,0.0,0.0,-3.837678156849658e-07,0.0,-1.2618654649194024e-06,0.0,-1.1505932956688551e-07,0.0,0.0,0.0,0.0,2,-0.169222268148316,0.0,0.0,0.0,0.0,0.0,0.0,0.0,0.0,0.0,0.0,0.0,0.0,0.0,0.0,0.0,0.0,0.0,0.0,0.0,0.0,0.0,0.0,0.0,0.0,0.0,0.0,0.0,0.0,0.0,0.0,0.0,0.0,0.0,0.0,0.0,0.0,0.0,0.0,0.0,0.0,0.0,0.0,0.0,0.0,0.0,0.0,0.0,0.0,0.0,0.0,0.0,0.0,0.0,0.0,0.0,0.0,0.0,-0.11072982886915257,0.0,-0.0006064556200556692,-0.0018293998462169062,0.0,0.0,0.0,0.0,-0.00030853159312632406,0.0,-0.00028032881180293964,-0.0019096288697232238,0.0,0.0,0.0,0.0,-0.000870651106593671,0.0,-0.006857481141634066,-0.0018867740910451342,0.08463270421284025,0.16464127910911633,0.17327049790207177,-0.4924049308399283,-0.31942657818007836,-0.30887349091707866,2,24,-0.826086956521739,-0.5,-0.5,0.0,0.0,0.0,0.0,0.0,0.0,1.0,0.0,0.0,0.0,0.0,0.0,0.0,0.0,1.0,1.0,1
VAR_003097,2.5473427030403677,0.003696193760181812,0.0006055413344096137,0.027367305353918205,-1.0942075156099322e-05,0.002143747186801263,0.20431591254803838,-4.697528703236697e-06,0.2359465348581744,0.0,-0.07974356602261959,16,0.0,0.0,0.0,0.0,0.0,0.0,0.0,0.0,0.0,0.0,0.0,0.0,0.0,0.0,0.0,0.0,0.0,0.0,0.0,0.0,0.0,0.0,0.0,0.0,0.0,0.0,0.0,0.0,0.0,0.0,0.0,0.0,0.0,0.0,0.0,7,0.0,0.0,2,2,1.1257521301002764,0.8523172782996858,0.0,0.0,0.0,1.3277329361342567,14.36216957344868,1.0,1.0973820282003526,0.015121729388368164,0.0,5.97111772569783e-06,0.34446828808755825,1.0333164319668913,1.0,1.0,0.0,1.0333378898641163,0.0,0.5990123484936104,1.0210397934672785e-05,0.001065186249156145,0.0,1.3415873261671332,0.0,1.0036469976900342,0.0,-1.2559547520692103e-06,3.4265635009197988,0.07217093895543347,0.0,1.0,0.0,0.0,2,-0.13780775204746346,0.0,0.0,0.0,0.0,0.0,0.0,0.0,0.0,0.0,0.0,0.0,0.0,0.0,0.0,0.0,0.0,0.0,0.0,0.0,0.0,0.0,0.0,0.0,0.0,0.0,0.0,0.0,0.0,0.0,0.0,0.0,0.0,0.0,0.0,0.0,0.0,0.0,0.0,0.0,0.0,0.0,0.0,0.0,0.0,0.0,0.0,0.0,0.0,0.0,0.0,0.0,0.0,0.0,0.0,0.0,0.0,1.0,2.0382279845507485,1.0,1.1717622825959753,0.6697381155696773,0.0,0.0,0.0,1.2911247775907504,-0.00030853159298770507,0.0,1.120937807411387,-0.0019096287385603128,0.0,1.0,0.0,0.0,1.0068206202045462,1.2101454315057372,-0.006857481141569386,-0.0018847654992785168,-0.08693363463866263,-0.24395642626325006,-0.20658153100158821,0.05236041189277657,-0.2515966301997356,0.07510335104067054,7,4,-0.6739130434782609,0.0,-0.5,0.0,0.0,0.0,0.0,0.0,0.0,1.0,0.0,0.0,0.0,0.0,0.0,0.0,0.0,1.0,0.0,1
VAR_003176,-0.0783428963784724,-3.8059031320814635e-07,-3.004136269736329e-07,-5.4653554515842356e-05,-1.1041372304889563e-05,-4.831251662299113e-06,-0.017267181209998077,-4.8105745895704074e-06,-8.537446705068216e-06,41.05547475860329,0.9442876709570193,20,0.0,0.0,0.0,0.0,0.0,0.0,0.0,0.0,0.0,0.0,0.0,0.0,0.0,0.0,0.0,0.0,0.0,0.0,0.0,0.0,0.0,0.0,0.0,0.0,0.0,0.0,0.0,0.0,0.0,0.0,0.0,0.0,0.0,0.0,0.0,7,0.0,0.0,2,2,-0.503301338258704,-0.015112651942624752,-0.2153321949103241,0.0,0.0,-3.884553607683874e-07,0.0,0.0,0.0,-2.2320821211521196e-07,0.0,-1.4948262435770877e-08,-2.6709219008793652e-05,-1.4124635230450503e-05,0.0,0.0,0.0,-2.5336807690208568e-08,0.0,-1.2312450534260474e-06,-4.3419141492691217e-07,-3.5038624508476836e-08,0.0,0.0,0.0,-3.837678156849658e-07,0.0,-1.2618654649194024e-06,0.0,-1.1505932956688551e-07,0.0,0.0,0.0,0.0,2,0.14238501557264976,0.1808172646300372,0.5260614485696615,0.0,1.7289405865957037,0.0,14.769113211090495,0.0,0.06274584142223043,0.0,16.34580723738359,0.0,0.4159339090010927,0.0,0.0,0.0,0.0,0.9750495096903766,0.0,0.0,1.5246036095718187,0.1932772858726541,0.0,0.8890643113272504,0.0,0.3528094120617398,0.0,0.0,1778.5154109868975,325.7756443101243,0.0,0.0,0.0,0.0,0.0,0.0,0.0,26.158054309373384,0.0,1.0,0.0,0.0,0.0,0.940041287747961,0.0,0.044059797786365,13.375734861865514,6.54206176335492,2.6384883846859153,0.0,0.0,0.0,0.0,4049.475165901638,0.5273652920236778,0.0,50.51006557225848,1.0,0.5599994415288333,0.0,1.1680238911020178,1.0765964939005588,0.0,0.0,0.0,0.0,-0.00030562734052520275,0.0,0.4812842777699296,1.0238795784926398,0.0,1.0,0.0,0.0,0.09372507487517201,0.0,1.0224138375982055,0.5957650340189792,0.08463270421284025,-0.1555748308141018,0.17327049790207177,-0.4489924828440035,-0.05262985982144699,-0.1513608519026814,21,9,0.06521739130434778,2.0,0.0,0.0,0.0,0.0,0.0,0.0,0.0,1.0,0.0,0.0,0.0,0.0,0.0,-1.0,0.0,0.0,1.0,0
VAR_003173,9.348974357293296,1.5007669460991504,0.0001653325183880004,5.949816848317676,78.82920031216602,76.28310912712688,5.661768958361863,11.99397392189715,54.19589440902724,63.28652866153628,1.3961608902726406,30,0.0,0.0,0.0,0.0,0.0,0.0,0.0,0.0,0.0,2.718011863706237,1.0,0.0,0.0,1.0,1.1447171326883876,0.9035016636740762,9.379047668856515,12.959262613549283,0.0014286250351283095,450.6964662111201,0.0,0.027403691646760195,1.0132514580063678,0.0,1.0,1.0,1.0,1.0,1.6791279227505875e-07,1.0,1.0,1.0,1.0,2.8675942110050747,1.0,6,125.89484600981562,1.0,3,3,-0.4862219327790327,-1.4040100868779009,0.0,1.0,1.0,0.000598067082056896,12.118800586243653,1.0,1.0973820282003526,10.000394169520558,1.0,1.195557631771911,10.000333261635726,1.242658579146477,1.0,1.0,2.934526532233309,10.333432623769118,1.0,6.791741176834823,8.953679248663825e-07,4.160235886910789,3.1982118410375797,1.2574186412000672,3.1250628423837563,10.038771102665875,1.3367590874913071,10.134570697455429,1.3031020156599862,3.029081027603542,1.372499837548093,0.2017591984384759,1.0,5.9999356130409565,3,0.9178151423018907,2.4702254475261833,0.9170883906076468,0.0,2.699606678500763e-06,0.0,0.021215681401857953,0.0,7.286812383152586,0.0,10.738696081003251,0.0,1.0,0.0,1.0,1.0,0.0,2505.947073566713,0.0,0.0,1.5246036095718187,0.0,0.0,0.4478946446207015,0.0,0.0,0.0,1.0,1300.659698311194,0.008729638164065476,0.0,3.2441455086587174,0.0,1.0,13402.023505440862,1.0,0.0,381.8546001596925,1.5966885415373189,0.0,0.0,0.0,0.0,90.72709698370677,0.0,1.0,9.806921528955655,22.490516386561676,27123.434685048196,0.0,3.223671238484157,0.0,1.0,5506.579117969653,1.0,0.0,5.101772830190925,1.0,4.274968582937051,1.0,0.006713395598718242,0.13257703682947716,0.0,1.9935755969890272,0.0,1.2911247775907504,-0.00030853159312616566,0.0,-0.0002768912788393437,1.0238795404173324,0.0,1.0,0.0,1.0,-0.0008572462554205545,1.2101454315057372,0.13082645856977593,0.01177849334087729,0.08463270421284025,0.07162222619509982,0.17327049790207177,-0.9956159234605549,-0.47788835312682276,0.17039694258054194,16,3,1.5217391304347825,-1.0,-0.5,0.0,0.0,0.0,0.0,0.0,1.0,0.0,0.0,0.0,0.0,0.0,0.0,-1.0,1.0,0.0,0.0,1
VAR_002909,-0.0783428963784724,-3.8059031320814635e-07,-3.004136269736329e-07,-5.4653554515842356e-05,-1.1041372304889563e-05,-4.831251662299113e-06,-0.017267181209998077,-4.8105745895704074e-06,-8.537446705068216e-06,5782.204367925669,-0.014988265056938527,28,0.0,0.0,0.0,0.0,0.0,0.0,0.0,1.0,0.0,2.7180152508673583,0.0,1.0,0.0,1.0,0.0,4.605205789026475e-11,9.365596671549897,16.422231567765632,57.34074538150735,7.778746310367638,1.0,3.308452433243422,0.0,3.813771391455777,1.0,1.0,0.0,0.0,41.0872604189531,1.0,1.0,0.5480506846063421,0.0,2.896091433730838,1.0,3,12.459532663632965,0.0,3,3,-0.5818532710893461,-0.7042687873966196,2.4039244563415156,0.0,0.0,1.0331988229163263,0.0,0.0,0.48697565839516016,0.9969508014932246,1.0,-1.3426845846006395e-08,0.0029514549773654005,1.0333164319669204,1.0,0.1547109833380286,0.0,1.1079907511210574e-07,0.0,9.033149963901807e-05,1.3380555033531663,0.6422971346767361,1.3988923788601482,0.18216738601983237,0.16897025039958846,0.03574069288877706,0.851494412308223,0.9158607656324824,3.4265635009197988,1.0287076925497842,1.372499837548093,1.0,0.0,0.0,3,-0.09857204552867876,0.0,0.0,0.0,0.0,0.0,0.0,0.0,0.0,0.0,0.0,0.0,0.0,0.0,0.0,0.0,0.0,0.0,0.0,0.0,0.0,0.0,0.0,0.0,0.0,0.0,0.0,0.0,0.0,0.0,0.0,0.0,0.0,0.0,0.0,0.0,0.0,0.0,0.0,0.0,0.0,0.0,0.0,0.0,0.0,0.0,0.0,0.0,0.0,0.0,0.0,0.0,0.0,0.0,0.0,0.0,0.0,0.0,1.8482807737780935,0.0,-0.0006064398056711069,1.07588604820677,0.0,0.0,0.0,1.2546718113601962,-0.0003074376390015229,0.0,5.752050702130154e-05,-0.000530412530080763,0.0,0.0,0.0,1.0,0.03691594025636965,0.0,1.0225416603298243,1.044390176587839,-0.13157736681199253,-0.03603516526562718,0.17327049790207177,0.7056829136213976,0.2150491932487208,0.7534580570099187,14,21,0.1956521739130435,0.0,0.5,0.0,0.0,0.0,1.0,0.0,0.0,0.0,0.0,0.0,0.0,0.0,0.0,-1.0,1.0,1.0,0.0,1
VAR_003167,-0.0783428963784724,-3.8059031320814635e-07,-3.004136269736329e-07,-5.4653554515842356e-05,-1.1041372304889563e-05,-4.831251662299113e-06,-0.017267181209998077,-4.8105745895704074e-06,-8.537446705068216e-06,0.0,-0.10946537831009982,8,0.0,0.0,0.0,0.0,0.0,0.0,0.0,0.0,0.0,0.0,0.0,0.0,0.0,0.0,0.0,0.0,0.0,0.0,0.0,0.0,0.0,0.0,0.0,0.0,0.0,0.0,0.0,0.0,0.0,0.0,0.0,0.0,0.0,0.0,0.0,7,0.0,0.0,2,2,-0.5344758713969849,-2.958823125375653,-15.558051807117195,0.0,0.0,-3.884553607683874e-07,0.0,0.0,0.0,-2.2320821211521196e-07,0.0,-1.4948262435770877e-08,-2.6709219008793652e-05,-1.4124635230450503e-05,0.0,0.0,0.0,-2.5336807690208568e-08,0.0,-1.2312450534260474e-06,-4.3419141492691217e-07,-3.5038624508476836e-08,0.0,0.0,0.0,-3.837678156849658e-07,0.0,-1.2618654649194024e-06,0.0,-1.1505932956688551e-07,0.0,0.0,0.0,0.0,2,-0.169222268148316,0.0,0.0,0.0,0.0,0.0,0.0,0.0,0.0,0.0,0.0,0.0,0.0,0.0,0.0,0.0,0.0,0.0,0.0,0.0,0.0,0.0,0.0,0.0,0.0,0.0,0.0,0.0,0.0,0.0,0.0,0.0,0.0,0.0,0.0,0.0,0.0,0.0,0.0,0.0,0.0,0.0,0.0,0.0,0.0,0.0,0.0,0.0,0.0,0.0,0.0,0.0,0.0,0.0,0.0,0.0,0.0,0.0,-0.11072982886915257,0.0,-0.0006064556200556692,-0.0018293998462169062,0.0,0.0,0.0,0.0,-0.00030853159312632406,0.0,-0.00028032881180293964,-0.0019096288697232238,0.0,0.0,0.0,0.0,-0.000870651106593671,0.0,-0.006857481141634066,-0.0018867740910451342,0.08463270421284025,-0.5617778372823073,0.17327049790207177,-0.9402751342917353,-0.1927226967034237,-0.8195327502979874,5,4,0.0,1.5,0.5,0.0,0.0,0.0,0.0,0.0,0.0,0.0,0.0,0.0,0.0,0.0,0.0,,0.0,0.0,0.0,1
VAR_002748,-0.0783428963784724,-3.8059031320814635e-07,-3.004136269736329e-07,-5.4653554515842356e-05,-1.1041372304889563e-05,-4.831251662299113e-06,-0.017267181209998077,-4.8105745895704074e-06,-8.537446705068216e-06,0.0,-0.10946537831009982,8,0.0,0.0,0.0,0.0,0.0,0.0,0.0,0.0,0.0,0.0,0.0,0.0,0.0,0.0,0.0,0.0,0.0,0.0,0.0,0.0,0.0,0.0,0.0,0.0,0.0,0.0,0.0,0.0,0.0,0.0,0.0,0.0,0.0,0.0,0.0,7,0.0,0.0,2,2,-0.6341442734075634,-0.19186528470331463,3.3020530366686716,0.0,0.0,-3.884553607683874e-07,0.0,0.0,0.0,-2.2320821211521196e-07,0.0,-1.4948262435770877e-08,-2.6709219008793652e-05,-1.4124635230450503e-05,0.0,0.0,0.0,-2.5336807690208568e-08,0.0,-1.2312450534260474e-06,-4.3419141492691217e-07,-3.5038624508476836e-08,0.0,0.0,0.0,-3.837678156849658e-07,0.0,-1.2618654649194024e-06,0.0,-1.1505932956688551e-07,0.0,0.0,0.0,0.0,2,-0.169222268148316,0.0,0.0,0.0,0.0,0.0,0.0,0.0,0.0,0.0,0.0,0.0,0.0,0.0,0.0,0.0,0.0,0.0,0.0,0.0,0.0,0.0,0.0,0.0,0.0,0.0,0.0,0.0,0.0,0.0,0.0,0.0,0.0,0.0,0.0,0.0,0.0,0.0,0.0,0.0,0.0,0.0,0.0,0.0,0.0,0.0,0.0,0.0,0.0,0.0,0.0,0.0,0.0,0.0,0.0,0.0,0.0,0.0,-0.11072982886915257,0.0,-0.0006064556200556692,-0.0018293998462169062,0.0,0.0,0.0,0.0,-0.00030853159312632406,0.0,-0.00028032881180293964,-0.0019096288697232238,0.0,0.0,0.0,0.0,-0.000870651106593671,0.0,-0.006857481141634066,-0.0018867740910451342,0.08463270421284025,-0.055343210204139834,0.17327049790207177,0.21785896910026162,-0.4434303812752243,-0.001980407130489823,0,21,-0.5434782608695652,0.5,0.5,0.0,0.0,0.0,0.0,0.0,0.0,1.0,0.0,0.0,0.0,0.0,0.0,,0.0,0.0,0.0,1
VAR_002681,0.5726103168299153,2.470650081494297,8.269775808004127,0.010697884708251932,0.020901395177450578,3.000863564165614,0.6312617371857385,-4.769238786332146e-06,17.208847933501186,0.0,8.065320379284334,19,0.0,0.0,0.0,0.0,0.0,0.0,0.0,0.0,0.0,0.0,0.0,0.0,0.0,0.0,0.0,0.0,0.0,0.0,0.0,0.0,0.0,0.0,0.0,0.0,0.0,0.0,0.0,0.0,0.0,0.0,0.0,0.0,0.0,0.0,0.0,7,0.0,0.0,1,1,0.32221831446531346,0.7204422345273511,0.0,0.0,0.0,-3.884553607683874e-07,0.0,0.0,0.0,-2.2320821211521196e-07,0.0,-1.4948262435770877e-08,-2.6709219008793652e-05,-1.4124635230450503e-05,0.0,0.0,0.0,-2.5336807690208568e-08,0.0,-1.2312450534260474e-06,-4.3419141492691217e-07,-3.5038624508476836e-08,0.0,0.0,0.0,-3.837678156849658e-07,0.0,-1.2618654649194024e-06,0.0,-1.1505932956688551e-07,0.0,0.0,0.0,0.0,1,0.3787842170104056,0.0,0.0,0.0,0.0,0.0,0.0,0.0,0.0,0.0,0.0,0.0,0.0,0.0,0.0,0.0,0.0,0.0,0.0,0.0,0.0,0.0,0.0,0.0,0.0,0.0,0.0,0.0,0.0,0.0,0.0,0.0,0.0,0.0,0.0,0.0,0.0,0.0,0.0,0.0,0.0,0.0,0.0,0.0,0.0,0.0,0.0,0.0,0.0,0.0,0.0,0.0,0.0,0.0,0.0,0.0,0.0,0.0,-3.380448024310596e-06,0.7415258679411866,-0.0006064553230599332,1.0767605026327653,0.0,1.2548696352743136,0.0,0.9653443107241216,-0.000308527426370286,0.0,0.9314540262738089,1.0230449567581816,0.0,1.0,0.0,0.0,0.0002568700785211432,0.0,0.3793312593862504,-0.0018845277049685761,0.08463270421284025,0.07842194750488042,-0.061312723515339514,0.7265799245171535,0.6983982353358066,0.43325460810337024,11,14,-1.1739130434782608,-1.0,0.5,0.0,0.0,0.0,0.0,0.0,0.0,0.0,0.0,0.0,0.0,1.0,0.0,0.0,0.0,0.0,0.0,1
VAR_002589,0.4596022412011012,0.1837875822147812,7.985678464018131,0.009198567886697739,0.005122113760927338,0.0037848517985225815,0.0804637533165504,0.010425687685997592,62.824111482507206,0.0,0.17623820698799458,10,0.0,0.0,0.0,0.0,0.0,0.0,0.0,0.0,0.0,0.0,0.0,0.0,0.0,0.0,0.0,0.0,0.0,0.0,0.0,0.0,0.0,0.0,0.0,0.0,0.0,0.0,0.0,0.0,0.0,0.0,0.0,0.0,0.0,0.0,0.0,7,0.0,0.0,2,2,-0.23551727102660755,-1.2590939146042077,0.0,0.0,0.0,1.464160919991032,0.0,0.0,0.17887756498752877,-1.956319024075477e-07,1.0,5.49974697771256e-07,0.639598011792937,0.03157916927144306,1.0,1.0,0.6864225033237963,1.0082908222529805,0.0,8.854674939698399e-05,0.9236166145418622,0.012929171099587198,0.0,1.3415873261671332,0.0,0.013333484237470451,0.0,1.0134077762577387,1.4186956901772645,0.44695892497583395,0.2171498942658213,1.0,0.0,0.0,2,-0.09835960151224794,0.0,0.0,0.0,0.0,0.0,0.0,0.0,0.0,0.0,0.0,0.0,0.0,0.0,0.0,0.0,0.0,0.0,0.0,0.0,0.0,0.0,0.0,0.0,0.0,0.0,0.0,0.0,0.0,0.0,0.0,0.0,0.0,0.0,0.0,0.0,0.0,0.0,0.0,0.0,0.0,0.0,0.0,0.0,0.0,0.0,0.0,0.0,0.0,0.0,0.0,0.0,0.0,0.0,0.0,0.0,0.0,0.0,-0.11072982886915257,0.0,-0.0006064556200556692,-0.0018293998462169062,0.0,0.0,0.0,0.0,-0.00030853159312632406,0.0,-0.00028032881180293964,-0.0019096288697232238,0.0,0.0,0.0,0.0,-0.000870651106593671,0.0,-0.006857481141634066,-0.0018867740910451342,0.02098937797034615,-0.7451510386925703,0.17327049790207177,-0.7796172282366736,-0.3444984976100735,-0.2724617974680824,4,24,0.47826086956521735,-1.0,-0.5,0.0,0.0,0.0,0.0,0.0,0.0,0.0,0.0,1.0,0.0,0.0,0.0,0.0,0.0,1.0,1.0,1
VAR_002753,2.990038196366093,0.4426861730244049,-3.004074265646998e-07,371.7881150568312,-1.1034336604746534e-05,32.101197746143036,4.750009911967394,8.42918506572971,18.34163879758135,0.00047334574147170973,0.36293373477055224,28,0.0,0.0,0.0,0.0,0.0,0.0,0.0,1.0,1.0,1.4887737848115798,0.0,1.0,0.0,1.0,0.0,2.109276914627809,9.295089299257517,11.7352443769761,0.00821073327551181,1283.6951018464315,1.0,3.308452543329438,1.0132514580063678,0.0,1.0,1.0,0.0,0.0,38.484539806387836,0.0,1.0,1.0,0.0,2.896091433730838,1.0,3,0.9506714417477217,0.0,4,4,-0.6818958687766801,-0.3531500520129992,2.856070469357709,0.0,1.0,0.0004579774740297156,0.0,1.0,1.0973820282003526,1.0000170155835657,1.0,0.9768894058103633,0.9964485505619695,0.5049800912282192,1.0,1.0,0.0,-1.626345369021741e-08,1.0,10.000215206586946,1.0000786879176333,0.11914167181223802,0.0,0.0,3.1250628423837563,1.0038767648700682,0.0,1.0134559340662423,3.3351907896075303,0.0034357974015509674,1.372499837548093,0.0,0.5537827382236591,18.780909269412223,4,0.6071309731173206,5.595034830509547,0.6378181710768185,0.0,9.024334721173985e-10,0.0,0.1213647086807776,0.0,1.704803487925214e-08,0.0,2.3999146202759884e-08,0.0,0.203870738862959,0.0,0.0,0.0,0.0,250.59470735666974,0.0,0.0,1.5246036095718187,0.0,0.0,0.1214665843234656,0.0,0.5161698879234405,0.0,1.0,32.741768386809,325.8132668398141,0.0,3.2441455086587174,0.0,1.0,13432.702015273813,0.0398566259306473,0.0,381.93093249080374,1.5966885415373189,0.0,0.0,0.0,0.0,90.72709772536359,0.0,1.0,0.0018185741506979863,22.52831939021714,11.191543711678934,0.0,3.223671238484157,0.0,1.0,0.0007810752927255247,0.0,0.0,381.2599021075051,1.0,2.436234608488219,1.0,-0.0005691555007664024,1.0767603763053637,0.0,0.0,0.0,1.2911247775907504,0.6717088031099977,0.0,0.0053958200242981945,0.0037752930991578693,0.0,1.0,0.0,1.0,0.002433302546237906,0.0,-0.006620507136594873,1.0632651681523035,-0.024301585815957313,-0.5603732168770555,-0.5217275788212978,0.18896047531161037,-0.39702951012456406,-0.2834545393942685,9,22,-0.06521739130434778,2.0,0.0,0.0,1.0,0.0,0.0,0.0,0.0,0.0,0.0,0.0,0.0,0.0,0.0,-1.0,1.0,1.0,0.0,1
VAR_002723,-0.0783428963784724,-3.8059031320814635e-07,-3.004136269736329e-07,-5.4653554515842356e-05,-1.1041372304889563e-05,-4.831251662299113e-06,-0.017267181209998077,-4.8105745895704074e-06,-8.537446705068216e-06,0.0,-0.10946537831009982,8,0.0,0.0,0.0,0.0,0.0,0.0,0.0,0.0,0.0,0.0,0.0,0.0,0.0,0.0,0.0,0.0,0.0,0.0,0.0,0.0,0.0,0.0,0.0,0.0,0.0,0.0,0.0,0.0,0.0,0.0,0.0,0.0,0.0,0.0,0.0,7,0.0,0.0,3,3,-0.7215131342234451,-0.12416981139499322,-3.5191236192730657,0.0,0.0,-3.884553607683874e-07,0.0,0.0,0.0,-2.2320821211521196e-07,0.0,-1.4948262435770877e-08,-2.6709219008793652e-05,-1.4124635230450503e-05,0.0,0.0,0.0,-2.5336807690208568e-08,0.0,-1.2312450534260474e-06,-4.3419141492691217e-07,-3.5038624508476836e-08,0.0,0.0,0.0,-3.837678156849658e-07,0.0,-1.2618654649194024e-06,0.0,-1.1505932956688551e-07,0.0,0.0,0.0,0.0,3,0.015727253384514167,0.0,0.0,0.0,0.0,0.0,0.0,0.0,0.0,0.0,0.0,0.0,0.0,0.0,0.0,0.0,0.0,0.0,0.0,0.0,0.0,0.0,0.0,0.0,0.0,0.0,0.0,0.0,0.0,0.0,0.0,0.0,0.0,0.0,0.0,0.0,0.0,0.0,0.0,0.0,0.0,0.0,0.0,0.0,0.0,0.0,0.0,0.0,0.0,0.0,0.0,0.0,0.0,0.0,0.0,0.0,0.0,0.0,2.9316831897755016,0.7522207051611421,0.8035501269897282,1.0767606144580897,0.0,1.1241201151760976,0.0,1.2911247775907504,-0.00018282918245519247,0.0,0.010847146381347232,0.9947146734440734,0.0,1.0,0.0,1.0,0.1520249197179584,1.2101454315057372,-0.006856161488471668,1.0656045383969082,-1.14515657658501,-1.8885350168304356,0.17327049790207177,0.2861727278289603,0.373785485245155,0.09335956770468512,11,6,-0.21739130434782605,0.5,1.5,0.0,0.0,0.0,0.0,0.0,0.0,0.0,0.0,0.0,0.0,0.0,0.0,,0.0,0.0,0.0,0
VAR_002769,1.8242285057261893,0.19414190833790337,0.2941614248082375,0.4812691639497762,-1.104137216773295e-05,492.07312845843535,0.8797212144788311,2.00610223212099,26.362181779351396,62.81540586315632,1.09366573307477,14,0.0,0.0,0.0,0.0,0.0,0.0,0.0,0.0,0.0,0.24026529567207733,0.0,0.0,1.0,1.0,1.1447171326883876,2.1041340902030155,9.35072656911381,0.8215629837707401,0.07350053244518054,1284.5936518067394,0.0,1.5366022093043163,0.0,0.0,0.0,1.0,1.0,1.0,2.2470571762607908e-05,0.0,0.0,0.5049815385726114,0.0,2.896091433730838,1.0,1,12.581409355903189,1.0,3,3,-0.4748429297126349,-1.5388503644328264,-5.739117662957366,0.0,1.0,-3.88455164714664e-07,0.0,1.0,1.0973820282003526,4.061939282747392,0.0,1.025160330590352,4.106921123611613,1.0461135619922948,1.0,1.0,1.8944831851747805,2.049938903953867,1.0,2.9244763180747007,4.890086727374169,16.289784117679492,3.1982118410375797,1.3415873261671332,3.1250628423837563,10.038771102665875,1.3367590874913071,0.9952934527353341,3.2210905497285194,1.0280353463987137,0.019742381883789174,0.0,1.0,4.596161319454177,3,1.1168315964761537,5.595034830509547,0.0,0.0,4.479968923319051,0.0,791.6413268653888,0.0,0.015212834256401127,0.0,1061.8628715782388,0.0,0.6479766429889839,0.0,0.18600398305539,1.0,0.0,3.9644178473043374,0.0,0.0,1.5246036095718187,0.5604639011329605,0.0,0.0,0.0,0.0278882882259945,0.0,0.1198002302528763,0.00016665106457499496,3258.1326683981406,0.0,3.2441455086587174,0.0,0.0,1.4454035172965678,0.6940717864339511,0.0,374.9691804401582,1.5966885415373189,0.0,0.0,0.0,0.0,90.71953649397561,0.0,1.0,22.00481142333034,225.49377982955983,949823.9920037156,0.0,3.223671238484157,0.0,1.0,5718.596250688312,0.6232378546130729,0.0,328.1732014375817,1.0,1.3416958326921722,0.0,1.1416359094638666,1.0766010607274124,0.0,0.0,0.0,0.32180053066941744,0.008270403447456338,0.0,1.120934524340568,10.255982444753919,0.0,1.0,0.0,1.0,0.0946940648168846,1.2101454315057372,-0.006554393003898681,1.0655904268801841,0.08463270421284025,0.22692363072109445,-0.5368061180978453,-1.0973979152034348,-0.2146706180501555,0.035121358569422126,16,3,1.5217391304347825,-1.0,-0.5,0.0,0.0,0.0,0.0,0.0,1.0,0.0,0.0,0.0,0.0,0.0,0.0,0.0,1.0,0.0,0.0,1
VAR_003004,2.1155289933100163,9.450861713489475,19.542522808217264,0.9899191477755708,1.3681690613700646,0.010556621474300814,3.4700703334233873,11.315516415203986,3.813772155061805,31629.077127969995,0.5518669753307166,28,0.0,0.0,0.0,0.0,0.0,0.0,0.0,1.0,0.0,0.004682263098116923,0.0,1.0,0.0,1.0,0.0,0.2798764497020963,9.116448348716036,0.0,0.00261366406693155,644.0809201088875,0.0,4.290693528566714e-19,1.0132514580063678,3.813771391455777,1.0,1.0,0.0,1.0,0.001801949560927147,0.0,0.5172598410758678,0.0,1.0,2.896091433730838,1.0,3,1.2060742217819076e-07,0.0,1,1,0.2567257768088478,-0.9592242065717332,-28.067006454879493,1.0,1.0,1.4641591363014188,11.469581136926973,1.0,1.0973820282003526,0.7844016598167631,1.0,1.764728720956492e-05,0.4655334761168662,1.5278386970414604,1.0,0.0,1.7058147948998845,0.7371803549411499,1.0,0.22113355484483158,0.8946515991130579,1.6606972965178946,3.1982118410375797,0.0,3.1250628423837563,1.0038767648662745,1.0428837692204396,0.002670593948804949,0.0,0.015892130794220152,0.0,0.0,1.0,5.002837128558744,1,0.896770918791214,0.0,0.0,0.0,75.16137229933236,0.0,599.5277666662524,0.0,9.93272725972384,0.0,21.84587541059903,0.0,1.0,0.0,0.0,0.0,0.0,81.2972375240494,0.0,0.0,0.8216754923165044,0.0,0.0,0.2578987569142202,0.0,0.9129154276332492,0.0,0.0,1776.9237371322977,0.006533111010834352,0.0,1.8302253457246127,0.0,0.0,13432.747613786123,0.7138982822902212,0.0,6.305642271469105,1.5966885415373189,0.0,0.0,0.0,0.0,90.0809422659278,0.0,0.0,3.7762140652696306e-05,22.549377982785014,2.044726505502806,0.0,1.7140505170790157,0.0,0.0,5719.000413223851,0.0,0.0,376.3507038115521,1.0,1.8985093295371935,1.0,0.010655860171552326,-0.001829399846216906,0.0,1.048651143905751,0.0,0.0,1.052451209443961,0.0,1.1207878081789595,0.835839751464355,0.0,1.0,0.0,1.0,1.0068197381538884,0.0,0.10431035067730167,0.22247965832615882,-0.8677761551788123,-0.5091912975821367,-36.400195306294286,-1.56930899721903,-7.521761573538419,-1.726773103799825,8,16,-0.06521739130434778,0.5,0.5,0.0,0.0,0.0,0.0,0.0,0.0,0.0,0.0,0.0,0.0,0.0,0.0,-1.0,1.0,1.0,0.0,1
VAR_002966,0.3365142313615483,6.475953542942145,0.5872362121875491,4.082819567823547e-05,0.003898068027156883,168.43376839603937,0.14579745625561172,-4.810538950355557e-06,-8.434628152715999e-06,0.0,-0.05473927870289181,16,0.0,0.0,0.0,0.0,0.0,0.0,0.0,0.0,1.0,1.8789448935346214,0.2819684923799638,0.0,0.136396334659732,0.0,0.0,1.8276410687566307e-05,2.693890218296119,0.0,76.75426571918226,5.1579982273637075,1.0,3.308452545308564,1.0132514580063678,0.0,0.0,0.0,0.0,0.0,0.0,0.0,0.0,0.0,0.0,0.0,0.0,7,0.0,0.0,2,2,-0.15422356475284338,-1.581633358544365,-6.751574139230591,1.0,1.0,0.005465663803520856,0.0,0.0,1.0973820282003526,0.005202366216070775,0.0,0.19827860986629134,-2.654562589297731e-05,0.4348545749418093,1.0,0.0,0.0,1.033343239573662,1.0,0.08964813041449471,0.09844367479299404,0.06452782897956844,0.0,0.0,0.0,0.0003210755738611594,0.0,0.018665779664533155,1.9674924739581032,-1.1505088753507679e-07,0.47344149939961444,1.0,0.0,0.5302778979639312,2,0.2610152432031657,0.0,0.0,0.0,0.0,0.0,0.0,0.0,0.0,0.0,0.0,0.0,0.0,0.0,0.0,0.0,0.0,0.0,0.0,0.0,0.0,0.0,0.0,0.0,0.0,0.0,0.0,0.0,0.0,0.0,0.0,0.0,0.0,0.0,0.0,0.0,0.0,0.0,0.0,0.0,0.0,0.0,0.0,0.0,0.0,0.0,0.0,0.0,0.0,0.0,0.0,0.0,0.0,0.0,0.0,0.0,0.0,0.0,-0.055385265943604406,0.0,1.1717744985796634,0.9926967887731164,0.0,0.5572003408753595,0.0,0.0,1.0503354566619632,1.0,1.1209300808269411,-0.0013771942054341256,0.0,1.0,0.0,0.0,1.0068188624533754,0.0,0.3298718039336918,-0.00161259918192481,-3.0216628793499356,-4.99014304080962,0.17327049790207177,-0.07923994259961445,-0.3091730432737477,-0.5303354535082989,21,12,-0.5,1.0,-1.0,0.0,0.0,0.0,0.0,0.0,0.0,1.0,0.0,0.0,0.0,0.0,0.0,0.0,0.0,1.0,0.0,0
VAR_003239,-0.0783428963784724,-3.8059031320814635e-07,-3.004136269736329e-07,-5.4653554515842356e-05,-1.1041372304889563e-05,-4.831251662299113e-06,-0.017267181209998077,-4.8105745895704074e-06,-8.537446705068216e-06,4231.7513586079,1.2218259436150594,30,0.0,0.0,0.0,0.0,0.0,0.0,0.0,0.0,0.0,0.0,0.0,0.0,0.0,0.0,0.0,0.0,0.0,0.0,0.0,0.0,0.0,0.0,0.0,0.0,0.0,0.0,0.0,0.0,0.0,0.0,0.0,0.0,0.0,0.0,0.0,7,0.0,0.0,5,5,0.0,0.0,0.0,0.0,0.0,-3.884553607683874e-07,0.0,0.0,0.0,-2.2320821211521196e-07,0.0,-1.4948262435770877e-08,-2.6709219008793652e-05,-1.4124635230450503e-05,0.0,0.0,0.0,-2.5336807690208568e-08,0.0,-1.2312450534260474e-06,-4.3419141492691217e-07,-3.5038624508476836e-08,0.0,0.0,0.0,-3.837678156849658e-07,0.0,-1.2618654649194024e-06,0.0,-1.1505932956688551e-07,0.0,0.0,0.0,0.0,5,-0.169222268148316,0.0,0.0,0.0,0.0,0.0,0.0,0.0,0.0,0.0,0.0,0.0,0.0,0.0,0.0,0.0,0.0,0.0,0.0,0.0,0.0,0.0,0.0,0.0,0.0,0.0,0.0,0.0,0.0,0.0,0.0,0.0,0.0,0.0,0.0,0.0,0.0,0.0,0.0,0.0,0.0,0.0,0.0,0.0,0.0,0.0,0.0,0.0,0.0,0.0,0.0,0.0,0.0,0.0,0.0,0.0,0.0,0.0,-0.11072982886915257,0.0,-0.0006064556200556692,-0.0018293998462169062,0.0,0.0,0.0,0.0,-0.00030853159312632406,0.0,-0.00028032881180293964,-0.0019096288697232238,0.0,0.0,0.0,0.0,-0.000870651106593671,0.0,-0.006857481141634066,-0.0018867740910451342,0.0,0.0,0.0,0.0,0.0,0.0,24,25,0.0,0.0,0.0,0.0,0.0,0.0,0.0,0.0,0.0,0.0,0.0,0.0,0.0,0.0,0.0,-1.0,0.0,0.0,0.0,1
VAR_002847,-0.0033489740513882754,0.10835151512263907,10.252791330967254,1.3688240210604883,53.34483867986416,0.00039289310053332803,0.09244381319210183,0.3326036915366044,0.28157935683489643,0.0,-0.1022286130947399,16,0.0,0.0,0.0,0.0,0.0,0.0,0.0,0.0,0.0,0.0,0.0,0.0,0.0,0.0,0.0,0.0,0.0,0.0,0.0,0.0,0.0,0.0,0.0,0.0,0.0,0.0,0.0,0.0,0.0,0.0,0.0,0.0,0.0,0.0,0.0,7,0.0,0.0,1,1,-0.0026584714287165804,0.30929603687722584,3.2731138326871148,1.0,0.0,0.1931622267248757,2.762103110163001,0.0,0.0,0.9990181585702509,1.0,-1.4937833793086647e-08,1.0000092878664648,-1.3367589318632953e-05,1.0,1.0,0.0,0.0002059524828832473,0.0,0.39536907113114833,1.0000059623531876,9.110649778353533e-06,2.8373356975697948,0.0,0.08008371684475417,0.2367165043967469,0.1482849845495779,0.013674342100865438,1.209560400640625,0.5284222643959522,0.0,0.0,0.0,0.0,1,-0.15829086223094643,0.0,0.0,0.0,0.0,0.0,0.0,0.0,0.0,0.0,0.0,0.0,0.0,0.0,0.0,0.0,0.0,0.0,0.0,0.0,0.0,0.0,0.0,0.0,0.0,0.0,0.0,0.0,0.0,0.0,0.0,0.0,0.0,0.0,0.0,0.0,0.0,0.0,0.0,0.0,0.0,0.0,0.0,0.0,0.0,0.0,0.0,0.0,0.0,0.0,0.0,0.0,0.0,0.0,0.0,0.0,0.0,1.0,0.001626354538143515,1.0,-0.00058094294880525,0.017060950668863005,0.0,0.0,0.0,0.0,0.0008227140471486741,1.0,0.6411540640359781,1.0238555089779944,0.0,0.0,0.0,0.0,1.006820620204495,0.0,0.10796139820137754,1.0523821264848552,0.08463270421284025,0.06222299380115797,-0.056470145147359624,0.5731716362851763,1.0614543416438833,0.5677722268065368,11,14,-1.1739130434782608,-1.0,0.5,0.0,0.0,0.0,0.0,0.0,0.0,0.0,0.0,0.0,0.0,1.0,0.0,0.0,0.0,1.0,0.0,1
VAR_002676,-0.0783428963784724,-3.8059031320814635e-07,-3.004136269736329e-07,-5.4653554515842356e-05,-1.1041372304889563e-05,-4.831251662299113e-06,-0.017267181209998077,-4.8105745895704074e-06,-8.537446705068216e-06,0.0,-0.10946537831009982,8,0.0,0.0,0.0,0.0,0.0,0.0,0.0,0.0,0.0,0.0,0.0,0.0,0.0,0.0,0.0,0.0,0.0,0.0,0.0,0.0,0.0,0.0,0.0,0.0,0.0,0.0,0.0,0.0,0.0,0.0,0.0,0.0,0.0,0.0,0.0,7,0.0,0.0,2,2,0.24217683748658278,0.4757508937273645,0.0,0.0,0.0,-3.884553607683874e-07,0.0,0.0,0.0,-2.2320821211521196e-07,0.0,-1.4948262435770877e-08,-2.6709219008793652e-05,-1.4124635230450503e-05,0.0,0.0,0.0,-2.5336807690208568e-08,0.0,-1.2312450534260474e-06,-4.3419141492691217e-07,-3.5038624508476836e-08,0.0,0.0,0.0,-3.837678156849658e-07,0.0,-1.2618654649194024e-06,0.0,-1.1505932956688551e-07,0.0,0.0,0.0,0.0,2,-0.169222268148316,0.0,0.0,0.0,0.0,0.0,0.0,0.0,0.0,0.0,0.0,0.0,0.0,0.0,0.0,0.0,0.0,0.0,0.0,0.0,0.0,0.0,0.0,0.0,0.0,0.0,0.0,0.0,0.0,0.0,0.0,0.0,0.0,0.0,0.0,0.0,0.0,0.0,0.0,0.0,0.0,0.0,0.0,0.0,0.0,0.0,0.0,0.0,0.0,0.0,0.0,0.0,0.0,0.0,0.0,0.0,0.0,0.0,-0.11072982886915257,0.0,-0.0006064556200556692,-0.0018293998462169062,0.0,0.0,0.0,0.0,-0.00030853159312632406,0.0,-0.00028032881180293964,-0.0019096288697232238,0.0,0.0,0.0,0.0,-0.000870651106593671,0.0,-0.006857481141634066,-0.0018867740910451342,-1.3201881566143412,0.14243053455804935,-0.31837939467606596,0.236529074191044,-0.8864563683578927,-0.13172051159098888,7,17,-0.8913043478260868,-0.5,1.5,0.0,0.0,0.0,0.0,0.0,0.0,0.0,0.0,0.0,0.0,0.0,0.0,,0.0,0.0,0.0,1
VAR_003184,1.3353848451658912,1.4597337576790401,2.1562271139634968,429.16489107447916,32.459865447066555,16.837377929070886,0.09244791107943223,0.19413838647065518,0.24321124193519664,0.0,-0.10368370285377487,16,0.0,0.0,0.0,0.0,0.0,0.0,0.0,0.0,0.0,0.0,0.0,0.0,0.0,0.0,0.0,0.0,0.0,0.0,0.0,0.0,0.0,0.0,0.0,3.813771391455777,1.0,1.0,1.0,1.0,0.0008297981168658668,0.0,1.0,1.0,0.0,0.0,1.0,3,12.589682862934543,1.0,2,2,-0.6140586418577392,0.1788446851112062,-2.7879057980760096,0.0,0.0,1.4641595844954534,0.0,0.0,0.2683933357200627,1.0000056307747467,1.0,1.0043363243507193,0.052930998107295714,-1.4124635093716819e-05,1.0,0.0,2.8685426133345167,-2.5334493335558397e-08,0.057999886775839,1.0000203898894293,0.7073517508879084,0.004426665034704642,2.804822649939223,1.3415873261671332,1.6400444674731718,0.0016461224228627768,0.5553559741922937,0.9421359069935196,0.25338669059615976,2.9554408605861956e-06,0.0,1.0,0.0,0.0,2,-0.1326758569048202,0.0,0.0,0.0,0.0,0.0,0.0,0.0,0.0,0.0,0.0,0.0,0.0,0.0,0.0,0.0,0.0,0.0,0.0,0.0,0.0,0.0,0.0,0.0,0.0,0.0,0.0,0.0,0.0,0.0,0.0,0.0,0.0,0.0,0.0,0.0,0.0,0.0,0.0,0.0,0.0,0.0,0.0,0.0,0.0,0.0,0.0,0.0,0.0,0.0,0.0,0.0,0.0,0.0,0.0,0.0,0.0,1.0,0.716287236205116,0.0,0.0015583554472522923,0.24618450602542705,0.0,0.9965336368366382,0.0,1.2911247775907504,0.935607816023798,0.0,0.9853393225112738,0.01940155799905509,0.0,0.0,0.0,0.0,0.9819216141869599,0.07723207040810891,0.037461698160453215,0.02141142772495479,0.08463270421284025,0.1663858264819522,-1.1999679199863287,-0.5113933363200907,-0.2193044287314574,-0.06680737010513625,7,17,-0.8913043478260868,-0.5,1.5,0.0,0.0,0.0,0.0,0.0,0.0,0.0,0.0,0.0,0.0,0.0,0.0,0.0,1.0,1.0,0.0,1
VAR_003075,0.2789939799520826,1.4424284827082226e-08,0.7261539823598728,0.04917003904763125,-3.2597857839850645e-06,38.08810602486198,0.42149638477282825,-4.810574463227402e-06,5.3206084053543326e-05,2.297389302113234,0.028655594669817572,28,0.0,0.0,0.0,0.0,0.0,0.0,0.0,1.0,0.0,2.7180158730062374,0.1195787760350643,1.0,0.0,0.0,0.0,1.2894950089777715,5.396772141252537e-08,0.0,1.0712943939918409e-05,0.0008628737534551651,1.0,0.001084541511119312,1.0132514580063678,0.0,1.0,0.0,1.0,0.0,40.774186070584975,1.0,1.0,0.0,1.0,2.896091433730838,1.0,3,10.537964021352677,0.0,4,4,0.41334907162624396,0.8523172782996858,0.5519242463270704,1.0,1.0,0.017405454981752604,0.0,0.0,1.0973820282003526,0.9932613470466044,0.0,0.13014867200300764,2.8519559524508624e-05,1.0333163884560654,0.0,0.0,0.0,3.6210081853819243,1.0,5.664074552181833,1.8758260206833492,2.9982040913096557,0.0,0.0,1.9848456566045711,6.34388252269836,0.6307109998218312,1.0134559206882354,0.0,-1.1505869745379439e-07,0.5837470541067148,1.0,1.0,3.007611076690202,4,0.008925476561969146,0.0,0.0,0.0,1.65275681116415,0.0,8.429425376432152e-11,0.0,9.47054592587857,0.0,98.29344923713109,0.0,1.0,0.0,0.0,0.0,0.0,1.07485147092887,0.0,0.0,1.5246036095718187,1.0,0.0,0.0,0.0,0.0,0.0,0.0,1734.4073979504299,320.66351452172006,0.0,3.2441455086587174,0.0,1.0,13432.751113052847,0.0,0.0,373.1704333705211,0.0,0.743457711839847,0.0,0.1243023688359573,0.0,0.0033656249583144168,0.0,0.0,162.68400964156334,22.54892165990635,4.1329309988458885e-06,0.0,0.0,0.0,1.0,0.6002481325518669,0.8026100713061003,0.0,381.2998263741841,0.0,0.1659436166371968,0.3765730547288279,0.25832571349894656,1.0767233142017252,0.0,1.890289096434709,0.0,0.0,1.051419517123916,1.0,1.1209394117338656,-0.0018963644389597461,0.0,1.0,0.0,0.0,1.00548024280133,0.24247826547701748,1.02253889489084,1.0234933246312703,0.08463270421284025,0.020201420008955712,0.17327049790207177,0.04427659110096327,-0.6065465517983069,0.012473982403829915,4,7,0.6739130434782609,0.0,-0.5,0.0,1.0,0.0,0.0,0.0,0.0,0.0,0.0,0.0,0.0,0.0,0.0,-1.0,1.0,1.0,0.0,1
VAR_003060,-0.0783428963784724,-3.8059031320814635e-07,-3.004136269736329e-07,-5.4653554515842356e-05,-1.1041372304889563e-05,-4.831251662299113e-06,-0.017267181209998077,-4.8105745895704074e-06,-8.537446705068216e-06,0.0,-0.10946537831009982,8,0.0,0.0,0.0,0.0,0.0,0.0,0.0,0.0,0.0,0.0,0.0,0.0,0.0,0.0,0.0,0.0,0.0,0.0,0.0,0.0,0.0,0.0,0.0,0.0,0.0,0.0,0.0,0.0,0.0,0.0,0.0,0.0,0.0,0.0,0.0,7,0.0,0.0,2,2,0.4553282738645868,0.3123641818656231,0.21356075562162077,0.0,0.0,-3.884553607683874e-07,0.0,0.0,0.0,-2.2320821211521196e-07,0.0,-1.4948262435770877e-08,-2.6709219008793652e-05,-1.4124635230450503e-05,0.0,0.0,0.0,-2.5336807690208568e-08,0.0,-1.2312450534260474e-06,-4.3419141492691217e-07,-3.5038624508476836e-08,0.0,0.0,0.0,-3.837678156849658e-07,0.0,-1.2618654649194024e-06,0.0,-1.1505932956688551e-07,0.0,0.0,0.0,0.0,2,4.623910559718136,0.0,0.0,0.0,0.0,0.0,0.0,0.0,0.0,0.0,0.0,0.0,0.0,0.0,0.0,0.0,0.0,0.0,0.0,0.0,0.0,0.0,0.0,0.0,0.0,0.0,0.0,0.0,0.0,0.0,0.0,0.0,0.0,0.0,0.0,0.0,0.0,0.0,0.0,0.0,0.0,0.0,0.0,0.0,0.0,0.0,0.0,0.0,0.0,0.0,0.0,0.0,0.0,0.0,0.0,0.0,0.0,0.0,-0.05537153819704776,0.0,0.7632824505832626,1.0767506568815635,0.0,1.2252196302087388,0.0,0.0,0.01688073994262278,0.0,-0.00028032875779033546,2.349622560979045e-05,0.0,1.0,0.0,1.0,0.0016388864092382641,0.7058556304561948,-0.0058828618408694475,1.064367856091894,0.08463270421284025,-3.4678975772039333,-2.4038241374247784,-0.006435533712504321,-0.10577758728876735,-0.4554035947315598,4,8,0.06521739130434778,0.0,-0.5,0.0,0.0,0.0,0.0,0.0,0.0,0.0,1.0,0.0,0.0,0.0,0.0,,0.0,0.0,0.0,0
VAR_003119,1.390497439364089,2.9890008550639268e-06,67.98128775689007,0.04873004312546537,0.01861017899794316,0.022623423447336848,-0.017267181209963674,-4.810574564395056e-06,0.6544436618380189,0.0,2.955276594526551,11,0.0,0.0,0.0,0.0,0.0,0.0,0.0,0.0,0.0,0.017383371340035148,0.0,1.0,1.0,1.0,0.0,8.313598465408255e-14,4.539442147559002e-08,10.270128986795525,1.5023521031827054,7.539237151596596e-06,1.0,2.806242402543894,0.0,0.0,0.0,0.0,0.0,0.0,0.0,0.0,0.0,0.0,0.0,0.0,0.0,7,0.0,0.0,3,3,1.140197534890719,0.4364360112287479,3.421677572128245,0.0,0.0,1.3076627151923481,14.36216957344868,1.0,0.04552383773057986,5.709024927578245,1.0,2.4580849513264053e-08,5.366939481009208,0.01456619875650676,0.0,1.0,2.934526532233309,-2.417111024833805e-08,0.0,0.9998392060841792,1.0000787448101947,0.32113032255067087,3.1982118410375797,0.7551121483559272,0.0,-3.8346674780996534e-07,1.3367590874913071,0.3322970838101499,0.0,1.0289161839530891,0.0,1.0,0.0,0.4999948445307557,3,0.10966234788969595,0.0,0.0,0.0,28.39816558069269,0.0,46.54575577226861,0.0,9.915293207918252,0.0,106.18628715782356,0.0,0.0279900890777365,0.0,0.0,0.0,0.0,217.74500658689848,0.0,0.0,1.5246036095718187,1.0,0.0,1.0,0.0,0.6427650776477827,0.0,0.0,0.001091935768330623,325.8132336129054,0.0,0.8026258381835313,0.0,0.0,2.3986888581023775,0.004716872938658,0.0,379.56987454739004,1.5966885415373189,0.0,0.0,0.7726953117524478,0.0,90.65168379834357,0.0,0.0,164.44620136376287,5.258404145257348,60.3577025647457,0.0,1.181648903220706,0.0,1.0,0.0031835792047836655,0.0,0.0,307.547590188321,1.0,-0.055388253796343524,1.0,1.17154782730534,1.0766776311263924,0.0,2.3411970776925046,0.0,1.2911247775907504,-0.0003085315905618019,1.0,-0.0002797529065012634,-0.0018010029701676505,0.0,0.0,0.0,1.0,0.14112947205385223,1.2101454315057372,0.9844151252858715,0.10513743248694776,-1.2611271933744497,-1.313592606966968,-0.3638612124888347,-0.7297851249010406,0.3714289500487114,0.12126494401521877,14,21,0.1956521739130435,0.0,0.5,0.0,0.0,0.0,1.0,0.0,0.0,0.0,0.0,0.0,0.0,0.0,0.0,0.0,0.0,0.0,0.0,1
