Variant_ID,AL_7,AL_8,AL_9,AL_10,AL_11,AL_12,AL_13,AL_14,AL_15,AL_21,AL_26,CAT_1,AL_27,AL_28,AL_29,AL_31,AL_33,AL_35,AL_37,AL_39,AL_42,AL_45,AL_48,AL_50,AL_51,AL_53,AL_54,AL_57,AL_60,AL_63,AL_66,AL_67,AL_68,AL_69,AL_72,AL_75,AL_77,AL_78,AL_81,AL_83,AL_84,AL_86,AL_87,AL_90,AL_92,AL_93,AL_95,CAT_2,AL_96,AL_98,CAT_3,CAT_4,EK_1,EK_2,EK_3,AL_99,AL_102,AL_105,AL_108,AL_111,AL_114,AL_117,AL_120,AL_123,AL_126,AL_129,AL_132,AL_135,AL_138,AL_141,AL_144,AL_147,AL_150,AL_151,AL_153,AL_156,AL_159,AL_162,AL_165,AL_168,AL_171,AL_174,AL_177,AL_180,AL_183,AL_184,CAT_5,AL_186,AL_187,AL_189,AL_192,AL_193,AL_196,AL_198,AL_201,AL_202,AL_205,AL_206,AL_209,AL_210,AL_213,AL_214,AL_216,AL_217,AL_218,AL_221,AL_222,AL_223,AL_225,AL_228,AL_229,AL_232,AL_234,AL_237,AL_238,AL_241,AL_242,AL_245,AL_246,AL_249,AL_250,AL_253,AL_254,AL_257,AL_258,AL_259,AL_261,AL_264,AL_265,AL_268,AL_270,AL_273,AL_274,AL_277,AL_278,AL_279,AL_281,AL_282,AL_285,AL_286,AL_289,AL_290,AL_293,AL_294,AL_295,AL_296,AL_297,AL_300,AL_301,AL_304,AL_305,AL_308,AL_310,AL_313,AL_314,AL_317,AL_318,AL_321,AL_322,AL_325,AL_326,AL_329,AL_330,AL_333,AL_334,EK_4,EK_5,EK_6,EK_7,EK_8,EK_9,AA_1,AA_2,DELTA_HIDRO,BLOSUM62,SNV_PATHWAY_COUNT,BAZ_A_C,BAZ_A_G,BAZ_A_T,BAZ_C_A,BAZ_C_G,BAZ_C_T,BAZ_G_A,BAZ_G_C,BAZ_G_T,BAZ_T_A,BAZ_T_C,BAZ_T_G,IS_EXOME,IS_ALLOFUS,POP_NFE,POP_AFR,Label
VAR_002962,0.0028308936955951584,0.09022913609268396,0.001238827296619505,0.0025967661562985907,0.021663805036159608,0.0018821452384260265,0.0032748168257228016,0.004588575910471161,0.0007185927237477785,0.04509802712916281,0.03137722602265984,8.0,0.538449320950982,0.35562772738497356,0.588292334517526,0.23347736916624792,0.42991041300805727,0.25899172299428913,0.05580373037061028,0.0,0.754450049867769,0.04002931372773382,0.0347101854282333,0.8,0.8384715001223023,0.6,0.8,0.0755715365281866,0.07236217574676182,0.557681994407009,0.027965827179963328,0.007009370195921231,0.8417744916943825,0.05778419286197728,1.0,0.4285073618913774,0.4,0.6,0.39104109819184585,0.4,0.40202402857666275,0.6,0.4900366251953744,0.2,1.0,0.4,1.0,7.0,0.031710927192534086,0.8,3.0,3.0,0.8582171729056973,0.9168201152840962,0.709267565801784,1.0,1.0,0.999999999999998,1.0,1.0,0.0,0.3311341576702686,0.0,0.0098420521816008,0.3172599999999994,0.0867574032184668,1.0,1.0,0.0,0.0611079368865593,1.0,3.590597830109467e-05,0.0001372448457082,6.962257283099777e-07,0.0,0.0,0.0,0.0961428468499621,1.0,0.10079208696657486,0.0,0.0968300909778846,1.0,0.0,0.0,0.004465011220516592,3.0,0.002740106502551522,0.3285086130824302,0.0,0.0,0.05750374514122729,0.0,0.07910171205881653,0.0,0.4199994725255592,0.0,0.031412527406992276,0.0,0.471217147398497,0.0,0.8,0.0,0.0,0.0028441877478508916,0.0,0.0,0.768480013213111,0.2,0.0,0.1579196248937517,0.0,0.5147709670659701,0.0,0.4,0.9115074087327182,0.056617084578917495,0.0,0.6076913944422808,0.0,0.6,0.49913111199888144,0.4690657989952182,0.0,0.5914878865454125,0.8,0.7300083113469638,0.0,0.18776168654048975,0.0,0.06599123595754171,0.0,0.45259656773293705,0.5275854921105687,0.06609090518321205,0.0006225483316217053,0.0,0.7984049374961171,0.0,0.8,0.7754667378995019,0.01780561949819872,0.0,0.6573546632621444,0.0,0.006000492428399887,1.0,0.919527406507049,0.7968124594985939,0.0,0.5813738686453406,0.0,0.0,0.09999999999995889,1.0,0.9943595036660959,0.0999999893409221,0.0,1.0,0.0,1.0,2.2832736230154605e-10,0.5157237287607201,0.0318601313135844,0.06066380515194389,0.9526605258321118,0.3832107387205803,1.0,0.4228445489055489,0.9401903801337852,0.6554222600430875,6.0,11.0,0.5375722543352601,0.5,1.0,0.0,0.0,0.0,0.0,0.0,0.0,0.0,0.0,0.0,0.0,0.0,0.0,1.0,0.0,0.0,0.0,0
VAR_003021,0.010381886432439754,1.159846873486136e-19,0.018096921324385215,6.853257009213913e-07,0.008260204499203923,3.9624300122044535e-09,0.011584137446443434,0.02885254387233835,0.05660642589433437,0.23590312613629016,0.00873341172682851,23.0,0.6767887405393292,0.10674876720401816,0.35995665085820916,0.21933640918175307,0.031652711757080856,0.4018356751241281,0.23581510613043366,1.0,0.0,0.0907966607946721,1.0,1.0,0.0,1.0,1.0,0.0996238526460255,0.0999999425753974,0.2957021499245211,0.0999999999916177,3.0892749371975085e-07,1.0,0.0998995056100072,1.0,0.0,1.0,1.0,1.0,0.0,4.5382400269450526e-05,0.0,1.0,1.0,1.0,1.0,1.0,5.0,0.0998209385098277,0.0,4.0,4.0,0.9863029872083271,1.0000000000000002,0.8738347755804659,1.0,1.0,0.030027778175117002,0.0,1.0,0.0,0.1095157843400536,1.0,0.0992052163143658,0.0761384371983994,0.1004652020926349,1.0,1.0,0.0,1.0,0.5865747874785777,0.0976202754006782,0.0998583900783657,7.76327845055641e-06,0.0,0.0,0.2925559612285285,0.9059451558843504,1.0,0.0031897436358528336,0.126381589711646,0.0962803495673299,1.0,1.0,0.0,0.015923923515270392,4.0,0.017959588615037585,1.0,0.0,0.0,2.4740552845236076e-06,0.0,0.0597519053697151,0.0,0.0997112646754782,0.0,0.0997944517519985,0.0,0.0,0.0,0.8,0.0,0.0,1.041345879483244e-06,0.0,0.0,0.517559801815966,0.8826790236543807,0.0,0.0,0.0,0.0,0.0,0.0,0.9296124837795949,3.186155003727888e-19,0.0,1.0,0.0,1.0,0.086098920623977,1.0,0.0,0.008157017493921,1.0,0.0,0.0,0.0,0.0,2.073963171677516e-07,0.0,1.0,0.42402886300189296,0.09426295702033112,3.1092154158845735e-10,0.0,1.0,0.0,1.0,0.999999999999948,1.0,0.0,0.9602678202641023,1.0,0.009389502651823376,0.0,0.99999832905231,0.969232495320468,0.0,0.0303648489650439,0.0,0.0344183359564062,0.05067246146574998,0.0,0.766345926778934,0.0999997226063411,0.0,1.0,0.0,1.0,0.09999998557671906,1.0,0.0854460913824793,0.008542555424108384,0.9828495086528932,0.9616331854538372,0.9967766102736252,0.6100134587969617,0.9619486295015509,0.6821518667307225,9.0,22.0,0.46242774566473993,1.0,0.5,0.0,1.0,0.0,0.0,0.0,0.0,0.0,0.0,0.0,0.0,0.0,0.0,0.0,1.0,0.0,0.0,1
VAR_002742,0.007891226984289554,6.757724022402598e-22,0.055320639981526094,0.007642310234516961,4.60722788105549e-06,5.676232554632812e-08,0.0056698279863613005,0.008927324236593898,1.536249799176169e-08,9.995609152943337e-05,0.0063874388608656,28.0,0.6800044086079646,0.33205066863426563,0.19628704381973788,0.07248649218750376,0.23135372012854305,0.4218343609538152,0.4000599885411503,1.0,0.0,1.436106389578108e-19,0.0,1.0,1.0,1.0,0.0,0.9998177456818368,0.099999633640888,0.0,5.602435200536701e-07,0.05142605999875383,1.0,0.0989675710480685,1.0,1.0,1.0,1.0,0.0,1.0,0.095003096983322,1.0,0.7996394925914474,0.0,0.0,1.0,1.0,3.0,0.0093020027099276,0.0,1.0,1.0,0.7457067512003155,0.9367674204493321,0.8366225332143675,0.7376204304025419,1.0,0.0007347296053222029,0.0,0.0,1.0,0.0999999999999998,1.0,1.2528991941636457e-08,0.0918445920758229,0.2430999999999979,1.0,0.0,0.5786109621543576,0.0999720450428236,1.0,0.5108400000000017,0.0196744342893533,0.0017261680999629437,0.1561359201868183,0.0,0.4538144028432729,0.08637336017472885,0.7938333289434798,0.09999946245816126,0.9077781750755064,2.099673352674713e-09,1.0,1.0,0.0,0.1376793063883348,1.0,0.035373349525864,0.0,0.9909654960142036,0.0,4.8291776946747074e-05,0.0,0.037179730595202,0.0,1.847486588444858e-05,0.0,0.060858698062312894,0.0,0.0,0.0,0.6406817188752012,0.0,0.0,0.0999998931282535,0.0,0.0,0.0,0.0,0.0,0.0,0.0,0.5024662786826072,0.0,1.0,0.999998976753236,0.0999999999981171,0.0,1.0,0.0,1.0,0.9888562818697689,0.0,0.0,0.7712073107820371,1.0,0.0,0.0,0.2701148705919412,0.0,0.0051820077221274,0.0,0.0,0.9999728573284621,0.08297643911525811,5.295058952302017e-06,0.0,1.0,0.0,1.0,0.999708099057537,0.3997874438710138,0.0,4.668256845606084e-06,1.0,0.009392870895167894,0.0,0.063512437678127,5.072586472464451e-07,0.0,0.0,0.0,0.0319320045763301,0.10000000000102328,0.0,0.743178289603674,0.0152436788744674,0.0,1.0,0.0,1.0,0.0017790180139645353,1.0,0.0064058466614811,5.302405551771024e-12,0.9984326699169106,0.8399302301865422,1.0,0.9277280247023543,0.9867355952565322,0.9627890205256421,11.0,14.0,0.16763005780346824,0.0,0.6666666666666666,0.0,0.0,0.0,0.0,0.0,0.0,0.0,0.0,0.0,0.0,1.0,0.0,0.0,1.0,1.0,0.0,1
VAR_002593,0.00036455459161462275,0.07347135349412844,9.422142753556752e-08,0.0029687582018601477,8.196142148304872e-18,0.0003718877977185352,0.02632546787363889,0.005654609660028593,0.004771329680162101,0.20155484310818364,0.0001547220367100688,16.0,0.8,0.3240207703933284,0.6129102543044853,0.04792270352503288,0.4026234732431413,0.24107212025425492,0.237688197792998,0.3773721884571506,0.02559997984543174,0.04175354203805811,0.14558856147412147,0.8,0.4,0.6,0.6,0.07954694504415571,0.07945306993523496,0.08376934557553764,0.061736045480698054,0.003815733018103599,0.6,0.06071816409057891,0.6,0.4,0.2,0.6,0.6402188095054274,0.8,0.2798402785261606,0.4,0.4,0.8,1.0,0.8,1.0,7.0,0.017329348281114605,0.4,2.0,2.0,0.8406628230180786,0.5273547540714891,0.5172397966179862,0.0,0.0,3.9181212208404965e-05,1.0,0.0,0.0,0.5378499981522519,1.0,3.322111909613795e-10,0.4787050158950103,0.0999953299018824,1.0,0.0,1.0,0.0409667801239346,0.0,0.1490909388101828,9.096978871786136e-05,3.4045012794522235e-06,1.0,1.0,0.7254911864247089,0.14934695945524862,1.0,0.004775679530094633,0.9642476696523048,0.07763973202346,0.0,0.0,0.6,0.12610287537586246,2.0,0.0036138221154574024,0.6,0.8145242496673795,0.0,0.4557928988026484,0.0,0.04249222175339925,0.0,0.4235074483384265,0.0,0.048031216905848835,0.0,0.08344907238607044,0.0,0.31447528903280186,0.0,0.0,0.2583761082217671,0.0,0.0,0.6,0.24989574481423094,0.0,0.5277322305436891,0.0,0.12151142395150893,0.0,0.667561974157375,0.32105100201525233,0.04870116016610044,0.0,0.28204841517004786,0.0,0.6424242602753598,0.7835317683524377,0.4276143642318989,0.0,0.2370116516021622,0.6,0.0,0.0,0.5205766594664947,0.0,0.06084083700242602,0.0,0.5770400868582837,0.5365830303743713,0.02162516188879036,0.02116844958824314,0.0,0.46968948762380175,0.0,0.8,0.9808246153485172,0.4117398979553343,0.0,0.5663646396566469,0.0,9.205002860011684e-08,0.0,0.999829340502602,0.0008449629813787327,0.0,0.125021812060118,0.0,0.0,0.0876408707304855,1.0,0.9957453489300621,0.0971499260177319,0.0,1.0,0.0,0.6238005597110508,2.0084929198563155e-10,0.262462563789158,0.0998484578923656,0.0003933724736906848,0.9283845224033046,0.7097389723759016,0.0,0.19019530126848383,0.2965141284775684,0.37741544886601236,16.0,11.0,0.9595375722543353,0.16666666666666669,0.6666666666666666,0.0,0.0,0.0,0.0,0.0,0.0,0.0,0.0,1.0,0.0,0.0,0.0,1.0,0.0,1.0,0.0,0
VAR_002668,0.004517633215911779,0.007795076087289352,0.005913112592698446,0.004676051954116157,0.22284423744736154,4.0048489072684335e-05,0.010330603347054742,0.008033318278162088,0.00321571751274101,0.023747041925294022,0.03296308125537311,8.0,0.6800044086079646,0.23033904272807226,0.19628704381973788,0.2387505280388954,0.2305977115215113,0.4018357139295604,0.21897813555886428,0.4,0.6230962758389499,0.07922805474757326,0.5953925557721836,0.8,0.5739045164268226,0.8,0.4,0.06019802539986389,0.03332258805956954,0.6132379102866661,0.07584968590806822,0.03639370223577609,0.8,0.07440508981172719,0.8,0.4285073618913774,0.6,0.8,0.7297263856493694,0.4,0.40221390598183754,1.0,1.0,0.2985308851678174,0.6,0.4,1.0,7.0,0.23584532548431505,0.4,3.0,3.0,0.6869264182238879,0.9552070470319045,0.78068503992956,0.3790512055512553,0.6,0.7627203103042355,0.26368726119113517,0.8,0.4082968075949333,0.3626294958763057,1.0,0.07976145998556819,0.343847542887325,0.039125085749216165,0.6,0.4,0.6273963042515217,0.0230954981141253,0.6,0.040353956085102574,0.14442867285599673,0.0018840680995705955,0.5233131519840544,0.7125699585301325,0.3233013428154555,0.05761883222117519,0.41050655054347374,0.0558670802233871,0.36721964085634806,0.08673744792477615,0.22653861992536517,0.4,0.2,0.03282128403298352,3.0,0.0031486967774769226,0.5779933427908484,0.9844915755523828,0.0,0.0997964210659289,0.0,0.0999953059590301,0.0,0.034274499470826,0.0,0.00031999492600476206,0.0,1.0,0.0,0.4528432214872199,0.0,0.0,0.099999999999851,0.0,0.0,0.5670567864483547,0.0,0.0,0.0,0.0,0.6399785682846592,0.0,0.5430268674115954,0.78233111858232,0.003157718383924,0.0,0.0,0.0,0.6653980467998373,0.6523688619861221,0.3427863210995863,0.0,4.014510807292305e-10,1.0,0.5823994455176197,0.0,0.0,0.0,0.1,0.0,0.0,0.0009770377921917203,0.09922379437833102,0.0013563348062157368,0.0,1.0,0.0,1.0,0.135668075401782,0.8160188996534907,0.0,0.99999998879188,0.6,0.002313870021485019,0.6,0.5998772855800447,0.23736659450252906,0.0,0.3046581492598778,0.0,0.5415524886335386,0.02871625193266126,1.0,0.46435194706964544,0.07553247069917035,0.0,0.8,0.0,0.4,0.06278085987427637,0.8,0.039696564709922826,0.038812173462160815,1.0,0.0534962469730145,1.0,0.8190609526509955,0.9803553118842969,0.9176006707937392,14.0,19.0,0.5260115606936416,0.33333333333333337,0.6666666666666666,0.0,0.0,0.0,0.0,0.0,1.0,0.0,0.0,0.0,0.0,0.0,0.0,1.0,0.0,0.0,0.0,1
VAR_002928,0.011134945958291093,1.687462212677956e-10,5.6056347318858474e-05,3.356415640394923e-07,0.01272811993961629,0.007585633261534101,0.011932385990297029,3.0821802734392004e-08,5.47417052056807e-05,0.060607095553274606,0.004152375090765391,16.0,0.6800044086079646,0.23033904272807237,0.19628704381973788,0.2387505280388954,0.2305977115215113,0.4018357139295605,0.2189781355588643,0.0,0.0,4.593361019680797e-05,0.2765123438118629,1.0,0.0,1.0,1.0,9.536000154303566e-05,0.0999332074204547,0.0,0.000578338550472,6.018196996406305e-07,1.0,0.0,1.0,1.0,0.0,1.0,1.0,0.0,1.429643446716532e-06,1.0,0.9524758046404848,0.059817532927827,1.0,0.0,1.0,3.0,3.3650344248800004e-08,0.0,1.0,1.0,0.8350260461856793,0.9834188798167542,0.8647977100541909,1.0,1.0,0.0008205843285427551,0.0,1.0,0.2616914700412582,2.8828759961360556e-08,1.0,0.1,0.0350528367278813,0.1035928830820588,1.0,1.0,0.7244049775425033,0.0962183670403021,0.0,0.0945543010669599,0.0012151837152859,0.009257439638700305,0.0,0.0,1.0,0.09972870592542413,0.0,0.09999048497196605,0.0333143076336839,1.2710136011730633e-05,1.0,1.0,1.0,0.12693393685251178,1.0,0.0052752317228058595,0.6025573601353564,0.2675972800209534,0.0,0.02039389891068495,0.0,0.03816856647964325,0.0,0.0498484148321451,0.0,0.029130065667143226,0.0,0.391494332875924,0.0,0.8,0.0,0.0,0.21933785664351818,0.0,0.0,0.679826752916525,0.8,0.0,0.5292943599550929,0.0,0.06830197274086952,0.0,0.45081961840719825,0.590597705870223,0.04777104549456823,0.0,0.7317291378136817,0.0,0.4,0.3297663539385714,0.3932362936289229,0.0,0.3386005404494238,1.0,0.5261676128835443,0.0,0.26353539570144774,0.0,0.0019065707555056522,0.0,0.4,0.7696162252410753,0.06033335475294663,0.0002737482221630896,0.0,0.4702160715505198,0.0,1.0,0.40000063159873933,0.4759838686412315,0.0,0.15954453425482834,1.0,0.011126688966278348,0.0,0.998073311974519,6.826127919030513e-10,0.0,0.5641712740369149,0.0,0.0,0.054870648992373545,0.0,0.038419846723432,0.0999999999575446,0.0,0.6184185287602446,0.0,1.0,0.09999946265268267,0.0,0.0999999876737716,0.004947389683313984,1.0,0.9736150303799171,0.9820488757139548,0.9113353675841385,0.9827043513081626,0.9449351065678434,11.0,14.0,0.16763005780346824,0.0,0.6666666666666666,0.0,0.0,0.0,0.0,0.0,0.0,0.0,0.0,0.0,0.0,1.0,0.0,1.0,1.0,1.0,0.0,1
VAR_002734,0.003523307245061696,0.008737339020259544,0.005913357373560741,0.0035210983742726167,0.21587746763430984,4.0047347702372677e-05,0.009663892784917477,0.007990628027897465,0.003294662195766555,0.04787804350802245,0.03284825203478113,8.0,0.6800044086079646,0.23033904272807232,0.19628704381973788,0.2387505280388954,0.2305977115215113,0.4018357139295604,0.2189781355588643,0.0,1.0,0.09913829623703,1.0,0.0,0.8695225821341133,1.0,1.0,0.0999999999993392,5.467551598374978e-09,0.6667584056816088,0.0774074605171715,0.05089402066904576,0.0,0.0969557722729339,1.0,0.4,0.8,0.494277753448878,0.7797795247523541,0.6,0.2403245273538527,0.6,1.0,0.2985308851678174,0.4,0.4,1.0,7.0,0.224766614119295,0.4,3.0,3.0,0.7708805818361719,0.9523241284956124,0.547725822494174,0.5790512055512553,0.6,0.7860836574007914,0.25062381798148736,0.8,0.440178215477076,0.35119459276847614,1.0,0.08287585113101925,0.3461222107133714,0.01909055711296758,0.8,0.4,0.5442279488199315,0.026403655362980873,0.4,0.059625043828288225,0.14563551544313635,0.0018840680995731531,0.5733106967471262,0.5194891242862695,0.21135695159579115,0.11574563583605209,0.4095788768901003,0.05702204631583311,0.39665818597592145,0.10627357931956953,0.4265386199253651,0.6,0.0,0.006816451076687936,3.0,0.0005408682570252248,0.4323312228177003,0.22788840568845736,0.0,0.06750966919763571,0.0,0.06874375347408584,0.0,0.24681979533217793,0.0,0.07873847970712264,0.0,0.3875967105420128,0.0,0.6905686442974439,0.0,0.0,0.05918774036246073,0.0,0.0,0.5134113572896709,0.6,0.0,0.2818306896400927,0.0,0.5131946461101263,0.0,0.346920683835142,0.5400885995503028,0.04417977175434325,0.0,0.21333166149121116,0.0,0.47894184190535327,0.6063177650169056,0.1354774762969586,0.0,0.5988525240174687,0.6144905627181807,0.16968727950361143,0.0,0.1867376205706252,0.0,0.09758582161946114,0.0,0.45407251084987016,0.48871462905831764,0.045837090094314185,0.00034374473495680916,0.0,0.8733107575682155,0.0,0.8,0.22716473813768406,0.21930474833331873,0.0,0.5613349156508809,0.4,0.0013940030488392742,0.4,0.601959264189216,0.420129451238424,0.0,0.35183153546147655,0.0,0.5415524886335386,0.019081245591924704,1.0,0.6643267754601074,0.07953897701204528,0.0,0.6,0.0,0.4,0.043284284442962624,0.6,0.041043622712258296,0.03882949138111393,0.9923592385569932,0.5509264223633867,1.0,0.6288429745297526,0.9798246497007982,0.9954571728875908,14.0,19.0,0.5260115606936416,0.33333333333333337,0.6666666666666666,0.0,0.0,0.0,0.0,0.0,1.0,0.0,0.0,0.0,0.0,0.0,0.0,1.0,0.0,0.0,0.0,1
VAR_003122,0.0013616998572210186,1.3624225872938688e-10,9.627158456340705e-14,4.616775204160307e-06,0.022040029939882872,0.005533877624341678,0.0016306791107023317,1.3434927815905617e-08,0.001175013407011468,3.21517497867175e-06,0.008039244075153485,20.0,0.64193490811921,0.23440809368385018,0.3631126379241795,0.05875052803033539,0.21135384261399812,0.42183432214843863,0.2168995711155588,0.0,1.0,0.0004285904186269,0.0,1.0,0.0,1.0,1.0,1.928252848915807e-08,0.077524480219951,0.0,0.0999999909604936,0.00014687635293200013,1.0,0.0050112588291591,0.0,0.0,1.0,1.0,0.0,0.0,0.0024229763954812,1.0,0.0,0.1062395574790285,1.0,1.0,1.0,0.0,0.0979714311646542,1.0,2.0,2.0,0.998202650312753,0.9929688829555035,0.8530410378076133,1.0,0.0,5.69230280942933e-07,0.0,1.0,0.0,0.0999968249388937,1.0,0.1511199970131103,0.0264939390896283,0.0999980697404775,1.0,1.0,0.7119888592408826,0.0003698666738614,0.0,0.0086435546137113,0.0680416222819244,5.813194838488333e-06,0.9264779631368448,0.0,0.0,0.09999997260317203,0.9429629693198902,0.09969971077680345,0.0,0.21573,1.0,1.0,1.0,0.011897685318758847,2.0,0.05952327291708236,1.0,0.0,0.0,0.0171145643143297,0.0,0.0999624418462376,0.0,0.0007566751196243,0.0,0.000351976801183462,0.0,0.0,0.0,0.508362400395348,0.0,0.0,3.443702805745252e-05,0.0,0.0,1.0,0.8937959295810441,0.0,0.1718884551977552,0.0,0.0,0.0,0.0,6.970653916771526e-05,2.8408269229448775e-09,0.0,1.0,0.0,1.0,0.0008181659869451409,1.0,0.0,8.043512088054541e-12,0.0,0.0,0.0,0.0,0.0,0.0999334363825858,0.0,0.0,3.056325975644696e-05,0.04031955454265999,3.847412339454692e-08,0.0,0.3087540709046099,0.0,0.0,0.978564092222256,0.0,0.0,1.194796558311048e-05,1.0,0.0023219890288118292,1.0,5.042448725918878e-06,2.278883735657783e-05,0.0,0.271616585418414,0.0,0.0,0.09873827379460459,0.0,0.002333932931694,0.0999966279030513,0.0,1.0,0.0,1.0,0.09990701525553367,1.0,0.0209317194020375,0.0062343128518659845,1.0,0.8659388451408291,1.0,0.7368767718868252,0.9336103176770371,0.7790510531307666,4.0,24.0,0.6069364161849712,0.0,0.3333333333333333,0.0,0.0,0.0,0.0,0.0,0.0,0.0,0.0,1.0,0.0,0.0,0.0,0.0,1.0,0.0,1.0,1
VAR_002879,0.032282756655125956,0.018971041153308547,0.03276013306181194,0.0015750405740549967,0.10884918704372262,1.6552104180641213e-08,0.012984356197352907,0.048130071819897986,0.03305018617979409,0.43161401837308216,0.10434256285808675,25.0,0.8686317547481087,0.371001187841201,0.14825950196795373,0.05358271760764253,0.42029138179542563,0.22183436095381528,0.3865208477785354,1.0,1.0,0.0999999999997779,1.0,1.0,0.4972843027318605,1.0,1.0,0.034528122556955,5.570018258947868e-07,0.229287386947631,5.182895196306354e-12,3.576481326830567e-15,1.0,0.0999807549793845,1.0,1.0,1.0,1.0,1.0,1.0,1.0,1.0,1.0,1.0,1.0,0.0,1.0,2.0,0.9964518783366264,1.0,3.0,3.0,0.9273185095535637,0.9799414892113874,0.8132216065956641,1.0,1.0,0.10496018337834799,0.0,1.0,0.0,1.0,1.0,0.2794644517788704,1.0,0.0383969683499013,0.0,1.0,1.0,0.4908325640129574,1.0,0.7890896039149311,0.0452541369880897,0.011544621423854444,1.0,1.0,1.0,0.10810786071348778,1.0,1.0000000000000002,1.0,1.0,1.0,1.0,1.0,0.5521441463057599,3.0,0.26571708422268303,1.0,1.0,0.0,0.0998981951161981,0.0,0.0996011570234343,0.0,1.0,0.0,0.004736322740564864,0.0,0.4874953392726978,0.0,1.0,0.0,0.0,0.9000046809133696,0.0,0.0,1.0,1.0,0.0,0.0,0.0,0.0,0.0,1.0,0.032739094996151,0.018459432819334,0.0,1.0,0.0,1.0,0.9705557575056729,0.9477349739478672,0.0,1.0,1.0,1.0,0.0,0.43002468645217,0.0,0.0017014459216176,0.0,1.0,0.999998215979023,0.0043822525538222854,7.713039968904296e-06,0.0,1.0,0.0,1.0,0.985674228737909,1.0,0.0,0.9995013252230659,1.0,0.03587844344228366,1.0,0.9979903702235331,0.974466928239138,0.0,1.0,0.0,0.0,0.07413504055050582,1.0,0.916987489631216,0.099999625857462,0.0,1.0,0.0,1.0,0.09999998139957186,1.0,0.0182493908577713,0.009090002667437985,1.0,0.9867450927587688,0.9686015322303824,0.7055573456938181,0.9616040783723006,1.0,16.0,3.0,0.8843930635838151,0.0,0.3333333333333333,0.0,0.0,0.0,0.0,0.0,1.0,0.0,0.0,0.0,0.0,0.0,0.0,0.0,1.0,0.0,0.0,1
VAR_003238,0.009378592469539648,0.0016457638765108881,0.023894712609124475,0.0044947855560458555,0.004932097885995729,0.015471557693209083,0.006823218301505921,0.011936006484232247,0.0015698466710010468,0.2009946911675727,0.019181040585539568,8.0,0.7148582410280839,0.1033168752316373,0.19313105675376754,0.4193364091817531,0.03167620851517183,0.39894746843436707,0.2389751049132227,0.2,0.4,0.05985551465926768,0.4,0.6,0.37390451642682265,0.8,0.6,0.05244734653460274,0.01956493864132976,0.5754332444689318,0.0452129512570381,0.15602751861567105,0.6,0.07630544044547859,0.2,0.4,0.8,0.2,0.6435850338548258,0.6,0.22335898482424862,0.6,1.0,0.6985308851678174,0.6,1.0,1.0,7.0,0.050208574988470846,0.4,5.0,5.0,0.8163422749998119,0.9197562734705456,0.7675662055104759,0.6,0.6,0.7792611437973402,0.25062381798148736,0.8,0.44017821547707586,0.42949067575909317,1.0,0.07123725738010771,0.42304510973769505,0.026582815431837596,0.8,0.4,0.5442279488199315,0.007580445077366489,0.4,0.23962504493765335,0.09611201116802438,0.0008101661085783348,0.5927197936248615,0.31948912428626947,0.21135695159579115,0.11580835074904777,0.25605009338737206,0.06571201209673992,0.4492931978785954,0.0650973919850439,0.5310893184366141,0.8,0.2,0.01820792049374891,5.0,0.01660429427202079,0.5835957287664584,0.19689831511047656,0.0,0.04751588599299998,0.0,0.06096739532176232,0.0,0.22681979587100304,0.0,0.06997098227042982,0.0,0.3500023476537024,0.0,0.6929681461636701,0.0,0.0,0.05737055230668312,0.0,0.0,0.7134113572896709,0.5849551395667046,0.0,0.3175987927198899,0.0,0.640955924129758,0.0,0.4439279443981471,0.756455948254685,0.0628635033506242,0.0,0.44948149434365997,0.0,0.47380274889523405,0.32688198342291985,0.29496253138534706,0.0,0.598664870750273,0.5734579781939873,0.2952684399477509,0.0,0.2913417980184888,0.0,0.05790885800095297,0.0,0.37774520660548616,0.5997436079940917,0.07983669077740202,0.01795040874311067,0.0,0.6733107575682156,0.0,1.0,0.027133747102716058,0.2262390111248386,0.0,0.5614679145019037,0.4,0.006666771111792129,0.4,0.42503288698266994,0.3918506601549875,0.0,0.3271867968075356,0.0,0.6552703749826434,0.023736336079819603,0.8,0.4000030224623557,0.03699042275071631,0.0,0.3084794994171296,0.0,0.6,0.04335634217513697,0.6252706647665122,0.0435758933252048,0.041230180712873404,0.9975358454878842,0.712767817919101,0.9799096506893804,0.6678435404635169,0.9427738502121057,0.7059070947061368,24.0,25.0,0.5213872832369942,0.2666666666666667,0.43333333333333335,0.0,0.0,0.0,0.0,0.0,0.0,0.0,0.0,0.0,0.0,0.0,0.0,0.8,0.0,0.0,0.0,1
VAR_003044,0.0016251860986224989,0.09402418658592109,0.007369211931162389,0.00493083872190201,0.11892727005493214,0.037374031460968196,0.009885939615171998,0.005673924190609247,0.008567742631307827,0.18695298935990098,0.03127078909317308,8.0,0.738449320950982,0.1419353966558733,0.21800912302219616,0.22241935539666746,0.2483142529202025,0.2600013168168057,0.23830739421715727,0.4,0.15445004986776895,0.08808990952974574,0.4208398485063876,1.0,1.0,1.0,0.8,0.23618997463797936,0.040066185540946,0.33586110917737433,0.05589984062016777,0.08518697252060098,0.6,0.03343123271275972,0.2887006622010624,0.6285073618913775,0.4,0.4,0.471632172831743,0.4,0.2000248155225169,0.4,0.8,0.4,0.6,0.4,1.0,7.0,0.05045916009243153,0.6,2.0,2.0,0.9666379539742287,0.9876033084443709,0.8065419766899864,0.2,0.2,0.20312746100939127,0.2,0.6,0.0,0.045375900322121555,0.0,0.05220840083089948,0.04155680861163186,0.09750209471338704,0.0,0.6,0.22126069132193335,0.06288455567125173,0.4,0.0005817099269041774,0.018820401436252104,0.0007521562681360096,0.19281049781757734,0.4,0.17833012889045574,0.14665349416664036,0.4,0.038334457113487104,0.35450890358553144,0.049676292238965705,0.18682904457680444,0.7268017283235567,0.4,0.1070147517327058,2.0,0.05930506849273286,0.7607109787449581,0.20335489801864748,0.0,0.4378765756260564,0.0,0.23999905780661232,0.0,0.19791046102622117,0.0,0.008940247350902578,0.0,0.8,0.0,0.8905686442974439,0.0,0.0,0.24000007072990187,0.0,0.0,0.48189137050278197,0.3684768670649528,0.0,0.4991517090938554,0.0,0.5380002796919254,0.0,0.6441130238769954,0.562754621393448,0.023270104198774177,0.0,0.7033666173353564,0.0,0.5330796093599675,0.8190636442801134,0.5167212306720913,0.0,0.3684580895925601,1.0,0.5471830265985023,0.0,0.4026048280784549,0.0,0.2590807262215479,0.0,0.24823871605303496,0.6747894727948872,0.07924996192312833,0.02009404458891186,0.0,0.8545550563355764,0.0,0.68221554072664,0.4261757383286734,0.5657817284276827,0.0,0.9404867020768523,0.8,0.009063635824914365,0.0,0.1930780246735705,0.23512058101594768,0.0,0.169807948622673,0.0,0.4,0.020268349857101305,0.4,0.27157240084603035,0.043803580432202394,0.0,0.6,0.0,0.5321589105322306,0.04028315678831083,0.23067652769879468,0.06004465292064366,0.0006334827199660744,0.9931866864884528,0.9794047762207015,0.9927662789798553,0.6207108637082213,0.9500010201677948,0.7781657523464824,7.0,17.0,0.2427745664739885,0.16666666666666669,1.0,0.0,0.0,0.0,0.0,0.0,0.0,0.0,0.0,0.0,0.0,0.0,0.0,1.0,0.0,0.0,0.0,1
VAR_002777,0.0038787010895644713,0.0003721670734441387,0.0024695497258483425,0.0006402545742626052,0.08928915296537851,0.03378579627877966,0.002044462423481069,0.0022874878448708794,0.0035029409023073104,0.3102899719600364,0.015048049934613507,8.0,0.611372653859856,0.12301658422138123,0.41831075334711415,0.2571914743908931,0.23276849423161766,0.2563504146070642,0.24149081809130948,0.3612189494490866,0.2,4.290376111250905e-05,0.326616047940046,0.6,0.3482496197239101,0.2,0.4,0.07321815513948404,0.03236099455588729,0.12749578353907895,0.03262966591562405,0.019761869382674237,0.4417744916943825,0.036968582664312646,0.6,0.6,0.4,1.0,0.8,0.4,0.22195255918571055,0.2,0.4,0.8,0.8,0.8,1.0,7.0,0.0016386997110111907,0.4,1.0,1.0,0.778346083112947,0.3861798762093411,0.25992112138910267,0.8,0.6,0.37031238675110223,0.6615485229567237,0.6,0.2,0.4271847931815901,0.4,0.05965881671979486,0.39661014407169104,0.0618450742843699,0.4,0.6657933306809678,0.2,0.06302917794012206,0.2,0.1424419308044834,0.10525248777659932,0.0012006449733029116,0.2009553274637493,0.49837365808878015,0.4520755011315094,0.05419704422691212,0.6849824857122102,0.2209668193934718,0.22408725774502872,0.06003299903466963,0.4,0.8,0.4,0.11836991293724691,1.0,0.010379440198213205,0.34486532559736743,0.5615873139449825,0.0,0.2799998690761746,0.0,0.056400258982321795,0.0,0.2598052193891208,0.0,0.05181911014681994,0.0,0.0,0.0,0.4,0.0,0.0,0.06048245573392976,0.0,0.0,0.5187488473079507,0.6,0.0,0.2587679157998962,0.0,0.3779482423880996,0.0,0.7270968779455133,0.6360060999096733,0.05466138223083152,0.0,0.42294014353915055,0.0,0.4767671207484606,0.6002862782886109,0.17279314619234928,0.0,0.47111152005438817,0.7165480442301114,0.6,0.0,0.21816516611831172,0.0,0.06712986442667293,0.0,0.6749348006588293,0.23978772713350163,0.03607876998728197,0.0009320390926575014,0.0,0.26291182137149666,0.0,0.8,0.9925524986333392,0.27200708490868875,0.0,0.20782576828591814,0.4,0.009642663684704865,0.8,0.20131440283021942,0.24926509350788112,0.0,0.0,0.0,0.3413269096216182,0.06013456839739048,0.8,0.4022797567752606,0.044714275642408506,0.0,0.8,0.0,0.6,0.03976693081696634,0.6,0.02002508609091288,0.07648693463655784,0.8480488832006755,0.950038380776458,0.0,0.14064008160791516,0.6561498739401241,0.0,8.0,16.0,0.46242774566473993,0.5,0.6666666666666666,0.0,0.0,0.0,0.0,0.0,0.0,0.0,0.0,0.0,0.0,0.0,0.0,1.0,0.0,0.0,0.0,1
VAR_002904,0.0006814697809137629,0.13584558698499385,0.002063140471736578,0.0003698599023751759,0.004584118161479939,0.025793259605478683,0.008222039914005459,0.004543363732162389,0.009028714498461512,0.02537453410246744,0.02490257440367718,8.0,0.6419349081192098,0.14794916297975785,0.21800912302219616,0.2387504936506076,0.23059771152048167,0.24000221563796725,0.2358048785378724,0.2,0.0,0.048346387506517347,0.45530246876237257,0.8,0.6,1.0,0.8,0.05388172020383908,0.04005297046106103,0.10103471266537425,0.02076266644822857,0.025085841239972893,0.6,0.014149115871024937,0.4,0.8,0.4,0.4,0.4604871298596508,0.4,0.004163353767850071,0.4,0.590495160928097,0.2119635065855654,0.8,0.2,1.0,7.0,0.018521650679404193,0.2,1.0,1.0,0.7889229762332839,0.9891433787763197,0.8489083146736813,0.4,0.2,0.22937504504519018,0.23846359139595869,0.4,0.0,0.06535547997759669,0.2,0.032248818351086755,0.05848921060894865,0.07750275638688298,0.2,0.6,0.22126069132193335,0.042888543193380445,0.4,0.007973705025744378,0.03881894578704691,0.0006922077674416868,0.31696684527551167,0.4,0.11524041294903438,0.08442593923000286,0.22218574550001585,0.020701773081548518,0.3668025884270213,0.058976546787927256,0.1415019834433428,0.5268017283235567,0.6,0.13027724913891414,1.0,0.0687476597058722,0.7155986685581697,0.5706501554477419,0.0,0.04027642402608811,0.0,0.06361468934168554,0.0,0.054914817253750435,0.0,0.02108242447703405,0.0,0.5400713719125294,0.0,0.6905686442974439,0.0,0.0,0.07925146978945312,0.0,0.0,0.9134113572896709,0.4,0.0,0.2203087059152468,0.0,0.12799571365693183,0.0,0.5135032426559655,0.7286195052865843,0.04069614687274916,0.0,0.2,0.0,0.7330796093599675,0.34005158509789607,0.3027524149545039,0.0,0.3999532380174389,0.7256444106270081,0.2426475019870682,0.0,0.05454499235628614,0.0,0.04094738261456414,0.0,0.3648745144579632,0.23902985886590516,0.05733066689304057,0.0005937237180946838,0.0,0.6702160715505199,0.0,0.8,0.6257218257045872,0.42536372211573886,0.0,0.6898332614447552,0.8,0.006940216739534608,0.0441002491580729,0.5778947215376093,0.4154353134765857,0.0,0.07187501594127838,0.0,0.33497281157680625,0.0003765347261037784,0.4,0.24193553028854387,0.05864159405418369,0.0,0.4,0.0,0.7321589105322307,0.04080806576298115,0.2748870079649235,0.04490212397958491,0.021203000034840543,0.9719283701227874,0.9690200300450912,1.0,0.9375146892387936,0.9823556817444642,0.9251796255434842,11.0,16.0,0.05780346820809257,0.16666666666666669,0.3333333333333333,0.0,0.0,0.0,0.0,0.0,0.0,0.0,0.0,0.0,1.0,0.0,0.0,1.0,0.0,0.0,0.0,1
VAR_002993,0.09282333918023983,0.09815775078263482,0.024590443840759355,0.003044477021437111,0.0038328581707909475,0.026015011555418098,0.10320603071977723,0.06868472414578589,0.011604643753169303,0.02537453410246744,0.057180023761711725,8.0,0.64193490811921,0.1479491629797578,0.21800912302219616,0.2387504936506076,0.23059771152048167,0.24000221563796725,0.2358048785378724,0.4,0.4,0.07701073533090716,0.8,0.8,0.7739045164268227,1.0,1.0,0.2538629185793271,0.020192291525802337,0.4658126945491741,0.055594120954423995,0.02678315733194418,0.6,0.01969348608094091,0.4,1.0,0.6,0.2,0.4604871298596508,0.6,0.04302948851820719,0.6,0.6,0.6793781480946428,0.8,0.6,1.0,7.0,0.044587439307018396,0.4,1.0,1.0,0.8503022669231182,0.970713644980741,0.8533332616391787,0.2,0.4,0.3987816760986458,0.4,0.4,0.2,0.04537590127305641,0.0,0.04415891667865633,0.038544543009704745,0.09740487286858722,0.2,0.4,0.4212606913219334,0.0479089407255184,0.6,0.13673409891078817,0.02376918909223147,0.007638576386297046,0.1395342148810665,0.4,0.11011515813760361,0.07970988644415879,0.2052334832763533,0.040431892833237136,0.29620355237729157,0.06565317566523629,0.3415019834433428,0.7268017283235567,0.6,0.12283867711832676,1.0,0.06327842915541422,0.7155986685581697,0.5702869441014276,0.0,0.23983947529753138,0.0,0.03999906528972326,0.0,0.02689790738848784,0.0,0.028130619062677168,0.0,0.4,0.0,0.8905686442974439,0.0,0.0,0.2789361462125161,0.0,0.0,0.7134113572896709,0.5450258971587457,0.0,0.42030870591524677,0.0,0.13800027969192546,0.0,0.5096623572975811,0.7426099074282915,0.040696172940560826,0.0,0.3033666173353565,0.0,0.7330796093599675,0.5307698938248964,0.3748171650586787,0.0,0.5957654570849169,0.8,0.2457424528458801,0.0,0.4026077932603294,0.0,0.021505747076786565,0.0,0.2134690102498146,0.275775380275244,0.06002029568251161,0.02009803034783673,0.0,0.526366190389979,0.0,0.6,0.22713538886442758,0.48379211051599247,0.0,0.627370443003923,0.8,0.09575219322809045,0.4,0.5692016989483848,0.5303250697159541,0.0,0.34480882384107936,0.0,0.2,0.012569330403129561,0.4,0.20081111360974788,0.0599446272206285,0.0,0.6,0.2,0.5321589105322306,0.22024245635603518,0.2,0.06804414915770088,0.22047917617480675,0.9602136279670008,0.8686721101928144,0.9943910433511408,0.9453367457145802,0.9797918507401806,0.9498773392954901,9.0,21.0,0.17919075144508673,0.33333333333333337,0.5,0.0,0.0,0.0,0.0,0.0,0.0,0.0,0.0,0.0,0.0,1.0,0.0,1.0,0.0,0.0,0.0,1
VAR_002883,0.02796751677600595,0.014665849612463807,0.04503362554180897,0.031624811883150986,3.5605810362838544e-06,0.009140632959871728,0.02448359579621637,0.016464945354275416,7.458049286156216e-05,0.0481848935652279,0.01405466348834544,8.0,0.7651461675798807,0.3158986293076462,0.2709627264684722,0.048310009168940425,0.7988519346970478,0.07899176246046055,0.24413841032262124,0.3418054675177481,0.6,0.04127370946669816,0.5133062904099537,0.4,0.6,0.6,0.7703528059315821,0.03756589149634822,0.04037248959609254,0.5395091492017227,0.05376584517818803,0.0004132731987635213,0.8,0.03989481313045309,0.6,0.6,0.4,0.8,0.6975193088771039,0.6,0.41990470810212005,0.8,0.6,0.41965261507019413,0.8,0.6,1.0,7.0,0.07105476622690433,1.0,2.0,2.0,0.9410077490518776,0.9281692587721972,0.7771614822725778,0.4,0.4,0.5632904524972555,0.2414163885396309,0.6,0.5415622632507557,0.29437554284283046,0.7228669898530647,0.08394660602951169,0.29358020964949616,0.031695214511211586,0.4,0.6,0.4,0.0715030861229933,0.2,0.250737033435363,0.07213205619431892,0.015088200690432013,0.7690056939035471,0.38705430231532356,0.0466705693687232,0.0600061549832626,0.5484225487175987,0.0683783396880674,0.36358716704731275,0.05870266429881532,0.47614625762171886,0.6,0.4,0.022200259307692326,2.0,0.07653656223400729,0.8,0.3874987985325566,0.0,0.4191668815327132,0.0,0.07863699751849847,0.0,0.4391845356721401,0.0,0.05855404539092187,0.0,0.6415890411102396,0.0,0.6132984189490285,0.0,0.0,0.2233724817732839,0.0,0.0,1.0,0.4,0.0,0.5361262367458307,0.0,0.16980766893721105,0.0,1.0,0.6319455061097095,0.0695175366474793,0.0,0.39156442794439894,0.0,0.8,0.6592908037158473,0.26298394608174713,0.0,0.4009286219157784,0.8,0.33000831134696373,0.0,0.4,0.0,0.03847905606121866,0.0,0.4,0.8024748571636195,0.08125781679579545,0.0003121074975259245,0.0,0.9379754701066962,0.0,1.0,0.5981565670719207,0.4099236182266431,0.0,0.3601356147110492,0.4,0.005610303395565837,0.5504441410322285,0.48161028635769704,0.7045409498590225,0.0,0.4470173267791139,0.0,0.37529334521921465,0.02027198047161292,0.4490437328732595,0.20196938967671152,0.07946321945449455,0.0,0.6,0.0,0.8,0.03992747244230797,0.51665633106228,0.039841692958726076,0.07875753766837586,1.0,0.9801005806755928,0.9972851908894882,0.8188444163599702,0.9530206451019482,0.7972445486561305,7.0,1.0,0.6069364161849712,0.5,0.6666666666666666,0.0,0.0,0.0,0.0,0.0,0.0,0.0,1.0,0.0,0.0,0.0,0.0,1.0,0.0,0.0,0.0,1
VAR_002819,0.013334539135354848,2.1647840145809843e-23,4.989494783398673e-07,2.537399905364081e-06,0.0038512527238615335,5.129192399185885e-16,0.01191280735948633,0.044636000111407684,0.13523465457097816,3.911191374686483e-07,0.01103937434764726,18.0,0.8686317547481087,0.371001187841201,0.14825950196795373,0.053582717607642535,0.42029138179542563,0.22183436095381528,0.3865208477785354,0.0,0.0,1.1690375026034922e-12,1.0,1.0,0.0,1.0,1.0,0.0999999999872358,0.0999597671228432,0.0,0.0993839755199738,0.21644429594976297,1.0,0.0999498558502192,0.0,0.0,0.0,1.0,0.0,1.0,1.726466730415051e-13,1.0,1.0,1.0,0.0,0.0,1.0,3.0,0.0999999999998969,1.0,3.0,3.0,0.866405025897927,0.9644787171130005,0.7818167608678348,0.0,1.0,0.999993708091509,0.0,0.6266301644350243,1.0,0.019931375078872292,1.0,0.1015811421898621,4.709621810212023e-07,0.003745632164852,1.0,1.0,0.1526370014840112,0.0193339299827668,1.0,0.2746101515589972,0.0999999994989485,7.598290637460297e-11,0.0,0.0,0.0,4.416659856308619e-12,0.7474228676430055,0.09999999999999996,0.4218856432279612,0.0718695244107036,0.0,1.0,1.0,0.19942186481573496,3.0,0.009842380060594022,0.0184244947296634,0.0,0.0,0.0997293692309012,0.0,0.0697457290208491,0.0,0.0910041233855767,0.0,7.547445278598565e-06,0.0,0.9029561593702355,0.0,0.8505117081375566,0.0,0.0,0.0001061422452854,0.0,0.0,0.0,0.0,0.0,0.5935403564205068,0.0,0.8452193277902258,0.0,0.0,0.002214352721383,0.0002192758301314,0.0,1.0,0.0,1.0,6.740201179042946e-05,0.0,0.0,0.786241346704049,0.0,0.0,0.0,0.0,0.0,0.0999666268462101,0.0,0.0,0.785702689708091,2.264438336376233e-06,0.029876965189317845,0.0,0.7499822127342641,0.0,1.0,5.283090304447592e-07,0.212806012224983,0.0,0.5943535418043583,1.0,0.027865925742370307,0.0,0.485217461310102,0.999837927223608,0.0,0.0,0.0,0.0,0.098069942308645,1.0,0.999254421172006,8.031078714081109e-05,0.0,1.0,0.0,0.0,0.09999999999999977,0.0813725646769428,0.003264387894389,4.5181995555784724e-07,1.0,0.994980577246206,1.0,0.8341943404409048,0.9737121983099557,1.0,17.0,6.0,0.6878612716763006,0.16666666666666669,0.3333333333333333,0.0,0.0,0.0,0.0,0.0,1.0,0.0,0.0,0.0,0.0,0.0,0.0,1.0,1.0,0.0,0.0,1
VAR_002983,0.0027854671972191818,0.011580879914283974,0.0031847352491394558,0.018496020825668813,0.11277112979786358,0.008928165033783218,0.0030620807109686603,0.006019421290158274,0.034862037362073516,9.637745425796457e-06,0.001959887891223729,28.0,0.7148582410280839,0.25353034967675353,0.19313105675376754,0.0535060950232411,0.23240872036411261,0.4018343602913244,0.4065178166604959,0.0,1.0,0.0997982479821883,1.0,0.0,0.0,1.0,0.0,0.0184487611688197,0.0313127814104492,0.9584604498877792,0.0999999999999993,8.623268338456498e-06,0.0,0.0014245089322477,1.0,0.9867891026355011,0.6,0.4,0.28702910914321944,0.6,0.06434335912259101,0.8,0.7523181477541803,0.39997823777877495,0.6,0.7159187578881344,1.0,7.0,0.07909920786709743,0.4,1.0,1.0,0.8867944031720096,0.9630002217559406,0.8630897609275681,0.2,0.698847251363466,0.1778418619590762,0.3114810830005882,0.6,0.7948707230315664,0.13304397450542216,1.0,0.06979900614651231,0.08117519138590058,0.023310350121538762,0.9949639050349919,0.4,0.0495866135651934,0.05616095427336485,0.5311102973020676,0.06585768990988378,0.15563038442080718,0.00396107011240494,0.39712100389993554,0.23665524385130973,0.29409857021345437,0.0548161636973485,0.6,0.06493565519540098,0.39262123841955576,0.05569351536178278,0.6625077267860053,0.2,0.0,0.046948406090871954,1.0,0.0004448199714272959,0.40646349022329753,0.6643701321441685,0.0,0.0011936570899565198,0.0,0.0215348858288425,0.0,0.20017824293818434,0.0,0.053654058836219105,0.0,0.31135799687373794,0.0,1.0,0.0,0.0,0.060155274971881424,0.0,0.0,0.4,0.4386554571745308,0.0,0.22859624979447907,0.0,0.2720076805720572,0.0,0.21658907808361275,0.7318514179579776,0.22005741627356423,0.0,0.4,0.0,0.9760542587957571,0.39737717933175565,0.0,0.0,0.5678568040483675,0.4,0.6244463880979014,0.0,0.17727404089177184,0.0,0.02950130314788642,0.0,0.09488247380292751,0.6162619422518011,0.042395946901566735,0.0002270166092094405,0.0,0.6,0.0,0.8,0.9321041688480316,0.451679763068409,0.0,0.6151594880647915,0.0,0.0022584208424440283,0.0,2.8449581402327313e-06,0.9810323498776451,0.0,0.1916688079905084,0.0,1.0,0.09999998287826449,1.0,0.0002240772309763292,0.0232732768465247,0.0,1.0,0.0,1.0,0.000633157365106435,0.0,0.0999495767943698,0.005584005842500485,0.9855816552058948,1.0,0.9692465654259608,0.9527850312069852,1.0,0.9375725649874951,23.0,13.0,0.35260115606936415,0.16666666666666669,0.3333333333333333,0.0,0.0,0.0,0.0,0.0,0.0,0.0,0.0,0.0,1.0,0.0,0.0,0.0,0.0,1.0,0.0,1
VAR_002759,0.017465673756004156,0.0026297875739237546,0.03548108882838336,5.572449551184738e-05,0.25804330262344,0.04527008394645314,0.010820508084114293,0.005075330768807575,0.028898482285756668,0.06946532509465948,0.14080345871313182,8.0,0.7651461675798807,0.3158986293076462,0.2709627264684722,0.048310009168940425,0.7988519346970478,0.07899176246046055,0.24413841032262124,0.4,0.605892007921092,0.03886565324144014,0.15518547524330895,1.0,0.2,0.8,0.387608817405651,0.07559183470868538,0.059172518838199496,0.40654985136087873,0.05941132940381132,0.007508292505847296,0.6,0.0767237143607065,0.8,0.7192036476873692,0.4,0.6,0.7640149373462615,0.4,0.39979748734693754,0.8,0.6,0.42801957405750396,0.2,0.6,1.0,7.0,0.06147356069725709,1.0,1.0,1.0,0.7959725936658248,0.9782911449614087,0.8438762062131997,0.6,0.6,0.568881196486923,0.6133795472256207,0.2,0.3781820111081827,0.0628858923527202,0.4,0.07447403722943333,0.08695328545756383,0.023689047105848425,0.4,0.2,0.4970411678096256,0.010338131387669166,0.6,0.17620718892903497,0.05433727905116827,0.001909084045123633,0.160034533998935,0.24859851096667757,0.10021953380955391,0.07726009322013656,0.37993210380210884,0.04234520038571266,0.0386753360806743,0.036199835303196204,0.49330186476213705,0.6,0.6,0.03799499389462656,1.0,0.06551339584162975,0.8,0.29242834941879114,0.0,0.24005432951292346,0.0,0.2425302041562815,0.0,0.259840010408861,0.0,0.21812300794921535,0.0,0.716521022633558,0.0,0.8505117081375566,0.0,0.0,0.2212891540367578,0.0,0.0,1.0,0.4,0.0,0.5478571685018261,0.0,0.4895978758396642,0.0,0.6,0.31808340855599754,0.22443322308848046,0.0,0.791564427944399,0.0,0.8,0.3954487461150574,0.7099488089014002,0.0,0.7902279289550191,1.0,0.4,0.0,0.4722173635216418,0.0,0.2204015441982045,0.0,0.2,0.599965879417016,0.27687170445474096,0.022906915524103556,0.0,0.6962632756327377,0.0,1.0,0.7659499794793909,0.7393368409010539,0.0,0.5309404568785673,0.4,0.010344955934377785,0.5504441410322285,0.7277625703126869,0.8454057169829076,0.0,0.4220232183785356,0.0,0.7318085625811197,0.021629374191681518,0.8,0.37961456251012665,0.07943123964312744,0.0,0.8,0.0,0.8,0.03374817109525375,0.90509268014986,0.07449592012070202,0.07016645774781777,1.0,0.9912742748260512,0.9674395289108476,0.9336560992818748,1.0,0.9573939345303256,17.0,1.0,0.6300578034682082,0.6666666666666666,0.6666666666666666,0.0,0.0,0.0,0.0,0.0,0.0,0.0,0.0,0.0,0.0,0.0,1.0,1.0,0.0,0.0,0.0,1
VAR_003008,0.14616848895113585,4.726402312725879e-09,1.6352911454751736e-05,0.6467715426591293,1.2558083064753542e-15,1.701303151867367e-08,0.06666666667201156,0.2833387670802421,0.020252915439247003,0.5581540109825546,0.7295583467709452,24.0,0.703485587168228,0.23159152323834997,0.4129102543044853,0.04846108151937048,0.4012534394490677,0.24082612142685877,0.4177331538511096,1.0,0.2809323819038829,0.0999999999782551,1.0,1.0,0.0,1.0,1.0,0.029371912501561,0.0999999988110894,1.0,0.0079594386615321,1.350734239305114e-08,1.0,0.0976768328150172,1.0,0.0,1.0,1.0,1.0,1.0,0.9992462764793134,1.0,1.0,1.0,1.0,1.0,1.0,5.0,0.9518073047436726,1.0,2.0,2.0,0.9711358994878649,0.9295677436482082,0.7585139496907307,0.0,1.0,0.999999999666076,1.0,1.0,1.0,0.5532398759338978,1.0,0.2752916087104343,0.4457798975429711,0.2980899999980987,1.0,0.1981165506574705,1.0,0.6607399035578385,1.0,1.0,1.0,0.39634256027108494,1.0,0.0,1.0,1.0,1.0,0.2051601486758378,1.0,0.61273,1.0,1.0,1.0,0.2277024804315687,2.0,0.8513947278844548,1.0,0.0,0.0,2.1674989356923697e-05,0.0,1.0,0.0,3.810115136770449e-08,0.0,0.08911193329466689,0.0,1.0,0.0,1.0,0.0,0.0,0.9011651809936918,0.0,0.0,1.0,0.3438877516369902,0.0,0.0,0.0,1.0,0.0,1.0,0.009385281145093,0.0999999999832334,0.0,1.0,0.0,1.0,0.002253994759361,1.0,0.0,2.0340577580255937e-12,1.0,0.0,0.0,0.0,0.0,1.0,0.0,0.0,0.6404196020088899,0.09997024071819152,0.0037154090112516192,0.0,1.0,0.0,1.0,0.999999982127122,1.0,0.0,0.0008799503218950051,1.0,0.14871454865375072,1.0,2.68067736595754e-09,0.528640313550474,0.0,1.0,0.0,1.0,1.0,0.0,0.818139651182343,0.0043959425080733,0.0,1.0,0.0,1.0,0.9820273436300326,1.0,7.58669291262385e-05,0.94597692401764,0.9919940944582047,0.983911879524679,1.0,0.2890243684050581,0.9346499465239089,0.5500213032832169,16.0,8.0,0.5549132947976879,0.5,0.3333333333333333,0.0,0.0,0.0,0.0,0.0,0.0,1.0,0.0,0.0,0.0,0.0,0.0,0.0,1.0,0.0,0.0,0
VAR_003169,0.00036696123766030784,0.0020913870127790848,3.8166356952104793e-10,0.0019257935542917961,0.09154610062945862,0.0009427851659906617,0.0005442238267148015,3.4745210457269054e-08,1.7752580393934538e-05,0.08756590565084571,0.023286988626574592,16.0,0.64193490811921,0.23440809368385018,0.3631126379241795,0.05875052803033539,0.21135384261399812,0.42183432214843863,0.2168995711155588,0.40517028463140453,0.5770838566699064,0.04642431708880003,0.6,0.8,1.0,0.4,0.6,0.2596989669315609,0.0460633282206081,0.47786889120223275,0.0017085823005232813,0.014467879843137584,0.6,0.06187959394034438,0.4473528588164214,0.6,0.6,0.6,0.4,0.6,0.011150202267413374,0.4,0.8,0.49538877213631727,0.6,0.4,1.0,7.0,0.05796193151501281,0.8,1.0,1.0,0.7725063354695718,0.9436174905425978,0.8504918573139679,1.0,0.0,0.9999998564441901,0.0,1.0,0.0,0.0998077468566089,0.0,0.100968399999929,0.0007263175466254,0.0051035866769605,0.0,1.0,0.0,0.0999999959541875,0.0,0.0999999999478326,0.099873749109474,8.068087428799888e-05,0.0,1.0,0.357734230468421,1.3810766882950058e-08,0.5789753564439437,1.432699352380457e-05,0.2353144955779703,0.1087791542198638,1.0,1.0,1.0,0.13287877586202024,1.0,0.0011673845479352196,0.8,0.4671271798861093,0.0,0.05087987864008521,0.0,0.0506775714725272,0.0,0.06174914744552638,0.0,0.0537828723324725,0.0,0.5829264982471879,0.0,0.6,0.0,0.0,0.27996689229487387,0.0,0.0,1.0,0.6,0.0,0.5451296603735803,0.0,0.1668945735663172,0.0,0.4902436945451578,0.6120717980218843,0.039957948485454683,0.0,1.0,0.0,0.8749713794471446,0.40020192151030337,0.5665042311979428,0.0,0.603742733468064,1.0,0.2,0.0,0.2,0.0,0.03979220731974402,0.0,0.33792179384512677,0.5977276758158129,0.08071167159475931,0.028257538998091514,0.0,0.6898137556615065,0.0,0.6,0.7986875360044611,0.39138655458475774,0.0,0.36761003774083706,0.0,2.0421429885857123e-06,0.0,0.900774879044849,0.8115077304313879,0.0,0.0,0.0,0.4318101319208217,8.666758473239887e-07,1.0,0.52034467367029,0.0999999999999993,0.0,1.0,0.0,1.0,8.122979417894444e-06,0.0,0.0979833914332984,0.09999999917435849,1.0,0.9778555396947548,0.9739935115617648,0.6406629131727277,1.0,0.9761399466066102,6.0,19.0,0.2716763005780347,0.16666666666666669,0.3333333333333333,0.0,0.0,0.0,0.0,0.0,0.0,0.0,0.0,0.0,0.0,1.0,0.0,1.0,0.0,1.0,0.0,1
VAR_002788,0.004203668458560657,0.0247671041255216,0.013641382598438523,0.004577403629313835,0.11602737973008002,0.06463535659862127,0.0022358002153674422,0.0039317222975966265,0.013181050293791786,0.06710749716957269,0.042016258426699475,8.0,0.7733031533711012,0.21427607017604117,0.41485313595622575,0.3830052532337884,0.06936925315050771,0.2400013161559969,0.23832255301096547,0.0,0.5544500498677689,0.05996950626384399,0.38276192423229577,0.6,0.612376016549125,1.0,0.4,0.06000000000432546,0.034531511560021974,0.5881906604371704,0.04715411704072257,0.028283774221107325,0.6417744916943825,0.08568957846566014,0.8,0.6285073618913775,0.6,0.8,0.2680609699520378,0.6,0.20009528797692155,0.6,0.6,0.5211000553861636,0.6,0.2,1.0,7.0,0.03232296129942706,0.8,4.0,4.0,0.8001196308270075,0.9863572281405886,0.7670431133466998,0.6,0.8,0.5169458762274479,0.2129605407590737,0.49822385912902567,0.762635681550877,0.2673767337745593,1.0,0.02294288284061511,0.053870005461921486,0.00282919303279183,0.4,0.4287235977085829,0.4242829936066109,0.06839530546836209,0.5041648714116936,0.09892766099905717,0.0851093412097258,0.006793392200280585,0.3576300606093029,0.42227884308744984,0.21934222413931453,0.043900589776444336,0.7056817954192842,0.26217613621686714,0.41770914599517894,0.07999773150310951,0.34341072598414624,0.24639508140808855,0.2,0.007303722297912078,4.0,0.014912391754249896,0.5297951877445835,0.45308609601071437,0.0,0.0653021415076233,0.0,0.08116058513740823,0.0,0.22460668276240597,0.0,0.04893540619692039,0.0,0.7658325278369801,0.0,0.7248384813813712,0.0,0.0,0.05732587495118907,0.0,0.0,0.6818913705027819,0.4,0.0,0.5642247538153705,0.0,0.6314517644631465,0.0,0.3086053734823191,0.5564670242016705,0.028894134304810564,0.0,0.64948149434366,0.0,0.14482494663600617,0.536506840508681,0.4375642841512818,0.0,0.39881295344405765,1.0,0.5164798891035239,0.0,0.1580553824845636,0.0,0.07926162361965809,0.0,0.21820324650006442,0.4008329820916306,0.06485659590235317,0.013882862889320852,0.0,0.8717156950643327,0.0,0.8,0.40064624165417806,0.16320377993069815,0.0,0.6347253424449038,0.6,0.009574861114483269,0.45616525236288324,0.4743647625166308,0.10097184259610072,0.0,0.23407662100853552,0.0,0.4722409499075352,0.08313113637035478,0.4,0.31951338072323227,0.020143434812428054,0.0,0.9084794994171295,0.0,0.6,0.037929799679752775,0.6306765276987947,0.029416207293220482,0.040153614008751524,0.9763555239779594,1.0,0.9790886076745224,0.18209647957597602,0.9396396918015317,0.6893187458545649,9.0,22.0,0.46242774566473993,1.0,0.5,0.0,1.0,0.0,0.0,0.0,0.0,0.0,0.0,0.0,0.0,0.0,0.0,1.0,0.0,0.0,0.0,1
VAR_002888,0.00241106987954978,0.006092251235132522,0.022250808023399536,3.9318453569289457e-07,1.9063394312420135e-06,8.465948864481911e-09,0.03573493233194268,4.389115044583579e-08,6.784870130817853e-07,0.013187074398194151,0.07804684748906042,20.0,0.7148582410280839,0.2043913421544336,0.19313105675376754,0.2330723733389214,0.05165258927162582,0.4018357139295047,0.41897552355602535,0.0,0.0,0.0186157152445138,0.0,0.0,0.0,1.0,1.0,8.959302668063312e-05,0.0040451306518983,0.5952963863011407,7.556498057902979e-08,4.885290898297767e-10,1.0,1.7728566899177065e-10,0.0,0.9339455131775048,0.0,0.0,0.0,1.0,0.0283312115868856,1.0,1.0,0.746492399530342,1.0,1.0,1.0,3.0,0.0999997130665064,1.0,4.0,4.0,0.9253467549035421,0.9667685588096583,0.858049423212354,1.0,1.0,0.723780903413678,1.0,0.0,0.5898296935695462,0.097427933213127,1.0,0.0002616259164367992,0.0014693915163478,0.0999996684492698,0.0,0.0,0.6964436167161928,0.0313245498315775,1.0,4.0732903844279784e-05,0.0999999821894616,0.043390709374679155,0.0,0.0,0.0,0.09999999977096653,0.0,0.09999999460955206,0.0295422902728501,2.4879780916761227e-08,1.0,1.0,0.4,0.03646802144079258,4.0,0.20946835850191856,0.6025573601353564,0.4505209199190343,0.0,0.07941364147715298,0.0,0.06288126789490797,0.0,0.06940041065225874,0.0,0.05140914570404695,0.0,0.6,0.0,0.8,0.0,0.0,0.06178261044957335,0.0,0.0,0.6213806333339253,0.4,0.0,0.36206257886787246,0.0,0.36596369866318357,0.0,0.6300083005379318,0.6019552341868981,0.02977278306956676,0.0,0.7378036734945808,0.0,0.4,0.0007093895060224431,0.23826073264639075,0.0,0.37861652047191097,0.8,0.2,0.0,0.12998703070301176,0.0,0.037576226721611004,0.0,0.54729133372779,0.5823885413941042,0.01859576198612179,0.0006156498717247417,0.0,0.6,0.0,1.0,0.9376239280466279,0.22766135163631512,0.0,0.4150947262704878,1.0,0.013769835580955908,0.0,0.999974607991732,0.030925153222611,0.0,0.1234386573588057,0.0,1.0,9.817325360534124e-06,0.0,0.999999999999986,0.0932969696021887,0.0,0.0,0.0,1.0,9.307187483488429e-07,1.0,0.0999999957185216,0.005651817620704685,0.98818173479228,1.0,0.9532093038497952,0.5228678880299937,0.9522385602258843,0.7960036940539125,19.0,14.0,0.4277456647398844,0.33333333333333337,0.6666666666666666,1.0,0.0,0.0,0.0,0.0,0.0,0.0,0.0,0.0,0.0,0.0,0.0,0.0,1.0,0.0,1.0,1
VAR_002736,0.010532092758872433,7.398806641962717e-06,1.6655616068718108e-24,6.129824466480337e-06,0.08986021861998941,8.177887994592026e-10,0.01102600472834977,1.328534904679799e-05,1.971718628215493e-07,0.14076660891412052,0.0025396772818530263,16.0,0.64193490811921,0.23440809368385018,0.3631126379241795,0.05875052803033539,0.2113538426139981,0.42183432214843863,0.2168995711155588,1.0,1.0,0.0999998086629596,0.0,1.0,1.0,0.0,1.0,0.0999999999999722,0.0239900864404512,1.0,0.0003854906048397,3.39777798722874e-17,1.0,0.0999999996667659,1.0,1.0,1.0,1.0,1.0,0.0,0.0999998167635298,0.0,0.9328400074608648,1.0,1.0,0.0,1.0,5.0,2.1786873968300245e-14,1.0,3.0,3.0,0.7631331684078166,0.9499275971924396,0.8561393010074623,0.0,1.0,1.4655934028624163e-05,0.914188023263801,1.0,1.0,0.04186482193651599,1.0,0.005710056201568599,0.0068334421650207,0.0999999829652482,1.0,0.0,0.0,0.0119556629378485,1.0,0.1673015410971843,0.0998734780044609,5.637204974333903e-06,0.3118207350820708,0.0,1.0,0.0947621422816176,0.9756123708843306,0.09999999999951095,0.0,0.0555407979758845,0.6309124321272692,1.0,0.0,0.2210774971618852,3.0,0.01913163906535253,0.6326238691869054,0.27239814204087626,0.0,0.4362734356831366,0.0,0.24020101360109627,0.0,0.04718102728979264,0.0,0.02216682909187277,0.0,0.4648459204254231,0.0,0.6740925633114208,0.0,0.0,0.425169413643689,0.0,0.0,1.0,0.5216048185990408,0.0,0.43437769103955104,0.0,0.46786230313132543,0.0,0.3450461925500368,0.6152809861985435,0.003790989953265632,0.0,0.8,0.0,0.8,0.40016413996697914,0.753653583255941,0.0,0.17263680675952914,0.4,0.2,0.0,0.6970305544657024,0.0,0.2421011497911644,0.0,0.17976384259194686,0.6109924557492347,0.05907133958093932,3.7086772704282244e-06,0.0,0.6806811286747443,0.0,0.6,0.7847720439370491,0.6173407259639483,0.0,0.49484222665347777,1.0,0.00874052442640473,1.0,2.629633987984369e-10,0.0017316722271279999,0.0,0.0,0.0,1.0,9.278298003272272e-05,1.0,0.8017211902579929,0.0339611329135845,0.0,1.0,0.0,1.0,0.09999999999819277,0.0,0.0999832320082606,0.0009073112139288848,0.9748743320116872,0.6388301350151294,1.0,1.0,0.9704304069840775,1.0,0.0,22.0,0.6184971098265897,0.5,0.6666666666666666,0.0,0.0,0.0,0.0,0.0,1.0,0.0,0.0,0.0,0.0,0.0,0.0,1.0,1.0,1.0,0.0,1
VAR_002733,0.0023596473007860895,7.512996003564664e-19,4.3697743191183445e-05,0.09126374015209582,0.19149457674485165,0.00013189570164735904,0.0027203660741358274,4.184636393519706e-07,0.08015905964659738,0.005451197025307579,0.02872230935516086,28.0,0.6800044086079646,0.33205066863426563,0.19628704381973788,0.07248649218750373,0.23135372012854305,0.4218343609538152,0.4000599885411502,1.0,1.0,0.099999633717355,1.0,1.0,1.0,1.0,1.0,0.0262733130037924,0.0997230758622261,0.0,0.0999997801110935,0.06426038288881147,1.0,0.0999831627656705,0.0,0.8,0.8,0.8,0.3703466702690313,0.6,0.09812190788466058,0.6,0.9599278985182895,0.4875022273702818,0.4,0.8,1.0,7.0,0.06895819288552296,0.2,3.0,3.0,0.7640929017535703,0.9584172332961707,0.8504038890596284,1.0,1.0,3.1143307338592947e-05,0.0,1.0,0.0,0.265239998061151,1.0,0.0034841826750947992,0.2553758504241455,0.0269374682726892,1.0,0.0,0.0,0.100023183973332,1.0,0.0966702797790788,2.488638286926792e-10,5.817736159707429e-09,0.9144225716078364,0.0,0.0,0.03405599999999445,0.0,0.09999841115291835,0.0,1.9801932025226034e-13,0.8383296360740038,0.0,1.0,0.005779573439666807,3.0,0.0010426519396690276,0.4,0.6750824528030389,0.0,0.04010724909865076,0.0,0.027699484909686177,0.0,0.41841975291499695,0.0,0.05144950967419651,0.0,0.32567028292805894,0.0,1.0,0.0,0.0,0.42007839280909476,0.0,0.0,0.6,0.6699524984448549,0.0,0.0,0.0,0.20144579815970926,0.0,0.6,0.6135540349165142,0.21070004736301318,0.0,0.4,0.0,1.0,0.7896823037786855,0.38954699478957344,0.0,0.5581015140371444,0.4,0.6244463880979014,0.0,0.2943766599161547,0.0,0.04447271429547736,0.0,0.30429530474136335,0.7999939784785657,0.057109173862364714,0.00020828859908923137,0.0,0.6,0.0,1.0,0.6414482998094466,0.6799574887742027,0.0,0.5933154691651917,1.0,0.003236581012809172,1.0,0.999989171053111,0.99999999975369,0.0,0.0,0.0,0.0,0.03669665806506623,0.0,0.9999999918655029,1.027101597314446e-19,0.0,1.0,0.0,1.0,0.09999999867259357,0.0,0.0999999536743158,0.09999868103171158,0.998547135417683,0.5558302315310505,0.9992673752909106,0.9439340804440413,0.9513302240628903,1.0,14.0,8.0,0.3872832369942197,0.16666666666666669,0.3333333333333333,0.0,0.0,0.0,1.0,0.0,0.0,0.0,0.0,0.0,0.0,0.0,0.0,0.0,0.0,1.0,0.0,1
VAR_002815,0.0035252898587133396,0.030994113931015373,0.00591355040348119,7.410747670427736e-06,0.03764892740672463,0.054616827245183436,0.0038609491324301075,0.002264689085411644,0.003415269009654399,0.02374723824006602,0.022530258057878734,8.0,0.6800044086079646,0.23033904272807232,0.19628704381973788,0.2387505280388954,0.2305977115215113,0.4018357139295604,0.2189781355588643,1.0,0.1154813791947494,0.0964250962259046,0.9769627788609182,1.0,0.0,1.0,0.0,0.0009901273420776,0.0999999919545031,0.1823155676389938,0.0999999999971631,0.023244099086824836,1.0,0.099969921702264,1.0,1.0,0.0,0.0,1.0,0.0,0.0999999999037384,1.0,1.0,0.4926544258390871,0.0,1.0,1.0,3.0,0.0306638790687541,0.0,3.0,3.0,0.8447252666112488,0.9838975142408224,0.8514682061682042,1.0,0.0,0.999968552481149,0.253119089907437,1.0,1.0,8.174708099885526e-05,1.0,0.0999998515487495,0.0011486469341725,2.071607542311156e-06,1.0,0.0,0.7211397440996576,0.0074466449949976,1.0,2.9498871148909527e-08,0.0999999515084282,6.482422154913719e-06,0.7136112443089481,1.0,0.0567847579789557,0.09999141723676994,0.0,2.1768395476081905e-06,0.5847903316453478,0.0179617196030475,0.6554465921830704,0.0,0.2,0.03170661521574152,3.0,0.02306614946368821,0.6323312228177003,0.19689831511047656,0.0,0.08507332122344699,0.0,0.0811749873475909,0.0,0.4068197966623627,0.0,0.0682885661292073,0.0,0.4055980178155473,0.0,0.7238087311494937,0.0,0.0,0.057355732189346295,0.0,0.0,0.6818913705027818,0.6,0.0,0.29915170909385547,0.0,0.7131946461101264,0.0,0.546920683835142,0.7400885950836007,0.02432165949341732,0.0,0.24948149434366,0.0,0.4789418419053534,0.6063680147156798,0.3129386372719192,0.0,0.5987126003658394,0.6144905627181807,0.316479889103524,0.0,0.18934244864908012,0.0,0.09671181644832048,0.0,0.25407251084987015,0.6887145365248788,0.06430144609920672,0.0005602309273002771,0.0,0.8717156950643327,0.0,0.8,0.027164738137684125,0.20562190038537614,0.0,0.760717796517964,0.4,0.002250629693611377,0.6,0.7954171952653186,0.5226677026118179,0.0,0.24599215552342515,0.0,0.6,0.03999847028310522,0.8,0.6618422983718022,0.04014184575498441,0.0,0.4,0.0,0.6,0.04329393722310138,0.6,0.05896130676167995,0.04138344279700922,0.9914402797152494,0.994249665970934,0.9384966653996574,0.9558293876093046,0.9604695310981982,0.869016080350192,14.0,19.0,0.5260115606936416,0.33333333333333337,0.6666666666666666,0.0,0.0,0.0,0.0,0.0,1.0,0.0,0.0,0.0,0.0,0.0,0.0,1.0,1.0,0.0,0.0,1
VAR_002998,0.012455954377735005,0.9999999999999999,0.0327728162874377,0.0028173343011794463,0.17769877361414474,0.01066315390401161,0.04580221952525305,0.06247968113872644,1.5462706086795544e-05,0.43667759219616825,0.13333420539063345,2.0,0.0,0.06855430816989533,0.85141605747665,0.0736286867105065,0.9995153745788686,0.09495880236528702,0.09472092055958065,0.0,1.0,0.0893837716130597,1.0,0.0,0.0595786385597556,1.0,1.0,0.0144804003715776,0.0718199473308225,0.6770331799071313,0.0011252127200528,4.619685601914165e-11,0.0,0.0999966770706605,1.0,1.0,1.0,1.0,0.3250720345397632,1.0,1.0,1.0,0.0,1.0,1.0,1.0,0.0,2.0,1.388143815608672e-09,1.0,2.0,2.0,0.8732456154767279,0.7988356481769814,0.7885692107048853,0.0,1.0,0.007524885944959,0.0,1.0,0.4157569436631785,1.0,1.0,0.0998747573739008,1.0,0.006215105129386,0.0,1.0,0.4739002573828824,0.0047652944014628,1.0,8.757574555366387e-13,0.0958343184649388,0.005690492880406023,0.0,0.0,0.0778751699521909,0.127440999999995,0.0,1.0000000000000002,0.0549448480667119,0.0999920940634839,1.0,0.0,1.0,0.029994157482012437,2.0,0.3656756586667024,1.0,0.467061453413762,0.0,0.0749459859699304,0.0,0.1,0.0,1.0,0.0,0.05840445313914759,0.0,0.6609554592494166,0.0,1.0,0.0,0.0,2.1822704978574843e-12,0.0,0.0,1.0,0.0,0.0,0.0,0.0,0.0944660286378892,0.0,1.0,0.999968409393081,0.0999982039936738,0.0,1.0,0.0,1.0,0.898285414117705,0.0,0.0,0.088170719764466,1.0,0.5720147188813149,0.0,0.0,0.0,0.0361937885190899,0.0,1.0,0.999993077104326,3.2000330174088664e-05,8.443956741149691e-05,0.0,0.1737170314081768,0.0,1.0,1.9567914400288613e-08,0.1629498147605685,0.0,0.9999548112825939,1.0,0.018641644930218845,0.0,0.213635533355584,0.283413371985159,0.0,0.0,0.0,1.0,0.07403745613508429,1.0,0.999044449976418,4.683562324386031e-10,0.0,0.0,0.0,1.0,0.00011787355803393489,0.0428165724228324,0.0001303155155905,0.09897592327608899,0.974463143530888,0.9517011756287218,0.9557706110625594,0.2995779988594559,0.9035366152033728,0.46154165618635934,15.0,8.0,0.4971098265895954,0.5,0.6666666666666666,0.0,0.0,0.0,0.0,0.0,0.0,0.0,0.0,0.0,0.0,0.0,0.0,1.0,1.0,0.0,0.0,1
VAR_002749,0.007501011948016189,0.011313834101869365,6.067900815314514e-20,0.049531996168363866,0.013553884134215266,7.80248373812178e-09,0.0021648719986350515,0.0005562896153945323,3.866541135186276e-09,1.0,0.007863034769429263,28.0,0.64193490811921,0.23440809368385018,0.3631126379241795,0.05875052803033539,0.21135384261399812,0.42183432214843863,0.2168995711155588,1.0,0.0,0.0007856734995541,0.0,0.0,0.0,0.0,0.0,0.0,0.0022981426247965,0.0877831612010718,0.0999952745022265,0.03878529750689931,1.0,0.0025408138661525,0.0,1.0,0.0,1.0,0.0,1.0,0.0721897834250295,0.0,0.0,0.0,0.0,1.0,1.0,3.0,0.1,0.0,2.0,2.0,0.7587827127629587,0.9712759356876975,0.8515306999843693,0.0,0.0,0.292299336463226,0.0,0.0,0.4805405255030716,0.005019836577524595,1.0,1.5203422024197064e-05,0.00011535822443519996,0.1000719152677005,0.0,0.0,0.0,0.0670504607992768,0.0,0.2101609022855428,0.0999999999997398,0.0032707407176017665,0.0,1.0,0.0,0.09999972929844954,0.0,0.09999989890291536,0.0233337652556984,0.0903735573775777,1.0,0.0,0.0,0.009900105307465795,2.0,0.001991657836077366,0.6,0.5932379842751407,0.0,0.07854849444750044,0.0,0.07999964356845009,0.0,0.040099637200294254,0.0,0.06754868751821332,0.0,0.6128177740203375,0.0,0.8740925633114207,0.0,0.0,0.04000742748210667,0.0,0.0,0.6,0.49613030491460713,0.0,0.037408655098003764,0.0,0.3141653577326834,0.0,0.2,0.6526244609282235,0.03634225961682609,0.0,0.6912562434273016,0.0,0.8,0.3127089764930541,0.161474556999374,0.0,0.7528356917307071,0.95209170989404,0.4109030078620547,0.0,0.11447411073955971,0.0,0.04094653226447178,0.0,0.0,0.6002310166628269,0.05971559454068434,0.005954721038884637,0.0,0.8,0.0,0.8,0.012412294086019023,0.3065512898472461,0.0,0.7926258764949284,1.0,0.012422097007748711,1.0,0.9958817279979749,0.174020586075061,0.0,0.218848510910132,0.0,0.0,7.039058420239094e-14,1.0,0.018572651721787,0.0999999328933455,0.0,0.0,0.0,1.0,0.09999999968310286,0.0,0.0562684382449799,3.900221737222362e-06,0.9945353956853654,0.9289921006024208,1.0,0.7820880409365579,0.9157784561606663,0.7787175913249839,0.0,19.0,0.32947976878612717,0.6666666666666666,0.6666666666666666,0.0,0.0,0.0,0.0,0.0,0.0,0.0,0.0,1.0,0.0,0.0,0.0,0.0,1.0,1.0,0.0,1
VAR_002863,0.0016251860986224989,0.09402418658592109,0.007369211931162389,0.00493083872190201,0.11892727005493214,0.037374031460968196,0.009885939615171998,0.005673924190609247,0.008567742631307829,0.1034605854670662,0.03127078909317308,8.0,0.738449320950982,0.1419353966558733,0.21800912302219616,0.22241935539666746,0.2483142529202025,0.2600013168168057,0.23830739421715727,0.4,0.15445004986776895,0.09988445563032423,0.38276192423229577,0.8,0.8,0.8,0.6,0.07386262659357339,0.04552083949949524,0.3190296715392492,0.038669064767015454,0.0446381313508443,0.6,0.04944792245211658,0.6,0.6285073618913775,0.4,0.4,0.3207843593204825,0.4,0.20171303232790874,0.6,0.8,0.4,0.6,0.4,1.0,7.0,0.030874303750736694,0.6,2.0,2.0,0.9302815856386553,0.9809547096374285,0.8523447159312669,0.0,0.2,0.598777225490316,0.4,0.2,0.4,0.046595307749384064,0.2,0.03434007096810415,0.03854326593017921,0.07742729168632827,0.2,0.2,0.49408930041497373,0.02791175902936513,0.7041648714116937,0.14783120587462562,0.023776758939761573,0.007517088085331321,0.036202977286073225,0.6,0.17532498435390637,0.07966955311101839,0.11091527869563753,0.020432013754853783,0.40140056545016795,0.06622151469093597,0.3415019834433428,0.6463950814080885,0.4,0.10701475208760003,2.0,0.03026273723747933,0.560710978744958,0.4033548980186475,0.0,0.2543476645880062,0.0,0.25999901115294166,0.0,0.21782142792369327,0.0,0.009693607455125665,0.0,0.8366479542710504,0.0,0.8905686442974439,0.0,0.0,0.24000009345905707,0.0,0.0,0.6818913705027819,0.42345096990620706,0.0,0.29915170909385547,0.0,0.5643308072790274,0.0,0.8441130238769954,0.5747674612396972,0.003270113784364909,0.0,0.8,0.0,0.5330796093599675,0.619063646312184,0.46443446340032135,0.0,0.37229491293356287,1.0,0.716479889103524,0.0,0.20260482807845492,0.0,0.2590822952118934,0.0,0.27513381337778237,0.6001650096307882,0.07549345549941815,0.0005598526007982013,0.0,0.998404937496117,0.0,0.68221554072664,0.6261664388903656,0.5450388727441822,0.0,0.7405070653705529,0.8,0.0087624602794269,0.2,0.45449175190877666,0.19872791391726796,0.0,0.4256120169723644,0.0,0.46223458118642125,0.040345138666927155,0.4,0.40077685863634305,0.06022142645567326,0.0,0.4,0.0,0.7321589105322307,0.05733728183851062,0.2,0.07999994723628454,0.001335313102557119,1.0,1.0,0.943322500337959,0.845077893082216,0.9396038137062666,0.7834167374491336,7.0,19.0,0.4566473988439307,0.5,0.3333333333333333,0.0,0.0,0.0,0.0,0.0,0.0,1.0,0.0,0.0,0.0,0.0,0.0,1.0,0.0,0.0,0.0,1
VAR_002986,0.0003645544899330929,0.004724133422693369,0.00010011022531115873,0.012971024409530733,0.03661557782462801,9.597284798294307e-20,0.00020660963803173328,0.011509217554528304,8.875382757320217e-08,0.003620519582154387,0.006496118782183515,9.0,0.538449320950982,0.35562772738497356,0.588292334517526,0.23347736916624792,0.42991041300805727,0.25899172299428913,0.05580373037061028,0.0,0.0,2.847336603614772e-14,0.0,1.0,1.0,1.0,1.0,0.0898507196993122,0.0999995451506736,0.0,3.823007817089191e-07,0.010326301245711315,1.0,1.25295239694832e-15,1.0,0.0,0.0,1.0,1.0,1.0,1.0,1.0,1.0,0.0,1.0,0.0,1.0,2.0,0.0986468311383371,1.0,2.0,2.0,0.8784523525132244,0.9852585158339475,0.8296863893603365,1.0,0.0,0.999999107143688,0.0,1.0,0.0,0.0016687652586713946,0.0,0.259998007730738,0.0439164297027285,0.0243166874605519,0.0,0.0,0.0,0.0999999604503391,1.0,1.9610161000279313e-09,0.0999833651781792,0.0017839785317557055,0.0,1.0,0.0,0.09999999999981474,0.0,0.05087456191839034,0.0523817802952666,0.5313001047051696,0.1023795029575418,0.0,0.0,0.011868940348022109,2.0,0.15253152463009886,0.6,0.15925962057340137,0.0,0.2575037072042745,0.0,0.0790909592464252,0.0,0.39997990039894504,0.0,0.04320340402724184,0.0,0.4890274889482139,0.0,0.7249642296634433,0.0,0.0,0.020696917833588256,0.0,0.0,0.5729717873127582,0.4,0.0,0.29915170909385547,0.0,0.5577663972451016,0.0,0.4,0.8036965797761585,0.0601229920144772,0.0,0.7302250487805825,0.0,0.4,0.8337213878935394,0.3774611609749606,0.0,0.79084578990099,0.8,0.3640930429265125,0.0,0.4169038125303818,0.0,0.06694622583313713,0.0,0.39857504480486455,0.75911270557003,0.07365314648471563,0.008100174849441939,0.0,0.7984049374961171,0.0,1.0,0.5992381439453184,0.07737006958719769,0.0,0.6652321178122121,1.0,0.0009668917853205205,0.565040352557945,0.923545149361452,0.0016859046193619996,0.0,0.2786743516487256,0.0,0.4555915394893118,0.09920634629633766,1.0,0.001992282908136,0.0611897656971113,0.0,1.0,0.0,0.0,0.09978628426506786,1.0,0.0999993091730524,0.001782768595960885,1.0,0.940703572709788,0.9898959669936293,0.39949156493950666,0.946152716142035,0.6506875993887654,5.0,10.0,0.4566473988439307,0.6666666666666666,0.3333333333333333,0.0,0.0,0.0,0.0,0.0,0.0,1.0,0.0,0.0,0.0,0.0,0.0,1.0,1.0,0.0,1.0,1
VAR_003054,0.0018803983202348917,4.886758079785376e-06,5.103567234063057e-10,3.3307590191750027e-09,1.2841465884152866e-06,1.6472978838043608e-09,0.002170282267062443,1.623960266280339e-18,0.005800456374654034,0.000599130346374194,0.0019599210773573153,28.0,0.7148582410280839,0.1033168752316373,0.19313105675376754,0.4193364091817531,0.03167620851517183,0.39894746843436707,0.23897510491322277,0.8,0.27749939080265806,0.05762978714886695,0.8,1.0,0.2490572066375744,0.8,0.8,0.2384196763977407,0.25392824547446124,0.8835994934931991,0.2341442374921731,0.11421812359928539,0.8,0.22953353878791732,0.8,0.8,1.0,0.8,0.4,0.6,0.053853131769291816,0.6,1.0,0.30961013692126843,0.4,1.0,1.0,7.0,0.0525588068271694,0.2,5.0,5.0,0.6820400816977541,0.7842108968810054,0.6219985274871155,0.6,0.4,0.9015380545280758,0.42903820962475103,0.8,0.688752256895217,0.45946523436041814,0.8,0.21857200432649812,0.44000498717100267,0.27189845203390256,0.8,0.8309421966676057,0.4,0.12020139705530933,0.8,0.5085627619198986,0.3456100385068163,0.01999317088331416,0.4874796572828842,0.4271569926857133,0.7716116722112881,0.2473858020483126,0.5547663581135479,0.20832350200035452,0.62396740715156,0.39175606331706836,0.7257998644132158,1.0,0.7681176858345748,0.22431915185316267,5.0,0.1274007973717555,0.6,0.38785221139791604,0.0,0.051658891710060474,0.0,0.22050943264937356,0.0,0.09915906033454902,0.0,0.25846721983729815,0.0,0.9012563489625045,0.0,0.8,0.0,0.0,0.07705940338194368,0.0,0.0,0.6,0.6,0.0,0.3191600771182493,0.0,0.5280740997956115,0.0,0.5065669054005033,0.19355337991421193,0.4043887043338148,0.0,0.6378094496021309,0.0,0.5407231395352665,0.7158977397072637,0.3400437939099457,0.0,0.5524563625421148,0.8,0.6244463880979014,0.0,0.10722954407576699,0.0,0.24032934899300584,0.0,0.5816245633981832,0.40186291006000563,0.220001167235276,0.20119292210663103,0.0,0.9864515293591628,0.0,1.0,0.20064608524365246,0.5133676670286558,0.0,0.5631940088100938,0.6,0.2076107477485496,0.6,0.6171086879416633,0.6084573820186505,0.0,0.4701562968844284,0.0,0.945391314710362,0.04945829363658478,0.0,0.47425068364430956,0.44002583961724395,0.0,0.8,0.0,0.6,0.06148339139575662,0.18869409259574701,0.020455888718822292,0.03953629337475587,0.7987751835699318,0.7767101619651282,0.7914414099999574,0.4657741485056959,0.7043161394838049,0.5797845337196039,24.0,25.0,0.5895953757225434,0.4,0.5,0.0,0.0,0.0,0.0,0.0,0.0,0.0,0.0,0.0,0.0,0.0,0.0,0.0,0.0,1.0,0.0,0
VAR_002675,0.00036550211690879143,1.164930332922996e-05,2.457815380354524e-11,0.0012094728606930746,5.438484492416909e-05,0.0005097954649181728,4.0343208425188917e-07,0.009136707951189059,5.602912589060273e-06,0.09292836932464417,0.002255195414442385,18.0,0.4800044086079646,0.2593025995641524,0.22146674041308448,0.08721219514131721,0.4312567950432872,0.25899266127822085,0.41899133305766617,0.2,0.6,0.0566425905962897,0.3163742418875817,0.6,0.6,0.6,1.0,0.05589619414861626,0.04202881401883191,0.7014305343483491,0.03998486510695808,0.018780257417488573,1.0,0.07733992736802675,0.8,0.6,0.6,0.8,0.6,1.0,0.02000216837733795,0.6,0.6,0.41965261507019413,0.6,0.8,1.0,7.0,0.07509336706291746,0.8,2.0,2.0,0.8729597923640768,0.9800630437451576,0.8137622706610014,0.0,0.0,0.44446287188580097,1.0,0.0,1.0,9.449563854006058e-07,0.0,0.0999974225998171,5.014834663358375e-07,0.0999999734713066,0.0,0.0,0.0,0.0237996795927725,1.0,0.1217872472947827,0.8823699999661309,0.026794818624632462,0.3514358720555077,1.0,0.117555333255886,2.7658692110416042e-05,0.0,3.110591227232439e-13,0.0918706404019157,7.361526463379397e-07,0.0,0.0,0.4,0.029819325962713264,2.0,0.0209515235510688,0.6,0.1498340910337212,0.0,0.23993617899715822,0.0,0.07875344996288816,0.0,0.2426951771222694,0.0,0.2385686981842387,0.0,0.671217147398497,0.0,0.6132984189490285,0.0,0.0,0.05450034547378522,0.0,0.0,0.8,0.4,0.0,0.3351270824691216,0.0,0.3239254998154527,0.0,0.7827502908229045,0.777964121897806,0.2791432204889511,0.0,0.5302250487805825,0.0,0.8,0.8447537080985392,0.23825804285957347,0.0,0.511188859556227,1.0,0.1300083113469637,0.0,0.4039272937503526,0.0,0.0764462895742526,0.0,0.2880384856447929,0.5284652208008346,0.26308815129768515,0.060237506528327364,0.0,1.0,0.0,1.0,0.8375103785901927,0.23227404597529766,0.0,0.6712669032393072,0.0,8.477378046842644e-07,0.6831109421940526,1.3987430050808825e-15,0.62863450393626,0.0,0.0,0.0,0.0,7.172604682092735e-16,0.0,6.270790667795386e-10,0.076973827729728,0.0,1.0,0.0,1.0,1.857825473228424e-05,0.0,0.0991275913752663,0.019981424038975185,0.9721769647410272,1.0,0.9948940422615604,0.8076988851620811,0.9165623306356356,0.7956028367047662,7.0,3.0,0.6473988439306358,0.0,0.3333333333333333,0.0,0.0,0.0,0.0,0.0,0.0,0.0,0.0,1.0,0.0,0.0,0.0,1.0,0.0,0.0,0.0,1
VAR_002650,0.00207945760446865,0.007215336785441999,4.6021312810289924e-09,7.898183647424957e-05,0.36718029518192186,3.510724945005086e-11,0.0005829426939016339,2.3194883465189216e-07,4.9182885178673194e-08,1.6080018150216676e-05,0.00020410326611094783,16.0,0.703485587168228,0.19427160005657745,0.2678067394025019,0.048894768823962376,0.6012534394480381,0.058992661278206966,0.4241807543778938,0.0,0.6862521113029048,0.0995726057792851,0.0,1.0,0.0,1.0,0.0,0.0010842283080775,0.0999918728647527,0.1932255718009856,0.0590134458835154,0.017139803566680434,0.0,0.0312527715244892,0.0,0.43018748838018306,0.6,0.8,0.4,0.6,0.2154367327587685,0.8,0.6,0.4,0.4,0.2,1.0,7.0,0.06350076236593502,0.6,4.0,4.0,0.7451478223842614,0.9645644704070637,0.7703984280925429,1.0,1.0,0.675426669523719,0.3364241292242899,0.0,0.7968351059919918,0.0992809435531967,1.0,0.0999999999999842,0.00029379540590569996,0.001805589921306,1.0,0.0,0.0,0.0999999999896527,1.0,0.0124718460339902,2.39929414001426e-06,6.815478601215193e-06,0.0359486157479783,0.0,0.1193027068165914,6.860462862364566e-05,0.0,0.08537074667092434,0.1818384373976581,0.0999999998799439,1.0,0.0,0.0,0.0002525021674877181,4.0,0.0029392261082235613,0.1169904350745902,0.5991526267915045,0.0,4.364730624214393e-05,0.0,0.0999999999999991,0.0,0.0333228034915843,0.0,2.979382066701681e-12,0.0,0.0,0.0,0.8505117081375566,0.0,0.0,0.0806011789006669,0.0,0.0,1.0,1.0,0.0,0.5837281463151706,0.0,0.4995602866936298,0.0,0.0,0.997537264776855,0.0048246216791848,0.0,1.0,0.0,0.0,0.006986892401138999,0.838188646669272,0.0,0.566673917755393,0.0,0.0,0.0,0.0,0.0,0.0947888593477121,0.0,1.0,0.999999999999355,0.09999614739225322,3.1735622725884766e-07,0.0,0.0673790384880163,0.0,1.0,0.5821716443106022,0.8870717203021984,0.0,0.9999999999999989,1.0,0.0011933272765059272,1.0,0.0001974443085294634,0.9999707196889609,0.0,0.115526149202184,0.0,0.0,0.0014532381073636257,1.0,0.012502627960261001,7.843654382530504e-15,0.0,1.0,0.0,1.0,0.09999999958141786,0.0,0.0999995955237307,0.09997027355375339,0.9849961676871352,0.1228267183850969,0.976888431606884,0.6296036788101352,0.9324388721103678,0.7934631762504887,23.0,3.0,0.6994219653179191,0.16666666666666669,0.3333333333333333,0.0,1.0,0.0,0.0,0.0,0.0,0.0,0.0,0.0,0.0,0.0,0.0,1.0,0.0,1.0,0.0,1
VAR_002692,0.0023278902597591205,0.014309642222696463,8.510597593223905e-05,5.306282157704371e-06,0.12425442023854544,0.022078166462599524,0.003557797599074957,0.0004909645193822414,0.005437182720116062,0.0024326198571476606,0.06824243039633088,8.0,0.9034855871682279,0.1805607384225984,0.09752352790717188,0.21416903149042105,0.4205942334397776,0.04000225444332991,0.4241547172836916,0.8,0.8,0.07382601434288608,0.05639369847599276,0.6,0.2272792669319464,0.6,0.4,0.04236991365098363,0.05267717245382285,0.5153712147497644,0.06838791512064508,0.15769297323406828,0.6,0.07994933855917923,0.46316218599285774,0.6,0.8,0.6,0.41670095246039,0.8,0.05261041096947468,1.0,0.8,0.6590872629644569,0.8,0.8,1.0,7.0,0.2661300356323658,0.2,1.0,1.0,0.880565422861902,0.9731025057521141,0.8565766918860818,0.7790512055512553,0.6,0.11921845203305007,0.0,0.6,0.7560706905344097,0.24583134207229862,0.8,0.060099665302610614,0.2634503441464978,0.04002361622191941,0.5011874987129434,0.4346327347410731,0.42850871976567706,0.4439014309408472,0.8237498175631048,0.08038595800724616,0.08762160716216817,0.002466549585893755,0.18059090312226472,0.5079702731871614,0.6,0.1714848426201099,0.5572018837756239,0.014157298887777352,0.3473649880973261,0.09003241548428419,0.1633705916084204,0.4556081805416481,0.6,0.026191835011123637,1.0,0.026821756909576965,0.6323312228177003,0.6514886609384518,0.0,0.09987162176053407,0.0,0.27793042967358844,0.0,0.05610145736585256,0.0,0.25124676303286453,0.0,0.8,0.0,0.8905686442974439,0.0,0.0,0.060663219689881996,0.0,0.0,0.9134113572896709,0.4,0.0,0.02321421470936742,0.0,0.5633652885461411,0.0,0.508605373482319,0.374481932300102,0.24099868837017593,0.0,0.5378036734945808,0.0,0.8789418419053533,0.7279332417279814,0.34021569356760095,0.0,0.580090565677856,0.8144905627181807,0.316479889103524,0.0,0.0908752157943011,0.0,0.2768792331022193,0.0,0.25407251084987015,0.48438769163391393,0.25552197270285615,0.02254953788291681,0.0,1.0,0.0,0.8,0.41694684303969465,0.40043672917505846,0.0,0.41528089935993145,0.6,0.002209510498831193,0.9599986912125613,0.40780568856427324,0.6320690924947635,0.0,0.16291357129100292,0.0,0.7041669611348315,0.019823781974647323,0.4,0.6457746218717701,0.05628322446037013,0.0,0.6,0.0,0.3609300450794807,0.02553156124060972,0.4,0.07993417597014167,0.09922943994540674,0.9755569395865528,0.9740912042654088,1.0,0.9841624499132071,1.0,0.953185589763217,23.0,13.0,0.35260115606936415,0.16666666666666669,0.3333333333333333,0.0,0.0,0.0,0.0,0.0,0.0,0.0,0.0,0.0,1.0,0.0,0.0,1.0,0.0,0.0,0.0,1
VAR_002729,0.0003647004412320544,4.5048800832930277e-10,0.012531778181804247,0.0009756575243744745,0.07851872273518684,1.7855326095202132e-05,0.0005414576821053187,7.565012250950566e-05,0.001046847240060983,0.005485978741431482,0.00011994024825686795,16.0,0.6767887405393292,0.10676729810889685,0.35995665085820916,0.04300414943141721,0.03147188876470906,0.42183432214502353,0.3994444308501162,0.6,0.3173902206354616,0.05975870947308215,0.4886978081157821,1.0,0.6,0.4,0.6,0.09253172048587446,0.04803287253902534,0.3333416633718608,0.010569439579435985,0.017830308064613172,0.8,0.050156076312485864,0.8,0.8,0.8,0.6,0.2,0.4,0.24006617167972527,0.4,0.6495204790792755,0.4,0.6,0.4,0.8,7.0,0.24039456334915074,0.8,4.0,4.0,0.780823395730355,0.9436732070367506,0.8621369933976272,1.0,1.0,0.013908594124113,0.0,0.0,0.0,0.004386928001483695,0.0,0.002272490980757499,0.0993792120580346,0.0999999999999999,1.0,0.0,1.0,0.045236486747678,1.0,0.0999950485665394,3.388436185618288e-11,3.875583521846214e-05,0.0,1.0,0.0,0.09835367368314482,0.7553500984830868,0.02085619724411864,0.0,0.0781763820901915,0.0,1.0,0.8,0.08958618449627767,4.0,5.167732896618697e-05,0.19370131703167456,0.603034608750011,0.0,0.06468139307197218,0.0,0.020273085004675367,0.0,0.2597587801152347,0.0,0.02284308328657131,0.0,0.26964922172028155,0.0,0.6342698370839273,0.0,0.0,0.045164092774835435,0.0,0.0,0.8,0.519394662776625,0.0,0.0,0.0,0.45211572322798277,0.0,0.3011531590361961,0.3753092538681954,0.023784173889306218,0.0,0.7320112316020595,0.0,0.4,0.38774832259817604,0.2078729207135174,0.0,0.30108829881319304,0.4,0.789864473815116,0.0,0.3599073808114416,0.0,0.05869006353197963,0.0,0.39567888309932864,0.7892341723203635,0.06307556810643275,0.0012999003806181495,0.0,0.6189303144938223,0.0,0.4,0.5904380205817161,0.21734072596394824,0.0,0.3741553680524613,1.0,1.1580035669861292e-05,1.0,0.977766772805601,0.181889793262571,0.0,0.0,0.0,0.0,0.0008521231271071452,1.0,0.0032790860342920003,0.0999999999154016,0.0,0.0,0.0,0.0,0.09999999997356436,1.0,0.0989054719636564,0.09987955410243379,0.9855321296975258,0.6302386559146883,0.9827516160073974,0.7988096254553577,0.9829800998501552,0.7873525557459171,5.0,22.0,0.9248554913294798,0.16666666666666669,0.3333333333333333,0.0,0.0,1.0,0.0,0.0,0.0,0.0,0.0,0.0,0.0,0.0,0.0,1.0,0.0,1.0,0.0,0
VAR_003032,0.026903100771104468,3.3630621272210044e-06,1.287821659256426e-10,0.0015863381519961531,5.971184765457926e-07,6.816512564654578e-07,0.001126237557850443,3.1303734929410173e-06,0.00032686443794828447,0.004817184739946776,0.021137592713474384,16.0,0.7148582410280839,0.2043913421544336,0.19313105675376754,0.2330723733389214,0.05165258927162582,0.4018357139295047,0.41897552355602535,0.3571121368012509,0.4255999798454317,0.08216244527486002,0.27908440811402957,0.6,0.7844927295078866,1.0,0.5823100767181278,0.236865938867901,0.2537907945111334,0.7659698881629404,0.04337600011592041,0.02095967397137913,0.6,0.03981393617515052,0.4,0.0,0.0,0.0,0.6493687609596274,0.0,0.0003644696281302,1.0,0.1476987996553359,0.0,1.0,0.0,1.0,3.0,0.0002713493106324,1.0,2.0,2.0,0.9760670363655672,0.9814848296731755,0.8538944326296949,0.5790512055512553,0.8,0.7066015344377972,0.3556222868570962,0.8,0.7179659387139092,0.43718106041285304,1.0,0.08013348953916453,0.3981133500915239,0.07122321076693412,0.6,0.26174726496181167,0.7392887233432386,0.08734959929884512,0.8,0.2544670562564989,0.3526961009872489,0.01820540402352639,0.5805909031222647,0.6,0.6,0.14335566200501224,0.7500086407222154,0.11534679214732028,0.5677082918831534,0.10806902598554316,0.6954493014887511,0.6,1.0,0.062027382130819236,2.0,0.0004119087131432204,0.5735396212474456,0.4474753082826444,0.0,0.06015316433142803,0.0,0.04739006322064123,0.0,0.07999999015251491,0.0,0.05808377277404191,0.0,0.2834490723860704,0.0,0.7144752890328019,0.0,0.0,0.06130689363950052,0.0,0.0,0.8213806333339255,0.6,0.0,0.32929435995509293,0.0,0.2833871368826271,0.0,0.6991931849038079,0.5897013397852863,0.043961782153128404,0.0,0.6,0.0,0.34586223254538584,0.5545104345926962,0.2354506180180052,0.0,0.4150316628213748,0.6144905627181807,0.4,0.0,0.07909066805406609,0.0,0.026221699018547186,0.0,0.6540725108498702,0.32159116203030474,0.02397116448648513,0.0029756045800388067,0.0,0.4759176736129646,0.0,0.8,0.7374564916551749,0.05241953492193974,0.0,0.39967171125985873,0.0,0.0011700803430302355,0.6955950420802316,1.2677723514497075e-05,3.48017016165786e-10,0.0,0.0,0.0,0.0,0.0034652720267585833,1.0,4.9208773625846736e-17,0.0999421098332077,0.0,0.0,0.0,0.0,0.00048686014720863497,1.0,0.099999800497639,0.09999999999920078,1.0,0.941942547279061,1.0,0.6233132032859007,0.9368819889302251,0.6548919250227117,16.0,14.0,0.6473988439306358,0.16666666666666669,0.6666666666666666,0.0,0.0,0.0,0.0,0.0,0.0,0.0,1.0,0.0,0.0,0.0,0.0,1.0,1.0,1.0,0.0,1
VAR_002735,0.00285825631560975,1.7865027043936747e-08,4.095577781371827e-12,0.0019753875209069906,0.655823825382602,5.523848207326227e-09,0.02901838406739674,4.5798526100438536e-07,7.428069207016761e-13,0.0022098473785009324,0.020158996183610098,13.0,0.6800044086079646,0.23033904272807232,0.19628704381973788,0.2387505280388954,0.2305977115215113,0.4018357139295604,0.21897813555886428,0.3571121368012509,0.4,0.07963500751586564,0.5655794844884604,0.8,0.7844927295078866,0.8,0.7823100767181279,0.23789929042846641,0.23973412570413588,0.6566017501884293,0.046145407950478015,0.0034001626292403347,0.8,0.054917316956374876,0.6,1.0,1.0,1.0,0.0,0.0,1.0,1.0,1.0,0.0,0.0,0.0,1.0,2.0,0.0888746301197783,0.0,3.0,3.0,0.7368071860154917,0.9505052204542642,0.580279478057216,0.0,1.0,0.999999141918758,0.0,0.0,0.0,0.9999477000415582,1.0,0.0999999656554421,0.9616040288751886,0.0939926055434502,1.0,1.0,0.0,0.0082532505967565,0.0,5.194165099872358e-10,0.0999999867683641,5.184142770244562e-07,0.0,0.0,0.0,0.02341482185927249,0.0,0.08716373810796925,0.1593867613596165,0.0639874884594301,0.0,1.0,0.6,0.0425342708067761,3.0,0.045017814207133536,1.0,0.0,0.0,0.0999999975086403,0.0,0.0999999998445496,0.0,1.0,0.0,0.0999999999076832,0.0,0.0,0.0,1.0,0.0,0.0,1.5852299108799134e-05,0.0,0.0,0.0,1.0,0.0,0.0,0.0,0.9009509162728576,0.0,0.1915765517641146,0.999948009542549,0.0159055915680877,0.0,0.0,0.0,1.0,0.38644960334003897,0.0,0.0,0.999999999746144,0.0,0.0,0.0,0.1609927911006782,0.0,0.0880481863841645,0.0,1.0,0.9977409161771731,0.09999053600560552,0.0,0.0,1.0,0.0,1.0,1.0344550062615706e-07,0.0259258560515883,0.0,0.9999999989285879,1.0,0.0023047707571531703,0.0,9.89884812660654e-07,0.024985441281481,0.0,0.3065329942827836,0.0,0.0,1.17553388650622e-09,1.0,0.999912774850532,0.0977279329463721,0.0,1.0,0.0,0.0,0.09996819688129097,1.0,1.871012630865288e-07,0.024696386479902185,0.9870972679565738,0.5534048734469402,1.0,0.6421759375440035,0.9632793968141466,1.0,14.0,21.0,0.5317919075144509,0.33333333333333337,0.6666666666666666,0.0,0.0,0.0,1.0,0.0,0.0,0.0,0.0,0.0,0.0,0.0,0.0,1.0,1.0,0.0,0.0,1
VAR_002970,0.009382540692531735,0.008436426686579667,0.01178190511790718,1.8445407899320935e-05,0.16036193371875235,2.8332263529427747e-05,0.00283263777029838,3.9672873953453066e-05,0.011242691407237894,0.025708843961186615,0.0383689026096585,8.0,0.8,0.18823930282781415,0.2678067394025019,0.20889589032035807,0.6191508038401308,0.05899311543614995,0.26305394533749615,0.2,0.33725042226058094,0.04745732466181922,0.38032598567912845,0.8,0.35122560189811586,0.8,0.7614844333885568,0.22630793424738965,0.07927069161639388,0.2204414302442153,0.012218052975109807,0.08027346087076732,0.6,0.06622112600791208,0.4,0.4,0.8,0.4,0.41670095246039,0.6,0.20018602741344424,1.0,0.2,0.43979123697874367,0.8,0.6,1.0,7.0,0.05620822817362818,0.4,2.0,2.0,0.8628872869181303,0.9770561730683411,0.6787223166087004,1.0,1.0,0.9999768566383591,1.0,1.0,0.0,0.099999976306166,1.0,0.099999999999626,0.1,0.0082999991978345,0.0,0.0,0.4852058390481281,0.0003257861543459,1.0,0.364648126787099,0.0697008314346391,1.2637698880193786e-08,0.0,0.0,0.2677448222041536,0.09999790995738243,0.0,0.0013738418463719328,0.1933766804033715,0.096493107370382,0.1591675591705436,0.0,0.6,0.013291711567032006,2.0,0.09839053671252974,0.823398087014918,0.4146110315096972,0.0,0.23534138048862063,0.0,0.2201340103865764,0.0,0.24650458187338234,0.0,0.23560039189518006,0.0,0.5508310085059411,0.0,0.8505117081375566,0.0,0.0,0.2133333008706964,0.0,0.0,1.0,0.4,0.0,0.5288931163178451,0.0,0.46925033422381474,0.0,0.7730324050673546,0.5834503003659883,0.20096639457824983,0.0,0.791564427944399,0.0,0.8,0.5771122260065005,0.5676377293338544,0.0,0.5177470880337486,0.8,0.4899128902111084,0.0,0.2348393762578927,0.0,0.23963420423058107,0.0,0.4,0.6004695435364656,0.2577159919123899,0.020399132959396202,0.0,0.5514512778042996,0.0,1.0,0.7143379147010647,0.5774143440604397,0.0,0.42241747081074615,1.0,0.015195498916611825,0.8010695520619977,0.5248579147064262,0.53013508020027,0.0,0.18365045915324454,0.0,0.4,0.02629858953438904,0.6,0.6370282514698584,0.04047632060972469,0.0,0.8,0.0,0.8,0.05898517910934116,0.30509268014985996,0.03763746552444932,0.06859410432052405,0.996045458528644,0.2796882048776004,0.991944555750881,0.7793256125508936,0.9101069242249326,0.7896218055175791,22.0,3.0,0.6763005780346821,0.16666666666666669,0.3333333333333333,0.0,0.0,0.0,0.0,0.0,0.0,0.0,0.0,0.0,0.0,0.0,0.0,1.0,0.0,0.0,0.0,1
VAR_002669,0.0029898025153726835,0.02562939986105707,0.02481724211933863,0.0025943071558996358,0.12440795939347936,0.0700825493646624,0.001172630263111769,0.006258833865128943,0.012903109250499341,0.04391172560835581,0.03660555832565989,8.0,0.611372653859856,0.22453650893276061,0.41831075334711415,0.5940632503176655,0.25023277890923107,0.2361048692802174,0.07787926416827423,0.0,1.0,6.970306460094503e-05,0.0,1.0,0.1923575006115119,1.0,0.0,0.1,0.061805121682416,0.4695690276612448,0.0631214805879082,0.02219893444608507,0.2088724584719123,0.0993153602018118,1.0,1.0,0.0,1.0,0.0,0.0,0.0099977963334046,0.0,0.0,0.0,1.0,1.0,1.0,5.0,3.9994202605606226e-17,0.0,4.0,4.0,0.7303588697343146,0.8817745079229129,0.7308717670959495,0.0,1.0,0.37185629812676,0.0648027037953685,0.0,0.0,0.264338076213191,1.0,2.0561179593692414e-09,0.1533600231611295,0.0025872045766076,0.0,0.1436179885429146,1.0,0.0999978612173001,1.0,0.2587200075168734,0.1773549999999991,0.0029242457736295834,1.0,1.0,0.0,7.529003505592216e-10,1.0,0.11092599999998716,0.0,8.118058700790202e-07,0.7868292011295934,0.0,0.0,0.0099012255870983,4.0,0.004760059738405624,0.7285086130824302,0.5615873139449825,0.0,0.4440874014377948,0.0,0.03834225824710301,0.0,0.43993288175138756,0.0,0.07280095892338355,0.0,0.4,0.0,0.235639588718276,0.0,0.0,0.22035105200021815,0.0,0.0,0.9684800132131108,0.0,0.0,0.7579196248937516,0.0,0.34134469947862556,0.0,0.6934002190817683,0.6010964438255862,0.01800597723556462,0.0,0.6234632093314822,0.0,0.7812533217576068,0.39961094459000324,0.5039395073509905,0.0,0.22690584359636484,0.8,0.5314457314124132,0.0,0.4026048280784549,0.0,0.06870358566228654,0.0,0.5459897571965764,0.5587697122987904,0.05252624228819864,0.0021355317480091797,0.0,0.5984049374961171,0.0,0.8,0.4229621231220879,0.49177208805912737,0.0,0.20022799154935308,0.6,0.011492768420000339,0.6561652523628833,0.2848704571573716,0.40448863456627454,0.0,0.25136856583357575,0.0,0.35473599373847053,0.0933686857477353,0.5540590732483762,0.2643877190519762,0.017574167998801356,0.0,0.8,0.0,0.6,0.040830667193550586,0.23067652769879468,0.06569252326468422,0.05465674219949387,0.992086829589194,0.1076579708599985,0.991763889241847,0.3459281070016269,0.6261591214225758,0.47630570825760576,10.0,16.0,0.5028901734104047,0.6666666666666666,0.3333333333333333,1.0,0.0,0.0,0.0,0.0,0.0,0.0,0.0,0.0,0.0,0.0,0.0,1.0,1.0,0.0,0.0,1
VAR_003120,0.08967406171719526,0.08047058706352087,0.264597064804203,5.731975843296255e-08,0.0023884235998889425,0.007615503271392972,0.08986622995326915,0.04115732554605806,0.024955061473513958,0.8242567677650205,0.1940943759409307,1.0,1.0,0.003185794916984952,0.0,0.9999999999999999,0.00011748379045484826,0.08555877583648767,0.09999790678598715,0.0,1.0,0.0999998694656362,1.0,1.0,1.0,1.0,1.0,0.9000000000276454,1.0,1.0,0.0999995657644245,1.4628118738537502e-05,1.0,0.0500367723444041,1.0,1.0,1.0,1.0,1.0,1.0,0.0379226930207371,0.0,1.0,0.1966928318933224,0.0,0.0,1.0,1.0,0.0584807243308116,0.0,3.0,3.0,1.0,0.7073772746610907,0.4297191830848983,1.0,1.0,0.00020045425093344828,0.0,1.0,1.0,1.0,1.0,0.1414796427119736,1.0,0.1873539988804439,1.0,1.0,1.0,0.0469748154099542,1.0,1.0,0.1549089966021928,0.001909549108166225,1.0,1.0,1.0,0.2513033067165864,1.0,0.10517671197376016,1.0,0.2921039476901744,1.0,0.0,1.0,0.059400603852491116,3.0,0.1946860957706927,1.0,0.1275068628084116,0.0,1.0,0.0,0.0545719939795871,0.0,0.0999999999999999,0.0,1.2615332014148905e-05,0.0,1.0,0.0,1.0,0.0,0.0,0.0002985822745624,0.0,0.0,1.0,1.0,0.0,1.0,0.0,0.703167755445141,0.0,0.0,0.971332464892012,6.812308458792701e-10,0.0,1.0,0.0,1.0,0.012283348146594,0.2687383020290218,0.0,0.24257845123465901,1.0,0.4041418615827137,0.0,1.0,0.0,0.0026460473211112,0.0,0.0,2.026710501527865e-10,0.03693759361174209,0.012676005718817673,0.0,1.0,0.0,1.0,0.044699105772388,0.5537267014453257,0.0,1.0034990496276462e-05,1.0,0.12526276564883043,0.0,4.4132905156193295e-06,0.00021099759850306225,0.0,1.0,0.0,1.0,0.09999999946276698,1.0,0.6567706290913069,0.0842997585672195,0.0,1.0,0.0,1.0,1.1063263902251595e-06,1.0,0.0459326602548744,0.09987004081681469,0.7990967106098799,0.7177301548906801,0.0023794868464159,0.2563594177672309,0.6003373097516419,0.4332831251630519,17.0,17.0,0.26589595375722547,0.33333333333333337,1.0,0.0,0.0,0.0,0.0,0.0,0.0,0.0,0.0,0.0,0.0,0.0,0.0,1.0,1.0,0.0,0.0,1
VAR_002827,0.021318488641213017,7.315673367577696e-08,5.2326747521753295e-08,0.00497214075883437,0.0732850492547271,0.00015730339237974726,0.022086452244434902,0.03803689981666213,3.4818939558859883e-05,3.1245879643726997e-07,0.005916964986114805,28.0,0.6767887405393292,0.10674876720401816,0.35995665085820916,0.21933640918175307,0.031652711757080856,0.4018356751241281,0.23581510613043366,0.0,0.0,4.427263169451501e-09,1.0,0.0,0.0,1.0,1.0,4.5460091954090963e-05,0.0374130910182294,0.3623862178909779,8.118129476157573e-12,8.778058728449651e-11,1.0,0.099999984755155,0.0,1.0,1.0,0.0,0.0,1.0,3.2229110641731157e-10,1.0,1.0,0.3790173533457259,1.0,1.0,1.0,3.0,9.089249343317315e-10,0.0,4.0,4.0,0.8642095120276965,0.9636233058326291,0.8512470105862926,1.0,1.0,0.9711902810131811,0.4526445514118337,1.0,1.0,0.017771350766662194,1.0,0.021969,0.1147239998996853,0.0183330000002905,1.0,1.0,1.0,0.5314597070735285,1.0,1.0,0.203332324038634,0.03927047853407893,0.9770302210163716,1.0,0.5338970344721878,0.24723990858607606,1.0,0.025772952301528342,1.0,0.0696703614904527,1.0,1.0,1.0,0.01485017968190587,4.0,0.024691761479835803,1.0,1.0,0.0,0.0104991750124,0.0,0.0473292813493967,0.0,0.0003271726730482,0.0,1.107868647765942e-10,0.0,1.0,0.0,1.0,0.0,0.0,0.0691817305401898,0.0,0.0,1.0,0.0,0.0,0.0834831787327615,0.0,0.9254992016056508,0.0,0.0,2.480483309337122e-06,0.0999999999999896,0.0,1.0,0.0,1.0,4.109913268703125e-16,0.0146228401329829,0.0,0.202552012998396,0.7212822644070798,1.0,0.0,0.5401230606865537,0.0,0.0999970902224649,0.0,0.4397782196762645,0.14873371229073198,0.09999999725197312,0.000608842428014738,0.0,1.0,0.0,1.0,0.592697019597929,0.6087562089996423,0.0,0.5574828547643559,1.0,0.02823661272961021,0.0,0.214354736292605,0.033700668151478,0.0,0.4101277408462905,0.0,1.0,0.002801445883257537,0.0,0.9999999984153229,0.0993671469004575,0.0,1.0,0.0,1.0,1.3436351661010738e-09,0.0,2.2355800908623378e-07,0.04402049704799989,0.9948824290835536,1.0,1.0,0.686640917995017,0.9797125402120905,0.7734248098321217,9.0,22.0,0.46242774566473993,1.0,0.5,0.0,1.0,0.0,0.0,0.0,0.0,0.0,0.0,0.0,0.0,0.0,0.0,0.0,1.0,1.0,0.0,1
VAR_002840,0.00036455447997512215,0.00014731505034214513,7.285493048352638e-07,1.7755250332526184e-05,0.0017701635528354289,0.0019755100799559644,0.0005434504062827908,5.6087225488242804e-05,0.0001654012989088769,0.00028250837876146875,0.3125061677002414,16.0,0.9034855871682279,0.2670196691266908,0.24262704280915526,0.03416906587014889,0.4013503645332939,0.2218343609538014,0.405249409861378,0.2,0.605892007921092,0.048419119765002225,0.2563936984759928,0.8,0.4272792669319464,0.8,0.0,0.038515384768002245,0.04654582641356515,0.42302135951142816,0.07891149594747385,0.01637906194325856,1.0,0.06452726668657272,0.6631621859928577,0.43018748838018306,1.0,0.6,0.21670095246039006,0.8,0.22881573464876065,0.8,0.8,0.36055637779663946,0.6,1.0,1.0,7.0,0.08650883390608012,0.2,1.0,1.0,0.8630028725945966,0.9872824323971303,0.7892573157585647,0.9262201024179355,0.8,0.4945574762859525,0.30744868932315805,0.6,0.21633213938587387,0.24018371799133603,0.4,0.10260201445724275,0.23988736730781968,0.17379206610990458,0.8,0.2,0.2768873636367558,0.07974224813373723,0.4,0.22372387415142253,0.18151573983182862,0.004417722876565415,0.45353343254618306,0.5804288931860249,0.3262877582489463,0.17269773012873119,0.4799017794606314,0.026193003271884327,0.346819177334698,0.05030276912820595,0.4299203555514125,0.4,0.6,0.010199342532854937,1.0,0.009726237757858799,0.38965899481731603,0.5083217133317153,0.0,0.24034569693246532,0.0,0.06819388570818744,0.0,0.08760750556244672,0.0,0.06276454527505769,0.0,0.6859145291414024,0.0,0.8,0.0,0.0,0.03913971854774998,0.0,0.0,0.8,0.4,0.0,0.5419222859934687,0.0,0.4380602719070117,0.0,0.1422277673072016,0.08423758562245871,0.04449619790166055,0.0,0.7378036734945808,0.0,1.0,0.20039792608711735,0.20568159185837392,0.0,0.7298033437966509,0.8,0.0,0.0,0.4888732171952729,0.0,0.07687255850066757,0.0,0.4,0.43966492321472816,0.05296571964198746,0.01113037181420245,0.0,0.7499964425468528,0.0,0.8,0.5999766959726187,0.20106955047128255,0.0,0.7339603247631483,0.0,0.0034062700813595813,1.0,0.001200070399624,0.994995325888442,0.0,0.0,0.0,0.3483796171710782,0.0,0.0,0.320426947925499,9.599219331375644e-05,0.0,1.0,0.0,0.8046502253974035,1.1911021823375938e-05,0.0,0.0999729467111847,0.09940301989102499,0.9934913464639356,0.9815569911411466,1.0,0.9651165715155385,0.9961495501169597,0.9644918620998495,21.0,7.0,0.2138728323699422,0.0,0.6666666666666666,0.0,0.0,0.0,0.0,0.0,0.0,0.0,0.0,0.0,0.0,0.0,1.0,1.0,0.0,1.0,0.0,1
VAR_002760,0.006583589411985302,0.017330550581001566,0.007378765971351933,0.0011893865819359137,0.10541003297304617,0.0003698735555432252,0.008594710177673728,0.005882925646151161,0.005465034197038771,0.002449413857751415,0.017194046903954346,8.0,0.6800044086079646,0.1930191195462999,0.0511835289177545,0.23918421534348727,0.43059771152048165,0.22000225378090862,0.22542573608564853,0.8,0.6230962758389499,0.09911267119867122,0.3953925557721837,0.6,0.37390451642682265,0.8,0.6,0.042567772120633875,0.04693495834523519,0.5506616433891133,0.06495080478648828,0.17246147517954716,0.4,0.07933447757165266,0.6,0.4,0.6,0.494277753448878,0.6,0.8,0.04079262739305561,0.8,1.0,0.2985308851678174,0.6,0.6,1.0,7.0,0.22613819769307814,0.6,1.0,1.0,0.8185614777182637,0.9507162530889923,0.8580085163445783,0.3790512055512553,0.4,0.5840977508416169,0.06368726119113519,1.0,0.6,0.048463955872441955,1.0,0.05977482048777842,0.04433311242733471,0.05930841105106025,0.4,0.0,0.7439870973501959,0.1870322382467255,0.8,0.040500387842115695,0.15280678781499635,0.0024534729450754397,0.3233131519840543,0.6,0.5233013428154554,0.26780328616604315,0.6105065505434737,0.032060130712836095,0.4235993259997553,0.0561498443386651,0.22653861992536517,0.4,0.6,0.026131873314492512,1.0,0.02890713490447342,0.617476395475737,0.5007533785577735,0.0,0.2785704794430254,0.0,0.08300494532652873,0.0,0.050561115360334516,0.0,0.03564671841261197,0.0,0.5485770390366054,0.0,0.6905686442974439,0.0,0.0,0.09932756135117718,0.0,0.0,0.9134113572896709,0.4,0.0,0.17132267371106596,0.0,0.5404195852194865,0.0,0.5248837852091706,0.6767934873970215,0.06099868545656466,0.0,0.1378036734945808,0.0,0.6789418419053533,0.40566579334774855,0.134534101709227,0.0,0.7781564470657598,0.5636525344723736,0.316479889103524,0.0,0.26206773864749516,0.0,0.07753734801315285,0.0,0.20547801505801874,0.5143280218182921,0.07284405641386019,0.00030251028434936727,0.0,0.8,0.0,0.8,0.43105202455634173,0.40043672917505846,0.0,0.6152393215841999,0.8,0.006240163741746603,0.8,0.441013100636028,0.22879214839305462,0.0,0.2519355239994111,0.0,0.3604071765539093,0.06944793019290879,0.8391252949077916,0.5584999500026538,0.05178333184387338,0.0,1.0,0.0,0.2,0.045734600217362815,0.6017372248583466,0.07651674611667318,0.039368207628363905,0.9835144665892784,0.9914623162839143,1.0,0.9004203653127283,1.0,0.9649707666345562,17.0,14.0,0.4335260115606937,0.33333333333333337,0.6666666666666666,0.0,0.0,0.0,0.0,0.0,0.0,0.0,0.0,0.0,0.0,1.0,0.0,1.0,0.0,0.0,0.0,1
VAR_002910,0.00047300239596251206,0.00043784769824598013,0.0038308780570116543,1.5529963285325635e-16,1.762315856017994e-07,0.0011221940452688364,7.930872348016115e-09,0.00433791495275919,2.317995991795192e-09,0.02746834020387705,0.16018026966642332,15.0,0.64193490811921,0.23440809368385018,0.3631126379241795,0.05875052803033539,0.21135384261399812,0.42183432214843863,0.2168995711155588,0.4,0.4,0.05997045741837613,0.25530246876237256,0.8,0.8,0.4,0.7978449264477991,0.26001905535447706,0.06313573524232395,0.2225677180808278,0.014150159556222976,0.01440763614782021,0.8,0.050460198610178184,0.8,1.0,0.8,0.8,0.5281032601662788,0.2,0.01917139906659677,0.6,0.7904951609280969,0.2447784596977535,0.6,0.6,1.0,7.0,0.07440166973513579,0.6,1.0,1.0,0.7813546567446952,0.9768872552897833,0.8460720856587272,0.8020438509691757,0.4,0.4357743613628172,0.4150778889879721,0.8,0.6,0.3771180997600151,0.8,0.18805429977213323,0.3567596955272646,0.08286967154441927,0.4,0.8,0.22610371527657294,0.26739542712746206,0.6,0.27222690888368534,0.24355329481764082,0.007162366550134127,0.42512860188996743,0.4,0.5061461698774117,0.3519724458882979,0.7379808167888046,0.047625182520784314,0.5328225617644529,0.25797956680422957,0.4,0.8,1.0,0.13287877586202024,1.0,0.024270103169165724,0.6,0.29384543968368804,0.0,0.0591124748216585,0.0,0.07451454624960004,0.0,0.08076146221005345,0.0,0.03381963245120728,0.0,0.3852249933076557,0.0,0.8,0.0,0.0,0.2599336740658066,0.0,0.0,0.8584461195825996,0.8,0.0,0.3725426159161871,0.0,0.06451384472869662,0.0,0.5576606512109261,0.5632588582244994,0.05927416098569558,0.0,0.7317291378136817,0.0,0.6,0.3299221672894564,0.2,0.0,0.7426610211178024,0.9256444106270081,0.4,0.0,0.24007496668196465,0.0,0.039848111035492254,0.0,0.43307915823539744,0.6052765822609408,0.09315679110488284,0.028288079862884122,0.0,0.6,0.0,0.8,0.5985806717944705,0.19863734077861134,0.0,0.2669599632823428,0.0,5.875683480948725e-06,1.0,0.884805865028484,0.9998738982283529,0.0,0.3646690394990048,0.0,0.0,0.05634240777604786,1.0,0.00014016633356622556,4.417500132624271e-05,0.0,1.0,0.0,0.0,1.3206368970765041e-08,0.0,0.0402210464021041,0.09999659941430669,1.0,0.9578679139114524,0.9954565698243156,0.932331085204322,0.9963790914218892,0.9684880423969646,9.0,21.0,0.17919075144508673,0.33333333333333337,0.5,0.0,0.0,0.0,0.0,0.0,0.0,0.0,0.0,0.0,0.0,1.0,0.0,1.0,0.0,0.0,0.0,1
VAR_002558,0.054863543988705285,2.6307671383745844e-05,6.963671676836554e-05,3.385471469499064e-05,0.00024133895772556198,5.162952789465181e-10,0.0005425034398032125,0.0002045380708882634,0.00012364147375507867,0.0028324554388400596,0.006492816793549858,16.0,0.6767887405393292,0.10676729810889685,0.35995665085820916,0.04300414943141721,0.03147188876470906,0.42183432214502353,0.3994444308501162,0.2,0.6944740773053679,0.039777349124897866,0.4886978081157821,1.0,0.4,0.6,0.8,0.0737731354827241,0.06030025587738095,0.40221046889050543,0.02142616822632332,0.0035268530524490394,1.0,0.05099057234467429,0.6,1.0,1.0,1.0,0.0,1.0,0.0005833350320656,0.0,0.3147623879355123,0.0,1.0,0.0,1.0,3.0,0.0999977953255971,1.0,4.0,4.0,0.7308041159050032,0.9409619230745914,0.8463966107885347,1.0,1.0,0.32759175755692305,0.7126128060215721,0.0,1.0,0.0999999491555516,1.0,0.0999999999963875,0.0999999237901907,0.0131400446424153,1.0,1.0,0.4242352993906257,0.0981324093634907,1.0,0.0999999999999996,1.1381369242158486e-06,0.0029265625301005713,0.0,1.0,0.1053919957681757,0.0759369622039795,0.0468087413507195,0.002757419450457633,0.0934358665800961,0.0999993138574736,0.0,0.0,0.8,0.08958618449627768,4.0,0.0012919231386704481,0.5937013170316746,0.2755241998105515,0.0,0.04350582444109322,0.0,0.020265620062054023,0.0,0.24095321124224833,0.0,0.022163095148759387,0.0,0.4330012674492313,0.0,0.6342698370839273,0.0,0.0,0.040008254390257604,0.0,0.0,0.8,0.4357780644784194,0.0,0.07335957782387854,0.0,0.31816135844350774,0.0,0.0916146168808356,0.5415606240763727,0.02498940747177094,0.0,0.9320112316020595,0.0,0.4,0.18791207140185368,0.5743771519114602,0.0,0.3011146293636275,0.4,0.5898644738151161,0.0,0.20618669908345696,0.0,0.07858041002987474,0.0,0.36878378577458126,0.7892679225806626,0.03976123633299483,0.0012987724239244866,0.0,0.661750814180922,0.0,0.4,0.595268158453661,0.2,0.0,0.3994126724240531,1.0,8.342757847712261e-07,1.0,0.008093207869943,0.150661101063187,0.0,0.0,0.0,1.0,0.007862804467188563,0.0,0.162440721208088,3.9117585507211425e-05,0.0,0.0,0.0,1.0,1.743550134286106e-05,0.2594443942923579,0.0896190452279672,0.00020964043788108478,1.0,0.9217351135112536,1.0,0.7862354941270141,0.924258346640726,0.7955140648664922,4.0,22.0,0.9248554913294798,0.0,0.3333333333333333,0.0,0.0,1.0,0.0,0.0,0.0,0.0,0.0,0.0,0.0,0.0,0.0,1.0,1.0,1.0,0.0,1
VAR_002679,0.0036220212257578738,0.008972781493482558,0.005913112592685314,0.0035232296371426504,0.21651506243191934,0.001573453796011376,0.009140114546269992,0.00799082488786368,0.0031792778279325852,0.0034064266223417126,0.027919344838123392,8.0,0.7148582410280839,0.10331687523163724,0.19313105675376754,0.4193364091817531,0.03167620851517183,0.39894746843436707,0.23897510491322277,0.4,0.6230962758389499,0.07922805474757326,0.5953925557721836,0.8,0.5739045164268226,0.8,0.4,0.06019802539986389,0.03332258805956954,0.6132379102866661,0.07584968590806822,0.03639370223577609,0.8,0.07440508981172719,0.8,0.4,0.8,0.494277753448878,0.6,0.8,0.21415334909712622,0.8,1.0,0.2985308851678174,0.8,0.6,1.0,7.0,0.22796201954806578,0.4,1.0,1.0,0.8843915586683706,0.9756704763712363,0.7804666084922088,0.3790512055512553,0.4,0.5959110371605635,0.25062381798148736,0.6,0.4082968075949333,0.3519105234684058,0.8,0.05979732879650747,0.36372629716030164,0.0390878779055578,0.6,0.6,0.5442279488199315,0.02598073806541843,0.6,0.03999638084365123,0.13608271368800892,0.002410510562773529,0.5233131519840544,0.5125699585301324,0.2597596142494548,0.06468124782507248,0.4,0.03707264292078566,0.4708859537156635,0.08726982962644039,0.22653861992536517,0.6,0.4,0.031719728383430255,1.0,0.017422105397883577,0.4323312228177003,0.22788840568845736,0.0,0.06750966919763571,0.0,0.06874375347408584,0.0,0.24681979533217793,0.0,0.07873847970712264,0.0,0.3875967105420128,0.0,0.6905686442974439,0.0,0.0,0.05918774036246072,0.0,0.0,0.5134113572896709,0.6,0.0,0.2818306896400927,0.0,0.5131946461101264,0.0,0.346920683835142,0.5400885995503028,0.04417977175434325,0.0,0.21333166149121116,0.0,0.4789418419053534,0.6063177650169056,0.13547747629695858,0.0,0.5988525240174687,0.6144905627181807,0.16968727950361143,0.0,0.1867376205706252,0.0,0.09758582161946114,0.0,0.45407251084987016,0.48871462905831764,0.045837090094314185,0.00034374473495680916,0.0,0.8733107575682155,0.0,0.8,0.22716473813768406,0.21930474833331873,0.0,0.5613349156508809,0.4,0.0022577080863583087,0.4,0.7932510243546507,0.3483001601365836,0.0,0.2748344034848101,0.0,0.7415524886335385,0.03908052373175913,1.0,0.6643267830326699,0.05954735862364687,0.0,0.6,0.0,0.6,0.06279957304386345,0.6,0.05755216034510038,0.038812530616323095,0.9939182138482774,0.9534027117196072,0.9640422704608974,0.9540050970137038,1.0,0.9765686653014576,17.0,21.0,0.4855491329479769,0.6666666666666666,1.0,0.0,0.0,0.0,0.0,0.0,0.0,0.0,0.0,0.0,0.0,0.0,0.0,1.0,0.0,0.0,0.0,1
VAR_002820,0.001916611159807958,0.0009621399827414437,0.023651925037452955,0.0003434585326381978,0.16832249902360788,0.01702028048413287,0.0011927843240076448,0.00041914202822149833,0.012782288416253035,0.3102899719600364,0.030999878230684848,8.0,0.611372653859856,0.024555039837639403,0.21831075334711417,0.41773097388162644,0.2492958248296368,0.25610486993761106,0.2604089651090234,0.3773721884571506,0.2,8.88032941133462e-05,0.326616047940046,0.4,0.14824961972391015,0.2,0.4,0.07321891964180607,0.05236072096110006,0.12996782568389104,0.032601446700221394,0.019732695598172437,0.6417744916943825,0.05674746605229221,0.8,0.6,0.4,1.0,0.8,0.4,0.2219525591857105,0.2,0.4,0.8,0.8,0.8,1.0,7.0,0.0016386997110111907,0.4,1.0,1.0,0.8497339810416216,0.512764500353407,0.3371536500545604,0.6,0.6,0.2743699851275018,0.4129605407590737,0.4,0.4,0.2873635849953719,0.8,0.042553908809652055,0.2307104300191421,0.0047667358271061295,0.2,0.6287235977085829,0.4,0.081173029889895,0.4,0.1681847816507366,0.12850706260465936,0.005246934477150607,0.33885436037695965,0.6983736580887802,0.3558134702342267,0.04559566976087459,0.6996921831814583,0.2431520753340303,0.2445689946402967,0.06010664747383863,0.5573658402259187,0.4,0.4,0.11836991293724691,1.0,0.009392659510145002,0.7285086130824302,0.7202660731866007,0.0,0.2755498134593591,0.0,0.03624061898205285,0.0,0.40655775564852564,0.0,0.03200100412937997,0.0,0.2,0.0,0.4,0.0,0.0,0.05169472979153854,0.0,0.0,0.6,0.3383990316316706,0.0,0.5865001463435853,0.0,0.23628239101747903,0.0,0.6344731827731611,0.43603416375777315,0.048330898090117924,0.0,0.3595147608317461,0.0,0.8424242602753598,0.3862358282545739,0.162759498184789,0.0,0.42024269787512136,1.0,0.26584310935334066,0.0,0.48509692870654275,0.0,0.0667536913778782,0.0,0.3230298440548599,0.5136271973496662,0.0227183177105271,0.014452184996797018,0.0,0.4,0.0,0.8,0.9973908935996161,0.21173989795533427,0.0,0.37872456235422064,0.2,0.007594237564061534,0.6,0.4012583747263604,0.07429621458773912,0.0,0.0,0.0,0.4552703749826434,0.04352516750541389,0.6,0.40085858955232084,0.060025680154663516,0.0,0.9084794994171295,0.0,0.6,0.02005504867215613,0.43067652769879466,0.0012279917380537634,0.042862432824936875,0.2793385078829242,1.0,0.0,0.22150017996745056,0.6284548134368884,0.36719979107251216,8.0,16.0,0.46242774566473993,0.5,0.6666666666666666,0.0,0.0,0.0,0.0,0.0,0.0,0.0,0.0,0.0,0.0,0.0,0.0,1.0,0.0,0.0,0.0,1
VAR_002929,0.0006487692685098837,1.5264406201538546e-05,0.0399519915326044,8.83746521398677e-11,0.3189223613000712,0.2642540748394612,0.0028229300726690205,0.02832790466254728,0.01615251931150098,0.15323566758652266,0.00895355050459748,16.0,0.5148582410280839,0.15532108084964225,0.31583428125428603,0.06779854340382357,0.4123157777811555,0.25899266127820697,0.4377198951405088,0.3754135807234955,0.2,0.08009596190110702,0.2,0.8,0.6740920770721299,1.0,0.8,0.2199877145794306,0.22314728407514178,0.6880876710388244,0.019789914530338328,0.032959837729553826,0.6,0.07323973721065384,0.8,1.0,1.0,1.0,0.0,1.0,0.0999954149920175,1.0,1.0,0.0,0.0,1.0,1.0,0.0,0.0024069821893111,0.0,3.0,3.0,0.8316995202679602,0.9217186528337249,0.8201422432100647,0.0,0.0,4.490533424217028e-08,1.0,0.0,1.0,0.0902467333094672,0.0,0.1497519982734846,0.0929290517507713,0.0999411539235179,1.0,1.0,0.5336805573440314,0.0998393212666401,0.0,5.311902450353612e-07,0.0914029053408192,2.2166741996617507e-12,1.0,0.0,0.0,3.5050656110197724e-13,0.540290169816447,0.08857600612806725,0.0,0.3459569761962154,0.1088667207759165,1.0,1.0,0.0796902913616981,3.0,0.004800734617743512,0.8,0.6390214299517971,0.0,0.42364185180970215,0.0,0.04003709818265242,0.0,0.06063740311587248,0.0,0.236047070122648,0.0,0.8,0.0,0.8,0.0,0.0,0.053369634631560206,0.0,0.0,1.0,0.4,0.0,0.4711704007986688,0.0,0.4739609767451186,0.0,0.38275029082290446,0.5693219904090374,0.24744103685031366,0.0,0.9637585630460721,0.0,1.0,0.39455633328484346,0.03513756095984682,0.0,0.7451124203076485,0.8,0.4,0.0,0.46561723761706364,0.0,0.04637822643069677,0.0,0.25108606975978354,0.4408185176591717,0.24087310775793988,0.061974754748471,0.0,1.0,0.0,0.8,0.41789380981786245,0.29997997096680096,0.0,0.7999220701472395,0.0,0.0,0.0,0.92359778290271,0.035112396051117996,0.0,0.0,0.0,0.0,0.04552873169817598,1.0,0.0005940417631673401,0.0983887215056013,0.0,1.0,0.0,0.0,0.00012803945432673488,0.0,0.0860076595392468,0.09827103955696238,0.9792026109336625,1.0,0.9668117356905832,0.501808575540943,0.9686471491102151,0.6585196091147829,11.0,6.0,0.4219653179190752,0.5,1.0,0.0,0.0,0.0,0.0,0.0,0.0,0.0,0.0,0.0,0.0,0.0,0.0,1.0,1.0,1.0,1.0,1
VAR_002707,0.06370426421411939,0.09729874038048465,0.029705353771009788,0.2007107468745416,0.14165063148590218,0.03235897439988196,0.0424421400912564,0.08031789174003294,0.06579941993828742,0.2309355488998942,0.22724477520645936,8.0,0.64193490811921,0.14796769388463654,0.21800912302219616,0.062418233900271736,0.23041688852810988,0.26000086265886274,0.3994342032575549,0.5414410206280339,0.23968084483173052,0.07963717608454043,0.4,1.0,0.6,0.8,1.0,0.42870874129736664,0.020101822451852644,0.3954116465946617,0.05840203328216673,0.08487759335098634,0.8,0.022013710979351255,0.4887006622010624,0.6,0.8,0.6,0.6520111201665394,0.6,0.06070291335293228,0.6,0.8,0.2,0.6,0.6,1.0,7.0,0.23960618863134292,0.6,2.0,2.0,0.8800811266032533,0.9700393429666769,0.8525622252774863,0.2,0.4,0.5942410472194924,0.4,0.8,0.2,0.24001992782202328,0.4,0.12162822020411508,0.2248306884895698,0.09874948485540651,0.4,0.6,0.4024175063610279,0.23999989436633787,0.6,0.26448293489355723,0.2098803357072792,0.2001043130942721,0.26974823252649144,0.4,0.2682149707528521,0.3066538112006243,0.514419056208383,0.08471677072071568,0.3798233565681869,0.17795444170958635,0.5868290445768045,0.8,0.8,0.12228371648997931,2.0,0.23485216835039513,0.8451123101867883,0.040327260460121715,0.0,0.22759244343406587,0.0,0.2200020752997617,0.0,0.23104304891443378,0.0,0.030791900853930253,0.0,0.6878564581100152,0.0,0.8466110332162927,0.0,0.0,0.20000010309556723,0.0,0.0,0.768480013213111,0.42345096990620706,0.0,0.3045004123525904,0.0,0.5787159229024781,0.0,0.5355076503946763,0.5999364027542087,0.02900359863038196,0.0,0.6,0.0,0.4,0.6885898483008772,0.4246632897873365,0.0,0.17232137401896075,0.8,0.4,0.0,0.27661838783795056,0.0,0.2790569022471249,0.0,0.24823871605303496,0.6042695782506449,0.07940523709412048,0.0018701159295649254,0.0,0.5984049374961171,0.0,0.68221554072664,0.6955530158699705,0.5132274070361109,0.0,0.6109173257765259,1.0,0.0639329507454762,0.2,0.19999644301723773,0.5754012809336295,0.0,0.369807948622673,0.0,0.4,0.02002933834875519,0.4,0.4719133621010684,0.25560298276241283,0.0,0.8,0.0,0.4,0.06028314074452595,0.6,0.09318077842936012,0.004686901133432954,0.9762219161515652,0.9683995915195368,1.0,0.8184698332519411,0.9135377781672425,0.7981298958780052,2.0,19.0,0.2890173410404625,0.33333333333333337,0.6666666666666666,0.0,0.0,0.0,0.0,0.0,0.0,0.0,0.0,0.0,0.0,0.0,0.0,1.0,0.0,0.0,0.0,1
VAR_002833,0.0257091364736028,0.005083511778044514,0.00012630401659237457,0.06973545738498177,0.04432390977039864,0.052479902159511926,0.009811072613779935,0.04129000680370321,0.009586245991756406,0.06946532509465948,0.15157157121900594,8.0,0.7651461675798807,0.3158986293076463,0.27096272646847225,0.048310009168940425,0.7988519346970478,0.07899176246046054,0.24413841032262124,0.6,0.6,0.03187249503727176,0.15518547524330895,1.0,0.0,0.8,0.5876088174056511,0.0625231835872502,0.05924763648617304,0.4382207648579888,0.03941535609732745,0.00415770785793511,0.4,0.09719490747215442,0.46316218599285774,0.5192036476873693,0.6,0.8,0.36401493734626145,0.6,0.252082563188894,1.0,0.6,0.628019574057504,0.6,0.8,1.0,7.0,0.08001681614095461,0.6,3.0,3.0,0.8621492066507539,0.9787549000037281,0.8384959056663759,0.6,0.2,0.4293039475049973,0.5182528704832621,0.2,0.7781820111081827,0.043945951711818636,0.6,0.05774569553295474,0.06503800387714273,0.03943889023013578,0.4,0.4,0.5209592005644814,0.11701406915675101,0.6,0.296905728788656,0.08814867467438456,0.0008505411017872676,0.2883158901364646,0.4,0.24667056936872322,0.14526501377435647,0.5897669687401439,0.042253943020926235,0.09020539364996356,0.03429067410637757,0.6614683529280283,1.0,0.6,0.036764981103179786,3.0,0.09758654899164068,0.7851451726580366,0.5399865665616741,0.0,0.45859530762811856,0.0,0.26231562189830415,0.0,0.2635512851892507,0.0,0.2278136441649249,0.0,0.658133997037608,0.0,0.8132984189490285,0.0,0.0,0.06009139703461458,0.0,0.0,1.0,0.6,0.0,0.371322673711066,0.0,0.5359681378934882,0.0,0.8,0.4397246626383397,0.25920870727842826,0.0,0.5378036734945808,0.0,1.0,0.49482761269788034,0.42281072849339035,0.0,0.5816136972749271,0.8235175611271848,0.4,0.0,0.5187428205007354,0.0,0.21757622146635763,0.0,0.2,0.5961999150100958,0.27568534913409165,0.020073426711383884,0.0,0.7789002055560751,0.0,1.0,0.7689575203244989,0.6502584220963927,0.0,0.6022004119083681,0.6,0.02623702880014391,0.5504441410322285,0.726511075460084,0.5420114438621773,0.0,0.2393203882212933,0.0,0.9078195369700891,0.042345223985312846,0.6,0.5554657225404811,0.23943539230678876,0.0,1.0,0.0,1.0,0.04195272433871287,0.7068299050082065,0.06971228596450528,0.04097391148177348,1.0,1.0,0.9710598252055328,0.9367314202343432,0.9542640003338518,0.9472233011699769,15.0,5.0,0.47976878612716767,0.8333333333333333,0.3333333333333333,0.0,0.0,0.0,0.0,1.0,0.0,0.0,0.0,0.0,0.0,0.0,0.0,1.0,0.0,0.0,0.0,1
VAR_003118,0.00036554375092597154,2.0553185552881418e-05,0.0008715924436672811,2.9684111813436377e-05,0.11120376392516323,8.792595740888376e-09,0.005444608242902976,5.073945848799444e-13,2.3307978925851634e-05,0.0022098473785009324,0.011155030584733824,16.0,0.7148582410280839,0.2043913421544336,0.19313105675376754,0.2330723733389214,0.05165258927162583,0.4018357139295047,0.4189755235560253,0.2,0.2,0.07965796599852171,0.5475316869849427,1.0,0.7599257411767434,0.8,0.8,0.24095404763884892,0.23717612552487893,0.6566017501884293,0.026245716423057192,0.026953112197366184,1.0,0.23937913980060407,0.8,0.6,0.8,0.8,0.6891823978139289,0.8,0.05172329167462779,0.6,0.8,0.5211000553861636,0.8,0.6,0.8,7.0,0.43259162160342035,0.6,3.0,3.0,0.9940830607334774,1.0000000000000002,0.8478423312394388,0.3790512055512553,0.6,0.792880307339653,0.5556222868570961,1.0,0.6082968075949333,0.380869713660636,0.8,0.0755522642157865,0.3582127907122046,0.061072542797727024,0.8,0.6536134420796431,0.8,0.24001830593732176,0.8,0.46046257473487257,0.4038967886228658,0.011369288647020439,0.7805909031222648,0.5125699585301324,0.6,0.270876240083387,0.8273695189559073,0.09407177523608232,0.37133239524888606,0.13253576811644197,0.6954493014887511,0.6,0.6,0.0425342708067761,3.0,0.007862219406461517,0.6,0.03099009057798082,0.0,0.04698114714754235,0.0,0.048489309539244914,0.0,0.05960866429185713,0.0,0.07932412823452743,0.0,0.18759671054201282,0.0,0.8,0.0,0.0,0.04089043448319772,0.0,0.0,0.8,0.5849551395667046,0.0,0.39942948235998266,0.0,0.5286714697590367,0.0,0.49700726056300504,0.40192839361037297,0.0800076536517201,0.0,0.6133316614912111,0.0,0.14072313953526658,0.48037112138838434,0.5438281452467323,0.0,0.39885675676025306,0.6985888336386248,0.30065423757013987,0.0,0.358776735594391,0.0,0.060284075984111896,0.0,0.5547549367525956,0.5913984866550103,0.029472625194399676,0.0057046608451377994,0.0,0.40720938912246857,0.0,1.0,0.5664258163382284,0.2937373286445393,0.0,0.3614695541854782,0.0,0.0010771930583149227,1.0,0.9999999875843759,1.0,0.0,1.0,0.0,1.0,0.0064567747294556384,0.0,1.2385716566419273e-05,0.0233059486034548,0.0,0.0,0.0,1.0,0.09997154929909917,0.8281030336955144,5.980340285839346e-07,0.09998841892987148,1.0,0.7677484819469946,1.0,0.47510456195989936,0.9671769821971962,0.869066029809312,14.0,19.0,0.5260115606936416,0.33333333333333337,0.6666666666666666,0.0,0.0,0.0,0.0,0.0,1.0,0.0,0.0,0.0,0.0,0.0,0.0,1.0,0.0,1.0,0.0,1
VAR_002817,0.009510967663079174,0.027181588908541478,0.012954102184570425,0.001778494375050339,0.007488051985681855,0.062419111237494614,0.006844551078049047,0.011519616538219856,0.0014093108675231395,0.163261587662544,0.05053635002465051,8.0,0.8113726538598559,0.09730310890775268,0.19313105675376754,0.40300527092781296,0.049392749914892675,0.4189465696132055,0.24147762059250757,0.0,0.35445004986776896,0.06004179021473337,0.18276192423229579,0.8,0.43847150012230235,1.0,0.4,0.05494714536188117,0.03453151680208154,0.532079095044087,0.05032605042523617,0.028443487342130945,0.8417744916943825,0.08629842376270822,0.6,0.6285073618913775,0.6,0.8,0.4224636059929348,0.6,0.20395621957820048,0.4,0.8,0.6,0.6,0.6,1.0,7.0,0.03286781808758011,0.6,4.0,4.0,0.8640533260332415,0.8857372254029842,0.6575267458427988,1.0,1.0,0.9999999994537639,0.0,0.4911192956451281,0.8131784077543852,0.9000001260335988,1.0,0.0203872796952487,0.0986746924981408,2.2305794410852036e-05,1.0,1.0,0.4403987192953581,0.0485434501560868,0.0,0.0018265364411332995,2.919917190498899e-17,0.010536545860741826,0.0,0.0,0.4184508990483684,0.0019091727023794656,1.0,0.9999999726730211,0.0,0.0999999999999991,0.9302244287911378,0.0,0.0,0.018811762228142244,4.0,0.04089963523213184,0.5575831211354881,0.19198566421854862,0.0,0.05612607085096455,0.0,0.021238998278596745,0.0,0.4199648936657446,0.0,0.04275086247882265,0.0,0.5067960041113473,0.0,0.6366693389501534,0.0,0.0,0.03951176724813561,0.0,0.0,0.9684800132131108,0.2,0.0,0.3579196248937516,0.0,0.46332162389011183,0.0,0.49161461688083563,0.6724054877659346,0.07573675810945012,0.0,0.7269478400053583,0.0,0.2,0.20003519451274573,0.3816788792729573,0.0,0.4994545754436539,0.8,0.5898644738151161,0.0,0.19553153698161485,0.0,0.06507617104073445,0.0,0.5237349638020625,0.6076415966209621,0.07521760324076453,0.01921748136825211,0.0,0.4717156950643327,0.0,1.0,0.2005607374115698,0.057850059983822796,0.0,0.5602575627340082,1.0,0.023397213731532564,0.2808262618144163,0.058368466779091,0.348141110691128,0.0,0.4016980998872474,0.0,0.7736799686923526,0.0987107582573416,1.0,0.6101711487910609,6.551330674967479e-06,0.0,1.0,0.0,0.0,0.004156336294025135,0.0,0.0385500534598177,0.09999999999993799,1.0,0.9907432055277416,0.9730982117018702,0.44929349373431726,0.5982217870722024,0.5733520381765793,10.0,21.0,0.6647398843930636,0.33333333333333337,0.3333333333333333,1.0,0.0,0.0,0.0,0.0,0.0,0.0,0.0,0.0,0.0,0.0,0.0,1.0,0.0,0.0,0.0,0
VAR_002566,0.019818533716104196,0.02179117666333743,3.4480556511926977e-11,2.419387899260291e-10,1.9124112606204947e-06,3.4299858734090065e-06,0.021663235847953682,0.026787004595192877,0.00019511362201658924,0.0012642061409457203,0.023669191817143814,15.0,0.7148582410280839,0.25353034967675353,0.19313105675376754,0.053506095023241114,0.23240872036411261,0.4018343602913243,0.4065178166604959,1.0,1.0,8.24863951152851e-07,0.0,1.0,0.0,1.0,0.0,0.099999968515747,0.0999954360057472,0.6726218301238585,0.0999999999989404,2.9702893134360075e-08,1.0,0.0999999989128308,0.3158109299642885,0.0,1.0,1.0,0.0,1.0,0.0999958954497237,1.0,1.0,1.0,1.0,1.0,1.0,5.0,0.0999971616588734,0.0,3.0,3.0,0.7504118688992696,0.9435134930429192,0.8119266133833011,0.6095169225581755,1.0,0.00043290772460680973,0.904073325052345,1.0,0.0,0.2063005253456726,1.0,0.00021056797255029918,0.0901942992750345,0.0212150637578507,1.0,0.2973622822429236,0.0,0.0999921992174647,1.0,0.0157920202947233,0.000397871865308,0.0018454986613326363,0.0483708721720256,0.0,0.0,0.09999971233759804,0.0,0.1954640638030856,0.0,1.0532080563813027e-08,0.3312678516809478,1.0,1.0,0.00495013752709273,3.0,0.022110133473512275,0.0,0.9561817061836384,0.0,0.0999462795326413,0.0,0.0896745502303212,0.0,0.0470376029869678,0.0,0.08116173022783489,0.0,1.0,0.0,1.0,0.0,0.0,0.0999999967186704,0.0,0.0,1.0,1.0,0.0,0.1160710735468371,0.0,0.7945692061007141,0.0,0.0,1.01617972499284e-07,0.0999999824283615,0.0,0.689018367472904,0.0,1.0,0.00047895313066483524,0.0,0.0,0.893083243786358,1.0,0.0,0.0,0.2609640654633878,0.0,0.0878811069824007,0.0,0.0,0.970046325392584,0.0784787955189617,3.117051677176139e-07,0.0,1.0,0.0,1.0,0.999999999948301,0.0,0.0,0.07635240418224629,1.0,0.01966732158066777,0.0,0.9999986280649641,0.000194261989056342,0.0,0.1105588911217173,0.0,0.6295806942664671,0.09997504802667632,1.0,0.8838952792129651,1.311245992160703e-12,0.0,1.0,0.0,1.0,0.09999999986469636,0.0086861242917329,0.0959943183496076,4.353830918652895e-05,1.0,1.0,0.9888807391213654,0.7881417499171021,0.9646075187399327,0.8959623762238079,15.0,10.0,0.4566473988439307,0.6666666666666666,0.3333333333333333,0.0,0.0,0.0,1.0,0.0,0.0,0.0,0.0,0.0,0.0,0.0,0.0,1.0,1.0,0.0,0.0,1
VAR_003153,0.0009434744946618195,1.5129291127305542e-07,3.1301526750056146e-13,0.0008051161124630919,0.1930593217041818,1.6089517856181434e-05,0.0005430598320257481,8.914629497952213e-08,0.005059954150987942,0.07074155321617222,0.0016705704350736114,19.0,0.6767887405393292,0.10674876720401816,0.35995665085820916,0.21933640918175304,0.031652711757080856,0.4018356751241282,0.23581510613043372,0.0,1.0,0.0031298687110344,0.0,0.0,0.1600238187180972,1.0,0.0,1.1239910506109868e-11,9.401873899562668e-05,0.751310020471101,5.4807408464873665e-05,1.5827931250260927e-12,1.0,0.0630716030537675,1.0,0.6,0.4,0.6,0.4,0.4,0.048878779096008906,0.6,0.8,0.4,1.0,0.8,0.8,7.0,0.2525536738706729,0.4,4.0,4.0,0.984839176383763,1.0000000000000002,0.8653973047622949,1.0,0.9280727761510504,0.013031265884971,0.0,0.0,0.102732298539569,0.0688595756380079,0.0,6.476631319273574e-06,0.0999889858915272,0.0999999999999999,0.0,1.0,0.0,7.183617712622342e-10,1.0,0.0430830072454224,0.1275224437181265,0.030182871466042656,0.7055452884444698,0.0,1.0,0.006584540880376692,0.0,0.09998708028427605,0.0,0.1,1.0,0.0,0.6,0.01934356779643523,4.0,0.008551319562265744,1.0,0.5789746503990307,0.0,0.0999996954272323,0.0,0.0999999999999998,0.0,0.0088205971088717,0.0,0.03359691618401828,0.0,0.0,0.0,1.0,0.0,0.0,0.9090371051940296,0.0,0.0,0.0,0.0,0.0,0.0,0.0,0.691636151627751,0.0,0.254062626544245,1.6869021735464547e-06,0.0999999968234604,0.0,1.0,0.0,0.0,0.999999924896245,1.0,0.0,0.641109476384544,1.0,1.0,0.0,0.0,0.0,5.036747039702411e-07,0.0,0.2391795597747886,7.720644613782834e-06,0.09998410165667021,9.112645680792009e-12,0.0,0.6221155628736943,0.0,0.0,0.561657641542803,1.0,0.0,0.00020761051462084298,0.0,0.00047127479388362983,0.4822530039597722,0.84660598676017,0.562237961547017,0.0,0.0,0.0,0.3522022704032296,0.09999902250814106,1.0,0.16218705032095398,0.0999766350592661,0.0,1.0,0.0,1.0,0.09999924041069666,0.828312965824324,0.0999823950919227,0.09999992231068079,1.0,0.9903278147761508,1.0,0.7943876684728994,0.970718282336534,0.8155436504909157,9.0,22.0,0.46242774566473993,1.0,0.5,0.0,1.0,0.0,0.0,0.0,0.0,0.0,0.0,0.0,0.0,0.0,0.0,1.0,0.0,0.0,0.0,1
VAR_003191,0.18443921586541975,0.014177450651581295,0.06510681924985605,6.216044905683679e-17,0.001257935083958935,1.9324710238596174e-07,0.18916913730451934,0.18749276357936864,2.507702766014043e-08,0.009094995581462107,0.055044096241465314,18.0,0.6800044086079646,0.33205066863426563,0.19628704381973788,0.07248649218750376,0.23135372012854305,0.4218343609538152,0.4000599885411503,1.0,1.0,0.0506344131993084,1.0,1.0,1.0,1.0,1.0,4.2287721512962574e-12,0.0999999999999854,1.0,2.102660637254197e-07,1.403110316149524e-07,1.0,0.0181984828631842,1.0,1.0,1.0,1.0,1.0,1.0,4.531476770724677e-06,0.0,1.0,1.0,1.0,1.0,1.0,3.0,0.0134146783684032,1.0,3.0,3.0,0.7720226090627895,0.8549149782537746,0.7059380705078712,0.0,1.0,0.975684972185301,1.0,1.0,1.0,0.5664600000860516,1.0,0.0975923393385752,0.194669345468345,0.1436139699711299,1.0,1.0,1.0,2.222560583397611e-12,1.0,0.8969510560557328,0.3927699999999999,0.010017655076954117,0.0389481763773459,0.0,1.0,0.015147531719604642,0.0,0.5682092446875063,1.0,0.2068501070561949,1.0,0.0,1.0,0.18817249244537537,3.0,0.09914582191224235,1.0,1.0,0.0,0.9182289541099103,0.0,0.0022810342880047,0.0,0.0999999999979335,0.0,0.0017502946283781625,0.0,1.0,0.0,1.0,0.0,0.0,0.0978440981987689,0.0,0.0,1.0,1.0,0.0,1.0,0.0,0.3475986163945407,0.0,0.0,0.11753908373619001,0.099999999999999,0.0,1.0,0.0,1.0,8.974167334138161e-12,0.0,0.0,0.968031427108733,1.0,1.0,0.0,1.0,0.0,0.0999999763043863,0.0,0.0,0.9999999483292279,0.09893725779173142,1.2888854209350415e-06,0.0,1.0,0.0,1.0,0.878564024026087,0.5776743223912666,0.0,2.1633708891616076e-08,1.0,0.17639676967613127,0.0,1.0,0.999999999999127,0.0,1.0,0.0,0.0,0.0005991898503059603,1.0,0.0014653245446520002,6.687624866871277e-08,0.0,1.0,0.0,1.0,8.282313916442786e-09,1.0,0.0999999950970802,0.09999999988503529,1.0,1.0,0.9750071554629048,0.48165462892150657,0.9678535840693249,0.7265485673026961,6.0,11.0,0.5375722543352601,0.5,1.0,0.0,0.0,0.0,0.0,0.0,0.0,0.0,0.0,0.0,0.0,0.0,0.0,1.0,1.0,0.0,0.0,1
VAR_002663,0.0013633867214930993,0.02604462451100338,1.3734439892971296e-14,0.00018562052986387058,0.045942608779873086,0.033650093489073496,0.001623947256132726,0.0452932216951511,0.005339335259435666,0.0030137903525008095,0.0003602346061359722,16.0,0.6800044086079646,0.2947307454524933,0.0511835289177545,0.07292017949209563,0.4313537201275134,0.24000090080516345,0.4065075890679346,0.0,0.0,0.0881908688694003,0.0,1.0,1.0,1.0,0.0,6.305814747330228e-06,2.5265176369288155e-10,0.4190657333106592,0.0999769162076145,4.46578425113885e-05,1.0,0.0017851389972039,0.0,0.0,1.0,1.0,0.0,0.0,0.0668955342562974,0.0,1.0,0.0,1.0,1.0,1.0,3.0,0.0998161055106423,0.0,3.0,3.0,0.7216009510299548,0.9334373603769479,0.8479314445836041,1.0,0.0,1.0,0.7275105502753926,1.0,0.0816606969293693,0.00039951948763129454,0.0,0.0997027430638201,5.36761140421102e-06,0.0722041310839118,0.0,0.0,0.1109662850078475,0.0999999820282872,0.0,1.0,0.7093816941737761,0.020997541198155036,0.851741570441475,1.0,0.0,0.09998683202854283,0.0,0.09999873962988066,0.0200782103259554,2.512607789923799e-07,0.8046534677846577,0.0,1.0,8.336060381038124e-08,3.0,0.018315694166038197,0.4062422590812891,0.3449363824260242,0.0,0.07986071446867563,0.0,0.251884035961773,0.0,0.07095903256417976,0.0,0.42683216103516386,0.0,0.7805912318740471,0.0,1.0,0.0,0.0,0.03450768270112617,0.0,0.0,0.6213806333339253,0.4,0.0,0.34238704674723053,0.0,0.7201851793345102,0.0,0.41438150156933745,0.3873625066870151,0.4278184040324617,0.0,0.9378036734945809,0.0,0.8,0.39705538599667745,0.21301427646132778,0.0,0.45630446446100753,0.8,0.4,0.0,0.09638864814439646,0.0,0.2560493060234667,0.0,0.08803848564479289,0.7511497599164834,0.4160253543395334,0.08604712157698904,0.0,0.7499964425468528,0.0,1.0,0.6298851108425503,0.34701720552572723,0.0,0.3367455317376728,1.0,0.04280650207706711,1.0,0.0007926163927903658,1.3828318451155286e-06,0.0,0.6800064112577854,0.0,0.0,0.033628694862824667,0.0,0.0067116580886909995,0.0221658209842838,0.0,0.0,0.0,1.0,0.00045319004161623494,1.0,0.0039337888331398,1.4649346974356065e-06,0.9825427365443392,0.0124399112779806,1.0,0.7075061641576457,0.9477958543132405,1.0,14.0,8.0,0.3872832369942197,0.16666666666666669,0.3333333333333333,0.0,0.0,0.0,1.0,0.0,0.0,0.0,0.0,0.0,0.0,0.0,0.0,1.0,1.0,1.0,0.0,1
VAR_003130,0.018745454338453958,0.0019709052193382258,0.03065668044503667,4.839358697371577e-05,0.14799880244827263,0.02513526374297477,0.013621007382460165,0.0017869916875501819,0.008499487921811084,0.02575357367250455,0.035288523391364277,8.0,0.8,0.18823930282781415,0.2678067394025019,0.20889589032035807,0.6191508038401308,0.05899311543614995,0.26305394533749615,0.4,0.537250422260581,0.06745679278158531,0.38032598567912845,0.8,0.35122560189811586,0.8,0.5738756159829057,0.22329043859429806,0.05933613947768905,0.36960100381869065,0.03221358598181395,0.08033003917542103,0.8,0.04622152654204193,0.6,0.2,0.6,0.6,0.6,0.4,0.21022446967313688,0.8,0.2,0.47923485918210423,0.8,0.4534385382155497,1.0,7.0,0.05159668654928083,0.4,4.0,4.0,1.0,0.9967975810213618,0.686315834653937,1.0,1.0,0.6359850222553707,0.267284825844858,0.6,0.5719378950082463,0.2857453338162311,0.8,0.0803913725445887,0.23725978451069074,0.034677868023902006,0.6,0.2,0.33037178186904936,0.353490012601911,0.8,0.29331548987240946,0.0139574728940467,0.00021576748581810984,0.20718972314959566,0.10797027318716138,0.29115045798672223,0.135523155854003,0.32067145513351114,0.22858927185557923,0.47504302356020595,0.06071406528163553,0.5403073494694808,0.6,0.8,0.03604904180940022,4.0,0.001370625986190433,0.823398087014918,0.3406727996987964,0.0,0.21543758498591764,0.0,0.040134007523108126,0.0,0.2307466509977118,0.0,0.0416668917247987,0.0,0.4589173307046024,0.0,0.8505117081375566,0.0,0.0,0.21265853842943008,0.0,0.0,0.8,0.4,0.0,0.5794055007784991,0.0,0.30290698379385306,0.0,0.7730324050673546,0.5492228321968664,0.006000355296965189,0.0,0.791564427944399,0.0,0.6,0.578280260561216,0.38664678661933116,0.0,0.5153966931591565,0.8,0.28991289021110833,0.0,0.26692680227263565,0.0,0.039634204230581074,0.0,0.4,0.4004695892107447,0.07664328246631433,0.0029763922010070834,0.0,0.35145127780429963,0.0,1.0,0.5245596014677723,0.3774143440604397,0.0,0.42243949064994035,1.0,0.05445974590227098,1.0,0.999746503612101,0.008872420237936999,0.0,0.1267711325663652,0.0,0.0,0.030011131142104866,0.0,0.285345797304866,1.1789064738683027e-16,0.0,1.0,0.0,1.0,0.09967654147281886,0.0,2.1592238163638824e-06,2.8143803004355346e-09,0.985695834183738,0.6374082155580759,1.0,0.5256192053685572,0.9449976690758384,0.7813167440812254,23.0,3.0,0.6994219653179191,0.16666666666666669,0.3333333333333333,0.0,1.0,0.0,0.0,0.0,0.0,0.0,0.0,0.0,0.0,0.0,0.0,1.0,0.0,0.0,0.0,0
VAR_002848,0.004287028068268266,0.08737894459703613,2.5002318812246445e-18,0.00014253587467720507,0.012262192975871554,0.017478096761454374,0.005955897760252914,0.0,0.1109413752963208,0.0033233980277029766,0.0033592196259402602,13.0,0.6767887405393292,0.10676729810889685,0.35995665085820916,0.04300414943141721,0.03147188876470906,0.42183432214502353,0.3994444308501162,0.4,0.17708385666990645,0.020759716344882065,0.6,1.0,0.8,0.6,0.4,0.07265883346295436,0.04323751280241134,0.28800095575496387,0.011729551615597585,0.014453558455053072,0.8,0.06697091904115157,0.4,1.0,0.8,0.6,0.09064640853065964,0.4,0.21774279284573939,0.2,0.6629524775871024,0.43281495311218804,0.6,0.4,1.0,7.0,0.05975872227051214,0.6,2.0,2.0,0.8627075725169369,0.9583698390578819,0.8632364312210914,0.8,0.8,0.540438513429979,0.32662744237757096,0.2,0.4,0.03499981108496037,0.6,0.022396747486532798,0.07986195856407641,0.0819983562052966,1.0,0.3929151466852624,0.28484705987812514,0.06867398671220419,0.4,0.09643128328772009,0.016018097156520236,0.006374866409332656,0.4,0.8,0.02107839915363514,0.09005037533705645,0.16275912733138964,0.05506743514174711,0.01868717331601922,0.10628914371130249,0.14421177101915603,0.4,0.6,0.08720664778742014,2.0,0.002897338814456988,0.17527396703118295,0.803034608750011,0.0,0.05205703801909574,0.0,0.040022735283208044,0.0,0.2399214350343442,0.0,0.04074747593363512,0.0,0.3650378113162912,0.0,0.6342698370839273,0.0,0.0,0.04511190669380828,0.0,0.0,0.6,0.6623757842144145,0.0,0.10314222217811626,0.0,0.5875821992641905,0.0,0.3011531590361961,0.3753625623089366,0.020000487230472604,0.0,0.7320112316020595,0.0,0.41174533727603874,0.5831383694401759,0.24482182182624862,0.0,0.30087183071597834,0.6,0.789864473815116,0.0,0.21750900012934293,0.0,0.05885579693355081,0.0,0.46415375656041674,0.5892341723222694,0.08300689783605802,0.014621321735559618,0.0,0.6189303144938223,0.0,0.6,0.5651717785589853,0.01734072596394824,0.0,0.3741558730750642,1.0,0.00027477593736721667,0.7395553628561217,0.22178748881671598,0.999999999503467,0.0,0.4380137723220001,0.0,0.0,0.09999991107598688,0.0,0.939115628336751,5.409943826439352e-19,0.0,1.0,0.0,1.0,9.173301623169502e-08,0.5137467764881677,0.099993450268235,0.028315803544248286,1.0,0.9949153472438652,1.0,0.8083167427048379,0.9374557219170769,0.7833257939416742,7.0,22.0,0.7456647398843932,0.0,0.6666666666666666,0.0,0.0,0.0,0.0,0.0,0.0,0.0,0.0,1.0,0.0,0.0,0.0,1.0,0.0,0.0,0.0,1
VAR_002624,0.010388959601531057,0.0013266990255060326,0.004034663649193176,5.773832405754744e-16,0.0017529551769913739,2.7618802941634833e-19,0.005411722411370326,0.004009021317209785,3.606384403842012e-23,0.0,0.003926442515599,28.0,0.6419349081192098,0.23440809368385018,0.3631126379241795,0.05875052803033539,0.21135384261399812,0.42183432214843863,0.2168995711155588,0.1777743740674883,0.0,0.0981664640410602,1.0,1.0,0.0,0.0,1.0,0.0999999966689636,0.0999999999935622,0.0,0.0999949676115969,6.435225658873445e-16,0.0,0.0999999757879835,0.7093412631952105,1.0,0.0,1.0,0.0,0.0,9.569086298509205e-05,0.0,0.0,1.0,0.0,0.0,1.0,3.0,0.0535616829128908,0.0,2.0,2.0,0.7623618063516469,0.9547837510620101,0.8362492190078162,0.0,0.0,0.211984682306245,0.0,1.0,0.0,0.0999999714392407,0.0,0.1,0.0876552740022267,0.1000998999999191,0.0,1.0,0.0,0.0999999977748243,0.0,0.1544409996717454,0.0999999999999999,0.004890165589957001,0.0958668655427344,0.0,1.0,0.09378716547854389,0.0,0.09993155432643826,0.60440152021645,0.0731485076081748,0.8833324052120369,0.0,1.0,0.02441749958048381,2.0,0.029417662268191255,0.0,0.6201863251104949,0.0,0.0974507007592607,0.0,0.1,0.0,0.0004933251248725,0.0,0.014229562146132168,0.0,1.0,0.0,1.0,0.0,0.0,7.52781761823414e-11,0.0,0.0,1.0,1.0,0.0,0.0,0.0,0.0,0.0,0.0,0.97800135123361,3.312117464625836e-07,0.0,1.0,0.0,1.0,2.4118556340619676e-06,0.0,0.0,7.862370752101714e-08,1.0,0.0,0.0,0.5723705536977985,0.0,0.0002783480094531,0.0,0.0,0.998308323579063,0.09999999999999992,0.001257858705735361,0.0,1.0,0.0,1.0,0.003031099345159,0.7534634370275783,0.0,0.002144408142770282,1.0,0.005113272050403955,0.0,0.999885687403777,0.005724694322514,0.0,0.8174456315557216,0.0,1.0,0.09999998577764298,1.0,0.39867763771186604,0.0001479070892464,0.0,1.0,0.0,1.0,0.09533466940328546,0.0,0.0001686945663273,1.7113915324837494e-06,0.9751720568711416,0.871536954615406,0.9850043527615268,0.6458318808983158,0.9136683147323095,0.7950759455604917,0.0,14.0,0.2832369942196532,0.33333333333333337,0.6666666666666666,0.0,0.0,0.0,0.0,0.0,0.0,0.0,1.0,0.0,0.0,0.0,0.0,0.0,1.0,1.0,0.0,1
VAR_002586,0.010326199021658843,0.5587643861585463,0.0038816159411034106,7.788773165552671e-06,1.8852669472514356e-14,5.543999946195016e-06,4.925146061432095e-10,1.4963843534634592e-06,0.08893013264409705,6.00342616333781e-05,0.03409000579950222,30.0,0.6800044086079646,0.33205066863426563,0.19628704381973788,0.07248649218750373,0.23135372012854305,0.42183436095381527,0.4000599885411503,0.0,1.0,0.0999643357972679,0.0,0.0,0.0,1.0,0.729231215401889,0.0189159348316692,3.504509221857876e-06,0.1517514956272651,7.808120111280347e-05,0.07725980918203176,1.0,2.3837093230469935e-07,0.0,0.8,0.8,1.0,0.4,0.4,0.25362153218417777,0.6,0.8,0.7971123642915503,0.6,0.5980320218903412,1.0,7.0,0.43907566251392066,0.6,3.0,3.0,0.8185209804298235,0.9718231595609352,0.8145534421531672,1.0,1.0,0.5153508182427881,0.0,1.0,0.0,0.014823552767179195,1.0,0.0855195343695576,0.0,1.3412799606444056e-06,1.0,0.0,1.0,0.6483600004555446,1.0,0.0107816079438982,0.1235328008789576,0.0041219625026657734,0.1446736677303246,0.0,1.0,0.09764262649529172,1.0,0.09762254667119896,0.0,8.146916687135305e-10,0.0,0.0,0.8,0.1328960230077718,3.0,0.006577046913024259,0.5687389114521536,0.833099186397566,0.0,0.05952938431403314,0.0,0.04022846080668134,0.0,0.2616049294575683,0.0,0.021350601178063224,0.0,0.6974990678545396,0.0,0.8,0.0,0.0,0.6001767082702201,0.0,0.0,0.6,0.469952498444855,0.0,0.20043814663139692,0.0,0.09979375671969686,0.0,0.6,0.36121577338064637,0.19066197320262054,0.0,0.4,0.0,0.8,0.5950675305285621,0.5895469947895735,0.0,0.6069808058754024,0.4827638859269256,0.4244463880979015,0.0,0.20129838049038717,0.0,0.05543872529574876,0.0,0.41822479049570893,0.7271282668625968,0.058559873260827185,0.0019204452487368957,0.0,0.6451034155056345,0.0,1.0,0.6072776617357067,0.8,0.0,0.5914609836063777,1.0,0.0507144634854682,1.0,0.9999999995234881,0.271147264280648,0.0,0.0,0.0,0.0,0.02487448631269994,1.0,0.0001068022621354006,0.0991783755107119,0.0,0.0,0.0,0.0,0.00011319918342853489,1.0,0.0949671419619133,0.09999974732557979,0.9846864900395303,0.968681307465515,1.0,0.9304154030088346,0.9607775576307507,1.0,14.0,11.0,0.7919075144508672,0.0,0.6666666666666666,0.0,0.0,0.0,0.0,0.0,1.0,0.0,0.0,0.0,0.0,0.0,0.0,0.0,0.0,0.0,0.0,0
VAR_002941,0.06777759825988112,0.0038810783917929428,0.03018519797659289,0.2003575525468505,0.24577635563269815,0.006568888792375941,0.04776884717360485,0.07682782514114052,0.07343519183165338,0.16538764368457765,0.09282522801075932,8.0,0.7733031533711012,0.21427607017604117,0.41485313595622575,0.38300525323378837,0.06936925315050772,0.2400013161559969,0.23832255301096547,0.5414410206280339,0.23968084483173052,0.07963717608454043,0.4,1.0,0.6,0.8,1.0,0.42870874129736675,0.02010182245185264,0.3954116465946617,0.05840203328216673,0.08487759335098634,0.8,0.022013710979351255,0.4887006622010624,0.6,0.8,0.6,0.5705924628438167,0.6,0.0607029656109202,0.8,0.8,0.4,0.6,0.6,1.0,7.0,0.4396061886313428,0.6,3.0,3.0,0.9000987342712683,0.9198263037285146,0.7789424343816758,0.2,0.4,0.7906050566344457,0.2,0.6,0.2326007826610535,0.22291915117763908,0.6,0.12518664916977884,0.23808735642382528,0.08183397332195519,0.8,0.8,0.4913139601817297,0.25951511848204245,0.6,0.2644190350297882,0.23847154900115256,0.2000805517191135,0.25327628293651083,0.4,0.2682149707528521,0.26720958161002795,0.5819961594209343,0.10433471310768964,0.41408394769294243,0.17926843123012137,0.6769700367208029,1.0,0.8,0.12228371648997931,3.0,0.03974177380893247,0.8451123101867883,0.040327260460121715,0.0,0.22759244343406587,0.0,0.2200020752997617,0.0,0.23104304891443378,0.0,0.030791900853930253,0.0,0.6878564581100152,0.0,0.8466110332162927,0.0,0.0,0.20000010309556723,0.0,0.0,0.768480013213111,0.42345096990620706,0.0,0.3045004123525904,0.0,0.5787159229024781,0.0,0.5355076503946763,0.5999364027542087,0.02900359863038196,0.0,0.6,0.0,0.2,0.8763376031539913,0.4246632897873365,0.0,0.17232137401896075,0.8,0.4,0.0,0.27661838783795056,0.0,0.2790569022471249,0.0,0.24823871605303496,0.6042695782506449,0.07940523709412048,0.0018701159295649254,0.0,0.5984049374961171,0.0,0.68221554072664,0.4955612191316279,0.5132274070361109,0.0,0.6109173257765259,1.0,0.06276847518836967,0.6,0.38693675791311155,0.6448004877421531,0.0,0.4631290976200595,0.0,0.4,0.050874750904104885,0.6,0.42392405973255176,0.2538031454634407,0.0,1.0,0.0,0.6,0.05999951458305287,0.8459377860079161,0.08695616171635157,0.04425575170347641,1.0,0.973127544324818,0.9724729124543924,0.5243537840619455,0.9714287304759752,0.6638211714962121,2.0,23.0,0.2832369942196532,0.16666666666666669,0.3333333333333333,0.0,0.0,0.0,0.0,0.0,0.0,0.0,0.0,0.0,0.0,0.0,0.0,1.0,0.0,0.0,0.0,1
VAR_002853,0.003616457865253738,0.012969677113758646,0.01916234575981676,0.004609762893389916,0.21183329832517056,0.011941463511838554,0.004193542444676394,0.0008338109844467291,0.005520827568254132,0.002432583161407544,0.019384521400791624,8.0,0.7148582410280839,0.16707141897266115,0.048027541851784164,0.23350606064351326,0.25165258927059625,0.2200022537808528,0.4254231240828096,0.8,0.8,0.06211951350607875,0.19578887137403472,0.8,0.52853859225456,0.6,0.6,0.04249943226712619,0.04693494850559058,0.3808468487249928,0.030428030090328722,0.1580096066083837,0.4,0.04742396979424051,0.4,0.6,0.6,0.4,0.4,0.8,0.03307947431312956,1.0,1.0,0.4985308851678174,0.6,0.8,1.0,7.0,0.2461310413238817,0.4,2.0,2.0,0.9125863733448065,0.9792492521946368,0.8548690624896134,0.3790512055512553,0.2,0.594801680694231,0.25062381798148736,1.0,0.6082968075949333,0.1512050399099047,1.0,0.039803267095996284,0.15154746849944792,0.039553403962126164,0.4,0.2,0.8608187419186055,0.18703223760049978,0.6,0.06013918855002317,0.15552010084648418,0.0025690386769028,0.5233131519840544,0.5125699585301324,0.4113569515957911,0.2548657017760694,0.8,0.01977304071589975,0.3525800918417262,0.07568597573345848,0.22653861992536517,0.6,0.6,0.026131873314492512,2.0,0.02480714316693323,0.617476395475737,0.38345526913194655,0.0,0.26611577805104003,0.0,0.24626506770294404,0.0,0.0609794470287874,0.0,0.23501472644232468,0.0,0.4055980178155473,0.0,0.8050439333302458,0.0,0.0,0.07744749755450044,0.0,0.0,0.9134113572896709,0.4,0.0,0.34810845900169857,0.0,0.7100587595289002,0.0,0.708605373482319,0.5478719541446557,0.24099869000367335,0.0,0.24948149434366,0.0,0.6789418419053532,0.6044019668198752,0.3354774762969586,0.0,0.6006535168815829,0.6380081238453654,0.5164798891035239,0.0,0.35087370483593383,0.0,0.2599833756474693,0.0,0.05407251084987014,0.6824016833217145,0.24450146311305793,0.020289538853299077,0.0,0.6733107575682156,0.0,0.8,0.22224612193569415,0.6004367291750585,0.0,0.561332784013808,0.6,0.0013868427862960848,0.8,0.6409742633212532,0.42874658194611237,0.0,0.5689950235467587,0.0,0.6344910377006159,0.05981783367074722,0.8391252949077916,0.5816897057756875,0.055800337667134145,0.0,0.6,0.0,0.4,0.028571631373824933,0.6,0.09657699878790675,0.042219654988788644,1.0,1.0,1.0,0.811840287012458,0.9004202052271396,0.8137030043456027,16.0,14.0,0.6473988439306358,0.16666666666666669,0.6666666666666666,0.0,0.0,0.0,0.0,0.0,0.0,0.0,1.0,0.0,0.0,0.0,0.0,1.0,0.0,0.0,0.0,1
VAR_003216,0.0011918520007210686,0.2581577818220932,0.0032016569393560276,5.506634305615165e-08,0.005054645073990034,4.990858742633414e-09,0.03884051056131012,4.069992212663406e-07,6.577125810236409e-06,0.03304941677344974,0.0396048360789631,13.0,0.8,0.3240207703933284,0.6129102543044853,0.04792270352503288,0.4026234732431413,0.24107212025425492,0.237688197792998,0.7559503684238471,0.25570166526070837,0.0589887476286434,0.2845519508636095,0.4,0.187981418558228,0.4,0.6,0.09335389206314024,0.041785159593160634,0.0236801001069416,0.038302248113454715,2.5766739621077328e-08,0.6,0.06080166080964089,0.8,0.4,0.4,0.8,0.6,0.6,0.2411530180199204,0.4,0.4,0.8,0.8,0.6,1.0,7.0,0.0456040666694168,0.4,3.0,3.0,0.341005671977457,0.7140876227527094,0.3778069424214857,0.28741593417878974,0.8,0.36495805787994273,0.6138917693601438,0.6,0.4,0.5594995946887542,0.8,0.06013578363915487,0.49526279149849095,0.10056882565303851,1.0,0.8,0.6,0.1676842591494661,0.4,0.28981761533465544,0.2053692667853167,0.014081860136536534,1.0,0.4,0.5407653903844594,0.14256103137022494,0.7941474580924283,0.04837336970307561,0.6455983832608387,0.08318737233168147,0.6,0.4,0.8,0.12609759982656188,3.0,0.03372207704143882,1.0,0.7933937962080915,0.0,0.0789654921361809,0.0,0.0895006389739945,0.0,0.9180931506054996,0.0,0.0009086160018503623,0.0,0.0,0.0,0.0,0.0,0.0,0.0003489138398821,0.0,0.0,0.0,0.0,0.0,0.6386611527184455,0.0,0.0,0.0,1.0,8.555615185197108e-15,0.0014458863997575,0.0,0.0,0.0,1.0,0.929728463227293,0.2114361554629673,0.0,0.112095878861913,1.0,0.0,0.0,0.4254846435327137,0.0,0.0970823518688313,0.0,0.0,0.41770449641720603,2.1794394833620782e-06,0.011047499528060604,0.0,1.0,0.0,0.0,0.9999999999999989,0.0926098464967255,0.0,5.609232105435907e-08,1.0,0.0024122957315298546,0.0,0.07835467491010399,3.967678677430843e-13,0.0,0.0,0.0,0.0,0.0782583027386715,1.0,0.9999998983456131,1.7680255945660551e-06,0.0,1.0,0.0,1.0,0.00040309029086403494,1.0,2.5941489424486993e-12,0.022625188780236387,0.0341115037055134,0.0,0.0,0.05959944045015053,0.018755443917378933,0.39972062158981936,14.0,11.0,0.7919075144508672,0.0,0.6666666666666666,0.0,0.0,0.0,0.0,0.0,1.0,0.0,0.0,0.0,0.0,0.0,0.0,1.0,0.0,0.0,0.0,0
VAR_002655,0.0,2.4197981155544103e-06,0.054671516847947306,0.04603541815075627,0.010674075065387183,9.042237954205672e-09,1.832194006471067e-14,1.482137140742255e-17,0.0015844877246842374,0.0007428218743003681,0.01148629293477076,10.0,0.738449320950982,0.3910558732733143,0.41800912302219617,0.2191853535170263,0.4300073380922836,0.23999996252123174,0.04331998638087868,0.6127609890344597,0.6,0.0766422549453766,0.6138703369218458,0.2,0.6,0.6,0.7982056552383661,0.0597843655100599,0.02249157471877263,0.4313199424601029,0.05292551612225309,0.020193714371266252,0.4,0.03722798561494115,0.6,0.8,0.4,0.8,0.6569613301368429,0.8,0.03406143910107478,0.6,0.4,0.41965261507019413,0.8,1.0,1.0,7.0,0.0865742275536634,0.8,3.0,3.0,0.7390520272518031,0.9665683134544718,0.7485076120833372,0.2788352834628639,0.4,0.7813577148732648,0.7244431123003837,0.6,0.4152706105256893,0.2222131522490424,0.4,0.020397499244551233,0.22500176036289649,0.17137690668196665,0.8,0.8,0.3183118475293518,0.04445103484369024,0.6,0.15820281975670417,0.20683799310922119,0.009625920844178357,0.21453735076866803,0.42112898374928553,0.5256934467735368,0.02414595093961375,0.37692812465342274,0.06990228194256562,0.4,0.061396500669416085,0.43916553734725616,0.7074107977970712,0.2,0.049921890233582525,3.0,0.051196147004089684,0.6,0.08999481582695172,0.0,0.20000752907870503,0.0,0.09542159953430662,0.0,0.25918795108242654,0.0,0.24366667795860641,0.0,0.7069026112520802,0.0,0.5576070336865064,0.0,0.0,0.06013970172058582,0.0,0.0,0.8,0.7117215737261596,0.0,0.2639566816704528,0.0,0.0,0.0,0.8021002318973929,0.8318777094207845,0.2592205312784839,0.0,0.2226633501903696,0.0,0.6,0.8788751388006224,0.23825804285957347,0.0,0.5132847439601091,1.0,0.2686396463041424,0.0,0.2,0.0,0.058055299046757936,0.0,0.4,0.42922322275018715,0.2630837257261292,0.18397145404209803,0.0,0.9317322013720375,0.0,0.8,0.9950863737039678,0.26968740156281984,0.0,0.5717721659402023,0.6,0.02195379787717998,0.20127751014217415,0.5367826279827188,0.3635633899929098,0.0,0.0670778958910028,0.0,0.5473109206800051,0.02140340478476664,0.4,0.42498236262308864,0.2399717769068943,0.0,0.6,0.0,0.6,0.07984179126218582,0.25978579584823336,0.07643137059088187,0.043825855489980525,0.9803653066806208,0.2919977386146636,1.0,0.7162164241309735,0.9456217206761479,0.9773304254447279,0.0,4.0,0.17341040462427754,0.16666666666666669,0.3333333333333333,0.0,0.0,0.0,1.0,0.0,0.0,0.0,0.0,0.0,0.0,0.0,0.0,1.0,0.0,1.0,1.0,1
VAR_002947,0.0020664211252748054,0.001856042235042762,0.012129183681357488,0.0014839876763115885,0.006657155662678724,1.7176192960869508e-05,0.00046432201897089265,1.6715059549532512e-07,0.016396327770989042,0.15493776808430065,0.004694024944759272,19.0,0.611372653859856,0.11101397054173173,0.36341426824909756,0.23773100826135427,0.23005195592315322,0.4379369764480826,0.24150365768670978,0.5612189494490867,0.2,0.019275068567009675,0.18413049389617767,0.6,0.4588603675160554,0.4,0.8,0.08572011123487586,0.039998662076170886,0.20574616347484395,0.05832715361606616,0.015239091662853605,0.6,0.0010395951563644302,0.6,0.6,0.8,1.0,0.8,0.6,0.24002043442277254,0.2,0.7440693364528637,0.6,0.8,0.8,1.0,7.0,0.013390624958947665,0.6,1.0,1.0,0.8910003482717275,0.29596137821701857,0.36221332515216587,0.6,0.8,0.5674957938970904,0.6615485229567237,0.6,0.4,0.527086527086671,0.6,0.09221934701133494,0.4531457195733342,0.08057677662054602,0.4,0.4657933306809678,0.6,0.16227999694245157,0.6,0.2539069307507627,0.26931959546224926,0.009225690621668831,0.4,0.7483787271399385,0.5056575038222271,0.14316070624990648,0.8908350276197818,0.2529227452042949,0.5655332473288353,0.030537868987263034,0.6,0.6,1.0,0.04661822447142075,1.0,0.00498520604182225,0.34486532559736743,0.49425817648077874,0.0,0.2797567790127763,0.0,0.04440523624064019,0.0,0.08283449797391657,0.0,0.02396981100272156,0.0,0.2,0.0,0.4,0.0,0.0,0.2333515618627502,0.0,0.0,0.7187488473079507,0.5882947764459016,0.0,0.4587679157998962,0.0,0.25643681843659066,0.0,0.3615700607186743,0.3405422875329609,0.05428727060138742,0.0,0.7408917283691027,0.0,0.6343428604731007,0.5998033773373563,0.3439255171204115,0.0,0.4698399378488436,0.5165480442301114,0.6658431093533406,0.0,0.4181651661183118,0.0,0.028930728313657377,0.0,0.6978947138005458,0.41582957147476685,0.04621195393833964,0.029486465771123505,0.0,0.6566836353823338,0.0,1.0,0.9757533011825554,0.27878915625269957,0.0,0.35298983097712266,1.0,0.0010144216232236488,1.0,0.002502659292834,0.030898123470027,0.0,0.0,0.0,0.0,0.09999697435752745,1.0,3.5967542010889552e-25,0.0220045060355124,0.0,0.0,0.0,0.0,0.09876439234500957,1.0,2.066585647166401e-05,0.09999862446852478,0.5182228011146559,0.9886460866283424,0.0292279717465912,0.13031325176774664,0.5740654705910362,0.06412749789853361,8.0,16.0,0.46242774566473993,0.5,0.6666666666666666,0.0,0.0,0.0,0.0,0.0,0.0,0.0,0.0,0.0,0.0,0.0,0.0,1.0,0.0,0.0,0.0,1
VAR_002865,0.007408573054020003,0.06356362761689317,0.0029821228329234236,4.2968690445354043e-07,3.902739081150216e-09,0.001484866817098402,0.002262437828643888,0.03989091719843045,2.088426105902163e-10,0.0007258303843627619,0.006656965516584253,18.0,0.6419349081192098,0.2496607888859511,0.21800912302219616,0.07248645779921593,0.23135372012751343,0.26000086266222205,0.4168867315201584,0.47142025493824147,0.4038006487346685,0.09538392730435183,0.6138703369218458,0.4,0.7911535868097026,0.6,0.7982056552383661,0.07978284315746878,0.04249155479647245,0.5617619804432266,0.03914733978575266,0.023928080810608772,0.6,0.04500787416341039,0.8,0.8,0.4,0.8,0.6392266646685089,0.6,0.03406092787513452,0.4,0.6,0.41965261507019413,0.8,0.8,1.0,7.0,0.07961103524147109,0.8,3.0,3.0,0.9303560970356692,0.9745844702233035,0.8322033059419747,0.0,1.0,0.999999787254826,0.6222155615019184,0.0,0.0,0.0999999991575378,0.0,0.0999999999998948,0.0786202124320377,0.0013182263517105,0.0,0.0,0.1741948008766563,0.0009164457453401,1.0,2.661917254986044e-10,0.1,0.020419455726143745,0.0,0.0,1.0,0.020543754206112173,0.8846406232671138,0.08629125654556574,0.0,0.1,0.0,1.0,0.2,0.046951890495585714,3.0,0.00217816430908545,0.6,0.12218517536005666,0.0,7.529093749797647e-06,0.0,0.07619453451862288,0.0,0.24832809148479312,0.0,0.2436649815402797,0.0,0.6707065236633931,0.0,0.5443086147374778,0.0,0.0,0.060143075894917984,0.0,0.0,0.6,0.7117215737261596,0.0,0.06395668167045279,0.0,0.0,0.0,0.6021002318973929,0.7999260240333216,0.24476963099350088,0.0,0.4226633501903696,0.0,0.4,0.6788766798090294,0.2760699076200283,0.0,0.7113598705724253,0.840835781837096,0.2686396463041424,0.0,0.02686577458877342,0.0,0.07804807668561246,0.0,0.41010027650439385,0.42063346674243773,0.2470946598807805,0.18409764782192403,0.0,0.9317322013720375,0.0,0.6,0.7983237830862235,0.24776882184804147,0.0,0.3717773987519735,0.0,0.002499266934851616,0.0063875507108709,3.7741789689215925e-07,1.522974816098521e-09,0.0,0.0,0.0,0.7365546034000254,0.09999999969994208,0.0,3.9718032271348755e-05,0.0,0.0,0.0,0.0,1.0,0.09999999999999257,0.298928979241167,0.0921410947173623,0.09951809562855118,0.9921866820533142,1.0,1.0,1.0,0.9392236271773993,1.0,0.0,4.0,0.17341040462427754,0.16666666666666669,0.3333333333333333,0.0,0.0,0.0,1.0,0.0,0.0,0.0,0.0,0.0,0.0,0.0,0.0,1.0,0.0,0.0,0.0,1
VAR_002559,0.01104651795792861,0.054337139471486294,0.0042725104626476626,0.008907217950654871,0.0530918530790077,0.0033112761483141645,0.010821729415921143,0.004117703830928806,0.0033545610905092284,0.2297089285035091,0.02635311410651485,8.0,0.64193490811921,0.14796769388463654,0.21800912302219616,0.062418233900271736,0.23041688852810988,0.26000086265886274,0.3994342032575549,0.5414410206280339,0.557071065467192,0.07915871552431597,0.2886978081157821,1.0,0.4,0.6,1.0,0.4344179686627272,0.0248504445522809,0.5966520981212092,0.03852818590367481,0.071734953153098,1.0,0.041942581465756024,0.8887006622010624,0.6,1.0,0.8,0.7705924628438167,0.8,0.08065248949012138,0.8,0.9865680014921729,0.4,0.6,0.4,0.8,7.0,0.43956321718401714,0.8,3.0,3.0,0.7471575521584113,0.9526969969621241,0.8526401535748326,0.2,0.4,0.43326975455452754,0.4,0.4,0.4,0.17177604115201017,0.6,0.055088932711707915,0.11119106621228858,0.06067960893757438,0.6,0.4,0.5178526474342028,0.07448981105312807,0.2,0.19718283278433874,0.04593115561504458,0.007181966700346813,0.2771569842035833,0.4,0.41025516658354944,0.11255492796132426,0.7805452686934149,0.12619413563764925,0.1868825099282218,0.058490592584529724,0.44532706113346165,0.6,0.8,0.15750577606143154,3.0,0.0053574010901491515,0.6777361793736938,0.040327260460121715,0.0,0.22288600310195594,0.0,0.20023854423568035,0.0,0.071043044243373,0.0,0.02401043575647347,0.0,0.5527023785354384,0.0,0.6808808703002199,0.0,0.0,0.21999990351856683,0.0,0.0,0.8,0.48046984846841767,0.0,0.20534870325873494,0.0,0.37871592290247813,0.0,0.3355076503946763,0.5998830981877473,0.032646078032353795,0.0,0.6,0.0,0.4,0.6885909355586917,0.4008557120683169,0.0,0.17263693737454883,0.6,0.4,0.0,0.41732343249721343,0.0,0.25993810136337847,0.0,0.37976384259194684,0.604269670509229,0.05967892862355727,0.00158637528402575,0.0,0.6,0.0,0.68221554072664,0.8854467843399663,0.7132274070361109,0.0,0.4115330734274784,1.0,0.007861848525446085,0.4,0.20192993872880508,0.7594165411692808,0.0,0.23008159106207926,0.0,0.26044550460461274,0.05998334586119638,1.0,0.7444871647865057,0.041254912837558576,0.0,0.6,0.0,0.4,0.05567907812538929,0.5208291655059568,0.09885250494525401,0.054022168064072805,1.0,1.0,1.0,0.9291992284464042,0.9606403869160969,1.0,0.0,22.0,0.6184971098265897,0.5,0.6666666666666666,0.0,0.0,0.0,0.0,0.0,1.0,0.0,0.0,0.0,0.0,0.0,0.0,1.0,0.0,0.0,0.0,1
VAR_003035,0.0013722241668981637,0.0026306805445337265,0.09435056189725016,9.642577179580546e-08,0.0002120197348922669,0.12553465739993144,0.00162448242156825,3.2763637351975714e-16,0.0009063421233338889,4.524070344034187e-05,0.0003598472480660179,16.0,0.703485587168228,0.23159152323834997,0.4129102543044853,0.04846108151937048,0.4012534394490677,0.24082612142685877,0.4177331538511095,0.4,0.537250422260581,0.055348626436488524,0.4,1.0,0.37199556892292496,0.8,0.6,0.24328997780366673,0.04084173578806681,0.36960100381869065,0.051894227867183396,0.022913710716743314,0.6,0.06511953148435509,0.6,0.4,0.6,0.8,0.4,0.6,0.21999925609278398,0.8,0.6,0.6,0.6,0.2,1.0,7.0,0.06355764216823752,0.6,4.0,4.0,0.9994756100000182,0.9869999869716944,0.7991285984279226,0.8702469856345888,0.0,0.84423645030325,0.0,1.0,1.0,5.981004740031635e-16,1.0,0.0773497801536213,1.7058966755169619e-09,0.0651352411443382,0.0,0.0,0.0,0.0986116395515713,0.0,0.0999723195505061,2.4165795902799116e-10,3.6068640903703305e-07,0.0,0.0,0.0,0.0012861741252563619,0.0,0.02742357020948994,0.0001888434106349,0.0166107726863413,0.416904893541146,1.0,0.6,0.05218528164893438,4.0,0.00025724549969913387,0.823398087014918,0.23218889390407366,0.0,0.015437584999852597,0.0,0.060005776295115165,0.0,0.2507464305809767,0.0,0.0416672131174735,0.0,0.5058536023760076,0.0,0.8505117081375566,0.0,0.0,0.050621835265470795,0.0,0.0,0.8,0.4,0.0,0.5272626692803254,0.0,0.446240541543294,0.0,0.5730324050673545,0.5492198799653548,0.02600035525046216,0.0,0.8,0.0,0.4,0.40139804697093434,0.31204290988691447,0.0,0.5101637543611816,0.8,0.4899128902111084,0.0,0.06692680227263567,0.0,0.05918823422930654,0.0,0.4,0.4015482090760739,0.07664660665043604,0.0029763922008135854,0.0,0.3928634076675695,0.0,1.0,0.5821716443106022,0.31675118496149357,0.0,0.56654918943179,1.0,0.0009201044649390041,0.0,0.00012340817202751849,0.242532986713132,0.0,0.8937622903625121,0.0,0.4539092319769635,0.09999030009003648,0.0,0.23298627386187298,0.0999998793807133,0.0,0.0,0.0,1.0,0.025784674190936843,1.0,0.0999999406174438,1.8516771044983555e-07,1.0,0.9889219018690488,0.9574046961024396,0.5717347983977918,0.9503084698827501,0.8002188670759395,23.0,6.0,0.7167630057803468,1.0,0.3333333333333333,0.0,0.0,1.0,0.0,0.0,0.0,0.0,0.0,0.0,0.0,0.0,0.0,1.0,0.0,1.0,0.0,1
VAR_002552,0.004360974332227838,5.4072312532916095e-08,2.8724817224548983e-05,0.04378483226309682,0.020162862046309363,0.0013190212781534654,0.001686093080670632,0.02870744818271402,0.009936233456375764,0.49769564854163273,0.15904901986350323,2.0,1.0,0.11838903882660928,0.4876176395358594,2.335598243518427e-06,0.9000199125114942,0.1000000033123853,0.09365587042840769,1.0,1.0,0.0123395979851378,0.0023971920671268,0.0,0.0,1.0,0.0,3.380841310133577e-08,2.4508130303233825e-21,0.0,0.0010581360880635,5.959059370016083e-07,1.0,0.0298832243009845,0.9825624621257184,1.0,0.0,1.0,0.0,1.0,1.0,1.0,0.0,0.0,0.0,1.0,1.0,2.0,0.0999921457386354,1.0,4.0,4.0,0.7600288350388984,0.8009478877034004,0.742841718078094,0.0,1.0,0.9997795109652561,0.5866000813733359,0.0,1.0,1.0,1.0,1.1370193455809532e-08,0.3627362476003614,0.1038609999535219,0.4955628638912416,0.0,0.0,1.0,1.0,0.1,0.0018086100939307,1.6307694319246867e-06,0.5839947078595457,0.0,0.085064365046794,0.19257158522893367,1.0,1.0000000000000002,0.9895639520814108,0.0999992251645565,1.0,0.0,0.0,0.004950211724777055,4.0,0.17757462856558034,0.2531460155107123,0.0,0.0,0.098906689492336,0.0,0.0134478067234989,0.0,1.0,0.0,9.182411965221037e-05,0.0,0.6377030544743093,0.0,0.7669595348056615,0.0,0.0,0.0999967518251578,0.0,0.0,0.0,0.0,0.0,0.0,0.0,0.0,0.0,1.0,0.9999999999967769,0.0068701810638676,0.0,0.0,0.0,0.0,0.999999998993678,0.6090605519691953,0.0,0.9999657151278201,1.0,0.0,0.0,0.0,0.0,0.099999855864285,0.0,1.0,0.981454863227349,0.0029025994633098853,1.6932882659384874e-12,0.0,0.5229812246761788,0.0,0.0,0.9688071141714371,0.6479255647400906,0.0,0.9999999619686609,0.0,0.005525648371103398,1.0,0.455981943564222,0.49833005473300396,0.0,0.0449099979214396,0.0,0.0,0.02774534084813281,1.0,1.3636123307735127e-13,0.0999998167201814,0.0,1.0,0.0,0.0,0.09809453599571337,1.0,3.269890100422474e-06,0.09978917889970029,0.9587936747386904,0.9876596264662928,0.9858450922015348,0.294200776796839,0.941448200223082,0.49435012988215615,17.0,7.0,0.5028901734104047,0.5,0.3333333333333333,0.0,1.0,0.0,0.0,0.0,0.0,0.0,0.0,0.0,0.0,0.0,0.0,1.0,1.0,0.0,0.0,0
VAR_002977,0.0010580979124558177,0.019692722544305236,0.013248077897362704,0.03650026721661477,0.15722559093149324,0.013390708228101898,0.001968232554791338,0.0021475969364133617,5.360014018902359e-07,0.04404001028851075,0.008037107490131656,8.0,0.7765188214397367,0.4395779716062887,0.25118352891775453,0.23615533623953913,0.2690702615219699,0.260000001985684,0.40256743542168216,0.4,0.8,0.022155741651873822,0.19578887137403472,1.0,0.5670100923768623,0.6,0.6,0.06010082473732152,0.05236109977146471,0.34490377340358724,0.01358301354542284,0.008820662427963442,0.4417744916943825,0.06726542935581493,0.6,0.4,0.2,0.4,0.2814186573227227,0.6,0.22246844067394966,0.6,0.6,0.2,0.6,0.6,1.0,7.0,0.019729794989063614,0.8,5.0,5.0,0.8901735748602873,0.9202286134963118,0.7781451078128971,0.4,0.6,0.486373691562852,0.2129605407590737,0.6,0.0,0.13842426977753558,0.6,0.0025528516695476123,0.11392283663088243,0.03717492390140996,0.4,0.4287235977085829,0.6297463296539413,0.2918971687072499,0.6,0.25190153973678236,0.24876476691578425,0.0070547331782529485,0.4,0.4,0.0,0.15301108854111015,1.0,0.08234361964168518,0.2310674016933057,0.03971524043686887,0.5629489328499726,0.6,0.0,0.004471853156505151,5.0,0.05866538030338052,0.7851451726580366,0.47129748145218747,0.0,0.25120044888163556,0.0,0.08274079583472255,0.0,0.7779379288940163,0.0,0.04760830838583112,0.0,0.28852531278164484,0.0,0.6,0.0,0.0,0.020827095861269945,0.0,0.0,0.768480013213111,0.2,0.0,0.4471619537146211,0.0,0.5287810891298566,0.0,1.0,0.7734294218079998,0.05078670965461678,0.0,0.2,0.0,0.6,0.5664113000793822,0.2444742952897277,0.0,0.4213264094942892,0.6235175611271847,0.7300083113469638,0.0,0.2820344006714138,0.0,0.058535273908463505,0.0,0.4,0.8714401249334869,0.07181718064211537,0.002749043119086397,0.0,0.7984049374961171,0.0,0.8,0.40578382669287205,0.2854409589538418,0.0,0.5461435826337757,0.6,0.00184599896754502,0.8,0.747275303792017,0.6580798088184616,0.0,0.4821495486300608,0.0,0.1693467387239421,0.08026471944898582,0.2881690277810511,0.7834992719238805,0.06004549356785216,0.0,0.6,0.0,0.6,0.029971289650086056,0.619801076814424,0.043708885324940064,0.05210614578966859,0.7852072910002424,0.801256000212387,0.7837833773033809,0.6040501459829547,0.8781404217704355,0.6207572802265595,5.0,11.0,0.9017341040462428,0.0,0.0,0.0,0.0,0.0,0.0,0.0,0.0,0.0,0.0,0.0,0.0,0.0,0.0,1.0,0.0,0.0,0.0,1
VAR_003145,0.007230918080218066,0.007301164392462051,3.2293180661160007e-05,0.0004007432267927822,0.16794695511527583,0.001566095838003834,0.009389346432902205,0.00048082713792498477,0.0031596348498643253,0.023747129550776166,0.09769223313088664,8.0,0.6800044086079646,0.23033904272807232,0.19628704381973788,0.2387505280388954,0.2305977115215113,0.4018357139295604,0.2189781355588643,0.4,0.4230962758389499,0.0764112849716522,0.7953925557721837,0.8,0.37390451642682265,1.0,0.4,0.05769850185250096,0.03942065974513172,0.5252144767879936,0.07671990871529379,0.03304005171293349,0.8,0.03938648977469326,0.6,0.0,1.0,0.4713887672443899,1.0,1.0,2.1936646498357494e-11,0.0,1.0,0.0,1.0,0.0,1.0,0.0,2.788810033409384e-05,1.0,3.0,3.0,0.9873733787776713,1.0000000000000002,0.8025394104480195,0.8,0.8,0.5912794571711225,0.05062381798148739,0.8,0.23188140788214265,0.2387756495700024,0.6,0.11059027508147859,0.19626066971834397,0.053701600759267075,0.8,0.6,0.20760258947443044,0.026521781557217582,0.2,0.019748238303045274,0.05849352583874242,0.0005716246282354031,0.3157820589159474,0.20691916575613703,0.07306944707973115,0.13574563581765917,0.36502560383402327,0.05743348987539647,0.2492931978785954,0.09770595605210261,0.3310893184366141,0.7268017283235567,0.2,0.005324737460002786,3.0,0.05300924205410855,0.6323312228177003,0.3968983151104766,0.0,0.07751676727398081,0.0,0.09999905724185998,0.0,0.40594943052930776,0.0,0.06828854758157571,0.0,0.4,0.0,0.8905686442974439,0.0,0.0,0.05995458687227574,0.0,0.0,0.6818913705027818,0.6,0.0,0.11946041500910225,0.0,0.5846416305805698,0.0,0.6577339731052463,0.9400884397761053,0.0043888923025234405,0.0,0.2,0.0,0.6789418419053532,0.6063323006913809,0.36596839625117905,0.0,0.5999987369516095,0.41449056271818074,0.316479889103524,0.0,0.03480338629859056,0.0,0.07685981436809028,0.0,0.2675415210996847,0.48964755993986797,0.05980935276798496,0.00057411600019331,0.0,0.7984049374961171,0.0,0.6,0.22716461509855068,0.20562190038537614,0.0,0.7994024699988957,0.4,0.0023443244886463474,0.4,0.3955964000277102,0.33021031280326396,0.0,0.19596266691750047,0.0,0.6,0.03406596710638027,0.8,0.6643524902620097,0.05953720498373186,0.0,0.4,0.0,0.2,0.041996729771009565,0.536905025485761,0.03920293950994495,0.0267190765671704,1.0,0.989427623500086,0.965115207195624,0.9044458060344354,0.9642345282293934,0.9713436544395652,14.0,19.0,0.5260115606936416,0.33333333333333337,0.6666666666666666,0.0,0.0,0.0,0.0,0.0,1.0,0.0,0.0,0.0,0.0,0.0,0.0,1.0,1.0,0.0,1.0,1
VAR_003042,0.004024580041440198,0.04224149665973654,0.006572224566389967,3.072868144569369e-05,0.018108112232858877,0.05657351917556675,0.001654858419277751,0.0019380303352328036,0.03536932534332472,0.04692312725155309,0.01609733381770906,8.0,0.6767887405393292,0.020308367404804573,0.2148531359562258,0.2230041150516894,0.05071575767119265,0.2400022156345521,0.4183497382724298,0.2,0.22309627583894986,0.07924059058867236,0.5573146314980919,0.6,0.5739045164268226,1.0,0.4,0.039019221519809015,0.022217230012660176,0.43071251422400636,0.03918866148768863,0.038542857007401475,0.8,0.06782712444678511,0.6,0.8,0.4,0.4,0.3305708438114622,0.2,0.04168859913007524,0.4,0.8,0.4985308851678174,0.2,0.6,1.0,7.0,0.02653864640938831,0.4,2.0,2.0,0.9536476262002589,1.0000000000000002,0.8181832929292177,0.2,0.6,0.7744287339938731,0.6,0.2982238591290256,0.40353327180686377,0.3141760138762386,0.8,0.015988528614896427,0.14135763712350766,0.04080017405237563,0.6,0.6,0.5348622483472077,0.05424262461104856,0.2,0.17703109280824444,0.06341804014530869,0.00933341262989066,0.20802246578670092,0.5125699585301324,0.2769856660371087,0.020647482090534436,0.5805452686934149,0.2663787662367946,0.21138290213004524,0.08563589084456313,0.41768786134556884,0.6,0.2,0.03473286672685571,2.0,0.03327340554942912,0.2766761164029389,0.672422514921028,0.0,0.05934622333187398,0.0,0.04121161068416468,0.0,0.2665785803945131,0.0,0.020817523002585967,0.0,0.4104013191104057,0.0,0.7248384813813712,0.0,0.0,0.057379827145958295,0.0,0.0,0.7134113572896709,0.6,0.0,0.2,0.0,0.5086644524144711,0.0,0.40021999036315475,0.3164881526231851,0.04063135286304794,0.0,0.5814927259457195,0.0,0.33307960935996744,0.3182572469572946,0.12371997626522517,0.0,0.49948659364251424,0.8,0.70634436291864,0.0,0.21741588869622874,0.0,0.07867344001903895,0.0,0.26415375656041673,0.5894797572309368,0.0675190645671225,0.0015736615966550835,0.0,0.6733107575682156,0.0,0.6,0.22768617093492266,0.16320377993069815,0.0,0.5608882234041851,1.0,0.013784506003718992,0.6040763249341076,0.2630907098057058,0.6671051279315338,0.0,0.5369373979886082,0.0,0.6151814983430832,0.06064317182841205,0.8,0.38812020887949894,0.028523233139798564,0.0,0.4,0.0,0.8,0.023513827886678166,0.37699393435090894,0.06791865538551253,0.061734564317800264,0.9915627012495238,0.992251731738132,0.9926697484551464,0.6032720895900527,0.9107801995589737,0.8010724590959655,7.0,22.0,0.7456647398843932,0.0,0.6666666666666666,0.0,0.0,0.0,0.0,0.0,0.0,0.0,0.0,1.0,0.0,0.0,0.0,1.0,0.0,0.0,0.0,1
VAR_003125,0.0003779524816027181,0.32979874250859037,0.0001257780201697455,5.49010870445279e-17,1.9397784439389774e-13,0.00010071570692243473,0.0005412401460536979,0.002086610415947743,9.308709905504785e-09,0.0050698206160613895,0.00011992627585470772,16.0,0.7148582410280839,0.12635752401356215,0.2906545846609394,0.21933687630140178,0.2116566942593797,0.4018357139295466,0.2377066976417068,0.4,0.6,0.05709173984161908,0.2563936984759928,0.6,0.4272792669319464,0.8,0.4,0.23992117570711047,0.23960782289323018,0.6404050087191161,0.058938318576756264,0.018255946736266737,1.0,0.044359547399888365,0.6631621859928577,0.386789102635501,0.8,0.8,0.5877147194824236,0.8,0.027916494301416343,0.8,1.0,0.7492984799060685,1.0,0.6,1.0,7.0,0.24047571777188975,0.4,3.0,3.0,1.0,0.9467099260012357,0.8319182961884768,1.0,1.0,0.001680650688102,0.0,1.0,0.0,0.0943374891550135,0.0,0.0999639899817902,0.0999999999999999,0.0990823122153403,1.0,0.0,0.2050553192931331,0.0999999999996202,0.4279958614309082,0.0891126672077712,0.0321918559684764,2.103256185513486e-10,0.0,0.0,0.0,9.51550900603073e-05,1.0,0.019287690156880036,0.0,0.0999993020550921,0.0,0.0,0.8,0.057137290267220996,3.0,6.076596493702672e-05,0.7167325542595306,0.25052091991903425,0.0,0.09935855634520546,0.0,0.0628621849441124,0.0,0.0493864343298301,0.0,0.035790941623953146,0.0,0.5485770390366054,0.0,0.7144752890328019,0.0,0.0,0.0816905888327573,0.0,0.0,1.0,0.4,0.0,0.22321421470936742,0.0,0.37411745959138054,0.0,0.6162784117268515,0.7467891313715541,0.041982556357312725,0.0,0.3378036734945808,0.0,0.5458622325453859,0.1992785223196084,0.2659768374893098,0.0,0.5785659286365968,0.5401349733451889,0.0,0.0,0.14552931237141328,0.0,0.057537353917837965,0.0,0.6054780150580188,0.5092766069035477,0.03557786813498722,0.0006466486707363055,0.0,0.8,0.0,0.8,0.7395792365263407,0.23723294924436034,0.0,0.6123438730689876,1.0,5.080371075804046e-05,1.0,0.084911292663227,0.999762939061415,0.0,0.0,0.0,0.2470142703050804,0.09999999989425039,1.0,0.0005710593180363118,0.0011540313113076,0.0,0.0,0.0,0.0,0.08543658607580175,0.0,0.0978503202086911,0.002232880169435785,1.0,0.6643336520778422,1.0,0.6140354229860469,0.9715243219072116,0.645720132560133,19.0,13.0,0.31791907514450873,0.5,0.3333333333333333,0.0,0.0,0.0,1.0,0.0,0.0,0.0,0.0,0.0,0.0,0.0,0.0,1.0,0.0,1.0,0.0,1
VAR_002556,0.0020161530031647503,0.000270358150395341,0.030171614510418908,0.00045957855010235493,0.0022555069939504133,2.1212554521741017e-12,0.0016450060180565487,2.356724192030463e-16,4.019753560132798e-05,0.038572763126834504,0.03139442559793515,11.0,0.8,0.23819899867263306,0.46780673940250195,0.24792266913674507,0.40264697000020255,0.07635041527290064,0.25767493955479515,1.0,0.2785083263035419,0.0999999999638749,1.0,0.0,0.0,0.0,0.0,0.0690162843731724,0.008926242325373,0.0,1.3112751307810999e-08,8.219335551410979e-19,1.0,0.099999778775837,1.0,1.0,0.0,0.0,0.0,1.0,0.0060016394642153,0.0,0.0,0.0,0.0,0.0,1.0,1.0,0.0576882778986253,0.0,4.0,4.0,0.7450977489866173,0.5569256068003384,0.5718424970541943,1.0,0.3416007167183874,0.062952153746894,0.0,1.0,0.0,0.1378234005663056,1.0,1.2230515388224731e-05,0.0398655524615495,0.1001373867003797,1.0,1.0,0.5738075851992287,4.5090104549905405e-05,0.0,0.0285998558403994,7.947268103302949e-11,2.202240622934763e-05,0.7840830470781016,1.0,0.828933734217684,0.0961521520983799,1.0,1.2533261938762801e-05,0.1014213111919655,0.0920253344014887,0.0,0.0,1.0,0.007453352384659716,4.0,0.015831764355346563,1.0,0.0,0.0,1.0,0.0,1.821298036740942e-08,0.0,0.0999989856205747,0.0,0.0999999953905032,0.0,0.2654671908446648,0.0,1.0,0.0,0.0,0.0036509934479477,0.0,0.0,1.0,0.0,0.0,0.829313051147774,0.0,0.0,0.0,0.5587032480424353,0.999332597926262,0.0990797865057993,0.0,0.0,0.0,1.0,0.5113624847727309,0.0095233123290925,0.0,0.547732284404338,0.0,0.3616813838060651,0.0,1.0,0.0,0.0986158687886773,0.0,0.8215692588547324,0.008092875919206,0.0934784977665196,0.004504614461552299,0.0,0.0,0.0,1.0,1.6799135400696748e-08,0.2792622666516164,0.0,1.0,0.0,0.0022610259168747157,0.0,0.039731620634880005,0.9999999991845699,0.0,0.8165224107961793,0.0,1.0,0.040855698584765475,0.0,0.011445666958053,0.1,0.0,0.0,0.0,0.0,0.001225799136374635,0.0013113766083245,7.216766189515239e-05,5.969051994651384e-12,1.0,0.9230144766762238,0.1412271371372213,0.2190204162558939,0.6112796203588177,0.3806536756719134,17.0,7.0,0.5028901734104047,0.5,0.3333333333333333,0.0,1.0,0.0,0.0,0.0,0.0,0.0,0.0,0.0,0.0,0.0,0.0,1.0,1.0,0.0,0.0,0
VAR_002804,0.0020428462162201616,1.489548180948419e-09,0.029980739146099594,2.6722204628551146e-08,0.0003548847324085238,1.394005581028724e-08,0.014184918785832924,0.0006236389266499653,0.0008430755610037271,7.841885666800304e-05,0.010476033851603634,23.0,0.703485587168228,0.23159152323835003,0.41291025430448525,0.04846108151937048,0.4012534394490677,0.24082612142685877,0.4177331538511095,0.0,0.0,0.0011589100770114,1.0,1.0,0.8599778446146249,0.0,1.0,0.0999999999579973,0.007527981495006,0.0,0.0984063412398584,0.001787433540288744,0.0,0.094490044740704,0.0,0.6,0.6,0.8,0.6,0.6,0.4000000770028391,0.8,0.6,0.6,0.6,0.0,1.0,7.0,0.24284858550378813,0.8,4.0,4.0,0.8536831512566763,0.9134020315005091,0.84551228426176,0.0,1.0,0.0004879211877249827,0.0,0.0,0.3020985623700323,0.1038630702469259,1.0,0.0999999390420051,0.2038599917626268,0.0999999998864965,0.0,1.0,1.0,0.0968825973044402,0.0,0.2267141355023041,0.5534107648478077,0.018921153428808266,0.5493765955737635,0.0,0.0,0.15345042681728174,0.4472414831591724,0.09999999999999985,1.0,0.0999999999957257,0.0,0.0,0.8,0.16160614504928944,4.0,0.010534637276942036,1.0,0.0,0.0,0.9000499904438508,0.0,0.0142312374080067,0.0,0.0999999991188271,0.0,5.475582042259881e-08,0.0,0.0,0.0,1.0,0.0,0.0,0.0035595653128617,0.0,0.0,1.0,1.0,0.0,1.0,0.0,0.0,0.0,0.0,0.00037333391784561944,0.0999627159666872,0.0,1.0,0.0,0.8802712939787856,0.00012461512850627383,0.3634225175146456,0.0,1.5522233019408362e-06,0.0,0.0,0.0,1.0,0.0,0.0831465476654936,0.0,0.0,0.9902367463147379,0.09953665370007782,0.0004005565362217006,0.0,0.0,0.0,1.0,0.288151367674396,0.0,0.0,0.9999894680026419,0.0,0.0023378894193436333,1.0,0.099946572980582,0.999999238710496,0.0,1.0,0.0,1.0,0.09988328379109646,0.0,2.264933081803446e-05,0.0002422460620573,0.0,1.0,0.0,0.0,0.06827355793998224,0.0,0.0326588690701761,7.285211191277471e-08,0.9939915995951726,0.6721802172353154,0.9767120473921928,0.6883907109327467,0.9471869939722025,0.7227408365097272,23.0,3.0,0.6994219653179191,0.16666666666666669,0.3333333333333333,0.0,1.0,0.0,0.0,0.0,0.0,0.0,0.0,0.0,0.0,0.0,0.0,0.0,0.0,0.0,0.0,1
VAR_002569,0.010535003591972777,0.00486871263875654,0.01781985400532863,0.008851434651678156,0.06128932037489045,0.00030298458191667686,0.003389104220382888,0.00752951308295798,0.012421004284912319,0.13297097774947558,0.0749032621451701,8.0,0.8,0.2867008472115559,0.46780673940250195,0.04835639082962478,0.6026234732421116,0.059238660105603094,0.24413579831978222,0.4,0.25570166526070837,0.05355959330316386,0.5808054240925538,0.4,0.5512256018981159,0.6,0.3738756159829057,0.21989072480083424,0.04131382433395681,0.18179631588401818,0.02059974184821714,0.0778977118546911,1.0,0.06595672603075285,0.7965124924251437,0.0,0.0,1.0,1.0,0.0,0.050196172007374,0.0,0.0,1.0,1.0,0.2671926910777487,1.0,5.0,0.0769422455561285,0.0,4.0,4.0,0.7358655248395536,0.7999837044141492,0.7016638624100773,0.6,0.8683201433436775,0.5972904930709233,0.11815047231762565,0.4,0.6565001832754384,0.6685366881989852,0.8,0.05781503260209819,0.47772208260488824,0.09345642743531085,0.6991125727782483,0.22245903092996994,0.38020964624980624,0.4202801382470662,0.4,0.42571997281250545,0.20036176679801274,0.007672628478656754,0.4736155509875295,0.4,0.3965405720354688,0.20261615010597556,0.6,0.5643509972763995,0.4492908002414261,0.24098490059538674,0.5084738376353721,0.4804230057217165,0.6,0.014100734045651538,4.0,0.00892250722298437,0.6506292031021425,0.11742651687723109,0.0,0.42195796896975823,0.0,0.0028235753739037075,0.0,0.43999927071290673,0.0,0.0400213787816434,0.0,0.5412214053779533,0.0,0.9533919069611322,0.0,0.0,0.20587581004506017,0.0,0.0,0.8,0.2,0.0,0.5658626102295548,0.0,0.22718982178347796,0.0,0.829263340802439,0.6969892733757594,0.021225958913520145,0.0,0.39156442794439894,0.0,0.8,0.879154537362392,0.5237167728596576,0.0,0.7116015059955151,0.8,0.4411611405311645,0.0,0.5320002203052032,0.0,0.04079440513959508,0.0,0.5643138517709465,0.49891530285699653,0.03963226596077997,0.0013500220060708205,0.0,0.24257171504193212,0.0,0.8,0.5271383481730274,0.5854375662783414,0.0,0.5527363663183518,1.0,0.0008266167950673768,0.0,0.999996573787748,1.9697766325238156e-08,0.0,0.0,0.0,0.0,0.09826496578812256,0.0,0.999053608891417,0.0210395381697532,0.0,0.0,0.0,0.0,2.566048775077976e-05,0.9287225471585752,0.0007896518519463,0.09999999541576199,1.0,1.0,0.9440867519067928,0.30432417306581694,0.593072912369205,0.486577966075815,19.0,1.0,0.6242774566473989,0.5,0.6666666666666666,0.0,1.0,0.0,0.0,0.0,0.0,0.0,0.0,0.0,0.0,0.0,0.0,1.0,1.0,0.0,0.0,0
VAR_002852,0.01084253479435024,1.698066805395847e-09,6.3242835676282134e-09,0.026813687823135274,1.4756714875474357e-09,0.002018172911863526,0.015977334898560278,0.00490355473080916,9.691435760713941e-11,0.16407973897406572,0.0026439162229079777,16.0,0.6419349081192098,0.23440809368385018,0.3631126379241795,0.05875052803033539,0.21135384261399812,0.42183432214843875,0.21689957111555874,0.0,0.0,5.800109952912955e-06,1.0,1.0,0.259142524907603,1.0,0.0,0.0999573301311628,0.0016194624866269,0.1920172888055111,1.4095534932430062e-15,0.42001310147481624,0.0,0.0031157616043634,1.0,0.0,0.0,0.0,0.8160605476386009,0.0,0.0950756437472265,0.0,1.0,0.4934525634635524,0.0,0.0,1.0,3.0,5.669619210215527e-07,1.0,2.0,2.0,0.9252341485985658,0.9893647373314829,0.8401595377631934,1.0,0.0,0.9999748529339519,1.0,1.0,0.0,2.58612550313148e-06,1.0,0.0999998879709609,0.003127169565261,0.0999820608002244,1.0,1.0,0.0,0.0004114798325951,1.0,0.0886542004315547,0.0095485346251548,5.3028765866712965e-05,0.0,1.0,0.9347222188520108,0.09999999999973704,1.0,0.003204716423106434,0.0,2.0459812083966804e-18,0.0,0.0,0.7338615087417297,0.08006445263018892,2.0,0.0033934722458583352,1.0,0.0,0.0,0.0999999999999998,0.0,0.0928648858503579,0.0,0.0999018103976557,0.0,0.000334178317090962,0.0,0.0890517077485848,0.0,1.0,0.0,0.0,5.115165406421688e-07,0.0,0.0,0.0224588704982362,1.0,0.0,0.0,0.0,0.0,0.0,0.0,0.9897138468869431,1.563928760372624e-09,0.0,1.0,0.0,0.0,0.999999596396898,0.0,0.0,0.9967899341490339,0.0,0.1704236578977441,0.0,0.2628276357713245,0.0,8.863709230513895e-05,0.0,0.9928752240243228,0.9931944335725309,0.0,0.038218929144106704,0.0,0.0,0.0,1.0,0.99742009462294,0.0,0.0,0.0393872729262368,0.0,0.00979716015068148,1.0,0.0002792572312097466,9.457629394646624e-17,0.0,0.0,0.0,0.0,4.248696927100882e-05,0.0,0.075186886079631,0.0989252299433633,0.0,1.0,0.0,1.0,1.657725483630273e-07,0.6238793581719062,0.0999999981179692,0.09239483368273468,0.9965895697835992,0.9823493315284312,0.984259187706543,0.857387659592224,0.9728817557036546,0.7703639678064951,4.0,13.0,0.47976878612716767,0.6666666666666666,0.3333333333333333,0.0,0.0,0.0,0.0,0.0,0.0,1.0,0.0,0.0,0.0,0.0,0.0,1.0,1.0,1.0,0.0,1
VAR_002705,0.004086435031518886,0.005409398989792239,0.012982378328350046,0.004580911231380217,0.15097435964959766,0.013151783928016374,0.004742039844005479,0.0026161349562956325,0.003175490275463879,0.024971749800039546,0.04266613251888714,8.0,0.7148582410280839,0.1033168752316373,0.19313105675376754,0.4193364091817531,0.03167620851517183,0.39894746843436707,0.23897510491322277,0.6,0.6230962758389499,0.07924058341222875,0.3953925557721837,0.6,0.5739045164268226,0.8,0.4,0.04019802558624952,0.046934867275406536,0.6247476001193285,0.0653211086633418,0.16852563623524372,0.6,0.07629858386600107,0.6,0.4285073618913774,0.6,0.694277753448878,0.7297263856493694,0.6,0.39417769130800606,0.8,1.0,0.09853088516781741,0.8,0.4,1.0,7.0,0.21989964329575148,0.6,4.0,4.0,0.9013723606260138,0.9746926237524411,0.836610603028054,0.5790512055512553,0.4,0.7942532877041328,0.25062381798148736,0.8,0.8082968075949333,0.19119760025382165,0.8,0.05969882738220776,0.16866783699090596,0.020289357589132813,0.4,0.4,0.6804311985674708,0.03977449565389716,0.5041648714116936,0.2370342624395075,0.1922895670090652,0.004883598738561697,0.543044179680147,0.8159839246613331,0.4506954729281363,0.07761806713667642,0.5056817954192843,0.03958952444443082,0.36952006749927196,0.09347976039149332,0.4265386199253651,0.4463950814080885,0.2,0.003356940791316764,4.0,0.028220945114212543,0.6323312228177003,0.19689831511047656,0.0,0.08502462359788839,0.0,0.08115588499460666,0.0,0.2267987083414166,0.0,0.04828860899378427,0.0,0.5541750568521526,0.0,0.6905686442974439,0.0,0.0,0.07728945317451023,0.0,0.0,0.8818913705027818,0.4,0.0,0.29915170909385547,0.0,0.5330044628555548,0.0,0.5248837852091706,0.7033550284550889,0.04114053810453402,0.0,0.24948149434366,0.0,0.27894184190535337,0.7290273191539419,0.3129386372719192,0.0,0.5986631380647511,0.740134973345189,0.316479889103524,0.0,0.172686172097346,0.0,0.09906330578270106,0.0,0.20547801505801874,0.5270833810346546,0.06161364985404985,0.000591313300553061,0.0,0.8717156950643327,0.0,0.8,0.2257529683475298,0.20043672917505848,0.0,0.7606692428757791,0.4,0.0038590288889191423,0.6,0.8555828114846251,0.34011585429290325,0.0,0.5227320245778447,0.0,0.8622345811864214,0.059999055840359174,0.8,0.4643639145598153,0.04028368855132149,0.0,0.4,0.0,0.8,0.0598724513196684,0.6,0.09711496035303671,0.02222115736646901,0.9940003037193382,0.9984475386064144,1.0,0.8202611862573568,0.9361018505717633,0.7755081415580476,15.0,17.0,0.4219653179190752,0.6666666666666666,0.3333333333333333,0.0,1.0,0.0,0.0,0.0,0.0,0.0,0.0,0.0,0.0,0.0,0.0,1.0,0.0,0.0,0.0,1
VAR_002747,0.012955737219601988,0.004276710125107769,0.00011306751325215023,2.331948307302298e-10,4.518803825491963e-05,2.7059060792569224e-06,0.002164862004290227,0.00928533531408274,2.265951633427145e-06,0.10191127885603592,0.023118680973329732,15.0,0.6419349081192098,0.3479491629797579,0.41800912302219617,0.23875051033631087,0.2313538426077041,0.2400008620014691,0.2169045023168057,0.6127609890344597,0.6,0.0766422549453766,0.6138703369218458,0.2,0.6,0.6,0.7982056552383661,0.0597843655100599,0.02249157471877263,0.4313199424601029,0.05292551612225308,0.020193714371266252,0.4,0.03722798561494116,0.6,1.0,0.0,0.0,0.5430357445005978,1.0,0.0705381125095955,1.0,0.0,1.0,1.0,1.0,1.0,5.0,0.0981580159641895,0.0,3.0,3.0,0.7783748385787383,0.9330970630205518,0.835004666332698,0.3941764173143195,0.0,0.999883174196875,1.0,0.0,1.0,1.1166151086562065e-10,0.0,2.2931288973485633e-13,0.0029723083680844,0.0979437835092407,1.0,1.0,1.0,0.0990081249502888,1.0,0.0702810084492028,0.6710711218409352,0.022682650575622933,0.0,0.0,0.628467233867684,1.3925396869989014e-09,0.0,0.06322585993234374,0.0,0.0999766122618757,0.1958276867362809,0.5370539889853558,0.2,0.04992189023358253,3.0,0.02389937443115894,0.0,0.099612670858131,0.0,3.0274658726029732e-06,0.0,0.0999999943973283,0.0,0.0999999999998837,0.0,0.025562748204739874,0.0,0.1784273192679157,0.0,0.5576070336865064,0.0,0.0,3.542545447897246e-11,0.0,0.0,0.0,0.5586078686307984,0.0,0.0,0.0,0.0,0.0,0.0105011594869644,0.999672934376882,0.000293480452102,0.0,0.1133167509518479,0.0,0.0,1.0,1.0,0.0,0.575934574888892,1.0,0.6931566747858936,0.0,0.0,0.0,1.9617541979135246e-10,0.0,0.0,1.0881279777225229e-07,0.09997747492593302,0.018847993469510625,0.0,1.0,0.0,0.0,0.997894998519938,0.5678429119857391,0.0,0.06412635334147412,0.0,0.065132738001857,0.0,0.32602062460105397,0.19546960790610102,0.0,0.0,0.0,0.0,0.006833577108788337,0.0,0.12440914593906499,0.0999994920320416,0.0,0.0,0.0,1.0,7.794457942714357e-11,0.0,0.097645132774869,0.05907758027410299,0.9928006576153184,0.892856633867833,1.0,0.975924394970442,0.9611919221599059,0.9729406432323628,0.0,4.0,0.17341040462427754,0.16666666666666669,0.3333333333333333,0.0,0.0,0.0,1.0,0.0,0.0,0.0,0.0,0.0,0.0,0.0,0.0,1.0,1.0,0.0,0.0,1
VAR_002860,0.0008645245059879776,1.7748372149975523e-07,1.7968005926090407e-07,6.563020360011233e-07,0.016162824984893857,4.235479512999908e-06,0.013812420601067929,6.300301316088854e-15,3.180303066238547e-07,0.02352401394725217,0.00023986023889352735,16.0,0.6800044086079646,0.23033904272807232,0.19628704381973788,0.2387505280388954,0.2305977115215113,0.4018357139295604,0.21897813555886428,0.2,0.6,0.037553884289033425,0.45530246876237257,0.8,0.4,0.6,0.9750806858239034,0.24001934733521937,0.04018615233300864,0.471848309121477,0.034149767239266035,0.004536723538423925,1.0,0.024516118247328515,0.8,1.0,1.0,0.0,0.0,0.0,6.450890202781741e-10,1.0,0.0,0.0,1.0,1.0,1.0,0.0,1.4278241382509325e-11,1.0,1.0,1.0,0.9286554105028257,0.9743541068770567,0.8645345596031091,1.0,0.0,0.908949445344735,0.0,1.0,1.0,0.099999999924753,1.0,0.0151611510075055,0.0999999797067733,0.0999979721064456,1.0,0.0,0.3006087240970936,0.0999839678708751,0.8570085035862263,0.0178297618160575,0.0025617482651435,6.696605113020219e-05,0.9610362515478976,0.0,0.0,0.09777592299335933,0.0,0.09999999999999966,0.6620573041519806,0.0999284441669965,0.0,1.0,1.0,0.13287403028141984,1.0,0.0011838824882930113,0.6,0.36133583091611177,0.0,0.22027384181157256,0.0,0.03816858213553746,0.0,0.04888145923643768,0.0,0.03311389830147084,0.0,0.391494332875924,0.0,0.8,0.0,0.0,0.24032261877737193,0.0,0.0,0.6584461195825997,0.9450258971587457,0.0,0.6203087059152468,0.0,0.01000456603499364,0.0,0.33000169693086956,0.39873162954031377,0.04006634623822229,0.0,0.6350957551490382,0.0,0.8,0.3299729401515699,0.4864819180063565,0.0,0.7347346757516509,0.8,0.25831132413114466,0.0,0.46092760244111836,0.0,0.0017152572189116037,0.0,0.4134690102498146,0.6451961979578713,0.08017174654690742,0.019553089780513372,0.0,0.4561501188394592,0.0,0.6,0.40000170862795553,0.3730812183301169,0.0,0.5294995236309781,1.0,0.00046895457290889545,1.0,0.004215339331789,0.999864691651456,0.0,0.0,0.0,0.9382645752748952,3.209409711445466e-10,1.0,0.146112527736986,0.0395070496482174,0.0,1.0,0.0,0.0,4.149180051174193e-11,0.2446805931641027,0.0040966412717368,2.4288857619511806e-07,1.0,0.9699283796421392,1.0,0.6149324971866708,0.9915636244214179,0.9700499625216193,11.0,17.0,0.0,0.16666666666666669,0.6666666666666666,0.0,0.0,0.0,0.0,0.0,0.0,0.0,0.0,0.0,0.0,0.0,1.0,1.0,1.0,1.0,1.0,0
VAR_002584,0.017307811598317215,0.010400361041940424,0.04121521439871765,6.06026705149351e-05,0.07545573576470421,0.0016790596954704147,0.009772775016056074,0.007492826295440727,0.014664356188342805,0.04350419772743897,0.1254731163728584,8.0,0.8,0.18823930282781415,0.2678067394025019,0.20889589032035807,0.6191508038401308,0.05899311543614995,0.26305394533749615,0.2,0.543142430181673,0.048741641943454615,0.2,1.0,0.2,1.0,0.387608817405651,0.058590981180459356,0.06073653948169159,0.44332896118472176,0.051215555543169686,0.019738969093231813,0.6,0.07042029177730423,0.6,0.630187488380183,0.8,0.4,0.41670095246039,1.0,0.20790853271431115,1.0,0.6,0.4845356332796548,0.4,1.0,1.0,7.0,0.08654401704887298,0.4,1.0,1.0,0.737249563694292,0.9634273181930204,0.7338757243503817,0.6331605971979586,0.8,0.5303122256907928,0.4481992751209557,0.4,0.3342527016425924,0.2520035323356553,0.6,0.063378330497515,0.26968098993727324,0.04076855947869072,0.4,0.5219447700919035,0.5303717818690494,0.153009564695958,0.4,0.11275168060193089,0.0701836311983462,0.00122496918911228,0.2,0.7030324471316148,0.33412143351509976,0.13792166516151638,0.5631497866630669,0.008057017947317087,0.5587129889483167,0.061561365686622495,0.43183351183410873,0.4,0.4,0.033973098701249864,1.0,0.032189404819453926,0.6093721828863015,0.5108541292641892,0.0,0.22034858633532345,0.0,0.25630982985795325,0.0,0.08650358919198119,0.0,0.24213108666242428,0.0,0.5053232972673553,0.0,1.0,0.0,0.0,0.03591729291790518,0.0,0.0,1.0,0.4,0.0,0.5167456292630341,0.0,0.41001462246754966,0.0,0.3422277673072016,0.31763654726956103,0.22541727058294314,0.0,0.8,0.0,0.8,0.4005179976371137,0.5733193211922283,0.0,0.5096236073660058,0.8,0.2,0.0,0.4386824027016235,0.0,0.25826078360448784,0.0,0.6,0.4885150745216138,0.25726831216147994,0.025169337691447618,0.0,0.6134758076976032,0.0,0.8,0.7659808210540736,0.5359226920867256,0.0,0.799819198456387,0.8,0.00786490316451081,0.5599986912125614,0.4046355500333888,0.9287029405520542,0.0,0.5351910027995347,0.0,0.7858006060807068,0.039462960470506334,0.4,0.8383696968256816,0.05917238313641617,0.0,0.6,0.0,0.5609300450794807,0.05135724404319965,0.5205024041496245,0.0543994574857685,0.08178394841310314,0.9823959685347042,1.0,1.0,0.935651024856074,0.9722350006759115,0.9746185149793932,23.0,4.0,0.35260115606936415,0.0,0.3333333333333333,0.0,0.0,0.0,0.0,0.0,0.0,0.0,0.0,0.0,0.0,0.0,1.0,1.0,0.0,0.0,0.0,1
VAR_002627,0.018351024336720666,1.355279942136254e-23,1.2865972510219909e-06,2.29305960566798e-12,0.003179960025623762,3.956471688783845e-13,0.0005437805139688253,0.01220202701909949,0.12710755536169227,0.10375906507736701,0.0022078737788494445,18.0,0.6800044086079646,0.33205066863426574,0.19628704381973788,0.07248649218750373,0.23135372012854305,0.42183436095381527,0.4000599885411504,0.6,0.6006140522756159,0.04987304624707481,0.8,1.0,0.6255881947429816,1.0,0.8,0.04426051653569779,0.03772335175120947,0.2500343282636823,0.039997757327154174,0.11679961659313737,0.6,0.06422595496007863,0.8,0.0,0.0,1.0,0.0,1.0,3.583311758842058e-15,1.0,0.0,0.0,1.0,1.0,1.0,3.0,0.0999755588028959,1.0,2.0,2.0,0.7554370411587312,0.9561619358851502,0.7892774306182025,0.0,0.0,0.999999999957599,0.0,0.0,0.0,5.663566395348023e-11,0.0,2.406848888907287e-05,1.1500362258560565e-11,0.1000703060938841,1.0,0.0,0.0,3.68175876460664e-06,0.0,0.0999621833458102,0.7531200010410416,0.02575027030940647,0.6023894379118843,1.0,0.0,0.11655975816832143,0.0,8.67232868015123e-06,0.0,0.0519789024459138,1.0,0.0,0.7338615087417297,0.0894018848167452,2.0,0.015443050885801831,0.6,0.2,0.0,0.24357853774462224,0.0,0.05809674116739381,0.0,0.07998031740579235,0.0,0.02041986279393282,0.0,0.6178103415497169,0.0,0.7656459485386445,0.0,0.0,0.03960774798767145,0.0,0.0,0.46353595214039434,0.6,0.0,0.2,0.0,0.26951972327890816,0.0,0.0,0.7051020612587735,0.05910034726003027,0.0,0.9302250487805825,0.0,0.8,0.5951568034117278,0.36549547306575797,0.0,0.7851446597001326,0.6,0.5083334520552236,0.0,0.4550431164933716,0.0,0.039948466363903194,0.0,0.5051818553412254,0.5852841745099405,0.06015082407473786,0.007981118795153811,0.0,0.8,0.0,0.8,0.9751959682878769,0.32170631938038396,0.0,0.3542848228225388,1.0,0.0004601730798325134,0.0,0.905054564028464,4.298700517213364e-05,0.0,0.0,0.0,1.0,0.09290791252320249,1.0,2.362672259499311e-05,0.0628590096725795,0.0,1.0,0.0,0.0,0.005541601346781236,0.6855787768026035,0.0455152636998774,0.04474499454243719,0.986763791978891,0.7937035520652715,0.993298839645801,0.5958409947415081,0.88416606202328,0.7824541049466704,4.0,8.0,0.4971098265895954,0.33333333333333337,0.3333333333333333,0.0,0.0,0.0,0.0,0.0,0.0,0.0,1.0,0.0,0.0,0.0,0.0,1.0,1.0,0.0,0.0,1
VAR_002608,0.006148607147043052,0.0945309034652889,0.0010621119922461304,0.0007408641822429128,0.02209055518150206,0.025596513830254682,0.008314466753938512,0.0015469781871052977,0.006521656762680051,0.046785524673772526,0.12459384718140719,8.0,0.64193490811921,0.1479491629797578,0.21800912302219616,0.2387504936506076,0.23059771152048167,0.24000221563796725,0.2358048785378724,0.6,0.22309627583894986,0.07646809532868208,0.7953925557721837,1.0,0.6,1.0,0.8,0.23406094404787478,0.04019228882319263,0.3689241269406511,0.06011262885042231,0.021253173015499997,0.8,0.020296315966806932,0.4,1.0,0.6,0.2,0.4604871298596508,0.6,0.04302948851820719,0.6,0.6,0.6793781480946428,0.8,0.6,1.0,7.0,0.044587439307018396,0.4,1.0,1.0,0.8300742587278918,0.9671344976415344,0.8416656280393982,0.0,0.0,0.005548081193708,0.0,0.0,0.0,0.0035797177597326943,0.0,3.711487692974692e-05,0.099999291208492,0.0999999990558779,0.0,1.0,0.0,0.0144262031004026,1.0,0.0,0.044703639002593,0.002632212316014698,0.0,0.0,0.2420133132683181,0.09999999999934034,0.0,0.0002518555315488327,0.8734277350867227,0.0049812515343543,0.0,1.0,0.6,0.12147553287097741,1.0,0.1731457420605003,0.4,0.4671271798861093,0.0,0.2437879826904623,0.0,0.04117588331741068,0.0,0.05985738100767266,0.0,0.04780173994280636,0.0,0.24224597208659762,0.0,1.0,0.0,0.0,0.2773252908607272,0.0,0.0,0.8,0.9450258971587457,0.0,0.6203087059152468,0.0,0.17489267518664575,0.0,0.4010569838152621,0.4062905575461053,0.04006725916753364,0.0,0.5528481116790165,0.0,0.8,0.2005384237041043,0.307203275426493,0.0,0.9944502790620866,0.8,0.23070313749497826,0.0,0.5545390623504896,0.0,0.021168004664370237,0.0,0.240364107574562,0.4756024588544904,0.0610790828238901,0.019558038958168152,0.0,0.5294608764076748,0.0,0.4,0.3999936744140972,0.21212941026825843,0.0,0.561335684806919,0.6,0.00128164908533607,0.4,0.35725574982402414,0.5630952179688923,0.0,0.2024677599253566,0.0,0.48636202638416426,0.025339637675732864,0.4,0.30487995766945974,0.05994868378218245,0.0,0.6,0.0,0.4,0.02180316007381502,0.13690502548576106,0.06764083487950748,0.042702348951756584,0.9954474806237812,0.9646347243349744,0.9896382680176488,0.9154466052425446,0.9777311104688007,0.9671088264156724,9.0,21.0,0.17919075144508673,0.33333333333333337,0.5,0.0,0.0,0.0,0.0,0.0,0.0,0.0,0.0,0.0,0.0,1.0,0.0,1.0,0.0,0.0,0.0,1
VAR_002609,0.010665783906980641,0.0002991834726336935,0.007229597454496333,0.015130894960475852,0.09142277242613513,0.004162034007439896,0.011546606075912175,0.026739220735879525,0.01712597280751587,0.10717378925507297,0.027015902309218978,25.0,0.6767887405393292,0.10674876720401816,0.35995665085820916,0.21933640918175307,0.031652711757080856,0.4018356751241281,0.23581510613043366,1.0,1.0,0.0999999999982884,1.0,1.0,1.0,1.0,0.0,7.998930039329021e-15,0.0475439491792945,0.0,0.0999963636010923,1.4340233284625926e-05,1.0,0.0038733243447116,0.0,0.6,0.8,0.6,0.4,0.4,0.05160982172671513,0.4,0.8,0.6758034706691451,0.8,1.0,0.8,7.0,0.23409573886869048,0.2,4.0,4.0,0.8271364035974491,0.9553127056807705,0.8410832451016648,0.6,0.98561455523021,0.40284754264338696,0.29052891028236677,0.8,0.4205464597079138,0.0611893131855732,0.6,0.05244511227218575,0.0979075392155526,0.05827620538900563,0.6,0.8,0.20175171997782165,0.3065489363004135,0.9173149574957155,0.44814065652671137,0.2569317432876079,0.018417212071509925,0.33651510189216827,0.2,0.5652905991401432,0.39419114033774777,0.6,0.04578995524458533,0.41994311975191234,0.06820968634112626,0.8,0.6,1.0,0.009912688463932975,4.0,0.029780241865227052,0.0,0.8388771771937219,0.0,0.0751082876438287,0.0,0.0999999999747099,0.0,1.0,0.0,0.0999999999993443,0.0,0.0,0.0,1.0,0.0,0.0,0.0002018272094134,0.0,0.0,1.0,1.0,0.0,0.0,0.0,0.0,0.0,1.0,0.967801350490123,0.0777961198572723,0.0,0.0,0.0,0.0,7.262746482157304e-05,1.0,0.0,0.0003216475076291272,0.0,0.0,0.0,0.3062130530632698,0.0,1.7120053952254022e-10,0.0,0.0,0.654736205542404,0.09999999999813501,2.3502046495774054e-07,0.0,0.0,0.0,0.8,0.6306275496691935,1.0,0.0,3.3016950238907114e-13,1.0,0.0004728247377025093,1.0,0.150864940882108,2.044519525578185e-09,0.0,0.9148256527093356,0.0,0.7590882392119084,0.09999999883242149,1.0,0.9999998991867071,9.848807158444335e-10,0.0,0.0,0.0,0.0,2.2994591952173023e-05,0.0,0.022815794194727,0.010436747769753884,0.9842486305467502,0.982627664927818,1.0,0.8162685280237749,0.9451339607040821,0.8390144935590735,9.0,22.0,0.46242774566473993,1.0,0.5,0.0,1.0,0.0,0.0,0.0,0.0,0.0,0.0,0.0,0.0,0.0,0.0,0.0,0.0,0.0,0.0,1
VAR_002871,0.0003650282630387246,0.043711437623330164,0.0367230384779227,0.0001632527861994741,0.1639904545660812,0.0016858818245471402,1.2129130611947622e-08,1.9171455620072137e-05,7.521455874658773e-11,0.0024494546663525,0.003027656244584878,11.0,0.6800044086079646,0.29473074545249317,0.0511835289177545,0.07292017949209564,0.4313537201275134,0.24000090080516345,0.4065075890679346,0.0,1.0,5.295458905486971e-06,0.9789443568701736,1.0,1.0,1.0,0.0,0.0006489698618287,0.0999999482238267,0.0,0.0039255816595363,8.239087330916087e-13,1.0,8.413566596213865e-14,0.0,0.6,0.6,0.6,0.44021880950542747,1.0,0.06065757515331769,0.6,1.0,0.4,0.8,0.8,1.0,7.0,0.42000051660788856,0.8,3.0,3.0,0.8413034944433049,0.9672563942260777,0.8493256360140778,0.6,0.4,0.22672279500751888,0.4,0.8,0.6,0.3261033304250277,0.8,0.07266008977647852,0.3167352264228799,0.08302450739726065,0.5011874987129434,0.4,0.5908096982404459,0.33154195985254364,0.7224116093980302,0.22263733047475193,0.2739365285629397,0.031526189195998304,0.20353786386907716,0.4,0.6,0.4306120614603232,0.6776560471166009,0.022707074271924664,0.3536461743485931,0.125900394818633,0.2,0.8556081805416481,1.0,0.1688919542980582,3.0,0.007786961739349959,0.9257258632901832,0.563093611052846,0.0,0.9933840933072444,0.0,0.0254503846953264,0.0,0.0715989108399286,0.0,6.593051248843768e-09,0.0,0.0,0.0,1.0,0.0,0.0,0.0970818472108556,0.0,0.0,1.0,0.0,0.0,0.7405422950084928,0.0,0.8852714833667269,0.0,1.0,0.867192786826418,0.0999999999671057,0.0,0.0,0.0,1.0,0.38245691739493903,0.0,0.0,0.9979525917443639,0.1175878056359238,1.0,0.0,0.9716632194320804,0.0,2.729620686421558e-11,0.0,0.0,0.966176417232683,0.09995011008858821,6.1094765148399485e-12,0.0,0.0,0.0,1.0,0.026495837762041,1.0,0.0,0.9999999999999978,1.0,2.0390212830516136e-08,1.0,0.185847997162643,1.5060073032706282e-10,0.0,1.0,0.0,0.0,0.09997595910720454,0.1956264745389579,0.999999993707006,5.278550343727841e-05,0.0,1.0,0.0,0.0,2.8279689203659523e-10,1.0,0.0865888774726655,8.171786901467965e-07,0.9961606160200556,1.0,1.0,0.9955452309363749,0.9710401003764657,1.0,14.0,11.0,0.7919075144508672,0.0,0.6666666666666666,0.0,0.0,0.0,0.0,0.0,1.0,0.0,0.0,0.0,0.0,0.0,0.0,1.0,0.0,0.0,0.0,1
VAR_003012,0.02965859055076894,0.0487075583246893,0.05882558607326295,0.00177666774226729,0.01599103174329932,0.027852765985013538,0.02488972393199188,0.029090400878608473,0.0061482823491029555,0.28609291543028337,0.0618463750624987,8.0,0.611372653859856,0.11099543963685299,0.36341426824909756,0.4140632680116901,0.23023277891552502,0.4179383294271871,0.07787433296702727,0.1571121368012509,0.4,0.03991704484903125,0.30259974836712716,0.8,0.22296422963018903,0.8,0.5823100767181278,0.08939119877791682,0.038313622243619234,0.4678839288437674,0.052421199792473526,0.014778313625266033,0.4417744916943825,0.05620581692645495,0.2,0.0,1.0,0.0,1.0,0.0,0.9155764067737868,1.0,1.0,0.0,1.0,1.0,1.0,2.0,0.0178032044589872,1.0,3.0,3.0,0.8890108013008098,0.6311897230585302,0.5575484448901213,0.6,0.8,0.4353237670961084,0.2129605407590737,0.8,0.23188140788214265,0.5553785881280302,0.8,0.07062717056486387,0.534011608732893,0.06500776336768228,0.6,0.4287235977085829,0.4,0.06197216362426914,0.4,0.2953558353010416,0.22758477459585952,0.006194734881957885,0.6499975447630719,0.20691916575613703,0.24239845975914967,0.13415026529553098,0.6501975514798003,0.09957795302666143,0.3148926250088599,0.06035855000302566,0.5573658402259187,0.8,0.4,0.023761670012080013,3.0,0.04515821949832383,0.5222467670608474,0.6136921021620202,0.0,0.23991633381265856,0.0,0.013355532392793513,0.0,0.22300623683616724,0.0,0.021286511433095866,0.0,0.5444043298381551,0.0,0.6023995018662263,0.0,0.0,0.05089932776160235,0.0,0.0,0.8,0.7383990316316706,0.0,0.4,0.0,0.2663619867292352,0.0,0.6344731827731611,0.5943404989364173,0.06478048932552083,0.0,0.8,0.0,0.44242426027535986,0.3603055871408788,0.15437288391666526,0.0,0.8462744788339244,0.8,0.3466714816698834,0.0,0.4,0.0,0.02713487727469725,0.0,0.5547852934637698,0.39249152547763444,0.03910625418622062,0.032381910907561616,0.0,0.6,0.0,1.0,0.5943359458987791,0.16859540027288794,0.0,0.37870148888229693,0.4,0.01149604245695962,0.2,0.2016933680145468,0.413455023105898,0.0,0.158191773260777,0.0,0.5965972846042616,0.04373817087312073,0.8,0.20236286272769344,0.0565568762867618,0.0,0.7084794994171296,0.0,0.6,0.040550699528254026,0.6252706647665122,0.04250929048114914,0.053796102023486336,1.0,1.0,0.965000691318057,0.24196208952477086,0.9718189221955182,0.5531445422303306,16.0,19.0,0.6936416184971099,0.33333333333333337,1.0,0.0,0.0,0.0,0.0,0.0,0.0,0.0,0.0,0.0,0.0,0.0,0.0,1.0,1.0,0.0,0.0,1
VAR_002995,0.002361658006686085,0.12320623183278677,9.65155007239831e-07,1.251136021792885e-11,0.004250930496994347,0.2652425101588546,0.0018362390319487634,0.008927200014014793,0.0006050175811957325,1.0944389981529558e-06,0.0042645685996022505,9.0,0.6767887405393292,0.10674876720401816,0.35995665085820916,0.21933640918175307,0.031652711757080856,0.4018356751241281,0.23581510613043372,0.0,0.0,0.0999999997138599,0.8096103786295412,0.0,0.0,1.0,0.0,2.228424372372937e-11,0.0108524303879464,0.679108974791662,0.0166828535309084,0.06632231130521818,1.0,0.0573895356446012,1.0,1.0,1.0,1.0,0.2457609324436976,1.0,0.008443073059481,1.0,1.0,1.0,0.0,0.0,1.0,3.0,0.0020751802848593,1.0,4.0,4.0,0.8468263478882998,0.9848229634197421,0.8582834096189107,1.0,1.0,0.21287916694416198,1.0,1.0,1.0,1.6688092728227762e-05,1.0,0.0828818359274907,0.0172234706962742,0.0115362820204987,1.0,0.0,0.0,0.0999999939469501,0.0,0.1106102440771066,0.1481538136723929,0.0031878032997285817,0.0,0.1113942154372491,0.0,0.022457686474499083,0.0,0.09995470715658376,0.8613663964069873,0.0999878537165625,0.0,1.0,0.4,0.02599941569906162,4.0,0.0046634142896300745,0.4,0.4,0.0,0.23152418204022288,0.0,0.04117592658588182,0.0,0.23907193753923645,0.0,0.06883148626821237,0.0,0.2055980178155473,0.0,0.8,0.0,0.0,0.25560097638529256,0.0,0.0,0.768480013213111,0.5450258971587457,0.0,0.7194604150091022,0.0,0.3651313139772056,0.0,0.40421350835187264,0.40629569747625105,0.04043085071977172,0.0,0.4167965601787526,0.0,0.6,0.5993565185351931,0.4846644364014535,0.0,0.6218165963506337,0.6,0.23070313749497826,0.0,0.35714389042894445,0.0,0.041876879515052215,0.0,0.2134690102498146,0.6041682463484268,0.06462640162199648,0.02156294520567881,0.0,0.527865813903792,0.0,0.4,0.3993133331936797,0.22074285568350072,0.0,0.7607021815260632,1.0,0.0022999068942600627,1.0,0.999996305986668,9.585339366945974e-07,0.0,0.0,0.0,0.0,0.09999581295368014,0.0,0.98736132155878,0.0007405473479137,0.0,1.0,0.0,1.0,0.09995449823224796,1.0,0.002495789350962,0.09999999999999938,1.0,0.9626870612826768,1.0,0.6257965540961345,0.9809675346527387,0.715612901766904,9.0,22.0,0.46242774566473993,1.0,0.5,0.0,1.0,0.0,0.0,0.0,0.0,0.0,0.0,0.0,0.0,0.0,0.0,1.0,1.0,0.0,1.0,0
VAR_003234,0.009378592469539648,0.0016457638765108881,0.023894712609124475,0.0044947855560458555,0.004932097885995729,0.015471557693209083,0.006823218301505921,0.011936006484232247,0.0015698466710010468,0.2009946911675727,0.019181040585539568,8.0,0.7148582410280839,0.1033168752316373,0.19313105675376754,0.4193364091817531,0.03167620851517183,0.39894746843436707,0.2389751049132227,0.2,0.4,0.05985551465926768,0.4,0.6,0.37390451642682265,0.8,0.6,0.05244734653460274,0.01956493864132976,0.5754332444689318,0.0452129512570381,0.15602751861567105,0.6,0.07630544044547859,0.2,0.4,0.8,0.2,0.6435850338548258,0.6,0.22335898482424862,0.6,1.0,0.6985308851678174,0.6,1.0,1.0,7.0,0.050208574988470846,0.4,5.0,5.0,0.8163422749998119,0.9197562734705456,0.7675662055104759,0.6,0.6,0.7792611437973402,0.25062381798148736,0.8,0.44017821547707586,0.42949067575909317,1.0,0.07123725738010771,0.42304510973769505,0.026582815431837596,0.8,0.4,0.5442279488199315,0.007580445077366489,0.4,0.23962504493765335,0.09611201116802438,0.0008101661085783348,0.5927197936248615,0.31948912428626947,0.21135695159579115,0.11580835074904777,0.25605009338737206,0.06571201209673992,0.4492931978785954,0.0650973919850439,0.5310893184366141,0.8,0.2,0.01820792049374891,5.0,0.01660429427202079,0.5835957287664584,0.19689831511047656,0.0,0.04751588599299998,0.0,0.06096739532176232,0.0,0.22681979587100304,0.0,0.06997098227042982,0.0,0.3500023476537024,0.0,0.6929681461636701,0.0,0.0,0.05737055230668312,0.0,0.0,0.7134113572896709,0.5849551395667046,0.0,0.3175987927198899,0.0,0.640955924129758,0.0,0.4439279443981471,0.756455948254685,0.0628635033506242,0.0,0.44948149434365997,0.0,0.47380274889523405,0.32688198342291985,0.29496253138534706,0.0,0.598664870750273,0.5734579781939873,0.2952684399477509,0.0,0.2913417980184888,0.0,0.05790885800095297,0.0,0.37774520660548616,0.5997436079940917,0.07983669077740202,0.01795040874311067,0.0,0.6733107575682156,0.0,1.0,0.027133747102716058,0.2262390111248386,0.0,0.5614679145019037,0.4,0.006666771111792129,0.4,0.42503288698266994,0.3918506601549875,0.0,0.3271867968075356,0.0,0.6552703749826434,0.023736336079819603,0.8,0.4000030224623557,0.03699042275071631,0.0,0.3084794994171296,0.0,0.6,0.04335634217513697,0.6252706647665122,0.0435758933252048,0.041230180712873404,0.9975358454878842,0.712767817919101,0.9799096506893804,0.6678435404635169,0.9427738502121057,0.7059070947061368,24.0,25.0,0.5213872832369942,0.2666666666666667,0.43333333333333335,0.0,0.0,0.0,0.0,0.0,0.0,0.0,0.0,0.0,0.0,0.0,0.0,0.8,0.0,0.0,0.0,0
VAR_002715,0.023093164489971417,1.6840951807862065e-07,0.0001940095338030268,2.0170048653149265e-06,6.837229483461003e-10,1.5007008401510479e-05,0.0010842359744897719,0.005816845017832013,0.06263575582504227,5.913686943535612e-05,0.20797810610612275,16.0,0.703485587168228,0.1942716000565775,0.2678067394025019,0.04889476882396237,0.601253439448038,0.058992661278206966,0.4241807543778938,1.0,1.0,0.0999991228348379,0.0,1.0,0.0,1.0,0.0,0.0849125216601024,6.161882235371385e-20,0.7457978678723766,0.0999999999994238,0.00028289157744190225,1.0,7.385265945182183e-09,1.0,1.0,0.0,1.0,1.0,0.0,7.224820293435919e-08,0.0,1.0,1.0,0.0,0.0,1.0,3.0,0.0742519663263667,1.0,4.0,4.0,0.880079864441256,1.0000000000000002,0.8481711475973648,0.0,1.0,0.969947339144966,1.0,0.2925530135293213,1.0,0.02749256799619579,1.0,0.0999999716721753,0.0999999985989553,0.1008242157487437,1.0,1.0,0.0,0.0114344292484363,1.0,0.0012176634026655996,0.0001139154129979,0.00030941859723530917,0.0,1.0,0.7186786462083679,0.09593318438689791,0.7778951927990456,0.09993880946258346,0.0,0.028914790847051,0.0,1.0,0.6,0.05218528164893438,4.0,0.0044208754206600896,1.0,0.0447130554125421,0.0,6.967485026718718e-11,0.0,0.0999999999266164,0.0,0.0999998056927482,0.0,1.606963374013663e-06,0.0,1.0,0.0,0.252558540687783,0.0,0.0,0.0999999986583167,0.0,0.0,1.0,0.0,0.0,0.7392858425091309,0.0,0.8070721711507038,0.0,0.0,2.020515815383632e-15,0.0999999999999735,0.0,1.0,0.0,0.0,4.015606698665615e-08,0.6269806163379166,0.0,0.973835306010077,1.0,1.0,0.0,0.0,0.0,0.0998889352583243,0.0,0.0,0.9998193535301441,0.09999706885659342,1.183550335425351e-15,0.0,0.8969379998498312,0.0,1.0,0.999752680967537,0.6966842045052696,0.0,0.7205961068953342,1.0,0.00046133271983402876,1.0,0.9103211029610631,0.60247973975098,0.0,0.0,0.0,0.0,3.588951079382115e-06,1.0,0.999999999999994,0.0041815727152988,0.0,1.0,0.0,0.0,0.09228966867081576,0.0,0.0427904008882744,0.032811537340771184,1.0,1.0,0.9745470541871716,0.8250632626867512,0.9728273165347405,0.8116325129938677,19.0,1.0,0.6242774566473989,0.5,0.6666666666666666,0.0,1.0,0.0,0.0,0.0,0.0,0.0,0.0,0.0,0.0,0.0,0.0,1.0,1.0,1.0,0.0,1
VAR_002661,0.006849328414693883,0.0002102767951855086,0.0002553687796426653,1.2359507764627915e-05,0.028835414687979274,0.006355257755497044,0.012916645013826828,0.0025040723536433407,2.2224990486102374e-16,0.16337263365692248,0.0016785706189322307,16.0,0.6800044086079646,0.4455917379301733,0.25118352891775453,0.2524864744934792,0.251353720122249,0.2400009008068456,0.4000649197423973,0.4,0.6,0.06346810319735971,0.6138703369218458,0.8,0.6518285049815206,0.8,0.8,0.20420886334472574,0.2174716860271732,0.5257291238840234,0.03972748907075515,0.08469118616525628,0.8,0.044097053311032995,1.0,0.6,0.6,0.8,0.5632121095277202,0.8,0.019493855112305458,0.6,0.7896461609049747,0.4986905126927105,0.6,0.8,1.0,7.0,0.04268904431540386,0.8,2.0,2.0,0.7108206285901393,0.9657133016011332,0.821679035346499,1.0,1.0,0.23993903938949201,0.8118048833550789,1.0,0.3283020033886608,0.0997321450476575,1.0,0.0778545020069743,0.0999999999704458,0.0006438239424958,1.0,0.0,0.3175566982599588,0.0418428523977876,1.0,0.0999999999921232,0.0586369526600111,3.845904879248886e-08,0.3355599156052595,0.3215225157681243,0.0,4.23208606295697e-05,0.1351939898843041,0.08399909841792225,0.0,0.0708284871797579,0.0,0.0,0.5338615087417298,0.07412045073893395,2.0,0.0014900730302192188,0.0,0.0,0.0,0.0996668430860722,0.0,0.0999999999999882,0.0,6.422769186364894e-16,0.0,7.284933290126652e-05,0.0,0.0,0.0,0.7249642296634433,0.0,0.0,0.0001972088961364,0.0,0.0,0.0,0.0,0.0,0.0,0.0,1.0,0.0,0.0,0.967178680524634,0.0999069265044382,0.0,0.6511252439029127,0.0,1.0,0.8211550570733581,1.0,0.0,0.960855476114411,1.0,0.0,0.0,0.8086672864883097,0.0,0.0995561568091542,0.0,0.0,0.624377273918436,0.09999960278371252,3.8683692894208435e-11,0.0,1.0,0.0,1.0,0.99999572279991,0.0,0.0,0.5560555917236358,1.0,0.006000017589132223,0.0,0.9999999304288459,0.014214640646644,0.0,0.1903156263425973,0.0,0.0,0.09934685130850475,1.0,0.0002655706656037501,4.107903418718462e-14,0.0,1.0,0.0,1.0,1.3873107229775754e-07,0.0,0.099994863219803,0.09999996704942919,1.0,0.0574166003445783,1.0,0.534579502388083,0.8826557281587469,0.7777858448240227,5.0,10.0,0.4566473988439307,0.6666666666666666,0.3333333333333333,0.0,0.0,0.0,0.0,0.0,0.0,1.0,0.0,0.0,0.0,0.0,0.0,1.0,0.0,1.0,0.0,1
VAR_003162,0.023850676161924166,0.0081510401157014,0.04511310148920234,0.06962360339003695,0.013840563139860622,0.052544190465924505,0.009244420465532286,0.04123487439201738,0.007263904906972603,0.06947391244620428,0.13666259195946853,8.0,0.7651461675798807,0.3158986293076462,0.27096272646847225,0.04831000916894042,0.7988519346970478,0.07899176246046054,0.24413841032262124,0.5413407340962184,0.8387254766987006,0.01471624851935055,0.555185475243309,0.6,0.2,0.8,0.4,0.04015600441525734,0.0593129938598124,0.3872307969866505,0.07318915807340502,0.0025725767198714155,0.4,0.07718798428531999,0.46316218599285774,1.0,0.0,1.0,0.4875965443855198,0.0,0.0995078175189329,1.0,1.0,0.0,0.0,1.0,1.0,3.0,0.0999999999999988,1.0,4.0,4.0,0.9725820241891743,1.0000000000000002,0.8846744148782424,1.0,0.0,0.709160830676671,0.6827153264099476,0.0,0.0,6.916255942021412e-07,1.0,0.0904516675243127,0.0648081083524606,0.0026712515456836,0.0,1.0,0.0,1.961023617983386e-07,0.0,0.0205489509581752,0.101124999999996,0.0007855950896967761,0.2036216888300875,0.0,0.233352846843616,0.09999999978966453,0.4210510333216678,0.00020963702224523271,0.0,6.907234041983076e-11,0.3073417646401416,1.0,0.7214407494944421,0.03971711568372142,4.0,0.0004228528184553713,0.8,0.42736784435110486,0.0,0.25992252999147436,0.0,0.2572280850386891,0.0,0.2691923912397872,0.0,0.2326418980664557,0.0,0.658133997037608,0.0,0.6638101270865852,0.0,0.0,0.04434488417384188,0.0,0.0,0.8,0.7707877980086407,0.0,0.2899665849504193,0.0,0.3589138412201428,0.0,0.6,0.2662877951455407,0.25184689151409495,0.0,0.5877797164125589,0.0,0.9466934529077872,0.4369403660708675,0.5631060284179694,0.0,0.4221890250219652,0.8,0.2,0.0,0.3244101766143193,0.0,0.21894868406986942,0.0,0.3763814437846137,0.5333122346201236,0.2756901726875821,0.02010192640841688,0.0,0.7789002055560751,0.0,0.8,0.7636745067752697,0.45025842209639266,0.0,0.40220520125086934,0.8,0.02156786797403214,0.9504441410322284,0.34361207169680985,0.5433034309207869,0.0,0.5698071185509003,0.0,0.6576025905214677,0.04000819244386271,0.4620430117398523,0.3981369937898239,0.2594303844373928,0.0,0.6,0.0,0.8,0.041611695659430264,0.50509268014986,0.07037988498720163,0.06059773248477159,1.0,0.960164114952156,1.0,0.7456068825361742,0.9434415052475233,0.7839647536556504,13.0,4.0,0.47976878612716767,0.6666666666666666,0.3333333333333333,0.0,1.0,0.0,0.0,0.0,0.0,0.0,0.0,0.0,0.0,0.0,0.0,1.0,1.0,0.0,0.0,1
VAR_002647,0.0513856669747423,0.012075657538064919,0.176485087202898,0.0002762993228802303,0.0729573471754425,1.3322305624847744e-06,0.010983576960214346,0.0193630374123739,0.07011234963405873,3.9624682111929435e-07,0.2031691759299438,13.0,0.7651461675798807,0.3158986293076462,0.27096272646847225,0.04831000916894042,0.7988519346970478,0.07899176246046054,0.24413841032262124,0.0,0.02946003960546,0.034967493049955,0.0,1.0,1.0,1.0,0.0,0.0922794351347462,0.0996203035989065,0.023419234122623,0.0999798665319359,0.03614925651856726,1.0,0.0976438860294573,1.0,1.0,1.0,0.0,1.0,1.0,0.9000000040492249,1.0,1.0,0.0,0.0,1.0,1.0,2.0,0.0330181860356588,1.0,1.0,1.0,0.7771339562384094,0.9550344466793523,0.7729308042874552,1.0,1.0,0.999999935302574,0.2409963756047783,0.0,0.0,1.0,1.0,0.1144990333266939,1.0,0.0999995508004945,1.0,1.0,1.0,0.0989820193027989,0.0,0.1096499427477714,0.0811348702472156,0.0009716549431611876,1.0,1.0,0.4028623453713452,0.34849620872937687,1.0,0.028734380625761342,1.0,6.646072123386341e-06,1.0,0.0,0.0,0.020996386836924213,1.0,0.04507837353743923,0.0,0.0,0.0,0.0006254821932517,0.0,0.0120098647882098,0.0,0.0999999975465003,0.0,0.032715447293727475,0.0,0.5266164863367764,0.0,0.8505117081375566,0.0,0.0,0.0928694251332942,0.0,0.0,1.0,1.0,0.0,1.0,0.0,0.5505128256441183,0.0,0.0,0.418730283829139,0.0221592131918649,0.0,0.0,0.0,1.0,0.0016303661434550001,0.0,0.0,0.968331220629381,1.0,0.0,0.0,1.0,0.0,1.4603380652600924e-10,0.0,0.0,0.005434869798603,0.0843831303186196,0.014455812159817177,0.0,0.0,0.0,1.0,0.999884909304565,0.0,0.0,0.9993827463454108,1.0,0.009203567476588955,1.0,0.0062561023285159995,0.653864396147983,0.0,1.0,0.0,0.7495258223216203,0.09638121794611278,1.0,0.999999997811855,0.0999994914681339,0.0,0.0,0.0,1.0,0.09999999994621077,1.0,0.0845283985361598,0.09999549405551518,1.0,0.1221347138692422,0.9838882274199572,0.7511141172201833,0.9793848731099271,0.9932838715824928,21.0,1.0,0.34104046242774566,0.5,0.6666666666666666,0.0,0.0,0.0,0.0,0.0,0.0,0.0,0.0,0.0,0.0,1.0,0.0,1.0,1.0,0.0,0.0,0
VAR_002809,0.004474926388269205,0.1354869711854925,0.0026501662654422786,6.569865417672274e-05,0.06094915322003854,0.00046894503041918027,0.0045491307240739885,0.006661759308810279,0.0012765031224480311,0.02561040376581958,0.028063429021876637,8.0,0.5765188214397367,0.20069768395151555,0.22146674041308448,0.2339110741734243,0.6291542819208348,0.23899311477372867,0.06432496413945309,0.4,0.2,0.048337365757268214,0.4,0.8,0.6,1.0,0.6,0.07386264190667986,0.040065416178119526,0.23555907869014595,0.040646998737922255,0.02508572681661159,0.6,0.03414911565359109,0.26316218599285773,0.8,0.8,0.6,0.2604871298596508,0.6,0.036448158940602396,0.6,0.6,0.6,0.8,0.6,1.0,7.0,0.05851892986388176,0.0,1.0,1.0,0.8781681100416698,0.9463981517310092,0.8272082276637411,0.4,0.4,0.42198750447189004,0.10487332325764138,0.8,0.5712030555735876,0.13369551734838567,0.3228669898530647,0.0412925750540778,0.10062066213249568,0.011160994576047332,0.4,0.4,0.4622529207321665,0.06089612139789992,0.3294362868585132,0.22487516153741938,0.06782153203925374,0.014932075155139704,0.5282813561375296,0.6018784975557353,0.2,0.022845784836159636,0.464212342053265,0.08137629628954081,0.35883613781919066,0.07698403504862458,0.2828383081460107,0.6,0.6,0.03626476735424101,1.0,0.06011051576922179,0.6,0.4389264133848939,0.0,0.040291090176550616,0.0,0.2415649187911082,0.0,0.23823338147517564,0.0,0.23140357300854936,0.0,0.662711480274421,0.0,0.5038670632464725,0.0,0.0,0.04067742318947528,0.0,0.0,1.0,0.6,0.0,0.22321421470936742,0.0,0.3589138412201428,0.0,0.6778061681766906,0.4432231378421661,0.2599973517862038,0.0,0.5378036734945808,0.0,0.6,0.5119775685901874,0.38022201716759507,0.0,0.3802864620157536,1.0,0.45617592423050796,0.0,0.09319752237959038,0.0,0.23843110383781144,0.0,0.4,0.7886578111400326,0.24956087623607126,0.020410688974723656,0.0,0.8702160715505197,0.0,1.0,0.7895369968899297,0.46215994218504075,0.0,0.2519108305796173,0.4,0.00873825672954308,0.5945443901903014,0.7204352708893056,0.7030273913914564,0.0,0.15857709155502403,0.0,0.4526635662745532,0.03997650349012908,0.40310280612163574,0.24311988770794096,0.05822829199520215,0.0,0.6,0.0,0.8,0.06040255768397769,0.8748870079649235,0.044902176216222625,0.055229280785867516,0.9987465001577516,0.8984764699868591,1.0,0.7799857842063368,1.0,0.8545087589471709,12.0,10.0,0.14450867052023125,0.33333333333333337,0.16666666666666666,0.0,0.0,0.0,0.0,0.0,0.0,0.0,0.0,0.0,1.0,0.0,0.0,1.0,0.0,0.0,0.0,1
VAR_002826,0.155936365725385,0.04432569765143178,0.2352697211235773,1.6843710783187168e-05,0.12191291645948081,0.0001315018033300689,0.15962695547533093,0.0803232368416741,0.0005247500134353753,0.2912173832941714,0.08253673634600607,16.0,0.6800044086079646,0.4303390427280723,0.39628704381973784,0.23875054472459872,0.2313538426087337,0.4018343602930623,0.20007775933779762,0.0,0.0,0.0667474252930046,0.0,1.0,1.0,1.0,1.0,0.9000064816200664,0.9000000001394369,0.5602582861993598,0.0986498573238218,6.4157801167655125e-18,1.0,0.0993435748839883,1.0,1.0,1.0,1.0,1.0,1.0,7.487949621830551e-07,1.0,1.0,1.0,1.0,1.0,1.0,3.0,0.0999999999999898,0.0,4.0,4.0,0.8689970010356736,0.9803771332077686,0.8568882893319478,0.0,1.0,2.1486926575378697e-05,0.0,1.0,1.0,0.936,1.0,0.3686455435558516,1.0,0.1810809760339791,1.0,0.0,1.0,0.0002860692343652,1.0,0.9888804046790628,0.2853937642374486,0.007604283194133976,1.0,1.0,1.0,0.20763999974995095,1.0,0.09096714966653985,1.0,0.6631299022917443,1.0,1.0,1.0,0.13171481321275424,4.0,0.06721707075723425,1.0,0.7962981028670069,0.0,0.9999998358735744,0.0,0.0026135365889466,0.0,1.0857241598299113e-07,0.0,0.07847665851827999,0.0,1.0,0.0,1.0,0.0,0.0,0.0999798967022708,0.0,0.0,1.0,0.0,0.0,1.0,0.0,0.7888319862255079,0.0,0.0,0.061633195927730006,0.0999988771623886,0.0,1.0,0.0,1.0,0.8275813475894971,0.0,0.0,0.9999999915213941,1.0,0.0,0.0,1.0,0.0,0.0394923176180364,0.0,0.0,0.20467132371660898,0.09999999829563971,0.00024372058168582126,0.0,1.0,0.0,1.0,9.596317135267268e-07,0.3868503479359885,0.0,0.9999999998175829,1.0,0.14975213158576356,1.0,0.9999999998619951,0.999876872103536,0.0,1.0,0.0,0.0,0.09999999136335098,1.0,0.999549701925352,0.0837288444344131,0.0,1.0,0.0,1.0,0.09972801138204536,0.0,0.0967710651239696,3.961169987785348e-06,1.0,1.0,0.998515833143396,0.6664220515845182,0.9402255459648174,0.7865129534145792,9.0,11.0,0.4393063583815029,0.8333333333333333,0.6666666666666666,0.0,0.0,0.0,0.0,0.0,0.0,0.0,0.0,0.0,0.0,0.0,0.0,1.0,1.0,1.0,0.0,1
VAR_002975,0.000676750005544636,1.1442132533007967e-06,0.029512496489688532,0.022876088393777534,0.5717210914089034,0.0578468419071974,0.005609864144539102,0.001755143052977614,1.2255575341733882e-11,0.10611941107354472,0.0029865807325804026,11.0,0.7148582410280839,0.30267971624824025,0.3931310567537675,0.3993364258760163,0.05165271175181649,0.3818357132687517,0.2189932943526725,0.4,0.35445004986776896,0.0801278989639197,0.18276192423229579,0.8,0.8,0.8,0.2,0.05999998335044043,0.03879662393338065,0.5703142572835436,0.03904843155370215,0.046246199283742316,0.8,0.06634057497807329,0.8,0.6285073618913775,0.8,0.8,0.5788785721381091,0.6,0.1820377483887222,0.8,0.8,0.4,0.8,0.2,1.0,7.0,0.2323526458747954,0.6,4.0,4.0,0.8687246946924561,0.9555308175129129,0.8387193742511894,0.5790512055512553,0.6,0.5090074826653845,0.5841048811732565,0.8,0.6082968075949333,0.18531437782413357,0.6,0.05821382831027426,0.17188280174333273,0.04194152661148516,0.6,0.4,0.4,0.07828289096388996,0.2,0.2680584236554148,0.21793052956010633,0.008929538447489177,0.38059090312226473,0.43826276774878287,0.3124161996321024,0.06105765576027457,0.4,0.07958003017395106,0.3196382673787236,0.10934171264443826,0.2954493014887511,0.8,0.4,0.04750196411474165,4.0,0.002138958701687569,0.5167325542595307,0.2561877809002378,0.0,0.08145506554378691,0.0,0.0811753609963456,0.0,0.2375126127189376,0.0,0.04897808710854105,0.0,0.44224597208659766,0.0,0.8,0.0,0.0,0.057352561704674065,0.0,0.0,0.9684800132131108,0.6,0.0,0.46108253163725427,0.0,0.480780402061169,0.0,0.6,0.40193580225829106,0.028629102539287486,0.0,0.64948149434366,0.0,0.34586223254538584,0.40921147642095956,0.24438137305200192,0.0,0.7986862697872608,0.8144905627181807,0.4,0.0,0.15714389042894447,0.0,0.07909745689380901,0.0,0.09917085467468194,0.4896310986585775,0.04126198154855466,0.0002900978517553201,0.0,0.8717156950643327,0.0,0.4,0.3998058883694976,0.03723294924436032,0.0,0.43476177404058663,0.0,3.0781103900565793e-09,0.0,0.999999999999815,4.341586418839479e-05,0.0,1.0,0.0,1.0,0.09999959711930759,1.0,0.9999693646212531,0.0999999999999942,0.0,0.0,0.0,1.0,0.09999995969286907,0.0,0.099999999996088,0.004277128331875685,1.0,0.9692205744334004,1.0,0.5599133807531956,0.9545254455406345,0.7765796893165252,10.0,16.0,0.5028901734104047,0.6666666666666666,0.3333333333333333,1.0,0.0,0.0,0.0,0.0,0.0,0.0,0.0,0.0,0.0,0.0,0.0,1.0,0.0,0.0,0.0,0
VAR_002892,0.0005969446411241317,5.100369679903521e-08,2.9581376724459206e-08,0.0017152281322542018,0.011579416407171656,4.115035359112805e-10,0.0020669903319026975,3.6407914507750084e-05,4.6702623879458765e-09,0.1442376570253488,0.003358480135695808,13.0,0.611372653859856,0.1460572330033061,0.5158342812542861,0.057191941510541806,0.4127489799758256,0.2592386601022437,0.2402224108197936,0.7559503684238471,0.4,0.029879743685481335,0.44206409707643646,0.2,0.49775953815983576,0.4,0.4,0.053219954857878615,0.059999688643640914,0.23605402015164206,0.01997183714223246,0.015292939764075524,0.8,0.05972035157144553,1.0,0.6,0.6,0.8,0.6613147125424763,0.4,0.23995390543708797,0.4,0.4900366251953744,0.8,1.0,0.8,1.0,7.0,0.02390816311577352,0.8,3.0,3.0,0.6931525004407171,0.5212099180926951,0.4385847501792812,0.4,0.6,0.39999870576473673,0.4,0.4,0.4,0.4375692096960278,0.8,0.0800257291698366,0.2796559517424958,0.013016575909972919,0.4,0.8,0.2,0.04248904528912796,0.2,0.12307232452057422,0.07875210532145563,0.0015104580045958392,0.2009553274637493,0.49837365808878015,0.45728823089050047,0.02793265524892767,0.2996921831814583,0.33416000882237873,0.1570789903297693,0.08007358699818214,0.8,0.4,0.6,0.15785505669430328,3.0,0.0028977682127478803,0.7285086130824302,0.5202660731866008,0.0,0.2557931030098083,0.0,0.075298802989315,0.0,0.26067807026175727,0.0,0.044153013829785,0.0,0.2,0.0,0.4,0.0,0.0,0.022173782158967502,0.0,0.0,0.8,0.2,0.0,0.38650014634358526,0.0,0.23752032347162624,0.0,0.6,0.6168624308738823,0.024357194030935923,0.0,0.5232733238778182,0.0,1.0,0.21716174356646945,0.17984895755247238,0.0,0.2558391017784267,0.8,0.4,0.0,0.30852032987091565,0.0,0.04637767850490417,0.0,0.30903734131156696,0.3210199513776506,0.013458685206172386,0.004207383735091555,0.0,0.6,0.0,0.6,0.7777908496342905,0.22954551745353297,0.0,0.40002205068161373,0.0,0.002147194205963057,1.0,0.004071421165206,3.0017662753302654e-10,0.0,0.0,0.0,0.0,0.0006727471976589411,1.0,0.999605410235449,0.0031315247125914,0.0,1.0,0.0,0.0,7.745166478581672e-06,0.0,1.3804921257256559e-09,0.013546489249185785,1.0,0.7234156589452687,1.0,0.1831293115748174,0.6216679134670907,0.43612354700587785,6.0,11.0,0.5375722543352601,0.5,1.0,0.0,0.0,0.0,0.0,0.0,0.0,0.0,0.0,0.0,0.0,0.0,0.0,1.0,0.0,0.0,0.0,1
VAR_002891,0.01754207294858439,0.012987879336630176,0.0191611321758658,0.07421204333339136,0.18221587220106247,0.018272531670235122,0.008961925260150444,0.03654268053681852,0.010370497341439987,0.0035598667250310544,0.08676527784960537,8.0,0.611372653859856,0.14928878362087888,0.31583428125428603,0.2277996649002193,0.4302131421732482,0.2589931154361499,0.27659308610011113,0.8,0.6230962758389499,0.0991126711986712,0.3953925557721837,0.6,0.37390451642682265,0.8,0.6,0.042567772120633875,0.04693495834523519,0.5506616433891133,0.06495080478648828,0.17246147517954719,0.4,0.07933447757165264,0.6,0.6,0.6,0.4,0.4,0.8,0.03307947431312956,1.0,1.0,0.4985308851678174,0.6,0.8,1.0,7.0,0.24613104132388167,0.4,4.0,4.0,0.7156296305976666,0.9299681395300468,0.8037184119965582,0.3790512055512553,0.2,0.594801680694231,0.25062381798148736,1.0,0.6082968075949333,0.1512050399099047,1.0,0.039803267095996284,0.15154746849944792,0.039553403962126164,0.4,0.2,0.8608187419186055,0.18703223760049978,0.6,0.06013918855002316,0.15552010084648418,0.0025690386769027995,0.5233131519840544,0.5125699585301324,0.4113569515957911,0.2548657017760694,0.8,0.01977304071589975,0.3525800918417262,0.07568597573345848,0.22653861992536517,0.6,0.4,0.027122090926493633,4.0,0.024721696752073294,0.617476395475737,0.38345526913194655,0.0,0.26611577805104003,0.0,0.24626506770294404,0.0,0.0609794470287874,0.0,0.23501472644232468,0.0,0.4055980178155473,0.0,0.8905686442974439,0.0,0.0,0.07744749755450045,0.0,0.0,0.9134113572896709,0.4,0.0,0.34810845900169857,0.0,0.7100587595289002,0.0,0.708605373482319,0.5478719541446557,0.24099869000367335,0.0,0.24948149434366,0.0,0.6789418419053533,0.6044019668198752,0.3354774762969586,0.0,0.6006535168815829,0.6380081238453654,0.5164798891035239,0.0,0.35087370483593383,0.0,0.2599833756474693,0.0,0.05407251084987014,0.6824016833217145,0.24450146311305793,0.020289538853299077,0.0,0.6733107575682156,0.0,0.8,0.22224612193569415,0.6004367291750585,0.0,0.5613327840138079,0.6,0.014818270657052853,0.8,0.6371309297848594,0.24293470320748722,0.0,0.7050610816655873,0.0,0.8,0.059995140798004304,0.6391252949077916,0.6635990756017196,0.22001672595470426,0.0,0.6,0.0,0.6,0.04139206609482547,0.8,0.08950019166189337,0.02282285502303032,0.9714739109928632,0.7865301931333855,1.0,0.6323013214228721,0.952909080601767,0.7909962510944977,15.0,14.0,0.5895953757225434,0.33333333333333337,0.3333333333333333,1.0,0.0,0.0,0.0,0.0,0.0,0.0,0.0,0.0,0.0,0.0,0.0,1.0,0.0,0.0,0.0,1
VAR_002645,0.0029599091743156905,0.09358125010560338,0.00034444442530420164,0.0009791886030909233,0.024541818672625216,0.02535797786846664,0.008384869650876653,0.0006831225627533142,0.006531730721768751,0.04524961607520099,0.03232103530880898,8.0,0.6419349081192098,0.3479491629797579,0.41800912302219617,0.23875051033631087,0.2313538426077041,0.2400008620014691,0.2169045023168057,0.4004647334215298,0.2,0.05987872400556617,0.5133062904099537,0.6,0.4518285049815206,0.8,0.7703528059315821,0.03740285606982626,0.0403251926282653,0.3278614932421883,0.03998968736788619,0.0941019609337712,0.4,0.020694792572488067,0.4,0.4,0.4,0.6,0.7115662907644436,0.4,0.43896631336489306,0.6,0.6,0.4986905126927105,0.6,0.4,1.0,7.0,0.05103919979326854,1.0,1.0,1.0,0.7188154993618905,0.9408513408236087,0.8477439074980566,0.0,0.0,3.189269391445419e-08,0.0,1.0,0.0,0.0999835122807566,0.0,0.0998854785475119,0.0989364691741073,0.00022373795928759996,0.0,1.0,0.8144151138608995,0.0039905231209613,0.0,0.0017075346621627996,4.949116213143936e-05,1.2852960211586348e-05,0.029454924533455,1.0,0.0,0.09999851755131284,0.0,0.003472922395358734,0.4358046691644155,0.0999964589626605,0.0,0.1696600296703309,0.2,0.0094862101842609,1.0,0.0004957479178457282,0.6,0.2,0.0,0.05910045081714149,0.0,0.0949917223480758,0.0,0.41998347564276867,0.0,0.2386337514514996,0.0,0.3063356543313618,0.0,0.5576070336865063,0.0,0.0,0.020863959810012787,0.0,0.0,0.6044917740996473,0.6,0.0,0.07216955507537798,0.0,0.3517267924565113,0.0,0.6,0.9913693719713368,0.25033706682822576,0.0,0.33022504878058256,0.0,0.6,0.6646722728235597,0.22472590322217365,0.0,0.7880150103210188,0.6,0.36409304292651246,0.0,0.21429898445192683,0.0,0.05992895877929597,0.0,0.7985750448048645,0.7438118134999889,0.2520351704579968,0.18791992535525995,0.0,0.7317322013720375,0.0,1.0,0.7980667308512012,0.08003318024802228,0.0,0.4646678983909551,0.6,0.021183402981312983,0.4,0.5799945334918796,0.6529988423707411,0.0,0.2655843293472494,0.0,0.517690754697747,0.039947294836661415,0.24904373287325948,0.7995782503449886,0.09987890276751178,0.0,0.6,0.0,0.8,0.05707642392520504,0.303144745752144,0.08517471855183284,0.012434300730601212,0.961913679979268,0.3774165838936041,0.9646954591039252,0.9659294730136946,0.9590598289316955,0.9723399647842706,6.0,11.0,0.5375722543352601,0.5,1.0,0.0,0.0,0.0,0.0,0.0,0.0,0.0,0.0,0.0,0.0,0.0,0.0,1.0,0.0,0.0,0.0,1
VAR_002881,0.007345260298836564,0.027823668072621804,8.992097350668232e-09,0.003701709979151796,0.00037686585875312676,2.5242907306753948e-08,0.008116726905637233,3.6765542197286916e-06,0.013414795223386953,0.0028473055088219603,0.0019796523164102237,16.0,0.64193490811921,0.23440809368385018,0.3631126379241795,0.05875052803033539,0.21135384261399812,0.42183432214843863,0.2168995711155588,0.6,0.5770838566699064,0.040710949616364525,0.4,1.0,0.8,0.6,0.8,0.07815655986439685,0.06354042603771504,0.31400424168030033,0.031034161107489844,0.014482933621116944,0.8,0.060872599673692365,0.4,1.0,1.0,0.0,0.0,0.0,0.0005554588023029,0.0,1.0,0.1640747655609404,0.0,0.0,1.0,3.0,0.0901450559657356,1.0,1.0,1.0,0.9344655580527901,0.993748502192604,0.8553187313202664,1.0,1.0,0.9998381104719261,0.0,1.0,0.0,5.217374526689462e-08,1.0,1.5001288578431203e-13,0.0999306569778887,0.1001250999999995,1.0,0.0,0.0,0.0999999999999992,0.0,0.0821613678822294,8.666435498793533e-09,0.00039949222125565306,1.0,1.0,0.0,0.09997488333258844,0.0,0.05172358153216444,0.0,0.1113283995490532,0.7210588550957802,0.0,0.8,0.17175320756179158,1.0,0.003571920783865914,0.6,0.5275104089394596,0.0,0.05151454154612898,0.0,0.050670220321254046,0.0,0.04104138932852642,0.0,0.04684965033286591,0.0,0.38292649824718794,0.0,0.6342698370839273,0.0,0.0,0.06516696425467913,0.0,0.0,1.0,0.4411349701306232,0.0,0.2069647354969443,0.0,0.33871582245971615,0.0,0.20953854215536052,0.24572789035965376,0.020682917008747987,0.0,0.8,0.0,1.0,0.39986607384851963,0.5665042311979428,0.0,0.3999778435963313,0.6,0.2,0.0,0.15372068172798461,0.0,0.0598934784549686,0.0,0.08314323714262531,0.39997836783143115,0.06917253409018825,1.6953241375872482e-06,0.0,0.5704948843362507,0.0,0.6,0.9864344825541589,0.21734072596394824,0.0,0.5421940729910462,1.0,0.006447630351730761,0.0,0.354533515406691,0.0017063015422729996,0.0,0.0,0.0,1.0,1.8966684322770058e-11,0.0,0.999910571562861,4.195518637826758e-11,0.0,0.0,0.0,0.0,0.04507265897744804,1.0,0.0006897106498661,0.09999914504836288,0.9959884796192456,0.974247719863232,0.9867093663269488,0.9498349235176516,0.9953696180390357,0.9219420482087417,6.0,22.0,0.5606936416184971,0.33333333333333337,0.3333333333333333,0.0,0.0,0.0,0.0,0.0,0.0,0.0,0.0,0.0,0.0,0.0,1.0,1.0,1.0,1.0,0.0,1
VAR_003005,0.0051074407853830585,7.529671156160044e-12,0.00011029402666305682,4.820588894466388e-07,0.3796881866750671,0.08509978157886194,0.0005411552346575182,0.0006097438111798815,0.0011010458066646976,0.10790975031221123,0.02687846517315132,13.0,0.611372653859856,0.11099543963685299,0.36341426824909756,0.4140632680116901,0.23023277891552502,0.4179383294271871,0.07787433296702728,1.0,0.0,1.815174728061724e-10,0.4978927151628407,0.0,0.4653982543133758,0.0,0.0,0.0318074739102343,6.023677469881656e-11,0.0,3.868291849356169e-12,0.07481218451539341,1.0,3.6985294546389965e-10,1.0,0.4,0.4,1.0,0.8,0.6,0.24820691276457726,0.4,0.6,0.8,1.0,0.6,1.0,7.0,0.034491986531292235,0.6,1.0,1.0,0.8701706460549774,0.9029911151220136,0.5754066144406487,1.0,0.0,2.446035806755601e-07,1.0,0.0,0.0,1.0,0.0,0.0989994106362738,1.0,0.0195894326360229,0.0,1.0,0.0,0.0991620324217636,0.0,0.0033338550385196997,0.0890537015679645,1.8856698753698983e-05,0.0,1.0,1.0,0.035109003721092255,0.819820351557067,1.0000000000000002,0.0,0.0005329840064844,1.0,1.0,1.0,0.029807531342457685,1.0,0.03199659203348402,0.6425430654121509,0.0,0.0,0.0999999999986287,0.0,0.000241095770849,0.0,0.0999999999999999,0.0,0.019848056012109972,0.0,0.0,0.0,0.6,0.0,0.0,0.0107159498204664,0.0,0.0,1.0,0.0,0.0,0.2938395789994811,0.0,0.5738548353298504,0.0,0.0,0.6534972976253629,0.0824691573535082,0.0,0.3873317283084912,0.0,1.0,1.671247171246934e-12,0.4580231901012885,0.0,4.630756038782706e-07,1.0,1.0,0.0,0.0,0.0,0.0348060050255912,0.0,0.7299487859828815,0.039481079599733,0.05727087304204279,4.928208878534069e-06,0.0,0.0,0.0,0.6,0.9799229689732771,0.0,0.0,0.0,0.0,0.01914332525640469,1.0,0.999997886856931,0.10748245747646899,0.0,0.0,0.0,0.0,6.179535608374509e-06,1.0,0.9999990717428741,0.0999480168648038,0.0,1.0,0.0,1.0,1.5987554323307684e-12,0.0,0.0001047632770385,0.09999776055340699,0.9836143943077555,0.8639062521653896,0.0,0.20324289958129765,0.6450656495239883,0.3391103274264967,8.0,16.0,0.46242774566473993,0.5,0.6666666666666666,0.0,0.0,0.0,0.0,0.0,0.0,0.0,0.0,0.0,0.0,0.0,0.0,1.0,0.0,0.0,0.0,1
VAR_003157,0.0012605160070909296,0.028384975863040802,3.58650215768507e-13,8.453873412286313e-06,0.29612992486555095,2.6227704204517344e-22,0.0010832226864406064,3.9949576274776194e-06,8.960763174987177e-05,0.0050698431890845224,0.00023985283781474318,16.0,0.7148582410280839,0.2043913421544336,0.19313105675376754,0.2330723733389214,0.05165258927162583,0.4018357139295047,0.4189755235560253,0.4,0.6,0.05709173984161908,0.2563936984759928,0.6,0.4272792669319464,0.8,0.4,0.23992117570711047,0.23960782289323018,0.6404050087191161,0.058938318576756264,0.018255946736266737,1.0,0.044359547399888365,0.6631621859928577,0.386789102635501,0.8,0.8,0.5877147194824236,0.8,0.02791649430141634,0.8,1.0,0.7492984799060685,1.0,0.6,1.0,7.0,0.24047571777188978,0.4,4.0,4.0,0.9939798414770964,0.9823998875689208,0.8517302831495224,1.0,0.0,0.0,0.0,0.0,1.0,0.0982482873359785,1.0,0.0992373169245941,0.0980520314075581,0.0999961177210903,1.0,0.1731636737053655,0.0,0.0989970621352032,0.5066910408253726,0.0999999969455355,0.00249120295716,5.749134007308328e-07,0.0,0.0,1.0,0.09959787000527842,0.1826521432105633,4.38229277630628e-06,0.0,1.525819107323956e-05,0.3396064505983466,0.0,0.6,0.03547786729379976,4.0,0.002503380422585114,0.7167325542595306,0.25052091991903425,0.0,0.07993403529655177,0.0,0.08265458866274358,0.0,0.04938643353508574,0.0,0.05579091800021544,0.0,0.5485770390366054,0.0,0.7144752890328019,0.0,0.0,0.07991118912912638,0.0,0.0,1.0,0.5849551395667046,0.0,0.3408130074292573,0.0,0.5739990053619004,0.0,0.5132856722898566,0.7468878607799985,0.06187268980847044,0.0,0.5378036734945808,0.0,0.6865853720806525,0.31836109728770534,0.20886160814831048,0.0,0.5785689036492087,0.713592951539176,0.178788550844227,0.0,0.21595020950305685,0.0,0.057845245559317526,0.0,0.4054780150580187,0.5208973308133156,0.05060414902993427,0.0006877170810992263,0.0,0.8,0.0,0.8,0.7395792365263407,0.03723294924436032,0.0,0.41249184130166905,1.0,0.00046025488779143135,1.0,0.999999999349408,0.021599485134472,0.0,0.1386128424573411,0.0,1.0,5.297744434267698e-06,0.0,0.999978893808767,0.0999999996419471,0.0,0.0,0.0,1.0,0.09887750713979697,0.0,0.0996980506776508,0.09999494408211218,0.9910866825642248,1.0,0.9647244254743584,0.7459654591495726,0.9702770179915614,0.8222999169647704,19.0,14.0,0.4277456647398844,0.33333333333333337,0.6666666666666666,1.0,0.0,0.0,0.0,0.0,0.0,0.0,0.0,0.0,0.0,0.0,0.0,1.0,0.0,1.0,0.0,1
VAR_002739,0.00036470766298421584,1.3361364363884515e-06,5.385234922357132e-07,1.9945784657785258e-07,0.0738935331352075,0.0001300096962923698,1.0188219815001456e-14,0.0007162300715995149,5.250516422729985e-13,0.0020980621913839277,0.0033584900404920017,13.0,0.7148582410280839,0.1026982471531191,0.19313105675376754,0.22300414943997718,0.05071575767222228,0.4018357139261453,0.4015229952934217,0.2,0.37708385666990646,0.020499260166942125,0.4,1.0,0.6,0.6,0.4,0.054201248243119615,0.03880851187404798,0.28800095575496387,0.021679485618251625,0.014482933720423646,0.8,0.0678591065289521,0.4,1.0,0.0,1.0,0.0,0.0,1.8372357327974173e-07,0.0,1.0,1.0,0.0,1.0,1.0,3.0,0.0999541581689108,0.0,2.0,2.0,0.7412304430093144,0.9426856993632575,0.7881167379236964,0.6,0.6,0.24003906254902213,0.6184653175408232,0.6,0.44828075197485495,0.07455496935880454,0.8,0.07108509489945868,0.06519418996730357,0.0847106195277607,0.9764684335008503,0.4,0.22724483172630167,0.06127118009523932,0.6,0.13436986787280736,0.10813863205187471,0.006211137616903969,0.18529559262736897,0.2,0.22107839915363514,0.06938283703065298,0.5452389157611103,0.043040559741519,0.01868717331601922,0.08262530838589557,0.6,0.6,0.8,0.04565182043875914,2.0,0.11592859590383021,0.8053872392238459,0.9599283210927432,0.0,0.0550292312408562,0.0,7.426077542291087e-05,0.0,0.9999999895946728,0.0,3.285560618605819e-08,0.0,0.7839682822882241,0.0,0.1713491854196362,0.0,0.0,5.977188493057752e-06,0.0,0.0,1.0,0.0,0.0,0.0,0.0,0.0789031480294358,0.0,0.458073084404178,0.708529548234733,0.0999990188962613,0.0,1.0,0.0,0.0,2.8411012896647485e-08,0.1454629188565497,0.0,0.503962935600663,1.0,0.9493223690755804,0.0,0.1919382327633518,0.0,0.0950241871175026,0.0,1.0,0.9987272787968959,0.09999999969825572,0.006466862507469988,0.0,0.0,0.0,1.0,0.00280313039416,0.0,0.0,0.9977626916353739,1.0,0.04525023814603918,1.0,0.035470061358023997,0.00027801382988602516,0.0,1.0,0.0,1.0,0.004527128818895754,1.0,0.0002178429103952907,0.0426016057113867,0.0,0.0,0.0,1.0,0.09932010429840667,0.0,0.0054399010448499,0.09954106838798998,0.9876151709457356,0.7454988999324283,1.0,0.5228614064517798,0.906411276783167,0.7667422915885397,7.0,22.0,0.7456647398843932,0.0,0.6666666666666666,0.0,0.0,0.0,0.0,0.0,0.0,0.0,0.0,1.0,0.0,0.0,0.0,1.0,1.0,0.0,0.0,1
VAR_003217,0.033800113263007074,0.019980282868713846,0.08256200496407716,0.00011460670886418834,0.060230809182595484,0.018391017123670292,0.031840090913647284,0.02223647351569699,0.021647628293321914,0.29755003543616737,0.09290342416307364,8.0,0.8,0.13648737276643974,0.46780673940250195,0.41418670498813676,0.4018909613931708,0.05635176824864583,0.07659308657250904,0.3773721884571506,0.4557016652607084,0.04008593357086467,0.4845519508636095,0.6,0.2384715001223024,0.4,0.6,0.25380217910707886,0.23414620059721036,0.29638584767706105,0.05260136247470536,0.004442716329601523,0.6417744916943825,0.07067233495187349,0.8,1.0,1.0,1.0,1.0,0.0,1.3199652219968593e-10,0.0,1.0,1.0,0.0,1.0,1.0,3.0,3.4137613712222524e-11,0.0,3.0,3.0,0.3474987283687556,0.6863911460768035,0.38527397236498684,0.6874159341787898,1.0,0.2393616194701342,0.22685231011921753,0.6,0.4,0.5064924062874172,0.8,0.06991536760458435,0.45373398112188373,0.09558683878443838,0.6,0.8287235977085828,0.6,0.0759537171008704,0.6,0.3053424231846309,0.11867043485949871,0.01040869549529463,0.9378990329132103,0.4,0.45112818238854785,0.09261927571912369,0.9941474580924282,0.09991690670793109,0.5402388536409052,0.11772645267168749,0.5573658402259187,0.4,0.6,0.12577636393183741,3.0,0.005647597027601835,0.8,0.5870886865066648,0.0,0.819999858534555,0.0,0.029208444916644472,0.0,0.43993268551076714,0.0,0.06785200877301097,0.0,0.45309343816893294,0.0,0.4332400868520498,0.0,0.0,0.03909783157504655,0.0,0.0,0.8,0.4,0.0,0.7658626102295548,0.0,0.26214497504053713,0.0,0.711740649608487,0.864523182265141,0.04094293214145365,0.0,0.4820484151700478,0.0,0.8236775820329665,0.3050193017705492,0.10857413281955844,0.0,0.5575474001029138,0.8,0.28461038049016896,0.0,0.8,0.0,0.0802324801285777,0.0,0.5413539386292301,0.4163953046245302,0.027364534034299653,0.003564566880650097,0.0,0.4,0.0,1.0,0.4302167712420042,0.4583698816785158,0.0,0.40083008599067066,1.0,0.004845439358977258,1.0,2.1751379858770302e-08,0.108294105399583,0.0,0.0,0.0,1.0,0.09999694377369235,0.0,0.004654032531728,0.0984866370839957,0.0,1.0,0.0,1.0,0.09999999999999977,1.0,3.919105953000686e-14,0.09999999999945398,0.0145416753783114,0.0,0.0,0.11184275204522397,0.0,0.4262802668899137,14.0,16.0,0.36994219653179194,0.33333333333333337,0.3333333333333333,0.0,0.0,0.0,1.0,0.0,0.0,0.0,0.0,0.0,0.0,0.0,0.0,1.0,1.0,0.0,0.0,0
VAR_002754,0.0039598898501012145,0.0014913711580429344,0.00011962022658382044,0.003220248681699332,0.03385515984009577,0.0014461896647857857,0.0028958684722098227,0.002807878755140396,1.3658683762380898e-05,0.045249622820467426,0.0307541715181208,8.0,0.538449320950982,0.35562772738497356,0.588292334517526,0.2334773691662479,0.42991041300805727,0.25899172299428913,0.05580373037061028,0.00046473342152974,0.4,0.020016542598236174,0.3133062904099537,0.6,0.6518285049815206,0.6,0.7703528059315821,0.05556319887885167,0.06032501173632517,0.41625882107947465,0.019999121807173132,0.08617168006125732,0.8,0.0205509138517748,0.8,0.028507361891377443,0.4,0.4,0.49293849517708976,0.4,0.5990395980638551,0.8,0.6,0.4986905126927105,0.8,0.0,1.0,7.0,0.03602931093986163,1.0,2.0,2.0,0.7510499572060545,0.964900497389007,0.8081240578435849,1.0,1.0,0.052336887804987,0.0,1.0,0.0,0.0966490794834141,0.0,0.0028554214730177993,1.701332559707714e-05,1.0785107001300145e-07,0.0,0.0,1.0,0.0995756214962386,0.0,3.748944958729542e-05,1.4170642814910964e-05,0.0026535571613616905,0.0,1.0,0.0,1.7195102695162253e-05,1.0,0.09999999999941536,0.5124667848936776,0.0920631510525482,0.0279154631202693,1.0,0.2,0.0027939611702558036,2.0,0.00017506771190043828,0.6,0.2,0.0,0.0766639004101649,0.0,0.09832356827092757,0.0,0.5999798786844619,0.0,0.04750798939684924,0.0,0.3063356543313618,0.0,0.8,0.0,0.0,0.001380487733657815,0.0,0.0,0.5729717873127582,0.4,0.0,0.17132126416923343,0.0,0.5517267924565112,0.0,0.6,0.9913693699250299,0.050478917994917535,0.0,0.5302250487805825,0.0,0.4,0.6682051546489869,0.4021870641971342,0.0,0.5908457974257229,0.6,0.5640930429265125,0.0,0.21690381253038177,0.0,0.05904776230952987,0.0,0.5985750448048646,0.9181782837017025,0.07182664329324355,0.00818332904881046,0.0,0.7984049374961171,0.0,1.0,0.5999678226250341,0.06691898965449669,0.0,0.46523214434528654,1.0,0.00046042562310184685,1.0,0.980445253190439,0.52128820586284,0.0,0.3871726983845145,0.0,0.5884537734887347,0.09971485613851316,0.2452186643662975,0.999884686273203,0.0999958546579481,0.0,0.0,0.0,1.0,0.08421538491403925,1.0,0.0999999999970765,5.27157899484572e-14,0.99631543905617,0.754551403435921,1.0,0.619639742550103,0.9275831838048446,0.7693612325806992,5.0,10.0,0.4566473988439307,0.6666666666666666,0.3333333333333333,0.0,0.0,0.0,0.0,0.0,0.0,1.0,0.0,0.0,0.0,0.0,0.0,1.0,0.0,0.0,0.0,0
VAR_003106,0.006847130339339331,0.044469785182880826,0.0005009020638057958,2.585683618000517e-07,0.000542677191407204,3.111803776667227e-08,3.431248544767696e-05,4.6327298383131766e-05,0.07462113769913381,1.6801231756565214e-12,0.02765595465347778,30.0,0.6800044086079646,0.23033904272807237,0.19628704381973788,0.2387505280388954,0.2305977115215113,0.4018357139295605,0.2189781355588643,0.0,1.0,6.179269021260313e-06,1.0,1.0,0.4486196503538145,1.0,1.0,0.0999337241549463,1.096085287768575e-10,0.9780462612705738,0.0876555456475605,0.06204718813032016,1.0,0.0565500978985546,0.5803311704017302,0.0,1.0,1.0,0.0,0.0,0.0060929857329563,0.0,1.0,1.0,0.0,1.0,1.0,6.0,0.9002031744399963,1.0,1.0,1.0,0.995643065568786,0.9928568426530182,0.8657294006562806,0.0,1.0,0.34316920983694,0.0,1.0,0.9838949255139292,0.015228006660301096,1.0,4.564200037468226e-05,0.0999999684633698,0.0999999947192126,0.0,1.0,1.0,1.0,0.5536833466859068,0.0177220030392554,0.6837393748327345,0.0201558201375835,0.0,0.0,0.0,1.0,1.0,1.9229060171584816e-16,0.0,0.099999861293201,0.7764109082994946,0.0,0.5107565476447318,0.09749750200395005,1.0,0.028963589871766164,1.0,0.0,0.0,0.0028727746004252,0.0,0.0069138144562386,0.0,1.1010548773935724e-11,0.0,0.0976051457619529,0.0,0.0,0.0,1.0,0.0,0.0,1.0,0.0,0.0,1.0,0.6668175543789931,0.0,0.7269767653908458,0.0,0.0,0.0,0.0,2.787063434065281e-05,1.5909214403384432e-14,0.0,1.0,0.0,1.0,1.4335701286577146e-07,1.0,0.0,1.8823487561421454e-18,1.0,1.0,0.0,0.1798560934637579,0.0,0.0,0.0,0.0,0.003329776290242,4.263979140750095e-07,3.9901131458176934e-05,0.0,0.0,0.0,1.0,1.0,1.0,0.0,0.9999998224603529,1.0,0.00655323209242879,1.0,7.909370343422837e-10,2.742953424177149e-09,0.0,0.0,0.0,1.0,0.09939028150995262,1.0,1.958373532686709e-08,0.0911005935808654,0.0,0.0,0.0,1.0,0.09999853360951656,1.0,0.0748854916818333,0.004035961118647284,1.0,0.7580709808836378,0.9942232004290398,0.7902374474388193,1.0,0.9594262796043153,11.0,19.0,0.21387283236994226,0.16666666666666669,0.3333333333333333,0.0,0.0,0.0,0.0,0.0,0.0,0.0,0.0,0.0,0.0,1.0,0.0,0.0,1.0,0.0,0.0,1
VAR_003237,0.009378592469539648,0.0016457638765108881,0.023894712609124475,0.0044947855560458555,0.004932097885995729,0.015471557693209083,0.006823218301505921,0.011936006484232247,0.0015698466710010468,0.2009946911675727,0.019181040585539568,8.0,0.7148582410280839,0.1033168752316373,0.19313105675376754,0.4193364091817531,0.03167620851517183,0.39894746843436707,0.2389751049132227,0.2,0.4,0.05985551465926768,0.4,0.6,0.37390451642682265,0.8,0.6,0.05244734653460274,0.01956493864132976,0.5754332444689318,0.0452129512570381,0.15602751861567105,0.6,0.07630544044547859,0.2,0.4,0.8,0.2,0.6435850338548258,0.6,0.22335898482424862,0.6,1.0,0.6985308851678174,0.6,1.0,1.0,7.0,0.050208574988470846,0.4,5.0,5.0,0.8163422749998119,0.9197562734705456,0.7675662055104759,0.6,0.6,0.7792611437973402,0.25062381798148736,0.8,0.44017821547707586,0.42949067575909317,1.0,0.07123725738010771,0.42304510973769505,0.026582815431837596,0.8,0.4,0.5442279488199315,0.007580445077366489,0.4,0.23962504493765335,0.09611201116802438,0.0008101661085783348,0.5927197936248615,0.31948912428626947,0.21135695159579115,0.11580835074904777,0.25605009338737206,0.06571201209673992,0.4492931978785954,0.0650973919850439,0.5310893184366141,0.8,0.2,0.01820792049374891,5.0,0.01660429427202079,0.5835957287664584,0.19689831511047656,0.0,0.04751588599299998,0.0,0.06096739532176232,0.0,0.22681979587100304,0.0,0.06997098227042982,0.0,0.3500023476537024,0.0,0.6929681461636701,0.0,0.0,0.05737055230668312,0.0,0.0,0.7134113572896709,0.5849551395667046,0.0,0.3175987927198899,0.0,0.640955924129758,0.0,0.4439279443981471,0.756455948254685,0.0628635033506242,0.0,0.44948149434365997,0.0,0.47380274889523405,0.32688198342291985,0.29496253138534706,0.0,0.598664870750273,0.5734579781939873,0.2952684399477509,0.0,0.2913417980184888,0.0,0.05790885800095297,0.0,0.37774520660548616,0.5997436079940917,0.07983669077740202,0.01795040874311067,0.0,0.6733107575682156,0.0,1.0,0.027133747102716058,0.2262390111248386,0.0,0.5614679145019037,0.4,0.006666771111792129,0.4,0.42503288698266994,0.3918506601549875,0.0,0.3271867968075356,0.0,0.6552703749826434,0.023736336079819603,0.8,0.4000030224623557,0.03699042275071631,0.0,0.3084794994171296,0.0,0.6,0.04335634217513697,0.6252706647665122,0.0435758933252048,0.041230180712873404,0.9975358454878842,0.712767817919101,0.9799096506893804,0.6678435404635169,0.9427738502121057,0.7059070947061368,24.0,25.0,0.5213872832369942,0.2666666666666667,0.43333333333333335,0.0,0.0,0.0,0.0,0.0,0.0,0.0,0.0,0.0,0.0,0.0,0.0,0.8,0.0,0.0,0.0,1
VAR_002886,0.000364554461675044,0.7096844586377017,8.31442770916353e-19,0.0006656050941809082,0.004424033127603634,5.6885797862529397e-05,5.291108174560355e-11,0.011785121042084228,4.6485536275338086e-07,0.1052875188110068,0.0022864833831702457,18.0,0.64193490811921,0.23440809368385018,0.3631126379241795,0.05875052803033539,0.21135384261399812,0.42183432214843863,0.2168995711155588,0.32399847006203386,0.17708385666990645,0.04033160026004316,0.25530246876237256,0.8,0.8,0.6,0.6473166810977447,0.05972663977683611,0.06313682006530642,0.11400424168030035,0.0010242976090747617,0.014580665638749504,0.8,0.05981911360927866,0.4,0.6,0.4,0.8,0.4,0.4,0.02386327691694288,0.8,0.7904951609280969,0.27453732560969457,0.6,0.4,1.0,7.0,0.036439539775860535,0.4,2.0,2.0,0.9454550863524318,0.9839326601200284,0.8512569190467174,1.0,0.0,0.983456806009049,0.8751583650902778,1.0,1.0,0.0999848073587589,1.0,0.0999999999999999,0.0885070395950547,5.0470848545178665e-06,0.0,1.0,0.0,0.0999999854401114,1.0,0.2202728148245404,0.6072300000071045,0.021510088950352207,0.0,0.0,0.147370344861484,0.0970540450217045,1.0,0.09999274127614566,0.5621343257462819,0.0999999274348004,0.0,1.0,1.0,0.14677560090339573,2.0,0.011568073347541607,0.8,0.26047190281015775,0.0,0.030896505590445607,0.0,0.047207750997697376,0.0,0.04220859848468024,0.0,0.06068167601049364,0.0,0.4710125215062034,0.0,0.6,0.0,0.0,0.2592466358517758,0.0,0.0,0.6,0.4159562350636071,0.0,0.5665706660277648,0.0,0.2084193563318694,0.0,0.6303911074460787,0.41818855179638964,0.06047736948484008,0.0,0.8,0.0,1.0,0.009281697059548049,0.5340490403510918,0.0,0.4041169771985854,0.962359339391576,0.4,0.0,0.15620659561768574,0.0,0.05874053581694348,0.0,0.12429906413827245,0.7963749106709459,0.08045972919871473,0.02851896138549898,0.0,0.7107089829624774,0.0,0.6,0.9997472750429088,0.4,0.0,0.4097406607027568,0.0,0.007086648493455129,1.0,0.923460603038424,1.0,0.0,0.0,0.0,1.0,7.31485144337608e-07,1.0,0.995157206938168,0.0937596651586624,0.0,1.0,0.0,0.0,0.09998764604427236,0.0313426587792724,0.0992929139801971,0.09786061280246569,0.9908788025969356,0.9564165092882824,1.0,0.8117510031333813,0.9598142140330411,0.7823378076625698,7.0,17.0,0.2427745664739885,0.16666666666666669,1.0,0.0,0.0,0.0,0.0,0.0,0.0,0.0,0.0,0.0,0.0,0.0,0.0,1.0,0.0,0.0,0.0,0
VAR_002605,0.042214739048633085,0.012645940605291124,0.013229173899001977,0.08982179360744205,0.16493906179077425,0.019451335839258278,0.02772339262774376,0.052641110526643727,0.007200435265350152,0.0024579428167398197,0.09420881544962577,8.0,0.7765188214397367,0.28869844822372986,0.0511835289177545,0.23292130098849134,0.44925108451960605,0.24000135496310643,0.24538078002753697,1.0,1.0,0.0105923085410668,0.0,1.0,0.6426929612727997,0.0,1.0,0.0999994582120497,4.9156596316892564e-15,0.0,0.0008680053740005,0.0018787768992294253,0.0,0.0373731550880531,1.0,1.0,0.0,0.0,0.0,1.0,0.0023446028623655,1.0,1.0,0.0,0.0,1.0,1.0,3.0,2.143802732613522e-06,1.0,3.0,3.0,0.8510132135175561,0.9632780541925983,0.8364446590630334,0.6,0.4,0.42664378115072116,0.4506238179814874,1.0,0.8,0.3381503494179552,1.0,0.0726763236723051,0.31696476463828843,0.10389330781269987,0.6,0.4,0.8608187419186055,0.22943416746381295,0.8,0.4201428137100295,0.46837810261435225,0.080398624341756,0.5427222488617895,0.6,0.6113569515957911,0.43794222233943253,0.8,0.03421915684090681,0.6052151037444,0.18521425167861863,0.5310893184366141,0.8,0.9214407494944421,0.13296768177624976,3.0,0.00041183915482606814,0.7851451726580366,0.5777932952581978,0.0,0.25858952179278527,0.0,0.24286950020159126,0.0,0.06352805919386605,0.0,0.39666100671299237,0.0,0.6,0.0,0.9144752890328018,0.0,0.0,0.043764791750577146,0.0,0.0,0.8,0.37078779800864076,0.0,0.2380750439521179,0.0,0.5359681378934882,0.0,0.6,0.40777466712096505,0.4526381807053255,0.0,0.5877797164125589,0.0,0.9466934529077872,0.43795903651106555,0.5402952999245791,0.0,0.6207224613282991,0.6235175611271847,0.6,0.0,0.27218182927227147,0.0,0.21894868401095602,0.0,0.3763814437846137,0.9175918437147395,0.45568020172521956,0.06004285288941246,0.0,0.6,0.0,0.8,0.3950977423285488,0.49657302422104416,0.0,0.41527533306921904,1.0,0.03355293982246393,0.6,0.3419904929257699,0.41476282664802555,0.0,0.7063560357522877,0.0,0.4,0.0600272351972154,0.10116830664764383,0.8056247922871371,0.4200146078397692,0.0,0.8,0.0,0.5794091181312638,0.05804817588557919,0.5328987328906006,0.07023778840432322,0.019522681468883467,1.0,0.9568590247006404,1.0,0.9570620895907906,0.9450704883560905,0.9046241102177822,14.0,11.0,0.7919075144508672,0.0,0.6666666666666666,0.0,0.0,0.0,0.0,0.0,1.0,0.0,0.0,0.0,0.0,0.0,0.0,1.0,1.0,0.0,0.0,1
VAR_003061,0.0034257499234765965,0.03418103896485015,0.00928380632917179,0.0029044322664186716,0.0006498383205993999,0.006520694383979221,0.01291106979388767,2.3858063072749883e-12,1.3270717751968711e-12,1.2152281427599885e-06,0.010662579617559176,28.0,0.6767887405393292,0.10676729810889685,0.35995665085820916,0.04300414943141721,0.03147188876470906,0.42183432214502353,0.3994444308501162,0.0,0.0,0.0859279260040324,1.0,1.0,0.0,1.0,1.0,0.0999999999893098,0.0565135542687489,0.0571060239007046,0.0999999997608676,0.11442245987102095,1.0,5.292721806423716e-07,1.0,1.0,0.4,1.0,0.2371259505998593,0.4,0.21772416922836077,0.4,0.6,0.5633220920263338,0.4,0.6,0.8,7.0,0.2577777112519247,0.2,2.0,2.0,0.9088027825578409,0.9295141986070123,0.759691915308011,0.0,0.0,0.9999999992896059,0.9525802544162012,1.0,1.0,0.004232720982660295,1.0,0.0967569403999773,1.736221734125273e-14,0.099999999083057,0.0,0.0,0.0973978627607757,0.0981589474137125,1.0,0.00014074971148709953,0.0993892137446104,0.00203289879351049,0.0,0.8348101527012161,1.0,0.013312823553952531,0.0,5.9253693169551e-08,0.2034669676210674,0.0999020587496309,0.0,0.0,0.5614315401849559,0.17910284444876023,2.0,0.0018091047091577485,0.8,0.5562215450666338,0.0,0.4521663263367531,0.0,0.059972054994314475,0.0,0.05627623145982201,0.0,0.04854595437305274,0.0,0.9747650081626565,0.0,0.8740925633114207,0.0,0.0,0.2207803567322532,0.0,0.0,0.8,0.6961303049146071,0.0,0.43740865509800375,0.0,0.38202766086400886,0.0,0.2,0.5949761053207452,0.2135605192492091,0.0,1.0,0.0,0.8,0.10823882983346525,0.27129333187375565,0.0,0.35585023522984294,1.0,0.4,0.0,0.5144741107395597,0.0,0.02663854132807582,0.0,0.056857881781867584,0.6106903921064336,0.05971602295819007,0.01620738435956994,0.0,0.8,0.0,0.8,0.10730686582118704,0.5180139151682532,0.0,0.7102587816856292,1.0,0.0037402418028579794,0.0,0.9999998266934861,0.9999248274703799,0.0,0.5028073498584169,0.0,0.0,0.09999999165763328,0.0,0.218113080284563,2.71050161476875e-07,0.0,1.0,0.0,0.0,8.687123956217283e-06,0.0,1.012403882165235e-17,3.259291414348525e-05,1.0,0.4213980601371794,0.9992737410212283,0.4000729825148034,0.5856171940809101,0.630517225246832,0.0,21.0,0.33526011560693647,0.5,0.6666666666666666,0.0,0.0,0.0,0.0,0.0,0.0,1.0,0.0,0.0,0.0,0.0,0.0,0.0,0.0,1.0,0.0,0
VAR_002797,0.00042809556040925825,9.398940393583135e-12,1.0074567406084867e-06,0.029341639310357857,2.4946601149244217e-09,2.7904828311364267e-09,0.008039352670191714,4.1177493004772535e-11,0.004044277266258206,0.0027604690095687323,0.12377662009877369,16.0,0.7148582410280839,0.25353034967675353,0.19313105675376754,0.0535060950232411,0.23240872036411261,0.4018343602913244,0.4065178166604959,0.2,0.4,0.052398534203453064,0.8770549425678796,0.8,0.6015268216012085,0.8,0.7812583463129872,0.05544070820595046,0.0781874714392105,0.20679675535291758,0.06006211521887184,0.04405626366424963,0.8,0.04004412394611658,0.4,0.6,0.6,0.8,0.24021880950542746,0.8,0.07456446199920432,0.4,0.8,0.8,0.6,0.6,1.0,7.0,0.2400001046810983,0.8,3.0,3.0,0.8532786820218019,1.0000000000000002,0.8234723597645485,0.721903384511635,0.8,0.22680803001458116,0.580814665010469,0.7253260328870048,0.6,0.3713497105081795,0.8,0.0930050774029978,0.33463234511444057,0.048752599605367215,0.9011874987129435,0.6594724564485848,0.30474630543857417,0.18981979541807678,0.9224116093980304,0.2605749570352408,0.2456379905231243,0.03121021468327379,0.21321203830348226,0.4,0.4,0.23574458560600675,0.42714062064520186,0.08161637050952406,0.3497662655788548,0.13806440770141487,0.26625357033618957,0.8556081805416481,1.0,0.1454170264000237,3.0,4.220782762894836e-06,0.46926835500440384,0.6971431454382235,0.0,0.2786011383233128,0.0,0.07681610592631094,0.0,0.05126397064601949,0.0,0.19623397463361497,0.0,0.7805912318740471,0.0,0.7144752890328019,0.0,0.0,0.039613369323000205,0.0,0.0,0.6,0.2,0.0,0.400889962702424,0.0,0.5050120034515334,0.0,0.4,0.3752080096183279,0.2400438534048813,0.0,0.5378036734945808,0.0,0.8,0.42044531582346006,0.2,0.0,0.7386699721842084,0.5062814470541104,0.4,0.0,0.27017983067324325,0.0,0.03756997978270703,0.0,0.2,0.8595864748482651,0.25378265134646366,0.04597555373297247,0.0,0.5950998580524873,0.0,1.0,0.20977280855665734,0.33913422666604076,0.0,0.7296116476989922,0.0,5.775750573595645e-07,0.0,0.022219680913449,0.168938750356811,0.0,0.6655955491821534,0.0,0.6266144926756778,0.09993774945020482,1.0,0.996612315899654,0.0001838713675847,0.0,0.0,0.0,1.0,0.09912502201619747,1.0,0.0999999999999998,0.040729700963658085,0.9621190082847564,0.3885753426019745,1.0,1.0,0.9463581629637122,0.9556616685916066,14.0,11.0,0.7919075144508672,0.0,0.6666666666666666,0.0,0.0,0.0,0.0,0.0,1.0,0.0,0.0,0.0,0.0,0.0,0.0,1.0,0.0,1.0,0.0,1
VAR_002728,0.0004627422770397435,0.04178409301986493,0.00033315557016404306,0.00022944034712395553,0.3668208815525818,1.0944549005395885e-06,0.00012190086298671579,0.0016817685125764393,1.0571634183251054e-05,0.022353961353438895,0.4537215098229702,27.0,0.703485587168228,0.23159152323835003,0.41291025430448525,0.04846108151937048,0.4012534394490677,0.24082612142685877,0.4177331538511095,0.37042881901440794,0.6,0.06276081120353151,0.6,0.6,0.4858661941132524,0.6,0.6,0.05132015583137524,0.02545952264879872,0.2267601222059404,0.05497341938283079,0.000190321392609829,0.6,0.04044108790605729,0.6,0.6,0.8,0.8,0.5703466702690313,0.6,0.25963086650073214,0.6,0.9523181477541802,0.6506797578727066,0.8,0.8,1.0,7.0,0.2375946872590075,0.4,1.0,1.0,0.7613073817586518,0.9348201411955375,0.43202196756855915,0.0,0.4942362568173304,3.149747368420508e-05,0.0,1.0,1.0,0.0999995966327508,1.0,0.1287389131396163,0.0513583463017312,1.3925277527160858e-06,0.9748195251749592,0.0,0.0,0.091463334706917,0.0,0.0149463866046554,0.6792240422446432,0.01980511704995243,0.281843448511922,0.0,1.0,1.3729346380077004e-08,1.0,0.03523347540229774,1.0,4.70477410546438e-08,1.0,0.0,0.2,0.01957511153600631,1.0,0.0444966143688685,0.6064634902232975,0.3257082170290206,0.0,0.18119833180984773,0.0,0.21663953432265584,0.0,0.20097694528887589,0.0,0.040938755063546696,0.0,0.311357996873738,0.0,1.0,0.0,0.0,0.20110024560757264,0.0,0.0,0.8,0.5074330075019289,0.0,0.4285962497944791,0.0,0.27172066811583895,0.0,0.21658907808361275,0.5267251020574955,0.06003058097076112,0.0,0.6,0.0,0.9760542587957571,0.2000566932824928,0.27268450350292917,0.0,0.21361565236542213,0.4,0.6,0.0,0.3232510667733836,0.0,0.22509464719043465,0.0,0.09488247380292751,0.5423988767672081,0.0657020342928207,0.0008450150647715536,0.0,0.4,0.0,0.8,0.7897928189968279,0.37172227429420623,0.0,0.6219181691256849,0.0,0.00046017362762511125,1.0,0.8720423106247289,0.999999998029289,0.0,0.0,0.0,0.3752728312025097,7.3487876870423e-07,1.0,0.9999999847195761,4.679685310215708e-09,0.0,0.0,0.0,0.0,0.000569167764901935,0.0,8.849506711897155e-08,0.09999982669676209,0.9937226079176932,0.6554847079010692,0.9829142374824438,0.5890815947055434,1.0,0.8639655824491825,23.0,8.0,0.36994219653179194,0.8333333333333333,0.3333333333333333,0.0,0.0,0.0,0.0,0.0,0.0,0.0,0.0,0.0,0.0,1.0,0.0,0.0,0.0,0.0,0.0,0
VAR_002560,0.0302595711546161,3.3172608882923275e-05,6.0687528117278455e-09,1.2146665920318692e-07,5.618949720339967e-09,0.021040446057466147,6.531430481996174e-07,0.0012552632892253454,0.0005964489892721381,0.0007428218743003681,0.0005785067376231974,10.0,0.738449320950982,0.3910558732733143,0.41800912302219617,0.2191853535170263,0.4300073380922836,0.23999996252123174,0.04331998638087869,1.0,0.0,0.0772852528993335,0.0,0.0,1.0,1.0,0.9910282761918304,0.0994373970562857,0.0999999937456784,0.0,4.025179290968796e-06,0.09924959271023766,0.0,0.0857994735586047,0.0,0.8,0.4,0.8,0.856961330136843,0.8,0.23406143910107408,0.6,0.6,0.41965261507019413,0.8,0.8,1.0,7.0,0.08630848202075164,0.8,3.0,3.0,0.7643385936400449,0.9557594577632114,0.8172474124389557,0.47883528346286386,0.6,0.7928931378141397,0.707388434190455,0.6,0.4152706105256893,0.27733573951560714,0.6,0.03806096843131586,0.25597221026254546,0.16225311707107248,0.8,0.6722051707010056,0.40038591762506137,0.02445113838546666,0.8,0.16577494286634675,0.23297398023428945,0.01000000375847239,0.37130440743202964,0.42112898374928553,0.7256934467735368,0.02551474836388576,0.37692812465342274,0.06990618042169726,0.2888183685108224,0.08296883443546368,0.6391655373472561,0.5074107977970712,0.0,0.1215423548140993,3.0,0.1326019651048222,0.6,0.08999481582695172,0.0,0.20000752907870503,0.0,0.09542159953430661,0.0,0.25918795108242654,0.0,0.24366667795860641,0.0,0.7069026112520802,0.0,0.5576070336865064,0.0,0.0,0.06013970172058582,0.0,0.0,0.8,0.7117215737261596,0.0,0.2639566816704528,0.0,0.0,0.0,0.8021002318973929,0.8318777094207845,0.2592205312784839,0.0,0.2226633501903696,0.0,0.6,0.8788751388006224,0.23825804285957347,0.0,0.513284743960109,1.0,0.2686396463041424,0.0,0.2,0.0,0.058055299046757936,0.0,0.4,0.4292232227501871,0.2630837257261292,0.18397145404209803,0.0,0.9317322013720375,0.0,0.8,0.9950863737039677,0.2696874015628198,0.0,0.5717721659402023,0.6,0.03905566568991653,0.00127751014217418,0.5367845776582806,0.3946027823095093,0.0,0.15642579050686295,0.0,0.5473109206800051,0.041238389756851394,0.4,0.4147632686622714,0.41997177775672656,0.0,0.6,0.0,0.8,0.07983962690173353,0.16237841690553856,0.09635706814863357,0.06382581785141678,1.0,0.9913367979235742,0.9824659528770632,0.9772565891349231,0.9512459630617567,1.0,0.0,4.0,0.17341040462427754,0.16666666666666669,0.3333333333333333,0.0,0.0,0.0,1.0,0.0,0.0,0.0,0.0,0.0,0.0,0.0,0.0,1.0,0.0,1.0,1.0,1
VAR_002618,0.01823409387365117,0.0024709337777305924,6.713777020123518e-05,2.123523153805779e-14,1.8886857680242995e-08,0.0,0.0,1.4716805315823108e-09,0.023873492805034716,3.9424379113742536e-11,0.0019676149623843457,28.0,0.7148582410280839,0.2043913421544336,0.19313105675376754,0.2330723733389214,0.05165258927162582,0.4018357139295047,0.41897552355602535,0.6,0.477499390802658,0.05922535039085519,0.2,0.8,0.2490572066375744,1.0,0.8,0.0761326133443437,0.259657238657485,0.22120805796212953,0.053406090296332656,0.011420521815132877,0.6,0.0399643302640952,1.0,0.8,0.8,1.0,0.6,1.0,0.0430329707351947,0.4,0.8557701159693538,0.6506797578727066,1.0,0.8,1.0,7.0,0.0721939129962618,0.2,2.0,2.0,0.8513827283275663,0.8626738146113881,0.595427497259936,0.4,0.6,0.6012637255375793,0.7597193387568792,0.8,0.8,0.4480325126339104,0.8,0.054740383192908436,0.39934106404886965,0.09867000184098743,1.0,0.8,0.5162582635503848,0.22145699824992554,0.8,0.4610587183667076,0.23079660931109544,0.012157670408548725,0.6,0.4366552438513097,0.4355403882822467,0.176601898741183,0.7560316707743677,0.06944274578504515,0.4835338581895221,0.06339049419957007,0.6581925502262775,0.4,0.8,0.0491908157234319,2.0,0.04091748823118615,0.6,0.6347269923930858,0.0,0.42015660946061695,0.0,0.05513389332553466,0.0,0.059184835755363804,0.0,0.04256811811998345,0.0,0.5698260098334307,0.0,1.0,0.0,0.0,0.24648870950544777,0.0,0.0,0.5077887376309269,0.24989574481423094,0.0,0.502363138911873,0.0,0.4823768422463467,0.0,0.21658907808361275,0.341465764164227,0.1885748526187234,0.0,0.7128325064852787,0.0,0.8,0.6000053615911529,0.43592247305887677,0.0,0.6032189007789829,0.6,0.4244463880979015,0.0,0.4841957614660043,0.0,0.06153096102759226,0.0,0.23928048847003827,0.5992567219098609,0.04070631675763159,0.01679398464603354,0.0,0.9001133352315309,0.0,0.8,0.6798794648667126,0.6554673463388457,0.0,0.7660932224514753,0.8,0.017080895200812192,0.4,0.5096177873850323,0.39981828255689567,0.0,0.5494132945139684,0.0,0.5884361536436702,0.0714188430578905,0.4,0.3308198033020682,0.25626751511526263,0.0,1.0,0.0,0.5973716730933376,0.05128794560484831,0.4,0.06084139197992146,0.044487521625346235,1.0,0.9979149530141184,0.9447276424046946,0.27073411221025173,0.9283151225885184,0.4314023840840343,16.0,19.0,0.6936416184971099,0.33333333333333337,1.0,0.0,0.0,0.0,0.0,0.0,0.0,0.0,0.0,0.0,0.0,0.0,0.0,0.0,0.0,1.0,0.0,1
VAR_002761,0.0036360401570418965,0.2517284682287981,0.036859067614544376,0.0006557100779169057,0.07649414352996846,0.002132795490415701,0.01760387428577095,0.012759712983390643,0.012574329111302445,0.2580027757470905,0.04327927185280388,8.0,0.8,0.23819899867263306,0.46780673940250195,0.24792266913674507,0.40264697000020255,0.07635041527290064,0.25767493955479515,0.5773721884571505,0.4557016652607084,0.04039341703684314,0.5429649924572937,0.0,0.028614196450883738,0.4,0.4,0.04355784634347652,0.05614892656283525,0.17146065613306832,0.020408453168944334,0.00033058823228326943,0.8,0.08205683858838242,0.9965124924251437,0.8,0.4,0.6,0.4650144069079526,1.0,0.4400292429450302,0.4,0.2,0.4984404048828687,0.6,0.6,0.8,7.0,0.05278588217436416,0.6,2.0,2.0,0.7990085509794977,0.6620041065727206,0.5958271817257491,0.8874159341787898,0.4683201433436775,0.36499094698095735,0.2138917693601438,0.46262870247156035,0.28340149916167895,0.09675795625650233,0.8,0.04325116503346883,0.08988721103486566,0.06158405324499474,1.0,0.8,0.6207429483441901,0.04798685245891162,0.0,0.15224372749646226,0.09395618789618967,0.008499332742756344,0.3577719368793696,0.6983736580887802,0.7128704944483654,0.023899052826764487,0.4,0.05774650046339881,0.6656154688074888,0.08958865263018168,0.6,0.4,0.4,0.11890770567792888,2.0,0.00830569967760657,0.8506292031021424,0.41367836386935314,0.0,0.4505636335173665,0.0,0.05888196481517889,0.0,0.6235513089894835,0.0,0.051880977663907174,0.0,0.3128251409136781,0.0,0.5533919069611323,0.0,0.0,0.04075997965599991,0.0,0.0,0.6,0.0,0.0,0.4935948407732439,0.0,0.018893205727577838,0.0,0.9117406496084872,0.7051208995848794,0.041611735455066266,0.0,0.28204841517004786,0.0,0.8,0.6681654102406711,0.17682353143202545,0.0,0.34959576468757614,0.8,0.186739220537476,0.0,0.48509692870654275,0.0,0.08637837169212666,0.0,0.5643138517709465,0.5111476380270978,0.020201473569298946,0.0032557533833617227,0.0,0.3393396512168711,0.0,0.6,0.593761430106866,0.4297674271857893,0.0,0.6000206587522223,0.6,0.020124290423638797,0.0,0.06635338452391423,0.45668265981312317,0.0,0.36330448215923583,0.0,0.49202774065286337,0.07053102482930264,0.6,0.5920521215486643,0.04000055696904138,0.0,0.6,0.0,0.4,0.04012357118445562,0.40882558980623146,0.04004049630104158,0.02728498898774516,1.0,1.0,0.0570250316693854,0.23672112887050506,0.5863822246586672,0.3560512441865988,15.0,8.0,0.4971098265895954,0.5,0.6666666666666666,0.0,0.0,0.0,0.0,0.0,0.0,0.0,0.0,0.0,0.0,0.0,0.0,1.0,0.0,0.0,0.0,1
VAR_002550,0.01034103852375173,1.3030444736347887e-10,0.0031022176656984755,2.394639715134932e-07,5.136839769592217e-06,0.14682140697251367,0.011365836868330693,1.1963264213526045e-05,0.00022593284444641888,1.8153571620110012e-09,0.004236211703476783,28.0,0.6800044086079646,0.33205066863426574,0.19628704381973788,0.07248649218750376,0.23135372012854305,0.42183436095381527,0.4000599885411503,0.0,0.0190032436733422,0.0999999999986845,1.0,1.0,0.9557679340485132,1.0,0.0,0.0999999654440991,0.0999999037983351,0.6522101899156186,4.631637897866176e-07,0.018748114736344156,1.0,0.0388994434054712,1.0,1.0,0.0,1.0,0.9113266726583296,0.0,6.943430405038506e-09,0.0,1.0,1.0,1.0,0.0,1.0,5.0,5.705016539985877e-10,1.0,3.0,3.0,0.7277764902483723,0.9349239023300093,0.8140373900476692,0.0,1.0,0.332765839013646,0.0,1.0,0.0,0.00032711185284249453,1.0,0.0302483989528452,0.0947889656378801,0.1064463463023244,1.0,0.2021103222369324,0.0,0.0663024182913743,1.0,0.0999753788023124,0.0196552008073803,0.0017315831140616456,0.0,1.0,1.0,0.09999999999999414,1.0,0.09999996878479316,0.4677465864979724,0.0908316173707742,1.0,1.0,0.0,2.01068836656014e-07,3.0,0.03542469927603443,1.0,0.5113132059421523,0.0,7.424033975952894e-11,0.0,0.0003178494874544,0.0,0.0456212731025571,0.0,1.6423129312231745e-08,0.0,0.8190195620565648,0.0,0.0,0.0,0.0,0.0999991802011429,0.0,0.0,0.0,1.0,0.0,0.0,0.0,0.0,0.0,0.0,1.670708779702098e-11,0.0237821505536837,0.0,1.0,0.0,0.0,7.68183754315804e-06,0.3803495381001417,0.0,0.9984351657698081,0.2041789091854793,0.0,0.0,0.1343288729438671,0.0,0.0999638881943968,0.0,0.0505013825219692,0.0016791328336299997,0.020054635673657888,0.0009190252850416442,0.0,1.0,0.0,0.0,0.004457657158825,0.1416992119080719,0.0,1.2524484281088035e-09,1.0,0.010120733538194275,0.0,0.9991056407535139,0.37205829239466404,0.0,0.1167317484375141,0.0,0.3108902016013897,0.061808787222205494,0.0,0.999499832334812,2.1622720484729916e-15,0.0,1.0,0.0,1.0,1.7501093363323341e-09,0.0,5.204117584835009e-14,0.09999979454321359,0.9908343388315496,0.9733499310429712,0.9850272696816912,0.7666817688076647,0.9327032520434663,1.0,0.0,4.0,0.17341040462427754,0.16666666666666669,0.3333333333333333,0.0,0.0,0.0,1.0,0.0,0.0,0.0,0.0,0.0,0.0,0.0,0.0,0.0,1.0,1.0,0.0,1
VAR_003103,0.4491457573507231,0.01897701453305062,0.4704075344463047,0.00019360035220119517,3.6181203735299625e-05,0.09487217436757207,0.45071627651490836,0.3660220148791829,0.00505995416308098,0.002256148914665772,0.12745939172718615,29.0,0.7148582410280839,0.2043913421544336,0.19313105675376754,0.2330723733389214,0.05165258927162582,0.4018357139295047,0.41897552355602535,1.0,0.0,0.0853403361988598,0.0,1.0,1.0,1.0,1.0,1.0,1.0,1.0,0.0699283561569752,9.654368516841087e-05,1.0,0.9025806695984468,1.0,1.0,1.0,1.0,1.0,1.0,0.0999998477253679,0.0,1.0,1.0,1.0,1.0,1.0,3.0,0.0999989251443314,0.0,4.0,4.0,1.0,0.9259283572182397,0.7961502305521951,0.0,1.0,0.997013051253906,1.0,1.0,1.0,1.0,1.0,0.3083400055220019,1.0,0.2999738411374282,1.0,1.0,1.0,0.1595555820238852,1.0,1.0,0.4261513845316995,0.03739682088936619,1.0,1.0,1.0,0.8079399999999989,1.0,0.5797899311925426,1.0,0.7129800000004798,1.0,0.0458829745662168,1.0,0.5114839108061281,4.0,0.43525473052792246,1.0,0.102316446710863,0.0,1.0,0.0,2.4243916582929767e-14,0.0,0.0999968087557582,0.0,0.028529048816845978,0.0,1.0,0.0,1.0,0.0,0.0,0.0038637426917641,0.0,0.0,1.0,0.0,0.0,1.0,0.0,0.0,0.0,0.0,0.0007256809754126866,0.9679735242257628,0.0,1.0,0.0,1.0,7.989715816335486e-05,0.0777291439719326,0.0,2.0262443201712176e-21,1.0,1.0,0.0,1.0,0.0,0.0223423617926578,0.0,0.2842894089093379,0.999986857690347,3.897315065783857e-15,0.06352252376466175,0.0,1.0,0.0,1.0,0.483294377590012,0.2395566433593555,0.0,0.6577101108316213,1.0,0.4238473791492225,1.0,0.9999999998702119,0.9999039708317039,0.0,1.0,0.0,0.7844699868426913,0.09337276435578534,1.0,0.9993161393706861,1.0,0.0,1.0,1.0,1.0,0.9993250256079516,1.0,1.289349513310011e-06,0.9998991910419834,0.776421226437616,0.5128018031666421,0.8563301434580836,0.29948190514188255,0.957543667732992,0.5966104720450183,8.0,17.0,0.4046242774566474,0.5,0.3333333333333333,0.0,1.0,0.0,0.0,0.0,0.0,0.0,0.0,0.0,0.0,0.0,0.0,0.0,1.0,0.0,0.0,0
VAR_002913,0.0048548441835044726,0.00570411085923716,0.016189705997217585,0.12553923136317827,0.3939579831643696,9.18125241209727e-05,3.1748825341653e-07,3.766225668800756e-11,0.06454587451206029,0.621616639474058,0.06367744662466612,29.0,0.7148582410280839,0.22806914991975552,0.2906545846609394,0.053072840450010095,0.21241270286641145,0.42183436095380145,0.4187885506239929,1.0,1.0,0.0003727595630432,0.0,1.0,0.0789865075487595,1.0,0.0,2.0208130007080026e-05,0.0991936825201793,0.2550231023218229,0.0934963860939095,0.1253855380434085,1.0,0.0003487570034693,1.0,0.2,1.0,0.8,0.9703466702690313,0.8,0.4392963042242509,0.8,1.0,0.8,1.0,0.7980320218903412,1.0,7.0,0.6143106117412297,0.6,4.0,4.0,0.8117074987438648,0.9065101818796455,0.6811474744783057,0.0,1.0,0.10803310613550599,0.0,1.0,1.0,0.0999998333275056,1.0,0.001277072914559499,0.0984166928469905,0.096917901238676,0.0,0.0,0.2539528334855699,0.4144679681979171,0.0,0.0384002151642269,0.0101142534786538,2.6616083535355832e-05,0.9870305476798428,1.0,0.0,1.0,1.0,0.0011885374481676327,0.0,0.0998472367538621,1.0,1.0,1.0,0.1757849215481407,4.0,0.022744129676128044,0.0,0.5796230518640136,0.0,0.0977533557880735,0.0,1.0202705770584038e-05,0.0,0.0919957329563484,0.0,7.324904979115039e-05,0.0,0.0,0.0,1.0,0.0,0.0,1.0,0.0,0.0,1.0,0.3497624922242747,0.0,0.0,0.0,0.0,0.0,1.0,0.999999301123385,0.0347508525912962,0.0,0.0,0.0,1.0,0.0014377229086540001,1.0,0.0,0.019276769335199,0.0,1.0,0.0,0.5764672159997658,0.0,0.0754921966533861,0.0,0.0911239524785444,0.99999999921402,0.09819604295249211,1.6458636371294137e-12,0.0,0.0,0.0,1.0,0.06860552413757601,1.0,0.0,7.583288080388873e-09,1.0,0.004606144724952063,1.0,0.994022413934026,0.13978224035262599,0.0,0.0,0.0,0.0,0.00040023463360084845,0.0,0.273419630318554,0.0003222627196494,0.0,0.0,0.0,1.0,0.09999999999999776,1.0,0.1,0.09999999999918449,1.0,0.9448228049416793,1.0,0.8634693202405984,0.9693825082065295,0.6410130031158866,13.0,9.0,0.9421965317919075,0.0,0.3333333333333333,0.0,0.0,1.0,0.0,0.0,0.0,0.0,0.0,0.0,0.0,0.0,0.0,0.0,0.0,0.0,0.0,1
VAR_003019,0.0018638193804265176,0.0009190174349226127,7.120542393599656e-22,0.0054327261592226625,0.0007103429183242153,0.10773295106257752,0.0016252314716337197,2.6723507751982962e-06,0.00506076366111733,6.6579105972043345e-06,0.003919775991572978,28.0,0.64193490811921,0.23440809368385018,0.3631126379241795,0.05875052803033539,0.2113538426139981,0.42183432214843863,0.2168995711155588,1.0,0.0,5.195868938552633e-11,0.0,0.0,0.9073886128316256,1.0,0.0,0.0951905114548562,0.0018604402983106,0.5149808735094623,0.1,5.039221016724567e-08,0.0,0.0588280805091361,0.0,1.0,0.4,1.0,0.08381640479630761,0.2,0.19799327256487745,0.6,0.6,0.5633220920263338,0.4,0.6,0.8,7.0,0.25755774958689936,0.4,2.0,2.0,1.0,0.9976640681138947,0.8419621727756411,0.0,1.0,0.9999999999908871,1.0,1.0,0.0,0.003520694709659894,1.0,0.1754493104865354,1.67611402998472e-12,0.099999999989125,1.0,1.0,0.3966932290335941,0.1,0.0,0.1,3.118411195550636e-07,5.653879633167887e-08,0.0,1.0,0.0,0.0,0.0,0.09598108588171456,0.746477987018099,0.1214109999999984,0.0,0.0,1.0,0.004964269795297076,2.0,0.0031339114651102486,1.0,1.0,0.0,0.0993317411091858,0.0,0.0999999763954353,0.0,0.0999999999849281,0.0,0.0999370186845337,0.0,1.0,0.0,1.0,0.0,0.0,0.0999817132152985,0.0,0.0,1.0,0.4806515245730356,0.0,0.1870432754900188,0.0,0.6251629509939869,0.0,0.0,8.269629524112454e-08,0.099795607200126,0.0,1.0,0.0,1.0,4.741051658868442e-09,0.2787375153968456,0.0,0.7792600782945349,1.0,1.0,0.0,0.0,0.0,7.248575214250909e-18,0.0,0.0,1.885274284544706e-18,0.09857782725230461,0.0162565385197049,0.0,0.0,0.0,0.0,0.049554659239115006,0.0,0.0,0.9994526540558729,0.0,0.002303848012787992,0.5049531539879761,3.587510068339098e-08,5.916909029989493e-11,0.0,0.0,0.0,0.0,1.9240835503499395e-07,0.0,0.890417650207912,0.0222603072703725,0.0,0.0,0.0,1.0,0.0028512456387145353,1.0,0.0995636600553443,0.09995380216337758,1.0,1.0,1.0,0.563201466471858,0.933847521691084,0.7772510416956088,0.0,21.0,0.33526011560693647,0.5,0.6666666666666666,0.0,0.0,0.0,0.0,0.0,0.0,1.0,0.0,0.0,0.0,0.0,0.0,0.0,0.0,1.0,0.0,1
VAR_002686,0.021814880527716084,0.016379294929235448,2.4412494111518947e-08,0.001775650835062433,0.14246899160053553,1.2191845065392298e-17,0.02165781986728946,0.01785440025331883,0.0033080087488304454,0.2826872914545762,0.11618226327781579,9.0,0.738449320950982,0.3419353966558732,0.41800912302219617,0.22241937208237078,0.249070384007425,0.2599999631803075,0.21940701799609053,1.0,0.0,0.098763572492448,1.0,1.0,1.0,1.0,1.0,0.911636615488872,7.506539877451693e-10,0.673994711516432,0.099995554812976,0.3343672396666464,1.0,0.009785703210425,0.4435033110053119,0.0,1.0,1.0,0.8529623142190832,1.0,0.0999785695616489,1.0,1.0,0.0,0.0,1.0,1.0,3.0,0.0980420498343492,1.0,2.0,2.0,0.8926230196447669,0.9887911460121331,0.8248871890039231,0.0,1.0,0.999690646845639,0.0,1.0,0.0,0.0706656246090095,1.0,0.1341549285433383,0.0163750759958101,0.0070569789452348,1.0,1.0,0.2226572784679677,1.107871621028597e-09,1.0,0.319509998512776,3.3534963163848396e-06,1.4160833272473885e-06,0.0,0.0,0.0,1.5851692547225277e-06,0.572095281041915,0.09995951567259456,0.0,0.3747933176937262,1.0,1.0,1.0,0.02327329995223366,2.0,0.05471963517343914,0.2255615509339419,0.0204456062803736,0.0,0.0023674120187061,0.0,2.0147752791466152e-14,0.0,0.0009555385981604,0.0,9.271749572764176e-06,0.0,1.0,0.0,1.0,0.0,0.0,4.6741979480915843e-07,0.0,0.0,0.0,1.0,0.0,0.0,0.0,0.0,0.0,1.0,1.7939688321635016e-06,0.0124835574787187,0.0,1.0,0.0,0.0,0.44295227201592,0.0920801910272178,0.0,0.0,1.0,1.0,0.0,0.0,0.0,0.0998096118048138,0.0,1.0,0.999736041236257,0.04335763051034569,1.1077466714049229e-07,0.0,1.0,0.0,0.4110777036332005,0.999571390347753,0.90917546406742,0.0,0.9999999999999938,1.0,0.020702091416196163,0.0,0.999982207064178,0.898514955427383,0.0,0.0,0.0,0.0,0.0001295831904005755,1.0,0.002343714158331,0.0732244013340625,0.0,1.0,0.0,0.0,0.09999993339921537,1.0,0.0970317991836216,0.016563209649390287,0.9931353781426528,1.0,0.9939599285778762,0.8327113716088463,0.929660258051105,0.7687691046948537,0.0,19.0,0.32947976878612717,0.6666666666666666,0.6666666666666666,0.0,0.0,0.0,0.0,0.0,0.0,0.0,0.0,1.0,0.0,0.0,0.0,1.0,1.0,0.0,1.0,1
VAR_002579,0.01606799311417684,0.014210217489619982,7.957376949875666e-06,0.00010629778486564309,2.812087142414406e-05,1.2079194552781919e-05,0.00012129861765640739,1.968182142946177e-07,7.463986300797684e-06,4.332787686152255e-05,0.01213196651841027,9.0,0.8,0.43756183968923607,0.6678067394025019,0.22792268583100841,0.4226234732368473,0.05923866010728528,0.2376931289942449,0.0,0.1936273834935029,0.0079289114425928,1.0,0.0,1.0,1.0,1.0,5.259530467094867e-06,0.099999999984912,0.0,0.099999999999999,0.011677256977778426,0.0,0.0999632481764515,0.0,1.0,1.0,1.0,1.0,1.0,0.0025008877289845,1.0,1.0,0.1739397895154831,1.0,0.0,1.0,0.0,0.0984751456315869,1.0,4.0,4.0,0.7297496179908247,0.8733789248958884,0.6147657605303984,0.0,1.0,0.178878504764248,0.5927824635626099,1.0,1.0,0.0998610885095763,0.0,0.1669023408729706,0.0998170481889771,8.281948128673108e-07,1.0,1.0,0.1562813998965022,1.5599141890569685e-09,1.0,0.0017789371405807996,1.7962768899666144e-08,0.06695353762319307,0.0,1.0,0.0,0.09961837578731442,0.4114608717875424,0.09999999999999985,0.0,0.4743410241331923,1.0,1.0,0.6072037474722105,0.019800502206692744,4.0,0.0089576542533068,1.0,0.0,0.0,2.0205124022932793e-05,0.0,1.2700397250930898e-05,0.0,0.0998044410926116,0.0,0.024141276100705173,0.0,0.0,0.0,0.637200796611078,0.0,0.0,0.0183492829069921,0.0,0.0,0.0,0.8539389900432037,0.0,0.3337618512052596,0.0,0.0,0.0,0.0,8.449362422828614e-06,0.0631909211454394,0.0,0.2498802145898904,0.0,0.7334672645389363,0.093020684259875,0.7014764996228956,0.0,0.200829230479555,0.0,0.0,0.0,0.0,0.0,0.0068623130448548,0.0,0.8819072189230686,0.651738015282822,0.09997422785604032,0.00014249849127447937,0.0,0.0,0.0,0.0,8.077001589551673e-05,0.0,0.0,2.3946712503311177e-05,1.0,0.0018398706965174591,1.0,2.4731966283349834e-08,0.006636839982712,0.0,0.7629925427697519,0.0,0.0,0.09999951417230468,0.3102150586992612,0.09724900249047799,0.0999999999999968,0.0,0.0,0.0,0.0,0.09999999998000486,0.0,0.0999841565845336,7.547163070850254e-07,1.0,1.0,1.0,0.5308251680962991,0.9735620831194522,0.6368459290592325,16.0,7.0,0.7167630057803468,0.16666666666666669,1.0,0.0,0.0,0.0,0.0,0.0,0.0,0.0,0.0,0.0,0.0,0.0,0.0,1.0,1.0,0.0,1.0,1
VAR_002825,0.0004640104797480763,0.2091130989980137,0.00881590195889518,7.047020966650876e-05,3.0898689187338013e-07,2.741174774821728e-13,0.0005410951053677885,8.948241334068717e-09,0.0002668220097494514,0.025625266237344582,0.05480639113673983,16.0,0.6800044086079646,0.27947805025039224,0.19628704381973788,0.05918424972321509,0.4113538426139981,0.4018343602913802,0.20652042866333492,0.0051702846314045205,0.4,0.02643921483166145,0.45530246876237257,0.4,0.4,0.4,0.7772357593761042,0.06001906865403839,0.04280154048580596,0.3638646495219325,0.0008832807156722775,0.011699362870877361,0.8,0.036521690078483784,0.6473528588164215,0.8,0.6,0.6,0.4,0.4,0.01906023377490208,0.6,0.7904951609280969,0.2119635065855654,0.8,0.6,1.0,7.0,0.03637265854641196,0.6,1.0,1.0,0.860612704404897,0.974343845490697,0.849672229266156,0.6,0.7782256025792836,0.22931912611748795,0.23846359139595869,0.6,0.45233829400825165,0.020126841987095436,0.8,0.020019139858737257,0.04938466111161375,0.05193230081712783,0.6,0.6,0.22423172999340218,0.1603904825218141,0.4,0.06683245991825186,0.04029718739471055,0.0018521673991783543,0.42307189756705493,0.3644722347619857,0.20512525481143076,0.104641468912009,0.4091719151224913,0.04029546564411585,0.10002013482625327,0.02410498600018724,0.47685316410523626,0.2,0.8,0.12704558931761764,1.0,0.0,0.9925629024993492,0.30901182022569007,0.0,0.02309974673999124,0.0,0.06268522094566312,0.0,0.0489625165438521,0.0,0.029768810260881656,0.0,0.3931003816792968,0.0,0.6,0.0,0.0,0.23928772586435781,0.0,0.0,1.0,0.4,0.0,0.4778904177987858,0.0,0.1963418010370827,0.0,0.5289939240555555,0.5721539315923475,0.07927237740701902,0.0,0.46088320498493635,0.0,0.6749713794471447,0.40957446624620153,0.38022201716759507,0.0,0.22100886520822122,0.7256444106270081,0.12616761288354428,0.0,0.05454499235628614,0.0,0.0590929445422552,0.0,0.44404292403435086,0.6317015085830819,0.07485294397367075,0.029083952329177227,0.0,0.6702160715505199,0.0,0.8,0.597443891432831,0.2621599421850408,0.0,0.48983326165497776,1.0,3.524870643708362e-07,0.2205012457903645,0.9999984171792851,0.863657454204777,0.0,0.0,0.0,0.0,0.00015572103579395295,0.0,0.0,0.0006645661776212,0.0,0.0,0.0,1.0,0.09999999998362426,0.719024333872244,1.4982583068675757e-11,0.006196161432127385,0.9989009476981268,0.9905570792551812,0.9866105683331766,0.9490287709594031,0.9945045127386853,0.9511632392273616,9.0,13.0,0.017341040462427793,0.0,0.3333333333333333,0.0,0.0,0.0,0.0,0.0,0.0,0.0,0.0,0.0,1.0,0.0,0.0,1.0,0.0,1.0,0.0,1
VAR_002859,0.051228699481513915,0.0006125248701380974,1.738720940436153e-08,1.0387549958550658e-05,0.006216273910156617,0.11853955626892777,0.07005002503449659,0.08069227009521077,0.0009001097707876667,0.0033916567028913023,0.020568321439180484,18.0,0.6800044086079646,0.29473074545249317,0.0511835289177545,0.07292017949209563,0.4313537201275134,0.24000090080516345,0.4065075890679346,0.0,0.0,0.0831335647181849,0.0,1.0,0.0,1.0,1.0,0.0070651589410967,0.0255397954758271,0.8801800689947623,4.534118948923791e-07,1.0209491863765454e-14,1.0,0.0998516446815123,1.0,0.0,1.0,1.0,1.0,1.0,2.0227206074557592e-06,0.0,1.0,1.0,0.0,1.0,1.0,3.0,0.0447805128137695,0.0,3.0,3.0,0.9357893673751441,0.8912416885642371,0.7608160436218903,1.0,1.0,0.9999999994351629,1.0,1.0,1.0,0.2664000000000001,1.0,0.1223324293051808,0.252071452410691,0.2858378034014355,1.0,0.0,0.0,0.0005211683279087,1.0,0.0999967368917121,0.0158104949580856,0.0005675879263352145,1.0,1.0,1.0,1.3766783595053143e-05,0.9984836826362828,0.03436414197239964,0.0,0.7004642072684951,0.0,0.0,1.0,0.05445656884983564,3.0,0.03523021642144815,1.0,0.3988090468919785,0.0,0.0999804461391791,0.0,1.3276411383948858e-22,0.0,0.0175541150270695,0.0,1.0,0.0,1.0,0.0,1.0,0.0,0.0,0.069023370287102,0.0,0.0,1.0,0.0,0.0,0.3558520039933442,0.0,0.6196274990772636,0.0,0.9137514541145224,0.7629263062454961,1.0,0.0,1.0,0.0,1.0,0.9905707543143121,0.0,0.0,0.590445741232842,1.0,0.0,0.0,0.2109691822634535,0.0,0.0923987960207126,0.0,0.4401924282239644,1.284610979866733e-08,1.0,0.30028648669482055,0.0,1.0,0.0,1.0,0.200513841281989,0.4463470870157562,0.0,0.9996485963866939,1.0,0.04970778253865501,0.0,9.126265781855494e-05,0.44282294043564296,0.0,0.3495461304854423,0.0,1.0,0.09999984310950959,0.0,3.603078066293478e-10,1.0,0.0,1.0,0.0,1.0,1.7685991899521972e-06,0.0,0.0975894699117195,0.09989469197989198,1.0,1.0,0.9955529856974552,0.8307021449576557,0.9765945391899415,0.9050578767200783,11.0,6.0,0.4219653179190752,0.5,1.0,0.0,0.0,0.0,0.0,0.0,0.0,0.0,0.0,0.0,0.0,0.0,0.0,1.0,1.0,0.0,0.0,1
VAR_003190,0.01938178819385002,0.010352596929311758,0.045323253558891,0.07009998586723616,0.00862999003473608,0.007409967146184298,0.013070534419702505,0.04119548099972319,0.007524876845462625,0.08090819498135304,0.08055274849812528,8.0,0.5765188214397367,0.4532703023353892,0.42146674041308446,0.24721333332341622,0.44991029052260223,0.25899176179966565,0.23896414779620187,0.7413407340962184,0.8,0.053123431228288054,0.21387033692184576,0.6,0.2,0.8,0.6,0.04223143460642108,0.020000426850593705,0.5492550685621564,0.05318915841782531,0.00398542255812321,0.6,0.059999869351934854,0.46316218599285774,0.6,0.4,0.6,0.49751930887710394,0.8,0.03237317322578878,1.0,0.4,0.7239792554830153,0.6,0.8,1.0,7.0,0.06696102900383806,0.8,3.0,3.0,0.7795557736714684,0.9355743966875805,0.7961641699236699,1.0,0.0,0.302549596669691,0.5243666162882069,0.0,1.0,0.047387058426915096,1.0,0.0877577858245916,0.0904228461947973,4.524463574306502e-05,1.0,1.0,0.0,6.639551865083037e-08,1.0,0.9117099999963608,0.1390795595588328,0.0013626977553955087,0.6414067806876479,1.0,0.0,0.03169542111487803,0.5348773740697725,0.09999998364979795,0.4510269682498178,0.0761127730269362,1.0,1.0,0.6,0.027836210960372004,3.0,0.006783896869185372,0.6,0.4150086640813496,0.0,0.2599213542143849,0.0,0.2572208231030033,0.0,0.25274184262432187,0.0,0.43038687151815075,0.0,0.871217147398497,0.0,0.6132984189490285,0.0,0.0,0.055141096060454343,0.0,0.0,1.0,0.6,0.0,0.29438461550803624,0.0,0.48283934103559556,0.0,0.7827502908229045,0.4188628056760763,0.45920730668017057,0.0,0.5378036734945808,0.0,0.8,0.7010166138229011,0.23825804285957347,0.0,0.499984811205607,1.0,0.33000831134696373,0.0,0.2963886481443964,0.0,0.256055980600408,0.0,0.2880384856447929,0.5975989961364627,0.44955708054997245,0.08025192377850354,0.0,1.0,0.0,1.0,0.8272939157646747,0.3395278394995439,0.0,0.5619534997527895,0.6,0.006824385300735942,0.9504441410322284,0.5339856849245699,0.8636201330602584,0.0,0.4748518652840922,0.0,0.4608061067999934,0.04284314047723108,0.6490437328732594,0.5800922791774956,0.08034942191084693,0.0,0.6,0.0,1.0,0.019877664822083595,0.6785573936730103,0.046359257015943164,0.05213333087536811,1.0,1.0,0.9810457907108978,0.5196903253776636,0.9514862126894665,0.987499621276224,11.0,6.0,0.4219653179190752,0.5,1.0,0.0,0.0,0.0,0.0,0.0,0.0,0.0,0.0,0.0,0.0,0.0,0.0,1.0,0.0,0.0,0.0,1
VAR_003018,0.01104651795792861,0.05433713947148628,0.0042725104626476626,0.008907217950654871,0.0530918530790077,0.0033112761483141645,0.010821729415921143,0.004117703830928806,0.0033545610905092284,0.2068046072724543,0.02635311410651485,8.0,0.64193490811921,0.14796769388463654,0.21800912302219616,0.062418233900271736,0.23041688852810988,0.26000086265886274,0.3994342032575549,0.5414410206280339,0.557071065467192,0.07915871552431597,0.2886978081157821,1.0,0.4,0.6,1.0,0.4344179686627273,0.0248504445522809,0.5966520981212092,0.0385281859036748,0.071734953153098,1.0,0.041942581465756024,0.8887006622010624,0.6,1.0,0.8,0.7705924628438167,0.8,0.08065248949012138,0.8,0.9865680014921729,0.4,0.6,0.4,0.8,7.0,0.43956321718401714,0.8,3.0,3.0,0.980531353750276,0.9960988081205278,0.8518921075889807,0.0,1.0,6.92782138221643e-05,1.0,0.0,0.0,0.099999935848851,1.0,4.812665084435514e-06,0.0071993611899443,0.0999994822116024,0.0,0.0,0.0,0.0999721561610658,0.0,0.09999992629771,0.0999918695254196,0.0007975648011326479,0.0401123289335045,1.0,0.9664774311371752,0.09999999999594944,0.8765589270853084,0.09911001828739596,0.6428857935999099,0.0999993452603731,0.0,0.0,0.8,0.15750577606143154,3.0,0.0032154028464827684,0.6777361793736938,0.040327260460121715,0.0,0.222886003101956,0.0,0.20023854423568035,0.0,0.071043044243373,0.0,0.02401043575647347,0.0,0.5527023785354384,0.0,0.6466110332162927,0.0,0.0,0.21999990351856677,0.0,0.0,0.8,0.48046984846841767,0.0,0.20534870325873494,0.0,0.37871592290247813,0.0,0.3355076503946763,0.5998830981877473,0.032646078032353795,0.0,0.6,0.0,0.4,0.6885909355586917,0.400855712068317,0.0,0.17263693737454883,0.6,0.4,0.0,0.41732343249721343,0.0,0.25993810136337847,0.0,0.37976384259194684,0.604269670509229,0.059678928623557254,0.00158637528402575,0.0,0.6,0.0,0.68221554072664,0.8854467843399663,0.7132274070361109,0.0,0.4115330734274784,1.0,1.9746014992951064e-07,0.0,2.087475355396923e-05,0.9871834525047091,0.0,0.0,0.0,0.3022275230230637,0.09997806098959244,1.0,0.391095910717543,0.0999974191616649,0.0,0.0,0.0,1.0,9.773396629528666e-07,0.3712228952663771,0.0993136381456839,0.07079018126639608,1.0,1.0,1.0,0.7575822107316759,0.9580512421345415,0.9958692760403665,0.0,22.0,0.6184971098265897,0.5,0.6666666666666666,0.0,0.0,0.0,0.0,0.0,1.0,0.0,0.0,0.0,0.0,0.0,0.0,1.0,0.0,0.0,0.0,0
VAR_002577,0.026436357531383067,6.978280916265568e-10,0.02943315658991166,0.0036209154068725805,7.0809306785252975e-15,5.5691851225846896e-05,0.02794910516640284,0.01785466551784975,0.004471434314772122,8.871249249227809e-07,0.005995657469710557,16.0,0.7148582410280839,0.2043913421544336,0.19313105675376754,0.2330723733389214,0.05165258927162582,0.4018357139295047,0.41897552355602535,0.0,0.1279998992271587,0.0945984277635063,0.3051830530525597,1.0,1.0,1.0,0.0,6.868884949090746e-11,0.099625935558171,0.3004462273429802,0.0172829622257154,0.013814246204038127,0.0,0.0995810570102875,0.0,1.0,0.0,0.0,0.2010940475271371,1.0,0.0994379420082835,0.0,1.0,1.0,1.0,1.0,1.0,5.0,3.3685490205185853e-06,1.0,2.0,2.0,0.7441750910629499,0.9519905890727984,0.8326431732194836,0.0,1.0,0.99163675460246,0.0,1.0,1.0,0.4360500000014325,1.0,0.1248901322471615,0.4360751403617909,0.0004602053711644,1.0,0.0,1.0,0.1170909953839593,1.0,0.1523786998535878,0.0950299557314182,7.932984684355327e-05,1.0,1.0,1.0,0.1481589999999861,0.7500432036110769,0.09956895763042106,1.0,0.1201647917213601,1.0,1.0,1.0,0.014850151210462147,2.0,0.013444422652398475,1.0,1.0,0.0,0.0999994891375723,0.0,1.2863170568462216e-05,0.0,0.0999999999999999,0.0,0.0999999990813498,0.0,0.4172453619303522,0.0,0.5723764451640094,0.0,0.0,0.0999999999423322,0.0,0.0,1.0,0.0,0.0,0.0,0.0,0.0,0.0,0.3378098707868744,0.030347897947774,0.0999992652951994,0.0,0.0,0.0,0.0,0.9874435339731511,0.7822975203368383,0.0,0.075213770191058,0.0,0.0,0.0,0.1773986537997594,0.0,2.6074918419302707e-18,0.0,1.0,0.163100612283281,0.09999997377922532,0.011304472182580844,0.0,0.3795883680648229,0.0,1.0,0.9999837566199581,0.0,0.0,0.9993760168627499,1.0,0.03235713628994485,1.0,0.0007458111529962878,0.473100655718855,0.0,1.0,0.0,1.0,7.885323091732506e-06,0.0,0.010613943892941,0.0738236355174622,0.0,1.0,0.0,1.0,0.09999907676895677,1.0,2.3423157016413008e-08,1.3979516945132577e-15,0.9989206203718146,1.0,1.0,0.6421981077917305,0.9576458135649261,0.7010451953539725,16.0,12.0,0.8497109826589596,0.33333333333333337,0.16666666666666666,0.0,0.0,0.0,0.0,0.0,0.0,0.0,0.0,1.0,0.0,0.0,0.0,1.0,1.0,1.0,0.0,1
VAR_002598,0.031221708040857783,0.0037309179789015417,0.05592314157376511,0.009279469429260888,0.0021349658046407862,0.011477855229240348,0.02187984096381931,0.01493054556029918,0.0005102322517919594,0.02247636762804716,0.010928912773432607,8.0,0.7765188214397367,0.4886984482237298,0.25118352891775453,0.23292131767419466,0.45000721560682855,0.24000000132660826,0.22648040380647025,0.5418054675177482,0.4,0.05670847980760566,0.5133062904099537,0.2,0.6,0.8,0.7685584611699481,0.03985197831944465,0.04037249372161843,0.3395091492017227,0.05376665019291238,0.020193910612786314,0.6,0.037126953556175304,0.4,0.8,0.4,0.6,0.6061264577772235,0.6,0.23401233060403914,0.8,0.4,0.6196526150701941,0.8,0.8,1.0,7.0,0.07095700319207482,0.8,1.0,1.0,0.8551149211017235,0.9760957293815649,0.7909462371190439,0.2,0.6,0.5538481469732801,0.1829453218900714,1.0,0.5415622632507557,0.3603197096794704,0.5228669898530647,0.08594539726396323,0.32018141441325665,0.04207287325588903,0.4,0.47220517070100565,0.6449570928678895,0.07230113824761328,0.2,0.08417888558851529,0.05023724251497944,0.015035578970759286,0.7626580415700526,0.5870543023153235,0.2,0.07503099414119617,0.3572368672393106,0.0490348986285067,0.4493610757410547,0.08645459092400634,0.4146779046936905,0.2339320059340662,0.4,0.04650872893291135,1.0,0.08142173726279625,0.6,0.28999481582695175,0.0,0.21916748702588779,0.0,0.09850876518464788,0.0,0.45918435411683206,0.0,0.06366659503186983,0.0,0.524210776635228,0.0,0.5576070336865063,0.0,0.0,0.041335778884746356,0.0,0.0,0.8,0.5117215737261597,0.0,0.33612623674583075,0.0,0.15172679245651127,0.0,0.8021002318973929,0.8318771407535737,0.06957623269140197,0.0,0.2226633501903696,0.0,0.6,0.6824085820943524,0.26298394608174713,0.0,0.3161155368935664,0.8,0.4686396463041424,0.0,0.2,0.0,0.03805529904751434,0.0,0.4,0.6035896280854793,0.0812572221937851,0.004081706191234315,0.0,1.0,0.0,0.8,0.7977173360838591,0.3234922006237909,0.0,0.37295136278212687,0.6,0.02610050847088483,0.5504441410322285,0.6803941667623996,0.8598221169519935,0.0,0.536365221394974,0.0,0.5752933452192146,0.040106900654584936,0.24904373287325948,0.39174295779143964,0.23946322091463865,0.0,0.6,0.0,1.0,0.039925308081859824,0.6192489521195851,0.05976739051154917,0.07997683009701326,1.0,0.9607624545737417,1.0,0.9378910849268397,0.9910101777786862,0.9486094846370285,6.0,3.0,0.46242774566473993,0.16666666666666669,0.3333333333333333,0.0,0.0,0.0,0.0,0.0,0.0,0.0,0.0,0.0,0.0,0.0,1.0,1.0,0.0,0.0,0.0,1
VAR_002691,0.017307811598317215,0.010400361041940424,0.04121521439871765,6.06026705149351e-05,0.07545573576470421,0.0016790596954704147,0.009772775016056074,0.007492826295440727,0.014664356188342805,0.04350419772743897,0.1254731163728584,8.0,0.8,0.18823930282781415,0.2678067394025019,0.20889589032035807,0.6191508038401308,0.05899311543614995,0.26305394533749615,0.2,0.543142430181673,0.048741641943454615,0.2,1.0,0.2,1.0,0.387608817405651,0.058590981180459356,0.06073653948169159,0.44332896118472176,0.0512155555431697,0.019738969093231813,0.6,0.07042029177730424,0.6,0.630187488380183,0.8,0.4,0.41670095246039,1.0,0.2079085327143111,1.0,0.6,0.4845356332796548,0.4,1.0,1.0,7.0,0.08654401704887298,0.4,1.0,1.0,0.8889793535562955,0.9936871080070582,0.7338757243503817,0.759380699615894,0.8,0.5967651656983015,0.2481992751209557,0.6,0.15607069053440964,0.257460986711137,0.8,0.0801759114048393,0.2750580860787998,0.15273438011246623,0.4,0.5219447700919035,0.38506588850423573,0.153009561324905,0.6,0.1127520445099551,0.07018565945103657,0.0012244473019227236,0.283185118457888,0.5030324471316148,0.5341214335150998,0.19949725458461734,0.4950425290063497,0.006028412344679915,0.5587129889483167,0.08297139608191402,0.23183351183410875,0.2,0.4,0.033973098701249864,1.0,0.043868744129214994,0.6093721828863015,0.5108541292641892,0.0,0.22034858633532345,0.0,0.25630982985795325,0.0,0.08650358919198119,0.0,0.24213108666242428,0.0,0.5053232972673553,0.0,1.0,0.0,0.0,0.03591729291790518,0.0,0.0,1.0,0.4,0.0,0.5167456292630341,0.0,0.41001462246754966,0.0,0.3422277673072016,0.31763654726956103,0.22541727058294314,0.0,0.8,0.0,0.8,0.4005179976371137,0.5733193211922283,0.0,0.5096236073660058,0.8,0.2,0.0,0.4386824027016235,0.0,0.25826078360448784,0.0,0.6,0.4885150745216138,0.25726831216147994,0.025169337691447618,0.0,0.6134758076976032,0.0,0.8,0.7231175267859968,0.5359226920867256,0.0,0.799819198456387,0.8,0.00786490316451081,0.5599986912125614,0.4046355500333888,0.9287029405520543,0.0,0.5351910027995347,0.0,0.7858006060807068,0.03946296047050633,0.4,0.8383696968256815,0.059172383136416165,0.0,0.6,0.0,0.5609300450794807,0.05135724404319965,0.5205024041496245,0.05439945748576851,0.08178394841310314,1.0,0.9633509951994428,0.98093460900715,0.8880797570325265,1.0,0.9445908296380112,23.0,4.0,0.35260115606936415,0.0,0.3333333333333333,0.0,0.0,0.0,0.0,0.0,0.0,0.0,0.0,0.0,0.0,0.0,1.0,1.0,0.0,0.0,0.0,1
VAR_002987,0.005849911091724894,0.0076834636368895565,0.014860279663711442,0.0006906428323794526,0.00012104707739823293,0.01932107688572202,0.006514002756720033,0.028414892017570914,0.09056984580586572,7.154631426414934e-05,0.007064110241583082,28.0,0.5148582410280839,0.21810220378841272,0.36341426824909756,0.06779811067246269,0.23231179527988638,0.4208261207643817,0.4190015606502275,0.0,1.0,0.0999064277891606,0.0,0.0,1.0,1.0,1.0,0.0998139607436184,0.0011092345418186,0.0,0.0754290295987268,6.507591371160637e-15,1.0,0.0999999998959498,1.0,1.0,0.0,1.0,0.0,1.0,9.480109066216196e-06,1.0,0.7615907387709013,0.2533987893635329,1.0,0.0,1.0,5.0,0.0965450369469072,0.0,2.0,2.0,0.8600921620423341,0.9425270171337838,0.830575812128835,0.0,0.0,0.006323495565717,1.0,0.0,1.0,0.0999942732715008,1.0,0.0999999998944256,0.0099138470270605,0.0697590563858767,1.0,1.0,0.0,0.0872687738853674,0.0,0.0176798501406093,4.5046354849104536e-05,2.2742510608792734e-07,0.0,0.1832762192565488,0.0,0.042230168387166596,1.0,0.08931471813266084,0.4176692909476105,3.5937656114243365e-05,1.0,0.0,0.0,0.009902791785001357,2.0,0.0124967321849362,1.0,1.0,0.0,0.0007832917764124,0.0,0.066922733014744,0.0,0.0001564749846912,0.0,0.0004387977073697621,0.0,0.0,0.0,1.0,0.0,0.0,0.0999999975121952,0.0,0.0,0.0,0.0,0.0,0.253916937645145,0.0,0.0,0.0,0.0829453904180637,0.624226947966107,8.677230952267146e-06,0.0,1.0,0.0,1.0,0.0009138540084701137,0.0,0.0,0.999581401145324,1.0,1.0,0.0,0.4209788073300215,0.0,0.0013004671873658,0.0,0.0,0.999999974858463,6.401451846784376e-11,0.000100519135022116,0.0,1.0,0.0,1.0,0.999999999996214,0.3312460794473533,0.0,0.9762533478878226,1.0,0.009078799463325267,0.0,3.361685322512326e-06,0.00045822042867309183,0.0,0.3685916605917027,0.0,0.0,0.10000000000106149,1.0,0.563573274892112,0.0995020257848834,0.0,1.0,0.0,0.0,0.03963196660452494,0.0,0.0999998258057851,3.584004756072692e-11,0.999624931195936,0.9236501837472594,0.9934388549333396,0.4067360526336744,0.9174382869137263,0.5485468912318987,21.0,11.0,0.4566473988439307,0.6666666666666666,1.0,0.0,0.0,0.0,0.0,0.0,0.0,0.0,0.0,0.0,0.0,0.0,0.0,0.0,1.0,1.0,0.0,1
VAR_002710,0.00036477315055836166,0.004728809911526451,2.0130973521182754e-05,1.339224138282931e-11,2.221507841149393e-12,0.003038664957920371,8.307899557169374e-07,0.01429542212339137,0.010248264163498324,0.12065470942170164,0.0040326043999243805,9.0,0.6419349081192098,0.14794916297975785,0.21800912302219616,0.23875049365060755,0.23059771152048164,0.24000221563796725,0.2358048785378724,0.0,0.0,0.0999999996987797,0.0,1.0,1.0,1.0,1.0,0.0941059802353401,0.0002337217694161,0.0,1.4740089325609982e-06,0.05225385354388079,1.0,1.0832523886021506e-09,0.0,1.0,1.0,0.0,0.0,0.0,2.9271143348558987e-10,0.0,0.0,0.0,1.0,0.0,1.0,5.0,1.452441736361542e-08,0.0,2.0,2.0,0.9025924306320168,0.9707337171080472,0.8477875336521912,0.2,0.4,0.801267693273914,0.2,0.6,0.24891520524720337,0.08001925614210807,0.4,0.08879392712401227,0.04008441035566306,0.05893655592647604,0.4,0.4,0.39792043208522815,0.03832730437700592,0.41159997735516785,0.26990769463438685,0.10916625923344378,0.0030453930419265538,0.19187137835510382,0.7034139661312006,0.21737693483588902,0.057403123297295806,0.19750896812879176,0.05896608545640962,0.13630755708009717,0.10323960181017369,0.5415019834433428,0.8,0.8,0.11258159912381555,2.0,0.004403299855758852,0.6451123101867884,0.2064565829081709,0.0,0.4179173041597986,0.0,0.2399999965474806,0.0,0.21015009073817487,0.0,0.028876229818069886,0.0,0.6,0.0,1.0,0.0,0.0,0.23997718602209112,0.0,0.0,0.5684800132131109,0.5684768670649528,0.0,0.5194604150091022,0.0,0.41000456603499363,0.0,0.6463209396647807,0.606288365161113,0.022705791291466538,0.0,0.7033666173353564,0.0,0.6,0.6885898718833432,0.5021371000191654,0.0,0.5684580842029174,0.8,0.43070313749497824,0.0,0.4026048280784549,0.0,0.23921209978332775,0.0,0.26170772630284955,0.675527088651438,0.059577011442693235,0.019840478198900953,0.0,0.6545550563355763,0.0,0.4822155407266401,0.5990421115424399,0.40257794849698464,0.0,0.9404867043184381,1.0,0.027533729626940052,0.0,0.961222255773128,0.0011406898826239998,0.0,0.0,0.0,0.0,0.0017053345626818017,1.0,3.2821885369842643e-12,3.513770556275365e-08,0.0,0.0,0.0,0.6607945526611534,1.3495386273948681e-08,0.0,5.761011358828779e-13,0.0008916860509415848,1.0,0.9899479232062534,0.9857631476367422,0.7543301724677284,0.9105371752792675,0.8083622609141259,7.0,17.0,0.2427745664739885,0.16666666666666669,1.0,0.0,0.0,0.0,0.0,0.0,0.0,0.0,0.0,0.0,0.0,0.0,0.0,1.0,1.0,0.0,1.0,1
VAR_002622,0.0030782664824687165,0.003634882524430837,7.335087874613949e-10,0.06994366625412311,0.0018687167626951422,1.7671613388792538e-06,0.0027062978700308324,0.0003840464445033242,0.005059963979680121,0.049346902356115205,0.0015898217634141305,19.0,0.6800044086079646,0.23033904272807232,0.19628704381973788,0.2387505280388954,0.2305977115215113,0.4018357139295604,0.21897813555886428,0.32399847006203386,0.4,0.06064845212433519,0.17366918877403328,0.8,0.5919305049203628,0.8,0.4473166810977446,0.047403045263538356,0.020764418577995207,0.3943486031993328,0.01951202804598526,0.03805880937130287,0.8,0.2524395210989721,0.8,0.4,0.2,0.8,0.4,0.2,0.036167765144849345,0.8,0.6,0.4625738190241292,1.0,0.6,0.8,7.0,0.2399323620426574,0.6,4.0,4.0,0.7494823911800601,0.9243851397552296,0.8459136378976551,0.0,1.0,0.999675331155514,1.0,1.0,0.0,0.009802075143698595,0.0,0.0455699406745606,0.0990423340014455,0.0237122855423977,0.0,0.0,0.0087585998891081,0.0012849728321191,1.0,0.0999999999874564,0.7539455642917481,0.022410568428407936,0.0,0.0,0.0,0.711186096338487,1.0,1.3072244207481431e-12,0.0,0.0747637855683696,0.0,1.0,0.6,0.03840905452505352,4.0,0.024311774007413432,1.0,0.0,0.0,8.273545803405148e-05,0.0,0.0004986009906292,0.0,0.0066070771383166,0.0,0.09979315797910909,0.0,1.0,0.0,0.0,0.0,0.0,0.9000135916101715,0.0,0.0,0.0,0.0,0.0,1.0,0.0,0.0,0.0,0.1519555372303936,2.8323619146974663e-05,0.0999999999651884,0.0,1.0,0.0,1.0,3.907275538866787e-08,0.8377240457657451,0.0,2.1642901062448573e-05,1.0,1.0,0.0,0.7810329780884288,0.0,7.300473376092823e-08,0.0,0.0,0.999984340507571,0.09999999453117682,1.8677434445713874e-07,0.0,0.5535449148123874,0.0,0.0,0.9999999998155271,1.0,0.0,0.04959981107362893,0.0,0.0023002925692203495,0.983498098970864,0.9999999999999989,0.5589852118286049,0.0,0.0,0.0,1.0,2.9106095832803623e-05,0.0,0.018592678017916,0.0025984648401005,0.0,0.0,0.0,1.0,0.09998832988419966,0.2523917962726798,0.0986676152835064,0.00013151420308698476,0.9972684310212016,0.8958424336897018,1.0,0.83088671470683,0.9300492640632363,0.806761928766274,10.0,17.0,0.4450867052023122,0.8333333333333333,0.3333333333333333,0.0,1.0,0.0,0.0,0.0,0.0,0.0,0.0,0.0,0.0,0.0,0.0,1.0,0.0,0.0,0.0,1
VAR_003058,0.003893662825254867,5.918692774344369e-07,1.9479862737485255e-16,0.29639902157894277,0.005443972769462567,0.000165004844791095,0.0043339525082457635,3.9663759996596244e-05,0.008116002279280648,0.02429083003933891,0.02821424657184896,28.0,0.5148582410280839,0.21810220378841266,0.36341426824909756,0.06779811067246269,0.23231179527988638,0.4208261207643817,0.4190015606502275,0.0,1.0,0.0999966251464388,0.0,0.0,0.0,1.0,0.0,0.0002785289322692,0.0018895667596808,1.0,0.0999874768451343,0.025127795706407656,1.0,0.0016850877519028,0.0935545997355347,1.0,1.0,0.0,0.1854983812279619,0.0,8.035148027280744e-07,0.0,1.0,1.0,1.0,1.0,1.0,3.0,0.0999998744562425,1.0,3.0,3.0,0.9124054747285535,0.7952944657449731,0.7737854067147656,0.0,1.0,0.999883765398717,1.0,0.0,1.0,0.00014249348042809454,1.0,2.2059601837432439e-10,0.0999963974754792,4.422830903668083e-05,1.0,1.0,0.0,0.0730885648414099,0.0,0.0999967414929221,0.3296372598320024,0.007861598854630456,0.0,0.3981837313546243,1.0,0.09999999999995274,0.3206422299939563,0.09986654480211896,0.2478915586368519,1.6540714029674845e-05,0.0,0.0,1.0,0.009900136938800989,3.0,0.09925454555450589,0.0,0.8799496720769779,0.0,0.090501173674965,0.0,0.0114002383424974,0.0,0.099998986050181,0.0,0.032040630950923576,0.0,0.1562985253927306,0.0,0.8406817188752012,0.0,0.0,3.931172496186e-09,0.0,0.0,0.0,0.5403348037262652,0.0,0.0,0.0,0.0,0.0,0.0,0.00017456879840296177,8.480901497731127e-07,0.0,0.7673550285993574,0.0,0.8,0.5985866595141138,0.2133677991144118,0.0,0.999997442182607,0.0,0.0,0.0,0.5746401267829223,0.0,0.0514851093041985,0.0,0.0,0.014446532020931,0.001109915280624485,9.735828813197592e-08,0.0,0.2068333786929096,0.0,0.0,1.0530505821924237e-05,0.0,0.0,0.9978629327475039,1.0,0.007339825363799276,1.0,0.0005710148588314115,0.999999901136019,0.0,0.0,0.0,0.0,0.0999917025999802,0.0,0.99999999995048,1.589454390555623e-07,0.0,1.0,0.0,1.0,0.09863613465753186,0.0,0.0599384884960141,6.532462130101427e-09,1.0,0.4116358766378842,0.9386878842388536,0.31685976445669384,0.603475110925167,0.4121525880631648,4.0,5.0,0.47976878612716767,0.8333333333333333,0.6666666666666666,0.0,0.0,0.0,0.0,0.0,0.0,0.0,0.0,0.0,0.0,0.0,0.0,0.0,1.0,1.0,0.0,1
VAR_002613,0.06350503712973601,0.009093066461334837,0.02985409071502411,0.20078530981312154,0.1416860165592389,0.03275684847034833,0.05145244563393513,0.08506885780528092,0.06453912735604331,0.2309355488998942,0.24621840339804396,8.0,0.738449320950982,0.3419353966558733,0.41800912302219617,0.22241937208237078,0.24907038400742493,0.2599999631803075,0.21940701799609053,0.5414410206280339,0.23968084483173052,0.0796371761447845,0.4,1.0,0.6,0.8,0.8,0.4298799162275163,0.02477503217605216,0.44470546409445755,0.07840173836151834,0.07442682264221018,0.6,0.04201367599343556,0.6887006622010624,0.6,1.0,0.8,0.7705924628438167,0.6,0.06070191852735647,0.6,0.6,0.4,0.8,0.4,1.0,7.0,0.25960618863134294,0.4,2.0,2.0,0.8171768925555576,0.9761596151348013,0.8488974548797061,0.0,0.0,0.000689220680368431,0.0,1.0,0.0,6.169839591985757e-16,0.0,0.0997979124000829,0.015337990013416,0.0999967648952248,0.0,1.0,0.0,0.0999999955351644,0.0,0.0025761990310291995,5.765349919205719e-10,0.0002997589598443665,0.2663814146825543,0.0,0.3410748537642606,0.33471803930863525,1.0,0.08951282139945145,0.2915267560411991,0.0048559056731525,0.226635305667308,1.0,0.8,0.12228371648997931,2.0,0.0009967963533664829,0.6451123101867884,0.24032726046012173,0.0,0.2263800375127359,0.0,0.2200020320312889,0.0,0.07096652799144317,0.0,0.02267117908323869,0.0,0.5245044123810655,0.0,0.8466110332162927,0.0,0.0,0.22000010307067877,0.0,0.0,0.8,0.6234509699062071,0.0,0.20534870325873494,0.0,0.41505101652457366,0.0,0.5355076503946763,0.4182387576898917,0.02886175490882973,0.0,0.6,0.0,0.4,0.6885898483008772,0.24720212881237588,0.0,0.3722950434696428,0.8,0.4,0.0,0.27401355975949565,0.0,0.2599396680391005,0.0,0.27513381337778237,0.40429215664693013,0.07585719741433052,0.0015861999550468371,0.0,0.6,0.0,0.68221554072664,0.6955530158699705,0.5132274070361109,0.0,0.41155261095829765,1.0,1.2718369945924856e-05,0.0,7.590659842813369e-14,0.072830339168482,0.0,0.4896646634069732,0.0,0.0,4.861632798990839e-07,1.0,0.353925180071015,0.0050953263934167,0.0,1.0,0.0,0.0,0.09999999999882467,1.0,0.0999988444190044,2.1781746553297787e-07,1.0,1.0,1.0,0.6347667287049734,0.9282005148868491,0.8150255208303119,0.0,19.0,0.32947976878612717,0.6666666666666666,0.6666666666666666,0.0,0.0,0.0,0.0,0.0,0.0,0.0,0.0,1.0,0.0,0.0,0.0,1.0,0.0,0.0,0.0,0
VAR_002659,0.0004095376795842069,3.533254125457527e-14,1.6609908649658355e-09,2.28856924784915e-06,0.00012826950322897054,0.01080453151766106,1.8865761396155886e-09,0.0009850449654375364,0.0052556309008168645,0.03705852721734984,0.02761955387551554,30.0,0.6800044086079646,0.33205066863426563,0.19628704381973788,0.07248649218750373,0.23135372012854305,0.42183436095381527,0.4000599885411503,0.6,0.4,0.06007387094806489,0.42391575520701286,0.6,0.4157973015097519,0.8,0.2,0.0513095638895575,0.023030279143616682,0.2510046204643646,0.07869081395479549,0.030102997774078197,1.0,0.0204106309542411,0.6187109199471069,0.6,1.0,0.4,0.43709967624559243,0.2,0.039746453155311126,0.6,1.0,0.7053037876488978,0.8,0.8,1.0,7.0,0.037149399953841845,0.2,4.0,4.0,0.7095909308869739,0.9487883436509403,0.7610246610065183,0.4,0.8,0.4239611735547204,0.6,0.4,1.0,0.049395908183635345,0.8,0.022530148642033083,0.07917168710165523,0.12514501363268082,0.4,0.4,0.1661603985856454,0.16794105921706626,0.39371235644792213,0.16896395384822616,0.25909442106429914,0.007918541533574174,0.5974061095359685,0.2796367462709249,0.7270275675538452,0.34922624427149185,0.5584926445628698,0.060729247728911265,0.04957831172737038,0.020119009519482787,0.28506333307107,0.6,1.0,0.11963618909007255,4.0,0.002940704562249778,0.2,0.49300744351969394,0.0,0.05789884432254318,0.0,0.22228175003121656,0.0,0.09746831034652885,0.0,0.048467192587537164,0.0,0.40501991747378285,0.0,0.6406817188752012,0.0,0.0,0.22008578484442265,0.0,0.0,0.8,0.378019459190108,0.0,0.11398518196767464,0.0,0.2,0.0,0.25598269566214954,0.5671660088870405,0.06254684636941357,0.0,0.4447272491471731,0.0,1.0,0.3988467546404516,0.2441496316124831,0.0,0.6073582037548642,0.3944803769741639,0.6718253053354915,0.0,0.41145538706989654,0.0,0.24519225397185393,0.0,0.01822479049570888,0.601320656342715,0.0798603496007442,0.00019425674026534074,0.0,0.2413666757385819,0.0,0.8,0.2130004271345961,0.36052201426122005,0.0,0.7921784860939025,0.0,0.00046007683620105563,0.0,0.011477926693541,0.9964497146114,0.0,0.1239054255825007,0.0,1.0,0.053910177844184254,1.0,0.327041419038496,5.8496945223570287e-08,0.0,0.0,0.0,0.0,1.2919755784238467e-07,1.0,0.0006426163093279,0.08293672052040689,0.9770744232875874,0.3172711845132643,1.0,0.5786037870933,0.935770202651854,0.7776803457966532,5.0,7.0,0.6589595375722543,0.16666666666666669,0.3333333333333333,0.0,1.0,0.0,0.0,0.0,0.0,0.0,0.0,0.0,0.0,0.0,0.0,0.0,0.0,0.0,0.0,1
VAR_002864,0.0003645657682817821,5.322494762622857e-07,0.001024605897163219,1.847787049696271e-05,8.877202692660604e-05,0.002732663669365921,0.00284662157633856,0.0037036461436320213,3.15900582714057e-13,1.0777524914597457e-05,0.006056838781703263,28.0,0.64193490811921,0.23440809368385018,0.3631126379241795,0.05875052803033539,0.21135384261399812,0.42183432214843863,0.2168995711155588,0.0,0.0,0.0999999999347621,0.0,1.0,0.0,0.0,1.0,0.0999913801337012,0.0223699802023245,0.0,0.0011358733593044,6.070135175365889e-08,0.0,0.0999999999999967,1.0,1.0,1.0,1.0,0.2334522709822415,0.0,0.0013453644079511,1.0,1.0,1.0,1.0,1.0,1.0,3.0,0.0988991168192046,1.0,3.0,3.0,0.933619206501815,0.9968453102412739,0.8516013635633854,0.4,0.7384181601933895,0.4584598672924706,0.6,0.6,0.29610810510061436,0.22170861391376934,0.8,0.0755948573882408,0.21740796000756601,0.08201730757950569,0.8,0.4,0.2793386458067188,0.06504825868821089,0.6,0.2826141711122207,0.046955008718184574,0.005473128511092805,0.4804419750696704,1.0,0.36480329963465474,0.09155592731480737,0.39244478583813003,0.06062859971057762,0.35396235045475943,0.13834218434757267,0.7102439129246453,0.2,1.0,3.889989749271492e-05,3.0,0.008422814800558339,1.0,0.0,0.0,0.0328675991242875,0.0,0.0999999321685321,0.0,2.615925598013704e-06,0.0,0.099105490359773,0.0,0.0,0.0,0.8740925633114207,0.0,0.0,0.0999990964102494,0.0,0.0,0.0,0.0,0.0,0.0,0.0,0.0,0.0,1.0,0.9997356131360929,1.3992164384148994e-06,0.0,0.0,0.0,1.0,0.999112565413923,0.5212549106520205,0.0,0.984928629706536,0.7880566645993807,0.4388462244726634,0.0,0.0,0.0,0.0054743789852551,0.0,0.0,0.999999877184552,2.4588014786970793e-10,0.012179357065071705,0.0,1.0,0.0,1.0,0.009055985380389,0.1822435167543196,0.0,0.9999911198741279,1.0,0.001869111698986293,0.0,0.029376553973423,0.818656084720743,0.0,0.0929564831654758,0.0,0.0,0.09999974827472759,0.0,0.7696815268923569,0.0999999999971541,0.0,1.0,0.0,0.0,0.00019349925127483492,0.1004035825628391,1.83715117512498e-11,0.00013874495340688477,1.0,0.9891974087416364,0.972106211038692,0.9854050284157402,0.9730595725773108,1.0,0.0,22.0,0.6184971098265897,0.5,0.6666666666666666,0.0,0.0,0.0,0.0,0.0,1.0,0.0,0.0,0.0,0.0,0.0,0.0,0.0,1.0,1.0,0.0,1
VAR_002763,0.0008630919845737035,0.006969910586899374,4.5661188822830105e-06,0.0007324038725821074,3.1546206267156587e-15,6.940895144826729e-10,0.0031860109820269454,0.0015418271904521325,7.87913499088342e-06,0.14076660891412046,0.0008503542069036068,16.0,0.6767887405393292,0.1067672981088969,0.35995665085820916,0.04300414943141721,0.03147188876470906,0.42183432214502353,0.3994444308501162,0.6,0.557071065467192,0.23975215984720433,0.2886978081157821,1.0,0.5158168464465412,0.8,1.0,0.25802946058575643,0.05235102109911828,0.4618531558179228,0.02545204004708504,0.022684678034755226,1.0,0.060099504050013984,0.8,0.8,1.0,0.6,0.43712595059985926,0.4,0.24166814189631358,0.6,0.9865680014921729,0.43281495311218804,0.6,0.2,0.6,7.0,0.6179860426507048,1.0,3.0,3.0,0.7980574026953702,0.9751868720200512,0.8599080451364725,0.0,0.0,0.186629977751811,0.0,1.0,0.0,0.06595033318514,1.0,0.0678192632519814,0.0999999999977941,6.555691977090948e-05,1.0,1.0,0.8868561285408477,0.133777201464417,0.0,0.0999999859315335,0.0999997253263594,1.0476581635578592e-10,0.0792911774018576,1.0,0.6511990231169212,0.0010745999999942609,1.0,0.09999385192828196,0.0,0.0997451358252537,1.0,1.0,0.8,0.16843258963386282,3.0,0.011803751647790432,0.4326238691869054,0.4723981420408762,0.0,0.44920176892538655,0.0,0.24020847857817812,0.0,0.06695317135016472,0.0,0.02284994990629417,0.0,0.5014938746964734,0.0,0.6740925633114208,0.0,0.0,0.44516252621319713,0.0,0.0,1.0,0.542845632682832,0.0,0.4,0.0,0.504197396753421,0.0,0.5450461925500368,0.6335693957817141,0.0037909968302397763,0.0,0.8,0.0,0.8,0.40000050676959026,0.553653583255941,0.0,0.37261047620886084,0.6,0.4,0.0,0.6970305544657024,0.0,0.22211603183610032,0.0,0.20665893991669426,0.6110088292349846,0.06725086182786416,4.834868047586591e-06,0.0,0.8189303144938223,0.0,0.6,0.7890510330830081,0.6173407259639483,0.0,0.49486019785113056,1.0,0.000553349351731239,0.0,8.519523016949861e-05,0.737576832609219,0.0,0.0,0.0,0.0,0.09997882031405177,1.0,1.0,0.0011978086958639,0.0,0.0,0.0,0.0,0.09170265643290845,1.0,0.0999925909586661,3.409379121208197e-05,1.0,1.0,1.0,1.0,0.969283374618457,0.9969044706693438,0.0,22.0,0.6184971098265897,0.5,0.6666666666666666,0.0,0.0,0.0,0.0,0.0,1.0,0.0,0.0,0.0,0.0,0.0,0.0,1.0,0.0,1.0,0.0,1
VAR_002578,0.00037979394614095867,0.004725660935726685,1.2239043835033146e-06,8.607640804181623e-06,0.004873971885825243,2.9619212320293584e-20,0.002618914150885937,2.605149838911116e-07,0.0005938761389380317,0.0021812871007946596,0.031368391806740115,9.0,0.7148582410280839,0.1033168752316373,0.19313105675376754,0.4193364091817531,0.03167620851517183,0.39894746843436707,0.23897510491322277,0.0,0.0,6.619563896774711e-14,1.0,1.0,0.0,1.0,0.0,0.0875010052394604,0.0297629274566256,0.4836500378413993,0.0061920842940197,3.358598003189398e-08,1.0,5.382998068369836e-06,0.0,0.0,1.0,0.0,0.8988976237617705,1.0,0.0999999981160746,0.0,1.0,1.0,0.0,1.0,1.0,1.0,0.0042667574729121,0.0,2.0,2.0,0.7614746546371289,0.9557323121543575,0.7801486258209909,1.0,1.0,0.956411182394848,0.0,1.0,0.1594070394107131,6.42600845230472e-08,1.0,0.1154297265494887,0.0119788589738407,1.3395092926783725e-05,1.0,0.0,0.0,0.0165407895882148,0.0,0.098143314923185,0.0924676477782301,1.2816733267694188e-14,0.2499877238153594,0.0345958287806851,0.0,0.35532194005423845,0.0478943844505015,0.09999887250678606,0.5022888963880127,0.1,1.0,1.0,0.0,0.004956021562509527,2.0,0.003585181071681566,0.4389793213203779,0.1881907296003378,0.0,0.04771000376175364,0.0,0.04361706313785875,0.0,0.23996488981392017,0.0,0.07278464777243832,0.0,0.1500023476537024,0.0,0.635639588718276,0.0,0.0,0.058674234269554884,0.0,0.0,0.8,0.8,0.0,0.2,0.0,0.3894159441418927,0.0,0.638315310352823,0.5836223752587854,0.05691378836219725,0.0,0.44948149434365997,0.0,0.34586223254538584,0.4337436874345799,0.14949733399573883,0.0,0.9986508044405342,0.41449056271818074,0.2,0.0,0.1867376205706252,0.0,0.06382265941427423,0.0,0.6318177174553563,0.4885192400093268,0.0460386608073456,0.01773736709194428,0.0,0.6733107575682156,0.0,0.8,0.18780018632570059,0.10026818043850079,0.0,0.36133734678253854,0.0,5.615497254994389e-08,0.0,0.010412108875725,0.913814332917797,0.0,0.3849856598833324,0.0,0.0,1.1072183439592386e-17,1.0,0.9999999621371749,0.09995809194202,0.0,0.0,0.0,0.0,0.0024235566575732353,0.0,0.006735942310966,8.871120576001177e-05,0.9804128627880432,0.992340107189827,1.0,0.5935150234098577,0.9261229342255319,0.7156889490083088,16.0,21.0,0.6994219653179191,0.33333333333333337,0.3333333333333333,0.0,0.0,0.0,0.0,0.0,0.0,0.0,1.0,0.0,0.0,0.0,0.0,1.0,1.0,0.0,1.0,1
VAR_002794,0.006849491929954713,3.211629881339648e-05,9.687684541471477e-07,2.629735716902766e-16,0.037584557854399035,3.0258180443468437e-07,0.007764766086436168,0.0015561937324938169,0.08067443230537787,0.2450863575659434,0.0016792178279729148,16.0,0.6419349081192098,0.23440809368385018,0.3631126379241795,0.05875052803033539,0.21135384261399812,0.42183432214843863,0.2168995711155588,0.4,0.37708385666990646,0.053627217467219476,0.6,1.0,0.6518285049815206,0.8,0.6,0.24390783027527277,0.2207740539595855,0.2759926308982773,0.040634447278100824,0.09911039536945745,0.6,0.08021364043487221,0.8,0.0,0.0,1.0,0.0,0.0,0.0022819773048478,1.0,0.0,0.3128690951206459,1.0,0.0,1.0,3.0,4.1895981813350415e-08,1.0,2.0,2.0,0.8719528435925361,0.9741552750222793,0.8655616637913102,0.0,0.0,0.006211253988722,0.6338694769226884,1.0,1.0,0.0999999909427395,1.0,1.5048104007443978e-09,0.0999998489181157,2.0453076275141466e-07,1.0,1.0,0.08577282108135,0.0999999901448616,0.0,0.0961008153507371,0.0999999994745605,9.683902261045313e-05,0.5523369117012689,1.0,0.0,0.0002927569124385564,0.0,0.09988313937546496,0.0,0.0060448703232251,0.6281173161323055,1.0,0.7338615087417297,0.06347797856251874,2.0,0.003046041611479844,1.0,1.0,0.0,2.804594507211917e-10,0.0,0.0533888928560717,0.0,0.0999999999862564,0.0,0.030145166393875378,0.0,0.731392719880688,0.0,0.0,0.0,0.0,0.0999867552943916,0.0,0.0,1.0,0.0,0.0,0.6680257883653288,0.0,0.0,0.0,0.0,0.060951528204952,0.0973880217325159,0.0,1.0,0.0,1.0,0.998512781287096,1.0,0.0,2.0870720079765958e-05,1.0,0.0,0.0,0.0,0.0,1.4786385058299614e-09,0.0,0.2812406990893896,1.7927979314418502e-17,0.09999999999610532,2.6572584911757545e-06,0.0,0.4490687783075324,0.0,1.0,0.999205675427268,1.0,0.0,0.8386637785322577,1.0,0.005979258950631504,0.0,0.688385666008263,0.28777509519795696,0.0,0.0,0.0,0.0,0.021741096524631878,0.0,0.14975626234498,0.0816971493556312,0.0,1.0,0.0,1.0,0.09999232420358696,0.2123415853169711,2.2026847992675832e-13,2.993811910504775e-08,0.9488103209443018,0.5191937664906695,0.9960442800778802,0.8215007657389733,0.9361514578802878,0.8177530648860255,5.0,16.0,0.47976878612716767,0.8333333333333333,0.3333333333333333,0.0,0.0,0.0,0.0,0.0,0.0,0.0,1.0,0.0,0.0,0.0,0.0,1.0,1.0,1.0,0.0,1
VAR_002942,0.0008632907867281122,3.3669876999661944e-05,3.6062936179928158e-12,1.3420902971642666e-22,0.00040484896874550414,0.007979997817613603,0.001088313072114207,5.542130967134294e-12,0.014682314248486417,0.08633928525446062,0.03091345791174191,16.0,0.6767887405393292,0.10676729810889701,0.35995665085820916,0.043004149431417206,0.03147188876470906,0.42183432214502353,0.3994444308501162,0.4,0.3570710654671921,0.25940601803853397,0.0886978081157821,0.8,0.5158168464465412,0.6,0.8,0.2595718548668575,0.05076928541988997,0.28442087389875065,0.015325270053629377,0.037092193779048044,0.8,0.0798901801149463,0.8,0.8,1.0,0.6,0.43712595059985926,0.4,0.24166814189631364,0.6,0.9865680014921729,0.43281495311218804,0.6,0.2,0.6,7.0,0.6179860426507048,1.0,2.0,2.0,0.9193388197177268,0.980923732905779,0.8631431814870312,0.6,0.5963671022329974,0.7485352190735888,0.5841048811732565,0.8,0.5088637527433362,0.42426698150706593,0.6,0.10100473025228143,0.32332363407453435,0.10884397540832376,0.8,0.8,0.38266712340198134,0.44048561528320745,0.5590872281450086,0.2885280131153632,0.29320313304768947,0.20472843058119253,0.3227959903382137,0.6,0.5765734269470681,0.4383570986332937,0.7157950712887887,0.16300094752887792,0.40094910629351155,0.1456369680317641,0.6,0.8,0.8,0.164768809601608,2.0,0.00014421004968165997,0.6326238691869054,0.3448877331014167,0.0,0.4319900188833506,0.0,0.26020831809869716,0.0,0.08695030009983136,0.0,0.022805481020792325,0.0,0.5014938746964734,0.0,0.8740925633114207,0.0,0.0,0.4599994039207499,0.0,0.0,1.0,0.6804698484684176,0.0,0.572542615916187,0.0,0.3323761478600221,0.0,0.7355076503946762,0.8182286394171854,0.023066003742114743,0.0,1.0,0.0,0.6,0.38774837722899347,0.553653583255941,0.0,0.3767494553765188,0.8,0.4,0.0,0.5433098727377178,0.0,0.22094976216937331,0.0,0.26143749661919574,0.6087642498713175,0.06685391027338497,0.028260623107546814,0.0,0.8,0.0,0.4,0.5981612467271058,0.6,0.0,0.32027855219394913,0.0,0.008834694316636246,1.0,0.937990072133183,0.974606776278085,0.0,0.0,0.0,0.8193048356355225,0.09999999792631319,1.0,3.759785903438046e-05,0.035015746021367,0.0,1.0,0.0,0.0,0.09999999999551157,0.0826163808990346,2.281503152839386e-14,0.09997827807883258,0.9940630335816476,0.9890994504793146,0.9956158544910522,0.8097593533799619,0.9287890711827653,0.7859910302183812,2.0,24.0,0.2601156069364162,0.16666666666666669,0.3333333333333333,0.0,0.0,0.0,0.0,0.0,0.0,1.0,0.0,0.0,0.0,0.0,0.0,1.0,0.0,1.0,0.0,1
VAR_002616,0.0035349636449543975,0.14353975232232366,0.005255798058466581,0.009500657276895034,0.01048281524114442,0.026024146504740126,0.009859806523702604,0.000708723425900225,0.022129820126853047,0.14125692086953529,0.006430073020433311,8.0,0.6419349081192098,0.14794916297975785,0.21800912302219616,0.23875049365060755,0.23059771152048164,0.24000221563796725,0.2358048785378724,0.8,0.0,0.0799833502035349,0.7619220757259082,0.8,0.8,0.8,0.6,0.23582634272062025,0.045407992312433934,0.35380115963382186,0.05337649088059741,0.10066008772998328,0.6,0.03352576061996646,0.4887006622010624,0.8,0.6,0.4,0.48023177919220694,0.6,0.041795433974941565,0.8,1.0,0.5313458382800055,0.2,0.6,1.0,7.0,0.06270687407361823,0.6,1.0,1.0,0.8282143973023062,0.9809263388124705,0.8582661851338489,0.0,1.0,0.9789602961266409,1.0,0.0,1.0,4.754674856243845e-09,0.0,0.0595504916388671,0.00027666200378049995,0.0995106556712257,1.0,0.0,1.0,0.0251219208064977,1.0,0.6833381439504491,0.0247439388564318,0.034731859550649544,0.0,0.0,0.0,6.962273604710991e-10,0.0261674163817665,0.09999999999820165,0.0,0.0847403228045055,1.0,1.0,0.8,0.11329027698394872,1.0,0.004860456384038875,0.4451123101867884,0.36783766939958124,0.0,0.24526042509429796,0.0,0.22000203203127588,0.0,0.050966528009276965,0.0,0.022764502542447492,0.0,0.4366479542710503,0.0,0.8,0.0,0.0,0.22516281937731644,0.0,0.0,0.8,0.4858267541206215,0.0,0.20534870325873494,0.0,0.5018387934851758,0.0,0.5450461925500367,0.2336419979327001,0.02249628451690198,0.0,0.6,0.0,0.6,0.48862599752837954,0.24720212881237588,0.0,0.3722950434696418,0.6,0.4,0.0,0.4277342414874802,0.0,0.25993970207387884,0.0,0.27513381337778237,0.5999195169787991,0.07585722356525083,2.640578981558571e-05,0.0,0.6189303144938223,0.0,0.68221554072664,0.7899227323512354,0.5305681330000591,0.0,0.5860346066906456,1.0,0.006823298660260592,0.2,0.07283264907909218,0.4123428819155238,0.0,0.30195660700335764,0.0,0.46044550460461275,0.019999997372233094,0.6,0.7458781795564344,0.04101857534221491,0.0,0.4,0.0,0.4,0.06635307846169275,0.4742445790532754,0.07911088948061744,0.054210875880476114,0.9754333012057238,1.0,0.9467690951065952,0.8731843873865581,1.0,0.9456908779160749,6.0,22.0,0.5606936416184971,0.33333333333333337,0.3333333333333333,0.0,0.0,0.0,0.0,0.0,0.0,0.0,0.0,0.0,0.0,0.0,1.0,1.0,0.0,0.0,0.0,1
VAR_003187,0.015146621041095518,0.013785336595066406,0.023570424263210727,0.03687248115898007,0.16297635024527357,0.012959219285629158,0.00815803464718218,0.005708958789613213,0.00918399860613301,0.025717375684833458,0.03645574730436885,8.0,0.5765188214397367,0.2769481101007109,0.3189902683202564,0.06721378374880164,0.6099142730301653,0.2789917624604606,0.2576775510852362,0.4,0.4255999798454317,0.05340037586037287,0.24136259628964035,0.8,0.6797641941526759,0.4,0.7738756159829057,0.039971491560924305,0.059925272890473814,0.3110792133399343,0.003630819903679259,0.06491753994612473,0.4,0.06731857272332087,0.4,0.6,0.4,0.4,0.04021880950542742,0.6,0.022356082064672603,0.6,0.6,0.555255603699089,0.8,0.8,1.0,7.0,0.007501540345677261,0.6,4.0,4.0,0.7773177359156775,0.9539589958795021,0.7349750329662206,0.6,0.6,0.6014830364070665,0.2,0.6,0.13990168243711723,0.10719884672995064,0.6,0.04482442130055113,0.15534119553435008,0.04913898229278567,0.8,0.6,0.5357277609582857,0.47196985361447635,0.4,0.4200705846845107,0.23203910729155502,0.0059470186035056995,0.4,0.2,0.03578028752932834,0.24859842112011665,0.8,0.05148152727700378,0.5153512408674723,0.043837313227805694,0.8,0.6,0.5214407494944421,0.00990118001969608,4.0,0.029057187399550505,0.9851451726580367,0.5887239983294186,0.0,0.43447385594100413,0.0,0.023123548660744297,0.0,0.23789948206289271,0.0,0.02500997955539132,0.0,0.2365128007146652,0.0,0.7144752890328019,0.0,0.0,0.225192711675635,0.0,0.0,0.6,0.17078779800864075,0.0,0.5425930597864396,0.0,0.19513517315404516,0.0,0.667561974157375,0.17951277905883684,0.05292721460799814,0.0,0.24154047086237704,0.0,0.7466934529077872,0.6554121413925464,0.5390420350845402,0.0,0.47721829425536844,0.42351756112718475,0.2,0.0,0.5149093033529107,0.0,0.02121269004113586,0.0,0.3763814437846137,0.638629159083898,0.0799813878198644,0.004498894041798815,0.0,0.4138931437196609,0.0,0.6,0.4053303035716278,0.4185219692993451,0.0,0.3998895265307316,0.6,0.003631622363207371,0.6,0.7968613985080266,0.8580798084098855,0.0,0.48214954863006093,0.0,0.3693467387239421,0.06030266253784424,0.32062865852481703,0.7834975951119966,0.07943506538164412,0.0,0.6,0.0,0.8,0.03008437262826309,0.619801076814424,0.04639104984852287,0.05229191676640026,0.9652363633535797,0.9748986947033472,0.9570389566864252,0.5814078664584399,0.9936561327277433,0.5828286389607957,10.0,9.0,0.9653179190751446,0.33333333333333337,0.16666666666666666,0.0,0.0,1.0,0.0,0.0,0.0,0.0,0.0,0.0,0.0,0.0,0.0,1.0,0.0,0.0,0.0,1
VAR_002915,0.000962632095682146,0.000310303313753441,1.2262124092040376e-06,0.0002812628353719576,7.527791769889027e-05,1.8923175824460115e-07,0.0005411552635942366,2.2657529383004237e-05,2.430435477400256e-06,0.10335090141837089,0.00011991294328872674,16.0,0.6767887405393292,0.10676729810889685,0.35995665085820916,0.04300414943141721,0.03147188876470906,0.42183432214502353,0.3994444308501162,0.2,0.6944740773053679,0.039777349124897866,0.4886978081157821,1.0,0.4,0.6,0.8,0.0737731354827241,0.06030025587738095,0.40221046889050543,0.02142616822632332,0.0035268530524490394,1.0,0.05099057234467429,0.6,1.0,1.0,0.0,0.0,0.0,0.9999997199934584,1.0,0.0,0.0,1.0,1.0,1.0,2.0,0.0022357059634574,1.0,4.0,4.0,0.7641853686236832,0.87339320092944,0.8506387398979045,1.0,0.8,0.3704575881507224,0.33879357655747294,0.6,0.33424726776204905,0.060876746662074446,0.8,0.05067849759808653,0.08507914246621032,0.06975585456293712,0.9764684335008503,0.4,0.4272448317263017,0.06874770678375054,0.6,0.14954957034010805,0.07212088413662185,0.00267264029855426,0.38529559262736895,0.6,0.22107839915363514,0.09014254694093245,0.4963089354577276,0.03500738211314306,0.01868717331601922,0.10106953899705225,0.5442117710191561,0.6,0.8,0.08958618449627767,4.0,0.012458928661539437,0.5937013170316746,0.2755241998105515,0.0,0.04350582444109322,0.0,0.020265620062054023,0.0,0.24095321124224833,0.0,0.022163095148759387,0.0,0.4330012674492313,0.0,0.43426983708392725,0.0,0.0,0.040008254390257604,0.0,0.0,0.8,0.4357780644784194,0.0,0.07335957782387854,0.0,0.31816135844350774,0.0,0.0916146168808356,0.5415606240763727,0.02498940747177094,0.0,0.9320112316020595,0.0,0.4,0.18791207140185365,0.5743771519114602,0.0,0.3011146293636275,0.4,0.5898644738151161,0.0,0.20618669908345696,0.0,0.07858041002987474,0.0,0.36878378577458126,0.7892679225806626,0.03976123633299483,0.0012987724239244866,0.0,0.661750814180922,0.0,0.4,0.595268158453661,0.2,0.0,0.3994126724240531,0.0,1.5148483563024026e-07,1.0,0.999999999999832,2.1544268767045324e-12,0.0,0.0,0.0,0.0,1.4203419814817352e-05,1.0,0.9057891879762441,0.0167783935093865,0.0,1.0,0.0,0.0,5.746355517917169e-07,0.0,0.0985500752080247,0.09609731400404628,1.0,0.9605703134506326,0.9824964696423965,0.7411727309904858,0.9459356184942975,0.6863918735965266,4.0,22.0,0.9248554913294798,0.0,0.3333333333333333,0.0,0.0,1.0,0.0,0.0,0.0,0.0,0.0,0.0,0.0,0.0,0.0,1.0,1.0,1.0,0.0,1
VAR_003085,0.14243880936470754,0.003693209361475249,3.9664092520147205e-06,0.0011264072174057525,1.2331823830509328e-09,5.639110354645923e-08,0.00046769747134804815,0.08048222689166254,1.0,1.1286513817413108e-07,0.3087966404295811,19.0,0.5174279358411398,0.03016148614381675,0.0,0.09999439256082149,0.006732522577102854,4.4974011868183086e-06,0.9002247802905579,0.0,0.0,0.0999999999999876,0.0,1.0,0.7996287058837169,1.0,1.0,0.0999984367803423,0.0872099896000538,1.0,1.811979671665251e-11,0.11776474784062924,1.0,1.0,1.0,1.0,0.0,1.0,1.0,0.0,0.0999189384563132,1.0,0.0,1.0,1.0,1.0,0.0,6.0,1.0,1.0,3.0,3.0,0.9180977455941484,0.9911540484628283,0.8251144986244452,0.0,1.0,0.994575099187402,1.0,1.0,0.0,0.5810473934948477,0.0,0.0533279895204723,0.601364435126123,0.0130242900152321,1.0,0.9593308855891572,1.0,1.0,1.0,0.1023309994743941,0.6020367734779926,0.017249308167019292,1.0,0.0,0.0,1.0,1.0,0.14365899999999748,0.0,0.1011205089677442,1.0,1.0,0.0,0.0105293656487195,3.0,0.37759140028200494,1.0,0.6861212093046146,0.0,2.165340326438043e-08,0.0,1.6389108193501738e-07,0.0,0.0987523190867045,0.0,0.06076861352105479,0.0,0.1405934850030497,0.0,1.0,0.0,0.0,1.0,0.0,0.0,1.0,1.0,0.0,0.0,0.0,0.8296673787071942,0.0,0.0,3.425681195857414e-15,3.3614087484212393e-06,0.0,0.0,0.0,1.0,0.999855212998641,1.0,0.0,0.9999851497267891,1.0,1.0,0.0,0.4568548975758726,0.0,0.0591621187964825,0.0,1.0,0.999140678523977,1.3226856525144604e-12,1.3661220885538873e-12,0.0,1.0,0.0,1.0,0.999837232273062,1.0,0.0,0.999999983477742,1.0,0.09762906085341876,0.0,0.007110243182785,0.9715014366453489,0.0,0.0482005157509383,0.0,1.0,0.09981991846171157,0.0,0.0010582896233269998,0.0001680379922184,0.0,1.0,0.0,1.0,1.0,1.0,1.0,1.0,0.9933928698930128,0.9802945524092216,1.0,0.9345535764565309,0.9717137792664593,0.9697398156054877,14.0,19.0,0.5260115606936416,0.33333333333333337,0.6666666666666666,0.0,0.0,0.0,0.0,0.0,1.0,0.0,0.0,0.0,0.0,0.0,0.0,1.0,1.0,0.0,0.0,1
VAR_002717,0.0032051728365904432,0.010849288076965573,0.011794437892650477,0.0023555847577139016,0.09441233723584046,0.0056556776674072246,0.00371036016372025,0.0016402731322736153,0.0033907590801573466,0.0033085292016035244,0.022125765411202838,8.0,0.7148582410280839,0.1033168752316373,0.19313105675376754,0.4193364091817531,0.03167620851517183,0.39894746843436707,0.23897510491322277,0.4,0.6,0.05995556416706107,0.4,0.6,0.5739045164268226,0.8,0.4,0.057500201165726086,0.032887454375831036,0.6850144941598095,0.04655952552271313,0.16387682313507473,0.6,0.05630567612516194,0.4,0.2,0.8,0.4,0.7797795247523541,0.8,0.04218956339417262,0.8,1.0,0.6985308851678174,0.6,0.8,1.0,7.0,0.2269861272072561,0.2,2.0,2.0,0.8866370678247635,0.9745402223739454,0.7965823668849807,0.7790512055512553,0.4,0.5860838290170398,0.25062381798148736,0.8,0.6401782154770759,0.17085471022736015,1.0,0.08272332138484964,0.17341181121984534,0.0202912595484956,0.8,0.2346327347410731,0.5442279488199315,0.04455241767067021,0.5013382081650745,0.07962504311351203,0.12613375868089555,0.0018840793993978946,0.5733106967471262,0.5194891242862696,0.4113569515957911,0.13098224546525328,0.446109305532213,0.03959017515279451,0.36478083370399816,0.09347913326589817,0.49445991004503453,0.4,0.4,0.031719728383430255,2.0,0.025685691871829966,0.6323312228177003,0.25618289379278314,0.0,0.06750932842343396,0.0,0.06591377223096494,0.0,0.046819796891977294,0.0,0.05962252809373567,0.0,0.4055980178155473,0.0,0.52620823301572,0.0,0.0,0.07735255894960684,0.0,0.0,0.9134113572896709,0.5849551395667046,0.0,0.51759879271989,0.0,0.671633893328246,0.0,0.6056126340453242,0.7400981516844942,0.042504238035219744,0.0,0.44948149434365997,0.0,0.6196649814406199,0.448764870624745,0.27836224695595935,0.0,0.398715575428964,0.7879485409121679,0.2952684399477509,0.0,0.3027541770924674,0.0,0.060291273193634,0.0,0.25407251084987015,0.48916644554802663,0.04210673957229675,0.0009316548263952535,0.0,0.6733107575682156,0.0,0.8,0.17682440347644524,0.20043672917505848,0.0,0.5585852385990933,0.4,0.0013713661975219902,0.8,0.6254219488684064,0.41605383413214636,0.0,0.2737147240148934,0.0,0.8,0.01999864248730329,0.6,0.6643647302077117,0.06012263089851376,0.0,0.2,0.0,0.6,0.043078359079771644,0.6,0.0623533889623553,0.06058893493070622,1.0,1.0,0.9752964700997968,0.6411118638632213,0.9303663142814856,0.8114956551530477,22.0,19.0,0.4855491329479769,0.0,0.16666666666666666,0.0,0.0,0.0,0.0,0.0,0.0,0.0,1.0,0.0,0.0,0.0,0.0,1.0,0.0,0.0,0.0,1
VAR_002786,0.00036462736245384967,0.008550186765703547,2.977029660407258e-14,0.01362878945132573,0.003522168658435679,0.02477241960409559,0.0005411878076627248,1.0279954283857217e-06,1.377766925250582e-05,0.08633928499756024,0.11114256663961126,16.0,0.6419349081192098,0.23440809368385018,0.3631126379241795,0.05875052803033539,0.21135384261399812,0.42183432214843875,0.21689957111555874,0.40517028463140453,0.43968084483173053,0.2461452052399568,0.2,0.8,0.7158168464465413,0.4,0.6,0.23999998426981542,0.03368509251397705,0.3864323676027603,0.015964879061059978,0.03365508010886721,0.6,0.08178257442785798,0.6473528588164215,0.8,0.8,1.0,0.6371259505998593,0.6,0.20518235309136804,0.6,0.8,0.6625738190241293,0.8,0.4,0.8,7.0,0.43993292032186576,1.0,1.0,1.0,0.8011292089601498,0.9584153379718039,0.8732613618653051,1.0,1.0,3.174036296117181e-08,0.0,1.0,1.0,0.0007362717259651946,1.0,9.569787558175993e-05,0.0102754589277229,0.0337389150502233,0.0,0.0,0.0,0.0996469736174146,1.0,0.0999999999762609,0.0002780265072246,1.1429340218590253e-11,0.0535150490428432,0.0,0.0,0.09988940019594554,1.0,0.0001371917516713327,0.1137911862489338,9.69311341932394e-10,1.0,0.0,1.0,0.236373643444575,1.0,5.163995061228404e-05,0.7925629024993492,0.4801477129898414,0.0,0.4191333679497252,0.0,0.2790416057559141,0.0,0.06695030478648986,0.0,0.029510756858524834,0.0,0.4896769640378178,0.0,0.6740925633114208,0.0,0.0,0.6200133713421542,0.0,0.0,1.0,0.6234509699062071,0.0,0.6778904177987858,0.0,0.5005391977905038,0.0,0.7704169945466897,0.6182825655349717,0.03928163914735748,0.0,0.8608832049849363,0.0,0.8749713794471446,0.4004993099596154,0.6,0.0,0.3933505348147346,0.8,0.2,0.0,0.4,0.0,0.24039296817062045,0.0,0.16777123320398463,0.6048590872777238,0.08472454203796236,0.028782709768060095,0.0,0.8,0.0,0.6,0.5980211261253251,0.4,0.0,0.5202777268940085,1.0,0.000142758353648458,0.0,0.835766119882273,0.987080039215778,0.0,0.0,0.0,0.0,5.884526931016263e-07,0.0,0.9986933987566229,2.349213238652165e-06,0.0,1.0,0.0,0.0,0.09999999999999806,0.0,0.0641583539336542,0.0018316899258109848,0.9909286090286974,1.0,0.9568861864717704,0.723693591621659,0.9772826945697737,0.9422025290492223,2.0,17.0,0.07514450867052025,0.0,0.3333333333333333,0.0,0.0,0.0,0.0,0.0,0.0,0.0,0.0,0.0,0.0,1.0,0.0,1.0,0.0,1.0,0.0,1
VAR_002828,0.013726994568250519,0.0014435364477667042,8.992078453792565e-06,4.7352602999660495e-05,0.12980932208920634,4.730109077643254e-06,0.012408642123513959,0.0035709733382014493,0.006482351775578805,0.02570884396118661,0.013038798667152301,8.0,0.8,0.18823930282781415,0.2678067394025019,0.20889589032035807,0.6191508038401308,0.05899311543614995,0.26305394533749615,0.4,0.537250422260581,0.06745679278158531,0.38032598567912845,0.8,0.35122560189811586,0.8,0.5738756159829057,0.22329043859429806,0.05933613947768905,0.36960100381869065,0.03221358598181395,0.08033003917542103,0.8,0.04622152654204193,0.6,0.4,0.6,0.6,0.6,0.4,0.20018524972130267,0.8,0.4,0.47923485918210423,0.6,0.4,1.0,7.0,0.05105863070332848,0.6,4.0,4.0,0.851634797729361,0.9834095137659515,0.7191397226050529,0.8,1.0,0.6633422009385095,0.467284825844858,0.4,0.6936197228409908,0.25931567500002706,0.6,0.0803913725445887,0.19871511397180516,0.04244446235944352,0.6,0.2,0.33037178186904936,0.1534900160013538,0.8,0.09331606046326679,0.033957181786536686,0.00020910525610934417,0.00718972314959566,0.30797027318716136,0.25537017045739385,0.04823617161558427,0.26868049225085977,0.21937752348816897,0.27504302356020593,0.07456114885919188,0.5403073494694809,0.6,0.6,0.01329171156703201,4.0,0.07095535989656206,0.823398087014918,0.3406727996987963,0.0,0.21543758498591764,0.0,0.040134007523108126,0.0,0.2307466509977118,0.0,0.0416668917247987,0.0,0.4589173307046024,0.0,0.8505117081375566,0.0,0.0,0.21265853842943008,0.0,0.0,0.8,0.4,0.0,0.5794055007784992,0.0,0.302906983793853,0.0,0.7730324050673546,0.5492228321968664,0.006000355296965188,0.0,0.791564427944399,0.0,0.6,0.578280260561216,0.3866467866193311,0.0,0.5153966931591566,0.8,0.28991289021110833,0.0,0.26692680227263565,0.0,0.039634204230581074,0.0,0.4,0.4004695892107447,0.07664328246631433,0.0029763922010070834,0.0,0.3514512778042996,0.0,1.0,0.5245596014677723,0.3774143440604397,0.0,0.42243949064994035,1.0,0.015195498916611825,0.8010695520619977,0.5248579147064261,0.53013508020027,0.0,0.18365045915324454,0.0,0.4,0.02629858953438904,0.6,0.6370282514698584,0.04047632060972469,0.0,0.8,0.0,0.8,0.05898517910934116,0.30509268014985996,0.03763746552444931,0.06859410432052405,1.0,0.970207655711456,1.0,0.8562920134312034,0.9349131689634818,0.798290010834732,23.0,3.0,0.6994219653179191,0.16666666666666669,0.3333333333333333,0.0,1.0,0.0,0.0,0.0,0.0,0.0,0.0,0.0,0.0,0.0,0.0,1.0,0.0,0.0,0.0,1
VAR_002899,0.020809695680647597,0.010392652690340124,0.04544554651116813,0.07009990086763886,0.013834993258185258,0.05254525530039106,0.013075785098302399,0.0412348350666809,0.007524970000156216,0.06947391244620428,0.13428417107525353,8.0,0.7651461675798807,0.3158986293076463,0.27096272646847225,0.048310009168940425,0.7988519346970478,0.07899176246046054,0.24413841032262124,0.5413407340962184,0.8,0.02547041459133107,0.5355114609224374,0.6,0.15122560189811587,0.6,0.3738756159829057,0.04015541329139467,0.05931299385145346,0.3872307969866505,0.053189784436007456,0.05801094049105118,0.6,0.05719533865585732,0.46316218599285774,0.5192036476873693,0.6,0.8,0.36401493734626145,0.6,0.252082563188894,1.0,0.6,0.628019574057504,0.6,0.8,1.0,7.0,0.0800168161409546,0.6,3.0,3.0,0.6913571189058976,0.9293083902383116,0.7515481349758532,0.8,0.4,0.4293053311246148,0.7182528704832621,0.2,0.7781820111081827,0.24394595171181863,0.6,0.07774569550545625,0.2650380037364822,0.040508816193419464,0.6,0.6,0.6,0.07238867214975864,0.6,0.4769057801262308,0.26818410457102065,0.049636023693297567,0.4883158901364646,0.6,0.24667056936872322,0.060908872883390544,0.5897669687401439,0.054523613696624805,0.29020539364996356,0.10692618246967882,0.8614683529280283,1.0,0.8,0.03674781812362749,3.0,0.12506735619190276,0.8,0.5447943612283359,0.0,0.4599184889666697,0.0,0.2573537761725551,0.0,0.2492316845765498,0.0,0.22781364284631464,0.0,0.8111977253662028,0.0,0.8132984189490285,0.0,0.0,0.22271173048806608,0.0,0.0,1.0,0.6,0.0,0.4232142147093674,0.0,0.3769947177008426,0.0,0.8,0.2662890575045682,0.23920870733150484,0.0,0.7293681014389797,0.0,1.0,0.5952184508403876,0.6228107284933904,0.0,0.5820231789260446,1.0,0.2,0.0,0.5244101766143193,0.0,0.21799997851383787,0.0,0.2,0.6018498824042589,0.275691416703571,0.02007342671035572,0.0,0.9168756756627714,0.0,1.0,0.7636765834641399,0.6502584220963927,0.0,0.40220993450558595,0.6,0.02623702880014391,0.5504441410322285,0.7265110754600841,0.5420114438621773,0.0,0.2393203882212933,0.0,0.9078195369700891,0.042345223985312846,0.6,0.5554657225404811,0.23943539230678876,0.0,1.0,0.0,1.0,0.04195272433871287,0.7068299050082065,0.06971228596450527,0.04097391148177348,0.9944420035818368,0.6509500297782187,1.0,0.47051671185928046,0.9644378324030942,1.0,15.0,5.0,0.47976878612716767,0.8333333333333333,0.3333333333333333,0.0,0.0,0.0,0.0,1.0,0.0,0.0,0.0,0.0,0.0,0.0,0.0,1.0,0.0,0.0,0.0,1
VAR_002768,0.020322465152805474,0.02766847989821917,0.011609489426022697,9.185471747477264e-07,0.008065050489557619,9.944021850915065e-13,0.01732129063354954,0.00897762299861119,0.002201284841736859,0.039829576102174705,0.09693460291600536,29.0,0.5148582410280839,0.21810220378841266,0.36341426824909756,0.06779811067246269,0.23231179527988638,0.4208261207643817,0.4190015606502275,0.8521440950720397,1.0,0.0140993799036303,1.0,1.0,0.0,1.0,1.0,0.0999736296340743,1.7515303588999335e-05,0.0,0.0001328298808698,5.490155272872798e-05,1.0,0.0007928843657251,1.0,0.0,1.0,1.0,0.8517333513451565,1.0,0.0994992039920922,0.0,1.0,1.0,1.0,1.0,1.0,3.0,0.0396122809510025,0.0,2.0,2.0,0.8093777817709669,0.9580376810878082,0.84410008627635,0.0,1.0,0.030769719832163,0.8028678849292511,1.0,1.0,0.4479262949017792,1.0,0.236889853521744,0.4467699999981682,0.077350700278109,1.0,0.0,0.9176200220422746,0.8180198234258701,1.0,0.7762513880171449,0.1772938545219058,0.020029826851412292,1.0,1.0,0.8144738446040478,0.18816349802881494,1.0,0.09636885762040656,1.0,0.9297000236610942,1.0,1.0,1.0,0.01980150939778568,2.0,0.017295032014563023,0.0,0.1024796365754415,0.0,0.0028364027552306,0.0,0.000178069880286,0.0,0.9040965061521158,0.0,0.0997494696667771,0.0,0.140856075367597,0.0,1.0,0.0,0.0,0.000387390004007,0.0,0.0,1.0,1.0,0.0,0.0,0.0,0.0057939285174549,0.0,0.0,0.999641583897686,0.0001930589404994,0.0,0.0,0.0,1.0,0.99699100229502,0.0,0.0,2.349021045961761e-05,0.0,1.0,0.0,0.1952765265368966,0.0,0.0399901014496308,0.0,0.4303525712282726,1.4531917282670296e-09,0.09999111634350971,7.756684168635074e-06,0.0,0.0,0.0,1.0,0.9527398058322221,0.0,0.0,0.9999999999995349,1.0,0.017479944920403577,0.0,0.000617699729914275,0.99211863437003,0.0,1.0,0.0,1.0,8.992866784431694e-07,1.0,0.011064845839384,0.0061470779684168,0.0,1.0,0.0,1.0,1.691574042303973e-08,0.0,0.0999999999957245,0.07246956791890738,0.9963060346285452,1.0,1.0,0.43473120051442504,0.9240371670852043,0.5827414584442064,16.0,8.0,0.5549132947976879,0.5,0.3333333333333333,0.0,0.0,0.0,0.0,0.0,0.0,1.0,0.0,0.0,0.0,0.0,0.0,0.0,1.0,0.0,0.0,1
VAR_003225,0.009378592469539648,0.0016457638765108881,0.023894712609124475,0.0044947855560458555,0.004932097885995729,0.015471557693209083,0.006823218301505921,0.011936006484232247,0.0015698466710010468,0.2009946911675727,0.019181040585539568,8.0,0.7148582410280839,0.1033168752316373,0.19313105675376754,0.4193364091817531,0.03167620851517183,0.39894746843436707,0.2389751049132227,0.2,0.4,0.05985551465926768,0.4,0.6,0.37390451642682265,0.8,0.6,0.05244734653460274,0.01956493864132976,0.5754332444689318,0.0452129512570381,0.15602751861567105,0.6,0.07630544044547859,0.2,0.4,0.8,0.2,0.6435850338548258,0.6,0.22335898482424862,0.6,1.0,0.6985308851678174,0.6,1.0,1.0,7.0,0.050208574988470846,0.4,5.0,5.0,0.8163422749998119,0.9197562734705456,0.7675662055104759,0.6,0.6,0.7792611437973402,0.25062381798148736,0.8,0.44017821547707586,0.42949067575909317,1.0,0.07123725738010771,0.42304510973769505,0.026582815431837596,0.8,0.4,0.5442279488199315,0.007580445077366489,0.4,0.23962504493765335,0.09611201116802438,0.0008101661085783348,0.5927197936248615,0.31948912428626947,0.21135695159579115,0.11580835074904777,0.25605009338737206,0.06571201209673992,0.4492931978785954,0.0650973919850439,0.5310893184366141,0.8,0.2,0.01820792049374891,5.0,0.01660429427202079,0.5835957287664584,0.19689831511047656,0.0,0.04751588599299998,0.0,0.06096739532176232,0.0,0.22681979587100304,0.0,0.06997098227042982,0.0,0.3500023476537024,0.0,0.6929681461636701,0.0,0.0,0.05737055230668312,0.0,0.0,0.7134113572896709,0.5849551395667046,0.0,0.3175987927198899,0.0,0.640955924129758,0.0,0.4439279443981471,0.756455948254685,0.0628635033506242,0.0,0.44948149434365997,0.0,0.47380274889523405,0.32688198342291985,0.29496253138534706,0.0,0.598664870750273,0.5734579781939873,0.2952684399477509,0.0,0.2913417980184888,0.0,0.05790885800095297,0.0,0.37774520660548616,0.5997436079940917,0.07983669077740202,0.01795040874311067,0.0,0.6733107575682156,0.0,1.0,0.027133747102716058,0.2262390111248386,0.0,0.5614679145019037,0.4,0.006666771111792129,0.4,0.42503288698266994,0.3918506601549875,0.0,0.3271867968075356,0.0,0.6552703749826434,0.023736336079819603,0.8,0.4000030224623557,0.03699042275071631,0.0,0.3084794994171296,0.0,0.6,0.04335634217513697,0.6252706647665122,0.0435758933252048,0.041230180712873404,0.9975358454878842,0.712767817919101,0.9799096506893804,0.6678435404635169,0.9427738502121057,0.7059070947061368,24.0,25.0,0.5213872832369942,0.2666666666666667,0.43333333333333335,0.0,0.0,0.0,0.0,0.0,0.0,0.0,0.0,0.0,0.0,0.0,0.0,0.8,0.0,0.0,0.0,0
VAR_003133,0.0006580839407334515,1.1166811247470687e-05,1.9418228048716612e-16,0.015377003758882683,1.8254835208878416e-06,0.07143378518034042,0.0005412154031287606,1.750897652159787e-06,5.539807767683618e-14,0.12675120730520936,0.0001199262775507293,16.0,0.64193490811921,0.23440809368385018,0.3631126379241795,0.05875052803033539,0.2113538426139981,0.42183432214843863,0.2168995711155588,0.4,0.5770838566699064,0.060270831037279,0.6138703369218458,0.8,0.6518285049815206,0.6,0.6,0.06390653395142298,0.040775301732569796,0.3276817083244518,0.020904476157756556,0.09914471644836469,0.6,0.06034492545807455,0.8,0.4,0.2,0.6,0.1632121095277202,0.4,0.03566770003149098,0.8,0.7896461609049747,0.16126433171683968,0.6,0.4,1.0,7.0,0.019979171221837944,0.8,2.0,2.0,0.9928433747393155,0.9465340194381668,0.7668866788416836,0.2,0.6,0.12156092576926836,0.7072920711071935,0.8,0.4655126251347035,0.12156449342755604,0.8,0.036777589822330065,0.07997698960734548,0.07539566647735238,1.0,0.2,0.08066590386826175,0.07000516549624983,0.6,0.08047158618369123,0.0921060537605787,0.0037946433147395655,0.17757936546130568,0.4643045031536248,0.0,0.018973142951203184,0.4270387979768608,0.1097186251755572,0.0,0.06817839721727031,0.3828612339927559,0.4,0.7338615087417297,0.07476951440904298,2.0,0.11120970552754195,1.0,0.2809389045011891,0.0,0.0999489096506892,0.0,0.0999974073157061,0.0,0.0881211843322156,0.0,1.885706619667403e-08,0.0,1.0,0.0,1.0,0.0,0.0,2.1620974488703486e-18,0.0,0.0,1.0,0.0,0.0,0.8096541127169941,0.0,0.1971827962022517,0.0,0.0,3.4095432996700367e-06,0.0406004879556649,0.0,1.0,0.0,0.0,0.053035773852559004,0.0,0.0,1.0,1.0,0.0,0.0,0.0,0.0,0.0999685420043416,0.0,0.0910162325003221,0.0031883339493529997,0.0027998418533920857,4.817648792809254e-13,0.0,1.0,0.0,0.0,0.998914892054299,0.0,0.0,0.3701180713797343,0.0,1.0492869875105074e-07,0.0,0.999999999399426,0.999999999492573,0.0,0.0,0.0,1.0,0.09605665620062083,0.0,5.097229558376534e-05,0.0106218978208502,0.0,0.7773321991531104,0.0,0.0,9.379321176089037e-06,0.0,0.009919129471545,0.09855801519045619,0.9940280322123032,0.820143167414563,0.9760982020159744,0.39186580500882723,0.9154937036126101,0.6746231552114321,5.0,16.0,0.47976878612716767,0.8333333333333333,0.3333333333333333,0.0,0.0,0.0,0.0,0.0,0.0,0.0,1.0,0.0,0.0,0.0,0.0,1.0,0.0,1.0,0.0,0
VAR_002971,0.0013620167233869699,0.008209124263654133,0.000662407431224979,3.9165368755361053e-05,0.005405973952726237,0.025186714532945683,0.001624323152170788,2.427615318994677e-11,8.310465195848839e-07,0.09201381334946822,0.003534571139009727,20.0,0.7148582410280839,0.2043913421544336,0.19313105675376754,0.2330723733389214,0.05165258927162583,0.4018357139295047,0.4189755235560253,0.0,0.0,0.0,1.0,1.0,0.0,0.0,1.0,0.0901876312054766,0.0999999969579811,0.1234794471856215,7.52890090643374e-07,1.3579516068319765e-14,1.0,3.927685731453516e-17,0.0,1.0,1.0,0.0,0.4351455457160973,1.0,0.0939767319938144,1.0,0.0,0.0,0.0,0.5795937894406722,1.0,0.0,0.0989424756686184,0.0,1.0,1.0,0.8758302534514988,0.9581305553550208,0.855052359377185,0.0,1.0,0.8828231712573199,0.0,0.0,1.0,0.0999958611031821,1.0,0.0167719350237032,4.239701666093298e-06,2.946194789114269e-09,1.0,1.0,0.0,0.0005536142307691,1.0,0.0999999964936161,0.0908400824327227,2.6923002520653084e-10,0.0,1.0,0.111360359351702,0.09968414725894043,0.0,0.09993601139170966,0.3959988740016276,0.2784315921043996,0.4742089978560227,0.0,0.6,0.05294301394359741,1.0,0.003140909749761685,0.6025573601353564,0.3965088205432295,0.0,0.046791405783817644,0.0,0.045979170230549385,0.0,0.09973611923059303,0.0,0.06714581339240128,0.0,0.62811869700061,0.0,0.8,0.0,0.0,0.2599978967664996,0.0,0.0,0.4213806333339254,0.4,0.0,0.538848364158505,0.0,0.3728648789549994,0.0,0.4300083005379317,0.4021829617370407,0.014060889913520105,0.0,0.7784565842285163,0.0,0.4,0.3855543529210571,0.23826073264639075,0.0,0.5967938166290985,1.0,0.6,0.0,0.23432234167900975,0.0,0.03190270274701516,0.0,0.74729133372779,0.5998281359265567,0.0019044171393425393,0.0006352133753583414,0.0,0.8,0.0,1.0,0.746310872884342,0.3410290186649709,0.0,0.40022657580045795,0.0,0.00145184618871112,1.0,0.9999999302359861,0.946208245218169,0.0,0.5396834712919526,0.0,0.0,2.3071041989748044e-21,1.0,0.9987762563333311,0.0999999982326602,0.0,1.0,0.0,0.0,1.0985620663895857e-05,1.0,0.0999118143607383,0.09444319635008719,0.997967982974382,0.3196857129431676,0.9578428403353692,0.9405814255962891,0.9770043201425689,0.9670915324162103,22.0,17.0,0.2716763005780347,0.0,0.3333333333333333,0.0,0.0,0.0,0.0,0.0,0.0,0.0,0.0,0.0,0.0,0.0,0.0,0.0,1.0,0.0,1.0,1
VAR_002830,0.005493505834506328,0.20004292890655295,0.030190160825689184,0.009320749807522257,0.09135170266348128,0.0024063951617893696,0.009952208603003507,0.01868833825323322,0.014552571861685433,0.19459786634830387,0.06567974448762227,8.0,0.8,0.23756183968923605,0.46780673940250195,0.2279226691453051,0.4218673421496249,0.059240013743783446,0.2565935052153116,0.5773721884571505,0.4557016652607084,0.04039341703684314,0.5429649924572937,0.0,0.028614196450883738,0.4,0.4,0.04355784634347652,0.05614892656283525,0.17146065613306832,0.020408453168944334,0.0003305882322832695,0.8,0.08205683858838242,0.9965124924251437,0.8,0.4,0.6,0.4650144069079526,1.0,0.4400292429450302,0.4,0.2,0.4984404048828687,0.6,0.6,0.8,7.0,0.05278588217436416,0.6,2.0,2.0,0.8882628806908128,0.811865420363076,0.7168921424880578,0.6874159341787898,0.8,0.5411774771116321,0.2138917693601438,0.6,0.5665528878943146,0.27173915750023736,0.6,0.08197978453004662,0.2997282754704356,0.0229483699933327,0.8,1.0,0.5373964370191961,0.06756817177880108,0.4,0.14227760262374745,0.11219941280310157,0.008309359351275603,0.2009553274637493,0.49837365808878015,0.5287908833989554,0.04367301004502996,0.2936321474229452,0.23775138268367568,0.5163492656167991,0.07934316860255831,0.9249932899540221,0.2,0.4,0.11890770567792888,2.0,0.08183376371076348,0.8506292031021424,0.41367836386935314,0.0,0.4505636335173664,0.0,0.0588819648151789,0.0,0.6235513089894835,0.0,0.051880977663907174,0.0,0.31282514091367813,0.0,0.5533919069611323,0.0,0.0,0.04075997965599991,0.0,0.0,0.6,0.0,0.0,0.4935948407732439,0.0,0.018893205727577838,0.0,0.9117406496084872,0.7051208995848794,0.04161173545506626,0.0,0.28204841517004786,0.0,0.8,0.6681654102406711,0.17682353143202545,0.0,0.34959576468757625,0.8,0.186739220537476,0.0,0.48509692870654275,0.0,0.08637837169212666,0.0,0.5643138517709465,0.5111476380270977,0.020201473569298946,0.0032557533833617227,0.0,0.3393396512168711,0.0,0.6,0.5937614301068659,0.4297674271857893,0.0,0.6000206587522224,0.6,0.02074306169778858,0.4,0.13393298799334163,0.520092794140896,0.0,0.22420782559172275,0.0,0.29202774065286335,0.06855850506112451,0.8,0.5897625898621024,0.04000023090176089,0.0,0.8,0.0,0.4,0.0633027500942927,0.4085633144845665,0.04002700713889068,0.05614079849063669,0.9649023011445004,1.0,0.9942421416347722,0.3450779606961183,0.9227072461559875,0.3863255790003483,15.0,8.0,0.4971098265895954,0.5,0.6666666666666666,0.0,0.0,0.0,0.0,0.0,0.0,0.0,0.0,0.0,0.0,0.0,0.0,1.0,0.0,0.0,0.0,1
VAR_002671,0.01937361654548421,0.002548510969626336,0.003768001348355121,6.761205583955801e-08,0.19993806007504197,1.3816345424429412e-11,0.02098149646795257,0.009148495554994852,0.0008627791602041435,0.12495887275569403,0.004557073083771268,16.0,0.611372653859856,0.24775032800462066,0.5158342812542861,0.067260165409486,0.4136858115752291,0.2592386601056031,0.2576749390823972,0.8928908998334826,1.0,0.0985205894244375,0.0,0.0,0.93990709279114,1.0,0.0,0.0999997872107105,1.6106635098483973e-15,0.0,7.151737620023649e-08,2.878467010614e-08,0.0,0.0999987618297604,1.0,1.0,1.0,1.0,0.0,0.0,9.954646099279316e-16,1.0,1.0,1.0,1.0,1.0,1.0,3.0,0.0996574646579405,1.0,4.0,4.0,0.7102933600113488,0.6570438488596219,0.6738649514837812,0.0,1.0,7.083222631683304e-08,0.0,1.0,1.0,0.0999999968791093,1.0,0.0988087713395296,0.0418809001031322,0.0391452274962847,1.0,1.0,0.0,1.964183645837215e-06,1.0,0.0999971379182875,0.028549333202132,7.703154176592323e-15,1.0,0.0,0.5510224164283595,0.0018628818878975654,0.0,0.017261513854437537,0.2637442466518888,0.0999999997728967,1.0,0.0,1.0,0.019154452885487977,4.0,0.019221585359963926,1.0,1.0,0.0,0.0999999973661376,0.0,0.0999998293058987,0.0,0.085633012378801,0.0,0.099999999744569,0.0,0.0,0.0,0.0,0.0,0.0,1.098492107522976e-15,0.0,0.0,1.0,1.0,0.0,0.0,0.0,0.6137467820282807,0.0,1.0,0.967607476163661,0.0372061228941701,0.0,0.8187928152303607,0.0,1.0,0.0,0.1756878047992341,0.0,0.16708499585833597,1.0,0.0,0.0,0.0,0.0,4.190357527258845e-08,0.0,0.2822038678931492,0.998672693011811,0.0005103639562489851,0.008272688652614893,0.0,1.0,0.0,1.0,0.010390224150039,0.0,0.0,0.9999617329047309,1.0,0.035020007989166914,0.0,0.999996005207731,0.0001687400881644459,0.0,0.0,0.0,0.0252070399314081,0.09999999923878258,0.0,0.088682981822028,0.0009998578064684,0.0,1.0,0.0,1.0,0.09999766953329277,0.0,0.0010696836230647,0.09999272908230719,0.7668701788566937,0.3629467281004737,0.0,0.11607554106663537,0.9644531559899451,0.3457807670527614,11.0,6.0,0.4219653179190752,0.5,1.0,0.0,0.0,0.0,0.0,0.0,0.0,0.0,0.0,0.0,0.0,0.0,0.0,1.0,1.0,1.0,0.0,1
VAR_002796,0.009979081043668084,0.01374170893283497,0.025184130625007885,0.0001452114457205543,0.08268204637494116,0.06362440681045882,0.002419922362389836,0.0035890587636017647,0.01582706703793713,0.033476687970979746,0.04260743588764847,8.0,0.8,0.28670084721155603,0.46780673940250195,0.04835639082962478,0.6026234732421115,0.059238660105603094,0.24413579831978222,0.4,0.055701665260708376,0.05765712131679642,0.38032598567912845,0.4,0.5512256018981159,0.6,0.5738756159829057,0.05612096485535204,0.061248201081300226,0.060995465362718715,0.019995967446592537,0.07748530743115226,0.6,0.06928887993369648,0.4,0.4,0.2,0.6,0.49751930887710394,0.4,0.05012597062118614,0.8,0.4,0.47923485918210423,0.6,0.8534385382155497,1.0,7.0,0.06608262639127735,0.4,5.0,5.0,0.9151823680645423,0.9053868869102555,0.7640464523324115,0.6,0.6,0.35598897121877093,0.337373521324948,0.26262870247156034,0.4346821943836211,0.2727983626812624,0.6,0.07599064067863724,0.30053942816709145,0.07049504516010645,0.6,0.22245903092996994,0.6654481292099605,0.21999430746962112,0.0,0.4085975727796501,0.26020740031768874,0.009149855822191051,0.24072433776601748,0.6,0.28245085689805155,0.17317182567769898,0.4322192437816822,0.18641828101576957,0.43109374758675073,0.23085358159329455,0.4614683529280283,0.8804230057217165,0.6,0.013956824746516133,5.0,0.07530590790635275,0.7851451726580366,0.23004523908780028,0.0,0.6020455402524828,0.0,0.025218305359591527,0.0,0.05434968461753605,0.0,0.22000301535841482,0.0,0.42723973665531584,0.0,0.8372007966110779,0.0,0.0,0.20250022420427333,0.0,0.0,1.0,0.31209278022659215,0.0,0.5139710692312534,0.0,0.3023100640407385,0.0,0.6532233868530143,0.4704294684402275,0.23985045249652695,0.0,0.591564427944399,0.0,0.8,0.5556674424136122,0.5407190197526087,0.0,0.9054422602443378,0.6235175611271847,0.4411611405311646,0.0,0.6934954865327547,0.0,0.04014569082830398,0.0,0.3643138517709465,0.5222663306980302,0.2586856573430068,0.06100821634703016,0.0,0.3379754701066963,0.0,1.0,0.4053029761990289,0.7805000242529379,0.0,0.7024592413990233,0.8,0.006431175768531524,0.4,0.4763849544556452,0.5280211340898668,0.0,0.2993959703948213,0.0,0.6,0.05236143578772224,0.27158492565155756,0.9672273500184725,0.06428727717762053,0.0,0.8,0.0,0.6,0.019989576367593822,0.6908371895815749,0.07779485494493887,0.06293521555068961,1.0,0.9591838381065223,0.9870924388557473,0.6546072753324405,0.9534160850151816,0.7994800568662905,14.0,3.0,0.7167630057803468,0.0,0.0,0.0,0.0,0.0,0.0,0.0,0.0,0.0,0.0,0.0,0.0,0.0,0.0,1.0,0.0,0.0,0.0,1
VAR_002652,0.009617761469774493,0.026235250795723836,0.01771164906815474,0.006352082601805506,0.19598891878765462,0.09099434560154211,0.006900823604476691,0.010206632441966373,0.0015107447961344694,0.16326158766254398,0.023570530448688037,8.0,0.8113726538598559,0.09730310890775268,0.19313105675376754,0.4030052709278129,0.049392749914892675,0.4189465696132055,0.24147762059250757,0.2,0.2,0.040041796003848565,0.2615006187584764,0.6,0.33155115098497756,0.8,0.2,0.04130864014392804,0.014531516858466454,0.43205164083537334,0.0349845961893384,0.04300520339457966,0.8417744916943825,0.06830505730106287,0.6,0.8,0.8,0.8,0.5129576955912112,0.4,0.18704704512235373,0.4,0.8,0.6,0.6,0.8,1.0,7.0,0.02363748374561987,0.6,4.0,4.0,0.7339430898929598,0.7965866879536945,0.6552413434830612,0.6,0.8,0.48373259204197694,0.0129605407590737,0.49822385912902567,0.762635681550877,0.3826821696412692,1.0,0.014517863511824075,0.1711886540628864,0.00802093704584597,0.4,0.4287235977085829,0.624282993606611,0.049527614697783114,0.7041648714116937,0.27680561218363586,0.07309707243227288,0.006849031749796886,0.5576300606093029,0.4,0.41934222413931455,0.05947176739453915,0.752153011916556,0.2639065309794549,0.44543586671378155,0.06870771113234539,0.5434107259841462,0.24639508140808855,0.2,0.02477312252864551,4.0,0.0014708050426975052,0.3965056732907189,0.4,0.0,0.06731328761106752,0.0,0.0012241495087099512,0.0,0.2229711395226795,0.0,0.04172628775526316,0.0,0.3500023476537024,0.0,0.4023995018662262,0.0,0.0,0.0690316810369317,0.0,0.0,0.8,0.5383990316316706,0.0,0.4587679157998962,0.0,0.36905241823573365,0.0,0.43447318277316105,0.5307735882747118,0.08701006864052425,0.0,0.5269478400053582,0.0,0.44242426027535986,0.20003571161589023,0.1931732361188502,0.0,0.796482572755012,0.8,0.26584310935334066,0.0,0.35453906235048954,0.0,0.047328551402800144,0.0,0.5007750506603461,0.6003877397729651,0.0457714195106869,0.029752315784429197,0.0,0.47331075756821556,0.0,1.0,0.3976271728091882,0.057850059983822796,0.0,0.5400148070501849,0.0,1.1061569983058074e-07,0.0,0.9980546840754669,0.045515463580390006,0.0,0.0,0.0,0.2763518749132171,0.017335656492569015,1.0,1.2537638111809076e-05,0.0843389253510786,0.0,0.5423974970856479,0.0,0.0,0.0002674980698708349,1.0,0.0058105104111961,1.767891183660617e-17,0.7675885524269718,0.1450332572049532,0.0557174606758289,0.28141774346862436,0.9350049526112948,0.453761638080152,13.0,19.0,0.6358381502890174,0.6666666666666666,0.3333333333333333,0.0,1.0,0.0,0.0,0.0,0.0,0.0,0.0,0.0,0.0,0.0,0.0,1.0,0.0,0.0,0.0,0
VAR_002658,0.0013417899296851855,0.0002599407445528207,1.433844824939266e-05,1.774778522413527e-11,0.0003759045681745894,0.0024711807414494946,0.0010824308220930769,8.814400014212491e-08,0.0015917499165338095,0.0022098473785009324,0.000239852762033236,16.0,0.7148582410280839,0.1033168752316373,0.19313105675376754,0.4193364091817531,0.03167620851517183,0.398947468434367,0.2389751049132227,0.2,0.4,0.07965795870480964,0.4,1.0,0.7599257411767434,0.8,0.6,0.2599027774022434,0.23049864759495012,0.8434231156225455,0.040387895081938775,0.045128030711357056,1.0,0.23937926316723446,0.8,0.4,0.8,0.6,0.7862529507472347,0.6,0.03534064740839678,0.6,0.6,0.4,0.8,0.8,0.8,7.0,0.4126213592111241,0.4,4.0,4.0,0.7186757288987426,0.9336404285245994,0.8467705539359245,0.5790512055512553,0.6,0.5932455365474538,0.5556222868570961,0.8,0.6082968075949333,0.38052060993341563,0.8,0.06561619996818466,0.35782319706346727,0.054627449889510016,0.8,0.4882461768207162,0.8,0.2598177007907286,0.7013382081650745,0.2804625741239796,0.3108115934808729,0.008162290135553694,0.7805909031222648,0.5125699585301324,0.6,0.28995195079127634,0.8365304286421127,0.07505176528352736,0.3473649880973261,0.11253889114854435,0.5633705916084204,0.4,0.6,0.0425342708067761,4.0,0.002762057079631309,1.0,0.0,0.0,1.4850732262423837e-07,0.0,0.0989620190325312,0.0,1.1865767840372878e-09,0.0,0.0999998827188124,0.0,0.0,0.0,0.8,0.0,0.0,2.7782204521764197e-12,0.0,0.0,1.0,0.9247756978335234,0.0,0.5879939635994494,0.0,1.0,0.0,0.4850363028150252,0.9999999999555851,0.099747848337087,0.0,1.0,0.0,0.7036156976763329,0.595412881662615,0.7144238532950036,0.0,1.4875063058941673e-05,0.8672898909699359,0.8939427542211351,0.0,0.5230208872393179,0.0,0.0015394582074095,0.0,0.0,0.999999999999991,0.0801093442157834,0.0002053420850251937,0.0,0.0,0.0,0.8,0.542386845238096,0.0,0.0,0.0007398407993722431,0.0,0.0017619158685894189,1.0,0.116890984355598,8.409701904290083e-09,0.0,0.0,0.0,1.0,0.09998776692940836,0.0,0.999994586929547,0.0006444734236413,0.0,0.0,0.0,1.0,0.09999910003787967,1.0,0.0090367801518643,0.09603642396817799,0.9768523288367232,0.3875147425461573,1.0,0.6345931008525281,0.9205737527833269,0.8350282461462182,19.0,19.0,0.4739884393063584,0.6666666666666666,1.0,0.0,0.0,0.0,0.0,0.0,0.0,0.0,0.0,0.0,0.0,0.0,0.0,1.0,0.0,1.0,0.0,1
VAR_002800,0.0030288775665675218,1.474881154845181e-10,1.0630873463717855e-05,2.9115709032419487e-07,0.15239715687393762,1.9306998198260056e-12,0.0005082664280449424,3.3039139607425077e-10,0.011743640725430476,0.00027010499833498154,0.020613895967192913,13.0,0.8686317547481087,0.28454225713710873,0.00315598706597034,0.23358268322791473,0.4395352507019092,0.040002254443343786,0.405426155200849,0.0,0.4,0.03239889065083547,0.6770549425678796,1.0,0.40152682160120856,1.0,0.7688671637186383,0.07544070819106254,0.09812202357772054,0.2,0.040232624933821515,0.04360860319493644,0.8,0.0400442724514665,0.2,0.6,0.6,0.8,0.24021880950542746,1.0,0.07215003884687368,0.6,1.0,0.8,0.8,0.8,1.0,7.0,0.2599979582647101,0.6,3.0,3.0,0.8656206646079028,0.9648675032826166,0.8102035573711819,1.0,1.0,0.00037097708900805097,0.0,0.0,0.0,0.9212592617591492,1.0,0.0999186824822325,0.9000009558571295,8.82827135058613e-05,0.5059374935647173,1.0,0.3710945257088596,0.8211699753169037,0.6120580469901512,0.0124725870065642,8.125137910447249e-08,0.0005408442336539798,0.0,1.0,0.0,0.049886999999997246,0.0,0.004707688708114533,0.0,0.0955597278068999,0.0,0.2780409027082405,0.8,0.16692988991676266,3.0,0.01814004607130132,0.46926835500440384,0.6971431454382236,0.0,0.2786011383233128,0.0,0.07681610592631094,0.0,0.05126397064601949,0.0,0.19623397463361497,0.0,0.7805912318740471,0.0,0.8,0.0,0.0,0.039613369323000205,0.0,0.0,0.6,0.2,0.0,0.40088996270242394,0.0,0.5050120034515333,0.0,0.4,0.3752080096183279,0.2400438534048813,0.0,0.5378036734945808,0.0,0.8,0.42044531582346,0.2,0.0,0.7386699721842083,0.5062814470541104,0.4,0.0,0.27017983067324325,0.0,0.03756997978270703,0.0,0.2,0.8595864748482651,0.2537826513464636,0.045975553732972456,0.0,0.5950998580524873,0.0,1.0,0.20977280855665734,0.33913422666604076,0.0,0.7296116476989922,1.0,0.0022995863869006536,1.0,0.019216667682507002,0.9988341495170119,0.0,0.0,0.0,0.1724551885030792,0.09911346436455018,1.0,0.5866289623871089,0.0789383133472789,0.0,1.0,0.0,0.0,0.028766565329850342,0.0,0.0999999447994849,0.09999573403589648,0.9894956792273906,0.4452304108610218,1.0,1.0,0.9599393294682588,1.0,19.0,9.0,0.7803468208092486,0.33333333333333337,0.5,0.0,0.0,0.0,0.0,0.0,1.0,0.0,0.0,0.0,0.0,0.0,0.0,1.0,0.0,0.0,0.0,1
VAR_002651,0.017307811598317215,0.010400361041940424,0.04121521439871765,6.06026705149351e-05,0.07545573576470421,0.0016790596954704147,0.009772775016056074,0.007492826295440727,0.014664356188342805,0.04350419772743897,0.1254731163728584,8.0,0.8,0.18823930282781415,0.2678067394025019,0.20889589032035807,0.6191508038401308,0.05899311543614995,0.26305394533749615,0.2,0.543142430181673,0.04874164194345462,0.2,1.0,0.2,1.0,0.387608817405651,0.058590981180459356,0.060736539481691575,0.44332896118472165,0.0512155555431697,0.019738969093231813,0.6,0.07042029177730423,0.6,0.630187488380183,0.8,0.4,0.41670095246039,1.0,0.20790853271431115,1.0,0.6,0.4845356332796548,0.4,1.0,1.0,7.0,0.08654401704887298,0.4,1.0,1.0,0.7214239832913034,0.959860041534528,0.7338757243503817,0.6331605971979587,0.8,0.5303122256907927,0.4481992751209557,0.4,0.3342527016425924,0.2520035323356553,0.6,0.063378330497515,0.2696809899372733,0.04076855947869072,0.4,0.5219447700919035,0.5303717818690494,0.153009564695958,0.4,0.11275168060193089,0.07018363119834618,0.0012249691891122797,0.2,0.7030324471316148,0.33412143351509976,0.13792166516151638,0.5631497866630669,0.008057017947317087,0.5587129889483167,0.061561365686622495,0.43183351183410873,0.4,0.4,0.033973098701249864,1.0,0.03218940481945392,0.6093721828863015,0.5108541292641892,0.0,0.22034858633532345,0.0,0.2563098298579532,0.0,0.08650358919198119,0.0,0.24213108666242428,0.0,0.5053232972673553,0.0,1.0,0.0,0.0,0.03591729291790518,0.0,0.0,1.0,0.4,0.0,0.5167456292630341,0.0,0.41001462246754966,0.0,0.3422277673072016,0.31763654726956103,0.22541727058294314,0.0,0.8,0.0,0.8,0.4005179976371137,0.5733193211922283,0.0,0.5096236073660059,0.8,0.2,0.0,0.4386824027016235,0.0,0.2582607836044878,0.0,0.6,0.4885150745216138,0.25726831216147994,0.025169337691447618,0.0,0.6134758076976032,0.0,0.8,0.7659808210540736,0.5359226920867256,0.0,0.799819198456387,0.8,0.00786490316451081,0.5599986912125614,0.4046355500333888,0.9287029405520542,0.0,0.5351910027995347,0.0,0.7858006060807068,0.039462960470506334,0.4,0.8383696968256816,0.05917238313641617,0.0,0.6,0.0,0.5609300450794807,0.05135724404319965,0.5205024041496245,0.0543994574857685,0.08178394841310313,1.0,0.1066960155796446,0.996090234216686,0.9324947457430176,0.9482599673227581,0.9701419901111655,23.0,4.0,0.35260115606936415,0.0,0.3333333333333333,0.0,0.0,0.0,0.0,0.0,0.0,0.0,0.0,0.0,0.0,0.0,1.0,1.0,0.0,0.0,0.0,1
VAR_002784,0.000708457467898667,4.182276742732519e-05,4.824927616300946e-06,4.2499798938819125e-07,0.038836992266851014,0.0006574115244161059,3.624058643211452e-08,6.198769587654278e-13,9.203500983386528e-10,0.16018182326335154,0.0033591198891311995,13.0,0.6419349081192098,0.3479491629797579,0.41800912302219617,0.23875051033631087,0.2313538426077041,0.2400008620014691,0.2169045023168057,0.0,1.0,0.0999654931433022,0.0693516846092288,0.0,1.0,0.0,1.0,8.173882129800763e-13,6.239004358356112e-06,0.8187036733302323,1.7221004376540405e-09,0.00017160539453623343,1.0,7.481299875433221e-17,1.0,0.4,0.4,0.8,0.5632121095277202,0.6,0.21994934427792018,0.8,0.7896461609049747,0.3612643317168397,0.6,0.4,1.0,7.0,0.039740371488007825,0.8,2.0,2.0,0.807836638716122,0.9746273690836964,0.8819465669111521,1.0,0.0,0.999999974334924,0.0,0.0,1.0,0.9000003982055189,1.0,0.0999999998491939,0.3108600007929338,0.0999999635822102,0.0816020796493101,0.0,0.3306624579656241,0.0967368188196264,1.0,0.0987036125587953,0.0926613078728819,0.00027607365736126,0.0,1.0,0.0,1.1586650032548064e-13,0.0,0.6891239569329636,0.0,3.3727582004003373e-21,0.0,1.0,0.0,0.0005541536395170825,2.0,0.01832531946250656,0.0,0.0,0.0,3.359692949636439e-05,0.0,0.0999763907188222,0.0,0.9999975829882152,0.0,0.0927621442411887,0.0,0.3560857369924849,0.0,0.0,0.0,0.0,0.0033069720529524,0.0,0.0,1.0,1.0,0.0,0.0,0.0,0.0,0.0,1.0,0.999957195764879,0.0999998990081716,0.0,0.0,0.0,0.0,0.519873564382723,0.0,0.0,0.996583547718819,1.0,0.6500415567348184,0.0,0.0,0.0,0.0999999999988023,0.0,1.0,0.973320957935495,0.0693087671679919,0.0006129751821338558,0.0,1.0,0.0,1.0,0.9987739426720279,0.0,0.0,0.7337923465486162,0.0,0.09351948411064015,0.0,0.999999999950079,0.955450716645716,0.0,0.0,0.0,1.0,1.2830986015983882e-11,0.0,0.999732133243231,0.0996994259696471,0.0,1.0,0.0,1.0,0.09975096415914807,0.0,0.0940137248863684,1.0309222379238038e-07,0.988299957483872,1.0,1.0,0.7550718039808492,0.935195505886451,0.7703873135825325,5.0,10.0,0.4566473988439307,0.6666666666666666,0.3333333333333333,0.0,0.0,0.0,0.0,0.0,0.0,1.0,0.0,0.0,0.0,0.0,0.0,1.0,0.0,0.0,0.0,1
VAR_002776,0.031292345173400064,0.004303691333288479,0.010834205514640838,0.0033783415157901293,0.07879475856144914,0.028236065197703407,0.0058603742723969,0.026047020394023176,0.20137366026174586,0.23683344893847488,0.027058947527848844,25.0,0.7148582410280839,0.2043913421544336,0.19313105675376754,0.2330723733389214,0.05165258927162583,0.4018357139295047,0.4189755235560253,0.6505105603912262,1.0,0.0004855421241435,0.0,0.0,1.0,1.0,0.0,0.0999999503889157,6.755527884815223e-06,0.0,0.0981994895582288,3.6970724012953823e-11,1.0,0.0358626857124228,1.0,0.6,0.8,0.8,0.2,0.2,0.07251663870650206,0.4,0.8,0.7096101369212684,0.4,1.0,0.8,7.0,0.41396532246925277,0.4,3.0,3.0,0.8095517211909038,0.9661987617137422,0.8443520703003713,0.2,0.4,0.8083148130711095,0.4,0.8,0.4855312419980029,0.17872031439144792,0.6,0.040458626174634284,0.18027786788890124,0.08904917338782985,0.8,0.8228083737854371,0.4,0.4151872597565586,0.7107366693371814,0.27711258005657297,0.3776460703143569,0.011090436416413043,0.2874796572828842,0.027156992685713283,0.3716116722112881,0.4142980020483141,0.5547663581135479,0.08582668069506875,0.22396740715155997,0.09972329603297746,0.8134747318861765,0.8,0.6,0.04100941864997935,3.0,0.0029766154778073446,0.6,0.44546849321197446,0.0,0.04181322850236864,0.0,0.041290678198431505,0.0,0.2785846089341203,0.0,0.09033497567159758,0.0,0.42811869700060995,0.0,0.8,0.0,0.0,0.25993581680280115,0.0,0.0,0.6,0.8,0.0,0.2,0.0,0.46572723246113573,0.0,0.4,0.20279453193979266,0.21992482839055788,0.0,0.37845658422851625,0.0,0.2,0.7462081105652403,0.6,0.0,0.7968582743784662,0.5251308554446376,0.4931046844237268,0.0,0.3174042304773673,0.0,0.051902261402251126,0.0,0.5547549367525956,0.7337943507832336,0.026464155720424223,0.005815021752919321,0.0,0.7338986315542531,0.0,1.0,0.601383113002641,0.7934221477252525,0.0,0.39382066408378935,0.0,0.06325464936695441,0.0,2.787104333131483e-09,0.946223271984705,0.0,0.4180055117162161,0.0,0.0,5.4229706831640304e-14,1.0,0.975523253583393,2.9706047667603745e-07,0.0,0.0,0.0,0.0,0.06775260092949136,0.9879928192823136,0.0999988158981548,0.0008639081356502847,1.0,1.0,1.0,0.997427350645899,0.9589502091757869,0.9639713668158175,14.0,19.0,0.5260115606936416,0.33333333333333337,0.6666666666666666,0.0,0.0,0.0,0.0,0.0,1.0,0.0,0.0,0.0,0.0,0.0,0.0,0.0,0.0,0.0,0.0,0
VAR_003170,0.02768909257589308,0.00474147765973836,8.152399969922723e-08,4.4383266929388143e-07,2.2212371211567416e-05,3.391166112628113e-06,0.00045984146691268815,7.43229132060483e-06,7.997115068180761e-08,1.0545466560036351e-05,0.42349296925948143,9.0,0.6800044086079646,0.34388011202398,0.25118352891775453,0.4187505103448709,0.25059771151521737,0.2200022537825908,0.21898306676011123,0.0,0.0,0.0864930688648163,1.0,1.0,0.0,1.0,1.0,1.376738893199488e-06,0.0007277634966225,0.3592415456073849,0.1,0.00012299635163456915,1.0,1.9474360896753817e-07,0.0,1.0,1.0,0.0,0.0,1.0,0.099557205757315,1.0,0.0,0.9042363146341268,1.0,0.0,1.0,0.0,7.514413527947827e-12,1.0,1.0,1.0,0.8026367982017655,0.9655180264668716,0.8093794502511384,1.0,1.0,2.408862029408981e-06,0.0,1.0,0.0,0.0999829671176023,0.0,0.1884275886869951,0.0065654284108899,0.074612022623817,1.0,1.0,0.0,0.0003711180740806,0.0,0.0005939728942428996,1.0174434695024181e-13,0.002242702668100002,0.0,0.0,0.0,0.09999999993802043,0.7772336347196149,3.265273008363924e-06,0.0,0.2094222673272733,0.0,1.0,1.0,0.014850484820875115,1.0,0.00895775260686949,0.0,1.0,0.0,6.373463982674363e-08,0.0,0.0999999996633716,0.0,0.0954726480305944,0.0,0.0999999072618413,0.0,0.0,0.0,1.0,0.0,0.0,0.0998855764607974,0.0,0.0,1.0,1.0,0.0,0.101543529576234,0.0,0.0,0.0,0.5540664463505214,0.9999998374206449,0.0003361538473858,0.0,0.0,0.0,1.0,2.270450796805652e-12,0.2698656678349574,0.0,0.9999999734532381,0.0,0.0,0.0,0.0,0.0,0.0006568678088994,0.0,0.067345051249073,0.004665117074946,0.0008590419761554852,8.8502856161201e-05,0.0,0.0,0.0,0.0,0.999999941470615,0.0,0.0,0.9999999999998088,1.0,0.0004637148557878076,1.0,0.0006979972349572502,0.012651631338165,0.0,0.2882946804213863,0.0,1.0,0.07033329589476509,0.0,1.9801029560868384e-08,4.0545146122783505e-11,0.0,0.0,0.0,0.0,0.007591893858777736,0.6845251274288053,4.644133294898259e-21,0.012007550761332085,0.9966564135715414,0.9589203070182216,0.949648456038718,0.437958697083888,1.0,0.9440500958355338,11.0,19.0,0.21387283236994226,0.16666666666666669,0.3333333333333333,0.0,0.0,0.0,0.0,0.0,0.0,0.0,0.0,0.0,0.0,1.0,0.0,1.0,1.0,0.0,1.0,1
VAR_002813,0.025161144454548916,0.009785694886375387,0.013228997498911082,0.026066581472539055,0.1945508642395295,0.013117852400047723,0.024538620622776775,0.01693220161886457,0.0031581281481557785,0.0024494546663525,0.04915698971688469,8.0,0.6800044086079646,0.29473074545249317,0.0511835289177545,0.07292017949209564,0.4313537201275134,0.24000090080516345,0.40650758906793455,0.4,0.6,0.05451699591161352,0.4770549425678796,1.0,0.5300654138557686,0.8,0.7812583463129872,0.05781034638529838,0.05819560918105343,0.25098996787133826,0.02052496391144624,0.004631338404706069,0.6,0.027529303367936336,0.4,0.6,0.6,0.6,0.6,0.8,0.060769986732408666,0.8,1.0,0.2985308851678174,0.6,0.8,1.0,7.0,0.42613261871183533,0.6,3.0,3.0,0.8625287162871065,0.9721670830340263,0.8401881825543813,0.4,0.6,0.25408031180089424,0.4,0.6,0.5781820111081828,0.3369282016231053,0.8,0.07266008988650016,0.3112522880108553,0.1017362269827518,0.5011874987129434,0.4,0.7908096982404459,0.3300397287852688,0.5224116093980302,0.2226378958024254,0.26837783745723665,0.031336575307264455,0.2,0.6,0.4,0.4189124748481938,0.7480090371173487,0.02473568004902976,0.2882570374153305,0.14232608913257344,0.4,0.8556081805416481,0.8,0.1274141004438334,3.0,0.0445075850410607,0.6979146788761714,0.7028051193119725,0.0,0.2786191115694831,0.0,0.0849311108015504,0.0,0.030510526287411955,0.0,0.19941444730131344,0.0,0.6,0.0,0.6905686442974439,0.0,0.0,0.05956644265049534,0.0,0.0,0.7134113572896709,0.2,0.0,0.25896767670895515,0.0,0.3815057439993437,0.0,0.708605373482319,0.7148639931786023,0.22099869380591972,0.0,0.2,0.0,0.6789418419053532,0.7493789500128438,0.33453410170922704,0.0,0.6028037963976018,0.5207720097722911,0.5164798891035239,0.0,0.21798701758056568,0.0,0.040000433016984846,0.0,0.25407251084987015,0.5976031173761585,0.25793440369139,0.040271463922916494,0.0,0.6451034155056345,0.0,0.8,0.036937309020518554,0.49700975339610254,0.0,0.7954878531058899,0.8,0.019753653327415136,0.4,0.35027775769846015,0.6330350874614705,0.0,0.5508105789159392,0.0,0.3598139362357514,0.059837575125538355,0.4391252949077916,0.90358808514294,0.23583499382571665,0.0,0.8,0.0,0.5794091181312638,0.045052745571817154,0.5328987328906006,0.07731776421342987,0.04706527068411198,0.9654289685631652,0.9432215085624892,1.0,0.9833753116755443,0.9763706886774216,1.0,14.0,11.0,0.7919075144508672,0.0,0.6666666666666666,0.0,0.0,0.0,0.0,0.0,1.0,0.0,0.0,0.0,0.0,0.0,0.0,1.0,0.0,0.0,0.0,1
VAR_003241,0.009378592469539648,0.0016457638765108881,0.023894712609124475,0.0044947855560458555,0.004932097885995729,0.015471557693209083,0.006823218301505921,0.011936006484232247,0.0015698466710010468,0.2009946911675727,0.019181040585539568,8.0,0.7148582410280839,0.1033168752316373,0.19313105675376754,0.4193364091817531,0.03167620851517183,0.39894746843436707,0.2389751049132227,0.2,0.4,0.05985551465926768,0.4,0.6,0.37390451642682265,0.8,0.6,0.05244734653460274,0.01956493864132976,0.5754332444689318,0.0452129512570381,0.15602751861567105,0.6,0.07630544044547859,0.2,0.4,0.8,0.2,0.6435850338548258,0.6,0.22335898482424862,0.6,1.0,0.6985308851678174,0.6,1.0,1.0,7.0,0.050208574988470846,0.4,5.0,5.0,0.8163422749998119,0.9197562734705456,0.7675662055104759,0.6,0.6,0.7792611437973402,0.25062381798148736,0.8,0.44017821547707586,0.42949067575909317,1.0,0.07123725738010771,0.42304510973769505,0.026582815431837596,0.8,0.4,0.5442279488199315,0.007580445077366489,0.4,0.23962504493765335,0.09611201116802438,0.0008101661085783348,0.5927197936248615,0.31948912428626947,0.21135695159579115,0.11580835074904777,0.25605009338737206,0.06571201209673992,0.4492931978785954,0.0650973919850439,0.5310893184366141,0.8,0.2,0.01820792049374891,5.0,0.01660429427202079,0.5835957287664584,0.19689831511047656,0.0,0.04751588599299998,0.0,0.06096739532176232,0.0,0.22681979587100304,0.0,0.06997098227042982,0.0,0.3500023476537024,0.0,0.6929681461636701,0.0,0.0,0.05737055230668312,0.0,0.0,0.7134113572896709,0.5849551395667046,0.0,0.3175987927198899,0.0,0.640955924129758,0.0,0.4439279443981471,0.756455948254685,0.0628635033506242,0.0,0.44948149434365997,0.0,0.47380274889523405,0.32688198342291985,0.29496253138534706,0.0,0.598664870750273,0.5734579781939873,0.2952684399477509,0.0,0.2913417980184888,0.0,0.05790885800095297,0.0,0.37774520660548616,0.5997436079940917,0.07983669077740202,0.01795040874311067,0.0,0.6733107575682156,0.0,1.0,0.027133747102716058,0.2262390111248386,0.0,0.5614679145019037,0.4,0.006666771111792129,0.4,0.42503288698266994,0.3918506601549875,0.0,0.3271867968075356,0.0,0.6552703749826434,0.023736336079819603,0.8,0.4000030224623557,0.03699042275071631,0.0,0.3084794994171296,0.0,0.6,0.04335634217513697,0.6252706647665122,0.0435758933252048,0.041230180712873404,0.9975358454878842,0.712767817919101,0.9799096506893804,0.6678435404635169,0.9427738502121057,0.7059070947061368,24.0,25.0,0.5213872832369942,0.2666666666666667,0.43333333333333335,0.0,0.0,0.0,0.0,0.0,0.0,0.0,0.0,0.0,0.0,0.0,0.0,0.8,0.0,0.0,0.0,1
VAR_003126,0.00389301859315821,0.00022771865101125252,2.413583740563204e-05,0.0002571154279894755,1.3169661760026257e-05,4.359370048694723e-08,0.004329810708829938,2.7432728510782345e-08,0.0035698786772016267,0.12480623717615656,0.001959887890554867,28.0,0.7148582410280839,0.2043913421544336,0.19313105675376754,0.2330723733389214,0.05165258927162582,0.4018357139295047,0.41897552355602535,0.0,0.0,3.42887716787706e-10,0.0,1.0,0.4293309705662619,0.0,1.0,0.0373756428188295,0.09467098006497,0.0,0.099305237434558,0.0008706150575223576,0.0,0.0999880463363638,0.0,1.0,1.0,0.0,0.0,0.0,0.0994047324604334,0.0,1.0,0.0,1.0,1.0,1.0,0.0,8.813653455203288e-06,1.0,4.0,4.0,0.9972416623039755,0.970040431073427,0.8281852015742521,0.0,1.0,2.191321255121787e-09,0.5574054150029412,1.0,0.9743536151578318,0.0999901434585261,1.0,0.0999999999997217,0.0892236734748996,0.0198538304751804,1.0,0.0,0.247933067825967,0.0014958645704387,0.6555514865103381,0.0999919365314593,0.008042750822957,1.7082036228939055e-18,0.7893389993799194,0.0,0.3591324917155698,0.09811048911129462,1.0,0.00019565989741833273,0.1494380271485406,4.60994499832967e-13,0.0,1.0,0.0,0.019800921945426236,4.0,0.04297348216318443,0.6,0.5591578424302361,0.0,0.0007379322709503042,0.0,0.221161759566794,0.0,0.2000519089408958,0.0,0.06839774151653262,0.0,0.4281712150735194,0.0,0.8,0.0,0.0,0.24031049232759827,0.0,0.0,0.4,0.468777550327398,0.0,0.050783387529029,0.0,0.40144579815970927,0.0,0.41658907808361273,0.533728801514847,0.2200597257237243,0.0,0.6,0.0,1.0,0.3978190060181567,0.2,0.0,0.5541624403995761,0.6,0.4244463880979015,0.0,0.17727404089177184,0.0,0.22929407921794978,0.0,0.08607051424565451,0.7280782508134276,0.05658756291754304,0.000969931620021025,0.0,0.8,0.0,1.0,0.8871484529206215,0.5462067046636734,0.0,0.5888418622458645,0.0,0.005192003715515653,0.0,0.999514886675525,0.999998116453775,0.0,0.3906073888954507,0.0,0.0,0.00014276512385711542,1.0,0.999938352909473,0.0999851397205046,0.0,1.0,0.0,0.0,0.09999999275338606,1.0,0.099248020143824,0.09999942748923218,0.9464516969014324,0.7435040084672504,1.0,0.5807224170448815,1.0,0.7611669598498886,19.0,14.0,0.4277456647398844,0.33333333333333337,0.6666666666666666,1.0,0.0,0.0,0.0,0.0,0.0,0.0,0.0,0.0,0.0,0.0,0.0,0.0,1.0,1.0,1.0,1
VAR_003182,0.0043650175482423436,0.16325439206088185,0.05802236133122456,0.025419980926180665,2.7562465389121398e-09,0.013475274066261148,0.010737633829741385,2.8450958133871996e-06,0.00010750350284594134,0.024070678439214593,0.0019598878910340404,28.0,0.64193490811921,0.23440809368385018,0.3631126379241795,0.05875052803033539,0.21135384261399812,0.42183432214843863,0.2168995711155588,0.0739801182001882,0.0,0.0999718354756147,1.0,0.0,0.0,1.0,1.0,4.163492387446659e-05,0.0999280040132589,0.748847435545086,2.0907869142197937e-15,0.005187503520398233,1.0,1.9252976881760477e-08,0.0,0.8,0.6,0.8,0.2466904541964483,0.6,0.028867092769735547,0.6,0.8,0.6391255626954789,0.6,1.0,1.0,7.0,0.04684541377247558,0.4,3.0,3.0,0.7746160086306302,0.9547538636237856,0.8540056225428682,0.0,1.0,0.999999999999997,0.0,1.0,0.0,0.0999999996393302,0.0,2.0151865600452608e-09,0.0869244220170285,0.0998964961945395,1.0,1.0,0.0,0.0041386342098943,1.0,0.0999689337158264,3.033255441726729e-06,0.021916593750100303,0.402209875348352,1.0,0.8240164981732738,0.03449432302339275,0.849748441190929,8.59527837973645e-05,0.0,0.0885767465589862,0.8126468618858184,1.0,0.0,7.234235657885627e-07,3.0,0.0014273422353114902,1.0,0.3460035962652089,0.0,0.0640516781599429,0.0,1.704788921026403e-10,0.0,2.2449660726150686e-06,0.0,0.09999976990551429,0.0,0.8738250408132826,0.0,0.8740925633114207,0.0,0.0,5.63276789252979e-05,0.0,0.0,0.0,1.0,0.0,0.0,0.0,0.9456638376694302,0.0,0.0,0.996248085426058,4.9764908958999976e-15,0.0,1.0,0.0,0.0,0.541111835412477,0.0,0.0,0.999991019230972,1.0,0.0,0.0,0.0,0.0,0.0999996800397861,0.0,0.0,0.999974176745574,2.2875386476668066e-06,8.077453610153695e-10,0.0,1.0,0.0,1.0,0.0004196365209324478,0.5970494954543325,0.0,0.9962080507865418,0.0,0.004142623153136444,1.0,0.928693749461621,0.999999999999993,0.0,0.0,0.0,0.0,1.9951811825542696e-09,0.0,0.007926845903082999,0.0003010803804313,0.0,1.0,0.0,1.0,4.6631747118590276e-08,1.0,0.0999999165671322,0.0019226761818398848,0.9729574281225504,1.0,0.9760203255485096,0.6910952621013281,0.9699846022453642,0.9783439296819303,0.0,22.0,0.6184971098265897,0.5,0.6666666666666666,0.0,0.0,0.0,0.0,0.0,1.0,0.0,0.0,0.0,0.0,0.0,0.0,0.0,0.0,1.0,0.0,1
VAR_003080,0.0003737932475168505,4.891481142506143e-20,5.157982160201594e-05,0.00015247297310290686,0.045354820744606,0.0006435095068363764,0.01455452563634917,4.0796647989136255e-09,0.005064338284611588,0.04957650923910187,0.009666734697615432,19.0,0.6800044086079646,0.23033904272807232,0.19628704381973788,0.2387505280388954,0.2305977115215113,0.4018357139295604,0.21897813555886428,0.32399847006203386,0.4,0.06065676874569346,0.34753168698494274,0.8,0.5919305049203628,0.8,0.6473166810977447,0.04105955837147303,0.03746086807612056,0.481787829681096,0.025868012712200635,0.027056774744056867,1.0,0.23073314716716578,0.8,0.6,0.8,0.8,0.6,0.6,0.23534064689069306,0.8,0.8,0.4,0.8,0.6,0.8,7.0,0.4303962461317733,0.4,3.0,3.0,0.8981304398570735,0.9605545997629956,0.8356776574219379,0.2,0.7856145552302101,0.7690099994201902,0.41306344320964783,0.8,0.2205464597079138,0.16337548600957336,0.4,0.06953596316223777,0.18020025490278976,0.07382883921879495,0.4,0.5918661771178314,0.28492007540941194,0.2002570129525174,1.0,0.24944037658290594,0.40757107899950473,0.017175663106440878,0.341109057688894,0.2,0.5119443912196643,0.35733557513290987,0.43787606949938096,0.08659491087713757,0.0949866413095891,0.07564065611854165,0.6,0.6,0.6,0.04785032193497447,3.0,0.004314070916858104,1.0,0.0,0.0,0.0999999999946539,0.0,0.0997610643258062,0.0,0.0982188430310273,0.0,0.09999999999999949,0.0,0.0,0.0,0.6,0.0,0.0,0.0995038299805143,0.0,0.0,1.0,1.0,0.0,0.0,0.0,1.0,0.0,1.0,0.010134999114679001,0.0999934319002715,0.0,1.0,0.0,0.0,0.8064684173301679,1.0,0.0,0.9999999999543809,0.6256542772231879,0.3432914816291267,0.0,0.3272510773990891,0.0,0.099999999999997,0.0,0.7737746837629778,0.015096051449635,0.03232074923113109,0.027956066276874893,0.0,0.6694931577712652,0.0,1.0,0.006979298001806,0.4002724034829835,0.0,2.032418733026528e-05,0.0,6.878077668995346e-05,1.0,0.6360268022839031,0.995887537097659,0.0,0.0,0.0,1.0,4.238632294871725e-05,1.0,0.99999995791985,0.0999952167242071,0.0,0.0,0.0,0.0,0.09999999787149806,0.0,0.0999999999150944,1.485868397918104e-05,0.9894830442385516,0.9049137619242872,0.9674080336339506,0.9218186581163946,0.966075938670508,0.9926618283446552,14.0,19.0,0.5260115606936416,0.33333333333333337,0.6666666666666666,0.0,0.0,0.0,0.0,0.0,1.0,0.0,0.0,0.0,0.0,0.0,0.0,1.0,0.0,0.0,0.0,1
VAR_002709,0.0011590656317132574,0.16134278994456025,4.626685319163079e-05,0.0006768655558063994,0.00018932477157744082,0.0004957436656356407,6.524946617304738e-07,0.028614298893137186,2.888876793936698e-05,0.45206160455458155,0.009186388255796648,23.0,0.5148582410280839,0.21810220378841266,0.36341426824909756,0.06779811067246269,0.23231179527988638,0.4208261207643817,0.4190015606502275,0.3754135807234955,0.2,0.0667464768455952,0.4,0.8,0.6740920770721299,1.0,0.8,0.05908586906422035,0.043176323806200664,0.5760360137989524,0.02005399544896199,0.032959837729559405,0.6,0.07336638848171767,0.6,1.0,1.0,0.0,0.0,1.0,0.0999930961744113,1.0,1.0,0.0,0.0,0.0,1.0,3.0,0.0958948015665239,1.0,3.0,3.0,0.8387551204095918,0.9200050790191958,0.7483003728556835,0.0,1.0,0.42091381226992297,0.9608970625452588,0.0,1.0,0.024621374830921694,1.0,2.5952914180867764e-05,0.0999962758613858,1.684656652180498e-05,0.0,1.0,0.7446255129593428,0.0942379365842198,0.0,0.0020479004711025997,0.1,1.959337082252259e-09,0.0,0.0,1.0,6.908138912498615e-09,0.5389286522963022,0.09922308315554536,0.6764752901068236,0.0140538528745216,0.0,1.0,1.0,0.1204790488869832,3.0,0.0023678344983758047,1.0,0.2808547081098912,0.0,0.5836418815175763,0.0,0.20106667885788326,0.0,0.04674740706329848,0.0,0.22130259494844975,0.0,0.8332635630497952,0.0,0.8406817188752012,0.0,0.0,0.2733726547837635,0.0,0.0,1.0,0.4733890827468096,0.0,0.7851555827663435,0.0,0.5184413962226926,0.0,0.4387329864850541,0.3070724944024888,0.2594516778611565,0.0,0.8,0.0,1.0,0.5575260865823835,0.27155122419551764,0.0,0.5198170649531814,1.0,0.4,0.0,0.798567281198858,0.0,0.2745673598252408,0.0,0.4374104717029962,0.5990443529041091,0.2397909896547706,0.060429645045656,0.0,0.8,0.0,1.0,0.4150719718694485,0.40480428188140455,0.0,0.5994748823949613,1.0,0.0004605078075061488,1.0,0.00018069100182884051,0.991344388677581,0.0,0.0466340687108738,0.0,0.9056404182266882,0.09996070732261257,0.0,6.1634762397343976e-12,6.734716103328093e-05,0.0,1.0,0.0,0.0,5.251314828766967e-07,0.0,0.0025943802702669,2.8696525566755247e-08,0.9792107464623212,1.0,0.9588417774564924,0.6075150231668051,0.5928267508678263,0.788429049088507,11.0,6.0,0.4219653179190752,0.5,1.0,0.0,0.0,0.0,0.0,0.0,0.0,0.0,0.0,0.0,0.0,0.0,0.0,0.0,1.0,0.0,0.0,1
VAR_003057,0.0003707002175042612,0.00030692752591349745,5.6602774003662314e-14,1.6833271656075112e-07,0.03612317805049243,0.049100790002108576,0.000995099700134698,4.543601834787524e-06,0.04130358465472003,0.0021410328663295512,0.04372385769562853,16.0,0.6767887405393292,0.10676729810889685,0.35995665085820916,0.04300414943141721,0.03147188876470906,0.42183432214502353,0.3994444308501162,0.4,0.5173902206354615,0.06036565848675982,0.4886978081157821,0.8,0.4320047637436194,0.6,0.6,0.07802944297610398,0.04325372540704493,0.36620870357984664,0.030099010170565006,0.02120856447077271,0.8,0.050689541508611366,0.8,0.8,0.8,0.4,0.4,0.4,0.07321181279375814,0.4,0.786568001492173,0.43281495311218804,0.6,0.4,0.6,7.0,0.4306073628579167,0.8,3.0,3.0,0.9270244318224017,0.950540587937331,0.7671679643496933,0.6,0.5856145552302101,0.5120706918211282,0.18410488117325657,0.4,0.2205464597079138,0.041084417418182875,0.6,0.015507397267763932,0.0799839285722956,0.07938345866076771,0.8,0.5929151466852625,0.17737122570816954,0.06675564792652619,0.2,0.08504887220980348,0.06152230333125569,0.011818377050430541,0.5569672931692655,0.6,0.33023980462338426,0.05672407633570579,0.20232735936462837,0.09034089824534344,0.0,0.11060303168682024,0.5442117710191561,0.4,0.6,0.06306066372813095,3.0,0.10266055561884581,0.21419651918641378,0.6742954295972465,0.0,0.05657785078799874,0.0,0.06755483191688116,0.0,0.041850247456344206,0.0,0.06679100285097668,0.0,0.3788811570189486,0.0,0.6,0.0,0.0,0.22874976934409846,0.0,0.0,0.4,0.4623757842144144,0.0,0.18497291181820902,0.0,0.5101287999838535,0.0,0.26035106746420955,0.23364344488730193,0.04000064624202979,0.0,0.7638501671475512,0.0,0.41174533727603874,0.795339818990378,0.3906024843686723,0.0,0.3284345836383687,0.8,0.6532073904000875,0.0,0.15463217378360375,0.0,0.040160211313534054,0.0,0.4747310092797051,0.19997385319124938,0.07756386418819974,0.01339244015368771,0.0,0.7433534270685611,0.0,0.6,0.876942669936646,0.23102357391189082,0.0,0.17464705158389338,0.0,5.632878889988012e-07,1.0,3.2780234804174427e-12,0.567734047028722,0.0,0.0,0.0,0.6256103640664661,0.09999999983425949,1.0,0.943422859692203,8.026115976187109e-05,0.0,0.0,0.0,1.0,2.6938453132238353e-09,1.0,2.395018471828691e-09,0.08249495735026839,1.0,0.3944363637328239,1.0,0.9499291089380673,0.9473216834118251,0.9812305498245024,8.0,24.0,0.5895953757225434,0.8333333333333333,0.3333333333333333,0.0,0.0,0.0,0.0,0.0,1.0,0.0,0.0,0.0,0.0,0.0,0.0,1.0,0.0,1.0,0.0,0
VAR_002775,0.01047809763918833,0.11675223699610252,0.01642478973237379,0.04391561302209886,0.13886336778256578,0.0012230534066411125,0.0032500252592395458,0.011035264681071449,0.055434480602196634,0.002130085237701616,0.0019609296581087963,28.0,0.7148582410280839,0.25353034967675353,0.19313105675376754,0.0535060950232411,0.23240872036411261,0.4018343602913244,0.4065178166604959,1.0,0.6567896428760288,0.0999999970705514,0.3028816303659994,0.0,0.0,1.0,1.0,0.0999991860710978,4.390112282105438e-05,0.0,0.0025483397964738,4.5239377125124604e-06,1.0,0.0957621425280558,0.0,0.8,0.8,1.0,0.4,0.4,0.2536215321841778,0.6,0.8,0.7971123642915503,0.6,0.5980320218903412,1.0,7.0,0.43907566251392066,0.6,3.0,3.0,0.8070868251344958,0.9559946171930328,0.8145534421531672,0.8,0.6,0.3539564286750614,0.0,0.6,0.2,0.07714251457012127,0.8,0.031060997478996166,0.10978668893995358,0.04705170299934785,0.4,0.4,0.25079056669711397,0.23276710007120402,0.8,0.04922784036979646,0.04748243485217789,0.0008302158087949492,0.4968654149336912,0.6,0.45562907787001866,0.24665524510958378,0.4,0.05616098323153914,0.266678330665956,0.0802825502987383,0.7127204233382323,0.6,0.8,0.12292028616958046,3.0,3.0097223134963394e-12,0.3687389114521536,0.7762883378226113,0.0,0.059529539279856346,0.0,0.04148982591378757,0.0,0.24240807794698363,0.0,0.022979357720643325,0.0,0.49749906785453957,0.0,0.8,0.0,0.0,0.6001767082698743,0.0,0.0,0.8,0.469952498444855,0.0,0.20043814663139692,0.0,0.0,0.0,0.6,0.5541373599406998,0.010642594709473534,0.0,0.6,0.0,0.8,0.5950675305285622,0.6486026459736682,0.0,0.597051066088118,0.4827638859269256,0.4,0.0,0.21509163814093135,0.0,0.03902243516655195,0.0,0.41822479049570893,0.7271281598999773,0.058567448857766165,0.00171630965522835,0.0,0.6451034155056345,0.0,1.0,0.6072776617357067,0.6650810565114824,0.0,0.3980467714099167,1.0,7.734902883390357e-08,1.0,0.00014798711126652635,0.372276904718731,0.0,0.228182917245887,0.0,0.0,0.09934557812553813,1.0,0.996652369727562,0.0213200517265804,0.0,1.0,0.0,1.0,0.007135066502050437,0.0,9.811234797183518e-06,1.1986162941298526e-05,1.0,1.0,1.0,0.9756444205930017,0.9644408217962668,0.9575928123881131,14.0,11.0,0.7919075144508672,0.0,0.6666666666666666,0.0,0.0,0.0,0.0,0.0,1.0,0.0,0.0,0.0,0.0,0.0,0.0,0.0,0.0,1.0,0.0,1
VAR_002783,0.000855066648529378,0.00021018262953332358,7.061640195685894e-05,0.015591952900462397,3.4810649279159384e-07,0.00380729572938986,0.006969359793822238,0.00017378423625765088,1.508620331053927e-09,0.25768839075654726,0.0064329658392394675,20.0,0.6800044086079646,0.33205066863426563,0.19628704381973788,0.07248649218750373,0.23135372012854305,0.4218343609538152,0.4000599885411503,0.8770679036174777,0.0,0.0999833288873372,0.0,1.0,0.3704603853606498,1.0,0.0,0.093148601478597,0.090195522755545,1.0,1.345543024482269e-09,0.00027988436406738544,0.0,0.0999929526059575,0.0,0.0,1.0,0.0,0.0,1.0,1.2057748763674563e-06,0.0,1.0,0.0,1.0,1.0,1.0,0.0,0.0144201000042852,0.0,3.0,3.0,0.8021595399093626,0.9647084436545788,0.767816091200108,1.0,1.0,0.8234088918035549,0.0,0.0,0.0,0.0999999999478776,1.0,0.1124206926104885,0.0999976747849475,0.0999999999947997,0.0,0.0913812748524701,0.8246339017509775,0.0998057438599898,0.0,0.0999999999878577,0.0024636282156615,0.00021429869446224363,0.0,1.0,0.0,0.09696659827549031,0.5453613917968544,0.09999992301874266,0.4896761074919756,0.1098339897399444,0.0108808316274533,0.0,0.9338615087417297,0.13678600998122467,3.0,0.0034968121648826784,0.8,0.5592596205734013,0.0,0.5901689260832341,0.0,0.0015987251689973322,0.0,0.06263045646663826,0.0,0.05598922022521701,0.0,0.8,0.0,0.5656459485386446,0.0,0.0,0.457809644889589,0.0,0.0,0.8590441780407471,0.6,0.0,0.8,0.0,0.36181170740463225,0.0,0.2934002190817683,0.1528883724505239,0.05934047335699526,0.0,0.8639484484997361,0.0,1.0,0.5651323584445086,0.565495473065758,0.0,0.6205616138950887,0.8,0.27424872047567483,0.0,0.6173207308770718,0.0,0.05056129748144385,0.0,0.5493719860582033,0.629993222513459,0.07916663704508815,0.002086387134572888,0.0,1.0,0.0,0.8,0.7742813301488256,0.7812707694693829,0.0,0.4351978129738333,0.0,0.0009214381267603081,1.0,0.999999984503006,1.3678088330584634e-18,0.0,0.0,0.0,0.0,0.0918145288420907,1.0,0.999999997511457,0.0337766168117373,0.0,1.0,0.0,1.0,0.000911453107544035,1.0,2.6195015190141783e-05,0.09999969809126918,1.0,0.9710219728895608,0.960776274769835,0.7065923625033766,0.9630611234209681,0.6848602016271792,11.0,12.0,0.36994219653179194,0.8333333333333333,0.3333333333333333,0.0,0.0,0.0,0.0,0.0,0.0,0.0,0.0,0.0,0.0,0.0,0.0,0.0,1.0,0.0,1.0,1
VAR_002939,0.0038601667816858453,0.000995247327592303,0.0005481802642196701,0.0032203117445943883,0.09680786364821359,0.0018168850201512668,0.0038637841570996084,0.006662590165771464,1.7951229591744986e-08,0.047815218954082285,0.0290093186069264,8.0,0.738449320950982,0.3910558732733144,0.41800912302219617,0.21918535351702628,0.4300073380922836,0.23999996252123174,0.04331998638087868,0.00046473342152974,0.4,0.020016542598236174,0.3133062904099537,0.6,0.6518285049815206,0.6,0.7703528059315821,0.05556319887885167,0.060325011736325165,0.41625882107947465,0.019999121807173132,0.08617168006125733,0.8,0.0205509138517748,0.8,0.2,0.4,0.2,0.4446307668504429,0.2,0.43901507654216215,0.4,0.6,0.29869051269271046,0.6,0.2,1.0,7.0,0.024091690097892658,0.8,2.0,2.0,0.8957393602927843,0.9716564177860585,0.8668651571956946,0.6,0.6,0.5765118184924092,0.2,0.8,0.4,0.30550124588141586,0.2,0.06195641159801768,0.16541466088029258,0.037396242522321134,0.416320415929862,0.4,0.4290155143653047,0.0722810736896717,0.4,0.020097172177999258,0.018577479934737712,0.002106855267529591,0.205890984906691,0.7870543023153236,0.0,0.0551659132738429,0.43181612686029,0.19685009056181885,0.26303606420896786,0.061581695488302626,0.2055830926240539,0.4339320059340662,0.2,0.0027939611702558036,2.0,0.06229356930807396,0.6,0.2,0.0,0.0766639004101649,0.0,0.09832356827092757,0.0,0.5999798786844619,0.0,0.04750798939684924,0.0,0.3063356543313618,0.0,0.6132984189490285,0.0,0.0,0.001380487733657815,0.0,0.0,0.5729717873127582,0.4,0.0,0.17132126416923343,0.0,0.5517267924565112,0.0,0.6,0.9913693699250299,0.050478917994917535,0.0,0.5302250487805825,0.0,0.4,0.6682051546489869,0.4021870641971342,0.0,0.5908457974257229,0.6,0.5640930429265125,0.0,0.21690381253038177,0.0,0.05904776230952987,0.0,0.5985750448048646,0.9181782837017025,0.07182664329324355,0.00818332904881046,0.0,0.7984049374961171,0.0,1.0,0.5999678226250342,0.06691898965449669,0.0,0.46523214434528654,0.4,0.020189507525469653,0.513008070511589,0.8950176723248218,0.6550456109172971,0.0,0.3378844189598059,0.0,0.40880906259560934,0.06011079688916634,0.4490437328732595,0.5991937212277678,0.0722146976270685,0.0,0.8,0.0,0.8,0.056800334379360176,0.619801076814424,0.06519356876691203,0.032466165487578275,0.9813924573965842,0.9526212599251166,0.9799081544054415,0.8198755570311945,0.8939115429806384,0.7855839796205845,5.0,10.0,0.4566473988439307,0.6666666666666666,0.3333333333333333,0.0,0.0,0.0,0.0,0.0,0.0,1.0,0.0,0.0,0.0,0.0,0.0,1.0,0.0,0.0,0.0,1
VAR_003136,0.002085106314985886,0.012780320081705892,0.04502752597897961,0.03430450008708913,0.017177895134799653,0.002488360175093666,0.00048665312413278703,0.006001987382853825,2.8994006347846094e-05,0.08070113307630294,0.011560036859814507,8.0,0.7765188214397367,0.48869844822372993,0.25118352891775453,0.23292131767419466,0.4500072156068285,0.24000000132660826,0.2264804038064703,0.14134073409621836,0.8,0.021274206043723518,0.3163742418875817,0.4,0.6,0.6,0.8,0.052492034599489715,0.056549485930508125,0.36374073466604645,0.03377458899208069,0.020566557000869724,0.8,0.03740254709742332,0.6,0.4,0.2,0.6,0.5789379661998266,0.4,0.4399020238525873,0.8,0.6,0.4,0.6,0.6,1.0,7.0,0.05105476622691738,1.0,4.0,4.0,1.0,1.0000000000000002,0.8472930325992758,0.6,0.6,0.5780468664903736,0.2,0.6,0.4,0.2855045505276682,0.4,0.04197931800995241,0.1652809611637866,0.03739342276292703,0.616320415929862,0.4,0.30024722871287357,0.2524209687275571,0.6,0.2197556652455667,0.20341752331108848,0.007742866349231996,0.4,0.5870543023153235,0.0,0.0557432897635793,0.63181612686029,0.21615550608274603,0.21619213767532441,0.043507164687826734,0.4055830926240539,0.6,0.0,0.005461647990849638,4.0,0.06181720604068439,0.6,0.2700722816553255,0.0,0.23910045081694484,0.0,0.09570938009117884,0.0,0.4199872277813824,0.0,0.23856861549103398,0.0,0.48852531278164485,0.0,0.5576070336865064,0.0,0.0,0.04086031937260106,0.0,0.0,0.8,0.6,0.0,0.272169555075378,0.0,0.3517267924565113,0.0,0.8,0.8253782879847527,0.2695443969111598,0.0,0.13022504878058255,0.0,0.8,0.6646723489032818,0.26298394608174713,0.0,0.5902689300328574,0.8,0.33000831134696373,0.0,0.36173345729766193,0.0,0.059911231360859775,0.0,0.6,0.5540985093599581,0.27203516343807704,0.1803337508036209,0.0,0.9317322013720375,0.0,1.0,0.7962368339761225,0.13029160234441498,0.0,0.656785211244426,0.4,0.020549891711630488,0.6,0.9101057043495042,0.8491699521174847,0.0,0.2821495486300608,0.0,0.3693467387239421,0.06026952763011112,0.24904373287325948,0.7834456998311254,0.07997482166109413,0.0,0.6,0.0,0.8,0.0499214824253563,0.41980107681442397,0.04519385480768064,0.05210600297237532,0.978436147109871,0.8331599479391164,0.9744927952728086,0.8243031084493251,0.9351407349420562,0.7583924945828117,4.0,7.0,0.6589595375722543,0.33333333333333337,0.3333333333333333,0.0,1.0,0.0,0.0,0.0,0.0,0.0,0.0,0.0,0.0,0.0,0.0,1.0,0.0,0.0,0.0,1
VAR_002990,0.024240586671801782,5.2149830045871403e-05,0.058823965460279626,1.1435349460347561e-11,0.004030969590145232,0.00753005685461277,0.018941035061384868,2.056217844849713e-05,0.030744467430684798,0.01872035542641651,0.009275839215081844,19.0,0.7148582410280839,0.1033168752316373,0.19313105675376754,0.4193364091817531,0.03167620851517183,0.39894746843436707,0.23897510491322277,1.0,0.0,0.0960630533946933,0.0,1.0,0.0,1.0,1.0,0.0977587775972418,0.0999999166621659,0.1060402898106476,0.0916254030287033,8.096584398866032e-08,1.0,5.2925073565955296e-12,1.0,0.0,1.0,1.0,1.0,1.0,0.0999984549045782,0.0,1.0,1.0,1.0,1.0,1.0,5.0,0.0644256043280654,0.0,2.0,2.0,0.8742467195434489,0.6933158149912172,0.423439576797661,0.0,1.0,0.999999861837676,1.0,1.0,1.0,0.9640899999903868,1.0,0.005218235379464999,0.8405100000000857,0.0757107501570226,1.0,1.0,1.0,0.6580806685328539,1.0,1.0,0.8371178532404305,0.04051360152221746,1.0,1.0,0.2153210502734798,0.4451399999999968,1.0,0.03634783356192724,1.0,0.0417696179935132,1.0,0.0,1.0,0.05175355602772379,2.0,0.02635485831464173,0.0,0.4712908824038939,0.0,1.0,0.0,0.0314862464570126,0.0,0.0997796491533722,0.0,3.151288549586417e-08,0.0,0.0,0.0,1.0,0.0,0.0,1.0,0.0,0.0,1.0,0.2494787240711547,0.0,1.0,0.0,0.0,0.0,0.0,0.048607213736634,0.0415037644755154,0.0,1.0,0.0,1.0,0.999036168774436,1.0,0.0,7.38648328920535e-06,0.0,0.0,0.0,1.0,0.0,0.0071226285755171,0.0,1.0,0.991159632439224,0.003531565378221786,0.08284806286881087,0.0,0.9688590700541856,0.0,1.0,0.916004012744533,1.0,0.0,0.8323639361445225,1.0,0.020238145729203728,0.0,0.999998996199865,4.721963091368317e-08,0.0,1.0,0.0,0.942180768218351,0.010785231116374184,0.0,0.086261957790317,0.0997489775891591,0.0,1.0,0.0,1.0,0.016807854474427338,1.0,0.0979541042545292,0.0018229476100918849,0.0,0.9513330114171508,0.0252231282938479,0.1510840971198498,0.5573028992214164,0.36018105761599184,16.0,16.0,0.5375722543352601,0.6666666666666666,0.3333333333333333,0.0,0.0,0.0,0.0,0.0,0.0,1.0,0.0,0.0,0.0,0.0,0.0,1.0,1.0,0.0,0.0,1
VAR_002873,0.0061407693591868295,0.008836168339321562,0.013234548299556271,0.026779108398084686,0.06327752473325472,0.0004768058955421979,0.007466520982919222,0.015146480075725435,0.004051889974595448,0.02790513937635634,0.03182610474565619,8.0,0.7651461675798807,0.29222082154232437,0.17343919856130033,0.22830954205785173,0.6380918211022623,0.058993115436163826,0.24432538325465364,0.4,0.6255999798454317,0.05343668612218413,0.33809155317839157,1.0,0.5300654138557686,0.8,0.5812583463129872,0.04078806584739153,0.059925188544336414,0.11107921333993431,0.020160648652014383,0.007074447597228462,0.4,0.04739313172986993,0.2,0.8,0.6,0.6,0.24021880950542746,0.8,0.05261978105260819,0.6,1.0,0.555255603699089,0.8,1.0,1.0,7.0,0.22749939256797952,0.6,2.0,2.0,0.9258423052142226,1.0000000000000002,0.7570562774707413,0.4,0.4,0.2274318017893467,0.4,0.6,0.5781820111081828,0.20251167969454942,0.6,0.059997090792388,0.21465908811528367,0.05836117783136241,0.5011874987129434,0.2,0.5908096982404458,0.3313236232040545,0.5224116093980302,0.022637901065609273,0.09393623745723381,0.0009852245607367355,0.0035378638690771597,0.4,0.4,0.2531452317105874,0.6256650842339495,0.0031536600568057,0.15364617434859307,0.03774808456263145,0.2,0.8556081805416481,1.0,0.1290216158464143,2.0,0.00657537098995884,0.9851451726580367,0.7039834708987012,0.0,0.4585961226889669,0.0,0.2250628539235068,0.0,0.054159831933234946,0.0,0.39560040526355433,0.0,0.6365128007146652,0.0,0.9144752890328018,0.0,0.0,0.22213163870953373,0.0,0.0,1.0,0.0,0.0,0.34810845900169857,0.0,0.3951351731540452,0.0,0.8675619741573749,0.41384548874595295,0.439999853096103,0.0,0.591564427944399,0.0,0.8,0.7936300374490829,0.7564595040673676,0.0,0.6169827205133185,0.6235175611271847,0.6,0.0,0.4554687469395457,0.0,0.2004237570584443,0.0,0.4,0.8247403488770142,0.4599856813932611,0.06227518528683393,0.0,0.6138931437196609,0.0,1.0,0.39509657035175016,0.6965730242210442,0.0,0.5998847888600364,0.8,0.006932401962020585,0.6,0.24560421399426025,0.5276552198945011,0.0,0.5508105789159392,0.0,0.3598139362357514,0.05983899081790308,0.43912529490779156,0.7186830035728717,0.05059972092920907,0.0,0.8,0.0,0.5794091181312638,0.04739849803803768,0.6113769878527199,0.05731776913906149,0.04706512925301796,1.0,1.0,1.0,0.8363526148868538,0.9613827027399229,0.8318233418078619,16.0,11.0,0.9595375722543353,0.16666666666666669,0.6666666666666666,0.0,0.0,0.0,0.0,0.0,0.0,0.0,0.0,1.0,0.0,0.0,0.0,1.0,0.0,0.0,0.0,1
VAR_002693,0.0018824957661633837,0.051674406800964315,0.024292246176581014,0.0003434695458892751,0.1187568080247972,0.017020121107262223,0.008636058290421075,0.0003930071007828333,0.01278340715835024,0.13892147079419911,0.01638093471685957,8.0,0.611372653859856,0.24821431669808253,0.5158342812542861,0.41406371742875425,0.41099289250401666,0.25610351630451417,0.07769229123624184,0.3773721884571506,0.2,8.88032941133462e-05,0.326616047940046,0.4,0.14824961972391015,0.2,0.4,0.07321891964180607,0.052360720961100074,0.12996782568389104,0.032601446700221394,0.019732695598172437,0.6417744916943825,0.05674746605229221,0.8,0.4,0.4,0.8,0.6,0.4,0.22195257153986292,0.4,0.2,0.8,0.8,0.6,1.0,7.0,0.001249797300167756,0.4,2.0,2.0,0.8948516465255487,0.7086180321464652,0.5630472819681578,0.6,0.4,0.0747437009005422,0.4129605407590737,0.6,0.4296407923228319,0.28737110753704803,0.6,0.02283785036926339,0.2507089792650853,0.004703234298662034,0.2,0.8287235977085828,0.2622529207321665,0.07852273405511109,0.5294362868585132,0.1881251942032683,0.12850706260440026,0.005246945155254654,0.33885436037695965,0.5131978533291919,0.5558134702342267,0.02679519944903846,0.5639640703114134,0.24321563212324282,0.2915484778502409,0.05997535278960899,0.619943151054185,0.2,0.4,0.11836991293724691,2.0,0.011145621760404009,0.7285086130824302,0.6136783638693531,0.0,0.27078219816884574,0.0,0.056240618982052834,0.0,0.603551518507752,0.0,0.04368171261725328,0.0,0.1321910918498833,0.0,0.2,0.0,0.0,0.04051929819783036,0.0,0.0,0.6,0.2,0.0,0.38650014634358526,0.0,0.25517559674505685,0.0,0.8,0.6359531210820595,0.056894026481393876,0.0,0.3595147608317461,0.0,0.8424242602753598,0.5658929106267953,0.162759498184789,0.0,0.23960165683530676,1.0,0.314402943776263,0.0,0.28509692870654274,0.0,0.07361626999625882,0.0,0.52302984405486,0.513625812770682,0.012379428731744321,0.0023558161332228058,0.0,0.23474340628163537,0.0,0.8,0.5997051102192097,0.24432986090744796,0.0,0.40000761131171114,0.2,0.011028641842768716,0.8,0.20315989455220457,0.24704426256159057,0.0,0.0,0.0,0.4,0.06005803620711239,0.5540590732483762,0.40086160053864983,0.04325391138911046,0.0,1.0,0.0,0.6,0.040001549058133974,0.43067652769879466,0.020065863566289022,0.057368569867898754,0.9765697248451264,1.0,0.4887524149146034,0.15727085208350697,0.921804575448905,0.3925367974339297,10.0,13.0,0.5028901734104047,0.5,0.6666666666666666,0.0,0.0,0.0,0.0,0.0,0.0,0.0,0.0,0.0,0.0,0.0,0.0,1.0,0.0,0.0,0.0,0
VAR_002755,0.004086435031518886,0.005409398989792239,0.012982378328350046,0.004580911231380217,0.15097435964959766,0.013151783928016374,0.004742039844005479,0.0026161349562956325,0.003175490275463879,0.023997970374943153,0.04266613251888714,8.0,0.7148582410280839,0.1033168752316373,0.19313105675376754,0.4193364091817531,0.03167620851517183,0.39894746843436707,0.23897510491322277,0.6,0.6230962758389499,0.07924058341222875,0.3953925557721837,0.6,0.5739045164268226,0.8,0.4,0.04019802558624952,0.046934867275406536,0.6247476001193285,0.0653211086633418,0.16852563623524372,0.6,0.07629858386600107,0.6,0.4285073618913774,0.6,0.694277753448878,0.7297263856493694,0.6,0.39417769130800606,0.8,1.0,0.09853088516781741,0.8,0.4,1.0,7.0,0.21989964329575148,0.6,4.0,4.0,0.7976207557902402,0.9456983762623701,0.836610603028054,0.5790512055512553,0.4,0.7942532877041328,0.25062381798148736,0.8,0.8082968075949333,0.19119760025382165,0.8,0.05969882738220776,0.16866783699090596,0.020289357589132813,0.4,0.4,0.6804311985674708,0.03977449565389716,0.5041648714116936,0.2370342624395075,0.1922895670090652,0.004883598738561697,0.543044179680147,0.8159839246613331,0.4506954729281363,0.07761806713667642,0.5056817954192843,0.03958952444443082,0.36952006749927196,0.09347976039149332,0.4265386199253651,0.4463950814080885,0.2,0.003356940791316764,4.0,0.028220945114212543,0.6323312228177003,0.19689831511047656,0.0,0.08502462359788839,0.0,0.08115588499460666,0.0,0.2267987083414166,0.0,0.04828860899378427,0.0,0.5541750568521527,0.0,0.6905686442974439,0.0,0.0,0.07728945317451023,0.0,0.0,0.881891370502782,0.4,0.0,0.29915170909385547,0.0,0.5330044628555549,0.0,0.5248837852091706,0.7033550284550889,0.04114053810453402,0.0,0.24948149434366,0.0,0.27894184190535337,0.7290273191539419,0.3129386372719192,0.0,0.5986631380647511,0.740134973345189,0.316479889103524,0.0,0.172686172097346,0.0,0.09906330578270106,0.0,0.20547801505801874,0.5270833810346546,0.06161364985404985,0.000591313300553061,0.0,0.8717156950643327,0.0,0.8,0.2257529683475298,0.20043672917505848,0.0,0.7606692428757791,0.4,0.0038590288889191423,0.6,0.8555828114846251,0.34011585429290325,0.0,0.5227320245778447,0.0,0.8622345811864214,0.059999055840359174,0.8,0.4643639145598153,0.04028368855132149,0.0,0.4,0.0,0.8,0.0598724513196684,0.6,0.09711496035303671,0.02222115736646901,0.977108016649123,0.989354064792442,1.0,0.8217865479916452,0.9770135118122726,0.7824318803920379,15.0,17.0,0.4219653179190752,0.6666666666666666,0.3333333333333333,0.0,1.0,0.0,0.0,0.0,0.0,0.0,0.0,0.0,0.0,0.0,0.0,1.0,0.0,0.0,0.0,1
VAR_003100,0.0037856171789947962,0.11387536698177977,0.012950539336482273,0.004577055843590051,0.11602160620426008,0.06510039050905464,0.0021393792825314104,0.003922386542111361,0.0009742249455320861,0.08150907147457088,0.04323619832673693,8.0,0.6767887405393292,0.020308367404804573,0.2148531359562258,0.2230041150516894,0.05071575767119265,0.2400022156345521,0.4183497382724298,0.4,0.15445004986776895,0.08001236790412582,0.38276192423229577,0.8,0.8,0.8,0.4,0.05504143054650616,0.045474095242388754,0.44410559614080264,0.03903907384208247,0.0341873607284757,0.6,0.06641200054164093,0.6,0.8285073618913774,0.4,0.8,0.46806096995203783,0.4,0.22009527485704808,0.6,0.8,0.4196309405539809,0.4,0.4,1.0,7.0,0.038455737112328206,0.6,4.0,4.0,0.9949057445171514,1.0000000000000002,0.8632055054640029,0.0,0.0,0.999993747157179,0.0,0.0,1.0,0.0999628017314066,1.0,1.4413956604893209e-08,5.180371588401043e-16,3.017304358566241e-09,0.0,0.0,0.6810162487376966,1.1196051272052445e-05,0.5208243570584681,0.0554894084986981,3.789237623844053e-05,9.781318036333016e-07,0.0986551384804632,1.0,0.6346116085012137,0.09979833333429283,0.5284089770964212,1.2577542636197993e-09,0.5259850653643817,0.0999999999992604,0.0,0.2319754070404428,0.2,0.0076262557432508074,4.0,0.02747680160530881,0.21419651918641378,0.5275104089394596,0.0,0.061698130424757705,0.0,0.061161995828791504,0.0,0.2200510251039284,0.0,0.06962170603625756,0.0,0.4024804821080304,0.0,1.0,0.0,0.0,0.06248860074140818,0.0,0.0,0.768480013213111,0.6623757842144145,0.0,0.40229393127197166,0.0,0.70035458518786,0.0,0.40953854215536056,0.43364322583178955,0.020142532576782828,0.0,0.64948149434366,0.0,0.41174533727603874,0.5954257977346562,0.3690070199313645,0.0,0.3987866228147079,0.8,0.6,0.0,0.3117760642125482,0.0,0.05926948104946267,0.0,0.22689509732474739,0.5999722165288877,0.08069530158821109,0.013612741842547857,0.0,0.690646009558155,0.0,0.8,0.5646112529613421,0.01734072596394824,0.0,0.5353037368670823,1.0,0.010341955947661047,1.0,0.31123649595911,0.0010126339929719997,0.0,0.7686850051554301,0.0,0.3111729059321065,0.09999914362064237,0.0,1.47670715557015e-11,0.0014078532716249,0.0,1.0,0.0,1.0,0.08527066567978725,1.0,0.0999999996226237,1.5572118265436452e-07,1.0,0.8890855054290661,0.9856772648735244,0.7419900290125307,0.9812842942896514,0.6681182140604118,9.0,22.0,0.46242774566473993,1.0,0.5,0.0,1.0,0.0,0.0,0.0,0.0,0.0,0.0,0.0,0.0,0.0,0.0,1.0,0.0,0.0,0.0,0
VAR_003188,0.006542468535887834,0.0008468818187683843,7.806455110705393e-05,1.547926950802716e-09,0.006391277635146931,0.00021437937032227542,0.004686131857368349,0.03570880012140878,5.86132884643937e-06,0.00020053495478792696,0.008831495559203102,18.0,0.7148582410280839,0.30267971624824036,0.3931310567537675,0.3993364258760163,0.05165271175181649,0.38183571326875165,0.2189932943526725,0.0,1.0,0.0998957742973475,0.8683459438701664,1.0,0.0,1.0,1.0,0.0369738685140737,5.884521419752385e-09,0.107594405121424,0.0974981181143911,1.2413015408498168e-13,1.0,0.099285678498223,1.0,1.0,0.0,1.0,0.0,0.0,0.0412711094551565,1.0,1.0,0.0,1.0,0.0,1.0,3.0,0.0998408298074775,1.0,4.0,4.0,0.7764711581077819,0.9571563009789993,0.8536379273931863,1.0,1.0,1.3061882413739269e-05,0.768481264616991,1.0,1.0,0.1513800419485011,1.0,1.537497725075796e-12,0.2486772280498493,0.0008206705041092,1.0,1.0,1.0,0.0806395044037514,0.0,0.0005095057388584996,6.677752784754319e-06,0.0,0.9258463456218184,0.7558618683741049,1.0,0.09999999996922174,0.9067207011483484,0.09999999999894206,0.0,0.05553036317119,0.3221555575367143,0.7176614682166702,1.0,0.10524012210702441,4.0,0.01400738442814904,0.0,1.0,0.0,0.0326189671364434,0.0,5.435072949424749e-17,0.0,0.099999999999157,0.0,0.0997855540002979,0.0,0.0,0.0,0.0,0.0,0.0,0.991228116189652,0.0,0.0,1.0,0.0,0.0,1.0,0.0,0.1328686620632773,0.0,0.4670010954088416,3.0501002107429457e-05,0.0011088648184148,0.0,0.3197422424986808,0.0,1.0,0.9966066586850609,1.0,0.0,0.134829487224564,0.0,0.0,0.0,0.0,0.0,0.0132166322533858,0.0,1.0,0.642941829451109,0.09999639542949341,0.008605267011359694,0.0,1.0,0.0,0.0,0.9965606326879111,1.0,0.0,8.909505024157471e-06,1.0,0.030522437073633807,1.0,0.897900337755426,0.9999531766667211,0.0,0.0,0.0,0.7770340132106146,0.0048865037743220695,0.9310482954973276,7.320915344744182e-07,0.0402055331243398,0.0,1.0,0.0,1.0,0.09997661088230167,1.0,0.0999987467710142,0.09991431569704759,1.0,1.0,1.0,0.537443187440423,0.9719256362754798,0.5873625793978879,10.0,17.0,0.4450867052023122,0.8333333333333333,0.3333333333333333,0.0,1.0,0.0,0.0,0.0,0.0,0.0,0.0,0.0,0.0,0.0,0.0,1.0,1.0,0.0,0.0,1
VAR_002878,0.0726569529832208,9.10112618457624e-05,4.562953708924042e-06,0.34801169335709753,0.004310026253397197,0.03165534079391353,0.024350180505415184,0.17854434809225037,0.03599198959135975,2.2516127905428942e-14,0.35751767821126174,12.0,0.8,0.18823930282781426,0.2678067394025019,0.20889589032035807,0.6191508038401308,0.05899311543614994,0.26305394533749615,1.0,1.0,0.0593591999303786,0.0,1.0,0.0,1.0,1.0,0.0993008946365606,2.659578878805815e-17,1.0,0.0970544455217938,1.0264336691618089e-23,1.0,0.0999994871245864,1.0,1.0,1.0,1.0,0.0,1.0,0.0614295600574866,1.0,1.0,1.0,1.0,1.0,1.0,3.0,0.0999892679216397,0.0,2.0,2.0,0.9158634137706896,0.9340524056484072,0.8155400260814967,1.0,1.0,7.358878892569632e-06,1.0,1.0,1.0,1.0,1.0,0.0999999998625075,1.0,0.1053496,1.0,1.0,1.0,0.3106955407118409,1.0,1.0,1.0,0.24585052589666803,1.0,1.0,1.0,0.08654638715876906,1.0,0.062265924751127646,1.0,0.3741686689576207,1.0,1.0,1.0,0.11882648051582567,2.0,0.4054961001026935,1.0,0.369691159054504,0.0,0.0996464484715909,0.0,1.0,0.0,0.0991993410286326,0.0,0.9780019846069672,0.0,1.0,0.0,1.0,0.0,0.0,0.0033928319140649,0.0,0.0,1.0,0.0,0.0,0.0,0.0,1.0,0.0,1.0,0.171671997798012,0.999999999985721,0.0,1.0,0.0,1.0,0.994159820491298,1.0,0.0,0.011751990581789001,1.0,1.0,0.0,0.010009992995141,0.0,1.0,0.0,0.0,0.9999997716357479,0.9999978751625073,0.10007178892448415,0.0,1.0,0.0,1.0,0.94891118467351,1.0,0.0,3.144527991085466e-07,1.0,0.0694567257406845,1.0,5.378568600612218e-13,0.06977475582388601,0.0,0.6803302905941435,0.0,1.0,0.10000000000083559,0.0,0.9961758115172701,0.9000202547851294,0.0,1.0,0.0,1.0,0.09286873893485305,1.0,0.0646159091694179,0.0030117342071048847,0.9982038904412744,1.0,1.0,0.5462494054249661,0.9216371785012969,0.8000911281895859,16.0,8.0,0.5549132947976879,0.5,0.3333333333333333,0.0,0.0,0.0,0.0,0.0,0.0,1.0,0.0,0.0,0.0,0.0,0.0,1.0,1.0,0.0,0.0,1
VAR_003229,0.0003739207386025189,1.3387229265692812e-12,0.029405402600501396,0.011751680144470792,6.508953517741947e-10,0.02810379451151858,9.445960739301646e-08,0.005802370105512144,0.00040981460172878045,0.03614336554166267,0.008726108351859435,11.0,0.7148582410280839,0.1033168752316373,0.19313105675376754,0.4193364091817531,0.03167620851517183,0.39894746843436707,0.2389751049132227,0.2,0.4,0.05823771381114003,0.6,1.0,0.4,0.8,0.6,0.2524473463483493,0.2052822490330631,0.6305718734999476,0.2402600363983302,0.12382715885391984,1.0,0.25502079192115984,0.4,0.8,1.0,0.8,0.44358503385482584,0.8,0.43407229600379227,0.6,1.0,0.6,0.6,0.8,1.0,7.0,0.06010203406852928,0.2,5.0,5.0,0.8680803618866173,0.9479462718906403,0.7721124121438949,0.6,0.8,0.7579542920986261,0.4,0.8,0.440178215477076,0.6294743263428934,1.0,0.1142393915281537,0.6228153803508605,0.22658240111032915,0.8,0.6,0.6,0.09110527824936772,0.4,0.4396250390378792,0.2761120208663387,0.017017547703349553,0.6499975447630719,0.3194891242862695,0.4,0.2958100673016938,0.456050093387372,0.20563765016434848,0.5323351315495259,0.2615050480644344,0.6,1.0,0.4,0.22178142505785792,5.0,0.11994201428088212,0.6679970602082888,0.0,0.0,0.047556601767660085,0.0,0.2409683341299563,0.0,0.23996253105823176,0.0,0.26990698328522883,0.0,0.3500023476537024,0.0,0.6023995018662263,0.0,0.0,0.03777755682412951,0.0,0.0,0.8,0.7849551395667047,0.0,0.43675886983813916,0.0,0.7129602104728262,0.0,0.5204187380939158,0.5999994292043586,0.2622319596738394,0.0,0.64948149434366,0.0,0.5407231395352665,0.3908805230397523,0.2264052671654298,0.0,0.6206421414437546,0.5734579781939873,0.378788550844227,0.0,0.29923091722453476,0.0,0.23790885800095296,0.0,0.37774520660548616,0.5995706803243459,0.25999193190173586,0.21767914178186754,0.0,0.6733107575682156,0.0,1.0,0.20000013202235967,0.06303523119414046,0.0,0.376696305782136,0.6,0.20666674898865214,0.6,0.2516726173772932,0.3913671155339439,0.0,0.5271867968075357,0.0,0.8,0.020301979714580465,0.6,0.6000005149347334,0.2201226376805006,0.0,0.4,0.0,0.8,0.04517376663452272,0.4344563259574928,0.042680735617933174,0.04123021637880839,0.9907500134027598,0.7073115997180659,0.9881659596000372,0.6368338537322404,0.9453122085461648,0.7883060693518893,24.0,25.0,0.530635838150289,0.33333333333333337,0.6333333333333333,0.0,0.0,0.0,0.0,0.0,0.0,0.0,0.0,0.0,0.0,0.0,0.0,1.0,0.0,0.0,0.0,0
VAR_002916,0.0029433091846729304,0.054709157113818574,1.0209244741684351e-11,0.15774634177285327,8.459107559083993e-12,0.006763405472845315,0.002164259927797847,0.008927262258341496,2.6743289268308064e-06,3.3731393391104e-08,0.027453700448666005,15.0,0.6800044086079646,0.4455917379301733,0.25118352891775453,0.2524864744934792,0.251353720122249,0.2400009008068456,0.4000649197423973,0.0,1.0,0.000111401194796,0.0,1.0,1.0,0.0,1.0,0.0880069629408035,0.099999973118049,1.0,1.0566919436307844e-10,0.0003464056401237115,1.0,0.0996387714299936,1.0,0.6,0.6,0.8,0.5632121095277202,0.8,0.019493855112305458,0.6,0.7896461609049747,0.4986905126927105,0.6,0.8,1.0,7.0,0.042689044315403865,0.8,4.0,4.0,0.774604145560579,0.8931546842410404,0.8258981368311782,0.0,0.0,0.007675271882516,0.0,0.0,0.0,3.5512018477683555e-08,1.0,1.0607185537176218e-08,0.0982679705915774,0.00020963916231709996,1.0,1.0,0.1705736855987437,0.9046899983103882,1.0,1.0,0.9242497080438852,0.028192908368723613,1.0,0.0,0.0,0.10288539999999485,1.0,0.09999999999999486,0.2015850364961983,0.0096238049602811,1.0,1.0,0.0,6.688004109724199e-09,4.0,0.15974421968684369,0.6,0.3592596205734014,0.0,0.4235858459998106,0.0,0.059547169489223915,0.0,0.23997990039124417,0.0,0.03467922500756782,0.0,0.4890274889482139,0.0,0.7249642296634433,0.0,0.0,0.040265737473333826,0.0,0.0,0.6044917740996472,0.6,0.0,0.4,0.0,0.42728612052400977,0.0,0.2,0.6272044005680752,0.07998114084778524,0.0,0.7302250487805825,0.0,0.6,0.63372191309029,0.2,0.0,0.9844520753224781,0.8,0.3640930429265125,0.0,0.6142989844519269,0.0,0.06782741756453686,0.0,0.39857504480486455,0.7591127874944599,0.0736491252078151,0.0078153827664062,0.0,0.8,0.0,1.0,0.7749509487505357,0.192904934065451,0.0,0.4658470465299562,1.0,0.0027688127161246833,1.0,0.998985309484864,0.9723076106203,0.0,0.0,0.0,0.2582799201309758,0.10000000000106149,0.0,0.923252175924924,0.0999903858672394,0.0,0.0,0.0,0.0,0.06539202449504845,0.0,7.393768954800981e-07,0.09998195601994608,0.9687027458652866,0.9833986305293462,1.0,0.6777703426542385,0.9891352434548081,0.726998412609272,4.0,7.0,0.6589595375722543,0.33333333333333337,0.3333333333333333,0.0,1.0,0.0,0.0,0.0,0.0,0.0,0.0,0.0,0.0,0.0,0.0,1.0,0.0,0.0,0.0,1
VAR_002950,0.008134359058980137,3.8928895039216865e-07,1.2688274415014624e-08,1.3753414678323844e-12,0.06143508568919516,4.8982071694878346e-05,0.0005410950848588178,0.0009360851657203762,1.754956950730396e-06,0.031165949536346566,0.023952604987487077,15.0,0.611372653859856,0.34928878362087884,0.5158342812542861,0.2277996815859226,0.43096927326047063,0.2589917617996518,0.2576927098790444,0.5559503684238472,0.4,0.029879743652266956,0.5424855540438683,0.4,0.6046798872971606,0.6,0.6,0.06595791088463479,0.06002872839053984,0.23605402015164206,0.03996588952484682,0.00033050286100241887,0.8,0.07971571774533642,0.8,0.8,0.8,0.6,0.46131471254247636,0.6,0.07882799804616299,0.4,0.6900366251953745,0.4984404048828687,0.8,0.8,1.0,7.0,0.041706623756747795,0.6,2.0,2.0,0.9178473256103974,0.8197992040803013,0.7767666525921804,1.0,1.0,0.936359918455324,0.0,1.0,1.0,0.0991487417894787,0.0,0.0937834290235408,0.1890659385482139,0.0004248422343646,1.0,1.0,0.6831747711913764,0.0931863923026391,1.0,0.0012052914617382995,0.0952952632570497,1.2869866466565769e-08,0.0,1.0,0.8306605090184432,0.06758101171751754,0.4681607371147259,3.323037669157819e-05,0.3001454471718051,4.944993798533542e-05,0.6249664497701104,0.0,0.6,0.15189355050746509,2.0,0.02219085134246237,0.8,0.562680212676478,0.0,0.4036457954068223,0.0,0.25780666289794724,0.0,0.09705942991179513,0.0,0.05898843774983444,0.0,0.5357074465375556,0.0,0.6,0.0,0.0,0.05952962906663638,0.0,0.0,1.0,0.4,0.0,0.5139851819676746,0.0,0.3922690796845643,0.0,0.4559826956621495,0.6239350012100668,0.04710401621933112,0.0,0.64580697821612,0.0,1.0,0.031216050922805685,0.04595708843962124,0.0,0.4351661512783057,0.8,0.6,0.0,0.5797968459105404,0.0,0.24000000238689695,0.0,0.16304758411499068,0.6295828180257621,0.04179151742128887,0.0021754232135720213,0.0,0.6,0.0,0.8,0.7777899941942727,0.32655841263244123,0.0,0.599561351057494,1.0,0.002241529648050096,1.0,2.36932789903693e-06,0.8187206160908269,0.0,0.0761291300371742,0.0,0.0,0.08150606163441357,1.0,0.99999790687072,3.209690107607383e-07,0.0,1.0,0.0,1.0,0.01943024798071074,0.0,1.4519636343680534e-06,0.06711505740096278,0.9580365055585228,0.9786038464353845,0.98600827477678,0.1297152829579587,0.9465426363379006,0.45238530004816324,11.0,6.0,0.4219653179190752,0.5,1.0,0.0,0.0,0.0,0.0,0.0,0.0,0.0,0.0,0.0,0.0,0.0,0.0,1.0,0.0,0.0,0.0,1
VAR_002635,0.016256184943415294,0.08025812993721763,0.00010890228615426234,0.06960403567209265,0.09428296140390907,0.028034275746389378,0.008325738362503188,0.03660593870984593,0.010253774095262125,0.0024410713117948638,0.0731459385602673,8.0,0.8,0.18823930282781415,0.2678067394025019,0.20889589032035805,0.6191508038401308,0.05899311543614995,0.26305394533749615,0.8,1.0,0.0656978543289618,0.05639369847599276,0.6,0.2272792669319464,0.6,0.4,0.05986034604391062,0.052677081287217466,0.6643812468784263,0.08779880422500383,0.15375713420335724,0.8,0.0799492639722701,0.6631621859928577,0.6,0.8,0.8,0.38771471948242353,0.8,0.03314016252621109,0.8,1.0,0.6,0.8,0.6,1.0,7.0,0.24047404076979642,0.4,2.0,2.0,0.7616372021600424,0.9667122930247751,0.8682340310070082,0.7790512055512553,0.6,0.11914572839102697,0.2,0.8,0.9560706905344096,0.26157948972046874,0.8,0.06011592877866562,0.2834501529750719,0.06107587967921824,0.6,0.4346327347410731,0.5542898146239053,0.3418065440198347,0.9013382081650745,0.2778914406059333,0.2876215909118923,0.05152848591849657,0.38059090312226473,0.5079702731871614,0.8,0.17881672005186425,0.7572018837756238,0.025668946096379982,0.547364988097326,0.14575420371442835,0.3633705916084204,0.6,0.6,0.02619183501112364,2.0,0.10597572937854391,0.6323312228177003,0.662072888158105,0.0,0.09987164859972215,0.0,0.27793397076038756,0.0,0.05609518266370968,0.0,0.2512177387334613,0.0,0.8,0.0,0.6905686442974439,0.0,0.0,0.08065286656084958,0.0,0.0,0.7134113572896709,0.4,0.0,0.03276821891277952,0.0,0.5633652885461411,0.0,0.7069824632738179,0.3764881281079233,0.22138150816487503,0.0,0.5378036734945808,0.0,0.6789418419053532,0.5279706613066935,0.35978055789429,0.0,0.5809656608997436,0.8144905627181807,0.316479889103524,0.0,0.05419481169170576,0.0,0.2775762207578646,0.0,0.20136384457766007,0.48317566517907484,0.235545141424926,0.020285956802379754,0.0,1.0,0.0,0.8,0.6136107764939095,0.4129114951337941,0.0,0.21533307414964978,0.6,0.014959710268892038,0.7599986912125614,0.6037223409479544,0.43167042301470104,0.0,0.33920011559773594,0.0,0.8,0.03996089469300016,0.4,0.8635969244005615,0.22049079528541699,0.0,0.6,0.0,0.4,0.058349578870544476,0.6,0.05940502869208122,0.059957172809694946,1.0,0.1923952943971826,1.0,0.6251479344472824,0.924593830588446,0.802659545012629,21.0,11.0,0.4566473988439307,0.6666666666666666,1.0,0.0,0.0,0.0,0.0,0.0,0.0,0.0,0.0,0.0,0.0,0.0,0.0,1.0,0.0,0.0,0.0,1
VAR_002924,0.01337842159262373,0.0013585843368718806,0.02087866686773321,0.009207119825342315,0.00385229693671018,0.14337484382651478,0.002292232244003422,0.014959053435304731,0.000450320904978017,0.02247636088176855,0.02060047580640133,8.0,0.738449320950982,0.3910558732733143,0.41800912302219617,0.2191853535170263,0.4300073380922836,0.23999996252123174,0.04331998638087868,0.41322572245598954,0.6,0.056642259404300274,0.5133062904099537,0.0,0.4,0.6,0.7685584611699481,0.03982177469231179,0.04212026379789595,0.2837807852290787,0.052936030241802524,0.0198996945078007,0.4,0.017260941392918068,0.4,0.8,0.6,0.6,0.6569613301368429,0.6,0.23406143910107408,0.6,0.4,0.6196526150701941,0.8,0.8,1.0,7.0,0.07094132336604178,0.8,1.0,1.0,0.8602086560530817,0.9702562009326785,0.7749995060105206,0.4,0.4,0.5611052734909876,0.0,1.0,0.3415622632507557,0.32422451118436924,0.3228669898530647,0.04373144250806576,0.28230930597831216,0.020537864482469616,0.4,0.4,0.6463559101262005,0.06554291748987033,0.0,0.03367552059412414,0.023245107072082806,0.014662095645452712,0.44803358656786313,0.6698868923883612,0.0,0.03651465991982297,0.3572368672393106,0.08200608159908401,0.26303606420896786,0.0818903860015107,0.22026099731774437,0.6339320059340662,0.2,0.03142089307747633,1.0,0.08629600677284074,0.6,0.28999481582695175,0.0,0.2191676876929049,0.0,0.09570937897064685,0.0,0.4399872277813591,0.0,0.24366659526540163,0.0,0.524210776635228,0.0,0.5576070336865064,0.0,0.0,0.04082087760045887,0.0,0.0,0.8,0.7117215737261596,0.0,0.272169555075378,0.0,0.15172679245651127,0.0,0.8021002318973929,0.8318771387552022,0.2496217077006925,0.0,0.02266335019036958,0.0,0.6,0.70044133748861,0.26298394608174713,0.0,0.5132847497877537,0.8,0.4686396463041424,0.0,0.2,0.0,0.040000000038264025,0.0,0.6,0.4292230763388305,0.2720307378665211,0.18410334948978627,0.0,0.9317322013720375,0.0,0.8,0.7958166891201279,0.24386018474156282,0.0,0.5583993635679939,0.6,0.018065721990000533,0.2,0.6631877976217161,0.5432922545715467,0.0,0.2329526707919955,0.0,0.31769075469774694,0.02167293247211643,0.4490437328732595,0.42495165574690463,0.26000863832986937,0.0,0.6,0.0,0.8,0.056734675911039596,0.31665633106227997,0.07802208733971913,0.04389902885182074,1.0,1.0,1.0,0.9480875892476346,1.0,0.9719668626990322,2.0,7.0,0.3121387283236995,0.0,0.3333333333333333,0.0,0.0,0.0,0.0,0.0,0.0,0.0,0.0,0.0,0.0,0.0,1.0,1.0,0.0,0.0,0.0,1
VAR_002683,0.1589992154441104,0.025413494765766813,0.05887338615038445,1.7934907430991395e-07,0.016407943747057133,3.0221708898758113e-05,0.1652061378669608,0.08933497757549061,0.0012697672597078724,0.600562985919523,0.03787579875202249,16.0,0.7148582410280839,0.1033168752316373,0.19313105675376754,0.4193364091817531,0.03167620851517183,0.39894746843436707,0.23897510491322277,0.0,1.0,0.0001816915636305,0.0,0.0,0.8289035832669013,1.0,1.0,0.0990435160439368,0.099992386706253,0.9226905275635722,0.0999835160623031,0.0012373048273376125,1.0,8.262890925999733e-05,1.0,1.0,1.0,1.0,1.0,1.0,3.732344017596625e-09,0.0,1.0,1.0,1.0,1.0,1.0,3.0,0.0019445120584655,1.0,3.0,3.0,0.8693850163301842,0.6493606432031717,0.5967323096754836,1.0,1.0,0.048404527773938,1.0,1.0,1.0,0.4714296022758366,1.0,0.2568587393732787,0.3431700001048999,0.2072799999999995,1.0,0.0,1.0,0.0375930438095663,1.0,0.167904999724133,0.2204324760130204,0.005595994328418228,1.0,0.7418936356996926,1.0,0.09986593204054954,1.0,0.12825999999993207,1.0,0.0103867454425885,1.0,0.0,1.0,0.1454831488390712,3.0,0.14560310006865368,1.0,1.0,0.0,0.0987840624224971,0.0,4.191363861797455e-17,0.0,0.0150311857038677,0.0,9.106997810330866e-07,0.0,1.0,0.0,1.0,0.0,0.0,0.0558771579707232,0.0,0.0,1.0,0.6919951581583529,0.0,1.0,0.0,0.0,0.0,0.1723659138658053,0.0003736227716492086,0.057182562037294,0.0,1.0,0.0,1.0,2.2565984992052587e-09,0.0,0.0,0.991375924963539,1.0,0.3292155467667032,0.0,1.0,0.0,0.0018808954271868,0.0,0.0,0.999999999999247,0.051726445224087994,0.060566283885282554,0.0,1.0,0.0,1.0,0.999999999997391,0.0,0.0,0.8935395664951414,1.0,0.15511053701494526,0.0,1.12066880933244e-09,0.12356976663078,0.0,1.0,0.0,1.0,0.0801802817864538,0.0,0.0035231747773399997,0.0999231781558964,0.0,1.0,0.0,1.0,0.00044874229294843495,0.9183032532685238,0.0930584771251669,4.369452742506191e-05,0.9919041747563117,0.9933974393626652,1.0,0.35879430998452755,0.9642284355733769,0.4133051765540562,11.0,22.0,0.5028901734104047,0.6666666666666666,1.0,0.0,0.0,0.0,0.0,0.0,0.0,0.0,0.0,0.0,0.0,0.0,0.0,1.0,1.0,1.0,0.0,1
VAR_003000,0.027451955362453123,0.0037263480503659406,0.04503362554468274,0.00031743810071894714,1.443754832929616e-05,0.0078899109582863,0.02405082449707365,0.01650683449284493,7.516620959400805e-05,0.0481848935652279,0.009014962481500716,8.0,0.7651461675798807,0.4922208215423243,0.3734391985613003,0.22830955874355502,0.6388479521894846,0.05899176179966567,0.22542500703358695,0.3418054675177481,0.6,0.04127370946669816,0.5133062904099537,0.4,0.6,0.6,0.7703528059315821,0.03756589149634822,0.04037248959609254,0.5395091492017227,0.05376584517818803,0.0004132731987635213,0.8,0.03989481313045309,0.6,0.6,0.4,0.6,0.6975193088771039,0.6,0.2200898800973774,0.8,0.4,0.5436318705532094,0.6,0.8,1.0,7.0,0.07132538299160497,1.0,2.0,2.0,0.8431308322303233,0.9777400362050079,0.7656319452377021,0.4,0.4,0.5632904524972555,0.2414163885396309,0.6,0.5415622632507557,0.29437554284283046,0.7228669898530647,0.08394660602951169,0.29358020964949616,0.031695214511211586,0.4,0.6,0.4,0.0715030861229933,0.2,0.250737033435363,0.07213205619431892,0.015088200690432013,0.7690056939035471,0.38705430231532356,0.0466705693687232,0.0600061549832626,0.5484225487175987,0.0683783396880674,0.36358716704731275,0.05870266429881532,0.47614625762171886,0.6,0.4,0.022200259307692326,2.0,0.07653656223400729,0.8,0.3874987985325566,0.0,0.4191668815327132,0.0,0.07863699751849847,0.0,0.4391845356721401,0.0,0.05855404539092186,0.0,0.6415890411102396,0.0,0.6132984189490285,0.0,0.0,0.2233724817732839,0.0,0.0,1.0,0.4,0.0,0.5361262367458307,0.0,0.16980766893721105,0.0,1.0,0.6319455061097095,0.0695175366474793,0.0,0.39156442794439894,0.0,0.8,0.6592908037158474,0.26298394608174713,0.0,0.4009286219157784,0.8,0.33000831134696373,0.0,0.4,0.0,0.03847905606121866,0.0,0.4,0.8024748571636195,0.08125781679579545,0.0003121074975259245,0.0,0.9379754701066962,0.0,1.0,0.5981565670719206,0.4099236182266431,0.0,0.36013561471104927,0.4,0.005610303395565837,0.5504441410322285,0.48161028635769704,0.7045409498590225,0.0,0.4470173267791139,0.0,0.37529334521921465,0.02027198047161292,0.4490437328732595,0.20196938967671152,0.07946321945449455,0.0,0.6,0.0,0.8,0.03992747244230797,0.51665633106228,0.039841692958726076,0.07875753766837586,1.0,0.945574227203398,0.9727427467921111,0.8172346063348922,0.908706492946373,0.800353050244844,7.0,1.0,0.6069364161849712,0.5,0.6666666666666666,0.0,0.0,0.0,0.0,0.0,0.0,0.0,1.0,0.0,0.0,0.0,0.0,1.0,0.0,0.0,0.0,1
VAR_002657,0.0036563043022297586,0.08023992996179752,0.005989070192850116,3.530789763775702e-06,0.09344194989604224,0.021706116301007522,0.0034557022614201843,0.0008970690913958846,0.003190022814919798,0.16815985482751358,0.014357907213704904,8.0,0.611372653859856,0.04821431669808246,0.31583428125428603,0.41406370074305093,0.4102367614167942,0.25610486994101234,0.09659266745730853,0.4,0.8,0.07378142083105939,0.2563936984759928,0.4,0.601183783358769,0.6,0.4,0.04000017341331773,0.03267799527635508,0.5882844865915298,0.06423971110114482,0.16393593248299534,0.6,0.07630459952554827,0.6,0.8,0.6,0.8,0.6,0.2,0.22232408701933065,0.6,0.8,0.4985308851678174,0.6,0.8,1.0,7.0,0.20906801135498582,0.2,3.0,3.0,0.7160791403040891,0.8684843592596019,0.8401409444425652,0.7790512055512553,0.6,0.1958906583621388,0.2,0.6,0.6082968075949333,0.18980989347506683,0.6,0.06350590084137703,0.19078631330998722,0.048521464809049404,0.8,0.2346327347410731,0.4410110638586266,0.07975493075394939,0.5869373804512561,0.07961185609765896,0.09604733631516404,0.0019060047099789597,0.38059090312226473,0.3125699585301325,0.4,0.03994500938125513,0.6365304286421127,0.023815886737606293,0.26220263657107923,0.08988664975647118,0.23236025360290133,0.4,0.4,0.009451517052090689,3.0,0.02464121416857763,0.6323312228177003,0.3968983151104766,0.0,0.24750965538339492,0.0,0.060969165015431835,0.0,0.22681979689239054,0.0,0.0794143037879593,0.0,0.4055980178155473,0.0,0.5262082330157201,0.0,0.0,0.057354152695292315,0.0,0.0,0.9134113572896709,0.5849551395667046,0.0,0.51759879271989,0.0,0.5330044628555548,0.0,0.6056126340453241,0.705229187234004,0.04196385745256706,0.0,0.44948149434365997,0.0,0.6009183031982267,0.44816119560437356,0.30241642783195705,0.0,0.5986525839091683,0.7879485409121679,0.42671417136016415,0.0,0.45914323979835314,0.0,0.08027152327655562,0.0,0.25407251084987015,0.6817530928017523,0.040896632495238526,0.0003162496564088149,0.0,0.6733107575682156,0.0,0.8,0.05975442385514193,0.29899088857819667,0.0,0.3622921304389664,0.6,0.001906195344774363,0.8,0.6169435932351814,0.6349947521682029,0.0,0.209215509734663,0.0,0.6494028540610162,0.05995922387721906,0.8,0.26541338229042555,0.039940632552192226,0.0,0.6,0.0,0.4,0.05990560864118087,0.6,0.06537154756619504,0.04181663192152564,1.0,0.2994789854465177,0.9943597312890032,0.6115504545640805,0.940733410582682,0.5764933155137163,19.0,17.0,0.2601156069364162,0.33333333333333337,0.3333333333333333,0.0,0.0,0.0,0.0,1.0,0.0,0.0,0.0,0.0,0.0,0.0,0.0,1.0,0.0,0.0,0.0,1
VAR_003090,0.02516114445454892,0.009785694886375387,0.013228997498911085,0.026066581472539055,0.19455086423952955,0.013117852400047723,0.024538620622776775,0.01693220161886457,0.0031581281481557785,0.0024494546663525,0.04915698971688468,8.0,0.8686317547481087,0.28454225713710873,0.00315598706597034,0.23358268322791473,0.4395352507019092,0.040002254443343786,0.405426155200849,0.6,0.8,0.05451700056947841,0.2770549425678796,0.8,0.33006541385576854,0.6,0.7812583463129872,0.04078806596307225,0.05361234705684992,0.1940254832908766,0.02617336913686974,0.1398217887798464,0.4,0.0474260516612809,0.2,0.6,0.8,0.8,0.4,1.0,0.053055898763158305,0.8,1.0,0.4,0.8,0.8,1.0,7.0,0.4399976964824125,0.6,3.0,3.0,1.0,0.9910566744926723,0.8695041131725305,0.4,0.4,0.2274318017893467,0.4,0.6,0.5781820111081828,0.20251167969454936,0.6,0.059997090792388,0.21465908811528367,0.05836117783136241,0.5011874987129434,0.2,0.5908096982404458,0.33132362320405445,0.5224116093980302,0.022637901065609273,0.09393623745723381,0.0009852245607367355,0.0035378638690771597,0.4,0.4,0.2531452317105874,0.6256650842339495,0.0031536600568057,0.15364617434859307,0.03774808456263145,0.2,0.8556081805416481,0.8,0.1274141004438334,3.0,0.04450758504106069,0.817476395475737,0.5834552691319466,0.0,0.27854932786033115,0.0,0.2649311108015504,0.0,0.04101455129385153,0.0,0.39501473364960554,0.0,0.6,0.0,0.8905686442974439,0.0,0.0,0.06006923694573094,0.0,0.0,0.9134113572896709,0.2,0.0,0.14810845900169856,0.0,0.5815057439993436,0.0,0.9086053734823191,0.7478718313530315,0.42099869204330237,0.0,0.4,0.0,0.8789418419053533,0.7483020142508325,0.534534101709227,0.0,0.6019387087865915,0.6380081238453655,0.716479889103524,0.0,0.21998901617959388,0.0,0.24000000000550487,0.0,0.25407251084987015,0.6824014211276868,0.439837561386605,0.06028565641896516,0.0,0.8,0.0,0.8,0.22224619445103694,0.6970097533961027,0.0,0.6000174574944876,0.8,0.019753653327415143,0.4,0.35027775769846015,0.6330350874614705,0.0,0.5508105789159392,0.0,0.3598139362357514,0.059837575125538355,0.4391252949077916,0.9035880851429399,0.23583499382571663,0.0,0.8,0.0,0.5794091181312638,0.045052745571817154,0.5328987328906006,0.07731776421342987,0.04706527068411199,0.98040333890886,1.0,0.9911778377281828,0.930502875573966,0.953886497935532,0.9634636939007022,17.0,11.0,0.7456647398843931,0.16666666666666669,0.3333333333333333,0.0,0.0,0.0,0.0,0.0,1.0,0.0,0.0,0.0,0.0,0.0,0.0,1.0,0.0,0.0,0.0,1
VAR_003160,0.0022449314835510424,0.000209460193131044,0.11804100899566516,7.620479677836953e-09,0.19745412978242607,3.4197736114890924e-09,2.840481474837361e-05,0.001318461115480721,0.06280939407388311,0.09880280772526066,0.012062887094558428,11.0,0.611372653859856,0.14667586108182434,0.5158342812542861,0.2535242012523176,0.393709430818775,0.2563504146104655,0.07767452043959458,0.8868609422857529,0.0,0.0002294977579063,0.0,0.0,0.0,0.0,1.0,0.1,0.0999995990733959,0.0123602107240604,0.0998589039229664,5.263082794577753e-09,1.0,0.0999923065419483,1.0,0.0,0.0,1.0,1.0,1.0,0.0997649957308075,0.0,0.0,1.0,1.0,1.0,1.0,1.0,0.0062489864443536,0.0,3.0,3.0,1.0,0.603269050091999,0.42160231815396754,0.4370796708939489,1.0,0.7622640933735959,0.0694588468007191,0.0,0.0,0.2595470456814264,1.0,0.0997025262090817,0.2143155936658308,0.0999999467594032,1.0,1.0,1.0,0.0399522652581782,0.0,0.0999999999515453,0.0999999983254869,0.029882109028238735,1.0,0.0,1.0,0.01979693073542897,1.0,0.18348176634354668,1.0,0.0968949502646917,1.0,1.0,0.0,0.5521266368764545,3.0,0.013408320470174696,1.0,0.8079365697249123,0.0,0.9999999999883848,0.0,0.0914613601654207,0.0,0.0996644087213434,0.0,0.0999999996683825,0.0,0.0,0.0,0.0,0.0,0.0,0.0998032391648297,0.0,0.0,1.0,0.0,0.0,1.0,0.0,0.0,0.0,1.0,0.526303490608269,0.0006646193122331,0.0,0.4102420758502393,0.0,1.0,0.001450690091949,0.0540976373988721,0.0,1.4225279343812606e-05,1.0,0.0,0.0,1.0,0.0,0.0999999934197498,0.0,0.0,0.148492877467402,0.004592090847007785,0.0006422133580909238,0.0,0.0,0.0,1.0,0.999999999995844,0.9660896432799458,0.0,0.00014846441753605535,1.0,0.07730646178520777,0.0,2.8678167516986803e-10,3.090543827013552e-18,0.0,1.0,0.0,0.4601387032643168,0.09299511245660913,1.0,1.214608135241994e-05,1.0427627024716487e-06,0.0,1.0,0.0,0.0,0.09954303399717586,1.0,0.0999999999999985,0.0010351736719828848,0.9942743196285012,0.989973495990042,0.9918072212111204,0.2526038511121165,0.631802081686396,0.45322789202970454,13.0,10.0,0.4566473988439307,0.5,0.6666666666666666,0.0,0.0,0.0,0.0,0.0,0.0,0.0,0.0,0.0,0.0,0.0,0.0,1.0,1.0,0.0,0.0,1
VAR_002925,0.0013617013770172524,4.3230754647087856e-07,0.004444408665672148,1.3504340415657813e-20,1.2325590497255551e-06,0.01818430769080072,0.0011483344264411443,3.692546898985088e-06,0.005059957411752993,0.08633928499756024,0.001545244897863319,19.0,0.64193490811921,0.23440809368385018,0.3631126379241795,0.05875052803033539,0.2113538426139981,0.42183432214843875,0.21689957111555874,0.0258514231570226,1.0,0.0307261324732867,1.0,1.0,1.0,0.0,0.0,2.3400712029972266e-14,0.0145657481969379,0.8193232476096625,0.0033980017588024,2.9838408252882807e-10,0.0,0.009464630387498,0.2367642940821071,1.0,0.8,1.0,0.5652292107661381,0.2,0.2006678507823661,0.8,0.7904951609280969,0.2119635065855654,0.8,0.6,0.8,7.0,0.25637265854198865,0.6,1.0,1.0,0.8128217899381651,0.963374129439269,0.7583445288394399,0.0782936323756492,0.6846296343305864,0.997522850133695,0.0,1.0,0.0,0.3569366546729036,0.0,0.6372283140748686,0.3678399918643352,0.0999994845357233,1.0,0.209458782644754,0.2854468036732207,0.0317523401844358,0.0,2.5519541871122337e-10,0.2660181985329423,0.007391188063019363,1.0,0.0,0.5121023477658007,0.01686615216409155,0.0,0.016339364964129237,0.0,0.0551954315509081,0.0,1.0,1.0,0.00495439979095953,1.0,0.027955980682620677,0.7925629024993492,0.5449074312238544,0.0,0.2391333681090661,0.0,0.07904160575591579,0.0,0.05696032795943658,0.0,0.036558843103867554,0.0,0.4896769640378177,0.0,0.6740925633114208,0.0,0.0,0.6199833090804076,0.0,0.0,1.0,0.8,0.0,0.6778904177987858,0.0,0.30053919779050375,0.0,0.7251530386971712,0.5999826389864231,0.03928166428034951,0.0,0.8608832049849363,0.0,0.8749713794471446,0.20978105449381365,0.6,0.0,0.42065520211834395,0.8,0.2,0.0,0.4,0.0,0.04144465397864006,0.0,0.31953251715094966,0.6048590873317421,0.09378227747456547,0.02878039315843961,0.0,0.8,0.0,0.6,0.5988943411127982,0.39138655458475774,0.0,0.37917609568168653,0.0,0.004124125568892447,1.0,0.09037542747230501,0.00044063533719273525,0.0,0.2892739754858417,0.0,1.0,0.09410632964437313,0.0,0.004896792894184,0.0999990541352254,0.0,0.0,0.0,0.0,0.08565715701109786,1.0,0.08567097609294,5.548851616018998e-06,0.9956463588953064,1.0,0.9774179703999968,0.9865268436445483,0.9918986076970546,0.9746838748651334,2.0,17.0,0.07514450867052025,0.0,0.3333333333333333,0.0,0.0,0.0,0.0,0.0,0.0,0.0,0.0,0.0,0.0,1.0,0.0,1.0,0.0,0.0,0.0,1
VAR_003037,0.025659828542459948,0.009454454346198753,0.03530024364212229,0.06966124613935966,0.046734081787284346,0.006726436621444669,0.007385338091954437,0.03963081575154734,0.024178512393953827,0.04593636294520911,0.18014121880653236,8.0,0.8,0.18823930282781415,0.2678067394025019,0.20889589032035807,0.6191508038401307,0.05899311543614994,0.26305394533749615,0.4,0.8058920079210921,0.0626526210044032,0.2563936984759928,0.6,0.2272792669319464,0.6,0.4,0.038374308958634,0.04015908478603307,0.5477193622440629,0.06779631474052009,0.15188031485760323,0.8,0.08411926786295151,0.8,0.630187488380183,1.0,0.6,0.21670095246039006,1.0,0.2277225398089985,1.0,0.8,0.5605563777966395,0.6,1.0,1.0,7.0,0.0865434663882796,0.2,1.0,1.0,0.9672287063818394,1.0000000000000002,0.7666823440253094,0.6331605971979586,0.8,0.5303122256907928,0.4481992751209557,0.4,0.3342527016425924,0.2520035323356553,0.6,0.063378330497515,0.26968098993727324,0.04076855947869072,0.4,0.5219447700919035,0.5303717818690494,0.153009564695958,0.4,0.11275168060193089,0.07018363119834618,0.00122496918911228,0.2,0.7030324471316148,0.33412143351509976,0.13792166516151638,0.5631497866630669,0.008057017947317087,0.5587129889483167,0.06156136568662248,0.43183351183410873,0.4,0.6,0.032987853594157776,1.0,0.07863707357590217,0.5859740958713834,0.582259945142616,0.0,0.24032911278060326,0.0,0.2542447399040176,0.0,0.08924654909105789,0.0,0.2583634327073954,0.0,0.7053232972673553,0.0,1.0,0.0,0.0,0.039797056481505874,0.0,0.0,1.0,0.4,0.0,0.4232142147093674,0.0,0.46901640634896646,0.0,0.3422277673072016,0.11812911463778453,0.24445234273277844,0.0,0.7378036734945808,0.0,1.0,0.39921640978301887,0.40568159185837394,0.0,0.5749054725721988,1.0,0.2,0.0,0.49087521579430116,0.0,0.2568792331314255,0.0,0.4,0.4825243396002596,0.25296484178682166,0.025169336561235715,0.0,0.8,0.0,0.8,0.7897588272455146,0.35850834802628595,0.0,0.6150896792928365,0.8,0.01655979139008174,0.7599986912125614,0.20465022286804857,0.7426590958249293,0.0,0.47125706091836345,0.0,0.7923649503347189,0.03946325853433637,0.4,0.8633182735941526,0.21964290938930034,0.0,0.6,0.0,0.5609300450794807,0.049932950498247614,0.6,0.050030371702443774,0.0623863013558779,1.0,0.9354691943174982,1.0,0.6939510298203161,0.9711916020343936,0.9654698179715941,23.0,8.0,0.36994219653179194,0.8333333333333333,0.3333333333333333,0.0,0.0,0.0,0.0,0.0,0.0,0.0,0.0,0.0,0.0,1.0,0.0,1.0,0.0,0.0,0.0,1
VAR_003150,0.0038601667816858453,0.000995247327592303,0.0005481802642196701,0.0032203117445943883,0.09680786364821359,0.0018168850201512668,0.003863784157099608,0.006662590165771465,1.7951229591744986e-08,0.047815218954082285,0.0290093186069264,8.0,0.738449320950982,0.3910558732733144,0.41800912302219617,0.21918535351702628,0.4300073380922836,0.23999996252123174,0.04331998638087868,0.00046473342152974,0.4,0.02001654259823617,0.3133062904099537,0.6,0.6518285049815206,0.6,0.7703528059315821,0.05556319887885167,0.06032501173632517,0.41625882107947465,0.019999121807173132,0.08617168006125733,0.8,0.0205509138517748,0.8,0.0,0.4,0.2,0.4446307668504429,0.4,0.43901508958424096,0.6,0.6,0.4986905126927105,0.6,0.2,1.0,7.0,0.02409168719385885,1.0,2.0,2.0,0.9836227926632646,1.0000000000000002,0.8710912582990794,0.8,0.4,0.6104672002352581,0.2,0.8,0.2,0.2858871825797259,0.2,0.09451619195641248,0.15419798259907322,0.0422595800143173,0.216320415929862,0.4,0.4290155143653047,0.07228217215474494,0.6,0.020096908921972516,0.03856911594034314,0.0009454317072837104,0.005890984906691,0.8,0.0,0.05923171190078014,0.4,0.1888527056425406,0.20013064687067192,0.16403796113965258,0.22605899321556225,0.4339320059340662,0.2,0.0027939611702558036,2.0,0.059925795312394274,0.6,0.2,0.0,0.0766639004101649,0.0,0.09832356827092757,0.0,0.5999798786844619,0.0,0.04750798939684924,0.0,0.3063356543313618,0.0,0.6132984189490285,0.0,0.0,0.0013804877336578152,0.0,0.0,0.5729717873127582,0.4,0.0,0.17132126416923343,0.0,0.5517267924565112,0.0,0.6,0.9913693699250299,0.050478917994917535,0.0,0.5302250487805825,0.0,0.4,0.6682051546489869,0.4021870641971342,0.0,0.5908457974257229,0.6,0.5640930429265125,0.0,0.21690381253038177,0.0,0.05904776230952987,0.0,0.5985750448048646,0.9181782837017025,0.07182664329324355,0.008183329048810462,0.0,0.7984049374961171,0.0,1.0,0.5999678226250341,0.06691898965449669,0.0,0.46523214434528654,0.4,0.020189507525469653,0.513008070511589,0.8950176723248218,0.6550456109172971,0.0,0.337884418959806,0.0,0.40880906259560934,0.06011079688916635,0.4490437328732595,0.5991937212277678,0.0722146976270685,0.0,0.8,0.0,0.8,0.056800334379360176,0.6198010768144241,0.06519356876691203,0.032466165487578275,1.0,1.0,0.9613689148588228,0.756993197402556,0.9371856170893362,0.7904620155562105,5.0,10.0,0.4566473988439307,0.6666666666666666,0.3333333333333333,0.0,0.0,0.0,0.0,0.0,0.0,1.0,0.0,0.0,0.0,0.0,0.0,1.0,0.0,0.0,0.0,1
VAR_002670,0.025946342085232003,0.01401285332449088,0.01326082810172709,0.020198256247353302,0.22874142775317105,0.013149861893653818,0.025900663993071858,0.017411149627277966,0.005386725462648523,0.0024494546663525,0.025745056213359974,8.0,0.6800044086079646,0.2455917379301733,0.0511835289177545,0.2524864578077759,0.25059758903502666,0.24000225444334378,0.41896529596346405,0.4,0.6,0.05451699591161352,0.4770549425678796,1.0,0.5300654138557686,0.8,0.7812583463129872,0.05781034638529838,0.05819560918105343,0.25098996787133826,0.02052496391144624,0.004631338404706069,0.6,0.027529303367936343,0.4,0.6,0.8,0.8,0.4,1.0,0.053055898763158305,0.8,1.0,0.4,0.8,0.8,1.0,7.0,0.4399976964824125,0.6,3.0,3.0,0.7263400573791832,0.9434653438614611,0.8281917293036289,0.0,0.0,4.4078080525836195e-07,0.0,1.0,1.0,0.0,1.0,0.0,7.033028717926518e-10,0.0999999701835816,0.0,0.0,0.6047960028224071,0.5338225257468028,1.0,0.0999997433121263,0.0998228505168195,0.0019231129391165263,0.0,0.0,1.0,0.5083270916135986,1.0,0.0009175713726348329,0.0,0.0109911271411144,0.0,1.0,1.0,0.12902084047058823,3.0,0.003971817208329613,0.7018777269175673,0.5777932952581978,0.0,0.27857929955367366,0.0,0.2628669596558086,0.0,0.04356717199707989,0.0,0.4111830807099715,0.0,0.6,0.0,0.9144752890328018,0.0,0.0,0.06006923628949483,0.0,0.0,1.0,0.4,0.0,0.17132267371106596,0.0,0.6124238715625546,0.0,0.8,0.5914056279601619,0.4403671448521898,0.0,0.5378036734945808,0.0,0.9458622325453859,0.6179240324797409,0.46597683748930974,0.0,0.7805553574635727,0.6380081238453655,0.6,0.0,0.2721818292722714,0.0,0.23757622140198498,0.0,0.25407251084987015,0.876215278647765,0.4356885616147313,0.06001445179875557,0.0,0.8,0.0,0.8,0.3951125793603407,0.5338059734654046,0.0,0.415287940572561,0.8,0.020680437678953764,0.6,0.5458338204038018,0.6282337936041646,0.0,0.4176914690795085,0.0,0.4344910377006158,0.039850054787983424,0.4391252949077916,0.7686355608672744,0.25579821955013854,0.0,1.0,0.0,0.3794091181312639,0.025227741527643375,0.5328987328906006,0.07731775174589375,0.058279095892790754,1.0,0.2933941544572088,1.0,0.9728174411867382,0.958718117719306,0.968183088217447,17.0,11.0,0.7456647398843931,0.16666666666666669,0.3333333333333333,0.0,0.0,0.0,0.0,0.0,1.0,0.0,0.0,0.0,0.0,0.0,0.0,1.0,0.0,0.0,0.0,1
VAR_002595,0.005013559433147484,0.03642740404877721,3.238777096145944e-05,0.0004006544602589234,0.16794251317921216,0.0017792311613060471,0.009297378523955437,0.011231788342819706,0.00315976577436717,0.0033072723117310867,0.017656502676517225,8.0,0.7148582410280839,0.1033168752316373,0.19313105675376754,0.4193364091817531,0.03167620851517183,0.39894746843436707,0.23897510491322277,0.7571121368012509,0.6230962758389499,0.061380515176837736,0.4134403532757013,0.8,0.5130313217624466,0.8,0.3823100767181279,0.07464304829295032,0.059275104051565566,0.5200144865301948,0.06131170921770436,0.02321240368864331,0.6,0.043008104544766126,0.6,0.0,1.0,0.0,0.0,1.0,5.700145435115124e-07,1.0,1.0,1.0,1.0,1.0,1.0,1.0,0.0999999999915856,0.0,3.0,3.0,0.8410174146288611,0.9614523311887434,0.7271925296727741,0.5790512055512553,0.6,0.7552711435253877,0.05062381798148739,0.8,0.43188140788214263,0.43701859277116684,1.0,0.10287585035829276,0.4387867506725365,0.038198424773569314,0.8,0.4,0.3442279488199315,0.044051857255030705,0.4,0.04361183869330707,0.26941963065236685,0.006683150759325313,0.3733106967471262,0.40691916575613707,0.21135695159579115,0.13943712109665313,0.4095788768901003,0.08613595919018616,0.4110930317071789,0.09799790426810365,0.42653861992536524,0.6,0.4,0.015319554092513826,3.0,0.07382799044620775,0.686580929670259,0.5850890447108144,0.0,0.2601126713849752,0.0,0.062441964420171456,0.0,0.4268548939685629,0.0,0.06294163903958534,0.0,0.4,0.0,0.7238087311494937,0.0,0.0,0.041308443388409895,0.0,0.0,0.7134113572896709,0.6,0.0,0.2,0.0,0.3846416305805699,0.0,0.746920683835142,0.7052186663597724,0.019459658118219238,0.0,0.4,0.0,0.66019516366296,0.5641817458358623,0.15858828258522473,0.0,0.7999259172928864,0.6144905627181807,0.44792562051593715,0.0,0.23219855822013563,0.0,0.08381158632469972,0.0,0.6540725108498702,0.4813012776212704,0.042274361414796804,0.00037056086054836784,0.0,0.8,0.0,0.8,0.23858357532487784,0.3041760597885143,0.0,0.4008288368988221,0.4,0.0029901880816086326,0.2,0.43508016168078895,0.33950749173428096,0.0,0.1383037308332232,0.0,0.4,0.03978262741981639,1.0,0.7808116948584675,0.07284844535793204,0.0,0.6,0.0,0.4,0.06039868467338458,0.6,0.03940872381244419,0.0442586631646337,0.9893155901839504,0.7848440825635193,1.0,0.7704673191663884,0.954864398249587,0.7722594215739998,16.0,19.0,0.6936416184971099,0.33333333333333337,1.0,0.0,0.0,0.0,0.0,0.0,0.0,0.0,0.0,0.0,0.0,0.0,0.0,1.0,1.0,0.0,0.0,1
VAR_002741,0.001364740140559897,3.0999224488680167e-09,9.075513825062742e-09,0.0002520519711607,4.283771252300467e-05,5.801967058242344e-08,0.0016239470523863038,1.1465778418562976e-08,4.13398039556544e-08,0.10410100514867884,0.03995555783085028,16.0,0.64193490811921,0.23440809368385018,0.3631126379241795,0.05875052803033539,0.21135384261399812,0.42183432214843863,0.2168995711155588,1.0,0.0,0.0999999992715656,0.0,1.0,1.0,0.0,0.0,0.0999999167871797,0.0165180786664052,0.112838590404139,5.149018630258239e-07,0.07196597155712355,0.0,0.0995249378802204,1.0,0.4,0.2,0.6,0.1632121095277202,0.4,0.03566770003149099,0.8,0.7896461609049747,0.16126433171683968,0.6,0.4,1.0,7.0,0.019979171221837944,0.8,2.0,2.0,0.7696103568855059,0.9587769715927239,0.8844053844363615,0.0,0.0,0.360854107500425,0.9205244058662828,0.0,0.0,0.0706117485712367,0.0,0.0096930346755479,3.2630019221271614e-14,0.0967266377161097,1.0,0.0,0.0,0.0999998236492836,0.0,0.0999999999999992,0.0800888429674796,0.01704935579886737,0.0,0.0,0.0,0.0945300072145544,0.0,0.09999999958831926,0.0,0.09728362715047,0.0,1.0,0.9338615087417297,0.16546628989065856,2.0,0.05785372402492384,0.0,1.0,0.0,0.0817562305255796,0.0,0.0999997667316471,0.0,0.0996173954214847,0.0,0.003767580873290464,0.0,0.1832397713552516,0.0,1.0,0.0,0.0,0.0999999998755986,0.0,0.0,1.0,1.0,0.0,0.0,0.0,0.1816754681104779,0.0,1.0,0.091511754455021,3.7225697647536893e-08,0.0,1.0,0.0,1.0,9.03997223915303e-16,0.0,0.0,0.999868347254702,1.0,1.0,0.0,0.0,0.0,7.846607265579531e-06,0.0,0.1344754866237369,0.00011243068850544912,0.0812171657772842,5.6694280091863826e-06,0.0,1.0,0.0,0.0,0.9999590379520509,0.0,0.0,0.00010180395384700372,1.0,0.0009202474543605192,1.0,0.999999925555783,0.999717251879516,0.0,0.0,0.0,0.1030777161218413,0.07415697612223286,0.0,0.9999985699111911,0.0999806251059919,0.0,0.0,0.0,0.0,1.6717275688958373e-05,1.0,0.0999252013659113,0.041784973452874186,0.9978651386502804,0.8597387173659724,0.99847214744369,0.7407623124201592,0.8963415962900774,0.7715038956453575,7.0,19.0,0.4566473988439307,0.5,0.3333333333333333,0.0,0.0,0.0,0.0,0.0,0.0,1.0,0.0,0.0,0.0,0.0,0.0,1.0,0.0,1.0,0.0,0
VAR_003214,0.005927690515007096,0.0569933194805746,0.036833416129134475,9.36814352101228e-05,0.05226791298560723,0.016762658195183598,0.010383897499637633,0.006604597060633843,0.020010456701456708,0.26173818125700143,0.11434637167444175,8.0,0.8,0.1364873727664398,0.46780673940250195,0.41418670498813676,0.4018909613931708,0.05635176824864584,0.07659308657250904,0.3773721884571506,0.08516954582577704,0.020262333172594606,0.6270375049074779,0.2,0.01669846873893262,0.2,0.4,0.08058326010505636,0.04178494617163953,0.03605402015164208,0.02967635071918829,0.06420600327032457,0.8,0.07688434969312155,0.8,0.6,0.4,0.8,0.7787242786191412,0.6,0.4211252921648697,0.4,0.4,0.8,0.6,0.6,1.0,7.0,0.012787452879043143,0.2,2.0,2.0,0.0,0.28812836658260665,0.17225124608102582,0.8874159341787898,0.6683201433436775,0.17755155356029934,0.2138917693601438,0.6626287024715604,0.0,0.3392562227431025,0.8,0.1147610435451917,0.2984093217981915,0.09808541441460122,1.0,0.8,0.7147615170398457,0.16976417295765597,0.2,0.07229947110597368,0.09916425660383395,0.009654688385530007,0.7568166094156203,0.6,0.8081852066026866,0.2425215082268334,0.7941474580924283,0.0846901280520724,0.6202842622383932,0.2695592952016247,0.4,0.8,0.6,0.12735988817195676,2.0,0.008891943356832768,0.8,0.7202660731866007,0.0,0.44277361556671435,0.0,0.05216422512848332,0.0,0.6021191940966595,0.0,0.06797680849519153,0.0,0.253093438168933,0.0,0.4,0.0,0.0,0.2391061396709348,0.0,0.0,0.6,0.4,0.0,0.6046835579631027,0.0,0.17544967171884754,0.0,0.9029025216670821,0.7051258893310031,0.060216511513115224,0.0,0.28204841517004786,0.0,0.8424242602753598,0.5340527569381142,0.2730595226303498,0.0,0.5315138768832968,0.8,0.272336276761213,0.0,0.48509692870654275,0.0,0.07943306801751837,0.0,0.34135393862923014,0.31406455611277,0.03961437642241508,0.0032388654702778736,0.0,0.4,0.0,0.8,0.7976265498855599,0.46759235128565757,0.0,0.6000160386551775,1.0,0.0005977788516765665,0.0,0.17589392176038698,0.974878785352538,0.0,0.0,0.0,0.0,0.040114097325445706,1.0,1.3947324162829365e-05,0.0578116532754997,0.0,0.0,0.0,0.0,9.783719165939136e-13,0.0,3.306104343148155e-05,0.004998439490374184,0.0,0.0,0.022256052617466,0.0,0.5944571059186887,0.32618647824969693,21.0,9.0,0.4971098265895954,1.0,0.5,0.0,0.0,0.0,0.0,0.0,0.0,1.0,0.0,0.0,0.0,0.0,0.0,1.0,0.0,0.0,0.0,0
VAR_002623,0.01337842159262373,0.0013585843368718806,0.02087866686773321,0.009207119825342315,0.00385229693671018,0.14337484382651478,0.002292232244003422,0.014959053435304731,0.0004503209049780171,0.02175226371161635,0.02060047580640133,8.0,0.738449320950982,0.3910558732733143,0.41800912302219617,0.2191853535170263,0.4300073380922836,0.23999996252123174,0.04331998638087869,0.6127609890344597,0.6,0.0766422549453766,0.6138703369218458,0.2,0.6,0.6,0.7982056552383661,0.0597843655100599,0.02249157471877263,0.4313199424601029,0.05292551612225308,0.020193714371266252,0.4,0.03722798561494115,0.6,0.8,0.6,0.6,0.6569613301368429,0.6,0.23406143910107408,0.6,0.4,0.6196526150701941,0.8,0.8,1.0,7.0,0.07094132336604178,0.8,3.0,3.0,0.762475289219698,0.9439289507544131,0.819294517191576,0.2788352834628639,0.6,0.7660378039332703,0.5244431123003837,0.6,0.4152706105256893,0.2418585414780409,0.4,0.03983720342433864,0.2381120726459199,0.15137690668208142,0.8,0.6,0.3183118475293518,0.04445003201045744,0.6,0.14622307110294983,0.20684281726431983,0.011143756767766,0.41453735076866804,0.4081832860646091,0.5256934467735368,0.020084729908331943,0.4087442515137128,0.08807457912887734,0.2733817733973492,0.06379740027328704,0.43916553734725616,0.5074107977970712,0.2,0.049921890233582525,3.0,0.08363459306397204,0.6,0.08999481582695172,0.0,0.20000752907870506,0.0,0.09542159953430662,0.0,0.25918795108242654,0.0,0.24366667795860641,0.0,0.7069026112520802,0.0,0.5576070336865064,0.0,0.0,0.06013970172058582,0.0,0.0,0.8,0.7117215737261596,0.0,0.2639566816704528,0.0,0.0,0.0,0.8021002318973929,0.8318777094207845,0.2592205312784839,0.0,0.2226633501903696,0.0,0.6,0.8788751388006224,0.23825804285957347,0.0,0.5132847439601091,1.0,0.2686396463041424,0.0,0.2,0.0,0.058055299046757936,0.0,0.4,0.42922322275018715,0.2630837257261292,0.18397145404209803,0.0,0.9317322013720375,0.0,0.8,0.9950863737039678,0.2696874015628198,0.0,0.5717721659402023,0.4,0.018473490252350486,0.00127751014217418,0.4670988224672078,0.43903461370357366,0.0,0.1555181311150926,0.0,0.3473109206800051,0.02172996118440221,0.4,0.22498266209871826,0.24000946739827983,0.0,0.6,0.0,0.8,0.059891598928230254,0.1764421269105134,0.0764503062837763,0.06380264797752043,0.9770482739774244,0.8864488566310431,0.9231072277231918,1.0,0.9258626748531855,1.0,0.0,4.0,0.17341040462427754,0.16666666666666669,0.3333333333333333,0.0,0.0,0.0,1.0,0.0,0.0,0.0,0.0,0.0,0.0,0.0,0.0,1.0,0.0,0.0,0.0,1
VAR_002857,0.0008651570814275759,0.007483211781989587,2.6795335697635857e-09,5.404462122250425e-07,1.442003957836216e-05,3.785986741132575e-05,0.0005410952399484176,3.521549000212996e-05,0.022267133738934634,7.005455650399747e-05,0.08309705943098629,20.0,0.7148582410280839,0.25353034967675353,0.19313105675376754,0.0535060950232411,0.23240872036411261,0.4018343602913244,0.40651781666049586,0.0,0.0,2.6739278718313167e-10,0.0,0.0,0.0,0.0,0.4099753580920613,0.0012441188597298,0.099907612852859,0.1418634973556137,0.0999956073116863,0.0011491949486262835,0.0,2.656971609490614e-06,1.0,0.0,1.0,1.0,0.6129982664822355,0.0,0.0059325389126969,1.0,0.0,1.0,1.0,0.2411689722821295,1.0,0.0,0.0925923942774202,0.0,3.0,3.0,0.9291764478375111,0.9738684422328518,0.8136960439430918,0.0,1.0,0.540519203328929,0.0,1.0,1.0,0.099999847327506,1.0,0.1164612087528583,2.2378017817769905e-05,0.021319641895841,0.0,1.0,0.8968102571346243,4.7855513599577827e-05,1.0,0.0007271229246670996,0.0954619306881837,3.6444663405125834e-11,0.0,0.573476334315658,0.0,0.03165765706497504,1.0,3.922452306133808e-07,0.0,0.6515905472712052,1.0,1.0,1.0,0.044455623367908925,3.0,0.020868523858306884,1.0,1.0,0.0,0.0003896510906572,0.0,1.8393688665255696e-05,0.0,0.0998211663343422,0.0,0.09998418393551439,0.0,0.0,0.0,1.0,0.0,0.0,0.0009778404240591,0.0,0.0,0.0,1.0,0.0,0.1658524442644195,0.0,0.0,0.0,0.0,6.471168439958571e-15,0.0999999801048091,0.0,1.0,0.0,1.0,2.7994365331584524e-05,0.3841936084120967,0.0,0.40894166202694504,1.0,1.0,0.0,0.5160366102239261,0.0,0.0999990632297182,0.0,1.0,0.813622483340219,0.00029759712345698495,0.05506816063003437,0.0,1.0,0.0,0.0,0.819602941496309,0.9801324667546624,0.0,0.2622366266074138,0.0,0.0019570888776928165,0.0,0.9473429664635911,3.6405637207465634e-05,0.0,0.2188194671224922,0.0,0.4933032057606042,0.09999997628282628,0.0,0.24945155586901,0.0272397077135985,0.0,0.0,0.0,0.0,0.09999999928526697,0.0,0.0863130336668436,0.08705160350791538,1.0,1.0,0.976102919726668,1.0,0.9667719338933898,0.9691348664677556,17.0,6.0,0.6878612716763006,0.16666666666666669,0.3333333333333333,0.0,0.0,0.0,0.0,0.0,1.0,0.0,0.0,0.0,0.0,0.0,0.0,0.0,1.0,0.0,1.0,0
VAR_002752,0.006569659508523821,0.0013913436972296637,0.04508070486333734,4.305496241734209e-06,0.009479402223555375,0.0015931965309381425,0.0024198700984340766,0.00012921133784297498,8.70850465739995e-05,0.02247636762804716,0.0062209315140173875,8.0,0.5765188214397367,0.4532703023353892,0.42146674041308446,0.24721333332341627,0.44991029052260223,0.2589917617996656,0.23896414779620187,0.34134073409621835,0.6,0.0412737057580836,0.4138703369218458,0.6,0.8,0.6,0.8,0.05553583911177816,0.040372430841843665,0.5253945205493966,0.033766876656881786,0.002478336137685954,0.8,0.0398948058855502,0.8,0.8,0.2,0.8,0.8061264577772235,0.8,0.23401233060403914,0.8,0.6,0.41965261507019413,0.8,0.8,1.0,7.0,0.08632416184678468,0.8,2.0,2.0,0.7826230638838128,0.8909946617176518,0.787156271711872,0.0,1.0,0.8302221984294431,0.0,1.0,1.0,0.099739081767121,0.0,0.097199105938764,0.0999998211088253,5.710556348855171e-13,1.0,0.0,0.0,0.0999944681249729,0.0,1.3182411498032962e-06,2.5185150152090696e-05,0.007591096332985107,1.0,0.9352715115766176,0.0,0.07967100686512851,0.1590806343014501,0.09086148651478135,0.3669088669867461,0.0190187764484198,0.0,0.0,0.2,0.024264852310137874,2.0,0.1643703946084973,0.4,0.08999481582695172,0.0,0.21994069526249693,0.0,0.09875344884235382,0.0,0.2591843541168322,0.0,0.04368124782518669,0.0,0.5069026112520801,0.0,0.5576070336865063,0.0,0.0,0.04069567142344992,0.0,0.0,0.6,0.5117215737261597,0.0,0.2639566816704528,0.0,0.2,0.0,0.6021002318973929,0.8253134475240831,0.07920191657937155,0.0,0.3528883989709521,0.0,0.6,0.8466395572356771,0.4382580428595735,0.0,0.5082866262874369,1.0,0.2686396463041424,0.0,0.36173345729766193,0.0,0.05796653040934515,0.0,0.2,0.5284652399941722,0.08308364628287175,0.003949807883265369,0.0,1.0,0.0,0.8,0.9969866100377824,0.25657321096929425,0.0,0.48416245463026303,0.4,0.008630106257442002,0.5504441410322285,0.6648005572986854,0.6290678797490622,0.0,0.24701732677911387,0.0,0.517690754697747,0.02027198047150639,0.24904373287325948,0.4019685636166841,0.059468227326450705,0.0,0.8,0.0,0.6,0.05992745635106188,0.71665633106228,0.020018961336532214,0.058757575316355636,0.9834165863883636,0.8906879018859125,1.0,0.8409979543685109,0.9368494422109188,0.7920021047923793,7.0,4.0,0.300578034682081,0.33333333333333337,0.3333333333333333,0.0,0.0,0.0,0.0,0.0,0.0,1.0,0.0,0.0,0.0,0.0,0.0,1.0,0.0,0.0,0.0,1
VAR_002600,0.0031624199595465525,0.0013886278326940933,0.045511983380159625,0.0006236426590876315,0.08542625789235768,0.0014890838534684782,0.0012693266814752698,0.0039891434204292735,3.8539077227395856e-05,0.02247636762804716,0.0327522030139409,8.0,0.738449320950982,0.2927674991795077,0.21800912302219616,0.05292130097993135,0.4300072156120929,0.2599999631819847,0.24330221558423143,0.3418054675177481,0.4,0.04125142997804805,0.3133062904099537,0.4,0.4,0.8,0.7703528059315821,0.02034160224025449,0.040001216463962576,0.22884533118971073,0.033777390755297385,0.006050874176906676,0.6,0.0199999793893548,0.4,0.2,0.2,0.4,0.6446307668504428,0.4,0.4390155890982461,0.6,0.6,0.4986905126927105,0.6,0.4,1.0,7.0,0.031054879619301822,1.0,1.0,1.0,0.8452611596041115,0.954461549868153,0.8368854875113672,0.6,0.6,0.5765118184924096,0.0,0.8,0.4,0.4392744143473622,0.4,0.07939300542094165,0.30196266088029267,0.040035592629592054,0.216320415929862,0.2,0.4403307577169732,0.06011366876238812,0.3461656902278251,0.02011201388134386,0.03855003096559511,0.0021067162430197382,0.405890984906691,0.7870543023153236,0.2,0.055933294127169186,0.28576058069253973,0.3766916731685039,0.26303606420896786,0.06179257146732059,0.10899303738305186,0.6339320059340662,0.2,0.005763855154031682,1.0,0.05635165240101334,0.5851451726580367,0.3826910038658947,0.0,0.43777706704497116,0.0,0.08413130633829367,0.0,0.43430341298377373,0.0,0.0385686168096442,0.0,0.28852531278164484,0.0,0.6132984189490285,0.0,0.0,0.040793216738409,0.0,0.0,0.8,0.4,0.0,0.42027801407707654,0.0,0.5287810891298567,0.0,0.8,0.798816847348408,0.08954439690458091,0.0,0.13022504878058255,0.0,0.8,0.5446971394026525,0.26298394608174713,0.0,0.5926902354861759,0.6235175611271847,0.5300083113469637,0.0,0.5560661011840781,0.0,0.039911231367075396,0.0,0.4,0.7217003552667927,0.09202518545579468,0.00031210463827338467,0.0,0.8,0.0,1.0,0.6034370933023634,0.31717741175088937,0.0,0.6579643815897593,0.4,0.025205681150189816,0.4768721444324833,0.8635866559405948,0.8925216166220704,0.0,0.25105716322532723,0.0,0.517690754697747,0.020271976913591866,0.24904373287325948,0.5923734154581196,0.0594081139489989,0.0,0.6,0.0,1.0,0.04003913991050079,0.51665633106228,0.0588216284471502,0.04002615256019197,1.0,0.9085900635706587,1.0,0.9198639432026987,0.9780266913349995,0.9557506089665336,6.0,9.0,0.5780346820809249,0.5,0.3333333333333333,0.0,0.0,0.0,0.0,0.0,0.0,0.0,0.0,0.0,1.0,0.0,0.0,1.0,0.0,0.0,0.0,1
VAR_002617,0.0028602152644877513,0.09403088825745805,0.0003009111814518024,0.0009791860210730482,0.022833375482228812,0.02596571048760067,0.00836706189873047,0.0035422061749436485,0.008567742805978615,0.047815212208815856,0.031345311996707134,8.0,0.738449320950982,0.3910558732733143,0.41800912302219617,0.2191853535170263,0.4300073380922836,0.23999996252123174,0.04331998638087869,0.4004647334215298,0.2,0.07987756392333152,0.3133062904099537,0.6,0.6,0.8,0.970352805931582,0.036232586090661725,0.040048044484823145,0.28945803548108606,0.03998998216967242,0.020550111347584096,0.6,0.020071640468265865,0.2,0.4,0.4,0.0,0.24463076685044288,0.2,0.2394839971146351,0.4,0.6,0.29869051269271046,0.4,0.4,1.0,7.0,0.0043627526307717605,0.8,1.0,1.0,0.8227334827684454,0.9400866516785478,0.8477439074980566,0.8,0.4,0.4709772981404592,0.10487332325764138,0.6,0.4,0.42880400967932086,0.6,0.07750474139810716,0.3000472658974871,0.04004464155662646,0.216320415929862,0.4,0.4403307577169732,0.040114788416497266,0.5461656902278251,0.20245375023238607,0.06636090584733126,0.0008610365275018182,0.33417234104422056,0.8,0.2,0.04633817697711909,0.36091992864620426,0.3785193725955073,0.27985968446158216,0.07321137078302387,0.30899303738305184,0.8339320059340661,0.2,0.0094862101842609,1.0,0.030386053354848265,0.5851451726580367,0.3126187222105692,0.0,0.2577770670451678,0.0,0.08341364859519064,0.0,0.43429966084516,0.0,0.03863375277010984,0.0,0.1063356543313618,0.0,0.7443086147374778,0.0,0.0,0.020796857175820728,0.0,0.0,0.6044917740996472,0.4,0.0,0.22027801407707653,0.0,0.5287810891298566,0.0,0.6,0.9648079313349922,0.07033706682164692,0.0,0.33022504878058256,0.0,0.6,0.5446970633229306,0.22472590322217365,0.0,0.7904363157743373,0.42351756112718475,0.5640930429265125,0.0,0.408631628338343,0.0,0.0399289587855116,0.0,0.5985750448048646,0.9114136594068234,0.07202519247571439,0.007898279189912429,0.0,0.6,0.0,1.0,0.6052669901774421,0.2669189896544967,0.0,0.46584706873628834,0.4,0.02520568115018982,0.4768721444324833,0.8635866559405948,0.8925216166220704,0.0,0.25105716322532723,0.0,0.517690754697747,0.020271976913591866,0.24904373287325948,0.5923734154581196,0.0594081139489989,0.0,0.6,0.0,1.0,0.040039139910500794,0.51665633106228,0.0588216284471502,0.04002615256019197,1.0,1.0,0.979131497580236,0.922798681974492,0.9999663186212172,0.9909882082410695,6.0,11.0,0.5375722543352601,0.5,1.0,0.0,0.0,0.0,0.0,0.0,0.0,0.0,0.0,0.0,0.0,0.0,0.0,1.0,0.0,0.0,0.0,1
VAR_002900,0.001393669940648435,1.0526812368321313e-06,3.7921957726911436e-08,0.0004216977187291975,5.626843417764494e-08,0.014583130835160564,1.4806991291599644e-07,0.010345607272954038,5.758330094374528e-08,1.69089733214545e-05,0.005684222874656162,18.0,0.703485587168228,0.19427160005657745,0.2678067394025019,0.048894768823962376,0.601253439448038,0.058992661278206966,0.4241807543778938,0.2,0.543142430181673,0.05686962652434648,0.2,1.0,0.2,1.0,0.18760881740565102,0.05571330658516771,0.060736539481691575,0.39248853475919704,0.051804666438695704,0.019795547408720193,0.6,0.05042039582944015,0.6,0.630187488380183,0.6,0.8,0.6,0.6,0.2154355989080005,0.8,1.0,0.6,0.0,0.6,1.0,7.0,0.08139658300185666,0.6,1.0,1.0,0.8111056158744312,0.9405028673799014,0.817613732141172,0.5262201024179355,1.0,0.48789218307662086,0.36194657926807955,0.4585106027058643,0.2,0.2539156370731797,0.6,0.11306566196056853,0.27988614119362637,0.1736984468853021,1.0,0.4,0.2546941066351863,0.0420525610062827,0.6,0.030888241849608263,0.03772237788675446,0.001972579158130979,0.283185118457888,0.6290274041527024,0.4700234874906199,0.1918805962442097,0.73262142789636,0.04581263381572096,0.22796588679575383,0.05611699680164861,0.2,0.4,0.4,0.05009217556123172,1.0,7.116917540744358e-05,0.7859740958713834,0.32602798317749593,0.0,0.20043606138530698,0.0,0.07630982697980838,0.0,0.08408105875654345,0.0,0.04819790788412189,0.0,0.6134096194660165,0.0,0.8505117081375566,0.0,0.0,0.039122294428168815,0.0,0.0,0.8,0.2,0.0,0.5983695529624801,0.0,0.3051736489290028,0.0,0.3422277673072016,0.08390162614506852,0.04948630696581623,0.0,0.8,0.0,0.6,0.40028866174281474,0.35008677241143393,0.0,0.5887054901423505,1.0,0.2,0.0,0.4707698287163665,0.0,0.05928079878661028,0.0,0.4,0.2884789909020507,0.07619578700827238,0.0077465334618132846,0.0,0.5793875999699662,0.0,0.8,0.5999310502160692,0.29784518892733985,0.0,0.7439604396746484,1.0,0.005792649011957758,0.0,3.3913183208753075e-11,0.773379257416346,0.0,0.3870357019445248,0.0,0.0,0.10000000000106088,0.0,0.493980062402222,0.000100059369677,0.0,0.0,0.0,0.0,0.09996614819141326,1.0,0.0999686241828102,0.09360225719694049,0.9708537999684846,0.7118205216005195,0.9430538359976622,0.9398548613837345,1.0,0.9441068667097682,21.0,1.0,0.34104046242774566,0.5,0.6666666666666666,0.0,0.0,0.0,0.0,0.0,0.0,0.0,0.0,0.0,0.0,1.0,0.0,1.0,0.0,0.0,0.0,1
VAR_002956,0.018409695899589393,0.002034482475516307,1.7755104797535382e-08,2.62550545338736e-05,0.0016243170387927534,0.0003006988808611489,0.03113195224634815,0.00023604448424898683,4.882447942131766e-14,0.060607095553274606,0.005995015169055548,16.0,0.6800044086079646,0.23033904272807237,0.19628704381973788,0.2387505280388954,0.2305977115215113,0.4018357139295605,0.2189781355588643,0.0,1.0,0.0014240364164044,0.0,0.0,0.0,0.0,0.8861787968805213,0.0999999999519982,0.0002752148628783,1.0,1.065982350526465e-16,0.022560019348927266,1.0,0.0698031048237266,1.0,1.0,1.0,1.0,0.0,0.0,0.0797095704962382,1.0,1.0,0.0,0.0,1.0,1.0,3.0,0.0821981613396431,0.0,1.0,1.0,0.9117022015795144,0.9221822679669323,0.8479268688137168,0.0,1.0,0.99998678579332,0.0,1.0,0.0,4.685157216983838e-09,1.0,4.373071551598728e-16,0.0999739463159283,0.0223438599410781,1.0,1.0,0.3967536724245076,0.0999999549658347,1.0,0.0999505559656512,0.0999999999819552,3.3302438798774757e-09,0.398622231279955,1.0,0.0,0.09983474446213414,0.0,0.09999999999891816,0.0,0.0691550404776462,0.3107133697719065,0.0,1.0,0.05699306508876955,1.0,0.0749133933822369,1.0,0.3374519561621186,0.0,0.0018290199720576,0.0,0.0181736321801915,0.0,0.0445623738214588,0.0,2.4420117125796483e-08,0.0,0.95747166437962,0.0,0.8,0.0,0.0,0.001741735580846,0.0,0.0,1.0,1.0,0.0,1.0,0.0,0.0,0.0,0.389030840883453,0.053708394788213,0.0,0.0,1.0,0.0,1.0,0.046408446204647,0.9011100858379756,0.0,5.000115514013206e-10,1.0,0.1380409331808319,0.0,0.1819745871377761,0.0,0.0026609753284563,0.0,1.0,0.999922000736254,0.09999999900657011,1.7857085555281709e-16,0.0,1.0,0.0,1.0,0.999999765687607,0.7685051093400244,0.0,0.3125568489722875,1.0,0.016579067748906967,1.0,0.806341990402891,0.999867328936592,0.0,1.0,0.0,0.0,0.09999999993190209,0.0,0.999753486392832,0.0984662826156373,0.0,1.0,0.0,1.0,0.09345446719498735,0.2856860194474812,1.133331960206863e-05,0.07661652487960209,1.0,0.70461256271331,1.0,0.9230444632746627,0.9986005846652504,0.9506023209309188,11.0,14.0,0.16763005780346824,0.0,0.6666666666666666,0.0,0.0,0.0,0.0,0.0,0.0,0.0,0.0,0.0,0.0,1.0,0.0,1.0,1.0,1.0,0.0,1
VAR_002619,0.009070717243353794,0.006766295054801167,0.017721674106861516,0.0063537103525720005,0.1543664537429809,0.020957897305701467,0.00991904148566605,0.008778243796573108,0.004325760114094374,0.003308720162309106,0.024958992571715372,8.0,0.7148582410280839,0.1033168752316373,0.19313105675376754,0.4193364091817531,0.03167620851517183,0.39894746843436707,0.23897510491322277,0.2,0.22309627583894986,0.05914053390445306,0.5953925557721836,0.8,0.37390451642682265,1.0,0.4,0.052645371873599765,0.025952591408082683,0.4688608425771923,0.05574363832647228,0.025166148009610454,0.8,0.07635029345246293,0.4,0.4,0.8,0.4,0.6435850338548258,0.8,0.040568231214994005,0.6,1.0,0.6985308851678174,0.6,0.8,1.0,7.0,0.24664791726361268,0.4,2.0,2.0,0.7439061541606273,0.9033977646962029,0.7360423715634175,0.8,0.6,0.7792613153043415,0.25062381798148736,0.8982238591290257,0.602813897027953,0.40950116095750133,1.0,0.05531472018806903,0.25045924246228546,0.00778875548202973,0.8,0.4,0.6323076926790032,0.015638484989232548,0.4,0.23999035212199668,0.07611201381435156,0.0029173715978712956,0.5927197936248615,0.31948912428626947,0.29504713140546485,0.11150722091766915,0.45605009338737207,0.2482792590097503,0.41741584560667205,0.0722998942931577,0.7171342041948416,0.6,0.2,0.01820792049374891,2.0,0.015829905358351517,0.500328283025989,0.19689831511047656,0.0,0.06750967507722849,0.0,0.061174991048923585,0.0,0.22681979665542382,0.0,0.06932133494378755,0.0,0.3500023476537024,0.0,0.52620823301572,0.0,0.0,0.07734485342644357,0.0,0.0,0.7134113572896709,0.6,0.0,0.2,0.0,0.5174116577988245,0.0,0.546920683835142,0.7400885989752494,0.04328108205915898,0.0,0.24948149434366,0.0,0.4789418419053534,0.40636853991104727,0.2180545982156561,0.0,0.7986606379688457,0.41449056271818074,0.11647988910352394,0.0,0.1867376205706252,0.0,0.07760096635947103,0.0,0.4318177174553563,0.4887146459836834,0.0638180273949651,0.017909438933703625,0.0,0.8733107575682155,0.0,0.8,0.02716473813768716,0.26347196036919895,0.0,0.5613373431878718,0.6,0.011920708427790888,0.45616525236288324,0.41371744554030654,0.48136224410925105,0.0,0.40752641678498513,0.0,0.7547359937384706,0.020013832599378487,1.0,0.3864057662113012,0.03999505325984615,0.0,0.6,0.0,0.4,0.0241342901714576,0.42527066476651215,0.06831643343702012,0.06138266132063577,0.9876792274394212,0.8610917665325617,0.9496817549767668,0.6627358458645107,0.9346346134046994,0.6772941852730772,16.0,21.0,0.6994219653179191,0.33333333333333337,0.3333333333333333,0.0,0.0,0.0,0.0,0.0,0.0,0.0,1.0,0.0,0.0,0.0,0.0,1.0,0.0,0.0,0.0,1
VAR_003023,0.0003657821708569352,0.00513827363250745,1.775149533093927e-15,0.00022125848058983456,5.839555288673409e-06,3.977924407637218e-15,0.04504842606890351,0.0009050858171304429,0.007537023289293437,0.3277395264535933,0.10694487318487934,0.0,0.8096524975562265,0.02034525477888932,0.8341279705222082,0.0,0.0,0.09999980928529308,0.08419791287204201,0.0,0.0,0.1,0.0,1.0,1.0,1.0,0.0,0.0999618548860879,0.0235997703904137,0.2464690874989791,0.0999999994056906,2.4976817344137136e-19,0.0,0.0999998261536739,1.0,0.0,1.0,1.0,1.0,0.0,0.0999947645429931,0.0,0.0,1.0,1.0,0.0,1.0,5.0,0.1,0.0,2.0,2.0,0.9781087877242285,0.9750940418298433,0.8486044860020072,0.1470006789259157,1.0,0.9446625436846721,1.0,0.0,0.0,0.0999986205274625,1.0,0.0530789076991421,0.092676065438991,0.099993371075932,0.0,1.0,0.0,3.0790220888908394e-10,0.0,0.0168446486827049,0.0006282,0.0040680338542433804,0.0,0.0,0.0,0.09996579609757694,0.1263267012047326,2.718984307976722e-09,0.0,0.4681287709846626,0.0,1.0,1.0,0.06831106394047942,2.0,0.10213907340307167,1.0,0.0,0.0,0.0055671068688999,0.0,7.066459727582511e-14,0.0,0.1,0.0,0.09951731481042239,0.0,0.4392822905500758,0.0,0.2330551660814636,0.0,0.0,4.754215963998007e-08,0.0,0.0,1.0,1.0,0.0,0.0,0.0,0.5660611151969898,0.0,0.0,0.999687580607152,0.0318275124333913,0.0,0.0,0.0,0.0,0.999999871929588,0.0,0.0,4.9866490267398004e-15,1.0,0.0,0.0,0.0,0.0,0.0999998123722075,0.0,0.0,0.02161231157998,0.09999986812912692,0.0077990309709796085,0.0,0.0,0.0,1.0,0.482600960299806,0.0,0.0,0.0004982496669205364,1.0,0.0018400855277318127,1.0,0.051902890824922006,0.016914002943722,0.0,0.2977850691510471,0.0,0.0,0.09999999744008128,1.0,2.9243644101284763e-07,2.669137855674167e-05,0.0,1.0,0.0,1.0,0.09996067970840086,0.0,5.88288077499808e-05,4.480217813776104e-07,1.0,1.0,0.9784685180279088,0.5914717115384953,0.9335184068188769,0.8062452579573487,0.0,19.0,0.32947976878612717,0.6666666666666666,0.6666666666666666,0.0,0.0,0.0,0.0,0.0,0.0,0.0,0.0,1.0,0.0,0.0,0.0,1.0,1.0,0.0,1.0,0
VAR_002811,0.000559726498854143,6.077552133888302e-13,1.7911133203803385e-06,8.464762383429364e-06,0.058853175967582216,1.0186188724826519e-16,0.005329813230941861,0.0019460591806048303,0.00012936645061994526,0.0023828032600819705,0.031354074396158005,16.0,0.7148582410280839,0.30267971624824036,0.3931310567537675,0.3993364258760163,0.05165271175181649,0.38183571326875165,0.2189932943526725,0.2,0.7770838566699064,0.05910661129245098,0.7355912644999416,0.6,0.4320047637436194,1.0,0.6,0.22709375728363987,0.22151888170337336,0.5990392036763099,0.22375405343535876,0.12343520466680057,1.0,0.2638006595442922,0.8,1.0,1.0,1.0,0.445911989069644,1.0,0.0819132239196736,0.0,1.0,0.6055002769308176,0.0,0.0,1.0,3.0,0.0998515074780137,1.0,4.0,4.0,0.8663260510486199,0.9715805939121525,0.8438158072601745,1.0,1.0,0.884502716074328,0.6426384705858209,1.0,1.0,0.0999928237021096,1.0,1.1175159324135447e-06,0.0215189621507947,0.0964627289306544,1.0,0.0,0.0,0.0999999999999892,1.0,0.1602853782806877,0.4511735253437925,0.0201623385709311,0.0,0.0,0.0671070309233124,0.09354372386024619,0.0,0.09794971576216335,0.3197023314593527,3.0396787937223953e-05,0.7497912738059209,1.0,0.8,0.2721841684906184,4.0,0.0067000750163605394,0.6679970602082886,0.31579493007980614,0.0,0.0582703119475216,0.0,0.2200000003505965,0.0,0.04272832970856787,0.0,0.2565834198946959,0.0,0.5444043298381551,0.0,0.6023995018662262,0.0,0.0,0.4204491700312585,0.0,0.0,0.8,0.2,0.0,0.3581419639025768,0.0,0.47149870326452425,0.0,0.5293089115687051,0.39989667824955044,0.24052831861499785,0.0,0.8639484484997361,0.0,0.6,0.5937936287307297,0.6490813531166403,0.0,0.5771131010986243,0.6,0.4,0.0,0.00788911920604596,0.0,0.22255660567829688,0.0,0.4255811185604439,0.3286123535019715,0.26416934379847057,0.21935532153366588,0.0,0.9244231125747389,0.0,0.6,0.5116425790720199,0.4578500599838228,0.0,0.21513323655641944,0.0,2.672641600864672e-08,1.0,0.12123766009436,0.9999818730458581,0.0,0.4936786412716567,0.0,0.6437316592800291,0.00012743191046865268,1.0,0.7967576264774261,0.0706848239092607,0.0,0.0,0.0,0.0,0.09999999591808156,0.0,0.0967312401704803,0.001495804868403385,1.0,0.9105198706894142,1.0,0.5926264710247785,0.9533599996371429,0.6882069895411038,12.0,22.0,0.6127167630057804,0.6666666666666666,0.16666666666666666,0.0,1.0,0.0,0.0,0.0,0.0,0.0,0.0,0.0,0.0,0.0,0.0,1.0,1.0,1.0,0.0,1
VAR_003006,0.000365065959436974,0.00848860834722311,2.423291190548179e-12,0.0003883241282096296,4.490582629526133e-06,0.05732558070344991,0.006551927051153458,0.010214730207526527,8.053150563505055e-07,0.16341273390160138,0.007881384348289595,18.0,0.6800044086079646,0.33205066863426563,0.19628704381973788,0.07248649218750376,0.23135372012854305,0.4218343609538152,0.4000599885411503,0.4,0.7770838566699064,0.06373209509024697,0.7736691887740333,1.0,0.6,1.0,1.0,0.21131115459526478,0.23714654690588044,0.43654033608063214,0.0601340099738189,0.0007146088253006327,1.0,0.08318233281023688,0.8,0.0,0.0,0.0,1.0,0.0,0.9818416563812244,1.0,1.0,0.0,1.0,1.0,1.0,2.0,0.0999999985194391,1.0,4.0,4.0,0.9746627865824604,1.0000000000000002,0.7934599822288071,1.0,1.0,0.002022781544445,1.0,1.0,1.0,1.0,0.0,0.005672064037906699,0.145549,0.0601054055209694,0.0,0.0,0.5003484484870786,0.0047239317635915,0.0,0.004171299432382899,0.099949177661695,4.4900492960541275e-08,0.3634746438058417,0.0,0.0,0.001627451699522064,0.1105073229631757,1.0000000000000002,0.0,0.0998985382425262,0.0,1.0,0.9338615087417297,0.10100164632369037,4.0,0.03704623635293612,0.8,0.7592596205734014,0.0,0.40191612504679075,0.0,0.011656692781066269,0.0,0.060966596916372115,0.0,0.06203145380606906,0.0,0.7462785439761376,0.0,0.6,0.0,0.0,0.27780777327701667,0.0,0.0,1.0,0.2,0.0,0.7725870444573932,0.0,0.35624058177428575,0.0,0.09340021908176832,0.2479113979297827,0.06090442529685305,0.0,0.8639484484997361,0.0,1.0,0.5645401575141257,0.5665042311979428,0.0,0.6205763553147204,0.8,0.2,0.0,0.4,0.0,0.05044701058294023,0.0,0.2562481398178779,0.569522566693303,0.08465192055282661,0.0017705970104396908,0.0,0.8898137556615066,0.0,0.8,0.77486518258047,0.592904934065451,0.0,0.5675914631326913,1.0,5.226635606163182e-07,1.0,0.999898217078808,0.010059949115196,0.0,0.0,0.0,1.0,0.06689942971585133,0.0,0.0006217413942121331,0.0991046715513418,0.0,0.0,0.0,1.0,4.043988205411371e-08,1.0,0.061293017210094,0.03658472959997579,0.9999110862537072,0.99397273102661,0.9473087401195046,0.5973687786469535,0.9917264224972564,0.7842528099285655,8.0,14.0,0.5722543352601157,0.16666666666666669,0.3333333333333333,1.0,0.0,0.0,0.0,0.0,0.0,0.0,0.0,0.0,0.0,0.0,0.0,1.0,1.0,0.0,0.0,1
VAR_002587,0.002889142778842061,0.0021259415401188022,0.011783824577072435,0.004977703291219241,0.24811716065305325,0.013105684647918966,0.0074494370640940935,0.0003514212736075191,0.0002568127282705437,0.049102555067995976,0.024963069204966354,8.0,0.7148582410280839,0.1033168752316373,0.19313105675376754,0.4193364091817531,0.03167620851517183,0.39894746843436707,0.23897510491322277,0.4,0.4230962758389499,0.05924058341224646,0.5953925557721836,0.8,0.5739045164268226,1.0,0.2,0.0576982265047231,0.039275107142583955,0.5784420922680701,0.057090212592147305,0.033015452529014125,0.8,0.056350529132146276,0.6,0.4,0.8,0.29427775344887797,0.5797795247523541,0.6,0.24000011361125867,0.6,1.0,0.4985308851678174,0.4,0.6,1.0,7.0,0.04476663095067284,0.2,3.0,3.0,0.8318423277880569,0.9710103247556239,0.7656975023835635,0.4,0.4,0.9698973440254146,0.25062381798148736,0.6,0.440178215477076,0.3341744626201189,1.0,0.06308591240619194,0.30228176699747533,0.01908381561814459,0.6,0.4,0.48043119856747085,0.00645037626880986,0.3041648714116936,0.05072292663739297,0.07850109568624639,0.00011716152547704382,0.4124508213209541,0.5194891242862695,0.13827927329603387,0.11570530250291167,0.3152606723093846,0.0439906761543863,0.35449021095147176,0.0763898416123476,0.3310893184366141,0.6463950814080885,0.2,0.002367899986399008,3.0,0.015823819828488576,0.4465277420041141,0.3968983151104766,0.0,0.0677425258384606,0.0,0.0811611065620422,0.0,0.2269824469104115,0.0,0.07941149367881434,0.0,0.36583252783698006,0.0,0.4929681461636701,0.0,0.0,0.07730334653131873,0.0,0.0,0.5134113572896709,0.8,0.0,0.30314222217811626,0.0,0.6486611221463341,0.0,0.346920683835142,0.7400885989578807,0.024180452236555548,0.0,0.24948149434366,0.0,0.4906871791813921,0.6017592644217832,0.32607996066563094,0.0,0.5988116956242128,0.6144905627181807,0.316479889103524,0.0,0.18764911262624434,0.0,0.07775874896614512,0.0,0.45407251084987016,0.4887146287853688,0.0645064673582688,0.013597911636702572,0.0,0.8733107575682155,0.0,0.8,0.20089427496738946,0.20562190038537614,0.0,0.5613340491915193,0.6,0.0025293781362806444,0.4,0.46429125040812136,0.38795577743698345,0.0,0.6610357554110678,0.0,0.46223458118642125,0.03999974838314549,0.8,0.5999765230530942,0.0598208935310555,0.0,0.4,0.0,0.6,0.060350801735960066,0.6,0.06060647260798339,0.007817630025829903,1.0,0.9277758354255524,1.0,0.6356388031978176,0.9526549355581562,0.8516838973586334,14.0,21.0,0.5317919075144509,0.33333333333333337,0.6666666666666666,0.0,0.0,0.0,1.0,0.0,0.0,0.0,0.0,0.0,0.0,0.0,0.0,1.0,0.0,0.0,0.0,1
VAR_003185,0.03396471239406275,0.050525013236606846,0.0020766923897821195,1.880927975623356e-06,0.0012956782452459557,0.1037209068433793,0.034190927216052776,0.04465254101019558,0.0038345922285211503,0.010479575973608072,0.01109187333813005,18.0,0.6419349081192098,0.23440809368385018,0.3631126379241795,0.05875052803033539,0.21135384261399812,0.42183432214843863,0.2168995711155588,0.0,0.8854192833495322,0.0013954784203439,1.0,1.0,1.0,1.0,1.0,0.0984949178706016,0.1,0.4571826179973627,0.0045344881230295,0.000301820169450007,1.0,0.0992564806021599,0.0,0.0,0.0,0.0,0.0,1.0,0.0373214181076598,1.0,1.0,0.0,1.0,1.0,1.0,3.0,0.0,0.0,2.0,2.0,0.7759697519622673,0.9902679026557935,0.8189733442432363,0.0,1.0,0.0007999690871125535,0.4778342990504686,1.0,0.5701674210640291,0.0021663450876426944,1.0,0.0946124428122204,0.099885106541357,0.1781722871080076,1.0,0.0,0.0,0.0078540296558375,1.0,0.006257904112266099,0.0999999053091045,0.0010813788493552932,0.0,0.0,0.0,2.49781434846455e-10,1.0,0.012745667329843537,0.0,1.432991354248517e-09,1.0,0.0,1.0,0.02972001614427909,2.0,0.025178438090017515,1.0,0.0,0.0,0.0587328678335656,0.0,1.7230828803328008e-10,0.0,0.0048328760260977,0.0,0.0999995954895138,0.0,1.0,0.0,1.0,0.0,0.0,0.1,0.0,0.0,1.0,0.0,0.0,0.1949094339216375,0.0,0.5119036441881029,0.0,0.0,0.9994026807779339,0.0060263627709469,0.0,1.0,0.0,1.0,6.555844767747741e-18,0.8325211559897139,0.0,0.9999999999988309,1.0,0.0,0.0,0.0,0.0,0.0995261252602542,0.0,0.0,0.999999731969569,0.024325951251163193,5.131524082820798e-08,0.0,1.0,0.0,1.0,0.99999462112937,0.0,0.0,0.9992846061748828,1.0,0.03283024672985616,0.0,0.9995355553816709,0.9699469741415461,0.0,0.0867707561630801,0.0,0.0,0.0005257251355247805,0.0,0.00023447189168575248,0.915462339739685,0.0,1.0,0.0,1.0,0.09670920413307027,0.0,0.0867417429884033,0.07838091867324289,1.0,1.0,1.0,0.5639834535969146,0.9118987109462888,0.7790901801643126,7.0,19.0,0.4566473988439307,0.5,0.3333333333333333,0.0,0.0,0.0,0.0,0.0,0.0,1.0,0.0,0.0,0.0,0.0,0.0,1.0,1.0,0.0,0.0,1
VAR_003144,0.007909323854130422,0.017330552828452996,0.013257720294096829,0.001191162139608479,0.07495159534107122,0.00037278226855793007,0.008493056892064775,0.005882925580072904,0.0032509526898823007,0.0035598667250310544,0.02578677200620572,8.0,0.6800044086079646,0.1930191195462999,0.0511835289177545,0.23918421534348727,0.43059771152048165,0.22000225378090862,0.22542573608564853,0.8,0.6230962758389499,0.09911267119867122,0.3953925557721837,0.6,0.37390451642682265,0.8,0.6,0.042567772120633875,0.04693495834523519,0.5506616433891133,0.06495080478648828,0.17246147517954719,0.4,0.07933447757165264,0.6,0.4,0.6,0.494277753448878,0.6,0.8,0.04079262739305561,0.8,1.0,0.2985308851678174,0.6,0.6,1.0,7.0,0.22613819769307814,0.6,1.0,1.0,1.0,0.985311293297674,0.8720157416698734,0.5009545900628904,0.4,0.4162654430041246,0.23143848299195638,1.0,0.6,0.07828914498173,1.0,0.039845379917841796,0.06225086831361991,0.04351421614779645,0.6,0.05947245644858472,0.6608187419186056,0.20703067742143105,0.8,0.04330121665960901,0.13559967521955157,0.0028225726773419614,0.3329873264184594,0.4,0.4113569515957911,0.274865644237592,0.6,0.052308135064541995,0.3525800918417262,0.05568597783987459,0.29279219026155473,0.6,0.6,0.026131873314492512,1.0,0.02890713490447342,0.41747639547573695,0.5007533785577735,0.0,0.2661757442632501,0.0,0.06419997774900828,0.0,0.05054709942045443,0.0,0.05564667556649824,0.0,0.40559801781554733,0.0,0.8905686442974439,0.0,0.0,0.09676893051542153,0.0,0.0,0.9134113572896709,0.6,0.0,0.371322673711066,0.0,0.6689726007490431,0.0,0.508605373482319,0.5135375749086478,0.06099868649220146,0.0,0.18728516783824078,0.0,0.6789418419053533,0.4056657933477486,0.13547747629695858,0.0,0.7769197675224966,0.6380081238453655,0.316479889103524,0.0,0.4010645193295832,0.0,0.07755959704394945,0.0,0.05407251084987014,0.6764109940730817,0.060197647184348786,0.0002752434094357908,0.0,0.6733107575682156,0.0,0.8,0.23246388499065235,0.40043672917505846,0.0,0.5766032019596974,0.8,0.005780267413067685,0.8,0.6371310985637555,0.22900993111534806,0.0,0.4209305475461698,0.0,0.5259161388532935,0.049625237320047484,0.8391252949077916,0.441174260253581,0.03599778707347086,0.0,0.8,0.0,0.4,0.04279961310504871,0.8017372248583466,0.07577600395857144,0.0213742144992704,1.0,1.0,0.9588774529313268,0.7962459782233653,0.9965835358426187,0.9547776973663957,17.0,14.0,0.4335260115606937,0.33333333333333337,0.6666666666666666,0.0,0.0,0.0,0.0,0.0,0.0,0.0,0.0,0.0,0.0,1.0,0.0,1.0,0.0,0.0,0.0,1
VAR_003062,0.003856205543376256,0.003782877127478708,0.0006208059510823835,0.00014587410371464936,0.013591955927503313,0.0640886735120078,0.014449080907651105,8.799274838220192e-05,7.672860371127821e-12,0.013267678520695122,0.007839648476771375,28.0,0.64193490811921,0.23440809368385018,0.3631126379241795,0.05875052803033539,0.2113538426139981,0.42183432214843863,0.2168995711155588,0.0,0.0,0.0996924289807035,1.0,1.0,0.0,1.0,1.0,0.0665814993052675,0.0007633508072049,0.6503008852344939,0.0998672316649243,0.023026725733671444,1.0,0.0969346824278178,0.0,0.4,1.0,0.8,0.2466904541964483,0.4,0.03170371809318276,0.6,0.8,0.6970513821649509,0.8,1.0,1.0,7.0,0.04088434114265425,0.6,4.0,4.0,0.8883518066756848,0.9628371834612646,0.8662560445814269,0.0,0.0,0.9999987484062061,1.0,1.0,0.0,0.0003469083842070945,1.0,0.0999833084777815,0.0091290661052163,0.0587700548915432,1.0,0.1890763974207564,0.0,0.05483106480327,1.0,4.485303960518036e-11,0.0766496248256777,3.308569263087461e-07,1.0,1.0,1.0,0.09999982171864273,0.0,5.709563756543728e-14,0.0,0.0239738847762481,0.0,1.0,0.7107565476447318,0.05996513963397569,4.0,0.03153209040205015,1.0,0.39676435346840544,0.0,0.2214836904595662,0.0,0.229468865959839,0.0,0.012201087366464702,0.0,0.05982105205920568,0.0,0.539200301875007,0.0,1.0,0.0,0.0,0.06862054823386496,0.0,0.0,0.6,0.2,0.0,0.24098995261124542,0.0,0.6774665854397044,0.0,0.6,0.602879151015921,0.059941994402821865,0.0,0.8,0.0,0.8,0.508851989818708,0.2350065657595343,0.0,0.7595611829453929,0.9018677858012921,0.2877692448945327,0.0,0.30802461213731075,0.0,0.24109426282931476,0.0,0.48795564393525287,0.4339894022662377,0.03998177924802453,0.002558455179862643,0.0,1.0,0.0,1.0,0.1204976081668328,0.2776098442416589,0.0,0.9001561509730134,1.0,0.005583096461998904,0.0,0.00200764489372,0.9875116352549069,0.0,0.0,0.0,0.0,3.0028140381837776e-07,1.0,0.999999976657846,0.0999651610424359,0.0,0.0,0.0,1.0,0.04744067144670515,1.0,0.0999671931331763,0.0009730260534362847,0.9912377053995092,0.4849233490904507,1.0,0.7771421645318731,0.9471246773601243,0.8181632949975737,4.0,22.0,0.9248554913294798,0.0,0.3333333333333333,0.0,0.0,1.0,0.0,0.0,0.0,0.0,0.0,0.0,0.0,0.0,0.0,0.0,0.0,1.0,0.0,1
VAR_002984,0.012666387370631828,0.017605509640604495,0.003211234017665404,0.00023079733766668422,0.03298894472922988,0.0035256795988730903,0.0015044028372696704,0.0002086279711093762,0.03534777293191916,0.07810302326174294,0.00385146721046,8.0,0.6767887405393291,0.1067672981088969,0.35995665085820916,0.04300414943141721,0.03147188876470906,0.4218343221450236,0.39944443085011616,0.2,0.2,0.040308279996678145,0.7619220757259082,0.6,0.5739045164268226,0.8,0.4,0.0529598665357228,0.022104384240229896,0.44317019016931763,0.029640613820235064,0.02344326650459115,0.8,0.058083696928182535,0.6,0.8,0.6,0.6,0.04915218648873952,0.4,0.22180526235387804,0.6,0.6629524775871024,0.6,0.4,0.6,1.0,7.0,0.2408525679485649,0.8,4.0,4.0,0.8757240100745913,0.9756424210658459,0.8182928502286204,0.4,0.8,0.5985876335836681,0.4,0.09822385912902562,0.39523646421193054,0.20087739947922612,0.6,0.01644302603838338,0.05389801949427969,0.06051797348647575,0.8,0.4,0.5348622483472077,0.0632899219380225,0.4,0.17703372657219352,0.04341804015209134,0.009225598065106986,0.0080224657867009,0.6,0.2769856660371087,0.04031821682116645,0.5316152883900324,0.26399228727364343,0.21138290213004524,0.08127116726260142,0.41768786134556884,0.6,0.4,0.038410581309513143,4.0,0.032311649738414584,0.2766761164029389,0.5999329238604876,0.0,0.06298878618210016,0.0,0.021211657337836372,0.0,0.24665510132804994,0.0,0.040060793249221155,0.0,0.3737533648393554,0.0,0.7248384813813712,0.0,0.0,0.04254255298590818,0.0,0.0,0.7134113572896709,0.4623757842144144,0.0,0.2,0.0,0.6723293587923755,0.0,0.20975853251851523,0.3135265580964197,0.040631377512658925,0.0,0.38149272594571954,0.0,0.33307960935996744,0.5182571313510056,0.12371997626522517,0.0,0.2995129241915739,0.6,0.50634436291864,0.0,0.3711365704242134,0.0,0.09867186720680558,0.0,0.23725865923566936,0.7894070937411007,0.07127563118841138,0.0015725397400179167,0.0,0.4922410720620379,0.0,0.8,0.21858416055248248,0.18054450589464638,0.0,0.7354495082791478,1.0,0.013786801062151752,0.6040763249341076,0.2586827329025972,0.5034984739583522,0.0,0.3679423744418495,0.0,0.41518149834308327,0.060813596453784764,0.8,0.3887759233580084,0.04852111522382564,0.0,0.4,0.0,0.6,0.04069550192773507,0.37699393435090894,0.06844050297644858,0.07970532146020122,0.97835528270308,0.9669611408847244,0.9710290714250398,0.6206641306509856,0.9686326450597849,0.8197186566570663,5.0,22.0,0.9248554913294798,0.16666666666666669,0.3333333333333333,0.0,0.0,1.0,0.0,0.0,0.0,0.0,0.0,0.0,0.0,0.0,0.0,1.0,0.0,0.0,0.0,1
VAR_002976,0.0035473043381922887,5.793513455523327e-06,9.599733989098498e-05,0.0008046836887922921,0.010436157794935908,0.00030473381837398507,1.2620911976700061e-06,0.008927404981758457,1.771538726690988e-05,0.16129542967277935,0.0025133547033371617,18.0,0.6800044086079646,0.33205066863426574,0.19628704381973788,0.07248649218750373,0.23135372012854305,0.42183436095381527,0.4000599885411503,0.0,1.0,2.497676682511591e-06,0.5125195248286796,0.0,0.0,1.0,1.0,0.0845949131494607,0.0827416689696237,0.0,0.0999812159855602,0.0919121901843458,1.0,0.0873739633939967,0.0,0.6,0.6,0.8,0.5632121095277202,0.8,0.019493855112305458,0.6,0.7896461609049747,0.4986905126927105,0.6,0.8,1.0,7.0,0.04268904431540386,0.8,4.0,4.0,0.8390606826352689,0.9579911274479819,0.818826755160096,0.4,0.2,0.5384154314900663,0.36236097667101574,0.2,0.4656604006777322,0.1999467047556432,0.6,0.055575200710411984,0.10182569456998473,0.060184741250442764,0.616320415929862,0.2,0.1637585683648653,0.21341460617586788,0.8,0.28409060863830227,0.5422075939167902,0.016202821883834522,0.4578770451145303,0.6643045031536248,0.0235110666511772,0.04390302754423443,0.2270387979768608,0.1746263455359744,0.058691135379622804,0.02648638614771983,0.4,0.4,0.0,3.493951988416035e-05,4.0,0.0004297980090192483,0.6,0.3592596205734014,0.0,0.42358521919329456,0.0,0.040983531312793565,0.0,0.23999953771775892,0.0,0.05459910813800573,0.0,0.671217147398497,0.0,0.7249642296634433,0.0,0.0,0.06026485784147632,0.0,0.0,0.659044178040747,0.6,0.0,0.4,0.0,0.42728612052400977,0.0,0.2,0.5320965922254848,0.09910006534235442,0.0,0.7302250487805825,0.0,0.8,0.6337219536245055,0.36549547306575797,0.0,0.785103391554981,1.0,0.4042570318226385,0.0,0.5790541881747338,0.0,0.06782920240745524,0.0,0.4,0.622094022047435,0.09302899341824837,0.00029475433353384306,0.0,1.0,0.0,1.0,0.7754669298241403,0.38127076946938293,0.0,0.4931658375118351,1.0,0.00012384206174542576,1.0,0.999774965667931,0.0009455065111213602,0.0,1.0,0.0,0.0,8.967147064632709e-07,0.0,1.300207359205069e-13,0.0999999971319953,0.0,0.0,0.0,1.0,0.01620851163731574,0.7229367479517016,1.5333403374051264e-06,0.009356833714842984,1.0,0.9431815186917516,0.9841985640245384,0.8247379001577219,0.9529920128448933,0.7721677801330791,5.0,7.0,0.6589595375722543,0.16666666666666669,0.3333333333333333,0.0,1.0,0.0,0.0,0.0,0.0,0.0,0.0,0.0,0.0,0.0,0.0,1.0,0.0,0.0,0.0,1
VAR_002868,0.006629068024798238,1.1655963921886445e-13,0.0,8.767169964204316e-06,0.30031545271416454,7.281865616382746e-07,0.005951866166668721,5.797603622440793e-10,0.00016484928454192215,0.0009314649133245028,0.09761338517872643,16.0,0.703485587168228,0.1942716000565775,0.2678067394025019,0.048894768823962376,0.601253439448038,0.058992661278206966,0.4241807543778938,0.2,0.40589200792109204,0.03692741490033398,0.4,0.8,0.28531601477657426,1.0,0.2,0.07749287760642123,0.07265595456423678,0.33920821284929625,0.06017871235444568,0.059599874053013376,0.8,0.06416021614582276,0.6631621859928577,0.43018748838018306,0.8,0.8,0.38771471948242353,0.8,0.21549745876254672,0.8,1.0,0.6,0.4,0.6,1.0,7.0,0.06702196499456602,0.4,1.0,1.0,0.9369667471687306,0.9750882877912596,0.8136960439430918,1.0,1.0,1.927654355296538e-06,0.5687365207356195,1.0,0.0,0.0999998138194373,0.0,0.0954419059599935,0.0999606639214612,0.0003653799640454,1.0,0.0,0.0,0.0997292391956627,0.0,1.3379913829952956e-08,0.0072098175137044,2.2377443853014215e-18,0.0,0.902144465930124,0.2285764458733863,0.06559357404992593,1.0,0.0003899780802775328,0.1398294339787691,0.0623269483073069,0.0,1.0,0.8,0.060915050542322935,1.0,0.013026994138568329,1.0,0.947078863901734,0.0,0.099999865804044,0.0,0.0999822945102532,0.0,0.0999958382341556,0.0,0.0999984593179146,0.0,1.0,0.0,1.0,0.0,0.0,5.176421524319305e-05,0.0,0.0,1.0,0.0,0.0,0.0,0.0,0.0,0.0,0.0,0.00024318994379905257,0.0999999991731123,0.0,1.0,0.0,1.0,0.99981290892857,0.0284079592918696,0.0,0.9956238824637589,1.0,0.0,0.0,0.1834020205129768,0.0,0.0965150585286961,0.0,1.0,0.006060133401096,0.09989337115088191,0.011318760940726466,0.0,1.0,0.0,1.0,2.477330493799613e-14,0.0,0.0,0.9999648051435188,1.0,0.006329855154400715,0.0,4.240480738904809e-07,0.07489830289631601,0.0,0.0,0.0,1.0,0.011898635868596902,0.0,1.9531698886035897e-05,0.0569303373271222,0.0,1.0,0.0,0.0,0.08808085884131255,0.0773958959622145,0.0881030035980617,0.09999576395567608,0.9923647821208108,1.0,0.9788134564030604,0.9348455133669004,1.0,0.9944824593439628,21.0,5.0,0.03468208092485553,0.16666666666666669,0.3333333333333333,0.0,0.0,0.0,0.0,0.0,0.0,0.0,0.0,0.0,1.0,0.0,0.0,1.0,0.0,1.0,0.0,1
VAR_003072,0.0003645558519246231,0.004724440312239015,0.0007638160500719211,0.00015155641382325736,0.00017115402667465692,0.007355640556643307,3.983074442447352e-06,0.037145209445624126,2.651870619780108e-06,0.22714333236989423,0.003982441017216422,9.0,0.64193490811921,0.3479491629797577,0.41800912302219617,0.23875051033631087,0.23135384260770403,0.2400008620014691,0.21690450231680572,0.7072051031401694,1.0,0.1,0.0,1.0,0.0,0.0,1.0,0.0625938748395584,0.0002646801143871,0.0,0.0915136548267835,0.00021521076841931545,1.0,5.041571390031935e-09,1.0,1.0,1.0,1.0,1.0,1.0,0.0035363445908425,1.0,1.0,0.0,1.0,0.0,1.0,0.0,0.0999888787979479,0.0,2.0,2.0,0.8875164891664298,0.9668532286874583,0.8332039115925503,0.0,0.0,0.991204050048818,0.0,0.0,0.0,0.04393012852166319,0.0,0.129904823527127,0.0947635463884019,0.0999908192648369,1.0,0.0,1.0,0.0999999999483921,1.0,4.8380569152707963e-17,0.0999999985881906,7.831927460344196e-05,0.0,1.0,0.0,4.65441183349661e-08,0.3378855160627566,2.675756154312467e-06,0.3648642653731967,0.1045161605612967,1.0,1.0,1.0,0.014850210922576067,2.0,0.048445702361992866,1.0,0.1693533877597539,0.0,0.0422094389529074,0.0,1.0393424706710076e-05,0.0,0.0999999998460133,0.0,0.010061727982895766,0.0,0.0,0.0,0.8466110332162927,0.0,0.0,5.158406162165895e-10,0.0,0.0,1.0,0.0,0.0,0.0267435162936747,0.0,0.3275184993154009,0.0,0.0,2.746298608526409e-12,0.0999976674063156,0.0,0.0,0.0,0.2,0.6885905259700247,0.1439304530346616,0.0,6.530831371085576e-07,0.0,0.0,0.0,0.3700677987974783,0.0,0.099881069411216,0.0,0.0,0.0,0.09999999999999992,0.00011428990707893303,0.0,0.0,0.0,0.68221554072664,0.6945569871319965,0.6569615711131344,0.0,0.35165484510867207,1.0,8.116171655575072e-05,1.0,0.033285155723364,2.4472034189471243e-13,0.0,0.0,0.0,1.0,2.4637392369676964e-06,1.0,0.9669735798628851,0.091214466048261,0.0,1.0,0.0,1.0,0.09999999796336487,0.0,4.408226779423735e-21,0.0036342134795119847,1.0,1.0,0.9757323913153644,0.7638290652729894,0.9083951349202739,0.8094805055025336,0.0,21.0,0.33526011560693647,0.5,0.6666666666666666,0.0,0.0,0.0,0.0,0.0,0.0,1.0,0.0,0.0,0.0,0.0,0.0,1.0,1.0,0.0,1.0,0
VAR_002778,0.0003646918824403376,4.399254692278223e-05,4.9819918167026644e-09,3.7442332235715263e-07,3.9102232622239176e-06,0.02839564728814465,0.0020643003008228964,4.818520970952037e-09,6.63956574768033e-06,0.0021410328663295512,0.019312292368177678,16.0,0.6767887405393292,0.10674876720401816,0.35995665085820916,0.21933640918175304,0.031652711757080856,0.4018356751241282,0.23581510613043372,1.0,0.0,0.0017308713083266,1.0,1.0,1.0,1.0,1.0,0.0922879453817022,0.0996694848617678,0.0,0.0502503209472234,2.6079127273702835e-11,1.0,0.0005703213901565,0.0,0.6,0.6,0.2,0.2,0.6,0.06067613306258416,0.6,0.8,0.23281495311218808,0.6,0.6,0.6,7.0,0.43060736285791223,0.6,3.0,3.0,0.7779390228456473,0.9672524991834017,0.857085680112512,1.0,1.0,0.999999997496508,0.0,0.0,1.0,3.775227845756566e-07,1.0,1.821177982107235e-05,0.0999999999942354,0.0999999986679586,1.0,0.964575733426312,0.0,1.2138005694461504e-06,0.0,0.0999999999898329,4.959778774924215e-07,0.01146016566122122,1.0,1.0,0.0,0.08145635025101512,0.0116367968231419,0.09999997789367555,0.0,0.1446579959093242,0.0,0.0,0.8,0.1333904132374015,3.0,0.023393844593757512,0.0,0.6375520446972979,0.0,0.0999690447767105,0.0,5.533564097494434e-15,0.0,8.916900155303619e-11,0.0,0.0999839321064664,0.0,0.0,0.0,0.8,0.0,0.0,0.025813629075348,0.0,0.0,1.0,0.3118789210720719,0.0,0.0,0.0,1.0,0.0,0.0476927107768027,0.076703781821194,1.6047375256758506e-07,0.0,0.0,0.0,1.0,0.999999421968556,0.0,0.0,2.856990220017788e-16,0.0,0.0,0.0,0.768603408639923,0.0,0.0999999825460989,0.0,0.0,0.999749113239325,0.09999999888372851,6.014482335134982e-08,0.0,0.0946515724691114,0.0,1.0,0.95444898603985,0.0867036298197412,0.0,0.8729082283286601,1.0,0.005323296659849386,1.0,0.997766787273551,0.9999998453489279,0.0,0.0,0.0,1.0,0.09956465370368676,0.0,0.8755322621140591,0.0999999930290089,0.0,1.0,0.0,1.0,0.011436956215122137,0.0,0.0974807958578189,0.09999994215456628,1.0,1.0,1.0,0.9973179357532383,0.9570080658624449,0.9586347974348909,8.0,24.0,0.5895953757225434,0.8333333333333333,0.3333333333333333,0.0,0.0,0.0,0.0,0.0,1.0,0.0,0.0,0.0,0.0,0.0,0.0,1.0,0.0,1.0,0.0,1
VAR_002588,0.012666387370631828,0.017605509640604495,0.003211234017665404,0.00023079733766668422,0.03298894472922988,0.0035256795988730903,0.0015044028372696704,0.0002086279711093762,0.03534777293191916,0.07810302326174294,0.00385146721046,8.0,0.6767887405393291,0.10676729810889685,0.35995665085820916,0.04300414943141721,0.03147188876470906,0.4218343221450236,0.39944443085011616,0.2,0.3173902206354616,0.0595404475134332,0.4506198838416903,0.8,0.4,0.6,0.4,0.054074148056555714,0.026965846007756762,0.5716716648509188,0.004226146992653901,0.01670157609542383,1.0,0.05857900989350555,0.8,0.8,0.6,0.6,0.04915218648873952,0.4,0.22180526235387804,0.6,0.6629524775871024,0.6,0.4,0.6,1.0,7.0,0.2408525679485649,0.8,4.0,4.0,0.8328255124829551,0.9535433384158154,0.8182928502286204,0.4,0.8,0.4641059852042998,0.5425225612043144,0.0,0.4326007826610535,0.04087736410361666,0.6,0.03236557009861114,0.054163065752689664,0.06314152125607664,0.8,0.4,0.5316295643662613,0.07320771377950328,0.6,0.19666841928396678,0.043418267779476175,0.007703601398978735,0.0080224657867009,0.8,0.21437388538107022,0.05512377472148647,0.3409770366601762,0.06454377662913069,0.23007007544606445,0.08127103003409632,0.23164297558734134,0.6,0.4,0.0812627905265526,4.0,0.024774803261284763,0.3937013170316746,0.2755241998105515,0.0,0.05345655673435427,0.0,0.0214490583115523,0.0,0.43980019675956533,0.0,0.03096701863596945,0.0,0.43859928526477854,0.0,0.7248384813813712,0.0,0.0,0.03737962759388436,0.0,0.0,0.768480013213111,0.4570188785622106,0.0,0.29915170909385547,0.0,0.5443336451354437,0.0,0.2916146168808356,0.5416662653598979,0.043925983476478976,0.0,0.7814927259457195,0.0,0.0,0.38778362703426184,0.3862774562762096,0.0,0.29982848746738827,0.6,0.789864473815116,0.0,0.36333058951240144,0.0,0.07779067687279434,0.0,0.36878378577458126,0.9892617712762133,0.051287509735929854,0.0015876198245107745,0.0,0.6717156950643327,0.0,0.6,0.19955652711659233,0.2,0.0,0.5602537637239877,1.0,0.009107525171002192,0.7479110725712244,0.24862768112076758,0.464002472032764,0.0,0.28760275446440003,0.0,0.46044550460461275,0.04264400569575416,0.6,0.2992298378414139,0.04852762847479208,0.0,0.2,0.0,0.8,0.03986772176919861,0.4288828132093805,0.07865430133007849,0.05974724954778984,0.9986868053335616,0.8643625525839296,0.9653087181514284,0.6255222415819232,0.9600253743124391,0.8174902941947835,4.0,22.0,0.9248554913294798,0.0,0.3333333333333333,0.0,0.0,1.0,0.0,0.0,0.0,0.0,0.0,0.0,0.0,0.0,0.0,1.0,0.0,0.0,0.0,1
VAR_002656,0.002570871469505891,0.000526353723039799,0.0004436658047787514,9.837907059150307e-06,0.5394765561798401,6.335740400874591e-14,0.06654201501425469,0.00018771489323122777,0.01629883290902034,0.16234791576006866,0.004745163002256362,13.0,0.6767887405393291,0.1067672981088969,0.35995665085820916,0.04300414943141721,0.03147188876470906,0.4218343221450236,0.39944443085011616,0.6,0.23968084483173052,0.21975923342578305,0.49957854303256816,0.8,0.4088964973092164,0.6,0.6,0.4031910962472529,0.0076217644555521425,0.38371973177639646,0.035686180300032275,0.10108344915420468,1.0,0.052078541550566584,0.8887006622010624,0.6,0.8,0.8,0.4983648219743356,0.6,0.2591182934458987,0.8,1.0,0.6,0.6,0.6,0.8,7.0,0.6209005891526418,0.8,2.0,2.0,0.7338693600529544,0.8296809007478944,0.7088505490759622,0.6,0.7963671022329974,0.5786920522948132,0.5962710153531585,1.0,0.6431110205053852,0.4101830782296365,0.8,0.09883202579720808,0.34616436465094774,0.11558049519511338,0.7764684335008504,0.8,0.38266712340198134,0.4404856046962908,0.7590872281450085,0.3404328290596147,0.3157229450603939,0.20336089058080192,0.3760722732747246,0.4,0.7732415516062361,0.5016841508663119,0.9472845736269884,0.16090064680483382,0.4121915583861574,0.10541831279003644,0.6453270611334616,0.8,1.0,0.15788790345095166,2.0,0.0028986906921662893,0.6451123101867884,0.28870317084973207,0.0,0.42493604657347844,0.0,0.23999335509681147,0.0,0.06468034925582497,0.0,8.733855383532954e-06,0.0,0.8113616905661634,0.0,0.8740925633114207,0.0,0.0,0.40000046460789873,0.0,0.0,0.6,0.6234509699062071,0.0,0.5619308225433988,0.0,0.5072988623717758,0.0,0.5355076503946763,0.39999418341718374,0.01062343581006317,0.0,0.9320112316020595,0.0,0.4,0.48694530873354147,0.44354279189171,0.0,0.3723277222883476,0.8,0.4,0.0,0.4244891797930689,0.0,0.2617537517536027,0.0,0.3037006217887687,0.6011378032619586,0.04694072987362103,6.474643907003977e-06,0.0,1.0,0.0,0.4822155407266401,0.5988709167646697,0.581835092813484,0.0,0.5942809824195593,1.0,0.00011410056660342895,1.0,0.9345989834382171,0.986698549585094,0.0,0.0,0.0,1.0,0.059081808531549845,0.0,0.763968416688635,0.0998413939293945,0.0,1.0,0.0,1.0,1.3482172743763161e-10,0.946176259086676,0.0994106611985333,0.09999999999999988,0.0036658181321222,0.3057274820795964,1.0,0.17327811133012538,0.8998564152866211,0.5835976324195917,0.0,21.0,0.33526011560693647,0.5,0.6666666666666666,0.0,0.0,0.0,0.0,0.0,0.0,1.0,0.0,0.0,0.0,0.0,0.0,1.0,0.0,0.0,0.0,1
VAR_003027,0.02641918234278204,0.008761722638260845,0.025013979948860267,0.07036178302875826,0.11276603532619946,0.006702998494788333,0.011550641921701655,0.039285142339358904,0.018729097019037324,0.02576231277059782,0.10417314384904543,8.0,0.8,0.18823930282781426,0.2678067394025019,0.20889589032035807,0.6191508038401308,0.05899311543614994,0.26305394533749615,0.4,0.4255999798454317,0.05337915471319478,0.4371514676636751,0.8,0.6797641941526759,0.6,0.5738756159829057,0.02249989294512934,0.05992526791162935,0.11107921333993431,0.00441593621445268,0.06484825881826477,0.4,0.04739081843733898,0.2,0.8,0.6,0.6,0.24021880950542746,0.8,0.03314259925466471,0.8,1.0,0.5900435616021855,0.8,0.8,1.0,7.0,0.0471944230554729,0.6,2.0,2.0,0.9598451551751819,0.9398240749655532,0.7772524725389808,0.4,0.6,0.5982754211072167,0.0,0.8,0.5399016824371172,0.12818200809377972,0.8,0.06783403519222615,0.1594506296290535,0.051837608927578105,0.6,0.2,0.8225722244030184,0.40899297080123914,0.4,0.27053909212199334,0.0861322779632839,0.0007087862418073307,0.4,0.4,0.43578028752932835,0.34008999007284224,0.7500086407222154,0.03142041568430102,0.6750342335682328,0.048777717812667466,0.6,0.8,0.7214407494944421,0.03404303602907842,2.0,0.02930352954070612,0.9851451726580367,0.503983470898701,0.0,0.43861004720808616,0.0,0.20522342086594542,0.0,0.07412072014751933,0.0,0.2204286532764147,0.0,0.43651280071466514,0.0,0.7516760856438799,0.0,0.0,0.22580149529047158,0.0,0.0,0.8,0.17078779800864075,0.0,0.4148608292427505,0.0,0.39513517315404517,0.0,0.667561974157375,0.21384717861843755,0.2526380373251908,0.0,0.441540470862377,0.0,0.7466934529077872,0.6682984128453475,0.6967548039919468,0.0,0.4571495165993436,0.42351756112718475,0.4,0.0,0.4318143732453962,0.0,0.20179621966736963,0.0,0.3763814437846137,0.7550882141276063,0.2799805269644692,0.022303751921083522,0.0,0.4138931437196609,0.0,0.8,0.39511254050633005,0.6,0.0,0.3998895782028273,1.0,0.022608321235253487,0.8,0.12791778934827522,0.5083419118636148,0.0,0.7360660581188287,0.0,0.6344910377006159,0.05985259666943573,0.3107102205593491,0.7186820642303826,0.229967126745141,0.0,1.0,0.0,0.6,0.044439959298027805,0.8,0.07024089099106097,0.02078759149680828,1.0,0.9428694273484012,0.9774132205035458,0.5933450273524219,0.9381375638931961,0.720812762799546,16.0,9.0,1.0,0.0,0.16666666666666666,0.0,0.0,0.0,0.0,0.0,0.0,0.0,0.0,1.0,0.0,0.0,0.0,1.0,0.0,0.0,0.0,1
VAR_002896,0.0031624199595465525,0.0013886278326940933,0.045511983380159625,0.0006236426590876315,0.08542625789235768,0.0014890838534684782,0.0012693266814752698,0.0039891434204292735,3.8539077227395856e-05,0.02247636762804716,0.0327522030139409,8.0,0.738449320950982,0.2927674991795077,0.21800912302219616,0.05292130097993135,0.4300072156120929,0.2599999631819847,0.24330221558423143,0.3418054675177481,0.6,0.04125248906982345,0.5090951617839885,0.4,0.4,0.8,0.570352805931582,0.00250125227275779,0.0400012970785932,0.22884533118971073,0.03456243062704831,0.003985613927929195,0.6,0.019999979389371376,0.2,0.2,0.2,0.4,0.6446307668504428,0.4,0.4390155890982461,0.6,0.6,0.4986905126927105,0.6,0.4,1.0,7.0,0.031054879619301822,1.0,1.0,1.0,0.699886719682798,0.9496950427734642,0.8106924972407723,0.6,0.6,0.5765118184924096,0.0,0.8,0.4,0.4392744143473622,0.4,0.07939300542094165,0.30196266088029267,0.040035592629592054,0.216320415929862,0.2,0.4403307577169732,0.06011366876238812,0.3461656902278251,0.02011201388134386,0.03855003096559511,0.0021067162430197382,0.405890984906691,0.7870543023153236,0.2,0.055933294127169186,0.28576058069253973,0.3766916731685039,0.26303606420896786,0.06179257146732059,0.10899303738305186,0.6339320059340662,0.2,0.005763855154031682,1.0,0.05635165240101334,0.5851451726580367,0.3826910038658947,0.0,0.43777706704497116,0.0,0.08413130633829367,0.0,0.43430341298377373,0.0,0.0385686168096442,0.0,0.28852531278164484,0.0,0.6132984189490285,0.0,0.0,0.040793216738409,0.0,0.0,0.8,0.4,0.0,0.42027801407707654,0.0,0.5287810891298567,0.0,0.8,0.798816847348408,0.08954439690458091,0.0,0.13022504878058255,0.0,0.8,0.5446971394026525,0.26298394608174713,0.0,0.5926902354861759,0.6235175611271847,0.5300083113469637,0.0,0.5560661011840781,0.0,0.039911231367075396,0.0,0.4,0.7217003552667927,0.09202518545579468,0.00031210463827338467,0.0,0.8,0.0,1.0,0.6034370933023634,0.31717741175088937,0.0,0.6579643815897593,0.4,0.025205681150189816,0.4768721444324833,0.8635866559405948,0.8925216166220704,0.0,0.25105716322532723,0.0,0.517690754697747,0.020271976913591866,0.24904373287325948,0.5923734154581196,0.0594081139489989,0.0,0.6,0.0,1.0,0.040039139910500794,0.51665633106228,0.058821628447150186,0.04002615256019197,1.0,0.6999089642968078,0.9886191111060162,0.9526927176167934,1.0,0.9584595092562531,6.0,9.0,0.5780346820809249,0.5,0.3333333333333333,0.0,0.0,0.0,0.0,0.0,0.0,0.0,0.0,0.0,1.0,0.0,0.0,1.0,0.0,0.0,0.0,1
VAR_002824,0.0015963780137653086,0.0901873095762975,0.007090252838628677,0.007169511933501171,0.13024094038034442,0.012180462068766097,0.001813460651865257,0.004438790050338016,0.0007185927261988492,0.10334149704171841,0.03163882804538947,8.0,0.611372653859856,0.24757715771468558,0.5158342812542861,0.3940637174373143,0.43021326465343895,0.23899311477539698,0.07661085689675834,0.2,0.5544500498677689,0.04000703352507812,0.13428872846080145,0.6,0.7315511509849775,0.6,0.6,0.06433163872207276,0.05236218113519938,0.3576819944070091,0.027965827159603145,0.02190252597097517,0.8417744916943825,0.037856438649949156,1.0,0.22850736189137746,0.2,0.8,0.5297263856493695,0.6,0.4019770277272522,0.6,0.4,0.4,1.0,0.4,1.0,7.0,0.03291678726339059,0.6,3.0,3.0,0.8819813499643194,0.8455079588958474,0.7829542263328084,0.0,0.0,0.0018615205793289999,0.0,1.0,0.1482039616141595,0.0999514846699559,0.0,0.0014196186841071992,0.0999933574418611,1.2948574715367496e-16,0.0,1.0,0.3112646036608323,2.9750984235881976e-05,0.647181434292566,0.0999999999999989,0.099999999998654,5.3390523902216265e-08,0.0,0.0741209762020589,1.0,2.7997307770177267e-14,0.0,0.0003240113368660327,0.4637780689657119,0.0993435240725461,0.3128865541413314,0.0,0.2,0.010426516151407307,3.0,0.012550116753239108,0.5285086130824302,0.16158731394498246,0.0,0.25750374002696236,0.0,0.07833576594581823,0.0,0.4199323983491993,0.0,0.05141084779626614,0.0,0.271217147398497,0.0,0.6,0.0,0.0,0.022804673986885186,0.0,0.0,0.768480013213111,0.2,0.0,0.3579196248937517,0.0,0.5147709670659701,0.0,0.6,0.8293873288599503,0.05674997160236198,0.0,0.4897398096123286,0.0,0.6,0.4684953371149844,0.4798853264749926,0.0,0.39149074243789383,1.0,0.5300083113469637,0.0,0.36433828537611684,0.0,0.08599123458013701,0.0,0.3459897571965763,0.557134345525629,0.0660257396033978,0.0005370732176773265,0.0,0.5984049374961171,0.0,1.0,0.5997541250198991,0.19321792865598916,0.0,0.45738435614695544,0.0,0.017172132009235758,1.0,0.007562283204688,0.9092557034496471,0.0,0.0,0.0,0.0,0.10000000000106149,0.7702953662418814,2.759256975677613e-05,0.0004800815233133,0.0,1.0,0.0,0.0,0.09999999999976006,1.0,0.0999998695523724,0.07253068521480939,1.0,0.9875440761191416,0.985058792470474,0.2378180003405191,0.6525646556069495,0.6625945793779543,9.0,12.0,0.32947976878612717,0.6666666666666666,0.5,0.0,0.0,0.0,0.0,0.0,0.0,0.0,0.0,0.0,0.0,0.0,0.0,1.0,0.0,0.0,0.0,0
VAR_003011,0.010499292689055688,0.05928870919105112,0.012443323144347814,2.4138029575463977e-05,0.05045093968908373,3.7043534521880965e-05,0.009338868700284948,0.0017881473240820493,0.010398095928074703,0.22030639228649238,0.04107863334504503,8.0,0.8,0.23756183968923605,0.46780673940250195,0.2279226691453051,0.4218673421496249,0.059240013743783446,0.2565935052153116,0.2,0.09442714195940896,0.03747780094901596,0.7228115397229967,0.2,0.5679240706370485,0.4,0.3738756159829057,0.04065953947985683,0.08131298896311248,0.03358197800683,0.0399778508334556,0.061492598319021444,0.8,0.07607505064678169,0.6,0.6,0.4,0.6,0.4,0.6,0.03173974056078219,0.6,0.4,0.39004356160218556,0.8,0.4534385382155497,1.0,7.0,0.057315328104951956,0.2,3.0,3.0,0.8954287327050732,0.6543892470060638,0.572715333193417,0.6,0.6,0.4225223472675221,0.31938694875548046,0.46262870247156035,0.6834014991616789,0.23725608470887116,0.4,0.07458841735711082,0.259014391447185,0.04155675209645737,0.8,0.6224590309299699,0.40268584049360534,0.059981646548033764,0.2,0.32687954376618944,0.2739561918077515,0.02356925092967042,0.0009553274637493199,0.89837365808878,0.3470837476048286,0.06991691141751272,0.08229217435750849,0.19415577701426812,0.4764249541558464,0.34667280052358407,0.6,0.4804230057217165,0.5214407494944421,0.008801214145100943,3.0,0.008510026756737883,0.8,0.2761052761188494,0.0,0.41797377052333184,0.0,0.018030902730193032,0.0,0.24357878905257563,0.0,0.025012992460315676,0.0,0.297644408057519,0.0,0.6,0.0,0.0,0.1865070933471415,0.0,0.0,0.6,0.37078779800864076,0.0,0.5603472110142957,0.0,0.11967810972219425,0.0,0.629263340802439,0.2969925822069918,0.03277781401214519,0.0,0.441540470862377,0.0,0.9466934529077872,0.6837043678514205,0.584487193482991,0.0,0.5721314784601305,0.6,0.24116114053116458,0.0,0.5842597713528814,0.0,0.04093629062667544,0.0,0.3406952955555602,0.516157227031485,0.05869091678439385,0.0032033099072869818,0.0,0.3379754701066963,0.0,0.6,0.4000343798117766,0.4743744226296684,0.0,0.33033013867600386,0.8,0.003613583330588387,0.4,0.21567927337241485,0.20132739069497757,0.0,0.2519944789487717,0.0,0.2,0.0879739627055402,0.2620430117398522,0.8092121912218755,0.044887527024608596,0.0,0.6,0.0,0.4,0.03995375130403387,0.585744509431715,0.060154631669322424,0.04727923512146174,0.968536421292199,0.972777888598873,0.95074163599869,0.2666359035160717,0.9868427063911865,0.5142627740982635,16.0,7.0,0.7167630057803468,0.16666666666666669,1.0,0.0,0.0,0.0,0.0,0.0,0.0,0.0,0.0,0.0,0.0,0.0,0.0,1.0,0.0,0.0,0.0,1
VAR_002994,0.00036458574856302066,2.2210597481304184e-06,6.942771079698839e-08,7.45764563810706e-07,0.004035995143031804,1.3434295297611693e-05,1.312951107990695e-08,0.005031878642943004,0.002038037375200142,3.5907628954307257e-16,0.049664868127165036,13.0,0.6419349081192098,0.19708817050207766,0.21800912302219616,0.05918421533492728,0.4113538426129685,0.24000086199978696,0.22334717164234305,0.0,0.0,2.0507301819768987e-12,1.0,0.0,0.0,1.0,1.0,0.0999999833166273,7.17709086667747e-07,0.0,0.0004386165861651,0.035864585696956115,1.0,0.0033419516798308,1.0,0.6,0.6,0.8,0.4,0.6,0.03905941273582901,0.6,0.990495160928097,0.4119635065855654,0.8,0.6,1.0,7.0,0.056372090875330995,0.4,1.0,1.0,0.8819948904130395,0.9810995191074003,0.8514092702753254,0.4,0.7782256025792836,0.39723800915182894,0.2515270346056065,0.6,0.25233829400825164,0.031414503601748876,0.8,0.03997155444806758,0.04745067329479085,0.06522172546191711,0.6,0.6,0.3074000854249925,0.14046108846711855,0.4,0.04719003516445102,0.05752826906177203,0.0018521673968924924,0.4123688877584863,0.5644722347619857,0.31706964603109505,0.09760117326879068,0.21967846566596502,0.0591128357026928,0.14828113173449564,0.024568854411531595,0.2768531641052362,0.2,0.8,0.12704475090829448,1.0,0.051616255921455544,1.0,0.5313072455242083,0.0,1.059769669001109e-07,0.0,2.0826206101669183e-08,0.0,0.0003700065506036,0.0,0.0050919815466390645,0.0,0.0,0.0,0.6,0.0,0.0,0.0949455796808427,0.0,0.0,1.0,0.0,0.0,0.0,0.0,0.0,0.0,1.0,0.990777999241754,0.0999868775087648,0.0,0.0,0.0,0.0,0.998967058741604,0.0,0.0,1.352749179051463e-05,1.0,0.4927971312368895,0.0,0.013038966301647,0.0,0.0016134368793976,0.0,0.0,8.220430134402999e-14,1.8944324325067203e-05,0.0013683690618323833,0.0,0.3510803577525991,0.0,1.0,9.14682030447462e-08,0.5422946015851794,0.0,0.13685223874213714,0.0,0.0012303888392456118,0.0,0.9282529269238029,0.220935593448972,0.0,0.0,0.0,0.6748640578840313,3.90959062018319e-14,1.0,0.20576272289702402,0.0928441250865501,0.0,1.0,0.0,1.0,0.0026245450113847354,0.6554107059523736,0.024510883320231,0.09741955728234808,1.0,0.9775102562909308,0.979830666346546,0.9675373606623465,0.9778129920994725,0.9793299301756867,9.0,13.0,0.017341040462427793,0.0,0.3333333333333333,0.0,0.0,0.0,0.0,0.0,0.0,0.0,0.0,0.0,1.0,0.0,0.0,1.0,0.0,0.0,0.0,1
VAR_003223,0.00523429312815185,7.116134606688263e-10,0.031119332327456704,0.001838405074161512,1.988536003798356e-07,2.188502807469299e-07,0.006516706614591058,0.014136498839989362,8.25618630230324e-09,0.16858673768060234,0.0032162040756989556,20.0,0.7148582410280839,0.1033168752316373,0.19313105675376754,0.4193364091817531,0.03167620851517183,0.39894746843436707,0.23897510491322277,0.6,0.2,0.09715561453958782,0.5475316869849427,1.0,0.5599257411767434,1.0,1.0,0.25599810293863634,0.23677206891825753,0.654833526292864,0.2245143869449179,0.1440176510157153,1.0,0.42953259611340205,0.8,0.8,0.8,0.8,0.6638055091024716,0.8,0.054228341933263716,0.6,0.8,0.6,0.8,1.0,0.8,7.0,0.25242747701980883,0.6,5.0,5.0,0.8536606703767233,0.857857631700472,0.7225241692840343,0.6,0.8,0.7686844430948756,0.42903820962475103,1.0,0.8,0.6515170133786412,0.8,0.2373885778493555,0.6610362296956933,0.242002310465597,0.8,0.7918661771178315,0.8,0.3061464628911955,1.0,0.6759269822609343,0.45672848224065393,0.02373393546483444,0.8,0.4,0.8,0.4539943782061596,0.673840735453179,0.22070264391029942,0.62396740715156,0.38118842210848947,0.867607314186938,1.0,0.5681176858345749,0.23100906910057128,5.0,0.12922021504009765,0.4679970602082887,0.2,0.0,0.03165917127560394,0.0,0.220825183814102,0.0,0.0599627558935397,0.0,0.25002890604766376,0.0,0.6456606788006595,0.0,0.8023995018662262,0.0,0.0,0.057067313464898704,0.0,0.0,0.8,0.3849551395667047,0.0,0.43675886983813916,0.0,0.4944520870876965,0.0,0.6821034277410929,0.5864750170301358,0.26339771066398177,0.0,0.9384673950910376,0.0,0.5407231395352665,0.5158981436869052,0.4142019807694166,0.0,0.4187251983600808,0.7734579781939872,0.778788550844227,0.0,0.21183372152363056,0.0,0.20065914018695824,0.0,0.5777452066054861,0.4000224970853166,0.23533108654008958,0.21866411274774877,0.0,0.7864515293591628,0.0,1.0,0.2006406362967035,0.1712177270124786,0.0,0.16993233029632976,0.8,0.22062710081372203,0.8,0.4492916200453378,0.40099562700707014,0.0,0.6480222097270995,0.0,0.7840045533614354,0.042245182580361106,0.2,0.775588873256222,0.22050672981466243,0.0,0.8,0.0,0.8,0.0764154117589625,0.6139647573622591,0.022096429646472987,0.05519878960583798,0.9945943335393634,0.8585562840989169,0.9887836849160596,0.5313509350052507,0.8789209381790982,0.6847190905966967,24.0,25.0,0.6138728323699423,0.2,0.5333333333333333,0.0,0.0,0.0,0.0,0.0,0.0,0.0,0.0,0.0,0.0,0.0,0.0,0.0,0.0,0.0,1.0,0
VAR_002772,0.006528692296826574,0.06060690885232179,1.1771232688580385e-14,0.004167188508994067,3.7794565316492025e-07,2.9621543208586797e-06,0.00649217819038894,0.0005873259724198045,0.0050599541509857,0.0021043740281999263,0.007838218937507885,28.0,0.6800044086079646,0.33205066863426563,0.19628704381973788,0.07248649218750376,0.23135372012854305,0.4218343609538152,0.4000599885411503,1.0,0.0,0.0999999700153969,1.0,0.0,1.0,1.0,0.0,0.0996173788158967,0.0139229470682208,0.0,0.0999999317152142,1.6056733595865696e-06,1.0,9.697846581660774e-06,1.0,0.0,1.0,1.0,0.0,0.0,0.0025599823225134,1.0,1.0,1.0,0.0,1.0,1.0,3.0,0.0002707972886071,0.0,2.0,2.0,0.787103932647359,0.942307574976104,0.7740532781275498,1.0,0.0,1.071458303995888e-06,1.0,1.0,1.0,1.6477328484791104e-12,1.0,0.0986537693184114,0.0999964092576704,0.3287976050122425,1.0,1.0,0.5768491594426572,3.7868182256587116e-10,0.9685617822396106,9.285984055497978e-06,0.0954921797637653,0.003117208561878582,1.0,0.0,1.0,6.04542013666801e-11,0.0,0.09402923961622855,0.0,1.1824992616120409e-06,0.0,1.0,0.8,0.12451968259824893,2.0,0.7935942770873198,0.0,1.0,0.0,0.0990407530848253,0.0,0.0999983091078041,0.0,0.1,0.0,0.024471596495113473,0.0,0.1902638292884055,0.0,0.7656459485386444,0.0,0.0,3.078199217804476e-11,0.0,0.0,1.0,0.0,0.0,0.0,0.0,0.0,0.0,0.0,0.289137172149061,0.0819139604558146,0.0,0.456281217136508,0.0,1.0,0.023318065042184997,0.0073803589480038,0.0,0.999998652797785,0.9724018848708194,0.6156688148376099,0.0,0.0,0.0,0.0989802542878646,0.0,0.0,0.002872705804945,0.09999785766658942,7.985009616585635e-05,0.0,1.0,0.0,1.0,8.994449967125155e-08,0.0,0.0,0.9653331496153295,0.0,0.007666020290064418,0.0,0.00015437187915461328,0.049578438909760006,0.0,0.4640676377638853,0.0,1.0,0.09492895561440676,0.0,2.937562989673505e-11,0.0614731454706217,0.0,1.0,0.0,1.0,0.09994058102973787,1.0,0.0999999911813407,0.09699984050199349,0.9850505096088849,1.0,0.9978453609242922,0.8126309552903404,0.9338332416256614,0.7834761258702398,4.0,13.0,0.47976878612716767,0.6666666666666666,0.3333333333333333,0.0,0.0,0.0,0.0,0.0,0.0,1.0,0.0,0.0,0.0,0.0,0.0,0.0,1.0,1.0,0.0,1
VAR_002688,0.01104530564568399,1.0934609912400219e-06,0.0002239427467101557,1.5910114012695286e-05,1.7054557855283004e-05,0.0025909382800156817,0.01085516737725396,7.650497614830796e-13,3.5903775586104508e-09,0.058940525957281956,0.00023985279829211135,16.0,0.4800044086079646,0.2593025995641524,0.22146674041308448,0.08721219514131721,0.4312567950432872,0.25899266127822085,0.41899133305766617,0.34134073409621835,0.6,0.05790041870171488,0.4138703369218458,0.6,0.6,0.6,0.8,0.03897872696013506,0.02548048090687437,0.7014305343483491,0.03376689087910443,0.0004130758885457332,0.8,0.05986513482185242,0.8,0.6,0.4,0.8,0.7086071489001196,1.0,0.01411117164437479,0.6,0.4,0.6196526150701941,0.8,1.0,1.0,7.0,0.07554600994245057,0.6,2.0,2.0,0.8997094385349718,0.9571400976065015,0.829586083596126,0.0,1.0,0.0004140572827586143,0.0,0.0,0.8224682824438941,0.090385104930253,1.0,0.0874883966898359,0.0999995565641566,1.2552449314066557e-07,0.0,1.0,0.0,0.028194803536025,0.0,1.0051503585255969e-08,0.0999999992485504,0.003263647363525836,0.1255924804298676,1.0,0.0412660623568478,0.09999999209436604,1.0,0.04485248504042344,0.0823126658005272,0.001141924640052,0.0,1.0,0.4,0.03278237801050058,2.0,0.0002089274291050747,0.4,0.0996843435500219,0.0,0.03993678449052943,0.0,0.0794628139291792,0.0,0.2427110629041013,0.0,0.24367954812223414,0.0,0.5069026112520801,0.0,0.6132984189490285,0.0,0.0,0.03450388361497391,0.0,0.0,0.6,0.31172157372615966,0.0,0.13512708246912164,0.0,0.3239254998154527,0.0,0.5848505227202974,0.9459470233823779,0.2599945861836518,0.0,0.5528883989709521,0.0,0.6,0.8447537127394378,0.4,0.0,0.6247638679923598,1.0,0.2686396463041424,0.0,0.20392729375035262,0.0,0.07644628961346284,0.0,0.2880384856447929,0.5195396599889187,0.26308365330279143,0.06394949394504719,0.0,1.0,0.0,0.8,0.8394352562446712,0.2955842062760528,0.0,0.4840974064688835,0.0,0.0004600954911211763,0.0,0.006079926546941,0.0014257755247959998,0.0,0.0,0.0,0.0,3.239455768541588e-07,1.0,3.5192292298366776e-05,0.0999999969612269,0.0,1.0,0.0,0.0,0.09999999999997547,0.0,2.46492225250252e-11,0.09390353782400479,0.9898400328937768,0.9600691108226956,1.0,0.818020447016086,0.9467794845931414,0.7916987111272462,7.0,4.0,0.300578034682081,0.33333333333333337,0.3333333333333333,0.0,0.0,0.0,0.0,0.0,0.0,1.0,0.0,0.0,0.0,0.0,0.0,1.0,0.0,1.0,0.0,1
VAR_003149,0.0013616998501391386,3.155089818949407e-05,0.03245302710058669,0.007571814043121487,1.055911916155296e-05,3.962239901583098e-05,0.001623345743210556,0.0004385134245524259,7.790630018711275e-06,0.02332553241754996,0.0004306828390876235,16.0,0.6800044086079646,0.23033904272807232,0.19628704381973788,0.2387505280388954,0.2305977115215113,0.4018357139295604,0.21897813555886428,0.0,0.0,0.0312680391805183,1.0,1.0,0.0,1.0,1.0,0.0999999999997967,0.0999999653036123,0.4419322997379208,0.0004216447785893,0.050871051182836795,1.0,0.0999915726635432,0.0,1.0,1.0,0.0,0.0,1.0,0.0944337624655182,0.0,0.0,0.0,1.0,0.0,1.0,0.0,0.1,1.0,1.0,1.0,1.0,0.9905428272174183,0.8722418511330361,1.0,1.0,0.970523658130764,0.0,1.0,0.0,0.0885032803302608,0.0,0.084145458850033,5.863404436618012e-13,1.233455565736278e-09,0.0,0.0,0.0,0.0,1.0,0.0999967442341341,0.0003392996274408,9.452028421133489e-06,0.7225993450515128,0.161817011724171,1.0,0.08537754652068276,0.0,0.09269829834743444,0.0,0.099997708375288,0.6441463213790086,0.0,1.0,0.1433132105775577,1.0,0.004074361855050676,0.012786800676782,0.0,0.0,1.028969065649494e-06,0.0,0.0999999005576946,0.0,0.0999999803926522,0.0,0.07498954289573918,0.0,0.0,0.0,0.8,0.0,0.0,1.6072340508157218e-05,0.0,0.0,0.106903166669627,1.0,0.0,0.6464717997754645,0.0,0.3415098637043476,0.0,0.1581560537321648,0.999999775052212,0.0388727619180947,0.0,1.0,0.0,0.0,3.532204940802884e-11,0.0650713823066389,0.0,2.6708260287175426e-18,1.0,1.0,0.0,0.0,0.0,2.680099616295815e-10,0.0,0.0,0.9999999999998841,0.0016478365778616853,5.537115489167191e-08,0.0,0.0,0.0,1.0,0.999999999999921,0.0759329283878971,0.0,0.013372801862266435,1.0,0.0020367700796679275,0.0,0.834594825358914,0.999999998861312,0.0,0.0890366586181954,0.0,0.5144684083691787,0.05726948752785651,1.0,0.081452277331685,0.0994049649916508,0.0,1.0,0.0,0.0,0.0047018927307273355,0.0,0.0999258548543813,0.0006413923525938847,1.0,0.988385397410588,1.0,0.8358731521590402,0.994254933281423,0.9841840452608829,17.0,14.0,0.4335260115606937,0.33333333333333337,0.6666666666666666,0.0,0.0,0.0,0.0,0.0,0.0,0.0,0.0,0.0,0.0,1.0,0.0,1.0,1.0,1.0,1.0,1
VAR_002620,0.016260731981487257,0.010400571578164479,0.041215221983109195,0.00014318878026793372,0.015392656475558132,0.004595540225190199,0.008582431396704912,0.009561947634079464,0.01463139784809461,0.04350419772743897,0.10708728391204435,8.0,0.7651461675798807,0.3158986293076462,0.27096272646847225,0.04831000916894042,0.7988519346970478,0.07899176246046054,0.24413841032262124,0.2,0.605892007921092,0.036955238999693815,0.35518547524330896,1.0,0.2,0.8,0.18760881740565102,0.05578972536084368,0.0600520708884544,0.40654985136087873,0.040001977261992616,0.016589449571194893,0.6,0.06136527883446354,0.8,0.5493911360675523,0.8,0.4,0.48319658092954754,0.8,0.39533335729122177,1.0,0.4,0.38857595185414345,0.4,0.8,1.0,7.0,0.0665657106970292,0.6,1.0,1.0,0.7278292498151637,0.959099140567068,0.7414246886882918,0.6331605971979587,0.8,0.5303122256907927,0.4481992751209557,0.4,0.3342527016425924,0.2520035323356553,0.6,0.063378330497515,0.2696809899372733,0.04076855947869072,0.4,0.5219447700919035,0.5303717818690494,0.153009564695958,0.4,0.11275168060193089,0.07018363119834618,0.0012249691891122797,0.2,0.7030324471316148,0.33412143351509976,0.13792166516151638,0.5631497866630669,0.008057017947317087,0.5587129889483167,0.061561365686622495,0.43183351183410873,0.4,0.6,0.041954249949787366,1.0,0.0718043805332443,0.7859740958713834,0.4181489728256468,0.0,0.22041051055971178,0.0,0.07630982984327667,0.0,0.2799991214264875,0.0,0.06251021130951144,0.0,0.5634572943049632,0.0,0.8505117081375566,0.0,0.0,0.03911849048662216,0.0,0.0,1.0,0.4,0.0,0.5478571685018261,0.0,0.27151699935896445,0.0,0.3422277673072016,0.2837946947536428,0.04445372665642755,0.0,0.8,0.0,0.8,0.2196971422252381,0.5156304007597742,0.0,0.7881497124113641,1.0,0.2,0.0,0.5068957690252089,0.0,0.05928079885100372,0.0,0.6,0.2885088204840394,0.07726892142184648,0.005156311742354892,0.0,0.7582878055260414,0.0,0.8,0.776149120312879,0.49784518892733987,0.0,0.9308734576875356,1.0,0.005028120277912155,0.5599986912125614,0.3940311356579048,0.8124020427357002,0.0,0.4125981431884397,0.0,0.7226890269005033,0.03946916008845938,0.6,0.8762603512203411,0.059639646711197924,0.0,0.4,0.0,0.4,0.051353410228192314,0.7050926801498599,0.0547434399378114,0.08061903669170688,0.9950812754451288,0.8475628027742335,0.9475469417935564,0.9417287453584454,0.9610420970146507,0.9730108257287888,21.0,1.0,0.34104046242774566,0.5,0.6666666666666666,0.0,0.0,0.0,0.0,0.0,0.0,0.0,0.0,0.0,0.0,1.0,0.0,1.0,0.0,0.0,0.0,1
VAR_002548,0.002825133965795533,3.391051256124853e-08,0.0004288466212407819,3.9464788485932313e-07,0.06454851091986759,3.2972718267660878e-06,0.0014970345634921125,1.4534302525038626e-06,0.00505997390120275,0.002249926442364469,0.39589206536023874,19.0,0.7148582410280839,0.2043913421544336,0.19313105675376754,0.2330723733389214,0.05165258927162583,0.4018357139295047,0.4189755235560253,0.32399847006203386,0.2,0.07956506097744181,0.5212008757589761,1.0,0.7599257411767434,1.0,0.8473166810977446,0.22835742224360128,0.23717606019669576,0.4215188810242848,0.025378485951774533,0.023687521178436404,1.0,0.22427963712740917,0.8,0.6,0.6,0.8,0.6,0.6,0.04359486878172438,0.8,0.8,0.4,1.0,0.6,0.8,7.0,0.4325894860693132,0.6,4.0,4.0,0.72246053213163,0.966557938194234,0.8234854917024581,0.4,0.8,0.7670139734503314,0.5223819829901422,1.0,0.6,0.15714288384800504,0.8,0.07418226623107513,0.15642901630922962,0.0831225409946322,0.6,0.4617472649618117,0.48492007540941195,0.03644768372629618,0.8,0.4204594763867143,0.36442457107254844,0.010518872767013972,0.38516926912436367,0.551172373674821,0.7119443912196644,0.22605104373490356,0.6192202097290507,0.08459569482007136,0.29498664130958907,0.06895062696893764,0.46443111150734284,0.5435322936433341,0.8,0.06889834600148512,4.0,0.007589624935317443,1.0,0.0,0.0,0.0971227537505911,0.0,4.393751896026062e-10,0.0,5.160298645164781e-09,0.0,8.375010250268341e-10,0.0,0.0,0.0,0.6,0.0,0.0,0.0088969985209328,0.0,0.0,1.0,0.0,0.0,0.0,0.0,0.0005922711474007,0.0,1.0,0.999506352913363,0.0002971810812984,0.0,0.0,0.0,0.0,4.9612294023869574e-05,1.0,0.0,1.6190849857097334e-19,0.0,0.0,0.0,0.1709164015811,0.0,1.1713865985271203e-14,0.0,1.0,0.941896380451152,0.004977939741048185,3.3210590043965405e-11,0.0,0.0,0.0,1.0,0.956501542874527,1.0,0.0,0.9999999996359649,1.0,0.00036077456025844344,0.139069255427648,0.005177204381301,0.999999999952029,0.0,0.5026229073209386,0.0,0.0,2.565284765013853e-07,1.0,0.791762491571718,0.0818678774773742,0.0,0.0,0.0,0.0,0.09692209569673736,0.4296212189565384,0.0945495480998997,9.851195951462471e-08,0.9880469348322676,0.9861654770393936,0.999226174407526,0.5057857336953392,0.9448953276592319,0.7914108892659888,15.0,17.0,0.4219653179190752,0.6666666666666666,0.3333333333333333,0.0,1.0,0.0,0.0,0.0,0.0,0.0,0.0,0.0,0.0,0.0,0.0,1.0,0.0,0.0,0.0,0
VAR_002565,0.0006618280255222918,0.09409618430086998,0.0011869319898863324,0.000407221233760526,0.06472555263329158,0.025793310730275,0.008222072672440068,0.004841334251424304,0.009033283836039335,0.027539099522782953,0.013971321213146457,8.0,0.6800044086079646,0.1930191195462999,0.0511835289177545,0.23918421534348727,0.43059771152048165,0.22000225378090862,0.22542573608564853,0.2,0.2,0.04862200806775886,0.4,0.6,0.6,0.8,0.7772357593761042,0.0738626481939301,0.020121371949545754,0.30103471266537424,0.020646998738134196,0.02959772474581842,0.6,0.028109736835770262,0.4,1.0,0.6,0.6,0.4604871298596508,0.2,0.020105267867097314,0.6,0.590495160928097,0.2119635065855654,0.6,0.4,1.0,7.0,0.03496128294577661,0.0,1.0,1.0,0.7615318539305342,0.9358723651011377,0.8540128141749345,0.4,0.2,0.22937504504519018,0.23846359139595869,0.4,0.0,0.06535547997759669,0.2,0.03224881835108676,0.05848921060894865,0.07750275638688298,0.2,0.6,0.22126069132193335,0.04288854319338044,0.4,0.007973705025744378,0.03881894578704691,0.0006922077674416867,0.31696684527551167,0.4,0.11524041294903438,0.08442593923000286,0.22218574550001585,0.020701773081548518,0.3668025884270213,0.05897654678792726,0.1415019834433428,0.5268017283235567,0.6,0.015745259332943528,1.0,0.034999171264923905,0.7155986685581697,0.5706501554477419,0.0,0.04027642402608811,0.0,0.06361468934168554,0.0,0.054914817253750435,0.0,0.021082424477034054,0.0,0.5400713719125294,0.0,0.6905686442974439,0.0,0.0,0.07925146978945312,0.0,0.0,0.9134113572896709,0.4,0.0,0.2203087059152468,0.0,0.12799571365693183,0.0,0.5135032426559655,0.7286195052865843,0.04069614687274916,0.0,0.2,0.0,0.6789418419053533,0.5381180062075791,0.30275241495450383,0.0,0.3999532380174389,0.7256444106270081,0.2426475019870682,0.0,0.05454499235628614,0.0,0.04094738261456414,0.0,0.3648745144579632,0.23902985886590516,0.05733066689304057,0.0005937237180946838,0.0,0.6702160715505199,0.0,0.8,0.6257218257045872,0.42536372211573886,0.0,0.6898332614447552,0.8,0.007034945764259355,0.2,0.37789939038522447,0.2462066087293983,0.0,0.07187501594127838,0.0,0.33497281157680625,0.0003668815694892959,0.6,0.3563527719806019,0.07850821153092521,0.0,0.4,0.0,0.5321589105322306,0.040808065766254516,0.13108214119047473,0.04713291812991631,0.039716039045476284,1.0,1.0,1.0,0.8531945353005151,0.9830019006807353,0.9383692920668081,11.0,14.0,0.16763005780346824,0.0,0.6666666666666666,0.0,0.0,0.0,0.0,0.0,0.0,0.0,0.0,0.0,0.0,1.0,0.0,1.0,0.0,0.0,0.0,1
VAR_002893,0.0013624289689439396,0.004596447730978873,5.124371573454009e-08,8.766971282786717e-14,0.2528831000680434,8.018752119813943e-07,0.0016241407292429662,0.00013108163641459148,9.834153242176672e-07,0.14542485870337335,0.11269955364808948,16.0,0.5148582410280839,0.21810220378841272,0.36341426824909756,0.06779811067246269,0.23231179527988638,0.4208261207643817,0.4190015606502275,0.7559503684238471,0.4,0.029879743685481335,0.44206409707643646,0.2,0.49775953815983576,0.4,0.4,0.053219954857878615,0.059999688643640914,0.23605402015164206,0.01997183714223246,0.015292939764075525,0.8,0.05972035157144553,1.0,0.6,0.8,0.8,0.6613147125424763,0.6,0.055403586159213244,0.4,0.6900366251953745,0.8,1.0,1.0,0.8,7.0,0.043897864405650175,0.8,3.0,3.0,0.6622422081845851,0.5054369961865737,0.4422587514653632,0.0,1.0,0.9999929417141271,0.0,0.0,0.0,0.0999138719615754,1.0,0.0999999108860505,6.112121448403391e-07,0.0003175076422206,0.0,0.0,1.0,0.0132812301581554,0.0,0.0002979372373403995,0.0999999999999496,3.671731300198966e-15,0.0,1.0,0.0,0.09400235155920869,0.6786405643502245,6.22739080336498e-06,0.2288806529159908,0.0999999974936942,0.0,1.0,0.6,0.15785505669430325,3.0,0.023136031879394687,0.7285086130824302,0.5615873139449825,0.0,0.42364579540455416,0.0,0.05785488205211704,0.0,0.09705944014024404,0.0,0.04432134955509057,0.0,0.4,0.0,0.6,0.0,0.0,0.041672819030744865,0.0,0.0,1.0,0.4,0.0,0.4587679157998962,0.0,0.30704004675053437,0.0,0.4,0.6403702476211186,0.04406801675098423,0.0,0.7232733238778183,0.0,1.0,0.031216050922805685,0.13756172645987894,0.0,0.42702621142779074,0.8,0.6,0.0,0.4234234011643728,0.0,0.04696120339201517,0.0,0.30903734131156696,0.4374790417600549,0.033245700876621986,0.001998141606563621,0.0,0.6,0.0,0.8,0.7777899941942727,0.3265584126324412,0.0,0.40002204378989137,1.0,0.0009236838318902806,1.0,0.0004635560592361587,0.999986538618465,0.0,0.3349632424879862,0.0,1.0,4.363753038562043e-05,1.0,0.033014395887933,0.0995775018764761,0.0,0.0,0.0,1.0,4.955538796099883e-05,0.5136589990210095,0.099764181179623,0.0006385177859493847,1.0,0.7478979255510886,1.0,0.27068496681537435,0.6057172069595569,0.43993404669357533,6.0,11.0,0.5375722543352601,0.5,1.0,0.0,0.0,0.0,0.0,0.0,0.0,0.0,0.0,0.0,0.0,0.0,0.0,1.0,0.0,1.0,0.0,1
VAR_002887,0.02775417053229787,0.0014630050447042486,0.01181945171446964,0.06962109092699428,0.13029736471522704,0.006362401823434161,0.007709624548707398,0.03687379029044509,0.02804367620142994,0.025762239247829718,0.14596544503489242,8.0,0.8,0.28670084721155603,0.46780673940250195,0.04835639082962478,0.6026234732421115,0.059238660105603094,0.24413579831978222,0.4,0.537250422260581,0.07932863268788569,0.38032598567912845,0.8,0.35122560189811586,0.8,0.5738756159829057,0.2231507228014109,0.03999897874631769,0.5696010038186906,0.051624468440875024,0.0803292679348378,0.8,0.04623057862225686,0.6,0.4,0.2,0.8,0.6975193088771039,0.2,0.030125985073399995,0.6,0.6,0.6792348591821042,0.4,0.6534385382155496,1.0,7.0,0.07773926324334382,0.6,4.0,4.0,0.9222324750950748,0.9816448094246629,0.8810292117963914,0.8,0.6,0.5687896501638106,0.6133795472256207,0.4,0.4346821943836211,0.09544054337339283,0.6,0.0801941383679616,0.12001516662438368,0.03221884971915543,0.4,0.2,0.6970411678096256,0.21031470795915594,0.4,0.36749340548437837,0.054308358947986066,0.00020122750267564176,0.360034533998935,0.2,0.13599982133888228,0.15284749084642593,0.48279149392618936,0.033585554537759396,0.2386753360806743,0.03874740157399599,0.6933018647621371,0.8,0.6,0.0340869772599861,4.0,0.05286612183501245,0.823398087014918,0.3201378851289412,0.0,0.2199380191695016,0.0,0.24013401037189933,0.0,0.2465045715978312,0.0,0.21560071823257249,0.0,0.6691001147541671,0.0,0.6877125047486345,0.0,0.0,0.22194451047249425,0.0,0.0,1.0,0.2,0.0,0.6646027977648602,0.0,0.5869190801108501,0.0,0.6,0.43384318578838454,0.2209663945771144,0.0,0.791564427944399,0.0,0.6,0.5771115714408652,0.6930338526014377,0.0,0.5125141492475564,0.8,0.6,0.0,0.2348393762578927,0.0,0.24000639229694656,0.0,0.4,0.7992046813937963,0.26035041861229663,0.020399132958648453,0.0,0.5308388777742659,0.0,0.8,0.5231258573535801,0.7167511849614936,0.0,0.3665398426764242,1.0,0.014817564806987078,0.6,0.8583894570838267,0.4502915473288477,0.0,0.22535422651327303,0.0,0.4,0.025694973640638646,0.4715849256515575,0.8343448202030705,0.04444432593514064,0.0,0.8,0.0,0.6,0.03851481724401081,0.49083718958157496,0.04635349698584941,0.04674347624271925,1.0,1.0,1.0,0.5710931900017101,0.9852992995924268,0.7671514338176795,19.0,1.0,0.6242774566473989,0.5,0.6666666666666666,0.0,1.0,0.0,0.0,0.0,0.0,0.0,0.0,0.0,0.0,0.0,0.0,1.0,0.0,0.0,0.0,1
VAR_002854,0.004354083713824693,0.021135792199976418,0.0001601604708206493,1.3184429094136416e-08,0.17095282006286766,0.00016005025851331884,0.014849569521667142,0.00239474008324445,0.015187263838721928,0.010897139459225061,0.00671695258115015,13.0,0.5148582410280839,0.11639057788221935,0.36341426824909756,0.23406214652385438,0.2315557866728546,0.40082747374012684,0.2379197076679414,1.0,1.0,0.0999999635304439,0.0,1.0,1.0,1.0,0.0,0.0999999999427344,0.0666126103503558,0.934106827170581,0.0999999987681146,0.09093910887118223,1.0,1.1771565910354203e-06,1.0,0.0,1.0,1.0,1.0,1.0,0.0016226387275138,1.0,1.0,0.0,1.0,0.0,1.0,6.0,0.9999999158346964,1.0,2.0,2.0,0.9359953611740319,0.9703443676305172,0.8441271088003099,0.8952560277562768,1.0,0.080925314034063,0.0,1.0,1.0,0.1850634524731929,1.0,0.0989497080380932,0.2192022185794808,3.371049141930943e-05,1.0,0.0,1.0,0.0997775915221271,1.0,0.0999999944531744,0.3357099911606882,0.00883551100228418,0.9029545156113236,1.0,1.0,0.09999999999999484,1.0,0.06515685206498824,0.7368249404866305,0.2494186885353701,0.4772465074437554,0.0,0.6,0.035417905597168634,2.0,0.03510717232214368,0.5836627712976532,0.0,0.0,0.0999690939284652,0.0,0.0999999976683375,0.0,5.108680806059473e-09,0.0,0.096751646085601,0.0,0.0,0.0,0.7144752890328019,0.0,0.0,0.0998715056015805,0.0,0.0,1.0,1.0,0.0,0.0,0.0,0.3822786683453325,0.0,1.0,0.918163253558407,0.0018357418797609,0.0,0.0,0.0,0.7293111627269294,0.9928456641032519,0.3298841874465487,0.0,0.9999937111559231,0.0724528135909037,0.0,0.0,0.0,0.0,0.0999999999999999,0.0,0.2703625542493507,0.44485518994795,1.602730359875752e-05,4.930379899866022e-07,0.0,1.0,0.0,0.0,0.00015495517485552613,0.1861647462218016,0.0,8.698422921275451e-05,0.0,0.004634499332750485,1.0,0.9999999944401571,0.144932281070282,0.0,0.0,0.0,1.0,1.4776243020155156e-07,1.0,0.321849694521325,0.0999999999896941,0.0,1.0,0.0,0.0,1.7953285291370524e-09,1.0,0.0999999376623193,0.09679882700705189,0.999239037291434,1.0,0.9416012627374656,0.7999721509242076,0.9354449255843736,0.7984491409174259,16.0,16.0,0.5375722543352601,0.6666666666666666,0.3333333333333333,0.0,0.0,0.0,0.0,0.0,0.0,1.0,0.0,0.0,0.0,0.0,0.0,1.0,1.0,0.0,0.0,1
VAR_003152,0.0006814697809137631,0.13584558698499385,0.002063140471736578,0.0003698599023751758,0.0045841181614799395,0.025793259605478677,0.008222039914005459,0.004543363732162388,0.009028714498461512,0.02537453410246744,0.02490257440367718,8.0,0.738449320950982,0.19105587327331436,0.21800912302219616,0.21918533683132302,0.42925120700506114,0.24000131615772993,0.062220362601945384,0.2,0.0,0.048346387506517347,0.45530246876237257,0.8,0.6,1.0,0.8,0.05388172020383908,0.04005297046106103,0.10103471266537425,0.02076266644822857,0.025085841239972893,0.6,0.014149115871024937,0.4,1.0,0.6,0.6,0.4604871298596508,0.2,0.020105267867097314,0.6,0.590495160928097,0.2119635065855654,0.6,0.4,1.0,7.0,0.034961282945776606,0.0,1.0,1.0,1.0,0.9979545728134858,0.8526534395527741,0.4,0.2,0.22937504504519018,0.23846359139595869,0.4,0.0,0.06535547997759669,0.2,0.03224881835108676,0.05848921060894865,0.07750275638688298,0.2,0.6,0.22126069132193335,0.04288854319338044,0.4,0.007973705025744378,0.03881894578704691,0.0006922077674416867,0.31696684527551167,0.4,0.11524041294903438,0.08442593923000286,0.22218574550001585,0.020701773081548518,0.3668025884270213,0.05897654678792726,0.1415019834433428,0.5268017283235567,0.6,0.12902478965147995,1.0,0.03429881911801416,0.5925629024993493,0.5090118202256901,0.0,0.0003731180833428182,0.0,0.06269976188565608,0.0,0.22808052230105966,0.0,0.04836886017958261,0.0,0.3157404900411884,0.0,0.49056864429744396,0.0,0.0,0.21998974059949963,0.0,0.0,1.0,0.6,0.0,0.3256565077978455,0.0,0.16816304993048167,0.0,0.6235288015988083,0.6088893029497443,0.06006455204677078,0.0,0.26088320498493633,0.0,0.4749713794471447,0.5130464674081655,0.43419515073458664,0.0,0.41623605262683394,0.6,0.25617592423050795,0.0,0.03900271068788462,0.0,0.04042946465008928,0.0,0.45132787337351543,0.5916764525557616,0.05197314662426949,0.000937365295119557,0.0,0.6702160715505199,0.0,0.6,0.7986097571948243,0.2621599421850408,0.0,0.6366402848125795,0.8,0.006940216739534608,0.0441002491580729,0.5778947215376093,0.4154353134765857,0.0,0.07187501594127838,0.0,0.33497281157680625,0.0003765347261037784,0.4,0.24193553028854384,0.0586415940541837,0.0,0.4,0.0,0.7321589105322307,0.040808065762981155,0.2748870079649235,0.044902123979584915,0.021203000034840543,0.9749300079936318,0.9983152655128498,1.0,0.8246207755810855,0.991490127076234,0.966521012901045,9.0,13.0,0.017341040462427793,0.0,0.3333333333333333,0.0,0.0,0.0,0.0,0.0,0.0,0.0,0.0,0.0,1.0,0.0,0.0,1.0,0.0,0.0,0.0,1
VAR_002834,0.007091142295470332,0.02300467874688601,0.013257720294154148,3.617780628655932e-05,0.1262360161239647,0.0003727811271876184,0.007519208037038442,0.005840982218336998,0.0032290436714702137,0.0035598667250310544,0.01944623499182867,8.0,0.7148582410280839,0.08903760083178974,0.14555106975895604,0.21977056360599365,0.4116566942583501,0.22000225378089475,0.2441542981684911,1.0,1.0,0.0999999999999777,0.0,0.0,0.0,0.0,1.0,6.470924706084172e-10,0.0680617281207385,0.7151775770976916,0.0473465646499922,0.6775509521171278,0.0,0.0997456566673423,0.0,0.6,0.6,0.6,0.4,0.8,0.0530785394001656,1.0,1.0,0.4985308851678174,0.6,0.8,1.0,7.0,0.24613047365733923,0.4,4.0,4.0,0.8827104345823025,0.945999118506225,0.8835592628748952,0.5790512055512553,0.2,0.41617886145920324,0.05062381798148739,0.8,0.8,0.05667869737979117,1.0,0.05965072970825056,0.06382241474012462,0.05927042694044436,0.6,0.034632734741073104,0.6608187419186056,0.20683165000497877,0.7013382081650745,0.06014281198977145,0.13601834143792196,0.0024535879277555804,0.3233131519840543,0.4,0.6113569515957911,0.2747852757711281,0.6365304286421127,0.013216198762480143,0.3525800918417262,0.055689027371673125,0.2944599100450345,0.4,1.0,6.629567838502878e-05,4.0,0.0792418387507287,0.41747639547573695,0.5007533785577734,0.0,0.2661757442632501,0.0,0.06419997774900829,0.0,0.05054709942045445,0.0,0.05564667556649824,0.0,0.40559801781554733,0.0,0.8905686442974439,0.0,0.0,0.09676893051542154,0.0,0.0,0.9134113572896709,0.6,0.0,0.371322673711066,0.0,0.6689726007490431,0.0,0.508605373482319,0.5135375749086478,0.06099868649220146,0.0,0.18728516783824078,0.0,0.6789418419053533,0.4056657933477486,0.13547747629695858,0.0,0.7769197675224966,0.6380081238453654,0.316479889103524,0.0,0.4010645193295832,0.0,0.07755959704394945,0.0,0.05407251084987014,0.6764109940730817,0.060197647184348786,0.0002752434094357908,0.0,0.6733107575682156,0.0,0.8,0.23246388499065235,0.40043672917505846,0.0,0.5766032019596975,0.8,0.004952440186985715,0.8,0.8371306552676633,0.23332981829457805,0.0,0.41882937026257033,0.0,0.7259161388532934,0.03999129052819778,0.6391252949077916,0.6411448749783615,0.040012674926331204,0.0,0.6,0.0,0.6,0.042593827770179706,0.6017372248583466,0.09571548363424387,0.04137277899349395,1.0,1.0,1.0,0.8451743516200514,0.9675794711694925,0.8257548454195773,19.0,14.0,0.4277456647398844,0.33333333333333337,0.6666666666666666,1.0,0.0,0.0,0.0,0.0,0.0,0.0,0.0,0.0,0.0,0.0,0.0,1.0,0.0,0.0,0.0,1
VAR_002722,0.06771753757975314,0.004067184873392345,0.08824251098188163,0.0008530273200822689,1.4440398960241089e-10,0.03162405934811772,0.05901323807586818,0.026792381684573395,0.10124274095094259,0.0036794227533732326,0.030922180646520435,19.0,0.64193490811921,0.23440809368385018,0.3631126379241795,0.05875052803033539,0.21135384261399812,0.42183432214843863,0.21689957111555874,1.0,1.0,0.9999999227985632,0.0,1.0,0.5790842322327064,1.0,1.0,4.561873969589863e-09,0.0380980787374602,0.0,0.0758781594095873,0.08933107481727272,1.0,0.0999999997831297,1.0,1.0,1.0,1.0,0.1856297529992966,0.0,0.9080377173811496,1.0,1.0,0.0,1.0,0.0,0.0,6.0,1.0,1.0,2.0,2.0,0.7516322494318961,0.9138240899253465,0.851516674102788,0.0,1.0,0.42038081667541,1.0,1.0,1.0,0.87552,1.0,0.1322866904178322,0.5160537920367859,0.1434913458901229,1.0,1.0,0.9133356170099068,1.0,1.0,0.2426400002483408,0.2290355433840671,0.006413543055713103,0.2987432668030053,1.0,1.0,1.0,1.0,0.38307659485980267,0.7694310358895877,0.1533850727069148,0.0,1.0,1.0,0.06948427878473253,2.0,0.11164692310998618,1.0,0.7126013572466023,0.0,0.999997511655376,0.0,0.0998602984056339,0.0,0.0808887784674786,0.0,3.4372312237543684e-05,0.0,1.0,0.0,0.3704628165571035,0.0,0.0,1.0,0.0,0.0,1.0,1.0,0.0,1.0,0.0,0.3393115156566273,0.0,1.0,0.99990532627235,3.313360840527138e-05,0.0,1.0,0.0,1.0,2.7090857817384465e-16,1.0,0.0,2.4576728546629573e-17,1.0,0.0,0.0,1.0,0.0,0.0105723167984821,0.0,0.0,0.055182602517184,0.09999999999999432,2.3271931696330157e-15,0.0,1.0,0.0,1.0,0.0002345564107167597,1.0,0.0,0.8957786846113395,1.0,0.06488118915112655,1.0,0.579957990707435,0.014844653399134001,0.0,1.0,0.0,0.505333213218268,1.054468295724683e-08,0.0,0.996211836998182,0.9999891809935014,0.0,1.0,0.0,1.0,0.04379127084778784,1.0,0.0013168666570467,0.09445707439639238,0.999910018164459,0.6567703113964981,0.9655189066408202,0.6284456971057214,0.903540254296703,0.7866031791144772,0.0,21.0,0.33526011560693647,0.5,0.6666666666666666,0.0,0.0,0.0,0.0,0.0,0.0,1.0,0.0,0.0,0.0,0.0,0.0,1.0,1.0,0.0,0.0,1
VAR_002805,0.02729667780427643,0.004820544887925675,0.029590047610149463,3.810318954832081e-20,3.00269595258708e-10,0.006417727979411315,0.03084376538729959,0.01785440056234833,4.1931926412249766e-12,1.0706036255062874e-06,0.007177676831358312,16.0,0.703485587168228,0.1942716000565775,0.2678067394025019,0.048894768823962376,0.601253439448038,0.058992661278206966,0.4241807543778938,0.0,1.0,0.049807128721647,1.0,1.0,0.0,1.0,0.0,0.0002903478973521,0.0043977602512745,1.0,7.684812700290971e-06,0.04540578532673799,1.0,0.0232073094933716,1.0,0.1509374419009153,1.0,1.0,0.0,1.0,0.0771832787796465,1.0,1.0,0.0,0.0,1.0,1.0,3.0,0.0997127626473609,0.0,1.0,1.0,0.857363519358624,0.9047072186235674,0.7221149534266131,0.6311005120896775,1.0,0.469052287559443,0.0,1.0,0.0,0.0999990182250085,1.0,0.1839879045366214,0.09947078864751,0.6543070879131735,1.0,0.0,0.2734705331759317,1.419492599681882e-10,1.0,4.672494407765264e-06,0.1000086857349226,3.3094767634137954e-06,0.4159255922894401,0.0,1.0,0.34938001405485297,0.3995088973031572,9.099895676194129e-10,0.0,0.18918,0.0,0.0,1.0,0.02475029468202713,1.0,0.06812293430666413,0.9298704793569168,0.6383479965732036,0.0,0.9014274879014884,0.0,0.0695569899913039,0.0,0.0999999656590332,0.0,0.09993954209053289,0.0,0.0,0.0,1.0,0.0,0.0,0.0026712644262567,0.0,0.0,1.0,0.0,0.0,1.0,0.0,0.0,0.0,0.711138836536008,0.0,0.0001025188848327,0.0,1.0,0.0,1.0,2.2110666534672985e-10,1.0,0.0,0.005737025399707,1.0,0.0,0.0,1.0,0.0,0.0999999999999971,0.0,1.0,0.431080597773267,0.0020710367831376854,9.075983050641508e-09,0.0,1.0,0.0,0.0,0.9999980423011721,0.7925417401314296,0.0,0.9997481263402079,1.0,0.025982284612829875,0.0,0.9999266358272391,0.9999939794595101,0.0,1.0,0.0,0.9671782787299396,0.09999850968168537,0.0,0.871432927674915,0.0976676235207085,0.0,1.0,0.0,1.0,0.09999020665961326,0.6025120207481224,0.0864613380860415,0.09999996949323109,0.9310822916226026,0.7963898592513401,0.969745134261712,0.8070562214656516,0.9816015563834322,0.8672880109439203,23.0,4.0,0.35260115606936415,0.0,0.3333333333333333,0.0,0.0,0.0,0.0,0.0,0.0,0.0,0.0,0.0,0.0,0.0,1.0,1.0,1.0,1.0,0.0,1
VAR_002673,0.0008632426996980603,0.002480619152253157,0.00023779719278317897,1.292348161657723e-08,0.008542215954203545,1.8622501763882745e-09,8.986955068661922e-05,4.062439698107549e-09,6.820374244899777e-05,0.002561820990592718,0.008911220960433593,13.0,0.64193490811921,0.2496607888859511,0.21800912302219616,0.07248645779921592,0.23135372012751343,0.26000086266222205,0.4168867315201584,0.4127609890344598,0.8,0.061207484604469106,0.6138703369218458,0.4,0.6,0.4,0.8,0.057498278686963465,0.022491570593246746,0.6313199424601029,0.05292471110752872,0.0004130769572434651,0.6,0.039995845189218934,0.8,0.8,0.4,0.8,0.6569613301368429,0.8,0.03406143910107477,0.6,0.4,0.41965261507019413,0.8,1.0,1.0,7.0,0.0865742275536634,0.8,1.0,1.0,0.707825494632824,0.9435196082051115,0.836511563693101,1.0,0.0,0.9999999304518139,0.0,1.0,0.0,0.9999999999960324,1.0,0.0014862632311266992,0.9999229536916336,0.046705856208567,1.0,1.0,0.4173644367701029,0.0192732747186453,0.0,0.0540042606177208,0.0161479435595007,6.372728653944824e-10,0.2107130083058603,0.4141629503651879,0.0,4.1278981909901004e-05,0.0,0.09999999913902126,0.0,0.0999915929012524,1.0,1.0,0.2,0.025613420608363493,1.0,0.005910609393418691,0.4,0.019922534171626198,0.0,0.01994089769611617,0.0,0.09613096462112965,0.0,0.23920383686428184,0.0,0.24367954812223414,0.0,0.50690261125208,0.0,0.5576070336865064,0.0,0.0,0.040182681633916695,0.0,0.0,0.6,0.5117215737261597,0.0,0.06395668167045279,0.0,0.2,0.0,0.6021002318973929,0.993361760134907,0.2599945861836518,0.0,0.3528883989709521,0.0,0.6,0.8431061548561924,0.4,0.0,0.7038439326413459,1.0,0.2686396463041424,0.0,0.16173345729766192,0.0,0.07796653040856394,0.0,0.4,0.5451730949593989,0.26308365330279143,0.1839138427726525,0.0,0.9317322013720375,0.0,0.8,0.9974313962144405,0.21942897946642712,0.0,0.4829885168462111,1.0,0.002161854016950083,0.0,0.9999999815288969,0.999712691128807,0.0,0.0,0.0,1.0,3.596947821113431e-11,1.0,0.999480611481046,0.0998593924896435,0.0,1.0,0.0,0.0,0.09999999995463826,0.0,0.092948466402186,0.06053341338723789,0.989662069597427,0.4169657271606931,1.0,0.48530854422054415,1.0,0.9574916117431505,2.0,7.0,0.3121387283236995,0.0,0.3333333333333333,0.0,0.0,0.0,0.0,0.0,0.0,0.0,0.0,0.0,0.0,0.0,1.0,1.0,0.0,0.0,0.0,1
VAR_002660,0.04128225455748764,0.03131772090622654,0.023583827000293926,0.001776900792864862,0.08492628925528538,0.07943102156188236,0.038820078348961035,0.02772259934646897,0.0017646982456249285,0.1416962419872206,0.03054837405257645,8.0,0.8113726538598559,0.09730310890775273,0.19313105675376754,0.40300527092781296,0.049392749914892675,0.41894656961320553,0.24147762059250757,0.2,0.4,0.039950222103017144,0.2615006187584764,0.4,0.2973318676383577,0.8,0.4,0.061117343352714605,0.034529994102940324,0.49151382174653424,0.054610995524945506,0.04325266427363963,0.8417744916943825,0.051357504776740046,0.8,0.8,0.8,0.8,0.6638055091024717,0.4,0.18535843125692633,0.2,0.8,0.6,0.8,1.0,1.0,7.0,0.02361135010034111,0.6,3.0,3.0,0.6996939030714509,0.6085815627102724,0.6155379176736914,0.6,0.8,0.4840509483934031,0.2129605407590737,0.49822385912902567,0.762635681550877,0.36165931661118095,1.0,0.0577382635297727,0.11905931134364664,0.04197793662869199,0.4,0.4287235977085829,0.624282993606611,0.05591391544088532,0.7041648714116937,0.11038661212846243,0.09956507367785129,0.007275030406018515,0.5576300606093029,0.5483787271399385,0.41934222413931455,0.059382238889654416,0.9056817954192843,0.26783719478553686,0.44543586671378155,0.06207750984831471,0.5434107259841462,0.04639508140808856,0.4,0.052878547983957844,3.0,0.04663661248865762,0.4107021924771327,0.4,0.0,0.047546241702306355,0.0,0.021210265337963472,0.0,0.04313378313563233,0.0,0.053873965597264636,0.0,0.5102368576751352,0.0,0.6023995018662263,0.0,0.0,0.07063361774655406,0.0,0.0,0.8,0.5383990316316706,0.0,0.5619101379780125,0.0,0.3830074703204325,0.0,0.23447318277316107,0.5307743065475976,0.06703225948079489,0.0,0.7269478400053583,0.0,0.41174533727603874,0.19542643898796624,0.3657276188953591,0.0,0.5970362685746026,0.8,0.4658431093533407,0.0,0.35545055440610873,0.0,0.027494445220495944,0.0,0.5237349638020625,0.4078962331219224,0.06576791360499308,0.04307504635321692,0.0,0.6733107575682156,0.0,1.0,0.5734934802869621,0.057850059983822796,0.0,0.34002919037951707,0.6,0.039037683820883545,0.25616525236288323,0.21211820670188494,0.14714189849679157,0.0,0.2803396199774495,0.0,0.810006368721114,0.07916759016751951,0.4,0.12367655787033643,0.05939571773649875,0.0,0.9084794994171297,0.0,0.6,0.020974515355935374,0.6143371783524995,0.027528744923544558,0.04016232176989093,1.0,0.1432804662563334,0.0,0.3579177063732889,0.9483078424106021,0.42655248784711597,11.0,22.0,0.5028901734104047,0.6666666666666666,1.0,0.0,0.0,0.0,0.0,0.0,0.0,0.0,0.0,0.0,0.0,0.0,0.0,1.0,0.0,0.0,0.0,1
VAR_002738,0.0018639396138552472,0.004712198474378871,5.769459539540312e-05,2.2458128176247773e-07,0.0003960848929187206,5.204675051768079e-07,0.0024259546195389125,0.016167685336880382,9.435672713193989e-08,0.18639189714373391,0.0633984454279487,28.0,0.6767887405393292,0.10676729810889685,0.35995665085820916,0.04300414943141721,0.03147188876470906,0.42183432214502353,0.3994444308501162,0.4355548748134977,0.0,0.05697601270627349,0.4,0.6,0.18147772256632513,0.4,0.6,0.07903637764936615,0.036608423477548536,0.13197401172224774,0.08022522304679908,0.030641573694296563,0.4,0.05227387988708989,0.5418682526390421,1.0,0.0,1.0,0.0,0.0,0.0082978067472719,1.0,1.0,0.8166104601316689,0.0,1.0,1.0,3.0,0.0353279482024014,0.0,2.0,2.0,0.7462574311721959,0.9508164407333672,0.8590321847866109,1.0,0.6920908009669475,8.24312049463567e-12,1.0,0.0,0.0,2.538642331882357e-06,1.0,0.0869443066534436,1.9794690259205955e-08,0.0502458481588168,1.0,0.0,0.0,0.0072757198009818,1.0,0.0029410195597343995,2.126195326400025e-21,1.3657088596245569e-08,1.0,1.0,0.0,0.04318754768490601,0.1124754879997211,0.0005914049818797328,0.0,0.0999999999999996,0.7385727027374083,0.0,0.7122863080369912,0.043684723805899925,2.0,0.0004583766179595715,0.6,0.5932379842751407,0.0,0.07854849444750044,0.0,0.07999964356845009,0.0,0.04009963720029425,0.0,0.06754868751821332,0.0,0.6128177740203375,0.0,0.8740925633114207,0.0,0.0,0.04000742748210667,0.0,0.0,0.6,0.49613030491460713,0.0,0.037408655098003764,0.0,0.3141653577326834,0.0,0.2,0.6526244609282235,0.03634225961682609,0.0,0.6912562434273016,0.0,0.8,0.3127089764930541,0.16147455699937396,0.0,0.7528356917307071,0.9520917098940401,0.4109030078620547,0.0,0.11447411073955971,0.0,0.04094653226447178,0.0,0.0,0.6002310166628267,0.05971559454068434,0.005954721038884636,0.0,0.8,0.0,0.8,0.012412294086019024,0.3065512898472461,0.0,0.7926258764949285,1.0,0.0018410219863012425,1.0,0.999999999999648,8.239429598746617e-12,0.0,0.0,0.0,0.8538992738552571,3.37449096546038e-08,1.0,2.5217204674451266e-05,0.0999999999999994,0.0,1.0,0.0,0.0,0.09999912409599226,0.3474267737393181,0.0097259094273515,1.0301786614315316e-05,0.9971421931491536,0.6487899343398104,0.98264181186652,0.8456725950274564,0.9246977948811175,0.7651773309400494,0.0,21.0,0.33526011560693647,0.5,0.6666666666666666,0.0,0.0,0.0,0.0,0.0,0.0,1.0,0.0,0.0,0.0,0.0,0.0,0.0,1.0,1.0,0.0,1
VAR_002576,0.017599261544593285,3.251866823808165e-08,0.00035325736114028575,1.664556722620024e-16,0.00011128452471752437,9.268412502527794e-06,0.004976845729197783,0.02646158434927993,0.015098701231829376,0.023552643642702334,0.0022078737319747134,18.0,0.64193490811921,0.23440809368385018,0.3631126379241795,0.05875052803033539,0.21135384261399812,0.42183432214843863,0.2168995711155588,0.0,1.0,0.0998063789313143,0.0,1.0,1.0,0.0,0.9892246322389956,0.0999999999836625,0.0999945758850625,0.0,0.0695620376098584,1.7154757604840078e-10,1.0,0.0516241343388269,1.0,1.0,1.0,1.0,0.6405163008313942,0.0,3.683012615373286e-07,1.0,0.0,0.0,1.0,1.0,1.0,0.0,0.0999999999999428,1.0,1.0,1.0,0.7406814571222278,0.9390700754740984,0.8260541984252889,0.0102192548458787,1.0,0.001320252192589,0.0079131228697894,1.0,1.0,0.5859000463073313,1.0,0.0999959241085814,0.5945651204946426,0.0053096511131985,0.0,0.0,0.1305185763828646,0.4151799526333254,1.0,0.0013255551208234996,2.641116570668748e-09,0.00018075537668122733,0.238479857477611,0.0,1.0,0.63922790598357,1.0,0.09999955231636656,0.5136688072493637,0.0297615739485232,0.0,1.0,1.0,1.535778549619296e-07,1.0,0.009170988965524167,0.0,0.1335912989878937,0.0,0.0001393396410442,0.0,0.0726692788341157,0.0,0.09999989143972,0.0,0.030328348246495076,0.0,0.0,0.0,0.8,0.0,0.0,0.0001362069241268,0.0,0.0,0.292230597912998,1.0,0.0,0.0,0.0,0.0,0.0,0.2556927246945842,9.333595971865007e-06,0.0999954623809961,0.0,0.6586456890684079,0.0,0.0,0.600942706156447,0.0,0.0,0.6948596207269,1.0,1.0,0.0,0.1226634250678155,0.0,1.2261566502139514e-08,0.0,0.0,0.8481591254691561,0.09999999401806502,1.031431133056353e-09,0.0,0.0,0.0,1.0,1.766986409553822e-14,0.0362539309692679,0.0,0.3349407816970058,0.0,0.004139881069353048,1.0,0.001016737985058,0.109311612418328,0.0,0.0,0.0,0.0,0.09995660825193863,0.0,0.997835888958482,0.0999999999999997,0.0,1.0,0.0,1.0,0.000463039841710235,0.0004100133439649,0.0999365503012408,4.514186470652919e-05,0.9530289334957108,0.9952728281388444,1.0,0.8779584627323973,1.0,0.9455371663105065,9.0,21.0,0.17919075144508673,0.33333333333333337,0.5,0.0,0.0,0.0,0.0,0.0,0.0,0.0,0.0,0.0,0.0,1.0,0.0,1.0,1.0,0.0,1.0,1
VAR_002687,0.0013624488686195184,0.018960640145115813,0.017666389599125677,0.0005092991830667444,0.0006324708522443176,8.750864566049344e-07,0.0017069653060888441,2.250938612370067e-07,9.11366529967388e-13,0.14286188107384634,0.0665134777619031,16.0,0.6767887405393292,0.10676729810889685,0.35995665085820916,0.04300414943141721,0.03147188876470906,0.4218343221450236,0.3994444308501161,0.6,0.557071065467192,0.25940598543985216,0.0886978081157821,1.0,0.5158168464465412,0.6,0.8,0.2595718548668519,0.035720739860045765,0.4844208738987506,0.01540207883801296,0.0370778723409641,0.8,0.07989042734802679,1.0,0.6,1.0,0.8,0.6077184134436759,0.6,0.2615527640481828,0.8,0.9865680014921729,0.4,0.6,0.4,0.6,7.0,0.6195654414244275,1.0,2.0,2.0,0.8792689256342858,0.9983361892248881,0.8623308190323213,1.0,0.981835511164987,0.999999949150516,0.0,1.0,0.5443187637166809,0.0753954121074841,1.0,1.7110972349171989e-12,0.0998380607892276,0.0998304270090861,1.0,1.0,0.0,0.0024282568125659,0.795436140725043,6.538064325903076e-08,0.0570175297774266,9.857317709405431e-05,0.3152366848880635,1.0,0.5251329042669196,0.097255472141147,1.0,0.09971051165797556,0.0,1.707835958165464e-11,1.0,0.0,0.8,0.16843258963386282,2.0,0.0005429679849062083,0.4777361793736937,0.3489768543574914,0.0,0.4296814423737857,0.0,0.24020847857818106,0.0,0.06714427905196299,0.0,0.002855017834915439,0.0,0.7014938746964734,0.0,0.6740925633114208,0.0,0.0,0.4399998938820865,0.0,0.0,0.8,0.6804698484684176,0.0,0.4,0.0,0.30419739675342106,0.0,0.7355076503946762,0.6182289982112418,0.006287676231233002,0.0,1.0,0.0,0.6,0.2885910767790631,0.5720696214613846,0.0,0.3726104762088608,0.8,0.6,0.0,0.5433098727377178,0.0,0.22207795768784327,0.0,0.4066589399166943,0.6110062148343709,0.05592238815318759,4.84499401634442e-06,0.0,1.0,0.0,0.4822155407266401,0.7980755139445888,0.781835092813484,0.0,0.5202785521853972,0.0,0.012245707302562497,1.0,0.982934527484386,0.9998461007324461,0.0,1.0,0.0,0.0,6.449497322066113e-09,0.0,3.885206460577988e-07,0.0006082274267441,0.0,0.0,0.0,1.0,8.444401135752405e-06,1.0,2.544958906550274e-10,0.09999998151094248,1.0,0.964865172574937,0.9900204004821672,0.815399956823534,0.9344658603953704,0.7696617255768337,0.0,21.0,0.33526011560693647,0.5,0.6666666666666666,0.0,0.0,0.0,0.0,0.0,0.0,1.0,0.0,0.0,0.0,0.0,0.0,1.0,0.0,1.0,0.0,1
VAR_002721,0.022813556889202495,2.15701491183995e-22,0.04937094671593058,4.635261964661193e-08,6.7555320069552896e-12,0.6958310562645403,0.009205776521973743,0.06425466451077586,1.9811685128452542e-07,5.061238642288518e-12,0.058907677425849396,14.0,0.6419349081192098,0.3479491629797579,0.41800912302219617,0.23875051033631087,0.2313538426077041,0.2400008620014691,0.2169045023168057,0.3571012746912071,1.0,0.099668894231956,1.0,0.0,0.0,0.0,1.0,0.0996629175752387,0.010595243907689,0.529627109553531,0.0957895545540164,5.343498869359598e-09,0.0,0.0005051965183449,1.0,1.0,1.0,1.0,0.7417709061836167,0.0,0.0997533600041074,0.0,1.0,0.0,0.0,1.0,1.0,3.0,0.0999216008698336,1.0,3.0,3.0,0.7534710059930894,0.9743513654729201,0.835004666332698,0.0,1.0,8.392933339291518e-05,1.0,1.0,0.0763530526284468,0.009553626357851794,1.0,0.0005006479516783992,0.0090450676290185,0.6109166673403178,1.0,1.0,0.0,0.0030578465130401,1.0,0.606828767940484,0.2469698357710113,0.005025580566805356,0.8619737455374799,0.6914819683812399,1.0,0.00016760809596945566,1.0,0.09999429351267466,1.0,1.9754887251423252e-08,1.0,0.0,0.0,0.01861178183915021,3.0,0.09139062178196314,1.0,0.0,0.0,1.0121671128101971e-06,0.0,0.0833407534597522,0.0,1.798482797243698e-05,0.0,1.0,0.0,1.0,0.0,0.7215430736873893,0.0,0.0,0.0974173603818159,0.0,0.0,1.0,1.0,0.0,0.0,0.0,0.0,0.0,1.0,0.9999999900081411,1.0,0.0,0.0,0.0,1.0,0.982332964898085,0.0,0.0,0.985846064477772,1.0,0.0,0.0,0.0,0.0,0.0999999999962181,0.0,1.0,0.12816718769851101,1.0,0.9001082308328471,0.0,0.6586610068601879,0.0,1.0,0.9904945411308359,0.0655709529676279,0.0,0.9941041482733318,1.0,0.02257334862820787,0.0,0.35790257617310095,1.1395071182875494e-14,0.0,0.335389479455014,0.0,0.0,0.00018344707912014725,1.0,0.000983834993035806,1.0,0.0,1.0,0.0,1.0,0.09920895627835756,0.0,0.0994221590599858,0.0,0.98404635101814,0.7402839390426933,1.0,0.9667100651730577,0.9514923096448715,0.9994095894134767,0.0,7.0,0.35260115606936415,0.5,0.6666666666666666,0.0,0.0,0.0,0.0,1.0,0.0,0.0,0.0,0.0,0.0,0.0,0.0,1.0,1.0,0.0,0.0,1
VAR_002906,0.025193323200234936,0.003293269244982106,3.653230669314491e-08,0.0006653021687793904,4.844492930085079e-05,0.0044068877203920906,0.002507390653899973,0.0009219106652730509,1.932615716680929e-08,0.003127686805768766,0.08404085732465905,16.0,0.7148582410280839,0.25353034967675353,0.19313105675376754,0.053506095023241114,0.23240872036411261,0.4018343602913243,0.4065178166604959,0.4,0.4,0.05003581851621162,0.4812660711938449,0.8,0.40152682160120856,0.8,0.5812583463129872,0.05828988854803897,0.059990961297773725,0.2251342680398211,0.09545147442370062,0.04374546112488052,0.8,0.0603487684879828,0.26316218599285773,0.2,0.8,1.0,0.4,0.8,0.053356049829100624,0.4,1.0,0.6,0.6,0.8,1.0,7.0,0.26891875463546044,0.4,3.0,3.0,0.7973349874316082,0.8863258155533121,0.7497110388311463,0.721903384511635,0.6,0.368079667056141,0.5393802182751953,0.8,0.21633213938587387,0.24074425534977953,0.6,0.07993795275814558,0.2181612285174353,0.03892258052925567,0.5011874987129434,0.25947245644858474,0.1795805175749317,0.20573466644803617,0.7224116093980302,0.20601050196489273,0.18480101642659622,0.00486757448990442,0.1835603523917773,0.6,0.31194439121966433,0.08291229326919737,0.08816259766007459,0.07887890684465736,0.14042401315648276,0.019576141815926547,0.2271842638931211,0.4556081805416481,0.8,0.05277369677145035,3.0,0.0003457401495711123,0.4841231823463672,0.46428623260605006,0.0,0.0998815942601839,0.0,0.07186495346615973,0.0,0.06043392315826361,0.0,0.21623400895383763,0.0,0.9291682709106525,0.0,0.8,0.0,0.0,0.05393856538277464,0.0,0.0,0.6,0.2,0.0,0.3239519044993942,0.0,0.45188320659364073,0.0,0.199028702549756,0.31761074878214157,0.2400438503361944,0.0,0.5378036734945808,0.0,0.8,0.5420680832073346,0.0,0.0,0.6571200897201586,0.6084082965539338,0.0,0.0,0.10992893121376979,0.0,0.07601086559255815,0.0,0.23944398985294152,0.5042684839101887,0.25110294028471025,0.06606400037996217,0.0,0.7950998580524873,0.0,1.0,0.4431644763109935,0.13183061984814784,0.0,0.7294928131201542,1.0,4.415869059878983e-08,0.0,0.09949653190418699,0.6714200972237171,0.0,0.0331610120574522,0.0,1.0,1.4192646507742429e-05,0.0,2.7238457753794667e-05,0.0001259813262276,0.0,1.0,0.0,0.0,1.1904103825093897e-12,1.0,0.0096526065756134,0.00014385641384458475,0.977712263991488,0.9266499247743168,0.9697069897043236,1.0,0.9516197768489174,1.0,15.0,10.0,0.4566473988439307,0.6666666666666666,0.3333333333333333,0.0,0.0,0.0,1.0,0.0,0.0,0.0,0.0,0.0,0.0,0.0,0.0,1.0,0.0,1.0,0.0,1
VAR_002743,0.015693802306843117,0.00902057249064101,0.007368513449517626,0.08978893912460222,0.2641395294850007,0.00679678076516739,0.01343889980153065,0.04728441673197649,0.009547185286748094,0.025978453511542984,0.07742316143173715,8.0,0.9651461675798807,0.30218776767366723,0.10067951497314223,0.21358427183539913,0.6181927286887874,0.06000135562558349,0.24411237322841903,0.6,0.6,0.033991717233271636,0.19578887137403472,1.0,0.32853859225455995,0.8,0.787608817405651,0.06235961106158502,0.03993463295007656,0.25098996787133826,0.020374073504246738,0.004311594421556364,0.4,0.06747410139729447,0.4,0.6,0.4,0.6,0.2975193088771039,0.8,0.05284074717295908,1.0,0.8,0.5239792554830153,0.4,1.0,1.0,7.0,0.07999769766901696,0.6,3.0,3.0,0.7463301913806568,0.9747154388357306,0.8475430071698218,0.0,1.0,0.136787587521899,1.0,0.0,0.8909100555409137,0.0727117463476001,0.0,0.0999999999999999,0.0725853079398772,0.094477984744296,1.0,0.0,1.0,1.6997214229372196e-08,0.0,2.8529542866127636e-06,0.0999985444714707,5.918912711196331e-06,0.0,1.0,0.0,0.041502066939347895,0.740045185586743,0.010143028923175434,0.0,0.0821298480235424,1.0,1.0,0.8,0.1280363198348603,3.0,0.20780111632681061,0.7851451726580366,0.6952198121354288,0.0,0.45858548076798067,0.0,0.24299519133545733,0.0,0.04356735253062852,0.0,0.39183275149285135,0.0,0.7530637283285948,0.0,1.0,0.0,0.0,0.22213163806480135,0.0,0.0,1.0,0.2,0.0,0.371322673711066,0.0,0.554049014374188,0.0,0.8,0.40777592947999264,0.43999999652273536,0.0,0.7293681014389797,0.0,1.0,0.5962371212805856,0.6,0.0,0.7805566152323785,0.8235175611271848,0.6,0.0,0.4721818292722714,0.0,0.21799997845492447,0.0,0.2,0.9861294914988749,0.45568144574120834,0.06001435319135131,0.0,0.7379754701066963,0.0,1.0,0.3950998190174188,0.6965730242210442,0.0,0.4152800663239357,0.8,0.016325687856593822,0.8,0.43063385983224356,0.5283580903219889,0.0,0.47694672461924315,0.0,0.4344910377006158,0.05982670247124451,0.6391252949077916,0.6941906291098965,0.2158022455708199,0.0,1.0,0.0,0.4,0.034699615519706,0.7050926801498599,0.08787806081600966,0.050401393758604696,1.0,0.9058001087195898,0.9662780424313472,0.9791273202894076,0.95252711907525,0.9906919773539735,17.0,6.0,0.6878612716763006,0.16666666666666669,0.3333333333333333,0.0,0.0,0.0,0.0,0.0,1.0,0.0,0.0,0.0,0.0,0.0,0.0,1.0,0.0,0.0,0.0,1
VAR_003002,0.0008522792315593471,0.01922153132671203,0.0014795996420748241,0.0017780833361320735,0.018884218462196147,0.12358659352750623,0.04056820990519615,0.003389466133112962,0.028997575036224237,0.006133103266427677,0.003982439510308373,9.0,0.6419349081192098,0.14794916297975785,0.21800912302219616,0.23875049365060755,0.23059771152048164,0.24000221563796725,0.2358048785378724,1.0,0.0,0.0994223082314745,1.0,1.0,1.0,1.0,1.0,0.075207235923063,0.0999999668953963,0.3030635214568766,0.0999532102100162,0.030644916094849206,0.0,0.0003583049744292,0.0,0.6285073618913775,0.8,0.8,0.7003188484931862,0.6,0.2200205507208822,0.6,0.8,0.4,0.6,0.4,1.0,7.0,0.25154592901642275,0.8,2.0,2.0,0.8650480301123624,1.0000000000000002,0.8527443547036675,0.0,0.0,0.011182274142828,0.0,1.0,0.0,0.0964891844655165,0.0,0.1086572753109939,0.092436907834715,0.0880453151229145,0.0,0.0,0.0,0.099999474738944,0.0,0.00032829606094309953,0.049395746845862,0.00016948174438226408,0.0823597479499029,1.0,0.0,0.09999999834237573,0.0,0.0005487002308227327,0.6075900267997354,0.0296750550847948,0.0,1.0,0.6,0.10873238920944664,2.0,0.0035017607345487296,0.4451123101867884,0.2064565829081709,0.0,0.23439509976071968,0.0,0.25999522810490017,0.0,0.4109660446271711,0.0,0.028182037318162455,0.0,0.7078651016695473,0.0,0.8,0.0,0.0,0.22066148786967738,0.0,0.0,0.768480013213111,0.6234509699062071,0.0,0.29915170909385547,0.0,0.43633509362209555,0.0,0.9355076503946762,0.618292676676209,0.022638549909214427,0.0,0.8,0.0,0.4,0.5925645867915041,0.3958771991804041,0.0,0.5716116223970364,1.0,0.7300083113469638,0.0,0.20260482807845492,0.0,0.2590822952116539,0.0,0.4751338133777823,0.794633793659449,0.06951045005735033,0.0004111806759818251,0.0,0.998404937496117,0.0,0.68221554072664,0.7987876123444149,0.381835092813484,0.0,0.6872655369219002,1.0,0.0004600997402170425,0.0,7.811830494448284e-09,0.991441077534255,0.0,0.0,0.0,1.0,1.7834375333863986e-07,0.0,0.019091886251304,0.0996992624485443,0.0,1.0,0.0,0.0,0.001415770378395835,0.0,0.0999997365621351,0.0005291182915509847,0.970740132951578,0.9250429297378078,1.0,0.8726516590410169,0.9352200663831887,0.753045538820029,7.0,17.0,0.2427745664739885,0.16666666666666669,1.0,0.0,0.0,0.0,0.0,0.0,0.0,0.0,0.0,0.0,0.0,0.0,0.0,1.0,0.0,0.0,1.0,1
VAR_002921,0.0018824957661633837,0.051674406800964315,0.024292246176581014,0.00034346954588927514,0.1187568080247972,0.017020121107262223,0.008636058290421076,0.00039300710078283326,0.01278340715835024,0.13120691824423436,0.016380934716859575,8.0,0.611372653859856,0.24759568861956427,0.5158342812542861,0.2177314576869784,0.43003244166106713,0.25899176179629235,0.2402401816164408,0.3773721884571506,0.2,6.268377365804088e-05,0.24206409707643645,0.4,0.34824961972391016,0.4,0.4,0.0711901413547532,0.07236062201026143,0.12996782568389104,0.032596153363282455,0.021797953083294457,0.8417744916943825,0.055943974673219224,1.0,0.4,0.4,0.8,0.6,0.6,0.22195257153986292,0.4,0.4,0.6,0.8,0.6,1.0,7.0,0.020979163524215336,0.4,4.0,4.0,0.7616506751573562,0.6742002265444742,0.6651751467735035,0.6,0.6,0.27474365197982564,0.4129605407590737,0.8,0.4296407923228319,0.15359793907110175,0.6,0.005006378678328791,0.1141609792650852,0.018136828415150814,0.4,0.8287235977085828,0.2622529207321665,0.07091191494807023,0.7294362868585132,0.18746560439122456,0.110723771259949,0.005243313060649576,0.33885436037695965,0.3131978533291919,0.3558134702342267,0.039001968074812425,0.6,0.06337404951655776,0.2915484778502409,0.07923477418388904,0.619943151054185,0.0,0.2,0.12074370081515469,4.0,0.004346010469714274,0.7285086130824302,0.5202660731866008,0.0,0.27335665300130557,0.0,0.05624061559685506,0.0,0.5835515185150397,0.0,0.040875059934773424,0.0,0.2,0.0,0.4,0.0,0.0,0.040519298197402104,0.0,0.0,0.5684800132131109,0.2,0.0,0.4856518554374408,0.0,0.436282391017479,0.0,0.8,0.6359594351587645,0.03703623684935088,0.0,0.3595147608317461,0.0,0.6424242602753598,0.5862353026082985,0.34022065915974953,0.0,0.2219675128826718,1.0,0.4,0.0,0.28770175678499765,0.0,0.08549631582191837,0.0,0.3230298440548599,0.5136271050912327,0.0321645015009563,0.0026239780798604315,0.0,0.3984049374961171,0.0,0.6,0.797410039886479,0.21173989795533427,0.0,0.3994017246641901,0.0,0.0074310095285122744,0.6,0.3866767309470456,0.37235453460217693,0.0,0.11627477372906811,0.0,0.2552703749826434,0.06352454284375783,0.7540590732483763,0.398805387944571,0.0404347635377507,0.0,0.9084794994171297,0.0,0.4,0.020055048717453908,0.5338212734509387,0.027579039255829586,0.029501778787715337,0.0109322731762064,0.9344628845070674,0.0964662895768197,0.1484468392680078,0.5967170364538534,0.42394040069703104,8.0,14.0,0.5722543352601157,0.16666666666666669,0.3333333333333333,1.0,0.0,0.0,0.0,0.0,0.0,0.0,0.0,0.0,0.0,0.0,0.0,1.0,0.0,0.0,0.0,1
VAR_002640,0.0008630907077939996,0.03495828773325282,2.0863123595663829e-07,1.9160939771467014e-07,0.0022357150808089473,8.60670807608698e-13,0.0005412161598149194,0.00019060569723280117,0.0028791807200113087,3.9624682111929435e-07,0.0068991762240220526,9.0,0.8,0.18823930282781415,0.2678067394025019,0.20889589032035807,0.6191508038401308,0.05899311543614995,0.26305394533749615,0.4,0.605892007921092,0.044029263038657764,0.4,1.0,0.4,1.0,0.6,0.24446476335216313,0.040141377686151274,0.5864801627085428,0.03981866981590987,0.035382693348922155,1.0,0.08414110328374633,1.0,1.0,1.0,0.0,0.0835047623019503,1.0,3.960708910898491e-06,1.0,0.0,0.8027818889831974,1.0,1.0,1.0,0.0,0.0999999536778652,0.0,1.0,1.0,0.7437601386529953,0.9642203047138407,0.6992023925210048,0.1658029859897934,0.0,1.220729758019808e-06,0.0,0.0,0.0,0.0627202302313379,1.0,9.312192219182182e-11,0.0758231275614713,0.0010652626508286,0.0,0.6097238504595178,0.0,1.0422315374524986e-09,0.0,1.2201666984290774e-08,0.0999999999136115,0.0041145546109767756,0.0,0.9753108697222672,1.0,0.09999988869979434,0.4723464720610354,3.383834090387246e-05,0.6001882643382118,0.0349999512201014,0.0,0.0,0.8,0.04415707479844832,1.0,0.0016901575806178167,0.7859740958713834,0.3050235885888059,0.0,0.21574324504632023,0.0,0.21631915012916308,0.0,0.2798398322608874,0.0,0.26213138977143624,0.0,0.5030905774447018,0.0,1.0,0.0,0.0,0.03428450010685058,0.0,0.0,1.0,0.4,0.0,0.612147487054811,0.0,0.4613599655332126,0.0,0.7152601723745562,0.467685951944933,0.20445381661125467,0.0,0.6,0.0,1.0,0.3991586991776901,0.4,0.0,0.3992259536884972,1.0,0.4899128902111084,0.0,0.4348393762578927,0.0,0.2402526753373054,0.0,0.4,0.288887386210269,0.23501150626709377,0.023290233735117058,0.0,0.6,0.0,0.8,0.9143457381366555,0.35850834802628595,0.0,0.6222341227506529,1.0,0.0004854518464218266,0.0,0.997183230661895,0.994676780400726,0.0,0.0,0.0,0.863919312180896,0.0009350747229115256,1.0,0.999999999999988,0.0957169913703079,0.0,1.0,0.0,0.0,0.05678228167210145,0.0,0.0010346040953878,0.009566583914796284,0.9837126371433256,0.3192225639476758,1.0,0.971707853784943,0.9573811436203359,0.9496224933003988,23.0,4.0,0.35260115606936415,0.0,0.3333333333333333,0.0,0.0,0.0,0.0,0.0,0.0,0.0,0.0,0.0,0.0,0.0,1.0,1.0,1.0,0.0,1.0,1
VAR_002766,0.10561767732033443,0.014185814382032634,7.225502548360473e-06,0.00035662808316399474,0.0,0.0316311900584889,0.10824427435238668,0.07275141188688028,3.0075653100785775e-06,9.355605289246463e-05,0.02398530027253906,16.0,0.6800044086079646,0.2947307454524933,0.0511835289177545,0.07292017949209563,0.4313537201275134,0.24000090080516345,0.4065075890679346,1.0,0.0,0.0999999962484829,1.0,1.0,1.0,1.0,1.0,0.099813935710903,0.0018563935263014,0.8082689294167512,0.0999426543095657,0.0014710858684269278,1.0,0.0998352573346311,1.0,1.0,1.0,1.0,1.0,1.0,1.315991853568271e-05,0.0,1.0,0.0982630753509706,1.0,1.0,1.0,3.0,0.0999999999999348,1.0,1.0,1.0,0.8037584804114146,0.9427394666874135,0.8386976557156366,1.0,1.0,0.9644988678337909,0.914726609450357,1.0,1.0,0.2771250719549521,1.0,0.0883179309736501,0.189300509191953,0.0543810519455263,1.0,0.3610258535050283,0.4103703504785478,1.9004390476187473e-14,1.0,0.0977606770581344,0.130681,0.0018723312865170474,0.7838352833168082,1.0,1.0,0.10682109914289757,0.0,1.9492978880894934e-05,0.4440918425541118,0.1148759472593031,1.0,0.0,1.0,0.09405096111632534,1.0,0.03647647942178885,1.0,0.0,0.0,8.832026870915916e-09,0.0,0.0973376845297573,0.0,0.0960036165053373,0.0,0.0999999988323408,0.0,1.0,0.0,1.0,0.0,0.0,0.0999918668032533,0.0,0.0,1.0,0.0,0.0,0.319783408352264,0.0,0.0,0.0,1.0,0.9999999999999989,0.0997726249535472,0.0,1.0,0.0,1.0,0.8921691879267959,0.0,0.0,6.8354063716118466e-12,1.0,0.0,0.0,0.0,0.0,0.0902764950424697,0.0,0.0,0.9999999464317549,0.046132421636319886,1.4340087196365364e-08,0.0,1.0,0.0,1.0,0.999997775949491,0.4637310323787686,0.0,0.06686414434399716,1.0,0.1029111208677161,0.0,0.999999328570454,0.777831610989652,0.0,0.4467394730793008,0.0,1.0,0.09917492486043693,0.0,0.9489030328659389,0.9000000042619476,0.0,1.0,0.0,1.0,0.09998917819773477,0.5129631052865258,0.0996284877887647,0.09999999996719179,1.0,1.0,0.9956613956491884,0.9000950779733227,1.0,0.9739803670481652,6.0,3.0,0.46242774566473993,0.16666666666666669,0.3333333333333333,0.0,0.0,0.0,0.0,0.0,0.0,0.0,0.0,0.0,0.0,0.0,1.0,1.0,1.0,1.0,0.0,1
VAR_002876,0.0008630907077939924,0.025418280362813604,0.0016701824867788285,0.002487785172875096,2.7146304733435277e-07,1.740336688552491e-05,0.01927812178150697,1.9153185839230626e-10,0.0013127894522188697,0.15166950969841939,0.00023986209733516743,16.0,0.4800044086079646,0.2593025995641524,0.22146674041308448,0.08721219514131721,0.4312567950432872,0.25899266127822085,0.41899133305766617,0.2,0.2,0.06761075223044818,0.0,0.8,0.6,1.0,0.6,0.2213592491489643,0.2051072667757155,0.506425183725728,0.05978525544932796,0.03291277030361494,0.8,0.06995847769883244,0.6631621859928577,0.4,1.0,0.8,0.4,0.8,0.05305805253561283,0.6,0.8,0.6,0.6,0.8,1.0,7.0,0.06893538234207822,0.0,3.0,3.0,0.9135905937824773,0.8913020189708329,0.8518502330851028,0.0,0.0,0.799203703923665,0.0,1.0,0.0,0.0999896481423572,1.0,0.0183498691336969,5.049940494582606e-07,0.0950471060097293,1.0,0.923881635944393,0.4830435590801529,0.0150664937861423,0.5602130861360328,0.1486137877556002,0.0999999996511592,2.969789250763146e-11,0.0,0.0,0.0,2.991299766327507e-08,0.0,0.08010408977238484,0.2625441942618853,0.0881651359579656,0.0,1.0,1.0,0.03921494647306474,3.0,0.0010605889028173267,0.6,0.6302577711885247,0.0,0.4435644717482755,0.0,0.038913824221452134,0.0,0.03291836531687749,0.0,0.23229230654147884,0.0,0.8,0.0,1.0,0.0,0.0,0.07340891416058969,0.0,0.0,0.8,0.4,0.0,0.49438461550803625,0.0,0.7101254615596052,0.0,0.18275029082290448,0.3818554736104045,0.27998115721903744,0.0,0.8680287222751634,0.0,1.0,0.5279572224233612,0.2,0.0,0.8824831759527476,1.0,0.2,0.0,0.6561201068430302,0.0,0.08386567074693804,0.0,0.08803848564479289,0.5598189768405932,0.2754831308780091,0.06010636158115576,0.0,1.0,0.0,1.0,0.6158149095376001,0.28217435146860226,0.0,0.5264113227487736,1.0,0.000530256268457665,1.0,6.548934627271742e-08,0.999999999992357,0.0,0.0,0.0,0.4275638079038939,0.014488905971899797,1.0,0.896290136178296,0.0046194723717806,0.0,1.0,0.0,1.0,7.446017955517591e-13,0.8770632396043312,0.0008223674616287,2.849304732217997e-06,1.0,0.9516590219137684,0.9926966464297644,0.432024388813657,0.9533279837611595,0.9093167558822479,11.0,6.0,0.4219653179190752,0.5,1.0,0.0,0.0,0.0,0.0,0.0,0.0,0.0,0.0,0.0,0.0,0.0,0.0,1.0,0.0,1.0,0.0,1
VAR_002585,0.005351423800391375,1.43462708757128e-05,7.203334353972218e-14,0.005783375540021885,0.03970782095108369,5.706851558338084e-09,0.005952466961572271,0.00021371176630700917,0.00019915272381030384,0.0024626606795960272,0.031942537909699975,16.0,0.6800044086079646,0.23033904272807232,0.19628704381973788,0.2387505280388954,0.2305977115215113,0.4018357139295604,0.21897813555886428,0.4,0.8,0.06027243629749744,0.2,0.8,0.3599257411767434,0.6,0.5772357593761043,0.09999968098119724,0.050818716572117714,0.8528715570457639,0.05999788993175984,0.04963103757668434,1.0,0.2520164934578243,0.8631621859928578,0.4,0.8,1.0,0.6,0.6,0.05811433066775633,1.0,0.8,0.6,0.8,0.8,0.8,7.0,0.4364390645003091,0.4,3.0,3.0,0.83796759338514,0.9751246403359919,0.8414473970309091,0.0,1.0,0.839594446912068,0.065317216048239,1.0,0.0,0.05717457979923239,1.0,0.0998577708222334,0.0006055198436085,0.1001860382741697,0.0,0.0,0.4158417771579514,3.34393694165142e-09,1.0,0.0017878762072566995,0.086433434842532,2.857628500317967e-17,0.0,1.0,0.5597219560983215,0.06468792197985393,0.0525327527173687,0.09422404204455606,0.3550961707901456,0.0023193430260331,0.0,0.0,0.8,0.04997285705993072,3.0,0.008272760906287972,1.0,0.0,0.0,0.0997565093808473,0.0,0.0999044880796284,0.0,0.0998945583952694,0.0,2.1423056799505375e-07,0.0,0.742885195183027,0.0,0.6,0.0,0.0,0.0996844572249285,0.0,0.0,1.0,0.0,0.0,0.0,0.0,0.0,0.0,0.0813920586342576,0.81628017639999,0.0999999846236712,0.0,0.0,0.0,0.5458622325453859,0.7598788746188151,0.0,0.0,0.9997526882407031,0.6282220531350406,0.0,0.0,0.0777114083420076,0.0,0.0998056330560674,0.0,0.7570275210407431,0.18958513872605198,0.0865515547798212,0.00015541186626391885,0.0,1.0,0.0,1.0,0.992941254494729,0.0,0.0,0.999757230717663,1.0,0.004599391018201274,1.0,2.2158298688459716e-06,4.9238322133636756e-08,0.0,0.1491187288753383,0.0,0.0,0.04817503170368277,1.0,0.00012582018486445085,0.0799255603776454,0.0,1.0,0.0,0.0,0.09990643381414196,1.0,6.522992886633861e-07,2.1216109944418137e-06,1.0,0.962890999623918,1.0,0.953100108374152,0.9832868697418093,0.949277592669425,14.0,16.0,0.36994219653179194,0.33333333333333337,0.3333333333333333,0.0,0.0,0.0,1.0,0.0,0.0,0.0,0.0,0.0,0.0,0.0,0.0,1.0,0.0,1.0,0.0,1
VAR_002629,0.011013866178282369,3.652655312016009e-09,7.565798346691226e-12,0.0031174215697302925,0.05644559846681703,0.00021827718176560215,0.0012661819179175023,2.609980447076028e-05,2.185012926919216e-12,0.1086677287687343,0.13332582733992346,2.0,0.8257308378994037,0.6382966323991601,0.0157799353298517,0.09707059428571174,0.9947249988221522,0.1000000033124547,1.3060014195012245e-05,0.0023236671076487,0.0,1.8543101270530573e-08,0.4971797674405397,0.0,0.0,1.0,0.85176402965791,9.816221624458404e-07,0.099999838921918,0.0705731432616301,0.0999952249073129,9.86551099149883e-07,1.0,3.6224515673446835e-08,0.0,0.0,1.0,0.0,0.0,0.0,1.0,1.0,0.0,1.0,1.0,0.0,1.0,2.0,0.0218110378647878,1.0,1.0,1.0,0.761595855768977,0.9437842853873378,0.8265952822962208,1.0,1.0,1.0,0.0,1.0,0.0,1.0,1.0,0.0970250212962206,1.0,0.0999541537548214,0.0,0.0,0.0565762167583426,0.0002709122501414,0.7308284511391256,0.00011011449502409953,0.0999999999999952,1.1031790459116212e-09,1.0,0.0,1.0,0.09997975111659353,0.2697222691612486,1.0000000000000002,0.0,0.0978844708729744,0.51704972379499,1.0,1.0,0.001545975335794366,1.0,0.13466081007319422,1.0,1.0,0.0,0.0958008019030263,0.0,0.0987765817114585,0.0,1.0,0.0,0.09999958536631699,0.0,0.0865408269157393,0.0,1.0,0.0,0.0,0.0033977462026186,0.0,0.0,1.0,0.0,0.0,0.3608477753768899,0.0,0.7586339622825563,0.0,1.0,0.999997146672087,0.0517785070645903,0.0,0.0,0.0,1.0,1.813667346584721e-07,0.1236295161108683,0.0,2.9145058617983465e-08,0.0,1.0,0.0,0.0,0.0,1.3630537860205597e-16,0.0,1.0,0.999999214374972,0.0908674823382793,0.0006594915785284218,0.0,1.0,0.0,1.0,0.003649353030292,0.3345949482724835,0.0,1.3248295482353287e-07,1.0,0.0072202676482534004,0.6321400170012742,0.999999999999054,0.9858783926507759,0.0,0.0201991822310669,0.0,0.0,3.061431864042669e-07,1.0,0.9523258209262699,4.117107306202909e-09,0.0,0.0,0.0,1.0,0.000807453638018135,0.0,0.099999610691377,0.00024650911097328477,1.0,0.5595380287920705,0.9935691978604616,0.7655896520429029,0.9690597089601294,0.9584394337493447,6.0,9.0,0.5780346820809249,0.5,0.3333333333333333,0.0,0.0,0.0,0.0,0.0,0.0,0.0,0.0,0.0,1.0,0.0,0.0,1.0,1.0,0.0,0.0,1
VAR_002872,0.0036220212257578738,0.008972781493482558,0.005913112592685314,0.003523229637142651,0.2165150624319194,0.001573453796011376,0.009140114546269992,0.007990824887863682,0.0031792778279325852,0.02753723189029814,0.02791934483812339,8.0,0.6800044086079646,0.23033904272807226,0.19628704381973788,0.2387505280388954,0.2305977115215113,0.4018357139295604,0.21897813555886428,0.4,0.6230962758389499,0.07922805474757325,0.5953925557721836,0.8,0.5739045164268226,0.8,0.4,0.06019802539986389,0.03332258805956954,0.613237910286666,0.07584968590806822,0.03639370223577609,0.8,0.07440508981172719,0.8,0.4,0.8,0.494277753448878,0.6,0.8,0.21415334909712622,0.8,1.0,0.2985308851678174,0.8,0.6,1.0,7.0,0.22796201954806578,0.4,3.0,3.0,0.8555859162719059,0.9742808751208027,0.7742632109863048,0.3790512055512553,0.4,0.5959110371605634,0.25062381798148736,0.6,0.4082968075949333,0.3519105234684058,0.8,0.05979732879650747,0.36372629716030164,0.0390878779055578,0.6,0.6,0.5442279488199315,0.02598073806541843,0.6,0.03999638084365123,0.13608271368800892,0.002410510562773529,0.5233131519840544,0.5125699585301324,0.2597596142494548,0.06468124782507248,0.4,0.03707264292078566,0.4708859537156635,0.08726982962644039,0.22653861992536517,0.6,0.2,0.004473627148154638,3.0,0.018453121516363313,0.4323312228177003,0.22788840568845736,0.0,0.06750966919763571,0.0,0.06874375347408583,0.0,0.24681979533217793,0.0,0.07873847970712264,0.0,0.3875967105420128,0.0,0.6905686442974439,0.0,0.0,0.05918774036246072,0.0,0.0,0.5134113572896709,0.6,0.0,0.2818306896400927,0.0,0.5131946461101264,0.0,0.346920683835142,0.5400885995503028,0.04417977175434325,0.0,0.21333166149121116,0.0,0.4789418419053534,0.6063177650169056,0.1354774762969586,0.0,0.5988525240174687,0.6144905627181807,0.16968727950361143,0.0,0.1867376205706252,0.0,0.09758582161946114,0.0,0.45407251084987016,0.48871462905831764,0.04583709009431419,0.00034374473495680916,0.0,0.8733107575682155,0.0,0.8,0.22716473813768406,0.21930474833331873,0.0,0.5613349156508809,0.4,0.0022577080863583087,0.4,0.7932510243546507,0.3483001601365836,0.0,0.2748344034848101,0.0,0.7415524886335385,0.03908052373175913,1.0,0.6643267830326699,0.05954735862364687,0.0,0.6,0.0,0.6,0.06279957304386345,0.6,0.05755216034510038,0.03881253061632309,0.9989804295314962,0.9747134864101376,0.9950299988303288,0.9981832504503373,0.9641091880201003,0.9753684989512512,14.0,19.0,0.5260115606936416,0.33333333333333337,0.6666666666666666,0.0,0.0,0.0,0.0,0.0,1.0,0.0,0.0,0.0,0.0,0.0,0.0,1.0,0.0,0.0,0.0,1
VAR_003010,0.005356613040642798,0.02406464220435942,2.492162947427513e-07,8.657294007737828e-12,0.0040317313770992305,5.4240349560144694e-05,0.001083658433456858,0.008932590838767232,0.010538004024721999,0.03347679187319213,0.019945527673445512,9.0,0.8,0.23756183968923605,0.46780673940250195,0.2279226691453051,0.4218673421496249,0.059240013743783446,0.2565935052153116,0.0,0.0,0.0177461336718797,0.0,1.0,1.0,1.0,0.0,0.0999813364202714,0.0976398584775753,0.0,0.0998861092406288,0.005264318837451869,1.0,0.1,1.0,1.0,0.0,0.0,0.0,1.0,0.0999999999871337,1.0,0.0,0.0,1.0,1.0,1.0,3.0,0.0159687820660343,0.0,3.0,3.0,0.8776233095722035,0.6247493639609056,0.5742435530896106,0.0,1.0,0.933994743789066,0.0041522802147924,0.0,1.0,1.0,0.0,0.0894986774697093,1.0,0.0999999995222832,0.0,0.1122951546498496,0.3272406460498026,0.0999713242484246,0.0,1.0,1.0,0.0383001847458454,0.0,1.0,0.0,0.24642000000023556,0.0,0.765540682359832,0.1554687379337537,1.0,0.0,0.4021150286085826,0.0,0.011784031806188401,3.0,0.021339212998193458,0.0,0.0,0.0,0.010883155356455,0.0,1.5815437113908876e-13,0.0,0.0999964601677683,0.0,1.5074808519640971e-05,0.0,0.4574362077999566,0.0,0.7905927035722102,0.0,0.0,2.762062772391271e-06,0.0,0.0,1.0,1.0,0.0,0.0,0.0,0.5079861662074724,0.0,0.5876134559697593,0.485607102588705,0.0001724757772411,0.0,1.0,0.0,1.0,0.9999990988897289,1.0,0.0,0.999999998554894,1.0,0.8441243188497577,0.0,0.4958142132316935,0.0,2.134166316815712e-06,0.0,0.0,0.5088244933346929,1.923092394118979e-05,0.0003219370545788529,0.0,0.0,0.0,1.0,0.999999958783607,1.0,0.0,0.651579077589109,1.0,0.012989109675464456,1.0,3.46151623024742e-14,1.6589852263131108e-07,0.0,0.4969798519741064,0.0,1.0,0.09683847659721943,0.0,0.999999999999984,0.0033963553391448,0.0,1.0,0.0,1.0,1.1946821719994542e-05,1.0,0.0999993515824085,0.09998157749055478,1.0,1.0,1.0,0.2566723138717579,0.9545421316817069,0.4986448450922605,16.0,3.0,0.8843930635838151,0.0,0.3333333333333333,0.0,0.0,0.0,0.0,0.0,1.0,0.0,0.0,0.0,0.0,0.0,0.0,1.0,1.0,0.0,1.0,1
VAR_002790,0.12153823300819354,0.004747633433097212,0.029405402586685718,5.8280779144427346e-05,0.6563666975313811,0.06326092437375347,0.1133096033656906,0.026783273233545436,2.625182573776809e-06,8.50406066442801e-05,0.09265008232585303,15.0,0.6800044086079646,0.33205066863426563,0.19628704381973788,0.07248649218750373,0.23135372012854305,0.42183436095381527,0.4000599885411503,0.0,0.0,0.0999999767106532,1.0,1.0,1.0,1.0,1.0,0.0851114027582231,0.0909780387417561,1.0,0.0191045385228747,0.001598700241426158,1.0,0.0002619152006195,1.0,1.0,1.0,1.0,1.0,1.0,0.0998867967187019,0.0,1.0,0.0,1.0,1.0,1.0,3.0,0.99999999319412,1.0,3.0,3.0,0.8711254455157917,0.982543373650868,0.834920245180105,1.0,1.0,0.13324255361276,1.0,1.0,1.0,0.6906699999999913,1.0,0.1633149949204525,0.5829659994778581,0.2177946325737872,1.0,1.0,1.0,0.0010917002396602,1.0,1.0,1.0,0.15271074208901905,1.0,1.0,1.0,0.9288362156880268,1.0,0.10791009999877026,1.0,0.5228913993035501,1.0,1.0,1.0,0.5064111374211754,3.0,0.09194392116335315,1.0,1.0,0.0,0.0999505825284265,0.0,0.099209865685058,0.0,2.1189640576166428e-11,0.0,0.9000000360364037,0.0,1.0,0.0,1.0,0.0,0.0,2.3027382482637036e-12,0.0,0.0,1.0,0.0,0.0,0.0,0.0,0.0,0.0,1.0,1.0,1.0,0.0,1.0,0.0,1.0,0.7196788072785509,1.0,0.0,0.99999525004943,1.0,1.0,0.0,0.1182718684707481,0.0,2.281759769656618e-13,0.0,1.0,0.9999986890298609,1.0,0.19999966532002647,0.0,1.0,0.0,1.0,9.192429962621382e-07,0.4828651211052209,0.0,0.9999999999985489,1.0,0.09646339311691762,0.0,0.524113529673996,0.999999993553702,0.0,1.0,0.0,1.0,8.068612680929501e-07,0.0,0.9351393517432829,1.0,0.0,1.0,0.0,1.0,0.08827031443785414,0.6076087251894036,0.0999999987949989,7.071554715131274e-07,0.9813892567265308,0.6517963765132415,1.0,1.0,0.9623158578601247,1.0,14.0,11.0,0.7919075144508672,0.0,0.6666666666666666,0.0,0.0,0.0,0.0,0.0,1.0,0.0,0.0,0.0,0.0,0.0,0.0,1.0,1.0,0.0,0.0,1
VAR_002821,0.00036455933083021823,0.0,0.018051013621033233,1.0849066963834388e-14,0.1825092866329022,4.780250773607242e-06,3.2064067021335456e-08,0.029049490767341896,0.00506066254272454,0.10756014664479917,0.0015452457619391867,19.0,0.6800044086079646,0.23033904272807237,0.19628704381973788,0.2387505280388954,0.2305977115215113,0.4018357139295605,0.2189781355588643,0.6199923503101693,0.0,0.0002166183417409,0.0,1.0,1.0,1.0,0.2365834054887228,4.300422485616593e-05,0.0,0.0,6.699787087502085e-06,0.0005633274570546206,1.0,0.0003153860626495,0.0,0.4,0.2,0.8,0.4,0.2,0.03616776514484935,0.8,0.6,0.46257381902412914,1.0,0.6,0.8,7.0,0.2399323620426574,0.6,4.0,4.0,0.8510257988903516,0.9670469122012821,0.8616344945627337,0.4,0.7856145552302101,0.27487474710208726,0.6333679939067485,0.6,0.33457994392071966,0.060563957277817396,0.4,0.029976378959037132,0.10951873089684232,0.07988637617412482,0.6,0.4,0.20175171997782165,0.037955666251870676,0.6,0.04997008341680052,0.2123126868078487,0.01414483490853465,0.32627832681325764,0.15117237367482098,0.4,0.18246012893048427,0.5813441402296696,0.06254654944053763,0.0,0.06551555546460418,0.46443111150734284,0.5435322936433341,0.6,0.05862564812560951,4.0,0.004399932968072619,1.0,0.3023595140507888,0.0,3.995685177775697e-07,0.0,0.0355411894913017,0.0,0.0,0.0,8.645803159761511e-05,0.0,0.171822836175765,0.0,0.6,0.0,0.0,0.096221570159997,0.0,0.0,0.0,0.0797811753180356,0.0,0.7752308166362516,0.0,0.2076239138277608,0.0,1.0,1.3129594706059938e-10,0.0999852524292401,0.0,0.0,0.0,1.0,2.03369383426605e-11,1.0,0.0,4.1940280007726453e-14,0.8117966969578803,0.0,0.0,0.0,0.0,0.1,0.0,0.213127050555118,0.993251833768094,0.09874029332261691,0.0013098980675808856,0.0,1.0,0.0,1.0,0.998782950629989,1.0,0.0,0.9997170822686718,1.0,0.04650362008619739,1.0,0.0006403344149508116,0.9999999999999851,0.0,1.0,0.0,0.0,0.0069433934552226035,1.0,0.8509627086703541,1.1274348920621331e-09,0.0,1.0,0.0,1.0,0.09597474044562217,0.8257616037733007,0.0,0.07738717719606508,1.0,1.0,0.9952654335827144,0.8214876592784458,0.9324346962834101,0.7982265637582217,8.0,17.0,0.4046242774566474,0.5,0.3333333333333333,0.0,1.0,0.0,0.0,0.0,0.0,0.0,0.0,0.0,0.0,0.0,0.0,1.0,0.0,0.0,0.0,1
VAR_003158,0.0006618280255222917,0.09409618430086998,0.0011869319898863324,0.000407221233760526,0.06472555263329158,0.025793310730275,0.008222072672440068,0.004841334251424304,0.009033283836039336,0.027539099522782953,0.013971321213146455,8.0,0.6800044086079646,0.1930191195462999,0.0511835289177545,0.23918421534348727,0.43059771152048165,0.22000225378090862,0.22542573608564853,0.2,0.0,0.048346387506517347,0.45530246876237257,0.8,0.6,1.0,0.8,0.05388172020383908,0.04005297046106103,0.10103471266537425,0.02076266644822857,0.025085841239972893,0.6,0.014149115871024937,0.4,1.0,0.6,0.6,0.4604871298596508,0.2,0.020105267867097314,0.6,0.590495160928097,0.2119635065855654,0.6,0.4,1.0,7.0,0.034961282945776606,0.0,1.0,1.0,0.9950150721409481,0.9675858280638607,0.8540128141749345,0.4,0.2,0.22937504504519018,0.23846359139595869,0.4,0.0,0.06535547997759669,0.2,0.03224881835108676,0.05848921060894865,0.07750275638688298,0.2,0.6,0.22126069132193335,0.04288854319338044,0.4,0.007973705025744378,0.03881894578704691,0.0006922077674416867,0.31696684527551167,0.4,0.11524041294903438,0.08442593923000286,0.22218574550001585,0.020701773081548518,0.3668025884270213,0.05897654678792726,0.1415019834433428,0.5268017283235567,0.6,0.015745259332943528,1.0,0.034999171264923905,0.7155986685581697,0.5706501554477419,0.0,0.04027642402608811,0.0,0.06361468934168554,0.0,0.054914817253750435,0.0,0.021082424477034054,0.0,0.5400713719125294,0.0,0.6905686442974439,0.0,0.0,0.07925146978945312,0.0,0.0,0.9134113572896709,0.4,0.0,0.2203087059152468,0.0,0.12799571365693183,0.0,0.5135032426559655,0.7286195052865843,0.04069614687274916,0.0,0.2,0.0,0.6789418419053533,0.5381180062075791,0.30275241495450383,0.0,0.3999532380174389,0.7256444106270081,0.2426475019870682,0.0,0.05454499235628614,0.0,0.04094738261456414,0.0,0.3648745144579632,0.23902985886590516,0.05733066689304057,0.0005937237180946838,0.0,0.6702160715505199,0.0,0.8,0.6257218257045872,0.42536372211573886,0.0,0.6898332614447552,0.8,0.007034945764259355,0.2,0.37789939038522447,0.2462066087293983,0.0,0.07187501594127838,0.0,0.33497281157680625,0.0003668815694892959,0.6,0.3563527719806019,0.07850821153092521,0.0,0.4,0.0,0.5321589105322306,0.040808065766254516,0.13108214119047473,0.04713291812991632,0.039716039045476284,0.9995663055850346,0.9935128412746204,1.0,0.8853820008304673,0.9891077944994702,0.9159284464396474,11.0,14.0,0.16763005780346824,0.0,0.6666666666666666,0.0,0.0,0.0,0.0,0.0,0.0,0.0,0.0,0.0,0.0,1.0,0.0,1.0,0.0,0.0,0.0,1
VAR_002603,0.06371403113512157,0.018951007793941346,3.3651009833890955e-07,0.00011338990160268038,0.050542641640067956,0.0005283708498049298,0.06221419975977478,0.057915476232399205,0.02041617623512153,0.005637304943042476,0.18665615786441203,1.0,1.0,0.0,0.0,0.9000000000428,0.09621934453756607,6.768190901713384e-06,0.09459073508856969,0.2692017582826449,0.0,0.0999985322556929,1.0,1.0,0.0,1.0,1.0,0.0029172991233799,0.1,0.6628029007926121,0.0999999664248036,1.7426046083824948e-07,1.0,0.0999999996764443,1.0,1.0,1.0,1.0,0.0,0.0,1.0,1.0,1.0,1.0,1.0,1.0,1.0,2.0,0.0146762618373411,0.0,2.0,2.0,0.8119318492639962,0.9389539268121112,0.708660789545842,1.0,1.0,0.999806556986071,0.0701329131691745,1.0,1.0,1.0,1.0,0.1510028301796755,1.0,0.0747186228861305,1.0,0.0,1.0,0.2160999999986897,1.0,1.0,0.4086169100980797,0.01237311679515239,1.0,1.0,0.0,0.8130191442085843,1.0,0.9999109813396869,1.0,0.1836042967377458,1.0,1.0,1.0,0.04007502647328246,2.0,0.21724408624320846,1.0,1.0,0.0,0.999999779933287,0.0,8.852225234193424e-06,0.0,1.0,0.0,0.09999999520937909,0.0,1.0,0.0,0.1662004342602492,0.0,0.0,7.954826101683068e-06,0.0,0.0,1.0,0.0,0.0,1.0,0.0,0.0,0.0,1.0,0.8256509501155861,0.0050779888602082,0.0,1.0,0.0,0.9062666087880338,1.461139010071826e-10,0.1202709043799887,0.0,0.9996850424010211,1.0,0.6572286570620659,0.0,1.0,0.0,0.0999012799653183,0.0,1.0,0.9629332362686289,0.0018144879462151852,8.611171207143771e-10,0.0,1.0,0.0,1.0,0.118249426260402,0.4927707970156908,0.0,0.004057205779216308,1.0,0.0637018952852132,0.0,2.0533107306432492e-05,0.984048991266045,0.0,0.7899018042508734,0.0,1.0,0.09615316759251105,0.0,0.997578390019485,0.0656369219607375,0.0,1.0,0.0,1.0,0.000479328518471035,0.0843677433002956,1.513853414763499e-07,4.708343733119365e-05,1.0,0.9857876336732558,0.9352827055575214,0.4681665958510459,0.9147189586996458,0.6912716314142423,16.0,16.0,0.5375722543352601,0.6666666666666666,0.3333333333333333,0.0,0.0,0.0,0.0,0.0,0.0,1.0,0.0,0.0,0.0,0.0,0.0,1.0,1.0,0.0,0.0,1
VAR_002746,0.01735890281021406,0.024458763799017506,1.279714644425718e-05,1.5145683345247156e-07,6.067344953858631e-06,0.012352306417028683,0.01810692163843319,0.0010752963233307052,0.013439864578777268,1.2845023074613604e-09,0.003958440678863178,16.0,0.64193490811921,0.23440809368385018,0.3631126379241795,0.05875052803033539,0.2113538426139981,0.42183432214843863,0.2168995711155588,0.0,0.5869511031773078,0.0970301964661723,0.4434890405789105,1.0,0.0,1.0,1.0,0.0978593529852338,0.0999867127265025,0.3092657790896143,0.0001999567216494,0.017185568649288267,1.0,2.658822939542412e-06,1.0,0.0,1.0,0.0,0.0,1.0,0.0997478028859993,1.0,1.0,0.0,0.0,0.0,0.0,6.0,0.9997851572877666,1.0,3.0,3.0,0.7698787595346102,0.941997550385447,0.8619566316306813,0.0,1.0,0.9999871527611399,1.0,1.0,1.0,0.0036289082302349944,1.0,0.0726745891215907,0.0977228165021101,0.1266601905665389,1.0,1.0,0.0,0.0926473327219055,1.0,0.7055252826744807,0.1575953768671185,0.0019709034612852604,0.0,0.0,1.0,0.08763247365999495,0.0,1.3395435314932436e-07,0.8403099412057575,0.0241473312370574,1.0,1.0,1.0,0.0233445944757967,3.0,0.029376055281602774,0.1631193459345269,0.0,0.0,0.0642860584716801,0.0,0.0011823277536042,0.0,0.0999999766811339,0.0,0.010463864239464367,0.0,0.3242296021271157,0.0,0.6740925633114208,0.0,0.0,0.0999990021150389,0.0,0.0,1.0,0.2850943928110531,0.0,0.0,0.0,0.0,0.0,0.0,0.9997334569442989,0.018921652843318,0.0,1.0,0.0,0.0,3.388345738259292e-06,0.7682679162797054,0.0,0.0015778167792320002,0.0,1.0,0.0,0.7165493636885889,0.0,1.3228655015685978e-08,0.0,0.6576256326945595,1.0,0.00032582182341798496,6.546072903750729e-06,0.0,1.0,0.0,0.0,0.9949788942621809,1.0,0.0,4.11629975125374e-06,1.0,0.01656354333013296,1.0,0.999934768425086,0.9994995175141399,0.0,0.0,0.0,0.0,0.09995936183798206,1.0,0.977778540004326,0.0999838602433069,0.0,1.0,0.0,1.0,8.091368662403402e-10,0.2329229322634074,0.0994051970143826,0.09999998929236889,1.0,0.9432091975753302,1.0,0.9625485847637617,0.9853819343859844,0.987416771128499,0.0,22.0,0.6184971098265897,0.5,0.6666666666666666,0.0,0.0,0.0,0.0,0.0,1.0,0.0,0.0,0.0,0.0,0.0,0.0,1.0,1.0,1.0,0.0,1
VAR_002604,1.0,0.028357024664738575,0.029587599274246326,0.08266156853300215,0.000945751403364362,1.0,1.0,1.0,0.06210336019234637,0.0012254320446553587,0.2473192255966568,18.0,1.0,0.43229465352046187,0.7255175745099169,1.7194143908813534e-07,5.148162251962533e-12,0.9091673007432591,6.419797700145262e-05,1.0,1.0,0.0911119353196692,1.0,1.0,1.0,1.0,1.0,1.0,0.9966479535054033,1.0,1.0,0.5505518918576277,1.0,0.9999999999227094,1.0,1.0,1.0,1.0,1.0,1.0,0.0999999957718883,1.0,1.0,1.0,1.0,1.0,1.0,3.0,0.099941334054882,0.0,3.0,3.0,0.8345184706331981,0.7347875675398103,0.7287470167930349,1.0,1.0,0.8934342939875781,1.0,1.0,1.0,1.0,1.0,0.3150105222889795,1.0,1.0,1.0,1.0,1.0,0.4250708108550037,1.0,1.0,1.0,0.08104339039601101,1.0,1.0,1.0,1.0,1.0,0.6996303671775901,1.0,1.0,1.0,1.0,1.0,1.0,3.0,0.5618468195426304,1.0,0.0,0.0,0.0999999999392294,0.0,1.0,0.0,0.0999881754069696,0.0,1.0,0.0,1.0,0.0,1.0,0.0,0.0,0.0020350225870829,0.0,0.0,1.0,1.0,0.0,0.5958003855912464,0.0,1.0,0.0,0.9254808358904392,4.852333068793678e-05,1.0,0.0,1.0,0.0,1.0,0.972361560070284,0.0,0.0,0.109886353868859,1.0,1.0,0.0,0.0394455960302298,0.0,1.0,0.0,0.0,0.00011239944346310121,1.0,1.0,0.0,1.0,0.0,1.0,1.6811116778357663e-17,0.0,0.0,0.0761419451930413,1.0,1.0000000000000002,1.0,0.131253336048583,0.043097740475172,0.0,1.0,0.0,1.0,0.00016387466637333948,0.0,1.0,1.0,0.0,1.0,0.0,1.0,0.009354620366799637,0.045928305954903,0.001334721874838,1.7832967493275948e-07,0.996119338860094,0.9734329223986774,0.9637081274989632,0.5686637180173009,0.9543909651532281,0.6313265316159494,16.0,23.0,0.6878612716763006,0.0,0.3333333333333333,0.0,0.0,0.0,0.0,0.0,0.0,0.0,0.0,0.0,0.0,0.0,0.0,1.0,1.0,0.0,0.0,1
VAR_003113,0.004852835240161128,0.05150630335596339,6.217400279422771e-06,0.10524505264660546,0.018631544393361534,0.042837164652453255,3.675543805946505e-07,0.010020610572521883,3.883703977656797e-06,0.00025223866120247613,0.11606636254351263,24.0,0.5148582410280839,0.21810220378841266,0.36341426824909756,0.06779811067246269,0.23231179527988638,0.4208261207643817,0.4190015606502275,0.0,0.0,1.544555474839769e-11,1.0,1.0,1.0,1.0,1.0,0.0954972540440152,0.0001451987947314,0.0,0.0999702619169401,2.78844739015923e-14,1.0,0.0999768312393074,0.0,1.0,1.0,0.0,0.0,0.0,0.098435439691879,1.0,1.0,0.526518938244489,1.0,0.0,1.0,5.0,0.0016522423274219,0.0,4.0,4.0,1.0,0.9472708998272097,0.7450791728952175,0.0,1.0,0.999999997312494,1.0,0.0,1.0,0.04751497428003299,1.0,3.4961554139779085e-15,0.0974434132490831,0.0999653378141881,0.0,0.0,0.0,0.0017319811700307,0.0,0.1400182071947362,0.6726606181903195,0.023192439896012013,1.0,0.0,1.0,0.014193048878323237,1.0,0.008561918098115634,0.0,0.0007300876301991,0.0,0.0,1.0,4.0826677715627424e-10,4.0,0.23844860478744784,1.0,0.0054644936574777,0.0,9.969449919125556e-12,0.0,1.0,0.0,0.0999999488577554,0.0,0.0931834969858294,0.0,0.6785372326877784,0.0,0.8,0.0,0.0,0.099999999999924,0.0,0.0,1.0,0.0,0.0,0.5699259098383732,0.0,1.0,0.0,0.2799134783107477,0.571321065570104,0.0976491546952427,0.0,0.0,0.0,1.0,0.393772236316143,0.0,0.0,0.040700162328178996,1.0,1.0,0.0,0.781867223730837,0.0,1.0,0.0,0.0,0.999999960928269,0.09999995576537722,0.0008913362439205403,0.0,0.0,0.0,0.8,0.3905501498408281,0.0,0.0,0.9976965363380129,1.0,0.005519684382287679,0.0,2.31957945357988e-06,0.7591725832130659,0.0,0.3875421322091461,0.0,1.0,0.04256929552759567,0.1160201351964842,1.0870597373776497e-06,1.479385388580583e-06,0.0,1.0,0.0,1.0,0.09999999954091736,0.0,0.0059717443000491,2.3252253892267038e-07,1.0,0.9390833017326388,0.9661837928933036,0.3739691457177976,0.9520965022223623,0.4548613486822907,9.0,6.0,0.38150289017341044,0.5,0.3333333333333333,0.0,0.0,1.0,0.0,0.0,0.0,0.0,0.0,0.0,0.0,0.0,0.0,0.0,1.0,0.0,0.0,1
VAR_003143,0.017174303712313314,0.008975112161442339,0.007490789767369488,0.06963505045862214,0.27711192921550254,0.05193506062235248,0.01327698402408263,0.03575205819234048,0.009547259127251332,0.06948225499216083,0.13068306919708783,8.0,0.9651461675798807,0.30218776767366723,0.10067951497314223,0.21358427183539913,0.6181927286887874,0.06000135562558349,0.24411237322841903,0.6,0.6,0.033991717233271636,0.19578887137403472,1.0,0.32853859225455995,0.8,0.787608817405651,0.06235961106158502,0.03993463295007656,0.25098996787133826,0.020374073504246738,0.004311594421556364,0.4,0.06747410139729447,0.4,0.7192036476873692,0.4,0.6,0.36401493734626145,0.6,0.23255230467142235,1.0,0.6,0.42801957405750396,0.4,0.8,1.0,7.0,0.06001781256972645,0.8,3.0,3.0,0.99848808979099,1.0000000000000002,0.8475430071698218,0.4,0.6,0.427427172406014,0.4,0.6,0.3781820111081827,0.21879419688434018,0.8,0.05999709090233487,0.21465908811528372,0.05983730030756125,0.3011874987129435,0.2,0.6878508660500715,0.329886545968206,0.5224116093980302,0.09556752115984521,0.08231800374416445,0.0007944294170004264,0.0,0.4,0.25354896444083075,0.25314481370206493,0.5480090371173486,0.0034284284185500933,0.12693237349600478,0.057046430745939826,0.23183351183410875,0.655608180541648,0.8,0.1350779440114768,3.0,0.048053226424355756,0.9851451726580367,0.596104460546852,0.0,0.4585961682274724,0.0,0.24506028128939308,0.0,0.23415983193323503,0.0,0.39157960562368604,0.0,0.6111977253662026,0.0,1.0,0.0,0.0,0.2021316387210673,0.0,0.0,1.0,0.2,0.0,0.34810845900169857,0.0,0.3951351731540452,0.0,1.0,0.6077759091554529,0.42000138044353397,0.0,0.791564427944399,0.0,1.0,0.615549809789851,0.7845526856338169,0.0,0.8013841919858864,0.8235175611271848,0.6,0.0,0.49020438110220743,0.0,0.20042375712283778,0.0,0.4,0.7921500560037753,0.45998568663741607,0.060015686157367076,0.0,0.7168756756627713,0.0,1.0,0.37132181282597776,0.8965730242210442,0.0,0.5869446862301276,0.8,0.016325687856593822,0.8,0.43063385983224356,0.5283580903219889,0.0,0.47694672461924315,0.0,0.4344910377006158,0.05982670247124452,0.6391252949077917,0.6941906291098965,0.2158022455708199,0.0,1.0,0.0,0.4,0.034699615519706,0.7050926801498599,0.08787806081600963,0.050401393758604696,1.0,1.0,1.0,0.9364244531992274,0.9617007794483006,1.0,17.0,6.0,0.6878612716763006,0.16666666666666669,0.3333333333333333,0.0,0.0,0.0,0.0,0.0,1.0,0.0,0.0,0.0,0.0,0.0,0.0,1.0,0.0,0.0,0.0,1
VAR_002780,0.013821982012586428,0.15302829361558282,0.011736653791236337,0.017794026254223605,0.037762697347665984,0.022921758441072207,0.009075776019795992,0.018539240218862867,0.0038367946401724104,0.020916409253987665,0.008730587010112981,23.0,0.6800044086079646,0.23035757363295106,0.19628704381973788,0.062418268288559564,0.2304168885291395,0.42183436095045584,0.38260746027854675,0.8183794535001618,0.0,0.0999182211348187,0.0115466610923175,1.0,1.0,1.0,0.0,2.015891157563206e-05,0.9999887701664408,0.0,0.0984340226702829,0.1393723925582281,0.0,0.097265247399503,1.0,0.0,0.0,0.0,1.0,1.0,0.0,1.0,0.0,1.0,0.0,1.0,1.0,1.0,1.4321720027053762e-10,1.0,2.0,2.0,0.7704147317796699,0.9469644566427626,0.8317968182863917,0.34956793704968414,0.6,0.39726216895416355,0.27218115740210713,0.6,0.7629486894600092,0.1776095680714387,1.0,0.07855315871376652,0.17601948776281157,0.08531739706121436,0.6,0.2,0.3373288334316446,0.12460120255446436,0.8115999773551679,0.1677392543585618,0.15952679209080736,0.004901271299407908,0.2543225842980091,0.2,0.42519768474473796,0.16456386522788757,0.8418565777091047,0.08114002460064336,0.41150581333438047,0.025952360667356483,0.4,0.8,1.0,0.004987382006807096,2.0,0.22145260796305502,0.4,0.34894862402251847,0.0,0.211274241467928,0.0,0.04258027392029103,0.0,0.023699348838005993,0.0,0.04108324079086048,0.0,0.6,0.0,0.8406817188752012,0.0,0.0,0.24002722002553173,0.0,0.0,0.6584461195825997,0.6,0.0,0.2389818867843275,0.0,0.3108258390421091,0.0,0.4511385449389168,0.6096953237546705,0.04120443142584115,0.0,0.9317291378136815,0.0,0.8,0.31825507735057723,0.3665042311979428,0.0,0.6931935316881359,1.0,0.2,0.0,0.39302976987151106,0.0,0.04099729863558298,0.0,0.14937198605820326,0.9681384886158384,0.06146051540817921,0.00044581566520254085,0.0,0.8,0.0,1.0,0.5998029707879073,0.437900962373572,0.0,0.46727467406974477,0.0,7.200656152302155e-08,0.7988493723266081,0.011627466133166,0.999999999991143,0.0,1.0,0.0,0.0,0.0999920919612381,0.0,0.776247051151172,1.836284811299863e-08,0.0,0.0,0.0,0.0,0.09999999999790686,0.0,0.099891443625457,0.09993851707646928,0.9539893387777156,0.964969745530778,1.0,0.7397090989275219,0.9370997566873449,0.8173332657221226,7.0,17.0,0.2427745664739885,0.16666666666666669,1.0,0.0,0.0,0.0,0.0,0.0,0.0,0.0,0.0,0.0,0.0,0.0,0.0,0.0,1.0,0.0,0.0,1
VAR_002933,0.0018603089927547501,2.9127821930344888e-18,1.3110651421673375e-10,0.00015102777443486636,0.01828995780386249,0.0489257256921433,0.0011021063988166722,0.00041788641160019936,0.012601457099276884,0.023818636768192288,0.013622192029727174,19.0,0.6419349081192098,0.23440809368385018,0.3631126379241795,0.05875052803033539,0.21135384261399812,0.42183432214843863,0.2168995711155588,0.2,0.4,0.02029398906149117,0.45530246876237257,0.4,0.4,0.6,0.9772357593761043,0.2600190686540337,0.03988839084642341,0.4,0.0003253723711117374,0.011699362811262663,1.0,0.0348593954670802,0.8,1.0,0.8,0.8,0.4,0.4,0.038060853171566086,0.8,0.7504230594463864,0.2119635065855654,0.6,0.8,1.0,7.0,0.03823305908684128,0.4,1.0,1.0,0.884968579565659,0.9713161851553667,0.7832023310150065,0.0,0.8911280128964183,0.013861087865851,1.0,0.0,1.0,6.4182185245668425e-09,0.0,1.4170848409826092e-09,0.0016210635865362,0.0999857727495745,0.0,0.0,0.0,0.5060671838397112,0.0,0.00012126805715709953,4.438578040804782e-09,3.377559145493509e-06,0.7760590555402506,0.8223611738099285,0.0,0.2001742293510934,0.9349308481123773,2.5025826520988425e-07,0.0,6.643191770376e-15,0.0735524507542746,0.0,0.8,0.16041460642411617,1.0,0.010034726030278938,0.9628145124967464,0.6762998994421237,0.0,2.8038035533999247e-06,0.0,0.095348766039689,0.0,1.1442646999920433e-10,0.0,0.043990243428126886,0.0,0.2651450488338372,0.0,0.0,0.0,0.0,0.9000688392220597,0.0,0.0,1.0,0.0,0.0,0.5267390094129937,0.0,0.8408152496524084,0.0,0.1745467207600667,3.087533230685425e-06,0.0999998298695317,0.0,0.3044160249246816,0.0,0.3748568972357234,0.999983267709583,1.0,0.0,0.084583213970311,0.0,0.0,0.0,0.0,0.0,0.0972160432348908,0.0,0.1892943156185041,0.980474187032031,0.0896789806463049,0.002616979375470165,0.0,1.0,0.0,0.0,0.9942750446756681,0.0,0.0,0.999999989800048,0.0,0.0013796737632498668,1.0,0.7672473588031641,3.347558904975859e-05,0.0,0.1064570054048877,0.0,0.6619711078023943,1.4267685523966996e-11,0.0,0.008898179236343,0.0219334832503683,0.0,1.0,0.0,0.0,0.09999776726568796,1.0,0.09999999999998,0.004096017636721184,0.9978247834361236,0.9859423455469788,0.9986299112188682,0.5383203216596761,1.0,1.0,9.0,13.0,0.017341040462427793,0.0,0.3333333333333333,0.0,0.0,0.0,0.0,0.0,0.0,0.0,0.0,0.0,1.0,0.0,0.0,1.0,0.0,0.0,0.0,0
VAR_002965,0.003356865380142092,6.547880040054796e-07,3.951770080878667e-13,0.025832520339878633,2.2520835205149212e-10,1.5528584153674973e-08,0.0037892778946342284,0.002725413889351979,0.000980300076406647,4.664286940626904e-06,0.007444868283755794,28.0,0.703485587168228,0.23159152323835003,0.41291025430448525,0.04846108151937048,0.4012534394490677,0.24082612142685877,0.4177331538511095,1.0,0.0,0.0999999999997906,1.0,1.0,1.0,0.0,0.0,0.0009887847915343,0.0001871019231668,0.1753401611419229,3.0647326663496694e-17,1.746708445309547e-05,1.0,7.91894913846494e-17,0.0,1.0,1.0,1.0,1.0,0.0,0.0999946394627555,1.0,1.0,1.0,0.0,1.0,1.0,3.0,0.1,0.0,1.0,1.0,0.8609742112919874,0.975232235472794,0.8489299253656679,0.0,1.0,2.8277805280268734e-05,1.0,1.0,0.0,1.1911981091256367e-05,1.0,9.110213805180324e-08,1.873047609846703e-06,0.0003401397427274,0.0,0.0,0.0,0.0999995400350538,1.0,0.0004523649633017995,0.0763918744644068,0.0029678065319137833,0.0,1.0,0.4869947256067494,0.07356404223723338,1.0,0.00021128178187463273,0.1169934641769994,0.0010295142034878,1.0,1.0,0.0,0.0014219284609463473,1.0,0.005541544920889418,0.7859740958713834,0.548165526629729,0.0,0.380920345461485,0.0,0.03671716959833924,0.0,0.44078352745286364,0.0,0.06088191463784194,0.0,0.12567028292805896,0.0,1.0,0.0,0.0,0.18152014821611082,0.0,0.0,0.8,0.8,0.0,0.4331704888528839,0.0,0.0011587857034909802,0.0,0.3422277673072016,0.20655080256233782,0.04374354134323248,0.0,0.8,0.0,0.9760542587957571,0.3935398739031275,0.5390702199749219,0.0,0.2829407459720827,0.6,0.6,0.0,0.6282675646425986,0.0,0.06496743165329145,0.0,0.6860705142456546,0.6469876089720877,0.04125573130080089,0.011096839193275334,0.0,0.6,0.0,0.6,0.8092332772084017,0.5545348413772183,0.0,0.8522951092345731,1.0,0.003229136009725813,1.0,0.9151491100738619,0.9251564597631979,0.0,0.6912861077365807,0.0,0.0,0.09831894182286313,0.0,0.9999981405506669,0.0874460115526785,0.0,1.0,0.0,1.0,7.296468993659176e-06,0.0,0.0999029554461514,0.09999999999498889,1.0,0.2375910036549622,0.9808322621176,0.9354994732335017,0.9834955526069032,0.9777964036099561,21.0,1.0,0.34104046242774566,0.5,0.6666666666666666,0.0,0.0,0.0,0.0,0.0,0.0,0.0,0.0,0.0,0.0,1.0,0.0,0.0,1.0,1.0,0.0,1
VAR_003024,0.11199339441793638,5.916156367003564e-09,0.03184714087708434,1.1671969691503879e-18,0.004295729479385287,0.03593119891003942,0.11095897651129831,0.07142838177267664,1.4311297932025595e-18,6.830819194981987e-07,0.02458526300402612,16.0,0.7148582410280839,0.2043913421544336,0.19313105675376754,0.2330723733389214,0.05165258927162583,0.4018357139295047,0.4189755235560253,0.0,0.0,0.0977129122491289,1.0,1.0,1.0,1.0,1.0,0.9995154505729718,0.9986703054989038,1.0,9.850636556755393e-05,4.50142931462022e-05,1.0,0.0217965607527343,1.0,0.0,1.0,1.0,1.0,1.0,0.0093246102089928,1.0,1.0,1.0,1.0,1.0,1.0,3.0,8.366833259523528e-08,0.0,2.0,2.0,0.9461697686529318,0.9226193517840741,0.8480905863312111,1.0,1.0,0.997613173340665,0.778111434285481,1.0,1.0,0.467363916376513,1.0,0.0765659814944409,0.33382,0.1586721283903091,1.0,0.3087363248090582,1.0,0.1003138501835042,1.0,1.0,0.5138199998085526,0.014148227935927427,1.0,1.0,1.0,0.2501618839211237,1.0,0.13365000000000046,1.0,0.1121400000485342,1.0,0.0,1.0,0.14675987182509762,2.0,0.17719888227897662,1.0,0.296422893411533,0.0,0.0999981451334824,0.0,0.0247318883028997,0.0,0.0999999999979339,0.0,0.0010411167382608623,0.0,1.0,0.0,1.0,0.0,0.0,0.0999999860976743,0.0,0.0,1.0,0.0,0.0,1.0,0.0,0.6931471523634555,0.0,1.0,0.999995772368038,0.0077798917734716,0.0,1.0,0.0,1.0,0.003018375247971,0.0,0.0,1.9056597517149168e-18,1.0,0.0,0.0,0.218054686470571,0.0,2.955071014101087e-08,0.0,1.0,3.095925963091283e-16,0.007865023331506286,0.0030770267110493145,0.0,1.0,0.0,1.0,0.748298430139291,0.0,0.0,0.9855227465798507,1.0,0.10305072835011954,1.0,7.048901330437706e-05,0.999999997851876,0.0,0.4091275809633725,0.0,1.0,8.257487394852452e-05,1.0,0.999999999963964,0.0001429968296261,0.0,1.0,0.0,1.0,4.3353425988330665e-12,1.0,0.0999999999864444,0.00042786908168908474,0.978008283630734,0.9555492232022909,0.972036323273423,0.6011815832662223,0.9296974449779646,0.8144289097787647,16.0,16.0,0.5375722543352601,0.6666666666666666,0.3333333333333333,0.0,0.0,0.0,0.0,0.0,0.0,1.0,0.0,0.0,0.0,0.0,0.0,1.0,1.0,1.0,0.0,1
VAR_003029,0.0023596470954873323,0.0005664855228280823,0.0003437690659684108,0.01588146727713237,0.02823013480334584,4.400046073574803e-15,8.984945040659248e-12,0.003223702513000418,0.0010226472777354171,0.02412505984245647,0.018002196563903394,13.0,0.538449320950982,0.35562772738497356,0.588292334517526,0.23347736916624792,0.42991041300805727,0.25899172299428913,0.05580373037061028,0.0,1.0,0.000184027938829,0.0,0.0,1.0,0.0,1.0,0.0009999070874975,9.709620627517944e-05,0.4153611719478541,0.0153939589836381,0.020169311413753842,0.0,5.97914784482073e-14,1.0,0.6,0.6,1.0,0.5483541812367234,0.6,0.2199515782961765,0.6,0.8,0.4,0.8,0.8,1.0,7.0,0.08232322676748206,1.0,3.0,3.0,0.8764734278768012,0.8670805276555383,0.4821991350530862,0.6,0.2,0.8015348567498051,0.0,0.4,0.2,0.5779202757222948,0.8,0.09229597920920338,0.36185318548154033,0.03518469873268813,0.416320415929862,0.6,0.18372011606689415,0.22414001045980386,0.6,0.23077211350935606,0.22661464100725878,0.006362442508292157,0.24214260166117207,0.4828325900730376,0.0,0.04161729618105069,0.2,0.3177405343149302,0.05079336335829297,0.14815020084304992,0.6204759005915084,0.6,1.0,1.203788784018972e-08,3.0,0.014945014052684277,0.6,0.4,0.0,0.22358608073174588,0.0,0.0771196015544932,0.0,0.23712971603858457,0.0,0.23891705758940746,0.0,0.471217147398497,0.0,0.4692728444009212,0.0,0.0,0.03975312790593494,0.0,0.0,0.8,0.8,0.0,0.2,0.0,0.3922690796845643,0.0,0.6,0.8104564852395011,0.2674225896813558,0.0,0.4939836118266546,0.0,0.8,0.46467231727262803,0.2351375609598468,0.0,0.8156803022556143,1.0,0.33000831134696373,0.0,0.36173345729766193,0.0,0.07991123500242724,0.0,0.4564407735786299,0.7449076121786959,0.253751198339937,0.1817990367183401,0.0,0.9317322013720375,0.0,1.0,0.77564369095578,0.1286490550717789,0.0,0.6567827682168047,0.0,0.0018439652565072073,0.0,0.999939953220939,0.9999129353656989,0.0,0.2919046685693124,0.0,0.4533771317239743,0.09999361981666471,1.0,8.228334643723522e-11,0.0999991299427146,0.0,0.0,0.0,0.0,0.09999999999999526,0.0,8.396044499364801e-14,1.8510584095103983e-11,0.8726246807738008,0.866200468279128,0.1118562070139846,0.29819299320576276,0.584204986575269,0.4656315187374901,0.0,5.0,0.17341040462427754,0.33333333333333337,0.3333333333333333,0.0,0.0,0.0,1.0,0.0,0.0,0.0,0.0,0.0,0.0,0.0,0.0,1.0,0.0,0.0,0.0,0
VAR_002930,0.0245611432452212,4.4475137139492483e-11,0.035479012187024886,3.6465563597906894e-05,4.4232541938493436e-05,4.037253217087078e-08,0.0021767636538798786,1.070251199176938e-06,6.039244958254344e-05,0.02439866815708668,0.00047957240899140465,16.0,0.6800044086079646,0.27947805025039224,0.19628704381973788,0.05918424972321511,0.4113538426139981,0.4018343602913801,0.20652042866333492,0.2,0.4,0.006547602566321109,0.6553024687623725,0.6,0.2,0.8,0.9772357593761043,0.26001906865399305,0.04004182105921143,0.4883864599475841,0.00040941199024524126,0.02185925160974608,1.0,0.03485795729951614,0.8,0.0,0.0,0.0,0.0,1.0,1.969996242334989e-15,0.0,1.0,0.0,1.0,0.0,1.0,3.0,7.781042333921898e-12,1.0,1.0,1.0,0.8337233468434948,0.9624970925237604,0.8686700685468189,0.8,0.6,0.4207703415269712,0.23846359139595869,0.8,0.45233829400825165,0.23997958634320932,1.0,0.15089366515193237,0.2670053525501166,0.12597295759533308,1.0,0.8,0.4843534748128209,0.20359989829733963,0.5714017007172453,0.25037415867477975,0.12288793085857871,0.004672943313884717,0.6493643269600157,0.4,0.40512525481143075,0.26418392760127307,0.22218574550001585,0.06762195539775387,0.4096733584068627,0.24409067463972295,0.46214267395438124,0.6,1.0,0.12693393685251178,1.0,0.007237812783919422,0.8025573601353564,0.24087902022337465,0.0,0.04031733285864557,0.0,0.043615608328745795,0.0,0.04982734822325498,0.0,0.02306443886395781,0.0,0.5400713719125294,0.0,0.6,0.0,0.0,0.2392475067036785,0.0,0.0,0.8213806333339253,0.6,0.0,0.5292943599550929,0.0,0.06830197274086952,0.0,0.4159594851951329,0.7538518744310265,0.047771949943103256,0.0,0.6,0.0,0.4,0.3297663539385714,0.3932362936289229,0.0,0.39957915395218435,0.9256444106270081,0.3261676128835443,0.0,0.25454499235628614,0.0,0.021867694914405832,0.0,0.5514055042081486,0.6379014278924545,0.05764366690529787,0.0003048303891296468,0.0,0.6702160715505199,0.0,1.0,0.5985888824976816,0.46873308244737794,0.0,0.29250782405895975,1.0,0.0013796348412862002,0.0,0.45523836888707897,0.9606334812789199,0.0,1.0,0.0,1.0,0.09999925218109787,0.0,7.298614365533929e-05,1.3490659440302875e-09,0.0,0.0,0.0,0.0,0.09998978319692056,0.9626252130434576,0.0876671418487717,0.006691811681366284,1.0,1.0,0.9531273178477028,0.967589524243365,1.0,0.9758543500238834,11.0,14.0,0.16763005780346824,0.0,0.6666666666666666,0.0,0.0,0.0,0.0,0.0,0.0,0.0,0.0,0.0,0.0,1.0,0.0,1.0,1.0,1.0,0.0,1
VAR_002594,0.012834127111595876,0.026328996094672773,0.032752800200231934,8.765786747729373e-06,0.00806193918102559,2.0744879057078784e-06,0.005958952081685563,0.020913012503920272,0.03717880262349917,0.3170245469939554,0.4483604352832202,0.0,1.0,0.49230772191870914,1.0,0.09730250258913353,0.013582691547470412,0.001234491538167474,0.0,0.0,0.1473394028253433,0.0009373526746498,1.0,0.0,0.0,1.0,0.0,0.0996128918533133,5.469977094052077e-09,0.0,0.0484959875738597,0.3193776573222391,1.0,0.0999999999999745,1.0,1.0,1.0,1.0,0.8936213930957055,1.0,0.999859825497329,1.0,1.0,1.0,1.0,1.0,1.0,0.0,9.727693641339295e-21,0.0,2.0,2.0,0.8502685398237984,0.5360976468068305,0.6478108275919728,1.0,1.0,5.443853698487092e-05,0.0,1.0,0.0,0.2764803997226857,1.0,0.3771382176668373,0.2369679511263668,0.0026158877409425,1.0,1.0,1.0,0.709403891776729,1.0,0.1104614397588735,0.2348196481364377,0.011740774560795796,1.0,1.0,1.0,1.0,1.0,0.13995999941613607,1.0,1.0,1.0,1.0,1.0,0.07720528071844544,2.0,0.30662893389803936,1.0,1.0,0.0,0.0349030729579023,0.0,0.079859108290021,0.0,0.992839392323962,0.0,0.0997279931504456,0.0,1.0,0.0,1.0,0.0,0.0,0.9999991637402236,0.0,0.0,1.0,1.0,0.0,0.5554435859492941,0.0,0.269691238836693,0.0,0.9558093602929748,0.9999969503369,0.0999999999999894,0.0,1.0,0.0,1.0,0.22772216090324,1.0,0.0,0.999999998675682,1.0,1.0,0.0,0.0,0.0,0.0014679148623016,0.0,0.0,0.033574997495293,0.09999911405905111,1.3071221509096982e-14,0.0,1.0,0.0,1.0,0.999997425250569,1.0,0.0,0.9999969479999259,1.0,0.01527130384587235,1.0,0.106092439982456,5.0781120523210663e-14,0.0,0.4026695157968618,0.0,0.0,0.00010280666344309128,0.0,0.02943361257611,0.012793565955437,0.0,0.0,0.0,0.0,0.09999993288613207,1.0,0.0999994164197767,3.296865108932809e-05,0.9530501272593196,0.7023414332840332,0.0,0.16761977506797676,0.29613988142821535,0.4111992416068635,16.0,8.0,0.5549132947976879,0.5,0.3333333333333333,0.0,0.0,0.0,0.0,0.0,0.0,1.0,0.0,0.0,0.0,0.0,0.0,1.0,1.0,0.0,1.0,1
VAR_002575,0.011334412405114243,0.09497081850538919,0.08851618623065864,0.00035730826334357067,0.009788564973522791,0.03924226817798457,0.008314330483400608,0.005441213350430296,0.008567758615701731,0.046785524673772526,0.10334727598295158,8.0,0.6419349081192098,0.14794916297975785,0.21800912302219616,0.23875049365060755,0.23059771152048164,0.24000221563796725,0.2358048785378724,0.4,0.2,0.07603634290485892,0.6394243024059019,0.8,0.6,1.0,0.8,0.23644065546504836,0.020298542621409458,0.3733854907798205,0.06010127539513517,0.016604353930440487,0.6,0.002800515163016711,0.2,1.0,0.0,0.0,0.3024356492982538,1.0,6.854753662884303e-08,1.0,1.0,1.0,1.0,1.0,1.0,3.0,0.0926082052143929,0.0,1.0,1.0,0.7457808500043641,0.9382520993300953,0.8365285076211706,1.0,1.0,1.600019882805069e-05,0.0,1.0,0.0,0.0938657693497683,0.0,0.0490942429667175,6.3853976282256675e-06,0.0998879089285991,0.0,1.0,0.3168732032724946,0.0999971045320384,0.0,3.8736795108071464e-06,4.313858792184148e-08,0.0006084196366322586,0.6153113264554295,0.0,0.3085624774197,0.09999999999999473,1.0,0.09999939664967106,0.0,0.0971583048707621,0.0,0.6340086416177835,0.6,0.12147553251608322,1.0,0.0004318903222350156,0.8,0.33461757111853296,0.0,0.2378096259098097,0.0,0.04363472298351654,0.0,0.20888148095578124,0.0,0.035922466597521484,0.0,0.5914943328759239,0.0,1.0,0.0,0.0,0.24029537739255483,0.0,0.0,0.768480013213111,0.7450258971587458,0.0,0.7194604150091022,0.0,0.21000456603499362,0.0,0.47886315199195273,0.5987297587764405,0.02020910492871483,0.0,0.7033666173353564,0.0,0.8,0.40978387372532477,0.6639430789813171,0.0,0.5957627516065294,0.8,0.25831132413114466,0.0,0.43899974550601006,0.0,0.020834058296075826,0.0,0.4134690102498146,0.6755642806054558,0.07996322057854123,0.01983813943434707,0.0,0.6545550563355763,0.0,0.6,0.40000170862795204,0.3658304321362633,0.0,0.6618964429005747,1.0,0.009297739855519915,0.4,0.39226665354906715,0.40104611830109815,0.0,0.3295339520255557,0.0,0.4,0.014414521978356831,0.4,0.27418401712454715,0.039939868327795794,0.0,0.4,0.0,0.5321589105322306,0.03607801010420449,0.1722300285884729,0.059999615181179876,0.008783822139831544,1.0,0.998982169347617,1.0,0.883502931661631,0.9639924308621388,0.9453909718692295,9.0,19.0,0.17341040462427754,0.16666666666666669,0.3333333333333333,0.0,0.0,0.0,0.0,0.0,0.0,0.0,0.0,0.0,0.0,0.0,1.0,1.0,1.0,0.0,0.0,1
VAR_002795,0.122039691507291,7.270652449780807e-07,0.1470270124360869,0.003383653373086937,9.187483754926228e-05,3.4873623603436626e-05,0.1251702823206311,0.05356859090647389,0.015390711669149052,0.0035355603171095527,0.3441026332967243,23.0,0.6800044086079646,0.33205066863426563,0.19628704381973788,0.07248649218750376,0.23135372012854305,0.4218343609538152,0.4000599885411503,1.0,1.0,2.5317467791237885e-07,1.0,1.0,0.8687984488073047,1.0,1.0,0.0999997019182866,1.8302542313552147e-05,0.0004879814278865,0.0999999968421912,0.16070474161614234,1.0,0.0999880831292166,1.0,1.0,1.0,1.0,1.0,1.0,3.7247109317460204e-19,0.0,1.0,1.0,1.0,1.0,1.0,1.0,0.0001213630697576,0.0,2.0,2.0,0.8438022259567985,0.9765194526154385,0.8546677593649099,1.0,1.0,0.00030828024184961767,0.0,1.0,1.0,0.652329992468874,1.0,0.3808516238390869,0.5114784751372681,0.2098899446002156,1.0,1.0,1.0,0.020088000039258,1.0,0.5917500070911373,0.3127651303894536,0.009437758757949239,1.0,1.0,1.0,1.0,1.0,0.14243499999915757,1.0,0.3620612427947413,1.0,1.0,1.0,0.20864183443195053,2.0,0.04215463396877195,1.0,0.0,0.0,0.9000000073288228,0.0,0.0030523599998292,0.0,0.0131521767334553,0.0,9.848439397668791e-12,0.0,1.0,0.0,0.203408594376006,0.0,0.0,1.0,0.0,0.0,1.0,1.0,0.0,1.0,0.0,0.5397592723398352,0.0,1.0,0.071064276412601,7.673991822400902e-10,0.0,1.0,0.0,1.0,0.001473986871036,1.0,0.0,0.9999006483092041,1.0,0.0,0.0,1.0,0.0,0.0999999999245137,0.0,0.7468599302910163,0.994252404732942,1.9265640984583548e-07,0.0009658722146530802,0.0,1.0,0.0,1.0,0.996281034407453,1.0,0.0,0.9999989060772189,1.0,0.11821312946708623,1.0,5.5953721595337436e-06,0.994019138216051,0.0,1.0,0.0,0.6290728894844613,0.09999999969023238,1.0,0.9914230284768639,3.405597226188939e-07,0.0,1.0,0.0,1.0,0.05301566976656495,1.0,0.0867790386893322,0.09936734220522689,0.9575665314824982,0.465341979944581,0.9965194097110988,0.8067209912615871,0.8929987193450676,0.8115957897659705,5.0,10.0,0.4566473988439307,0.6666666666666666,0.3333333333333333,0.0,0.0,0.0,0.0,0.0,0.0,1.0,0.0,0.0,0.0,0.0,0.0,0.0,1.0,0.0,0.0,1
VAR_002932,0.010416057663065852,3.335198968803833e-08,0.02940540263047256,3.840269336359379e-07,0.08589483943191832,0.05399639807817456,0.010282792141629998,0.012195043805555222,4.5401953891654116e-12,0.00015116185075168484,0.041912427815913575,20.0,0.6800044086079646,0.23033904272807232,0.19628704381973788,0.2387505280388954,0.2305977115215113,0.4018357139295604,0.21897813555886428,1.0,0.0,0.0999999999990042,0.7376584349247138,1.0,1.0,1.0,1.0,0.0052563511257625,0.0999999999999999,0.0,0.0292891054737067,6.451630122784237e-05,1.0,5.603234389624829e-07,1.0,1.0,1.0,0.0,0.0,1.0,0.0658370470606456,0.0,1.0,0.0,1.0,1.0,1.0,5.0,0.0631066010360593,0.0,3.0,3.0,0.8264718782263989,0.9766853615225136,0.760702384895257,0.0,0.0,0.9981738539609961,0.0,1.0,1.0,0.0999938059720802,1.0,0.1489176381626033,0.0999999996512447,0.1322215822621753,1.0,1.0,0.0,8.786816925357303e-08,1.0,1.0,0.4679171786671247,0.016035567470734462,0.0,0.0,1.0,0.004219316465831479,0.1368475947795362,0.09510443205555105,0.1198370357577999,0.0999996430305613,1.0,1.0,1.0,0.030631845209974196,3.0,0.01969202117460213,0.0,0.0,0.0,0.0339578331631525,0.0,0.0051638984568215,0.0,0.0999638319522333,0.0,0.0990764559860528,0.0,1.0,0.0,1.0,0.0,0.0,0.0999734268242343,0.0,0.0,0.0,0.0,0.0,1.0,0.0,0.0,0.0,0.0,0.0006450922820448934,0.0217343363206782,0.0,0.8922829211425811,0.0,0.0,0.924898169501221,0.0,0.0,0.983984574845506,1.0,1.0,0.0,0.4967021243486051,0.0,0.0003513683129507,0.0,1.0,0.9999999999820209,1.102479095841723e-08,9.812925518018408e-05,0.0,1.0,0.0,1.0,9.903473833695569e-05,0.566838335143279,0.0,0.00201166799032028,1.0,0.054576371074027206,1.0,0.998801925697877,0.961879953411926,0.0,1.0,0.0,0.0,0.009716014328594034,0.0,0.878055994199471,0.0018891421080998,0.0,1.0,0.0,0.0,0.07841088802304795,1.0,7.209579834125422e-05,0.07995734573104568,1.0,0.9899733714923692,1.0,0.7741347980571462,0.961111630372575,0.9639150433936051,14.0,21.0,0.5317919075144509,0.33333333333333337,0.6666666666666666,0.0,0.0,0.0,1.0,0.0,0.0,0.0,0.0,0.0,0.0,0.0,0.0,0.0,1.0,0.0,1.0,1
VAR_003031,0.06479708702783224,0.004326314837695706,0.029536221587945003,0.20295139904210835,0.329029838286314,0.023588357969302684,0.0477862778016155,0.0792422407778953,0.06071167081071834,0.1623361351258249,0.2929390778983838,8.0,0.7384493209509819,0.3419353966558733,0.41800912302219606,0.22241937208237078,0.24907038400742493,0.2599999631803075,0.21940701799609053,0.4,0.23968084483173052,0.019789520122564592,0.29957854303256815,0.6,0.6930796508626751,0.6,0.8,0.4068589432371832,0.020021476979449854,0.4178711766928572,0.0231872337306779,0.08931635670452819,0.8,0.021942048833483455,0.8887006622010624,0.2,0.4,0.6,0.6520111201665394,0.6,0.27999564436838387,0.8,1.0,0.4,0.4,0.8,1.0,7.0,0.4393377761945373,1.0,2.0,2.0,0.9728962200872631,0.9056740481713631,0.7732367193054658,0.8,0.6,0.4106050770168833,0.2,1.0,0.2,0.10040359584284528,0.2,0.07678773517914023,0.07532465479916069,0.04221422663609024,0.2,0.6,0.2,0.09082150806770056,0.6,0.014128340976281618,0.04002695624864717,0.004411075762837874,0.19117531584972117,0.4,0.07694469338225024,0.12524316737585142,0.8,0.08823589405616429,0.31151391788693383,0.16500984888052211,0.27138605434902385,0.4,0.8,0.11398661229505347,2.0,0.03184368415593288,0.5736209232692187,0.06264436380840875,0.0,0.24046998355902138,0.0,0.24004297876107952,0.0,0.24866680240202968,0.0,0.02252389817198994,0.0,0.671217147398497,0.0,0.6466110332162927,0.0,0.0,0.2028046778586427,0.0,0.0,0.8,0.42345096990620706,0.0,0.420698738343295,0.0,0.35420752630642044,0.0,0.5355076503946763,0.5306904712636161,0.04711062035921776,0.0,0.6774663456616983,0.0,0.4,0.4031722667573058,0.3100206762257013,0.0,0.5716380455609585,1.0,0.5300083113469637,0.0,0.2,0.0,0.2669168317667098,0.0,0.6124317197496757,0.6031452824901492,0.04548968704573365,0.00012598257213212254,0.0,0.8,0.0,0.68221554072664,0.8950989752248255,0.381835092813484,0.0,0.5618837147980799,0.6,0.0037858643067065208,0.513008070511589,0.5563678798179224,0.3936432598107219,0.0,0.26994257674020783,0.0,0.49111830789786237,0.07158059030373341,0.6,0.42285345578946465,0.05606995442433854,0.0,1.0,0.0,0.6,0.03995725694997486,0.7230565252682739,0.06629872594513549,0.03264294117760155,0.8904002081846505,0.9179839473266526,0.0782770919897654,0.30190994393709086,0.5952315931439466,0.49902972614543734,0.0,14.0,0.2832369942196532,0.33333333333333337,0.6666666666666666,0.0,0.0,0.0,0.0,0.0,0.0,0.0,1.0,0.0,0.0,0.0,0.0,1.0,0.0,0.0,0.0,1
VAR_003117,0.004638744228703517,2.6265955225130005e-06,3.022810307931263e-10,5.158931257114435e-12,3.873825752413156e-08,7.151105033053068e-12,0.0005410950661853244,0.0003615375945850702,1.543807313746653e-08,0.39232619888018794,0.006137562280035347,28.0,0.703485587168228,0.23159152323835003,0.41291025430448525,0.04846108151937048,0.4012534394490677,0.24082612142685877,0.4177331538511095,1.0,0.0,0.098944106164089,0.0,1.0,0.0,1.0,0.0,0.0963555332081289,0.9000000026531935,0.0257004946104468,0.000435540085383,0.005471647568109703,1.0,0.0014469084611065,0.0,1.0,0.0,0.0,0.0,1.0,1.0485125116889701e-13,1.0,0.8390382005186399,0.3439166364420043,0.0,1.0,1.0,3.0,0.0920642896268122,0.0,3.0,3.0,1.0,0.5196878574495569,0.6083061887250255,1.0,0.0,0.00013825093306211097,0.0,1.0,0.0,2.7016232459298362e-05,1.0,0.0973907206283144,0.0999999970783331,0.0982343514781605,0.6545627521789121,0.1752239838052694,0.0,0.0769551261505638,0.0,1.0,0.3530877886031974,0.010735519151002312,0.0,1.0,0.0,0.08939497958664276,0.6664490688627179,8.720074457894712e-06,1.0,5.429045628320371e-08,1.0,0.0,0.0,0.006889578551424149,3.0,0.04184303544014801,0.2954189786427287,1.0,0.0,5.3463906329205424e-14,0.0,1.8380029363597005e-08,0.0,1.2490961546196343e-08,0.0,0.0972895054636152,0.0,0.2543052754637519,0.0,1.0,0.0,0.0,0.0008197340546101,0.0,0.0,1.0,0.0,0.0,0.070555069939822,0.0,0.0,0.0,1.0,0.9302628104304229,0.0184952082666497,0.0,1.0,0.0,1.0,7.611043709507387e-09,0.0402625188044124,0.0,0.859881707304443,1.0,0.0,0.0,0.1303020936917729,0.0,0.0999999999999928,0.0,0.0,0.16232086656218,5.940081328530974e-08,1.6563247182370103e-05,0.0,0.5903655115820828,0.0,1.0,0.993548509038748,0.0,0.0,0.9997865645995809,1.0,0.0016223386548254882,0.0,3.0161154897915943e-10,0.923187369549475,0.0,0.5753342486226377,0.0,1.0,0.09986525876455216,1.0,1.296566433783352e-10,0.0014115511410374,0.0,1.0,0.0,0.0,0.09999897238401126,1.0,0.092327370021184,0.09883456313658039,0.0,0.7268883012658918,0.0119700938160267,0.23696042133375267,0.5993342564911002,0.47055382371179433,19.0,9.0,0.7803468208092486,0.33333333333333337,0.5,0.0,0.0,0.0,0.0,0.0,1.0,0.0,0.0,0.0,0.0,0.0,0.0,0.0,1.0,1.0,0.0,1
VAR_003030,0.009665365529511218,0.004781494317200313,0.0015982976290988854,0.017266858977674382,0.13821893995102302,5.028699039129033e-07,0.027828393720244312,0.00380032743846382,0.02335684834738921,3.7701062713321987e-10,0.3372718444296634,7.0,1.0,9.265452439385924e-05,0.0,0.018338701291120862,0.09531522957570711,0.1000000032953789,0.912737358686982,0.2,0.19413089469949946,0.059759243076955224,0.4208398485063875,1.0,0.6,0.8,0.6,0.43682197153004887,0.024722102729757927,0.533041003484906,0.0558520025351507,0.06865551813830141,0.8,0.07007187328632078,0.8887006622010624,0.0,0.0,0.0,0.0,0.0,0.0999999999608118,1.0,1.0,1.0,0.0,1.0,1.0,6.0,1.0,1.0,3.0,3.0,0.8648852057460854,0.8698892281393844,0.49922902228425625,0.22940013578518315,0.6,0.6911982641162098,0.3962710153531585,0.6,0.16684805042310255,0.054132845386938556,0.8,0.05740636077090995,0.057588256317004906,0.04912411942066498,0.5764684335008503,0.8,0.09131396018172963,0.05951507278068916,0.4,0.15917754089394126,0.07710951959630262,0.002877010177313114,0.053276282936510856,0.2,0.2682149707528521,0.1024921800970751,0.4869689700763179,0.0578935179037362,0.1411110946183031,0.17826627599960443,0.47697003672080285,1.0,0.8,0.15169190018159778,3.0,0.13831274541300273,0.6061897580315575,0.28198078271872246,0.0,0.21706602993421664,0.0,0.20003666610764217,0.0,0.2508783546148207,0.0,0.019905325154728506,0.0,0.6560118051338233,0.0,0.6808808703002199,0.0,0.0,0.2000016695540292,0.0,0.0,0.6,0.6234509699062071,0.0,0.2,0.0,0.5289928526452851,0.0,0.4271222672755119,0.5416558620224309,0.028862017763179655,0.0,0.7320112316020595,0.0,0.2,0.6763381340311498,0.2726353756630199,0.0,0.2731203094084812,0.8,0.5898644738151161,0.0,0.26287682634573917,0.0,0.27865037989098,0.0,0.4854973752887043,0.7935315340440264,0.06638073506842028,0.002859653339500105,0.0,0.6,0.0,0.68221554072664,0.4961218452104598,0.381835092813484,0.0,0.5407538194818036,1.0,1.3439228686347058e-07,1.0,0.000102598852982371,0.35174031430408004,0.0,0.8259808246933242,0.0,0.0,0.09516687227720268,1.0,1.1194594889334603e-11,0.0908586634447862,0.0,1.0,0.0,1.0,0.09999763938232337,0.283512670952905,0.0694659917985588,0.09935184825900309,0.9128142245469244,0.894418779665985,0.0772693685754867,0.30482726027666346,0.6101596264098381,0.49238534228137626,0.0,22.0,0.6184971098265897,0.5,0.6666666666666666,0.0,0.0,0.0,0.0,0.0,1.0,0.0,0.0,0.0,0.0,0.0,0.0,1.0,1.0,0.0,0.0,1
VAR_002839,0.0006837432619761077,0.09452836991564652,0.0010661218821504273,0.0007407754183875023,0.02208611270770405,0.02620356858861623,0.008222664618547117,0.004404576153519451,0.008571293601149579,0.16538764360917557,0.04070177420949579,8.0,0.6419349081192098,0.14796769388463654,0.21800912302219616,0.06241823390027175,0.23041688852810982,0.26000086265886274,0.3994342032575549,0.4,0.039680844831730525,0.05963717608495058,0.6,0.8,0.6,1.0,1.0,0.4361899629927805,0.020049029970792553,0.3954116465946617,0.04018702563404305,0.09200746833669368,0.8,0.022682100307003135,0.4887006622010624,0.6,0.6,0.4,0.5124982500261901,0.6,0.05999565814427109,0.6,0.8,0.4,0.6,0.8,1.0,7.0,0.2381300539146319,0.6,1.0,1.0,0.8711555666161155,0.9653712099034018,0.8558629977854073,0.2,0.4,0.3987816760986458,0.4,0.4,0.2,0.04537590127305641,0.0,0.04415891667865633,0.03854454300970475,0.0974048728685872,0.2,0.4,0.4212606913219334,0.04790894072551839,0.6,0.13673409891078817,0.023769189092231472,0.007638576386297043,0.1395342148810665,0.4,0.11011515813760361,0.07970988644415877,0.2052334832763533,0.04043189283323714,0.29620355237729157,0.06565317566523629,0.3415019834433428,0.7268017283235567,0.8,0.22316680742319084,1.0,0.059396499798388847,0.6451123101867884,0.3798452118991219,0.0,0.2368247495426259,0.0,0.21999995751157636,0.0,0.031902493723619404,0.0,0.008821853079248003,0.0,0.6366479542710504,0.0,0.8905686442974441,0.0,0.0,0.4389591471335007,0.0,0.0,0.8,0.6234509699062071,0.0,0.4,0.0,0.2363350936220956,0.0,0.8257513449398342,0.5981554467508556,0.02249411957563842,0.0,0.8,0.0,0.6,0.48888652256920356,0.41841603820544354,0.0,0.5719235290570559,1.0,0.49855942624737787,0.0,0.4026077932603294,0.0,0.22133786486631496,0.0,0.4751338133777823,0.5999696943309506,0.05586101262095241,0.0002772727210809778,0.0,0.8702160715505197,0.0,0.68221554072664,0.5990335022712394,0.6816805677152776,0.0,0.36849243975169554,0.8,0.006697787284957987,0.2,0.36920562572270366,0.41305755142520284,0.0,0.24274175652247396,0.0,0.2,0.01161396930680272,0.6,0.2715960549900553,0.04096775608029802,0.0,0.6,0.0,0.3321589105322307,0.04028315940501808,0.2,0.0680439254767639,0.020479219738299897,1.0,0.9835032455858196,1.0,0.9461199629796305,0.9840509271114977,0.9521973344432062,6.0,19.0,0.2716763005780347,0.16666666666666669,0.3333333333333333,0.0,0.0,0.0,0.0,0.0,0.0,0.0,0.0,0.0,0.0,1.0,0.0,1.0,0.0,0.0,0.0,1
VAR_003124,0.0003943378602519475,0.08887875298273402,0.010913176685289704,0.02829781693761812,0.00167951907781377,6.498819346696336e-19,0.000544681439501993,3.919863817278454e-07,0.031209350236054315,0.16265211576068103,0.00432931716703349,16.0,0.611372653859856,0.20945698402059482,0.5634142682490976,0.2535237685209568,0.2137054483175059,0.4181838740966403,0.05895618594931335,0.7171693178729337,0.2,0.03977293758593744,0.2845519508636095,0.4,0.5879814185582279,0.2,0.6,0.09999811516673267,0.03994155871559667,0.07121533098119615,0.039978781845166275,0.00502933149415745,0.2,0.04102128298576403,0.6,0.6,0.6,1.0,0.8,0.6,0.2398188715758157,0.4,0.5440693364528636,0.8,1.0,0.8,1.0,7.0,0.02168679431272346,0.8,3.0,3.0,1.0,0.0,0.0,0.6874159341787898,1.0,0.3366570860295742,0.4754402923168676,0.8,0.232200700160171,0.36486823647086114,0.6,0.07909622412334379,0.33971589793545165,0.10541753525863859,0.8,0.6657933306809678,0.4,0.11164553326386469,0.4,0.21585899992338292,0.18893029147747006,0.010559612448748555,0.8,0.2,0.4474718632677102,0.11069692634778801,0.7852903025307519,0.06268725684176753,0.37250596607601494,0.07929642835867075,0.6,0.8,0.8,0.14456222494977297,3.0,0.0013954408051135639,0.0,0.0,0.0,0.0999998326435993,0.0,0.0902994794017705,0.0,0.0999999999999992,0.0,5.7995431668507465e-08,0.0,0.0,0.0,0.4,0.0,0.0,0.0001782394654654,0.0,0.0,0.0,1.0,0.0,0.0,0.0,0.4591060223355179,0.0,1.0,0.0002469729412384548,0.000156841769323,0.0,0.5118617353404038,0.0,0.171714302365504,0.9999991219426629,0.0,0.0,0.37388583993200997,0.1556785124375106,1.0,0.0,0.0908258305915585,0.0,0.0999999905397236,0.0,1.0,3.832678398124376e-05,0.030586904156780892,0.002279166306564228,0.0,0.3145591068574833,0.0,1.0,0.9758080251660061,0.0,0.0,0.03904436176998079,1.0,1.1351232531133122e-05,0.0,0.537437953177805,0.10639561137509201,0.0,0.0,0.0,0.0,1.6076798109474929e-06,0.0,0.9991983495583361,0.08803212632969,0.0,1.0,0.0,0.0,0.09644872045018807,0.0,0.0013351381108231,0.08745424198730728,0.0,0.6353150681631051,0.0063243430182143,0.17617622869689567,0.6056387266905797,0.41413524630737975,8.0,13.0,0.46242774566473993,0.6666666666666666,0.3333333333333333,0.0,0.0,0.0,1.0,0.0,0.0,0.0,0.0,0.0,0.0,0.0,0.0,1.0,0.0,1.0,0.0,0
VAR_003129,0.00036462735762121743,1.895218733743345e-20,0.0023805973809624273,3.282379568990462e-07,0.32330573499479254,0.0018534786390775823,0.0049294479751355435,0.01927356111559504,7.978505200725713e-11,0.16200082237863175,0.00018695640446158405,16.0,0.6800044086079646,0.4455917379301733,0.25118352891775453,0.2524864744934792,0.251353720122249,0.2400009008068456,0.4000649197423973,0.2,0.600614052275616,0.059761491839897186,0.4138703369218458,0.8,0.6518285049815206,0.6,0.8,0.0418619687395189,0.03772093366723115,0.4136774666441515,0.019997716271057116,0.08476224241463456,0.6,0.06051639604759722,0.8,0.6,0.4,0.8,0.5632121095277202,0.8,0.199549639742663,0.8,0.7896461609049747,0.4986905126927105,0.6,0.6,1.0,7.0,0.05991235178827128,0.6,2.0,2.0,1.0,1.0000000000000002,0.827419437531307,0.6,0.2,0.6495178276996966,0.36236097667101574,0.4,0.26566040067773217,0.19994703298946676,0.8,0.055575693784640744,0.10245102818634366,0.06018115871622631,0.8163204159298619,0.4,0.16375856836486533,0.2087369662238324,0.8,0.2774639992656567,0.3676433008485949,0.010854463912081369,0.38758987070342876,0.6643045031536248,0.18694444377040215,0.06389749580575975,0.4270387979768608,0.17526728882053347,0.04031700729923966,0.02648623891719056,0.4,0.4,0.5338615087417298,0.0364928128117343,2.0,0.047143066632483945,0.6,0.056187780900237815,0.0,0.07992924312673541,0.0,0.0785770757706161,0.0,0.25760411494966334,0.0,0.038620556943505524,0.0,0.4890274889482139,0.0,0.7249642296634433,0.0,0.0,0.020700161164576507,0.0,0.0,0.46353595214039434,0.6,0.0,0.1619308225433988,0.0,0.23943655924045032,0.0,0.2,0.6942055875787492,0.06722038781379563,0.0,0.7302250487805825,0.0,0.4,0.6788127581547025,0.36549547306575797,0.0,0.7908550946587625,0.8,0.23834176340218738,0.0,0.23161971532899864,0.0,0.059942179442300056,0.0,0.616778291304929,0.5804363211426444,0.05380151057145258,0.007889538269030185,0.0,0.8,0.0,0.8,0.999020930428028,0.18836583540393192,0.0,0.37506690208277094,0.0,0.00021792359691429438,0.50600793434026,0.018681737944406,7.60742922609123e-08,0.0,0.0,0.0,0.0,0.08294221608798852,0.0,0.999999608360752,0.0909516276142389,0.0,0.0,0.0,0.0,0.09999253838678486,0.7287149715059621,1.17343769870688e-06,0.09987318115160308,1.0,0.5222853648468645,1.0,0.5579654678247008,0.9494023581719699,0.7676822606408423,5.0,10.0,0.4566473988439307,0.6666666666666666,0.3333333333333333,0.0,0.0,0.0,0.0,0.0,0.0,1.0,0.0,0.0,0.0,0.0,0.0,1.0,0.0,1.0,0.0,1
VAR_002903,0.0008631853233733641,2.8868948918251385e-16,0.020625732961801962,0.06949109324346775,0.008061939180290046,1.2948995687584754e-05,1.3378021421699806e-09,1.2972709910533426e-09,2.0924970776504846e-06,0.024175507573684717,0.010014167044593916,13.0,0.611372653859856,0.34928878362087884,0.5158342812542861,0.2277996815859226,0.43096927326047063,0.2589917617996518,0.2576927098790444,0.3559503684238471,0.6,0.019809103263199457,0.0,0.4,0.787981418558228,0.4,0.8,0.07577147538766474,0.06001924270967905,0.28554427653438286,0.02305066336608632,0.006168410469468354,0.6,0.05992596796035267,1.0,0.6,0.6,0.8,0.6613147125424763,0.6,0.23995390543708792,0.4,0.6900366251953745,0.6,1.0,0.8,1.0,7.0,0.043637529339821096,0.8,4.0,4.0,0.7752990422774002,0.7375702076579456,0.5548126723731517,0.0,1.0,0.999999999936083,0.0,0.0,0.0,0.9879321796392324,1.0,0.0999956146277728,0.3562985726288283,0.0046913472497945,0.0,1.0,0.0,2.0474564439993426e-14,0.0,0.0011526924092482996,3.0880381846903634e-05,0.0015592513463473382,0.0,0.0,0.0,0.0051598019234180845,0.0,0.648704153584281,0.0,0.0998355016485465,1.0,0.0,0.4,0.11663000976717129,4.0,0.025120722243931463,0.6,0.5615873139449825,0.0,0.4235791640220429,0.0,0.07780666289794488,0.0,0.07705944014024418,0.0,0.04036630821924883,0.0,0.4,0.0,0.4,0.0,0.0,0.039569070845878865,0.0,0.0,0.8,0.4,0.0,0.4,0.0,0.3922690796845643,0.0,0.4,0.7031065242009729,0.04755557058117023,0.0,0.7760320269967025,0.0,1.0,0.19544706233714307,0.24595708843962125,0.0,0.6191972140355522,0.8,0.4,0.0,0.5851568584620348,0.0,0.05991123374872777,0.0,0.16304758411499068,0.5544582806237957,0.04179144682495593,0.001997155972524653,0.0,0.8,0.0,0.8,0.7777899941942727,0.3265584126324412,0.0,0.5112331621346184,1.0,0.0004598911552380432,0.0,0.991386587112823,0.034884779516619,0.0,0.1248589536982655,0.0,0.0,0.09999441777392583,0.0,3.5994013693347394e-06,0.1,0.0,0.0,0.0,0.0,0.00032587263706953493,0.0123530404708656,1.9790146244427226e-10,0.05435214987102938,0.9954187137537908,0.8806486448022329,0.999003538175352,0.24029762772672997,0.9577130983001623,0.4208629844367519,5.0,4.0,0.47976878612716767,0.8333333333333333,0.6666666666666666,0.0,0.0,0.0,0.0,0.0,0.0,0.0,0.0,0.0,0.0,0.0,0.0,1.0,0.0,0.0,0.0,1
VAR_003107,0.04609076631083451,0.006676474539669184,0.11179985770073579,0.0017785035796431896,0.0900833683196718,0.03983353672850917,0.03856137446555966,0.027839900021906665,0.0016436947293857823,0.16310701367072614,0.04433581991281511,8.0,0.8113726538598559,0.09730310890775268,0.19313105675376754,0.40300527092781296,0.049392749914892675,0.4189465696132055,0.24147762059250757,0.2,0.4,0.03880348898160292,0.13900284543847008,0.4,0.2973318676383578,0.8,0.4,0.06369508023384686,0.032465760214468474,0.39661650415517,0.0712630713629093,0.029988202744901455,0.6417744916943825,0.04237778118448239,0.6,0.8,0.8,0.8,0.6638055091024717,0.4,0.18535843125692633,0.2,0.8,0.6,0.8,1.0,1.0,7.0,0.02361135010034111,0.6,1.0,1.0,1.0,0.6477378359026935,0.6031759133082912,0.8,0.8,0.28405224788268346,0.4129605407590737,0.49822385912902567,0.5626356815508771,0.5416667562648996,0.8,0.07753814277423614,0.3190593113436465,0.0458958225524357,0.4,0.6287235977085829,0.4880797438590716,0.07574408271498363,0.6,0.09995550143642676,0.1173682355161965,0.007278606119408529,0.5378990329132103,0.5483787271399385,0.49241990243907185,0.04644437296701431,0.9639640703114134,0.46783719453398603,0.34023885364090517,0.042184106649759516,0.7434107259841463,0.2,0.6,0.05683858827133592,1.0,0.02391531088162369,0.5965056732907189,0.2,0.0,0.24719354220401293,0.0,0.001224149508709979,0.0,0.042983645067120844,0.0,0.033876956172742966,0.0,0.3500023476537024,0.0,0.6023995018662263,0.0,0.0,0.07068598065053791,0.0,0.0,0.8,0.4834249287904163,0.0,0.6587679157998962,0.0,0.2575455603192184,0.0,0.23447318277316107,0.3370638177627516,0.0870316134305137,0.0,0.6303144573407147,0.0,0.6,0.20003571244474827,0.22741190179845674,0.0,0.7930740194259084,0.8,0.29654624684831893,0.0,0.5545390623504896,0.0,0.027328709504301347,0.0,0.32373496380206246,0.48254318242181654,0.06577135908985124,0.049287641657410196,0.0,0.5294608764076748,0.0,0.8,0.3737307551911611,0.07859291566732349,0.0,0.5400278595940327,0.4,0.041897261000369036,0.25616525236288323,0.4121177797229952,0.1469795689121688,0.0,0.2803396199774495,0.0,0.6100063687211139,0.059169437319902714,0.6,0.32274556571256563,0.05968799369266038,0.0,0.9084794994171297,0.0,0.6,0.0009745153562551747,0.41433717835249945,0.02754969757894442,0.04016187388068153,0.9815567335426894,0.7918610582204941,0.4514943073274118,0.23014606531115805,0.651727339483136,0.4171302146894489,11.0,22.0,0.5028901734104047,0.6666666666666666,1.0,0.0,0.0,0.0,0.0,0.0,0.0,0.0,0.0,0.0,0.0,0.0,0.0,1.0,0.0,0.0,0.0,1
VAR_002708,0.005298582008102331,0.02101533905447155,0.016115063699819337,0.02061472524914147,0.04142692367622816,0.017329934071917595,0.0034161889328707274,0.001912308321654332,0.0323250384136021,2.1642929954547383e-05,0.024170126039532468,28.0,0.6800044086079646,0.33205066863426563,0.19628704381973788,0.07248649218750376,0.23135372012854305,0.4218343609538152,0.4000599885411503,0.0,0.5897536919674102,1.0613347501594105e-05,0.2983082318426029,0.0,1.0,0.0,1.0,0.0999976785393432,1.4956158863389961e-05,0.0,0.0999916554038601,0.02816692202314745,1.0,0.0999999977712926,0.0,0.4,0.8,0.8,0.2,0.4,0.04042850938546612,0.8,0.7599278985182896,0.7096101369212684,0.0,1.0,1.0,7.0,0.20174833151266328,0.4,1.0,1.0,0.8949693269334755,0.9661773698378048,0.8839416125968417,0.0,1.0,0.9999850301843329,0.0,0.0,1.0,0.0997172025583759,1.0,0.0005031088550585992,0.0935685385945563,2.8171726119268334e-06,0.0,1.0,0.0,0.0315231590689723,1.0,8.865181132416877e-09,0.0999999998824419,0.00021831328192499578,0.5058934847347549,0.0,0.2676806264132145,0.09999998866531423,0.446349880211507,0.0,0.0,0.0936534147401546,0.0,1.0,0.0,0.10264266871066027,1.0,0.007347062063642092,0.5925629024993493,0.6739218950035726,0.0,0.0203929246645111,0.0,0.04819377690853434,0.0,0.03920130511839153,0.0,0.06375109851980852,0.0,0.29108177562444854,0.0,0.6406817188752012,0.0,0.0,0.42001374647618783,0.0,0.0,0.6,0.33336351087579863,0.0,0.2507431549607679,0.0,0.3684500623867,0.0,0.2349093441520133,0.2649116649763963,0.23640213655785963,0.0,0.5521394484122379,0.0,0.8749713794471446,0.4117132408366394,0.40147607178960076,0.0,0.5711578354816319,0.5944803769741639,0.34758015106542345,0.0,0.08999419281113982,0.0,0.06027522499510154,0.0,0.03785886312370082,0.5973296689747623,0.054530744434561566,0.0007525407745513904,0.0,0.8,0.0,0.8,0.7987965998730623,0.47995748877420275,0.0,0.7864817949791602,0.0,4.240342760965097e-05,0.0,0.997257540869108,0.00010589160850397058,0.0,0.0627983920100346,0.0,0.1159355022571743,0.09999999908389068,0.0,3.6026596223639985e-06,0.0044529164738642,0.0,0.0,0.0,1.0,1.3402815402916335e-10,0.0,0.0008291501929342,0.006636153684777685,1.0,1.0,1.0,0.9710973623998069,0.9947889508225382,0.955966164476854,11.0,14.0,0.16763005780346824,0.0,0.6666666666666666,0.0,0.0,0.0,0.0,0.0,0.0,0.0,0.0,0.0,0.0,1.0,0.0,0.0,0.0,1.0,0.0,1
VAR_002702,0.02012333678750787,0.0012425899535406704,0.004093581261957624,0.08432580854892031,0.009114376577292816,7.86552239929682e-08,0.005411552346597164,7.714638089000215e-06,0.02501337614086793,0.12294504022119705,0.0013231951293804177,16.0,0.6767887405393292,0.10676729810889685,0.35995665085820916,0.04300414943141721,0.03147188876470906,0.42183432214502353,0.3994444308501162,0.0,0.0,3.2671656386626075e-05,1.0,1.0,0.0,0.0,0.0,0.0725113872752844,1.970538753752666e-17,0.2446039473655503,0.0020109147216044,9.05748895497048e-11,1.0,0.050682463802347,1.0,1.0,1.0,1.0,0.4532320426532982,1.0,0.0875752666772969,0.0,1.0,1.0,1.0,0.0,1.0,3.0,0.0064608959288598,0.0,2.0,2.0,0.8754148252521503,0.9307256817462759,0.8559887868146572,1.0,1.0,0.5109489093703691,0.9813550767657926,1.0,0.6712363388102454,0.099999979040698,1.0,2.7294613592678773e-14,0.0995919804153092,0.0355160584317934,0.882342167504252,0.0,0.0,0.0999997711337234,1.0,0.4569478806380606,0.2925616515639408,0.009992577711358124,0.0,0.0,1.0,0.0764472428817775,0.7364228681349418,1.5621711458446015e-09,0.0,0.0001135994885429,1.0,1.0,1.0,0.16189112938066855,2.0,0.006518104676240722,0.0,0.4176926779600143,0.0,0.0223664003450345,0.0,0.0001090697626971,0.0,0.0991765387897129,0.0,6.3580291030902425e-09,0.0,0.0568084528308164,0.0,0.7083624003953479,0.0,0.0,1.8556196986156542e-06,0.0,0.0,0.0,1.0,0.0,0.0,0.0,1.0,0.0,0.0,6.772788572997627e-05,7.501586519971773e-12,0.0,0.6600561580102977,0.0,0.0,0.938738774265572,0.1256337684313319,0.0,3.239443136785268e-05,0.0,1.0,0.0,0.1224458989653441,0.0,0.0984182881603761,0.0,0.1862932961783467,0.947582038877091,0.03383485434947729,2.0363749884470015e-05,0.0,1.0,0.0,0.0,5.4260338365318e-08,0.0,0.0,4.467442953466075e-11,0.0,0.004139682209792423,0.1483880164926011,0.50204249527641,0.004531426207921,0.0,0.0,0.0,0.2568332961192552,0.021045763111445098,0.0,0.9999999999830179,0.0999999999544356,0.0,1.0,0.0,0.0,0.09934131552801237,0.3200829889974488,1.0712464653448526e-06,1.7948851661982994e-05,0.3723240416861564,0.9723570353419948,0.991309635302875,0.3780788278356331,0.9058294996370535,0.6405842224734151,4.0,24.0,0.6069364161849712,0.0,0.3333333333333333,0.0,0.0,0.0,0.0,0.0,0.0,0.0,0.0,1.0,0.0,0.0,0.0,1.0,1.0,1.0,0.0,1
VAR_003212,0.0011918520395234103,2.553161908064703e-09,2.6166135332896175e-08,2.3175870099310227e-11,0.1401293466392676,3.247787987238352e-14,0.0019001376747982816,0.006397423856568866,2.566992453965805e-12,1.0247449325649407e-06,0.0020411755634641556,28.0,0.7148582410280839,0.1033168752316373,0.19313105675376754,0.4193364091817531,0.03167620851517183,0.39894746843436707,0.23897510491322277,1.0,0.0,0.001870576586403,1.0,1.0,0.0,0.0,1.0,0.001419705534215,0.0731580553308117,0.5300304147178686,6.997480596633842e-05,1.1149973956946929e-10,1.0,2.266070941401813e-09,1.0,1.0,1.0,1.0,0.0,0.0,0.0007743550610145,0.0,1.0,0.0,0.0,1.0,1.0,3.0,5.349707433475144e-12,0.0,4.0,4.0,0.030835295150750675,0.42054280029650926,0.22906943939284186,0.8,1.0,0.6056564367884256,0.7887575483816305,1.0,0.832200700160171,0.5885481485828704,1.0,0.1982017400577886,0.5379333808696556,0.11161639710705755,0.8,0.4,0.9162582635503849,0.2565167497128164,0.8,0.42972438231088417,0.38552488773045857,0.014575792617067233,1.0,0.7483787271399385,0.6753398365100535,0.24078502449079706,0.9560316707743677,0.04681549887676956,0.6,0.1629879523700453,0.6676073141869382,0.4,0.0,0.004950086571757735,4.0,0.00701761440928943,1.0,0.2369169774280447,0.0,0.0999987800239378,0.0,0.0958550004458255,0.0,0.0999934727927305,0.0,0.0998966766150973,0.0,1.0,0.0,0.0,0.0,0.0,0.0999060557736866,0.0,0.0,1.0,1.0,0.0,0.0,0.0,0.6902263383845808,0.0,0.6073536911120774,5.957987018569448e-07,0.0001122928825998,0.0,0.496710272555467,0.0,0.0,0.99999798010385,0.7565185285911363,0.0,0.668410884131527,1.0,0.0,0.0,0.0,0.0,0.0999324497101632,0.0,0.9081228169909163,0.009203332456408,0.09999999999999992,1.3424013687709665e-12,0.0,1.0,0.0,1.0,2.724473476028822e-05,1.0,0.0,0.999999999999496,1.0,0.0016551516258748247,1.0,0.996580119391621,1.21618853249237e-08,0.0,0.5166436422071973,0.0,0.8351673027345212,0.09999999813865268,0.0,0.366666758717851,0.0999947439186676,0.0,1.0,0.0,0.0,0.09999999999999977,0.0,0.0009061227064059,7.149831796664334e-05,0.0,0.0,0.0390189116683891,0.02374759373440949,0.03215752248155779,0.25553860682624596,12.0,22.0,0.6127167630057804,0.6666666666666666,0.16666666666666666,0.0,1.0,0.0,0.0,0.0,0.0,0.0,0.0,0.0,0.0,0.0,0.0,0.0,1.0,1.0,0.0,0
VAR_003174,0.01660229934054017,0.15037267594131415,5.544755011964136e-07,0.0,2.6908931060450443e-09,0.0010690677826236936,1.9221788428029436e-09,0.053762238315794214,7.345936649028101e-07,1.3963547024484716e-07,0.023314316987634393,15.0,0.7148582410280839,0.1033168752316373,0.19313105675376754,0.4193364091817531,0.03167620851517183,0.398947468434367,0.2389751049132227,0.7855606840062546,1.0,0.0998852075867072,0.0902389875175882,0.0,0.9224636475394332,1.0,0.9115503835906394,0.0847246507284295,0.0999999904963384,1.0,0.0994984576552239,0.0,0.0,0.0776908857788541,0.0,0.0,1.0,0.0,0.9312647537361732,0.0,2.5885184773720914e-09,0.0,0.0,0.0,0.0,1.0,1.0,0.0,1.9551653164339618e-07,0.0,3.0,3.0,0.764398380527215,0.8811247983100087,0.6950356984905219,0.0,0.0,0.73905152679812,0.0,1.0,0.0,1.0,1.0,0.0999999999996903,1.0,0.096950341132508,0.0,1.0,0.0,0.0882410095730575,0.0,0.0199158540718883,0.7189205760461237,0.024573241957897632,0.0,0.0,0.0,0.11845742633299003,1.0,0.17835815643163966,0.0721742286562869,0.0586216247426705,0.0,1.0,1.0,0.024750269575618003,3.0,0.02212382771025529,0.2712485342627931,0.940953648001689,0.0,0.0007980644885546,0.0,0.0122056664037059,0.0,0.0999999652633077,0.0,0.01763655906925867,0.0,0.0,0.0,1.0,0.0,0.0,0.0066469042154075,0.0,0.0,1.0,1.0,0.0,0.0,0.0,0.0,0.0,1.0,1.885867727384659e-17,0.0713212498991154,0.0,1.0,0.0,0.0,0.789244599603785,0.0,0.0,0.9999508327598929,1.0,1.0,0.0,0.0,0.0,0.0311084652740159,0.0,1.0,7.920408369971367e-09,0.010326961440233587,0.0004959755974189949,0.0,0.0,0.0,1.0,0.9388453163418491,0.0,0.0,6.765213677098048e-09,1.0,0.003693032820599232,0.0,0.198116805500351,0.05913752599325,0.0,0.0,0.0,0.0,0.09891659746194569,1.0,0.582296042783318,0.066556201911546,0.0,1.0,0.0,1.0,0.09960166837065286,1.0,0.0010289215124962,0.09970548374864859,1.0,0.955087602850618,0.9840685126900516,0.4193617948088213,0.9540882892219642,0.8201394465364698,16.0,19.0,0.6936416184971099,0.33333333333333337,1.0,0.0,0.0,0.0,0.0,0.0,0.0,0.0,0.0,0.0,0.0,0.0,0.0,1.0,1.0,0.0,1.0,1
VAR_003059,0.07475536056721246,0.009455782582349826,0.21317224226476186,0.009945235420703635,1.0470630640669986e-05,0.15828490163384398,0.06258725194957053,0.02679238833239354,0.000221138394675215,6.200773801347744e-08,0.06384970223605925,29.0,0.6800044086079646,0.33205066863426563,0.19628704381973788,0.07248649218750376,0.23135372012854305,0.4218343609538152,0.4000599885411503,1.0,0.0,0.0980380090144154,0.9703144499231484,0.0,0.7874214417162432,1.0,0.0,0.0999998528777181,4.1583895915255877e-07,0.0,0.0999996922689622,2.459500350545644e-10,0.0,0.0994810123342356,0.0,0.0,1.0,1.0,1.0,1.0,0.0625025089461341,0.0,1.0,1.0,1.0,1.0,1.0,3.0,2.931846979715792e-09,1.0,4.0,4.0,0.8831654792128809,0.9672580607051813,0.8359847372289035,1.0,1.0,1.0175726497046602e-16,1.0,1.0,1.0,1.0,1.0,0.1155654643640142,1.0,0.0598722782873467,1.0,0.0,1.0,0.1467764786309016,1.0,1.0,0.1347716984946218,0.002178237891877027,1.0,1.0,1.0,0.2800980365672886,1.0,0.10648465600258115,1.0,0.2913496178013015,1.0,0.0,1.0,0.1039510651446746,4.0,0.05855588891410697,1.0,0.0,0.0,1.0,0.0,0.9999997853460192,0.0,0.0606734030959697,0.0,0.0999999998973537,0.0,0.6183057296987933,0.0,1.0,0.0,0.0,0.0738655865399609,0.0,0.0,1.0,0.0,0.0,1.0,0.0,1.0,0.0,1.0,0.999999999935967,0.0997085727976763,0.0,1.0,0.0,1.0,0.004039549093524,0.5992984520820209,0.0,0.610584612288894,1.0,0.0,0.0,1.0,0.0,0.9000001649658935,0.0,1.0,0.021228186331620002,2.2082921837174368e-13,5.382441230950213e-07,0.0,1.0,0.0,1.0,0.0003152627596153454,0.0,0.0,0.9472036309379592,1.0,0.06259274247333427,1.0,1.0228671194588763e-08,0.9999966467680289,0.0,1.0,0.0,0.0,0.0040458298416466455,0.0,0.00293334236837,1.0,0.0,1.0,0.0,1.0,4.7066998030232406e-07,0.0,0.0927029347061259,0.007185170975815184,1.0,0.4167767313038139,0.9959813705576612,0.7518280311391364,0.9389409239438162,0.810683289132824,4.0,22.0,0.9248554913294798,0.0,0.3333333333333333,0.0,0.0,1.0,0.0,0.0,0.0,0.0,0.0,0.0,0.0,0.0,0.0,0.0,1.0,0.0,0.0,1
VAR_003026,0.013332038213758533,0.010971662435776401,0.029418570093636548,0.005992946904769517,0.04805072510855072,4.541046165400664e-12,0.013672930429731814,0.0005077868531080159,0.055098939865114854,5.256619220549043e-07,0.021675369526496437,20.0,0.7148582410280839,0.1033168752316373,0.19313105675376754,0.4193364091817531,0.03167620851517183,0.398947468434367,0.2389751049132227,1.0,0.0,0.0951664213878012,1.0,1.0,0.0,1.0,1.0,0.0999999999999591,2.3698079812296728e-06,0.8879670527481272,1.570179302346797e-05,1.4512804927821124e-05,1.0,0.0476624215626872,1.0,0.0,1.0,1.0,1.0,1.0,0.0041677790643718,1.0,1.0,0.0,0.0,1.0,1.0,0.0,0.0007804160579878,1.0,3.0,3.0,0.9834084977296422,0.7659483884066326,0.4261820062841166,1.0,1.0,0.9104262223215951,0.1451910481237555,1.0,1.0,1.0,1.0,0.6289299999911867,1.0,0.0272706779648082,0.0,1.0,1.0,0.0999998756387495,1.0,0.2773039118302774,0.1255959892730241,0.000875410243097376,1.0,1.0,1.0,0.165438999999993,1.0,0.05651273934883615,1.0,0.6612842066813998,0.3380365709346908,1.0,0.8405884291728745,0.03468330226747173,3.0,0.03762973413027616,0.0,1.0,0.0,0.0243378453671778,0.0,4.827952351975114e-13,0.0,0.0998617709201755,0.0,0.0015331577338040625,0.0,0.5062817448125219,0.0,1.0,0.0,0.0,0.0833825117248707,0.0,0.0,1.0,0.0,0.0,0.0,0.0,0.4511753769949923,0.0,1.0,0.9316814703475119,0.0999999999999767,0.0,0.8000540543126065,0.0,1.0,0.086818107198348,0.9437004409585922,0.0,6.656259628040319e-12,1.0,1.0,0.0,0.0,0.0,0.0013651072112904,0.0,1.0,5.316161418666086e-15,5.806804847487773e-06,0.0048458030659221905,0.0,0.932257646795814,0.0,1.0,0.003266914472103,0.0,0.0,0.7707450861043869,1.0,0.015225548949800825,1.0,0.999511853839215,0.999999999999981,0.0,0.8341378422149446,0.0,0.9200227668071768,0.10000000000055279,0.0,0.9998862731868909,0.0999999999999958,0.0,1.0,0.0,1.0,0.09431252402500406,0.897542157023832,3.8550664299885955e-05,2.9133700894794755e-13,1.0,0.9418603840573808,1.0,0.255543520073506,0.6160808307182558,0.512557536368036,16.0,23.0,0.6878612716763006,0.0,0.3333333333333333,0.0,0.0,0.0,0.0,0.0,0.0,0.0,0.0,0.0,0.0,0.0,0.0,0.0,1.0,0.0,1.0,1
VAR_002905,0.0030838826578027346,0.11388661098176148,0.011784087766491739,0.0059458851598828385,0.11521544412872099,0.06508660053071215,0.0018792989230900223,0.0021364773204962384,0.001379219873439501,0.049102555067995976,0.017477842074754113,8.0,0.7148582410280839,0.1026982471531191,0.19313105675376754,0.22300414943997723,0.05071575767222228,0.4018357139261453,0.4015229952934217,0.2,0.22309627583894986,0.07924059058867236,0.5573146314980919,0.6,0.5739045164268226,1.0,0.4,0.039019221519809015,0.022217230012660176,0.43071251422400636,0.03918866148768863,0.038542857007401475,0.8,0.06782712444678511,0.6,0.6285073618913775,0.6,0.4,0.37887857213810905,0.4,0.2017131848678834,0.8,0.8,0.4985308851678174,0.6,0.4,1.0,7.0,0.03848543851992605,0.4,3.0,3.0,0.7873333602868866,0.9059790207063354,0.8500909534008906,0.6,0.4,0.8211911124422786,0.4506238179814874,0.6982238591290256,0.7709324891458104,0.3141882725850557,1.0,0.040653797089753654,0.1307448220665525,0.002594333053851104,0.6,0.4,0.5685109424265425,0.03120025705242298,0.3041648714116936,0.05358161965252064,0.06963833151140612,0.0028619276747131575,0.3624532765578823,0.5348488016175823,0.22196945310570756,0.04483132195558521,0.5056817954192843,0.22654908999735626,0.39442835868334336,0.0835899146637739,0.3171342041948416,0.4463950814080886,0.0,0.004334885968141663,3.0,0.016706823668333325,0.49087263558935257,0.5888839793290253,0.0,0.0563182058256567,0.0,0.06117595582935158,0.0,0.40698244381489745,0.0,0.04893540899662839,0.0,0.7226261842946249,0.0,0.7248384813813712,0.0,0.0,0.05732707038888768,0.0,0.0,0.6818913705027819,0.4,0.0,0.40229393127197166,0.0,0.6077958348285832,0.0,0.40021999036315464,0.6981722519399571,0.04077384049292985,0.0,0.64948149434366,0.0,0.14482494663600617,0.5258996914203719,0.4666568679225917,0.0,0.29960554056419025,1.0,0.70634436291864,0.0,0.19644302903723396,0.0,0.0782727526422903,0.0,0.4,0.5999407710611392,0.08429662747132588,0.015176235390718494,0.0,0.6717156950643327,0.0,1.0,0.20142388932215033,0.16320377993069815,0.0,0.7602542664960317,1.0,0.008796681829438286,0.6561652523628833,0.5887421888716547,0.2698155681616054,0.0,0.45661564487294176,0.0,0.6169705749248917,0.07974114196390213,0.4,0.32882559746729967,0.02043310825222539,0.0,0.8,0.0,0.6,0.05278055229755451,0.6426677925189745,0.05246412767348916,0.05301289628611883,1.0,0.9193139553815316,0.9907166681100052,0.6515207520931348,0.9836712998869748,0.7586928580669599,11.0,22.0,0.5028901734104047,0.6666666666666666,1.0,0.0,0.0,0.0,0.0,0.0,0.0,0.0,0.0,0.0,0.0,0.0,0.0,1.0,0.0,0.0,0.0,1
VAR_002745,0.0019726648468529717,0.0008310102019784998,9.942684275011162e-05,1.4992720546506796e-08,1.0,2.281959211114951e-07,0.04150017142423651,7.480321918402199e-10,1.985504338132251e-07,0.0009452617039428312,0.0002398827876273785,16.0,0.8686317547481087,0.3082200649024304,0.10067951497314223,0.053583150339003426,0.6002953642966947,0.0600009014676405,0.40523918226881667,0.0,0.0,1.7822360073983616e-06,0.0,1.0,0.0,1.0,0.9380440870282551,0.0999999999255604,0.0996727606935242,0.0,2.2334965903074375e-05,5.417338473506787e-11,0.0,0.0999980047146167,0.0,0.2,0.6,1.0,0.32259965329644713,0.4,0.03456480817341871,0.6,0.8,0.8,0.6,0.4482337944564259,1.0,7.0,0.0933315255546399,0.4,3.0,3.0,0.7711275801325888,0.9456822877841694,0.7782033481696393,0.0,1.0,0.00045942572176597784,0.0,0.0,0.0,0.04208678532525689,0.0,0.0713994943073585,0.0999992548002056,0.0129960000000534,1.0,0.0,0.0,0.0001171171425663,1.0,0.0435689172232827,0.0001446005249318,0.008578512773494983,0.0,0.2429925548333877,0.0,0.09999999999999484,0.4857030493795972,0.09999999999999296,0.0,0.0001565987817618,0.0,0.0,0.0,0.0050398293039846,3.0,0.003349384262315247,0.4270829859608507,0.5200094776775369,0.0,0.04002178944602334,0.0,0.0718877345732902,0.0,0.07423710037824385,0.0,0.036231013714996256,0.0,0.5805912318740472,0.0,0.8505117081375566,0.0,0.0,0.056337031389399696,0.0,0.0,0.6,0.6,0.0,0.43969557261121306,0.0,0.5892841983470547,0.0,0.0,0.19995034382324384,0.061008772008492064,0.0,0.9378036734945809,0.0,0.6,0.001512256412998567,0.369872574283857,0.0,0.7257550952565643,0.6,0.4,0.0,0.15540013513746279,0.0,0.09650491833287309,0.0,0.4,0.9138381703940786,0.055754374665920335,0.016989150976149676,0.0,0.7428598502144224,0.0,0.8,0.6039739984006333,0.5553388807574227,0.0,0.5307077358978701,0.0,0.00046011551593270686,0.0,1.0,0.9330759872686111,0.0,0.7044033325020722,0.0,0.0,1.4581113242517605e-05,1.0,0.0008152927666083189,2.750599606391642e-18,0.0,1.0,0.0,0.0,0.05184597263604305,1.0,0.0999999997638494,0.04902250979099768,1.0,0.8652347748045284,1.0,0.9436605674423586,0.9439927035698685,0.9877267043696342,17.0,3.0,0.6705202312138728,0.33333333333333337,0.6666666666666666,0.0,0.0,0.0,0.0,0.0,0.0,0.0,0.0,0.0,0.0,0.0,0.0,1.0,0.0,1.0,0.0,1
VAR_003055,0.02903923208568791,0.014143930217163083,0.013228796014459076,0.02019825365885524,0.1945512462228497,0.013118537839125838,0.02726339725832917,0.022289602529667645,0.0023882954193074554,0.0024494546663525,0.029135504060558707,8.0,0.6800044086079646,0.24559173793017341,0.0511835289177545,0.2524864578077759,0.25059758903502666,0.24000225444334378,0.41896529596346405,1.0,0.0,0.0999999999999999,0.0,1.0,0.0,1.0,1.0,0.0118487326719257,4.5583302695682154e-07,0.2549498393566913,0.0,0.0196791951535551,0.0,0.099999860059132,0.0,0.6,0.6,0.6,0.6,0.8,0.06076998673240865,0.8,1.0,0.2985308851678174,0.6,0.8,1.0,7.0,0.42613261871183533,0.6,3.0,3.0,0.8970163123392485,0.9901180381657682,0.8281917293036289,0.0,0.0,0.9999999999999989,0.0,1.0,0.0,8.785626226263758e-12,1.0,6.677202981596705e-05,0.0007091760761089,0.0963202646985883,0.0,0.0,0.9781579626709628,0.2941144256257632,0.0,0.0007142957391498996,0.1420677110465138,0.0015022583618215489,0.0,0.0,0.0,0.5660099999999982,1.0,1.1242453731970348e-08,0.4412851870766525,5.8343387760399995e-05,0.0,1.0,1.0,0.12902084047058823,3.0,0.0025661907759872414,0.7018777269175673,0.5777932952581978,0.0,0.27857929955367366,0.0,0.2628669596558086,0.0,0.04356717199707989,0.0,0.4111830807099715,0.0,0.6,0.0,0.9144752890328018,0.0,0.0,0.06006923628949483,0.0,0.0,1.0,0.4,0.0,0.17132267371106596,0.0,0.6124238715625546,0.0,0.8,0.5914056279601618,0.4403671448521898,0.0,0.5378036734945808,0.0,0.9458622325453859,0.617924032479741,0.46597683748930974,0.0,0.7805553574635729,0.6380081238453654,0.6,0.0,0.2721818292722714,0.0,0.23757622140198498,0.0,0.25407251084987015,0.876215278647765,0.4356885616147313,0.06001445179875557,0.0,0.8,0.0,0.8,0.3951125793603408,0.5338059734654046,0.0,0.4152879405725609,1.0,0.02368700212853722,0.4,0.5458335471287632,0.5992861897879197,0.0,0.439803247303852,0.0,0.3604071765539093,0.05984503484083266,0.4391252949077916,0.8810446778056022,0.23579821955246194,0.0,1.0,0.0,0.5794091181312638,0.04522774114151693,0.3346359577489472,0.07651662788335142,0.03892803815321767,1.0,0.2694074647216791,0.9576278591657846,0.9255853213809776,0.9911606390814292,0.9749321100144309,14.0,11.0,0.7919075144508672,0.0,0.6666666666666666,0.0,0.0,0.0,0.0,0.0,1.0,0.0,0.0,0.0,0.0,0.0,0.0,1.0,0.0,0.0,0.0,1
VAR_002856,0.012752113164458474,0.20765715282663247,0.018357555013964147,0.0005875938765427419,0.08497976539711469,0.0021696733171524545,0.010731210493073535,0.014284002151983085,0.010399873044130016,0.21259183966112993,0.0598245072073791,8.0,0.8,0.23756183968923605,0.46780673940250195,0.2279226691453051,0.4218673421496249,0.059240013743783446,0.2565935052153116,0.0,0.2387254766987006,0.03535455527885292,0.7228115397229967,0.2,0.5798397983489996,0.6,0.5738756159829057,0.029752362679537868,0.09389172996420239,0.16898861398825626,0.0402028907549159,0.06149259832826083,0.6,0.0760744303057464,0.6,0.8,0.6,0.8,0.26501440690795264,0.8,0.42050017826646435,1.0,0.4,0.39004356160218556,0.8,0.8,0.8,7.0,0.05038765283935705,0.6,3.0,3.0,0.927402708088652,0.8497177425975831,0.7630437333305817,1.0,1.0,0.9997382160466151,0.0,0.0,0.4170074958083946,3.006037054540915e-11,0.0,0.1142132716841534,0.0951601703697598,0.0067625913179678,1.0,1.0,0.5299071565217219,0.0999369072496708,0.0,0.0996027217051027,0.0937408725126473,2.128742363409586e-23,0.0,1.0,0.0,1.6870619186524555e-05,0.0,0.00041376741576883277,0.9338859807645112,0.0997798966773417,1.0,0.0,0.5214407494944421,0.01330937516457149,3.0,0.0015239503990677789,0.6506292031021425,0.2108388075599835,0.0,0.2369512071885489,0.0,0.022820332637497838,0.0,0.43996036180736076,0.0,0.016530525633604923,0.0,0.5042826726333313,0.0,0.9533919069611322,0.0,0.0,0.20570646225504358,0.0,0.0,0.6,0.37078779800864076,0.0,0.2667523702410519,0.0,0.1385713154497721,0.0,0.7175226911939518,0.4971197444997093,0.034046356442542114,0.0,0.641540470862377,0.0,0.7466934529077872,0.7751432608736925,0.6621074103184181,0.0,0.6577931327853375,0.8,0.28322780754621457,0.0,0.2991628426463387,0.0,0.029035375371848703,0.0,0.5763814437846138,0.8272873406305375,0.04058170130189005,0.00010977502318535793,0.0,0.2773151213235675,0.0,0.6,0.39379580319982,0.5621750759001318,0.0,0.5303210821077906,0.8,0.009584882208365748,0.6,0.22067919447889978,0.35767608614142354,0.0,0.4609764785330596,0.0,0.6,0.05975729246084757,0.5336279373914097,0.6192570124229206,0.060079363420015276,0.0,0.6,0.0,0.6,0.03975795430583084,0.6085633144845665,0.060023358732642494,0.059935421288999924,1.0,0.9880656179492892,1.0,0.4150684501001256,0.9922862293032593,0.5129395509591428,16.0,7.0,0.7167630057803468,0.16666666666666669,1.0,0.0,0.0,0.0,0.0,0.0,0.0,0.0,0.0,0.0,0.0,0.0,0.0,1.0,0.0,0.0,0.0,1
VAR_003161,0.0002713099200376175,4.740978370831731e-06,0.0001082413398441009,1.5748514799930646e-06,7.662185331034194e-06,8.151353132834022e-07,0.0017032305094866682,1.566352454770812e-08,1.4115130759018896e-08,0.11664068670241959,5.101929221594817e-09,10.0,0.8,0.23819899867263306,0.46780673940250195,0.24792266913674507,0.40264697000020255,0.07635041527290064,0.25767493955479515,0.0,0.0,1.4217864237013173e-05,0.7124277702193416,0.0,0.0834923436946631,0.0,0.0,0.0342925131642195,0.0999988440845849,0.16790989003415,8.876778635970501e-13,0.0016523399461996944,1.0,0.0804122062524818,1.0,0.6,0.2,0.8,0.4,0.4,0.22315288630568567,0.4,0.2,0.6,0.8,0.6,1.0,7.0,0.032718945803803724,0.4,3.0,3.0,0.9991899174394565,0.5999256897923924,0.40021106091800057,1.0,0.0,2.7173766669119474e-07,1.0,1.0,1.0,2.2149784954501127e-13,1.0,0.0023249383595563993,9.967476837362535e-05,0.0013393645255419,1.0,1.0,0.0,0.0999999996820545,0.0,0.5105799999994751,0.1761266114553852,0.005974181977866785,0.0047766373187466,0.4918682904439008,0.7354187380241428,0.003529237153021775,0.0,0.0048281492823712335,0.292770052080967,0.0999994520692889,1.0,0.0,0.0,1.416992174074587e-05,3.0,0.006370037675410038,0.7285086130824302,0.5615873139449825,0.0,0.459999902020851,0.0,0.03834046069102975,0.0,0.25705928798652733,0.0,0.07181909781606813,0.0,0.05309343816893296,0.0,0.4,0.0,0.0,0.041179714119007234,0.0,0.0,0.8,0.4,0.0,0.424630526029451,0.0,0.35903174742313515,0.0,0.711740649608487,0.8293474540214261,0.06386239028270149,0.0,0.3232733238778182,0.0,0.8424242602753598,0.30256263211234186,0.15751449051786087,0.0,0.34251179316256575,0.8,0.272336276761213,0.0,0.4,0.0,0.06668422405712508,0.0,0.5437844694044363,0.43143941185257895,0.03117036512236655,0.002684888936961824,0.0,0.2,0.0,1.0,0.5894873466001561,0.24907038198631243,0.0,0.6000089844176744,0.4,0.027130091484913577,0.0,0.20795454892927207,0.5999638896122749,0.0,0.36330448215923583,0.0,0.4383960582607632,0.08007187232680103,0.4,0.2114079021219141,0.04020031353457275,0.0,0.8,0.0,0.4,0.0600314156356836,0.40026227532166486,0.06022836991012217,0.036741672175385064,0.957138869714158,1.0,1.0,0.23672386235726067,0.6170829215269584,0.4867181920269865,13.0,10.0,0.4566473988439307,0.5,0.6666666666666666,0.0,0.0,0.0,0.0,0.0,0.0,0.0,0.0,0.0,0.0,0.0,0.0,1.0,0.0,1.0,1.0,1
VAR_002779,0.0013617002941400094,0.44616227362896904,3.564809056588226e-10,1.8812124468656292e-10,6.82130583653016e-08,0.0023276052463950567,5.063999656095532e-08,4.28131232735429e-08,0.0035928739076354073,0.18695298935990098,0.012026568844248289,9.0,0.6419349081192098,0.14794916297975785,0.21800912302219616,0.23875049365060755,0.23059771152048164,0.24000221563796725,0.2358048785378724,0.6,0.15445004986776895,0.09963717018604186,0.4208398485063876,1.0,1.0,0.8,0.8,0.2561899496868909,0.04335035357203676,0.31800681888420324,0.05533160502342897,0.09824711702312997,0.6,0.03992715596528133,0.4887006622010624,0.6285073618913775,0.6,0.6,0.560805978352837,0.6,0.2000205817006723,0.6,0.8,0.4,0.6,0.4,1.0,7.0,0.07006757005930137,0.6,2.0,2.0,0.8265525419075055,0.9698784434334536,0.8216505872556523,0.0,0.0,0.9982017288312239,1.0,0.0,0.0,0.03294483003558969,0.0,0.003455458599773399,3.4686039080256963e-06,0.0995804855643189,0.0,0.0,0.7894302533371722,4.4970930341510954e-10,1.0,1.8086303778040745e-07,2.5776176826190575e-06,5.090868380646074e-05,0.0,1.0,0.0,0.09854943318285572,0.0,0.0013595117559414328,0.0,0.1117109440317648,0.7075099172167141,0.0,0.6,0.10972233288754395,2.0,0.11504264949062139,0.4451123101867884,0.2064565829081709,0.0,0.23439509976071968,0.0,0.25999522810490017,0.0,0.4109660446271711,0.0,0.028182037318162455,0.0,0.7078651016695473,0.0,0.8,0.0,0.0,0.22066148786967738,0.0,0.0,0.768480013213111,0.6234509699062071,0.0,0.29915170909385547,0.0,0.43633509362209555,0.0,0.9355076503946762,0.618292676676209,0.022638549909214427,0.0,0.8,0.0,0.4,0.5925645867915041,0.3958771991804041,0.0,0.5716116223970364,1.0,0.7300083113469638,0.0,0.20260482807845492,0.0,0.2590822952116539,0.0,0.4751338133777823,0.794633793659449,0.06951045005735033,0.00041118067598182523,0.0,0.998404937496117,0.0,0.68221554072664,0.7987876123444149,0.381835092813484,0.0,0.6872655369219002,1.0,0.005476513004205964,0.0,0.0,1.7523123005242692e-06,0.0,0.3593750797063919,0.0,0.0,2.1439688250702424e-05,0.0,0.9848230422911091,0.0999999814204973,0.0,0.0,0.0,1.0,0.09999999994611466,0.0,0.0999999999999998,0.0009784771172346848,0.9748303127441956,0.9822931851721594,0.9990741937242577,0.7881362959464012,0.9172312429482439,0.7641690191597913,7.0,17.0,0.2427745664739885,0.16666666666666669,1.0,0.0,0.0,0.0,0.0,0.0,0.0,0.0,0.0,0.0,0.0,0.0,0.0,1.0,0.0,0.0,1.0,1
VAR_002837,0.0024761746772621867,0.09017894502431796,0.007111346658438028,0.007169523345681183,0.19841117926198762,0.029068936079655258,0.0019216844506794743,0.004560738812450017,0.000938801703461769,0.04509823927068376,0.0363426971021935,8.0,0.611372653859856,0.2239178808542424,0.41831075334711415,0.39773099057588973,0.2692723280662815,0.23899311477199567,0.24042715454847327,0.4,0.35445004986776896,0.03989839654271258,0.3204183915389557,0.8,0.7315511509849776,0.8,0.6,0.07937308590652188,0.07236092671340698,0.254553964032338,0.047956468857186296,0.027997188111037765,0.6417744916943825,0.03792809964483498,0.8,0.4285073618913774,0.4,0.8,0.37887857213810905,0.6,0.38371264319298687,0.8,0.6,0.4,0.8,0.2,1.0,7.0,0.03208202603149173,0.8,3.0,3.0,0.8614784746989919,0.7448036567261346,0.6297423257619158,1.0,1.0,1.694553746916179e-07,0.0,1.0,1.0,0.0725659768018717,1.0,0.0114452821102616,9.18409540624459e-05,1.6975513764020825e-07,0.0,1.0,0.0,0.0934240259702014,1.0,0.0679921084614744,0.0999999999999985,0.0173173879354993,0.6894951645660515,0.0,0.0436486131469906,0.09533775561814992,1.0,0.09999999999698946,0.7011942682045257,0.0999999919938555,0.0,0.0,0.2,0.010318519407852039,3.0,5.130260148124855e-05,0.7285086130824302,0.16158731394498246,0.0,0.44500037586340896,0.0,0.03951641784046143,0.0,0.2399102896775549,0.0,0.05284400515188302,0.0,0.2055980178155473,0.0,0.6,0.0,0.0,0.05948207565226192,0.0,0.0,0.768480013213111,0.34502589715874576,0.0,0.7579196248937518,0.0,0.45332854863052024,0.0,0.4,0.4422497874384269,0.05676860231975985,0.0,0.5123628725107625,0.0,0.6,0.4003253248164508,0.33311546833449424,0.0,0.39485364188606287,1.0,0.43070313749497824,0.0,0.5571438904289445,0.0,0.06606337919166339,0.0,0.1459897571965763,0.5122416484566428,0.05682790691867681,0.01995361954556852,0.0,0.3278658139037919,0.0,0.8,0.3997560068955488,0.21396078433948987,0.0,0.5607300925086037,0.0,0.01183511838326284,0.0,0.004167859782818,0.110189046182077,0.0,0.0,0.0,1.0,0.09961431052754079,0.0,2.1895613441405135e-05,0.0142232967608481,0.0,1.0,0.0,1.0,1.2283271333502726e-10,0.1533826384939735,0.0002246836215029,0.0007679143226375847,1.0,1.0,0.986275892091377,0.281048211785071,0.996171255861781,0.5969840042495033,8.0,16.0,0.46242774566473993,0.5,0.6666666666666666,0.0,0.0,0.0,0.0,0.0,0.0,0.0,0.0,0.0,0.0,0.0,0.0,1.0,0.0,0.0,0.0,0
VAR_002583,0.002859743119013544,8.945062029108339e-17,4.01663762277523e-11,7.3627853425288234e-06,3.1972984617512853e-12,6.723083955304881e-08,3.507830697459229e-08,0.008927434223548174,0.020515441055151757,1.6080018150216676e-05,0.002208159012290278,18.0,0.703485587168228,0.19427160005657745,0.2678067394025019,0.048894768823962376,0.601253439448038,0.058992661278206966,0.4241807543778938,0.4,0.537250422260581,0.055348626436488524,0.4,1.0,0.37199556892292496,0.8,0.6,0.2432899778036668,0.04084173578806681,0.3696010038186906,0.051894227867183396,0.022913710716743314,0.6,0.06511953148435509,0.6,0.43018748838018306,0.6,0.8,0.4,0.6,0.2154367327587685,0.8,0.6,0.4,0.4,0.2,1.0,7.0,0.06350076236593502,0.6,4.0,4.0,0.7558917604402258,0.9549549168863642,0.781510877639009,0.6,1.0,0.5271203642622548,0.467284825844858,0.25851060270586423,0.8197867336724048,0.33156947082191796,1.0,0.10217895024836077,0.27041874761916934,0.0769388332784311,0.8,0.5059461497336792,0.4,0.061967620566522885,0.8,0.24808073063221747,0.24027145208239875,0.007593770190994666,0.31706504226434834,0.2,0.3548419938435853,0.06590433160422789,0.2450273351916436,0.25802559037807715,0.4363676874795316,0.0743581790470087,0.5084738376353721,0.6,0.8,0.05612737472454288,4.0,0.0013957716031164854,1.0,0.0,0.0,0.0001274709580759,0.0,0.0999999856826586,0.0,0.02040968665028,0.0,0.008334483755060464,0.0,0.5404316109933058,0.0,0.8505117081375566,0.0,0.0,1.9019707733282026e-05,0.0,0.0,0.0,0.0,0.0,0.2525619223032699,0.0,0.1682832478501916,0.0,1.0,0.0005346569524025059,0.0251698035792978,0.0,1.0,0.0,0.0,0.999999993264875,0.0950452864273836,0.0,1.620882889479325e-08,1.0,0.0,0.0,0.1704471230688558,0.0,6.358618330949498e-17,0.0,0.0,7.143414865180287e-12,0.09463432793212932,0.012958085132538546,0.0,0.0,0.0,1.0,1.9618507047183128e-05,0.0,0.0,0.00011041364877013278,0.0,5.641675172841053e-08,1.0,0.210937597438416,0.330784979218851,0.0,0.0,0.0,0.0,0.09996977128870246,1.0,0.008319462330498,0.0094596742735768,0.0,1.0,0.0,1.0,0.040934016868939146,0.0,0.014853692515051,0.024450066725474288,1.0,0.9591221361707148,0.9981672102356042,0.8290341037616569,0.9804054802652024,0.788341828082578,23.0,3.0,0.6994219653179191,0.16666666666666669,0.3333333333333333,0.0,1.0,0.0,0.0,0.0,0.0,0.0,0.0,0.0,0.0,0.0,0.0,1.0,0.0,0.0,0.0,1
VAR_002858,0.007378097426922821,0.04189628116967548,0.009757179894118733,7.305880919710509e-05,0.06350322759148572,0.0015198727107787414,0.003038303355319321,0.0013045700417474325,0.0005419324474752766,0.025610403765819578,0.021850666389549574,8.0,0.5765188214397367,0.20069768395151555,0.22146674041308448,0.2339110741734243,0.6291542819208348,0.23899311477372867,0.06432496413945309,0.14134073409621836,0.4,0.010005060844509066,0.45530246876237257,0.4,0.2,0.8,0.5772357593761043,0.04002059240396903,0.020061276382641408,0.2404220083739989,0.014549998573697223,0.013033347689938664,0.6,0.02803807575685894,0.6,0.8,0.4,0.8,0.6,0.4,0.020105766713674443,0.6,0.590495160928097,0.2119635065855654,0.6,0.4,1.0,7.0,0.023402831425863403,0.4,1.0,1.0,0.911164505959521,0.9622334405468387,0.8395079245043622,0.6,0.4,0.437697367832608,0.14333691465360004,0.6,0.5939005572590074,0.11435498993893892,0.7228669898530647,0.06043756702285665,0.10762915532458028,0.03187956427478596,0.8,0.6,0.34488099550850065,0.060222706939027024,0.2,0.23168575876594014,0.06806027912011894,0.016252844263777193,0.7057139865319748,0.38705430231532356,0.20512525481143076,0.0475041399257894,0.2863980875532809,0.08157947126462943,0.2408490646237793,0.04897667773440013,0.4146779046936905,0.6,0.4,0.014479500369542236,1.0,0.05988277067653738,0.6,0.4350604632293186,0.0,0.22036180048203574,0.0,0.06085555370428282,0.0,0.238377627487594,0.0,0.03580487579010851,0.0,0.662711480274421,0.0,0.4132984189490285,0.0,0.0,0.059995318672558695,0.0,0.0,1.0,0.8,0.0,0.4232142147093674,0.0,0.15891384122014282,0.0,0.6778061681766906,0.44084042367336806,0.07920468218477932,0.0,0.3378036734945808,0.0,0.6,0.5131455998510294,0.21848006002716858,0.0,0.37954797044104116,1.0,0.25617592423050795,0.0,0.2911955237805622,0.0,0.03843110383783621,0.0,0.4,0.5975834393873585,0.06956129418365004,0.0004539424670091224,0.0,0.8702160715505197,0.0,1.0,0.7974088820047369,0.31241836428143344,0.0,0.4519055351277758,0.6,0.007531882518468851,0.3945443901903013,0.722452778288656,0.4204213957592495,0.0,0.19397680668550413,0.0,0.33497281157680625,0.011029153111233174,0.4,0.1652386429760934,0.07813263546272456,0.0,0.5236837057520489,0.0,0.8,0.06355937323175256,0.4748870079649235,0.02713299399441508,0.06146489297661911,1.0,0.9522904764990702,0.9395573140288628,0.941965860200716,0.9513537840445225,0.9386231505405773,11.0,8.0,0.07514450867052025,0.0,0.3333333333333333,0.0,0.0,0.0,0.0,0.0,0.0,0.0,0.0,0.0,1.0,0.0,0.0,1.0,0.0,0.0,0.0,1
VAR_002711,0.00038191583519506635,6.611523700000095e-05,0.00604544708362542,4.6602768050569825e-05,0.002279921088911486,0.0021453279100636428,0.003279394247959484,0.008932590842746956,0.00013880898010469294,0.0028466847899534706,0.0022107090131848325,18.0,0.64193490811921,0.23440809368385018,0.3631126379241795,0.05875052803033539,0.21135384261399812,0.42183432214843863,0.2168995711155588,0.0,0.0,0.0999999716563686,0.0,0.0,1.0,0.0,1.0,0.1,0.0992328142396722,0.0,1.4466829217806377e-06,7.160719041971172e-05,1.0,0.0999987635013635,0.0,0.6,0.6,0.8,0.3652292107661382,0.4,0.19264632983693064,0.8,0.6,0.2625738190241292,1.0,0.6,0.8,7.0,0.23993302792318758,0.8,1.0,1.0,0.8914090343767167,1.0000000000000002,0.8547938190500695,0.6,0.6,0.28476434321619704,0.4796717409833503,0.8,0.5140334842128058,0.2346644224482907,0.6,0.16893535002288312,0.22217737660314757,0.1435342852271359,0.6,0.4,0.2,0.2058556182681203,0.6,0.26125158080727173,0.13818210477865653,0.006450341325383291,0.21070300980856863,0.4,0.2715468460936842,0.23888388429420968,0.7157950712887887,0.029933415288296995,0.2698211363653808,0.2412125567545273,0.8,0.6,1.0,0.13537701860121282,1.0,0.023550431943472307,1.0,0.0,0.0,0.013910294566531,0.0,0.0999991976026006,0.0,0.0999856438375022,0.0,0.0997615876789572,0.0,0.0,0.0,0.6740925633114208,0.0,0.0,0.099998017613112,0.0,0.0,1.0,1.0,0.0,0.8627130795809353,0.0,0.1408937555330052,0.0,1.0,0.9999999999985499,0.0963751950331274,0.0,1.0,0.0,0.8,0.12069125294632436,0.0,0.0,0.02069489583829,1.0,0.0,0.0,0.0,0.0,0.0941686342124639,0.0,0.2738927835125074,0.98852621642099,0.09801524111133252,0.1412790013423195,0.0,0.0,0.0,0.8,0.5997479821098752,0.0,0.0,4.275327574315168e-11,0.0,0.047043943228221294,0.0,2.931330221095776e-13,5.116600984383255e-05,0.0,0.0,0.0,0.1700273430637046,0.09999999998870239,0.0,0.999997413788398,0.0999999999999882,0.0,1.0,0.0,1.0,0.05307630390269105,0.8063491950701086,0.0983103524977833,9.521425683378196e-06,1.0,0.9643787002469392,1.0,0.6542511493783756,0.9904229649021845,0.9359339915837388,6.0,19.0,0.2716763005780347,0.16666666666666669,0.3333333333333333,0.0,0.0,0.0,0.0,0.0,0.0,0.0,0.0,0.0,0.0,1.0,0.0,1.0,0.0,0.0,0.0,1
VAR_002727,0.03176629129896635,0.010389100284241146,0.04121598127959846,0.06965939029186793,0.07596370830481655,0.007615025838261928,0.014534121035882553,0.04319047846879315,0.021829673846832976,0.025708843961186615,0.13447541847506245,8.0,0.8,0.18823930282781415,0.2678067394025019,0.20889589032035807,0.6191508038401308,0.05899311543614995,0.26305394533749615,0.2,0.543142430181673,0.06394378411473944,0.4,1.0,0.4,1.0,0.4,0.22468171429357936,0.040802591527730456,0.6251252770687399,0.05162135234731526,0.03880988282167504,0.8,0.07040081224394182,0.8,0.630187488380183,0.8,0.4,0.41670095246039,1.0,0.20790853271431115,1.0,0.6,0.4845356332796548,0.4,1.0,1.0,7.0,0.08654401704887298,0.4,1.0,1.0,0.7690874565589287,0.9599685076783748,0.3921739847896387,1.0,1.0,0.514795528261374,0.0,1.0,0.7803534526720483,0.024585708793172494,0.0,0.0023926190681332993,0.0999965141850177,0.0,0.0,1.0,0.1666530702971188,0.6657399999831995,1.0,0.0894574683188304,8.390992479404288e-05,0.0010327048410133587,0.0,0.5398513659358068,0.0,0.09961225148168032,0.6033572756675558,3.728593827813637e-13,1.0,0.0941772757469633,0.0,1.0,0.6,0.041237544821734834,1.0,0.006061718508824034,0.6093721828863015,0.5108541292641892,0.0,0.22034858633532345,0.0,0.25630982985795325,0.0,0.08650358919198119,0.0,0.24213108666242428,0.0,0.5053232972673553,0.0,1.0,0.0,0.0,0.03591729291790518,0.0,0.0,1.0,0.4,0.0,0.5167456292630341,0.0,0.41001462246754966,0.0,0.3422277673072016,0.31763654726956103,0.22541727058294314,0.0,0.8,0.0,0.8,0.4005179976371137,0.5733193211922283,0.0,0.5096236073660058,0.8,0.2,0.0,0.4386824027016235,0.0,0.25826078360448784,0.0,0.6,0.4885150745216138,0.25726831216147994,0.025169337691447618,0.0,0.6134758076976032,0.0,0.8,0.7231175267859968,0.5359226920867256,0.0,0.799819198456387,1.0,0.0002469418053538123,0.7999934560628069,0.01861171094967,0.99998422086361,0.0,0.6759550139976735,0.0,1.0,1.821962405539041e-12,0.0,0.999988610716151,0.0023818171296168,0.0,0.0,0.0,0.0,1.8209162493914906e-06,1.0,6.869661745649508e-14,0.09995467471094818,1.0,0.6532776889796029,0.9802926432398548,0.5775560126717658,1.0,0.9018139257819769,23.0,4.0,0.35260115606936415,0.0,0.3333333333333333,0.0,0.0,0.0,0.0,0.0,0.0,0.0,0.0,0.0,0.0,0.0,1.0,1.0,0.0,0.0,0.0,0
VAR_003070,0.004663621708266754,0.22387032923563716,0.02134516463541766,0.042021753764329886,0.033123987829556535,0.004204072812663813,0.00013188986350635783,0.00010371003849556392,1.6855818084722022e-05,0.14286188107384637,0.00823483508713866,13.0,0.64193490811921,0.14796769388463654,0.21800912302219616,0.062418233900271736,0.23041688852810988,0.26000086265886274,0.3994342032575549,0.6,0.3570710654671921,0.0595048897859813,0.4886978081157821,1.0,0.6,0.8,1.0,0.44035678277115603,0.04473140550175704,0.5966520981212092,0.03027551912776278,0.07169191100462996,1.0,0.04205664473547305,0.6887006622010624,0.6,1.0,0.6,0.5705924628438167,0.6,0.08005631233241348,0.6,0.9865680014921729,0.43281495311218804,0.4,0.4,0.8,7.0,0.4375944526175746,1.0,3.0,3.0,0.9069301179256226,1.0000000000000002,0.8599080451364725,1.0,0.0,0.9999999999999951,0.0,0.0,1.0,0.6929299319713843,1.0,0.0482721836025237,0.433141317856508,0.0038255849900481,1.0,0.0,0.7024071086301662,0.0135777812984955,0.0,0.0999999087109719,0.0049202437904771,8.065008534169737e-05,1.0,0.0,0.0925245248993899,0.12698199980581498,1.0,0.2423539865749152,0.0,0.0031122533593638,0.0,0.0,0.8,0.16843258963386282,3.0,0.005910598219067197,0.4777361793736937,0.276487263296951,0.0,0.4333240052240118,0.0,0.22020852523185278,0.0,0.04722079998549986,0.0,0.02209828808155063,0.0,0.6648459204254231,0.0,0.6740925633114208,0.0,0.0,0.42516261972203634,0.0,0.0,0.8,0.5428456326828319,0.0,0.4,0.0,0.46786230313132543,0.0,0.5450461925500368,0.6152674036844764,0.0062877008808439865,0.0,0.8,0.0,0.6,0.48859096117277406,0.5720696214613846,0.0,0.17263680675792042,0.6,0.4,0.0,0.6970305544657024,0.0,0.24207638487560995,0.0,0.37976384259194684,0.8109335513445348,0.059678954774476455,3.723137379177413e-06,0.0,0.8189303144938223,0.0,0.68221554072664,0.7889735035621487,0.7991758187774323,0.0,0.6948398370603598,1.0,0.022179434115270374,1.0,0.00960885523514,0.999992564049854,0.0,0.6607432919034231,0.0,1.0,1.075739007063898e-12,1.0,0.999636193139644,1.4969354049984085e-07,0.0,1.0,0.0,0.0,0.08669175604641345,0.0,0.095552254188533,0.09928635815292139,1.0,1.0,1.0,0.9437129170141114,0.9706243279865934,1.0,0.0,22.0,0.6184971098265897,0.5,0.6666666666666666,0.0,0.0,0.0,0.0,0.0,1.0,0.0,0.0,0.0,0.0,0.0,0.0,1.0,0.0,0.0,0.0,1
VAR_003151,0.46106494082897886,0.0202382913477206,0.1176216101747082,0.013444301569539841,0.0002798279448931158,1.621679741279568e-19,0.4754610543328654,0.32140077470654266,0.015184503340492553,7.431235764751706e-05,0.10567823638765428,16.0,0.6767887405393292,0.10674876720401816,0.35995665085820916,0.21933640918175307,0.031652711757080856,0.4018356751241281,0.23581510613043366,1.0,1.0,3.6224353044993823e-09,1.0,1.0,1.0,1.0,1.0,1.0,2.5190495751024177e-14,1.0,0.0006084600359997,3.1057062066772643e-13,1.0,0.0011531573304801,1.0,1.0,1.0,1.0,1.0,1.0,0.0155901680897345,0.0,1.0,1.0,1.0,1.0,1.0,3.0,0.0996650977200132,1.0,1.0,1.0,1.0,1.0000000000000002,0.8470496734544172,1.0,1.0,0.062167751308895,1.0,1.0,1.0,1.0,1.0,0.6393071747511366,1.0,0.4039299995843784,1.0,1.0,1.0,0.7217772684638781,1.0,1.0,0.41067,0.014040291092976448,1.0,1.0,1.0,1.0,1.0,0.036769890778127035,1.0,1.0,1.0,1.0,1.0,0.572726244708238,1.0,0.14160749177791035,1.0,0.3356358994305464,0.0,0.0999999999942904,0.0,8.352862891673023e-15,0.0,0.0043098219562909,0.0,0.035240431226725676,0.0,1.0,0.0,1.0,0.0,0.0,0.9998496886912672,0.0,0.0,1.0,1.0,0.0,1.0,0.0,0.0,0.0,0.451218472725789,0.908493026672964,1.2566498556179945e-07,0.0,1.0,0.0,1.0,0.0025135585548369996,1.0,0.0,0.9981295535284169,1.0,0.0,0.0,1.0,0.0,0.0052584290400979,0.0,1.0,1.0,0.09999999983791132,3.156463968614269e-07,0.0,1.0,0.0,1.0,3.300837948083133e-06,0.9569327729237888,0.0,4.4480725659146215e-13,1.0,0.4452847480856082,1.0,0.9999803661284811,0.659167930622238,0.0,1.0,0.0,0.0,0.00477729164491411,0.0,4.731694779231101e-07,0.0999796820950691,0.0,1.0,1.0,1.0,0.9997964847539104,1.0,0.0999999628236893,1.0,0.986617586170724,0.9663339142655408,1.0,0.8160455544480567,1.0,0.9592087359469925,9.0,21.0,0.17919075144508673,0.33333333333333337,0.5,0.0,0.0,0.0,0.0,0.0,0.0,0.0,0.0,0.0,0.0,1.0,0.0,1.0,1.0,1.0,0.0,1
VAR_002808,0.004734035557274912,0.010563461070720216,0.016821744852401014,0.0015591492536278099,0.006809501180853801,0.02747384954598681,0.0024340044967067916,0.0018783367537938392,0.021342067802444884,0.10843933941817606,0.026372878291352767,25.0,0.6800044086079646,0.23033904272807232,0.19628704381973788,0.2387505280388954,0.2305977115215113,0.4018357139295604,0.21897813555886428,0.0,1.0,0.0998591388331544,0.0,0.0,0.0,0.0,0.0,0.0165263503371941,0.0999996984550667,0.3659759948265202,0.099999413117734,0.07355863074852823,1.0,0.0999999996637141,0.0,0.8,0.6,1.0,0.4,0.2,0.056145204262455284,0.8,0.7504230594463864,0.4119635065855654,0.4,0.8,0.8,7.0,0.39834067442798227,0.4,1.0,1.0,0.8651269298219819,0.9710898740496849,0.8386578741818203,1.0,0.0,0.999377343857774,1.0,1.0,0.0,0.4274364783107566,0.0,0.0999999886485725,0.3761219366394809,0.0020650159821865,0.0,0.0,0.7417521158287004,0.0025401694408204,1.0,0.0999973770702556,0.0999998241828326,7.234201265510422e-08,1.0,0.0,0.0,0.040213462562412684,0.0,0.14021404915031258,0.3550397522305112,6.88920949208454e-06,0.0,1.0,0.6,0.06973130474013953,1.0,0.0028995710383589767,0.7925629024993492,0.47392189500357257,0.0,0.0006013211391528499,0.0,0.02829383528509936,0.0,0.020522720546054852,0.0,0.07881541081660766,0.0,0.4530290097667674,0.0,0.6,0.0,0.0,0.6000164647920657,0.0,0.0,0.4,0.33336351087579863,0.0,0.4507431549607679,0.0,0.3684500623867,0.0,0.265300451598092,0.2070898952704135,0.2400193444597344,0.0,0.6608832049849364,0.0,0.8749713794471446,0.4070496356427534,0.567544809153149,0.0,0.3711624335022873,0.6,0.4244463880979015,0.0,0.2462007884288256,0.0,0.04047918873847537,0.0,0.03785886312370082,0.7967519959152874,0.054531171807479045,0.0007366081101871107,0.0,0.7107089829624774,0.0,0.6,0.9987965818472677,0.6799574887742027,0.0,0.6033351272708198,1.0,6.804301546373603e-08,1.0,2.9431206093124496e-06,1.0,0.0,0.5080275660183255,0.0,1.0,0.0009732972522793314,1.0,0.999994746317222,1.0165500787663121e-07,0.0,0.0,0.0,1.0,0.09530480616902956,0.0,1.1618396152327186e-05,5.743079506127043e-07,0.980491431105984,0.8684221523315517,0.983235958784861,0.7426716223376466,1.0,0.8653904695553168,12.0,17.0,0.10982658959537572,0.33333333333333337,0.16666666666666666,0.0,0.0,0.0,0.0,0.0,0.0,0.0,0.0,0.0,0.0,0.0,1.0,0.0,0.0,0.0,0.0,1
VAR_002653,0.007847994901886562,0.00024210157256915836,0.0006162896890019815,2.8209198820041663e-15,0.06486200838409692,0.22633385229544992,2.6289633585900625e-05,0.0001967703354083798,4.666938180567774e-07,0.21751939852222668,0.2720162327747723,2.0,1.0,0.2456950376115995,0.0,0.0021686084643985503,1.0,0.0,0.0323022006109227,0.0,1.0,6.681560217851209e-07,0.7759273762165447,1.0,0.0,0.0,0.0,0.0014663221864573,0.0965695298985668,0.2635321548093942,3.4558470995995796e-19,0.0011093143790539357,0.0,0.0859771865496062,1.0,0.5960182384368461,1.0,1.0,0.3324781423457876,0.0,0.99855368294204,1.0,0.0,0.5202015928724433,1.0,0.0,1.0,2.0,9.77361624208344e-05,1.0,3.0,3.0,0.746285933753599,0.9723585466098836,0.7737382864601436,0.6,1.0,0.41026817635696516,0.31732001627466716,0.8,0.45650018327543834,0.8409720080857241,1.0,0.08482371200778065,0.7256089816469332,0.0929619445512279,0.49911257277824833,0.4,0.6113152433516685,0.49272129059311237,0.5461656902278251,0.4617816024952307,0.22445008030394908,0.049708006193836876,0.9167989415719091,0.2,0.4527931605386872,0.18857075153686226,0.8539444538322497,0.4307184573636047,0.7979127904162822,0.1369893232875776,0.903409944758998,0.6,1.0,0.04015825841017519,3.0,0.2680920641013831,1.0,0.4606049482407542,0.0,0.0999997168300999,0.0,0.1,0.0,1.0,0.0,0.0798960008820082,0.0,0.2906699851880397,0.0,1.0,0.0,0.0,0.0,0.0,0.0,1.0,1.0,0.0,0.0,0.0,0.0,0.0,1.0,0.999999999995274,6.902032354339459e-06,0.0,1.0,0.0,1.0,0.097042395676992,0.9227634281690844,0.0,0.9972211275538969,1.0,0.0,0.0,0.3510768246130678,0.0,3.219672985649166e-10,0.0,1.0,0.00014914791708697374,0.09999999999999981,6.976535246585905e-06,0.0,0.8945010277803753,0.0,1.0,0.8811099689910961,1.0,0.0,0.9346755037132061,0.0,0.007821120741061038,0.0,0.998534640971076,0.9999826426570629,0.0,0.0,0.0,0.9095169905839784,0.011709623853424797,1.0,9.601383608460928e-13,0.0999999999986712,0.0,1.0,0.0,1.0,0.0017052239679481353,1.0,0.0997655012324198,0.001838111312241685,1.0,0.1491798850545276,1.0,0.976242138745311,0.9307293969900221,0.9996163087228707,15.0,5.0,0.47976878612716767,0.8333333333333333,0.3333333333333333,0.0,0.0,0.0,0.0,1.0,0.0,0.0,0.0,0.0,0.0,0.0,0.0,1.0,1.0,0.0,0.0,1
VAR_003202,0.02640421677342041,4.235269042663616e-22,0.4410811186572166,8.013946402999735e-06,0.030036325818926367,0.06725508599198851,0.0005427196149419224,0.009513703391203271,1.1223351323217293e-19,0.10705495285652572,0.0732017979007955,11.0,0.6767887405393292,0.10674876720401816,0.35995665085820916,0.21933640918175307,0.031652711757080856,0.4018356751241281,0.23581510613043372,0.0,0.0,0.0942663341067888,0.1971215120295097,0.0,0.0,1.0,0.0,0.0128886844279455,0.0005312609455872,0.2046223868348408,0.0999432327207274,3.6615273051115376e-09,0.0,0.0124909176833129,0.0,1.0,1.0,1.0,1.0,1.0,0.999997912761048,1.0,0.0,0.4677384814582598,1.0,0.0,1.0,1.0,6.44826017683184e-18,1.0,1.0,1.0,0.7537748609938615,0.7348361919113254,0.8212629933306517,1.0,1.0,0.054232469798932995,0.0,1.0,0.2305924138806599,0.2939408848747718,0.0,0.005720400000054499,0.383039768185041,0.0876819440509442,0.0,1.0,1.0,0.0482628841201438,0.9160544096458602,0.0382602410315534,2.5456412729226127e-09,7.663754235233171e-17,1.0,0.0,0.1404295607449564,0.10350027879247214,0.0,0.009234000782873434,1.0,0.0048723222113027,1.0,0.0,1.0,0.019800203211361594,1.0,0.04042722108937634,1.0,0.0,0.0,0.9994007857158308,0.0,1.3837924702407793e-16,0.0,6.256093412428419e-05,0.0,7.80352175031101e-07,0.0,0.0,0.0,1.0,0.0,0.0,0.0999998862298223,0.0,0.0,0.0,0.7251294857937287,0.0,1.0,0.0,0.0500228301749682,0.0,0.0,0.031447555223775,0.099999989297744,0.0,0.5168330866767825,0.0,1.0,0.9999999898396481,0.2614338363588497,0.0,0.9806842305496879,1.0,0.1535156874748913,0.0,1.0,0.0,1.6555379150983286e-09,0.0,0.0,0.373234746509,0.09999969789583521,0.09767662936857748,0.0,0.2807505941972961,0.0,0.0,5.535143589808963e-06,0.1037142784175035,0.0,0.9999999874853438,1.0,0.012554642050448704,1.0,0.9994130069254201,0.999995440438146,0.0,1.0,0.0,0.0,1.2361402333238107e-05,1.0,0.36700513727601103,6.259168666236614e-08,0.0,1.0,0.0,1.0,0.07138237284234795,0.1766250155135592,0.0999983393431884,0.029512278478098387,0.9827846580235686,0.9842395687107498,1.0,0.4125037039417162,1.0,0.7635976719148672,9.0,21.0,0.17919075144508673,0.33333333333333337,0.5,0.0,0.0,0.0,0.0,0.0,0.0,0.0,0.0,0.0,0.0,1.0,0.0,1.0,1.0,0.0,0.0,0
VAR_002801,0.0033187279485729607,0.009024766069387713,0.005915980281516076,0.0031281521365108095,0.08542547826903389,0.0020676888395316337,0.00355292389720926,0.00799075091961151,0.003497627811090786,0.0024324562365397396,0.023935516153808015,8.0,0.7148582410280839,0.15181872377056016,0.19313105675376754,0.21977013087463276,0.23165271175708088,0.38183571326706955,0.22543596367820984,0.6,0.6230962758389499,0.07924058341222875,0.3953925557721837,0.6,0.5739045164268226,0.8,0.4,0.04019802558624952,0.046934867275406536,0.6247476001193285,0.0653211086633418,0.16852563623524366,0.6,0.07629858386600107,0.6,0.4,0.8,0.494277753448878,0.6,0.8,0.21415334909712622,0.8,1.0,0.2985308851678174,0.8,0.6,1.0,7.0,0.22796201954806578,0.4,3.0,3.0,0.8298602363139458,0.9741326085141728,0.8588318796980535,0.3790512055512553,0.4,0.5948015090779828,0.25062381798148736,0.8,0.6082968075949333,0.3511945799164592,1.0,0.059789905821121515,0.3437264390592638,0.039087872131098544,0.6,0.4,0.6651871493844129,0.1298600025946985,0.6,0.059996329506076494,0.14710655599085423,0.002268690687393895,0.5233131519840544,0.5125699585301324,0.4113569515957911,0.14634666614792413,0.6,0.03720578608900285,0.29620040669831893,0.08847180474779243,0.22653861992536517,0.6,0.4,0.031719728383430255,3.0,0.028220945114212543,0.4323312228177003,0.22788840568845736,0.0,0.047509699397372165,0.0,0.06853615731168217,0.0,0.0468197955694933,0.0,0.07873845626934847,0.0,0.3875967105420128,0.0,0.6905686442974439,0.0,0.0,0.05918456990319461,0.0,0.0,0.7134113572896709,0.5849551395667046,0.0,0.39942948235998266,0.0,0.5330044628555549,0.0,0.40561263404532416,0.5400989976329099,0.06094822310814311,0.0,0.41333166149121114,0.0,0.4196649814406199,0.6481104206814208,0.27836224695595935,0.0,0.3988554990808517,0.7879485409121679,0.34847583034783847,0.0,0.2591432397983532,0.0,0.08028407598411015,0.0,0.25407251084987015,0.48916644582288127,0.04186085173634977,0.00038481315196184796,0.0,0.6733107575682156,0.0,0.8,0.22716473813768406,0.21411957712300106,0.0,0.36148288402503775,0.2,0.0021491371086455584,0.6,0.8166290232488078,0.34330307356222783,0.0,0.21352780462825338,0.0,0.9415524886335385,0.05907807688253402,0.8,0.664343145448473,0.04013066671910072,0.0,0.4,0.0,0.8,0.06280575367518118,0.6,0.05935947895522061,0.053080538113978254,1.0,0.4032683376164258,1.0,1.0,0.9656874009235556,0.9834842221311684,19.0,19.0,0.4739884393063584,0.6666666666666666,1.0,0.0,0.0,0.0,0.0,0.0,0.0,0.0,0.0,0.0,0.0,0.0,0.0,1.0,0.0,0.0,0.0,1
VAR_002951,0.013358682852733231,0.009193116921025543,0.01704539940051093,0.01649832523880336,0.031945434629118856,0.01495715645293551,0.012318546730092729,0.019392535046790935,0.018704794903140896,0.0008763300533977642,0.012628410123145013,26.0,0.6767887405393292,0.10674876720401816,0.35995665085820916,0.21933640918175307,0.031652711757080856,0.4018356751241281,0.23581510613043366,0.0,1.0,0.09965945159691,0.0,1.0,1.0,1.0,1.0,4.097514173686355e-11,0.0999999994102386,0.0,3.161782590413508e-06,4.535136331504711e-05,1.0,0.0115239783707851,1.0,0.8,1.0,0.6,0.0,0.6,0.053083922397550776,0.6,0.9599278985182895,0.38541360759041365,0.4,1.0,1.0,7.0,0.21431549241529524,0.2,1.0,1.0,0.8861713717793551,0.9011103494150523,0.8486827302460964,0.2,0.4,0.8092729704297412,0.2,0.6,0.6855312419980029,0.14841333284487437,0.8,0.04989327556306052,0.1339976498096304,0.06685788202723728,0.4,0.6309421966676056,0.34835042316574005,0.20681268591045515,0.7107366693371814,0.22354570901019785,0.2970902755130066,0.007513099229062443,0.3886583542298352,0.027156992685713283,0.26435000384584645,0.22959861430640294,0.4440363341558493,0.06513771123014557,0.29497535759766225,0.07872790901398585,0.555282181659899,0.8,0.6,0.059143337690961625,1.0,0.002015352884538508,0.4,0.5659685346415851,0.0,0.02449727243935063,0.0,0.03931734496647374,0.0,0.22006189590043532,0.0,0.07150805998408995,0.0,0.4,0.0,1.0,0.0,0.0,0.25387137554041816,0.0,0.0,0.6,0.33336351087579863,0.0,0.3620919888247215,0.0,0.2855930960576516,0.0,0.4,0.3936951541286108,0.05990609123521462,0.0,0.7784565842285163,0.0,0.6,0.38276544443856486,0.4029245680265966,0.0,0.39161310922671366,0.744256452881416,0.6,0.0,0.35860184043082555,0.0,0.02110609328574871,0.0,0.2879556439352529,0.5613545102867722,0.05659537475761425,0.00015048057881407177,0.0,0.6,0.0,1.0,0.5185008579938203,0.715076397602787,0.0,0.31189980269444095,1.0,2.9202342644062736e-07,1.0,0.681598834485108,0.979311180470567,0.0,0.7911817207810625,0.0,0.6658855741214541,0.0023268963964197995,1.0,0.011879560593837,0.9000194383890544,0.0,0.0,0.0,1.0,0.09999999493048946,0.0,0.1,0.09753394174677009,1.0,0.9515506221777078,1.0,0.9307179218704908,1.0,0.9643139331451394,11.0,23.0,0.20809248554913296,0.16666666666666669,0.16666666666666666,0.0,0.0,0.0,0.0,0.0,0.0,0.0,0.0,0.0,0.0,0.0,1.0,0.0,0.0,0.0,0.0,0
VAR_003156,0.024143158164934144,0.010342155744396059,0.014870086655817774,0.005705353533249768,0.11232663499997135,0.009805702077281448,0.01525947062430256,0.022836335037643766,0.018565204794788386,2.7580092970903533e-06,0.02766508695205759,30.0,0.9034855871682279,0.2670196691266908,0.24262704280915526,0.03416906587014889,0.40135036453329404,0.2218343609538014,0.405249409861378,0.6,0.4,0.07749603487984683,0.8,0.6,0.47145242946929705,0.6,0.6,0.03568653834445782,0.021538674126095628,0.33954680095837936,0.019683446144243492,0.006140955910700874,0.6,0.05905967132801111,0.4,0.6,0.8,1.0,0.7703466702690313,0.6,0.25912266933361155,0.6,1.0,0.8875022273702818,0.8,0.7980320218903412,1.0,7.0,0.44720498210709136,0.4,4.0,4.0,1.0,0.9918497885849422,0.889696833311942,0.6,0.8,0.21726538131870843,0.3687600264607328,0.6,0.26041971247400647,0.4207766321602232,1.0,0.09926221314888244,0.4607717883906345,0.05408017814507969,0.2,0.8,0.6,0.3375451962679425,0.8,0.3391405490990837,0.1357644057800253,0.008183867504024632,0.5389207373155569,0.7874523732707683,0.571790971745543,0.26733999412283477,0.6894482966318345,0.43644131751993664,0.5661358512633508,0.27909627729393716,0.8,0.6403518396876952,0.6,0.12571869084826287,4.0,0.003548030530023364,0.4883006280517191,0.5198382158094204,0.0,0.22010758953901832,0.0,0.022804669395592284,0.0,0.4338907771923427,0.0,0.022934433719174103,0.0,0.32567028292805894,0.0,1.0,0.0,0.0,0.5807903272460477,0.0,0.0,1.0,0.6699524984448549,0.0,0.2895789289241403,0.0,0.0011587857034909802,0.0,0.6,0.5528139519961569,0.030673747931132457,0.0,0.6,0.0,0.9760542587957571,0.5933642477556262,0.6622314982925026,0.0,0.4037703286631813,0.4,0.6,0.0,0.44035368579776646,0.0,0.06006605816116868,0.0,0.5042953047413634,0.6099742021569351,0.08036900626291008,0.0017978069618247118,0.0,0.4,0.0,1.0,0.6516052964504782,0.6,0.0,0.6025741497522062,0.0,2.6969588398596724e-07,1.0,7.112177691996167e-11,0.008979506999051999,0.0,0.3469012027850622,0.0,1.0,1.712765757355119e-05,0.0,2.129338978713363e-06,0.0109837773575856,0.0,1.0,0.0,1.0,0.09999999999997447,1.0,0.0953825085189991,0.09999999999999999,0.9969373477502124,0.9732572657137096,0.9754085458560208,0.7183473889255177,0.9518285330900984,0.8032657357482147,19.0,1.0,0.6242774566473989,0.5,0.6666666666666666,0.0,1.0,0.0,0.0,0.0,0.0,0.0,0.0,0.0,0.0,0.0,0.0,0.0,0.0,0.0,0.0,0
VAR_002940,0.011332582214128396,2.3453059033157342e-06,1.706334106261901e-07,2.982677427011408e-15,0.03686396251951903,2.358327742406651e-05,0.007585118190215711,9.262550973126215e-11,0.00015216601945277524,5.195110844377886e-07,0.030416506238489533,13.0,0.8,0.2867008472115559,0.46780673940250195,0.04835639082962478,0.6026234732421116,0.059238660105603094,0.24413579831978222,0.0,0.0,0.0760124930924315,1.0,1.0,1.0,1.0,1.0,0.9304536654911604,3.0209237185388176e-06,0.9089815794200908,0.0020513189866309,0.09535456869638946,1.0,0.0999006070478046,1.0,0.0,1.0,0.0,0.0,0.0,1.0,1.0,0.0,0.0,1.0,0.0,1.0,2.0,0.0343479380483924,1.0,4.0,4.0,0.8836994283028456,0.8899798041543729,0.6684156528548528,1.0,1.0,0.9897243627471961,0.0,0.0,1.0,1.0,1.0,0.0995642436552001,0.7206999523282254,0.1076387379337811,1.0,0.0,0.0,0.0013842768823567,1.0,8.222127748867521e-09,2.238076395983277e-07,7.441052207032978e-08,0.0,0.0,0.8898033232662242,2.5070887056269703e-08,0.0,1.0000000000000002,0.0,5.513275127796431e-06,0.5423691881768604,1.0,1.0,0.0413620599064094,4.0,0.04427529434905601,1.0,0.0,0.0,0.0,0.0,2.8895866299916087e-05,0.0,0.9999999999997669,0.0,0.0999999995895419,0.0,0.5801819321278618,0.0,1.0,0.0,0.0,0.0155450284113097,0.0,0.0,1.0,0.0,0.0,1.0,0.0,0.5375585603064185,0.0,1.0,0.999991905209493,7.350988204067984e-06,0.0,0.0,0.0,1.0,0.999999996048347,0.0,0.0,0.010309531890571001,1.0,1.0,0.0,0.1641868882943226,0.0,0.0032353816139993,0.0,1.0,0.0017780276002369998,0.0017805537141443854,0.0019235585115609897,0.0,0.0,0.0,1.0,0.6667934976507119,0.0,0.0,0.11205517904790278,1.0,0.01066548834968998,0.2053543042471819,0.6576292803463001,0.0017424813610069998,0.0,0.0,0.0,0.0,0.09999907065026498,1.0,0.9999711361965249,0.0999999117007447,0.0,1.0,0.0,1.0,0.09523073316123307,0.0,3.237040080960152e-16,0.04306939694320409,0.9895259134939286,0.9956576670794712,1.0,0.5428439562832147,0.9367807088526823,0.6841512119735998,23.0,3.0,0.6994219653179191,0.16666666666666669,0.3333333333333333,0.0,1.0,0.0,0.0,0.0,0.0,0.0,0.0,0.0,0.0,0.0,0.0,1.0,1.0,0.0,0.0,1
VAR_002989,0.032779066642725854,0.004724359426288301,0.29405402487889537,0.0011686854784946816,0.011754401570353458,0.0001024535133790813,0.02435152776499209,0.08927200045946423,1.6508918647268882e-08,0.02962989579442273,0.12810632065592506,29.0,0.703485587168228,0.23159152323834997,0.4129102543044853,0.04846108151937048,0.4012534394490677,0.24082612142685877,0.4177331538511096,1.0,1.0,0.0999849777427237,0.0,1.0,0.0,1.0,1.0,0.0791428198907049,1.0,0.0,4.8097280330517014e-06,0.00011486619861031653,1.0,0.0998163778438772,1.0,1.0,1.0,1.0,1.0,1.0,0.0151527516498881,1.0,1.0,1.0,1.0,1.0,1.0,1.0,0.0999999976040239,1.0,2.0,2.0,0.8671192167509292,0.6812481182371591,0.3837838930570809,0.0,1.0,4.5594996148115394e-10,0.0,1.0,1.0,1.0,1.0,0.1684800934556254,1.0,0.1000230807254922,1.0,1.0,1.0,0.2146599999470462,1.0,1.0,0.2266200022403799,0.016430569735751552,1.0,1.0,0.1583919228973315,0.23192893538239878,1.0,0.12128764299922386,1.0,0.1760856236905221,1.0,1.0,1.0,0.08838813525798599,2.0,0.108600694294658,1.0,1.0,0.0,1.0,0.0,0.0999999999721227,0.0,4.044336626500363e-09,0.0,0.0999987919107576,0.0,0.8491300491671534,0.0,1.0,0.0,0.0,1.8283277822707542e-06,0.0,0.0,1.0,0.0,0.0,1.0,0.0,1.0,0.0,1.0,2.169455804655286e-08,0.0012629237509841,0.0,1.0,0.0,1.0,0.9999974942649301,0.4657140830041623,0.0,0.999999947805235,1.0,1.0,0.0,1.0,0.0,0.0999460864807162,0.0,0.1964024423501914,0.005124954201301,0.09999999999993861,1.6731036346740108e-08,0.0,1.0,0.0,1.0,0.00010034977699497948,0.9460906522468756,0.0,0.06775728548444418,1.0,0.03449700395167678,1.0,0.58028210014825,0.998633145516236,0.0,1.0,0.0,1.0,0.0991814927070394,1.0,2.268706633237342e-11,0.0004178068924656,0.0,1.0,0.0,0.9868583654666878,1.5678790685397873e-10,1.0,0.0954536882340872,0.09999945640723638,0.0,0.9317775063885853,0.0144825978156271,0.1372939584533795,0.5880293878955501,0.32909092332232914,16.0,11.0,0.9595375722543353,0.16666666666666669,0.6666666666666666,0.0,0.0,0.0,0.0,0.0,0.0,0.0,0.0,1.0,0.0,0.0,0.0,0.0,1.0,0.0,0.0,1
VAR_002882,0.024923116587160496,0.03559776356819351,0.0543630923747638,0.022071952762960673,0.017377495721755638,0.051327629103650525,0.02667595354479754,0.020535441214002307,0.0038462926709453018,0.0004083068817798205,0.001959887890554865,28.0,0.6800044086079646,0.23035757363295106,0.19628704381973788,0.06241826828855956,0.2304168885291395,0.42183436095045584,0.3826074602785468,0.4147960236400376,0.2,0.07049531275756672,0.7940628899846297,0.4,0.15748428834324862,1.0,0.6,0.053333686675122186,0.04743724855443487,0.49522590541784445,0.0399754085925131,0.020355337059576324,0.8,0.07928313974207299,0.2,0.4,1.0,0.8,0.4,0.4,0.050656422790257984,0.4,1.0,0.7854136075904137,0.6,1.0,1.0,7.0,0.04126755584416166,0.2,2.0,2.0,0.9206122154508012,0.9333121697110098,0.8120356507405897,0.2770484532788605,0.0,0.12451097423645902,0.5944485463739984,0.0,0.5216582559138936,0.0997744035246562,1.0,3.283310282022665e-17,0.0122424558098846,0.0993213928339463,0.0,0.0,0.4263473011701866,0.0053828328129208,1.0,0.1276275685452186,0.0008278399730835,0.0004865316657130797,0.0396026502459627,1.0,0.4923143287956612,0.09950400109905352,0.3333050577569315,0.07374364300002474,0.0,0.0,0.1127560398312341,1.0,0.7107565476447318,0.06095021361353656,2.0,0.0008709252444652131,1.0,0.5967643534684054,0.0,0.23477651885654588,0.0,0.22946887480521966,0.0,0.03220056417833072,0.0,0.05998735772415783,0.0,0.739200301875007,0.0,1.0,0.0,0.0,0.06861707159487478,0.0,0.0,0.8,0.2961303049146071,0.0,0.2783986077092492,0.0,0.8024991756385017,0.0,0.4,0.40293204492796153,0.07990083599955937,0.0,1.0,0.0,0.8,0.3090294776841338,0.18650308670849935,0.0,0.7184274726629927,0.9442564528814159,0.4,0.0,0.30802461213731075,0.0,0.23999938703226378,0.0,0.48795564393525287,0.23398942682932733,0.05969734464930942,0.003373891470789282,0.0,0.8,0.0,0.8,0.128597342938578,0.241161140890795,0.0,0.9000484578093623,1.0,3.532214067528968e-05,0.0,0.067389427533934,0.0006121691336199643,0.0,0.0,0.0,0.0,0.08748556430933985,0.0,0.00016554934589753937,0.0913565141040184,0.0,1.0,0.0,1.0,0.09982410174771386,0.0,0.0624160953835777,0.00023901069533698477,1.0,0.9958127011418292,0.967899568074828,0.8317440276887184,0.9362355615126329,0.7943382901044668,7.0,22.0,0.7456647398843932,0.0,0.6666666666666666,0.0,0.0,0.0,0.0,0.0,0.0,0.0,0.0,1.0,0.0,0.0,0.0,0.0,0.0,1.0,0.0,1
VAR_002757,0.010551969291954011,0.01798633517582285,0.007378773277798864,0.00016577190768741457,0.0974781577686896,0.0012512499582513317,0.00790569491613927,0.006024565425944369,0.005425207517508144,0.04595315694581286,0.027613710786946164,8.0,0.6800044086079646,0.1930191195462999,0.0511835289177545,0.23918421534348727,0.43059771152048176,0.22000225378090862,0.2254257360856486,0.8,0.8,0.042119685772780205,0.19578887137403472,0.8,0.32853859225455995,0.6,0.6,0.04249942598172871,0.05361151363666886,0.3285498493156483,0.030428030336493876,0.1398217907747259,0.4,0.06742373414548847,0.26316218599285773,0.6,0.6,0.8,0.2975193088771039,0.8,0.0529801029232045,1.0,1.0,0.4,0.6,0.8,1.0,7.0,0.25999769784358817,0.6,3.0,3.0,0.8014775374004193,0.9491525120900148,0.8701858236249431,0.3219033845116351,0.6,0.22751838262326357,0.380814665010469,0.6,0.3781820111081827,0.2400543066922415,0.8,0.040039204496919736,0.21269794797029057,0.0624203132195645,0.5011874987129434,0.25947245644858474,0.5908096982404458,0.3498198285808297,0.5224116093980302,0.025796299861370064,0.06845741183029823,0.0011635266217271776,0.00967417443440512,0.4,0.2,0.25314517417810806,0.5480090371173486,0.04224647280989282,0.0882570374153305,0.03774781137827953,0.26625357033618957,0.8556081805416481,1.0,0.032800251098416486,3.0,0.0631382193070737,0.7018777269175673,0.46991428490634857,0.0,0.27858912641400835,0.0,0.263024986518797,0.0,0.24356717199284197,0.0,0.2471622736790925,0.0,0.458133997037608,0.0,0.8905686442974441,0.0,0.0,0.06006923628903428,0.0,0.0,1.0,0.6,0.0,0.17132267371106596,0.0,0.6124238715625546,0.0,0.8,0.5914056279592167,0.24036852525866065,0.0,0.5378036734945808,0.0,0.9458622325453859,0.49339675015942913,0.45052952312312666,0.0,0.7800005329644661,0.6380081238453655,0.4,0.0,0.3187428205007354,0.0,0.23757622146633284,0.0,0.25407251084987015,0.6762453704252104,0.25568856161473114,0.02001591404179958,0.0,0.7789002055560751,0.0,0.8,0.5713343893099607,0.6372329492443602,0.0,0.4022230413154924,0.8,0.009358991441107932,0.5504441410322285,0.39809545975252264,0.5340897017742865,0.0,0.309886532513955,0.0,0.5604071765539093,0.0598181208840353,0.4391252949077916,0.4960951821129109,0.03525478254176662,0.0,1.0,0.0,0.4,0.028787884797922828,0.6017372248583466,0.0584471750787644,0.04003678918752354,0.994193631023998,1.0,1.0,1.0,0.9864559345845266,0.9971647153238498,15.0,10.0,0.4566473988439307,0.6666666666666666,0.3333333333333333,0.0,0.0,0.0,1.0,0.0,0.0,0.0,0.0,0.0,0.0,0.0,0.0,1.0,0.0,0.0,0.0,1
VAR_002855,0.03028540877396557,0.0079688665403042,0.0295290871822267,0.008874673598396039,0.024179416643245265,0.046768050795792375,0.026516859611237904,0.039741075331659464,0.005174427390908217,7.3788883603413576e-06,0.02014551625965643,13.0,0.7148582410280839,0.1033168752316373,0.19313105675376754,0.4193364091817531,0.03167620851517183,0.398947468434367,0.2389751049132227,0.0,0.0,0.0994997159914769,0.0,1.0,0.0,1.0,1.0,0.0747357267871177,3.167784941942021e-08,0.3862005787161925,0.0932671274397395,0.05169258627416386,1.0,0.0999999987581743,0.0,1.0,1.0,1.0,0.3190275455123584,1.0,0.0012179493130997,0.0,1.0,1.0,1.0,1.0,1.0,5.0,0.0983090339501152,1.0,3.0,3.0,0.9052287763956341,0.8782264125088045,0.7649442991944151,1.0,1.0,0.046812746016807,0.0,1.0,1.0,0.5765438674262781,1.0,0.0407567392835355,0.6038167137010987,0.0374950020857694,1.0,0.0,1.0,0.0056615400940552,1.0,1.0,0.0880924697851284,0.0034660010473100884,1.0,0.0,1.0,0.10031357456497324,0.2323560824863587,0.10860668096952236,1.0,0.0435377518627419,1.0,1.0,0.0,0.07920083237669084,3.0,0.024170443273348267,0.3399853010414435,0.0,0.0,2.9401137384689324e-08,0.0,1.5806745141471024e-09,0.0,1.7433420997632968e-12,0.0,0.049535033799649485,0.0,0.7220216491907756,0.0,0.0119975093311308,0.0,0.0,0.0999456061855274,0.0,0.0,1.0,0.0,0.0,0.0,0.0,0.0210850584434905,0.0,1.0,0.9999999992348491,0.0955063686621671,0.0,1.0,0.0,0.0,2.058558959239289e-12,0.4128856095934874,0.0,0.9997401880163239,0.0,0.0,0.0,0.0,0.0,3.9767203140429066e-05,0.0,0.8887260330274309,8.600110252072314e-08,0.09654027065502592,0.08817128933261638,0.0,1.0,0.0,1.0,1.5520973987998085e-14,0.289250299919114,0.0,2.311139452807682e-05,1.0,0.03157166817619277,0.0,2.8541588964438836e-10,4.327385693570789e-07,0.0,0.4059732064205525,0.0,1.0,0.0013582569768770178,1.0,7.51196520032952e-06,3.354157539919327e-08,0.0,1.0,0.0,1.0,0.09999992634208127,0.1263533238325607,0.0999999997430215,0.09999999999999999,1.0,1.0,0.9802102970813354,0.42381953802577166,0.9424475118681054,0.48076809545967447,16.0,23.0,0.6878612716763006,0.0,0.3333333333333333,0.0,0.0,0.0,0.0,0.0,0.0,0.0,0.0,0.0,0.0,0.0,0.0,1.0,1.0,0.0,0.0,1
VAR_003168,0.06208282721311532,0.014321707292487362,1.0,0.004994276186343567,5.416649249483543e-06,0.0008753625892623304,0.04197411704505315,0.054333420420556146,0.01016087786579754,0.009556527972277169,0.2181208969388558,23.0,0.6800044086079646,0.33205066863426563,0.19628704381973788,0.07248649218750373,0.23135372012854305,0.4218343609538152,0.4000599885411503,1.0,0.6465546000338702,1.3999292923454605e-07,0.0,1.0,0.0,1.0,0.0,0.0096478050335569,1.0,1.0,0.0992897718611755,9.808714946043296e-11,0.0,0.0617914721011333,1.0,0.0,1.0,1.0,1.0,1.0,0.0772484036106265,1.0,1.0,1.0,1.0,1.0,0.0,4.0,0.0999485064674825,1.0,1.0,1.0,0.7744336958777485,0.8842279880806291,0.7380487968448213,1.0,1.0,0.9997907364872689,1.0,1.0,1.0,1.0,1.0,0.2198700000002699,1.0,0.1376198278944521,1.0,1.0,1.0,0.302310724093829,1.0,1.0,1.0,0.045687488609453215,1.0,0.0,1.0,1.0,1.0,0.5706132769546638,1.0,0.8063492440028843,1.0,1.0,1.0,0.35481305331640084,1.0,0.176771395847973,1.0,0.0,0.0,1.0,0.0,1.582497824673292e-12,0.0,0.0030307947002787,0.0,0.011579183118192867,0.0,0.4877805825611978,0.0,1.0,0.0,0.0,0.0999958054330226,0.0,0.0,1.0,0.3669454137340479,0.0,1.0,0.0,0.0852215933018233,0.0,0.0,0.012511740048053,0.0996092338431418,0.0,1.0,0.0,1.0,0.9680043441280981,0.3577561209775881,0.0,7.345786948974802e-06,1.0,0.0,0.0,1.0,0.0,0.0804380268765909,0.0,1.0,0.000969437683996567,1.754206033444832e-05,3.2411894648522446e-06,0.0,1.0,0.0,1.0,0.0,0.0,0.0,3.035153917188561e-05,1.0,0.07076368882629562,0.0,8.885404740984517e-05,0.551444506743115,0.0,1.0,0.0,1.0,3.4558223760434908e-15,1.0,0.998275398652744,0.0005559448237446,0.0,1.0,0.0,1.0,0.0022735171234824353,0.0,0.0016204664786068,0.023960580033569587,1.0,0.950098562583483,1.0,0.44523845458500444,0.9877341329433185,0.62023859558885,6.0,11.0,0.5375722543352601,0.5,1.0,0.0,0.0,0.0,0.0,0.0,0.0,0.0,0.0,0.0,0.0,0.0,0.0,0.0,1.0,0.0,0.0,1
VAR_002869,0.028288552346482032,5.410003229060979e-10,2.8790133091677924e-15,3.672057207138667e-11,0.00019301695866765108,0.0040462845422456995,0.03030084235860416,0.008927837838678147,0.0,0.002890606844941478,0.006715973385816831,16.0,0.703485587168228,0.20791371547302806,0.3153867263973134,0.2284606144082818,0.24049332585428213,0.22082747440256206,0.41792012678314194,0.0,0.0,0.0998616278649477,0.0,0.0,0.4265800738828714,1.0,0.0,0.0948946364970251,0.0593065058424125,0.0,0.001522034908678,2.7671055465934413e-09,0.0,3.044323485928591e-08,1.0,1.0,1.0,1.0,0.9385735974121177,0.0,0.0003081155339658,0.0,1.0,1.0,1.0,0.0,1.0,0.0,0.0023817146310401,0.0,2.0,2.0,0.8458362006646538,0.9819848000676064,0.8651362239365548,1.0,1.0,4.46449883120815e-17,0.0,1.0,0.4716387855099277,7.135846454130878e-14,1.0,0.166932350896146,0.0999976931765903,0.0090729590398579,1.0,1.0,0.0,0.0004947261238354,1.0,1.6351346846743567e-05,4.369281983934063e-08,5.0111191796120444e-11,0.0,1.0,0.0604863214706135,0.0002782128665794563,0.0,0.09791406432132436,0.0,0.0065650013559017,1.0,1.0,1.0,0.06794848158359042,2.0,0.011000102311972612,1.0,1.0,0.0,0.0999999999999844,0.0,0.0999999999442492,0.0,0.0999644647234412,0.0,0.0998533378208988,0.0,1.0,0.0,0.0,0.0,0.0,0.0999999985700811,0.0,0.0,0.0,0.0,0.0,0.0477700210170605,0.0,0.0,0.0,0.9918854489574936,0.010274168982905,0.0019140981466076,0.0,1.0,0.0,0.0,6.8221304607057595e-09,0.1262322809253148,0.0,0.999999358573197,1.0,0.0,0.0,0.0,0.0,0.0999999968069225,0.0,0.7364566686389498,1.1269011039605427e-09,9.21476123108125e-06,8.55538041194547e-07,0.0,1.0,0.0,1.0,0.9833196672710991,0.0623738297936785,0.0,0.00022567909211063708,1.0,0.027227410671283075,0.0,0.002117682370551,0.0008227172876617412,0.0,0.0,0.0,0.0,0.09520157583668146,1.0,8.990648307325372e-21,0.0974457219785276,0.0,1.0,0.0,1.0,0.09522360386982116,0.4562331121610197,0.0079433212519518,8.50297091886652e-10,0.9757859479060388,0.9991700580340844,1.0,0.8298437157649102,0.9420813924308971,0.7505970019540849,21.0,11.0,0.4566473988439307,0.6666666666666666,1.0,0.0,0.0,0.0,0.0,0.0,0.0,0.0,0.0,0.0,0.0,0.0,0.0,1.0,1.0,1.0,1.0,1
VAR_002884,0.006397010968584209,0.0008957038264021434,0.05596744879437017,0.009211386541696663,0.0099057740457921,0.0015931979669356984,0.0024018961883004166,0.00012921052535503833,0.00039034184302104744,0.02247636762804716,0.006735945908884819,8.0,0.5765188214397367,0.3024093098577089,0.22146674041308448,0.06764703832203264,0.6299102905278665,0.25899176179798344,0.24540681712173917,0.5413407340962184,0.4,0.05670847609899109,0.4138703369218458,0.4,0.8,0.8,0.7982056552383661,0.0578219259348746,0.04037243496736955,0.3253945205493967,0.03376768167160614,0.022258973551708743,0.6,0.037126946311272425,0.6,0.6,0.4,0.8,0.6975193088771039,0.6,0.41990470810212005,0.8,0.6,0.41965261507019413,0.8,0.6,1.0,7.0,0.07105476622690433,1.0,2.0,2.0,0.9137176527076578,0.9435976508150696,0.7642232330936444,0.2,0.6,0.5425524431045209,0.2,0.8,0.7060559197395346,0.12260725683948777,0.3228669898530647,0.040954890498270606,0.08942698465673693,0.031151970753796766,0.4,0.4,0.4,0.0865290150873814,0.0,0.03451317585043242,0.04000583285239822,0.015312637741670366,0.4251184960859735,0.7870543023153236,0.00825321247136956,0.05650212143635914,0.5572368672393105,0.07028199441693724,0.3923376635361902,0.04352401624255154,0.02026099731774438,0.8,0.2,0.048573321935356906,2.0,0.0752147964025503,0.6,0.28999481582695175,0.0,0.21916748702588779,0.0,0.09850876518464788,0.0,0.45918435411683206,0.0,0.06366659503186983,0.0,0.524210776635228,0.0,0.5576070336865063,0.0,0.0,0.041335778884746356,0.0,0.0,0.8,0.5117215737261597,0.0,0.33612623674583075,0.0,0.15172679245651127,0.0,0.8021002318973929,0.8318771407535737,0.06957623269140197,0.0,0.2226633501903696,0.0,0.6,0.6824085820943524,0.26298394608174713,0.0,0.31611553689356636,0.8,0.4686396463041424,0.0,0.2,0.0,0.03805529904751434,0.0,0.4,0.6035896280854793,0.0812572221937851,0.004081706191234315,0.0,1.0,0.0,0.8,0.797717336083859,0.3234922006237909,0.0,0.3729513627821268,0.4,0.008630106257442002,0.5504441410322285,0.6648005572986855,0.6290678797490621,0.0,0.24701732677911387,0.0,0.517690754697747,0.02027198047150639,0.24904373287325948,0.4019685636166841,0.059468227326450705,0.0,0.8,0.0,0.6,0.059927456351061864,0.71665633106228,0.020018961336532214,0.05875757531635562,1.0,1.0,0.9946825501223469,0.826036635545127,0.9379334406235385,0.8011821839060421,7.0,4.0,0.300578034682081,0.33333333333333337,0.3333333333333333,0.0,0.0,0.0,0.0,0.0,0.0,1.0,0.0,0.0,0.0,0.0,0.0,1.0,0.0,0.0,0.0,1
VAR_002999,0.00036589019424711363,0.006729786861273566,0.0006044630485987961,0.015942681622060147,2.455745648322232e-08,3.6891997462513436e-11,0.003693707907714329,0.008927200014024802,1.3921173615731505e-08,0.20209374826465717,0.002208574927311611,18.0,0.703485587168228,0.23159152323834997,0.4129102543044853,0.04846108151937048,0.4012534394490677,0.24082612142685877,0.4177331538511096,0.3785781799666965,0.48178645622620825,0.07244966010034043,0.5174303090865047,0.6,0.6152606854901743,0.8,0.4,0.044973964060478835,0.04569735302464785,0.260089245468596,0.0439611493015484,0.00282197376433231,0.6,0.0994466965788745,0.6,0.8,0.8,0.6,0.24021880950542746,0.6,0.2594230146342989,0.8,1.0,0.7053037876488978,0.8,0.8,1.0,7.0,0.21110547249347333,0.6,2.0,2.0,0.842565528055071,0.8162246073072431,0.7891065926272065,1.0,0.0,0.987794509743478,1.0,0.0,0.0,0.03400329982992889,1.0,0.0005047219654221992,0.1131849935846577,0.0010406406815056,1.0,0.0,0.0,0.0986935434306152,0.0,0.0999999912349924,0.0,3.4626788170650018e-06,0.3944225488003,0.0,0.0681294324332458,0.0933732287574894,1.0,0.11030207625410866,0.0,0.0353409237907228,0.5246993968487996,0.0,0.8,0.052401379038682486,2.0,0.0006794951697026473,1.0,0.4750311305423963,0.0,0.05993352199492543,0.0,0.6200025384952934,0.0,0.07696646807326805,0.0,0.27205948274267644,0.0,0.6191565189236261,0.0,0.7144752890328019,0.0,0.0,0.22091160257000278,0.0,0.0,1.0,0.26877755032739803,0.0,0.11398518196767464,0.0,0.7227493564056562,0.0,0.7235446698195244,0.35006674372492874,0.2669709085707133,0.0,0.5637585630460722,0.0,0.8,0.5965787035996492,0.5915970650272145,0.0,0.05895018379227921,0.8,0.4,0.0,0.19385517410514747,0.0,0.6000000083807151,0.0,0.2564407735786299,0.7604385279735998,0.26009568187631005,0.024851139002970413,0.0,0.6759176736129646,0.0,1.0,0.7750578320630324,0.4,0.0,0.5995829101760375,1.0,5.1119514072781817e-08,1.0,0.11082645117544801,2.7614899652117882e-05,0.0,0.0,0.0,1.0,0.0029801186864303335,0.0,0.00011419392983430697,0.0004845107439259,0.0,0.0,0.0,1.0,0.09999995016546247,0.0,0.0994425383046903,0.006880350841131884,0.9714028485893466,0.96042387263202,0.9705698241970032,0.3302442420275028,0.9442001708018248,0.4809632805305691,15.0,8.0,0.4971098265895954,0.5,0.6666666666666666,0.0,0.0,0.0,0.0,0.0,0.0,0.0,0.0,0.0,0.0,0.0,0.0,1.0,0.0,0.0,0.0,1
VAR_002607,0.020479928042053716,5.8845606836863685e-16,8.306431271572754e-16,5.187252752110988e-05,0.0005261017906159671,0.0001981113629241365,0.005369484957502155,0.00893164967481682,0.005072318581865288,0.047494724018420045,0.005881097882524739,28.0,0.5148582410280839,0.21810220378841266,0.36341426824909756,0.06779811067246269,0.23231179527988638,0.4208261207643817,0.4190015606502275,1.0,0.0,0.0999840030521363,1.0,0.0,1.0,0.0,0.0,0.0999999999999865,0.0997071875523871,0.3437164441819203,8.084800032707983e-06,0.02500073541734133,0.0,5.969475942385465e-11,1.0,1.0,1.0,1.0,1.0,1.0,0.0993293584159261,0.0,0.7203466822643181,0.0,1.0,1.0,1.0,5.0,0.0005830083847585,1.0,4.0,4.0,0.8589453632998463,0.5327377911883948,0.7192503161541816,1.0,1.0,0.069452790241912,1.0,1.0,0.1610035008008549,0.4287840458476166,1.0,0.099999999351014,0.4594325615303586,0.099963435419441,1.0,0.0,1.0,0.4155708094388626,0.0,0.6813,0.655020000000034,0.022905767025605928,1.0,1.0,0.1613781322767874,0.39348019041437565,1.0,0.012693283716669536,0.0,0.0999546301518847,1.0,1.0,1.0,0.006046885189367684,4.0,0.04694990789911465,1.0,0.012085881315106,0.0,0.0998204902915863,0.0,1.6333560477169055e-17,0.0,0.0094945216381328,0.0,0.007547123357716365,0.0,0.1487335108678935,0.0,1.0,0.0,0.0,0.0970641466678394,0.0,0.0,1.0,0.2608194424889001,0.0,0.2507935265075416,0.0,0.0,0.0,1.0,0.028116029590327,0.0930923184420454,0.0,1.0,0.0,1.0,0.001611840398236,0.0,0.0,0.9670051723746489,0.4574133642892999,0.8549717296804257,0.0,0.0286601360621744,0.0,0.0233427578551314,0.0,0.56121444585981,0.17982348183091398,0.09788244069611242,0.0002860036777682165,0.0,1.0,0.0,1.0,4.307389745546344e-07,0.6828530597213119,0.0,0.16451198420318752,1.0,0.033114103871352836,0.0,1.9633169058241117e-09,0.0012298062843339999,0.0,0.0,0.0,0.0,0.09999997657962419,0.0,0.999985333690644,0.0976064961044277,0.0,1.0,0.0,1.0,0.001237443096817535,0.6408613067499185,0.0980481585961312,0.09999803689672788,0.817915441943517,0.9819333378918504,0.6294149390967786,0.13674807503900688,0.5922597372350632,0.3983195157117053,9.0,12.0,0.32947976878612717,0.6666666666666666,0.5,0.0,0.0,0.0,0.0,0.0,0.0,0.0,0.0,0.0,0.0,0.0,0.0,0.0,1.0,1.0,0.0,1
VAR_002628,0.0006837432619761077,0.09452836991564652,0.0010661218821504273,0.0007407754183875023,0.02208611270770405,0.02620356858861623,0.008222664618547117,0.004404576153519451,0.008571293601149579,0.16538764360917557,0.04070177420949579,8.0,0.6419349081192098,0.14796769388463654,0.21800912302219616,0.06241823390027175,0.23041688852810982,0.26000086265886274,0.3994342032575549,0.4,0.039680844831730525,0.05963717608495058,0.6,0.8,0.6,1.0,1.0,0.4361899629927805,0.020049029970792553,0.3954116465946617,0.040187025634043055,0.09200746833669368,0.8,0.022682100307003135,0.4887006622010624,0.6,0.6,0.4,0.5124982500261901,0.6,0.05999565814427109,0.6,0.8,0.4,0.6,0.8,1.0,7.0,0.2381300539146319,0.6,1.0,1.0,0.7401040015482054,0.9301114572511097,0.8533332616391787,0.2,0.4,0.3987816760986458,0.4,0.4,0.2,0.04537590127305641,0.0,0.04415891667865633,0.03854454300970475,0.0974048728685872,0.2,0.4,0.4212606913219334,0.0479089407255184,0.6,0.13673409891078817,0.023769189092231472,0.007638576386297043,0.1395342148810665,0.4,0.11011515813760361,0.07970988644415877,0.2052334832763533,0.040431892833237136,0.29620355237729157,0.06565317566523629,0.3415019834433428,0.7268017283235567,0.8,0.22316680742319084,1.0,0.059396499798388847,0.7607109787449581,0.37674352700959846,0.0,0.2404327876506958,0.0,0.219999065357053,0.0,0.01883391453348766,0.0,0.008132335889790863,0.0,0.8,0.0,0.8905686442974439,0.0,0.0,0.4389591471583511,0.0,0.0,0.7134113572896709,0.42345096990620706,0.0,0.4,0.0,0.3279957136569318,0.0,0.7343567184221532,0.7363193195763154,0.023125655807283686,0.0,0.6,0.0,0.5330796093599675,0.6193602949664279,0.4869733024253608,0.0,0.3719498596864057,1.0,0.4150393153509018,0.0,0.4026077932603294,0.0,0.24133629554486186,0.0,0.4482387160530349,0.6001426157516879,0.059462338341161776,0.0005474057967222879,0.0,0.8702160715505197,0.0,0.8822155407266401,0.42617530976118556,0.8448843476459758,0.0,0.5684720767193021,0.6,0.006695652039566518,0.2,0.5493606015316583,0.5607930296777841,0.0,0.14480882384107935,0.0,0.2863620263841643,0.011614045409316208,0.6,0.3048799537099103,0.059948690801614544,0.0,0.6,0.0,0.5321589105322306,0.020284784001136726,0.0,0.06764083487962269,0.040479176009678486,1.0,0.5496907564575307,1.0,0.9724692960563659,0.9578489033711579,0.975010507405646,6.0,19.0,0.2716763005780347,0.16666666666666669,0.3333333333333333,0.0,0.0,0.0,0.0,0.0,0.0,0.0,0.0,0.0,0.0,1.0,0.0,1.0,0.0,0.0,0.0,1
VAR_002831,0.004086435031518886,0.005409398989792239,0.012982378328350046,0.004580911231380217,0.15097435964959766,0.013151783928016374,0.004742039844005479,0.0026161349562956325,0.003175490275463879,0.024971749800039546,0.04266613251888714,8.0,0.7148582410280839,0.15181872377056022,0.19313105675376754,0.21977013087463276,0.23165271175708088,0.38183571326706955,0.22543596367820984,0.6,0.6230962758389499,0.07924058341222875,0.3953925557721837,0.6,0.5739045164268226,0.8,0.4,0.04019802558624952,0.046934867275406536,0.6247476001193285,0.0653211086633418,0.16852563623524366,0.6,0.07629858386600107,0.6,0.4285073618913774,0.6,0.694277753448878,0.7297263856493694,0.6,0.39417769130800606,0.8,1.0,0.09853088516781741,0.8,0.4,1.0,7.0,0.21989964329575148,0.6,4.0,4.0,0.8808920283981099,0.9873494154743496,0.836610603028054,0.5790512055512553,0.4,0.7942532877041328,0.25062381798148736,0.8,0.8082968075949333,0.19119760025382165,0.8,0.059698827382207775,0.16866783699090596,0.020289357589132813,0.4,0.4,0.6804311985674708,0.03977449565389716,0.5041648714116936,0.2370342624395075,0.1922895670090652,0.004883598738561697,0.543044179680147,0.8159839246613331,0.4506954729281363,0.07761806713667642,0.5056817954192843,0.03958952444443082,0.369520067499272,0.09347976039149332,0.4265386199253651,0.4463950814080885,0.2,0.002367899986399009,4.0,0.028220945114212543,0.6323312228177003,0.19689831511047656,0.0,0.08502462359788839,0.0,0.08115588499460666,0.0,0.2267987083414166,0.0,0.04828860899378427,0.0,0.5541750568521526,0.0,0.6905686442974439,0.0,0.0,0.07728945317451023,0.0,0.0,0.8818913705027818,0.4,0.0,0.29915170909385547,0.0,0.5330044628555548,0.0,0.5248837852091706,0.7033550284550889,0.04114053810453402,0.0,0.24948149434366,0.0,0.27894184190535337,0.729027319153942,0.3129386372719192,0.0,0.5986631380647511,0.740134973345189,0.316479889103524,0.0,0.172686172097346,0.0,0.09906330578270106,0.0,0.20547801505801874,0.5270833810346546,0.06161364985404985,0.000591313300553061,0.0,0.8717156950643327,0.0,0.8,0.2257529683475298,0.20043672917505848,0.0,0.7606692428757791,0.4,0.0038590288889191423,0.6,0.8555828114846251,0.34011585429290325,0.0,0.5227320245778447,0.0,0.8622345811864214,0.059999055840359174,0.8,0.4643639145598153,0.04028368855132149,0.0,0.4,0.0,0.8,0.0598724513196684,0.6,0.09711496035303671,0.02222115736646901,1.0,1.0,0.9988927512616332,0.867897116726755,0.9600119374021605,0.7797898428431224,15.0,17.0,0.4219653179190752,0.6666666666666666,0.3333333333333333,0.0,1.0,0.0,0.0,0.0,0.0,0.0,0.0,0.0,0.0,0.0,0.0,1.0,0.0,0.0,0.0,1
VAR_002765,0.2941276878666231,1.7921059802418932e-06,0.14702701347047792,1.0,0.5468998791514994,0.03284200826758811,0.14998378925384412,0.36605012737721826,0.28285037783524863,0.4174631139031721,0.9999999999999998,12.0,0.6419349081192098,0.3479491629797579,0.41800912302219617,0.23875051033631087,0.23135384260770403,0.2400008620014691,0.2169045023168057,0.0,0.1984042241586526,2.6712922694624986e-25,0.0,1.0,0.0,1.0,1.0,1.0,1.0742729409724887e-05,1.0,0.0005462725521254,0.006906746681135971,1.0,0.0999245405870783,1.0,1.0,1.0,1.0,1.0,1.0,0.0999999136485864,1.0,1.0,1.0,1.0,1.0,1.0,4.0,1.0,1.0,2.0,2.0,0.8054895055523061,0.9521611957406181,0.8512137557104346,1.0,1.0,0.961441365597403,1.0,1.0,1.0,1.0,1.0,0.2620755261663869,1.0,0.1990678797493396,1.0,1.0,1.0,1.0,1.0,1.0,1.0,1.0,1.0,0.0,1.0,1.0,1.0,0.2322033045447683,1.0,0.3687369860644935,1.0,1.0,1.0,0.504983277794666,2.0,1.0,1.0,0.0118373082604811,0.0,0.9999999991975864,0.0,1.0,0.0,0.0542597060915574,0.0,1.2057136793264064e-14,0.0,1.0,0.0,1.0,0.0,0.0,1.0,0.0,0.0,1.0,0.1172548495310353,0.0,1.0,0.0,1.0,0.0,0.6775382519733815,0.999992659415707,2.5396256201812152e-14,0.0,1.0,0.0,1.0,0.999999723533656,1.0,0.0,0.86160621701037,1.0,0.0,0.0,1.0,0.0,1.0,0.0,0.2411935802651748,0.999999999729908,0.0547113226548958,1.1898694499317302e-05,0.0,1.0,0.0,1.0,0.9956336907502419,1.0,0.0,0.7055081560620549,1.0,0.293013331196816,1.0,2.1010442333311287e-10,0.914218280225727,0.0,1.0,0.0,1.0,0.09999500435809143,0.0,0.999382987733583,0.9999959422155436,0.0,1.0,0.0,1.0,7.921192038529087e-14,1.0,0.0688735119820397,0.0053634827915232846,1.0,0.9945967088618496,0.9515880139504136,0.8152621778558237,0.9271194924036701,0.7606880894240861,0.0,19.0,0.32947976878612717,0.6666666666666666,0.6666666666666666,0.0,0.0,0.0,0.0,0.0,0.0,0.0,0.0,1.0,0.0,0.0,0.0,1.0,1.0,0.0,0.0,1
VAR_003034,0.029608695369700108,6.163460812087105e-06,0.058898510849294324,1.2762436531333576e-05,0.2431325389375742,0.00011807800232445217,0.004945645379514691,7.5263006829064455e-06,0.04143842038840973,0.12854262969096492,0.13371083135247705,7.0,1.0,0.5085581295309667,0.0,0.0686798207858418,0.09999938757272482,0.1000000033121757,1.0,0.0,0.0,0.0616997418024954,0.9016299283956422,0.0,0.7561280094905793,0.0,0.8693780799145285,2.303911153754873e-06,0.0999999999431172,0.0,3.131813011199329e-06,0.28886907583367727,1.0,2.0029138169254214e-08,0.0,0.0,1.0,1.0,0.0,0.0,3.616203435840858e-09,1.0,1.0,0.7762780184954446,1.0,1.0,1.0,5.0,0.0375021893723848,0.0,3.0,3.0,0.980888225389688,0.9274696317546406,0.6417891762314372,1.0,1.0,1.6941062041265229e-06,0.0,1.0,0.2825009163771916,0.2048600404286201,1.0,0.0999999999999999,0.2653086606343049,0.0556450130665884,1.0,0.0,1.0,1.0,0.0,1.0,9.020760971715798e-12,3.9230061255024547e-05,1.0,0.0,0.1789014376466417,0.47793698813144164,1.0,0.056201770760226644,1.0,0.0128944301357607,1.0,1.0,1.0,0.004954014406223118,3.0,0.13804385016531992,1.0,0.5871325843861555,0.0,1.0,0.0,0.0006411560665812,0.0,9.077764239607063e-07,0.0,0.0,0.0,0.7653186416429738,0.0,1.0,0.0,0.0,0.9101835144781132,0.0,0.0,1.0,0.0,0.0,1.0,0.0,0.0904043824034989,0.0,1.0,1.476115756072187e-05,2.3248865493405987e-10,0.0,0.9578221397219948,0.0,1.0,0.884411108107475,1.0,0.0,0.999999999999952,1.0,0.0,0.0,1.0,0.0,0.002118785264697,0.0,0.0,0.9944262542034981,0.09998044793598482,9.686722674185406e-13,0.0,0.6898773505334816,0.0,1.0,9.115346024578095e-05,1.0,0.0,4.761298608605892e-05,1.0,0.008928137368524585,0.0,0.433778470742692,0.99999999810772,0.0,1.0,0.0,1.0,0.0001656745514966586,0.3579246282577877,0.9999916096475869,0.0970006445723971,0.0,1.0,0.0,1.0,0.0005654151736820349,1.0,0.0999997000905795,0.0009296720623484848,1.0,0.9299549668608657,0.9691841518473896,0.35520540676563517,0.9548688896231268,0.7240987082295681,16.0,3.0,0.8843930635838151,0.0,0.3333333333333333,0.0,0.0,0.0,0.0,0.0,1.0,0.0,0.0,0.0,0.0,0.0,0.0,1.0,1.0,0.0,0.0,1
VAR_002639,0.04933431233707447,3.443698679940261e-19,3.415424309696153e-05,0.00015012723608821726,0.09260519586745584,8.664744107005481e-14,0.05336684822710054,0.008927200095607515,4.6189497384137546e-07,2.3566761955067734e-13,0.01175132885167784,16.0,0.703485587168228,0.19427160005657745,0.2678067394025019,0.04889476882396237,0.601253439448038,0.058992661278206966,0.4241807543778938,1.0,1.0,3.9887670785674246e-10,0.0,1.0,0.0,1.0,1.0,0.0999994736009963,0.0966858036568568,0.0,3.322648846768585e-08,3.856202916030741e-06,1.0,0.0999542267235117,1.0,1.0,1.0,1.0,1.0,1.0,3.127658203819071e-07,1.0,0.0,0.0,1.0,0.0,1.0,1.0,0.0091911448076582,0.0,4.0,4.0,0.7217287100134455,0.9430347707781334,0.7703984280925429,1.0,1.0,1.5528707668000406e-05,1.0,1.0,1.0,0.4272107723132713,1.0,0.1113305968724392,0.3272400000001336,0.0744256229018282,1.0,0.5297307486683964,1.0,0.1001367994077285,1.0,1.0,0.6478299570494086,0.01873138903980647,1.0,0.0,0.0464252929267429,0.08006941711744911,0.0,0.0048183957568778335,1.0,0.1428705912371951,1.0,1.0,1.0,0.014850152051055204,4.0,0.013728322424776652,1.0,0.5170787873163218,0.0,0.0770168066652701,0.0,1.8131954998876634e-15,0.0,0.0999998570705038,0.0,0.0999999752764117,0.0,0.4086544687588704,0.0,1.0,0.0,0.0,0.0569439506493274,0.0,0.0,1.0,1.0,0.0,0.0607374352740552,0.0,0.2187284417155263,0.0,0.8651620253367728,0.748035572888021,5.650619783347029e-12,0.0,1.0,0.0,1.0,3.3129842434765733e-06,0.0,0.0,0.999999999941038,1.0,0.4495644510555416,0.0,0.0,0.0,0.0980279949264969,0.0,0.0,0.006143664243490001,0.0868249353570599,3.739950659598591e-12,0.0,1.0,0.0,1.0,0.9561410567533191,0.0,0.0,0.9999842475669439,1.0,0.046922581186391324,0.0,0.299895492079242,0.122390609869016,0.0,0.0,0.0,0.0,0.10000000000025339,1.0,0.997797197276986,1.3748384706660264e-05,0.0,1.0,0.0,1.0,0.09999998498718857,0.0,0.0536471874459262,0.003924514074488085,0.9978115485584816,0.277509384686989,1.0,0.7910035337973182,0.9478593207617145,0.8119648580653563,23.0,3.0,0.6994219653179191,0.16666666666666669,0.3333333333333333,0.0,1.0,0.0,0.0,0.0,0.0,0.0,0.0,0.0,0.0,0.0,0.0,1.0,1.0,1.0,0.0,1
VAR_003007,0.0028619060942324495,0.004420693591134672,0.2249366973918704,2.556627996082002e-08,7.477791242296105e-07,0.004716250059832923,6.109772305025221e-05,0.000646052119020997,0.00012449064136781823,0.05894051921100779,0.01797789047575465,11.0,0.7765188214397367,0.4886984482237298,0.25118352891775453,0.23292131767419466,0.45000721560682855,0.24000000132660826,0.22648040380647025,0.7067036704810918,1.0,0.0062916382038084,1.0,0.0,0.0,1.0,0.0,7.577207054719585e-06,3.409835986256614e-09,0.0,0.0688913448462919,7.628253963158379e-05,0.0,6.631249961527996e-10,0.0,1.0,0.0,1.0,1.0,1.0,2.5630731317273007e-06,1.0,0.0,1.0,1.0,1.0,1.0,1.0,0.0348159621314632,1.0,3.0,3.0,0.9851507678759039,1.0000000000000002,0.8391696193482829,0.0,1.0,0.051552317834473,0.0,1.0,0.0,1.0,1.0,0.1270935275099818,1.0,0.0999999559812078,0.0,1.0,1.0,0.1526400000035796,0.0,0.2087978979811294,0.0204417914167988,0.0026486431386503633,1.0,0.0,0.0,0.08581904604857346,1.0,0.03512459130666914,1.0,0.0999998213069757,1.0,0.0,0.0,0.014850199758820733,3.0,0.031209772013130233,1.0,0.3503614082766276,0.0,0.9999999999990166,0.0,0.0964531745658731,0.0,0.0999205710907242,0.0,8.498514762795544e-06,0.0,1.0,0.0,0.0664920947451428,0.0,0.0,0.099982309329482,0.0,0.0,1.0,1.0,0.0,1.0,0.0,0.0,0.0,1.0,0.159758426954022,0.0960366519785987,0.0,0.0,0.0,1.0,0.999999976795508,0.1912902142978674,0.0,0.008059532708226999,1.0,0.0,0.0,1.0,0.0,1.2415405301758832e-13,0.0,0.0,0.044627912872376996,0.09999996490040142,0.0002880563859114762,0.0,1.0,0.0,1.0,0.9882706102475459,0.2512921104819635,0.0,0.999973837193592,1.0,0.002302767494652497,1.0,0.084038225487703,0.9999999999564559,0.0,1.0,0.0,0.2880129526073385,5.458074485342237e-13,1.0,2.632970162055728e-06,0.0999749606530058,0.0,0.0,0.0,1.0,8.045622663206074e-08,0.0,0.0991136581109756,0.09999999992011169,1.0,0.9962302445493744,1.0,0.7212618316369925,0.9612181590211692,1.0,8.0,4.0,0.46242774566473993,0.33333333333333337,0.3333333333333333,0.0,0.0,0.0,0.0,1.0,0.0,0.0,0.0,0.0,0.0,0.0,0.0,1.0,1.0,0.0,0.0,1
VAR_003082,0.007334092302186419,0.06831417862120086,0.004960091964545736,0.009173654722057938,0.009159879579159397,0.004336926102250744,0.0029730252524065074,3.085395492992136e-05,0.03781835320059201,0.16538786249697515,0.0039001152747100303,8.0,0.64193490811921,0.1479676938846366,0.21800912302219616,0.062418233900271736,0.23041688852810988,0.26000086265886274,0.3994342032575549,0.6,0.0,0.08023063564480126,0.5619220757259082,0.8,0.8,0.8,0.6,0.07232021566991384,0.04545473651618636,0.21900221733053554,0.03337767471978871,0.04423741050543017,0.6,0.03156862019453194,0.4,0.8,0.4,0.2,0.14190578718237346,0.2,0.02011109000739927,0.2,0.8,0.43281495311218804,0.4,0.6,1.0,7.0,0.05654148677469133,0.4,1.0,1.0,0.9151078659477156,0.9865655144523289,0.8677176182500405,0.2,0.6,0.5968831532012194,0.4,0.2,0.2326007826610535,0.020715942658905202,0.6,0.011918494878598092,0.054273228220320734,0.08053853213876908,0.6,0.4,0.24678250448813613,0.0674191751773499,0.4,0.17310168314710483,0.05235876967912016,0.0077168786333689995,0.20802246578670092,0.6,0.24169814888109867,0.06026062421044734,0.18054526869341497,0.07021614070295809,0.38606844914738975,0.0688978210612448,0.37585474660649737,0.6,0.6,0.10998464830412699,1.0,0.037179988303633324,0.32178842658972723,0.7204835095245594,0.0,0.06778366792555626,0.0,0.04001386669322516,0.0,0.22696948463486258,0.0,0.02081616250218812,0.0,0.5934416107286952,0.0,0.7248384813813712,0.0,0.0,0.045164014711817094,0.0,0.0,0.7134113572896709,0.4623757842144144,0.0,0.0,0.0,0.38011143688491456,0.0,0.6097585325185152,0.33181559941241995,0.02312809849167084,0.0,0.6,0.0,0.5330796093599675,0.4190641168763223,0.11606588619667076,0.0,0.30076625665136325,0.8,0.70634436291864,0.0,0.19210832828065497,0.0,0.07896832561513618,0.0,0.4268950973247474,0.599860380350635,0.08475971784958904,0.0015658075322370806,0.0,0.6189303144938223,0.0,0.68221554072664,0.6184901240271192,0.3623795987081304,0.0,0.7741545425419509,1.0,0.00578295124689284,0.34791107257122433,0.11719014684243537,0.612342531353757,0.0,0.3176843455264793,0.0,0.46044550460461275,0.03999569164978033,0.6,0.7367366967655629,0.021018579058115456,0.0,0.6,0.0,0.4,0.04635309681907307,0.576993934350909,0.07910957953426448,0.059678341165878834,1.0,0.9625517231695524,0.8976148415444958,0.8380043347979337,0.9995411655630925,0.9476563087433888,6.0,22.0,0.5606936416184971,0.33333333333333337,0.3333333333333333,0.0,0.0,0.0,0.0,0.0,0.0,0.0,0.0,0.0,0.0,0.0,1.0,1.0,0.0,0.0,0.0,1
VAR_002592,0.011351388976002744,1.1425806296631085e-09,3.4282329031471026e-16,1.5237779564240542e-10,0.048513343896644044,0.08381120807525867,0.005446614022387569,0.010791104684546724,1.7312148489666167e-05,0.15315464673466908,0.04030927431753191,13.0,0.8,0.22294630347053213,0.6129102543044853,0.23418673936786455,0.38264709248668727,0.23818387475911734,0.05768777915019539,0.0,0.0,0.000130597602305,0.4227597543180476,1.0,0.0,0.0,1.0,0.0999946111345765,3.990486675815985e-08,0.0,2.6848985476377925e-05,1.3820101215186636e-08,0.0,0.0040174568953662,0.0,0.0,0.0,1.0,1.0,0.0,1.0,1.0,0.0,1.0,1.0,0.0,1.0,2.0,1.8099199789175128e-11,1.0,2.0,2.0,0.8443275678146989,0.5456877425345411,0.5126399502016356,1.0,1.0,0.062487082144007,1.0,1.0,0.0,0.936010932740597,0.0,0.0969493849354869,0.900902447828396,0.1879928739505996,1.0,1.0,0.0,0.0994196176487181,0.0,0.0999999999932615,0.0610881793698162,1.0185630939307005e-05,1.0,0.0,0.2119922987957483,0.09665838477255281,0.9707372904621412,5.522537192340402e-08,0.0,0.0996325616038458,0.0,1.0,1.0,9.584834089609862e-10,2.0,0.037601869240200606,0.0,1.0,0.0,0.0999995127511037,0.0,0.0,0.0,0.9000000332119176,0.0,0.03924743826477598,0.0,0.0,0.0,0.0,0.0,0.0,0.0917283881617913,0.0,0.0,0.0,1.0,0.0,0.0,0.0,0.6075571197575447,0.0,1.0,0.999996407783576,0.0998922653477968,0.0,0.0,0.0,0.2121213013767993,0.999999985695358,0.0902405079608171,0.0,0.997726997195207,1.0,0.0,0.0,0.0,0.0,0.0999992111480319,0.0,0.8852004342914181,0.9624575332647429,1.35651336272191e-14,3.6724689667680745e-12,0.0,0.0,0.0,1.0,0.988135307382252,0.0,0.0,0.9999347247661049,0.0,0.021062937978955677,0.0,2.5084746223464835e-08,0.99965078089315,0.0,0.0,0.0,0.7066345481080912,0.09999999712246528,1.0,0.007140269366252,6.935151392690831e-07,0.0,1.0,0.0,1.0,6.251657174507126e-05,1.0,0.0999999999405229,0.06889179891221768,0.9460253180640656,0.693816349391376,0.0,0.2221649051204489,0.30864783274246665,0.3376872105897881,16.0,14.0,0.6473988439306358,0.16666666666666669,0.6666666666666666,0.0,0.0,0.0,0.0,0.0,0.0,0.0,1.0,0.0,0.0,0.0,0.0,1.0,1.0,0.0,0.0,1
VAR_003043,0.006569659508523821,0.0013913436972296637,0.04508070486333734,4.305496241734209e-06,0.009479402223555375,0.0015931965309381425,0.0024198700984340766,0.00012921133784297498,8.70850465739995e-05,0.022476367627039414,0.0062209315140173875,8.0,0.7651461675798807,0.4922208215423243,0.3734391985613003,0.22830955874355502,0.6388479521894848,0.05899176179966567,0.22542500703358695,0.34134073409621835,0.6,0.03673075708825371,0.21387033692184576,0.4,0.8,0.6,0.7982056552383661,0.0554605313808547,0.06000115088571907,0.36374073466604645,0.013779150830826845,0.022034037506048102,0.6,0.03708764913034492,0.6,0.6,0.4,0.8,0.6975193088771039,0.8,0.21990472120274132,0.8,0.6,0.41965261507019413,0.8,0.6,1.0,7.0,0.06669255865479644,1.0,2.0,2.0,0.990500560219753,1.0000000000000002,0.8079786925735655,0.4,0.4,0.6029795509819074,0.3048733232576414,0.8,0.7415622632507557,0.1140076475388202,0.3228669898530647,0.04100876832522175,0.08751164258286508,0.031160994576046746,0.6,0.4,0.4,0.08089006765928013,0.2,0.21685517383940386,0.047821744914454706,0.014932447820044301,0.5282813561375296,0.7870543023153236,0.0,0.042841207240461546,0.464212342053265,0.08131149413881214,0.4660805240260483,0.05851818591992838,0.22026099731774437,0.8,0.0,0.029763131049692665,2.0,0.0752147964025503,0.6,0.2700722816553255,0.0,0.23910025014992767,0.0,0.09850876630517987,0.0,0.4391843541168555,0.0,0.058568615257502114,0.0,0.48852531278164485,0.0,0.6132984189490285,0.0,0.0,0.04137522065688854,0.0,0.0,0.8,0.4,0.0,0.33612623674583075,0.0,0.3517267924565113,0.0,0.8,0.8253782899831241,0.08949892190186921,0.0,0.33022504878058256,0.0,0.8,0.6466395935090239,0.26298394608174713,0.0,0.39309971713867015,0.8,0.33000831134696373,0.0,0.36173345729766193,0.0,0.05796653037011009,0.0,0.4,0.7284650611066069,0.08126164776534099,0.00031210750506892863,0.0,1.0,0.0,1.0,0.7981374809398534,0.20992361822664313,0.0,0.47133721045855914,0.4,0.008630106257442002,0.5504441410322285,0.6648005572986854,0.6290678797490621,0.0,0.24701732677911387,0.0,0.517690754697747,0.02027198047150639,0.24904373287325948,0.40196856361668415,0.059468227326450705,0.0,0.8,0.0,0.6,0.05992745635106188,0.71665633106228,0.020018961336532214,0.058757575316355636,1.0,1.0,1.0,0.5929436671327956,0.9257154809727999,0.7643113170169247,7.0,4.0,0.300578034682081,0.33333333333333337,0.3333333333333333,0.0,0.0,0.0,0.0,0.0,0.0,1.0,0.0,0.0,0.0,0.0,0.0,1.0,0.0,0.0,0.0,1
VAR_002838,0.0058514034920843835,9.38190508648593e-22,0.001118119622411079,0.013713153218476458,7.648822707680685e-05,1.937660868834382e-06,0.005951865222623346,0.008927347292441339,0.00019038871933984593,0.1632281243013352,0.0033713889482153104,18.0,0.6800044086079646,0.33205066863426563,0.19628704381973788,0.07248649218750376,0.23135372012854305,0.4218343609538152,0.4000599885411503,0.6,0.529310920006774,0.043475032567285105,0.6,1.0,0.4518285049815206,1.0,0.6,0.2061384243512736,0.4174704382263016,0.561988389217977,0.05958544309857017,0.08465686510596648,0.6,0.05645534773125964,1.0,1.0,1.0,0.0,0.3065735627123816,0.0,0.0999999999778605,0.0,0.450183125976872,0.0,1.0,1.0,1.0,3.0,0.0002196860900711,1.0,3.0,3.0,0.8598441569432187,0.8300887611033241,0.7199385432696697,1.0,1.0,0.006204219441428,0.0784510825232055,1.0,0.9723085684837414,4.052096185025757e-05,0.0,0.0985136649457328,0.0999439642408803,0.0897323450241718,1.0,0.0,0.0,6.937134908213154e-07,0.3040966113570384,0.0994920614327332,0.094512595141269,8.058182320575522e-06,1.0,0.0,0.0,9.285930104147137e-07,1.0,0.09852619330481335,1.0,1.1833068025498075e-08,1.0,0.0,0.9338615087417297,0.14497908989858532,3.0,0.005954392612821275,0.0,0.0,0.0,2.5559709383293773e-08,0.0,0.0952910907304121,0.0,0.0999997796031424,0.0,8.397722013180694e-06,0.0,1.0,0.0,1.0,0.0,0.0,8.079696582253236e-07,0.0,0.0,1.0,0.0,0.0,0.0,0.0,0.0,0.0,0.0,0.9369038899721099,1.841950107122215e-07,0.0,1.0,0.0,1.0,0.154629564511434,0.0,0.0,0.9999999458169371,0.0,1.0,0.0,0.1171170058218645,0.0,3.0677329130061567e-10,0.0,0.5330340526818041,0.0007486103921006859,0.004917918746078985,0.0010695889278128168,0.0,1.0,0.0,0.0,0.999999999999484,0.0890280974909936,0.0,0.9999999999934809,1.0,0.04206311724023697,0.0,0.506019198622364,0.5129445804552419,0.0,0.5707600916588308,0.0,0.0,0.025870768588033114,0.0,0.875261228724516,0.0385114824661325,0.0,1.0,0.0,1.0,0.09999786733154936,0.2465793440402517,3.756908761273885e-12,0.09999454470481288,0.991705725468203,0.9847239615696056,0.980999688288298,0.33010734708698924,0.9612067420632379,0.6887454132142943,6.0,11.0,0.5375722543352601,0.5,1.0,0.0,0.0,0.0,0.0,0.0,0.0,0.0,0.0,0.0,0.0,0.0,0.0,1.0,1.0,0.0,0.0,1
VAR_002642,0.016800544871550468,0.0023009540431054676,0.08823148105143222,7.009697712489617e-06,0.008882195034153698,0.015636694851683352,0.008813546021691102,0.004810526622393394,0.002060617167980702,0.06833600795296849,0.10217495236400444,8.0,0.5765188214397367,0.35155867642919575,0.42146674041308446,0.4134773691748079,0.44915428191557055,0.23899311477541083,0.05788229481391581,0.0,0.0,0.042263695990085,0.0,1.0,1.0,1.0,0.0,4.1542621930367184e-08,9.723851095138672e-05,0.2021100418699946,0.002841692885557,0.006665249044478714,0.0,0.0670453216176123,0.0,1.0,1.0,1.0,1.0,0.0,0.0208152703555536,0.0,0.0,0.0,0.0,0.0,1.0,0.0,8.541409793403478e-14,0.0,1.0,1.0,0.7714007933690763,0.930637462263928,0.8138159630422972,0.8,1.0,0.2110116497963307,0.0,1.0,0.09845677678438362,0.09755793097121192,0.4,0.06864844633075352,0.10492767300747374,0.07762372372529944,0.6,1.0,0.4876063706479011,0.06896988574647991,0.3832108819291721,0.04667258892758364,0.020243045876314408,0.002421713054735304,0.40278671154707696,0.2,0.2897984076329313,0.10061274582360911,0.355446726943923,0.06184542953528741,0.2066628615267368,0.0761241290045992,0.46214267395438136,0.5268017283235567,0.0,0.0,1.0,0.001138725463422056,0.6025573601353564,0.2674903912324237,0.0,0.2178098317047647,0.0,0.06363470309505379,0.0,0.22801951264305348,0.0,0.043872288931324194,0.0,0.391494332875924,0.0,1.0,0.0,0.0,0.040328654122402975,0.0,0.0,0.5898606465470364,0.7450258971587458,0.0,0.6487547749641951,0.0,0.27830653877586314,0.0,0.4202506681932278,0.6170311084522903,0.027983632179336658,0.0,0.7033666173353564,0.0,0.6,0.4092811620214216,0.47695735544264484,0.0,0.39613684090084583,0.8,0.4583113241311446,0.0,0.23899974550601014,0.0,0.019782372541658235,0.0,0.2134690102498146,0.6755642806054327,0.060292787926531304,0.019838087379298677,0.0,0.45455505633557636,0.0,0.6,0.6000010484603466,0.189630463229085,0.0,0.664571003272939,1.0,0.013651568649672376,0.6,0.7531497124621831,0.40273101825562796,0.0,0.5704931908916603,0.0,0.2,0.04538432815681115,0.4,0.2810356980393174,0.039693276068623856,0.0,0.5236837057520489,0.0,0.7321589105322307,0.054485642008836405,0.2293672324779691,0.04000193206742764,0.024795085970657625,0.903900539314894,0.3599878780308513,0.9984024588046172,0.6715828451339404,0.9957354242664933,0.837042257367226,11.0,14.0,0.16763005780346824,0.0,0.6666666666666666,0.0,0.0,0.0,0.0,0.0,0.0,0.0,0.0,0.0,0.0,1.0,0.0,1.0,1.0,0.0,1.0,1
VAR_002700,0.030795144299772634,0.0029927007694147503,0.011846456156972978,0.0696446468060944,0.04949413734922386,0.0696128677745867,0.006985330065773305,0.03867098429038359,0.03343846859137011,0.025762239247829718,0.1472594641516143,8.0,0.7651461675798807,0.3158986293076462,0.27096272646847225,0.04831000916894042,0.7988519346970478,0.07899176246046054,0.24413841032262124,0.4,0.4387254766987006,0.047565341431207386,0.38032598567912845,0.4,0.5512256018981159,0.8,0.7738756159829057,0.05679542932770415,0.059934889751087586,0.3591650710658557,0.05942963208015983,0.07488863434399495,0.6,0.04928150070396344,0.4,0.0,0.0,0.0,1.0,1.0,0.0009258599762867,1.0,0.0,0.6198962774150766,0.0,1.0,1.0,1.0,0.0999999149618403,1.0,3.0,3.0,0.9095069007817789,0.9802516547154436,0.7621656987768043,1.0,0.0,0.99802128187592,0.384182409718156,0.0,1.0,0.0996302621589838,0.0,0.0105190243158695,0.0973737561952757,4.137463694469891e-11,0.0,0.0,1.0,0.0512475405418576,1.0,0.4522670967223313,0.0007174188248038,0.00017538081201633147,0.5965509811645875,0.0,0.0,0.04480048941429321,0.2528612507225361,0.09999949413677776,0.0,0.0022196222712225,1.0,1.0,0.9214407494944421,0.045099190573335154,3.0,0.01760308908803777,1.0,0.20030735977064032,0.0,0.2211254212528007,0.0,0.24013076484267198,0.0,0.059831530854680216,0.0,0.4004289735342093,0.0,0.6826590569263915,0.0,0.6877125047486345,0.0,0.0,0.2067015263558329,0.0,0.0,0.8,0.2828805782352329,0.0,0.41460953874287815,0.0,0.3850729683560395,0.0,0.4239600460505753,0.034339060404037836,0.4326381842727245,0.0,0.841540470862377,0.0,0.5466934529077873,0.3943398511835804,0.8045057804789526,0.0,0.6335885907179027,0.8,0.4,0.0,0.20200199859902818,0.0,0.24177233989248173,0.0,0.3763814437846137,0.7559590014904566,0.45998992396222516,0.08008576352573399,0.0,0.7173630700766626,0.0,0.8,0.5897527406614607,0.6639844118236684,0.0,0.3162674994933291,1.0,0.009411991249238416,1.0,0.9481046343155299,0.640105558849835,0.0,0.0,0.0,1.0,2.9507770389760283e-05,1.0,0.887333085171489,0.099999874218254,0.0,1.0,0.0,1.0,1.6800414986635606e-05,0.5254634007492998,0.0881855728746305,0.09997617358033428,1.0,0.9666303849569192,1.0,0.6588856646437645,0.9513498857057197,0.9238474591482024,17.0,3.0,0.6705202312138728,0.33333333333333337,0.6666666666666666,0.0,0.0,0.0,0.0,0.0,0.0,0.0,0.0,0.0,0.0,0.0,0.0,1.0,1.0,0.0,0.0,0
VAR_002907,0.002567041034866285,0.00032164680942057357,0.029248795918544825,0.0011922642479996397,1.509195986609644e-05,0.005885998255386856,0.0005450860439409728,0.00704433669980419,0.010487150028434379,0.0027604690095687323,0.0015454632115144285,19.0,0.7148582410280839,0.25353034967675353,0.19313105675376754,0.0535060950232411,0.23240872036411261,0.4018343602913244,0.4065178166604959,1.0,0.0,0.0999999999990954,1.0,0.0,1.0,0.0,1.0,2.811473531972927e-17,9.739741613116225e-13,0.0339837767645879,0.0991697863911547,0.0022383024007393802,0.0,0.0999972621878671,1.0,0.6,0.6,0.8,0.24021880950542746,0.8,0.07456446199920432,0.4,0.8,0.8,0.6,0.6,1.0,7.0,0.2400001046810983,0.8,3.0,3.0,0.771023658152479,0.9752533367746961,0.8250321939317985,0.6,0.6,0.45815966147962284,0.4,0.7253260328870048,0.8,0.23417595511183603,0.6,0.11096200896959392,0.24283708701750523,0.06458337005877127,0.8,0.6,0.4305274002968023,0.02920017313638798,1.0,0.3053977753603041,0.28456439104607034,0.03074931100155212,0.4621325031983633,0.6,0.7812370512458255,0.25539903477977743,0.5771492613674173,0.06149583454688874,0.7497662655788548,0.20328720510391834,0.5450544961234314,1.0,1.0,0.1454170264000237,3.0,0.0030498048668691977,0.4021914170021725,0.9664404099546337,0.0,0.0999953670173506,0.0,0.1,0.0,0.0466792159964347,0.0,5.528655066300096e-07,0.0,1.0,0.0,0.0,0.0,0.0,0.0008788604378869,0.0,0.0,0.0,0.0,0.0,0.554296088536283,0.0,0.0,0.0,0.0,0.006632806925866,8.798807962856558e-09,0.0,0.0,0.0,0.0,0.9995444993013549,0.0,0.0,0.016077428636841,0.4138194296346281,0.0,0.0,0.0,0.0,2.1650573999355097e-06,0.0,0.0,0.576008252878107,0.0904820866864317,8.264442408052914e-07,0.0,0.2255170775281726,0.0,1.0,0.022366757520917997,0.0,0.0,0.9773522925098097,0.0,0.0004892445437328164,1.0,0.0022150262905399998,0.00034390020327173875,0.0,0.0,0.0,0.0,0.09836627329581003,0.0,3.6015566651395523e-12,5.3367561397703876e-12,0.0,1.0,0.0,1.0,0.008663101066485237,1.0,1.3144757029636176e-05,0.0010258695240156848,0.9753975743285004,0.95764243780824,1.0,0.9736959545232674,0.9570694202894895,0.9731196722869634,14.0,11.0,0.7919075144508672,0.0,0.6666666666666666,0.0,0.0,0.0,0.0,0.0,1.0,0.0,0.0,0.0,0.0,0.0,0.0,1.0,0.0,0.0,0.0,1
VAR_003137,0.0022460553829639586,0.011937078019824954,0.0005481802647483594,0.03414609578521898,0.08551874395654199,0.003125910678367209,0.004043399759075677,0.008442822656545612,5.528165779553208e-07,0.047815218954082285,0.007834893228674906,8.0,0.538449320950982,0.35562772738497356,0.588292334517526,0.2334773691662479,0.42991041300805727,0.25899172299428913,0.05580373037061028,0.00046473342152974,0.4,0.020016542598236174,0.3133062904099537,0.6,0.6518285049815206,0.6,0.7703528059315821,0.05556319887885167,0.06032501173632517,0.41625882107947465,0.019999121807173132,0.08617168006125732,0.8,0.0205509138517748,0.8,0.0,0.4,0.2,0.4446307668504429,0.4,0.439015089584241,0.6,0.6,0.4986905126927105,0.6,0.2,1.0,7.0,0.02409168719385885,1.0,2.0,2.0,1.0,1.0000000000000002,0.862730222680316,0.6,0.6,0.7611052758890704,0.2,0.8,0.5415622632507557,0.350454719904169,0.3228669898530647,0.045425504558496976,0.18816142156375065,0.048503419009034085,0.416320415929862,0.2,0.46613249159312475,0.09245910906318615,0.4,0.0422810652455667,0.0385653306714744,0.014714878902573735,0.4,0.5870543023153235,0.0,0.03573526998319402,0.5572368672393105,0.21929470607211576,0.17587513037608474,0.06125879382430503,0.22026099731774437,0.6,0.2,0.005763855154031681,2.0,0.07791329732657783,0.6,0.2700722816553255,0.0,0.25910024838352225,0.0,0.09761420656929998,0.0,0.4399639928953191,0.0,0.03863545115445214,0.0,0.3063356543313618,0.0,0.5576070336865063,0.0,0.0,0.02137694959954601,0.0,0.0,0.6044917740996472,0.6,0.0,0.272169555075378,0.0,0.3517267924565113,0.0,0.6,0.8233210593605131,0.06954439722394552,0.0,0.33022504878058256,0.0,0.6,0.6682056752030443,0.26298394608174713,0.0,0.59245770396711,0.6,0.3640930429265125,0.0,0.41429898445192687,0.0,0.039928958780077184,0.0,0.5985750448048646,0.7271039585347621,0.07203516343807702,0.00795589046587283,0.0,0.8,0.0,1.0,0.7976219446745432,0.11717741175088939,0.0,0.46584183617500713,0.4,0.020189507525469653,0.513008070511589,0.8950176723248218,0.6550456109172971,0.0,0.3378844189598059,0.0,0.40880906259560934,0.06011079688916634,0.4490437328732595,0.5991937212277678,0.0722146976270685,0.0,0.8,0.0,0.8,0.05680033437936017,0.619801076814424,0.06519356876691203,0.032466165487578275,0.9714316713615548,0.8734996762442371,0.9613372131526876,0.7271823497489829,0.9178187094254998,0.66225199969203,4.0,8.0,0.4971098265895954,0.33333333333333337,0.3333333333333333,0.0,0.0,0.0,0.0,0.0,0.0,0.0,1.0,0.0,0.0,0.0,0.0,1.0,0.0,0.0,0.0,1
VAR_002782,0.0013617552053498295,6.339384905307993e-05,1.5743440938212496e-06,0.006844168259550903,1.6181058590895902e-07,1.501774109552778e-06,0.0019503407989655143,7.223653981017267e-10,0.002024974676462666,0.04934690235611521,0.004533970718889838,16.0,0.6767887405393292,0.10674876720401816,0.35995665085820916,0.21933640918175307,0.031652711757080856,0.4018356751241281,0.23581510613043366,0.4,0.4,0.0607413571452184,0.34753168698494274,0.8,0.6320047637436195,0.6,0.4,0.04105125352787007,0.023322485986167582,0.42943147236347723,0.0262370796083853,0.01778435408235236,0.8,0.06753913583685478,0.8,0.6,0.4,0.6,0.4,0.4,0.048878779096008906,0.6,0.8,0.4,1.0,0.8,0.8,7.0,0.2525536738706729,0.4,3.0,3.0,0.8070299672140382,0.9573739555335201,0.7936890516605767,0.2,0.38561455523021004,0.652969730935409,0.5841048811732565,0.6,0.2288432673028471,0.1640294410623139,0.4,0.040837418801470765,0.1671417239496849,0.07081430167003637,0.4,0.6,0.20175171997782165,0.020256977036148417,0.6,0.26861297739593437,0.30589480592889,0.017251238364637853,0.341109057688894,0.11256995853013245,0.4,0.16330399218584687,0.42736951895590725,0.06557602079786558,0.02396740715155998,0.09440941114988018,0.4,0.8,0.4,0.017361030458542873,3.0,0.010993491098038087,0.0709825959320688,1.0,0.0,0.0011642832072979,0.0,0.0999305791462676,0.0,0.0008132512766817,0.0,0.09998582747478339,0.0,0.8011725501071638,0.0,0.6,0.0,0.0,0.0997380717099031,0.0,0.0,0.0,1.0,0.0,0.5157111108905813,0.0,0.6773323801810388,0.0,0.0,0.9999999991480051,3.219549149936342e-06,0.0,1.0,0.0,0.0587266863801936,0.976953622555738,0.9530124218433615,0.0,0.0004954762931587103,1.0,1.0,0.0,0.0045574602780957,0.0,0.0008286802365109,0.0,1.0,9.52929395166728e-12,0.09998247047154442,0.06661365284761109,0.0,1.0,0.0,1.0,0.868647684148527,0.0,0.0,6.641412765484047e-06,1.0,0.007944227830231687,0.0,0.5743030183122609,7.446151140040001e-08,0.0,0.2677200015882378,0.0,1.0,0.09999999498760298,0.0,0.046595003330146,0.0999999998156471,0.0,1.0,0.0,0.0,0.06042963151343235,0.2133389625948724,0.0249785619250663,0.055038557319045084,1.0,1.0,1.0,0.6841182392390442,1.0,0.7032294813188007,11.0,22.0,0.5028901734104047,0.6666666666666666,1.0,0.0,0.0,0.0,0.0,0.0,0.0,0.0,0.0,0.0,0.0,0.0,0.0,1.0,0.0,1.0,0.0,1
VAR_002978,0.06560545225723248,0.004229837418940006,0.03057639396379877,0.20035513450530842,0.1461968801593874,0.007190285494626972,0.036531589718739585,0.08173713806337264,0.07541621661797616,0.1864504726230463,0.2510439674969034,8.0,0.738449320950982,0.3419353966558733,0.41800912302219617,0.22241937208237078,0.249070384007425,0.2599999631803075,0.21940701799609053,0.2,0.19413089469949946,0.05975270868543954,0.22083984850638755,1.0,0.8,1.0,1.0,0.4391186630847049,0.04004880203569312,0.4348263965120001,0.03545019097163456,0.08117154907810487,1.0,0.039935415511767325,0.6887006622010624,0.0,0.0,0.0,0.4070932866136135,0.0,0.0999997386708721,0.0,1.0,0.0,0.0,1.0,1.0,3.0,2.865478834274526e-18,1.0,2.0,2.0,0.8533267288138786,0.971551055227363,0.8577197901664461,0.6,0.6,0.7929214204497173,0.32677389538453766,1.0,0.6,0.25446687616147684,0.6,0.15115460459843807,0.24932047477067115,0.06608835013715755,0.6,0.8,0.2616860199098635,0.2583273994582706,0.6,0.46906216316490584,0.32513734362981117,0.20337588542302448,0.3104673823402538,0.5034139661312006,0.3124161996321024,0.2377189854327696,0.314419056208383,0.11658410430224156,0.21047635605905332,0.2561787345212806,0.7460993638179695,0.8,0.6,0.11099529177148784,2.0,0.00043201797287884637,0.8451123101867883,0.2064565829081709,0.0,0.23803713432579632,0.0,0.24925075235609215,0.0,0.23102341102201351,0.0,0.014971961237459886,0.0,0.7640888855258545,0.0,0.8,0.0,0.0,0.21999754684615364,0.0,0.0,0.5729717873127582,0.42345096990620706,0.0,0.43275686676692116,0.0,0.4,0.0,0.5355076503946763,0.610131961650608,0.02211616732172951,0.0,1.0,0.0,0.4,0.8882923494517583,0.5958771991804042,0.0,0.3716834043761551,0.8,0.43408473157954885,0.0,0.2551703552327198,0.0,0.239098453604629,0.0,0.5030619006757775,0.7985860026491549,0.059405263467516164,0.007931769034472793,0.0,0.6882186931576235,0.0,0.8822155407266401,0.7983661702296407,0.581835092813484,0.0,0.7160969171131064,1.0,0.07045754818307969,0.4,0.6452384428330185,0.5513012665738203,0.0,0.3710289458561263,0.0,0.2,0.03841992969356783,0.6,0.3518442115770293,0.2453860377038871,0.0,0.6,0.0,0.7321589105322307,0.03999845421965356,0.44246831706339423,0.053181062230774345,0.02456070341417051,1.0,0.9875714519885408,0.982685656093356,0.7931852344686199,0.9383493171077832,0.7648218821451023,5.0,16.0,0.47976878612716767,0.8333333333333333,0.3333333333333333,0.0,0.0,0.0,0.0,0.0,0.0,0.0,1.0,0.0,0.0,0.0,0.0,1.0,1.0,0.0,0.0,0
VAR_003109,0.03335973735558673,0.3434024633298001,0.1478015399068141,3.6111363358350665e-05,0.014881033205005093,0.09693685393438285,0.0042386793846577045,0.07142838175464733,1.2650923570806385e-11,1.2839846435995062e-07,0.40274781716732344,0.0,1.0,1.0,1.0,0.9000000834713165,0.09999999997367813,8.410917651160242e-12,8.885398323623243e-05,1.0,1.0,1.0,0.0,1.0,0.1437584503313363,1.0,1.0,0.9603069521091988,0.0138952100415186,1.0,0.0990528019702217,0.001279241351453788,1.0,0.088529463558863,1.0,1.0,1.0,1.0,1.0,1.0,0.0999999992280673,0.0,1.0,1.0,1.0,1.0,1.0,0.0,8.313899498995059e-06,1.0,4.0,4.0,1.0,0.9854679272460236,0.856321707938019,1.0,1.0,1.6895113721943261e-06,0.0562954253509538,1.0,1.0,0.4278899421120497,1.0,1.0,0.4265100000146835,1.8716072680554885e-05,1.0,1.0,1.0,0.2012547249197809,1.0,0.4258801187428093,0.0547650000072572,0.008261901542119601,1.0,1.0,1.0,0.1849238058301836,1.0,0.10118389337300455,1.0,1.0,1.0,1.0,1.0,0.7276574165193613,4.0,0.4370476591458641,1.0,1.0,0.0,1.0,0.0,6.822450940807059e-05,0.0,0.0117873485533547,0.0,0.099960693724279,0.0,0.0,0.0,1.0,0.0,0.0,0.002644418017506,0.0,0.0,1.0,1.0,0.0,1.0,0.0,0.6802485087029181,0.0,0.0,8.190065744339821e-05,0.0999991808653685,0.0,0.0,0.0,1.0,0.207268147675625,0.0,0.0,0.864481574467634,1.0,1.0,0.0,1.0,0.0,0.0586194415468606,0.0,0.0,0.0006118269799328836,3.530089162782515e-05,3.684217476436247e-08,0.0,1.0,0.0,1.0,0.982940287870909,0.2635685237544353,0.0,1.0,1.0,0.06714721788406225,1.0,0.034351322068812,0.999999999999951,0.0,1.0,0.0,1.0,8.509872567406851e-08,0.0,2.6524644483910906e-13,0.0999881841377709,0.0,0.0,0.0,1.0,0.09999405189756647,0.4925617312447909,0.099950434391234,0.08507981441175788,0.9826275261137084,0.8581095966592157,0.9876400571936156,0.24454419323328414,0.9809763314702967,0.6638779631821509,9.0,11.0,0.4393063583815029,0.8333333333333333,0.6666666666666666,0.0,0.0,0.0,0.0,0.0,0.0,0.0,0.0,0.0,0.0,0.0,0.0,1.0,1.0,0.0,1.0,0
VAR_002799,0.02031505676757175,0.006305101823240508,0.006560781025938265,0.023958020599035502,0.14894444731246412,0.009839650402883144,0.009610521003242915,0.020923209443319834,0.03844157139134667,6.2141281860697515e-12,0.002463573094056923,28.0,0.6800044086079646,0.33205066863426563,0.19628704381973788,0.07248649218750373,0.23135372012854305,0.42183436095381527,0.4000599885411503,1.0,1.0,0.0863214118309907,0.0,0.0,0.0,1.0,0.0,8.112707349558e-05,1.3914725728457785e-06,0.5039772473087566,9.12881904403906e-06,0.0030726098314028997,1.0,0.0999992635933597,0.0,1.0,0.0,1.0,0.0,0.0,0.0961195028107219,0.0,1.0,0.4375111368514092,1.0,1.0,1.0,5.0,0.0999818792001608,0.0,3.0,3.0,0.8551018794454495,0.9827094091993775,0.8471770403645396,1.0,0.0,0.9804417881533111,0.0,0.0,0.0,8.178573098723087e-06,1.0,4.213951670364793e-07,0.0999970771429357,0.011404810838201,0.0,1.0,0.0,1.1279987261240494e-05,1.0,0.0002870998887622995,0.0037651196544149,5.027710921030935e-13,0.145227091004021,1.0,0.3719601331209659,0.0015776408461704637,0.0,0.08199530581780834,0.3333916533297797,5.65802948019442e-05,1.0,1.0,0.0,0.0007753188261768029,3.0,0.004403348948201558,0.49198552699765175,0.5834176781215293,0.0,0.040443231616875554,0.0,0.03387359193868463,0.0,0.27190676426454014,0.0,0.041481623192060606,0.0,0.6780902997285867,0.0,1.0,0.0,0.0,0.3803035167685898,0.0,0.0,0.6,0.6,0.0,0.24145748906112557,0.0,0.16904386555804515,0.0,0.4,0.34829356611150153,0.04342015682133692,0.0,1.0,0.0,1.0,0.5936725898150716,0.46638571647199284,0.0,0.8343101664816982,0.6,0.5486915423679694,0.0,0.21407273310241068,0.0,0.06033416894541632,0.0,0.6,0.7296487041192892,0.04088381124378039,0.018705169481549176,0.0,0.7499964425468528,0.0,0.8,0.5536476422182333,0.799109710057149,0.0,0.5738942491545433,0.0,0.01573719446390541,0.0,0.0070247324218819995,0.999999947017879,0.0,0.8357977596273725,0.0,0.0,0.09998861729609566,1.0,0.941191501871202,2.487675057031201e-11,0.0,0.0,0.0,1.0,0.09996791603174997,0.0,0.0999560777392222,0.09747380901153359,1.0,0.3567246354548023,0.935485176223296,1.0,0.941002331088459,0.9951746460737002,14.0,1.0,0.6763005780346821,0.33333333333333337,0.6666666666666666,0.0,0.0,0.0,0.0,1.0,0.0,0.0,0.0,0.0,0.0,0.0,0.0,0.0,1.0,1.0,0.0,1
VAR_002992,0.0036220212257578738,0.008972781493482558,0.005913112592685314,0.003523229637142651,0.2165150624319194,0.001573453796011376,0.009140114546269992,0.007990824887863682,0.0031792778279325852,0.02753723189029814,0.02791934483812339,8.0,0.6800044086079646,0.23033904272807226,0.19628704381973788,0.2387505280388954,0.2305977115215113,0.4018357139295604,0.21897813555886428,0.4,0.6230962758389499,0.07922806204148002,0.5953925557721836,0.6,0.37390451642682265,0.6,0.6,0.040198025540735496,0.03361241161364607,0.5694520602720881,0.06531899908444375,0.15371607088496522,0.6,0.09435398571387744,0.6,0.4,0.8,0.494277753448878,0.6,0.8,0.21415334909712622,0.8,1.0,0.2985308851678174,0.8,0.6,1.0,7.0,0.22796201954806578,0.4,3.0,3.0,0.8594450798638908,0.9764755481871923,0.8700439231143077,0.3790512055512553,0.4,0.5959110371605634,0.25062381798148736,0.6,0.4082968075949333,0.3519105234684058,0.8,0.05979732879650747,0.36372629716030164,0.0390878779055578,0.6,0.6,0.5442279488199315,0.02598073806541843,0.6,0.03999638084365123,0.13608271368800892,0.002410510562773529,0.5233131519840544,0.5125699585301324,0.2597596142494548,0.06468124782507248,0.4,0.03707264292078565,0.47088595371566344,0.08726982962644039,0.22653861992536517,0.6,0.2,0.004473627148154638,3.0,0.018453121516363313,0.4323312228177003,0.22788840568845736,0.0,0.06750966919763571,0.0,0.06874375347408583,0.0,0.24681979533217793,0.0,0.07873847970712264,0.0,0.3875967105420128,0.0,0.6905686442974439,0.0,0.0,0.05918774036246072,0.0,0.0,0.5134113572896709,0.6,0.0,0.2818306896400927,0.0,0.5131946461101264,0.0,0.346920683835142,0.5400885995503028,0.04417977175434325,0.0,0.21333166149121116,0.0,0.4789418419053534,0.6063177650169056,0.1354774762969586,0.0,0.5988525240174687,0.6144905627181807,0.16968727950361143,0.0,0.1867376205706252,0.0,0.09758582161946114,0.0,0.45407251084987016,0.48871462905831764,0.04583709009431419,0.00034374473495680916,0.0,0.8733107575682155,0.0,0.8,0.22716473813768406,0.21930474833331873,0.0,0.5613349156508809,0.4,0.0022577080863583087,0.4,0.7932510243546507,0.3483001601365836,0.0,0.2748344034848101,0.0,0.7415524886335385,0.03908052373175914,1.0,0.6643267830326699,0.05954735862364687,0.0,0.6,0.0,0.6,0.06279957304386345,0.6,0.05755216034510038,0.03881253061632309,0.9966457439096064,0.95866395954919,0.9932122438769744,0.9762780424451207,0.9459388909887306,1.0,14.0,19.0,0.5260115606936416,0.33333333333333337,0.6666666666666666,0.0,0.0,0.0,0.0,0.0,1.0,0.0,0.0,0.0,0.0,0.0,0.0,1.0,0.0,0.0,0.0,1
VAR_002554,0.0069104279356705265,1.3631028921758645e-11,9.526073885983312e-12,0.00121176145714839,0.12683644393219934,0.09678402659889132,0.007968114476777663,0.008939468128112943,0.003295939504545585,0.01041269779950704,0.0022079573327056954,18.0,0.6800044086079646,0.2947307454524933,0.0511835289177545,0.07292017949209563,0.4313537201275134,0.24000090080516345,0.4065075890679346,0.0,0.0,0.0999810774077,0.0,0.0,1.0,1.0,1.0,0.0997183308531641,1.1020049144332985e-06,0.0,0.0002990503043682,0.16451916397265995,0.0,0.0488120310186269,1.0,1.0,1.0,0.0,0.0,1.0,0.0983960614564734,1.0,0.0,0.0,0.0,0.0,1.0,0.0,8.313172711605683e-05,0.0,3.0,3.0,0.7460642649009155,0.9573549335993932,1.0,0.0,0.0,0.961691549552946,0.0,0.0,0.0,7.221856912945674e-11,0.0,4.858535890182584e-14,0.0999999873206343,9.002882737370793e-08,1.0,0.621447633511582,0.9170228017876204,0.0517633825319165,0.0,0.0999174310999631,0.0028134834458326,2.092328965616665e-11,0.0,0.0,0.6091444174176193,0.09956724164853932,0.0,0.03456542056139884,0.8873034711338479,0.0023646319962779,0.1372687099917819,1.0,1.0,0.0049531294150373046,3.0,0.020861951901318294,0.6036848989459327,0.5003300528438502,0.0,0.45993118615506245,0.0,0.051697398081198,0.0,0.05110330421255084,0.0,0.23193088694123126,0.0,0.9805912318740472,0.0,0.8132984189490285,0.0,0.0,0.07381834305656211,0.0,0.0,0.8,0.4,0.0,0.6130926867921376,0.0,0.6096496038387422,0.0,0.38275029082290446,0.19730647669332074,0.259250957479896,0.0,0.7378036734945808,0.0,1.0,0.5637396867683545,0.03825804285957348,0.0,0.6555659711905739,0.8,0.0,0.0,0.49438664954536826,0.0,0.0639477694934968,0.0,0.08803848564479289,0.4010096529071542,0.2556962046306679,0.06613910811138068,0.0,0.9499964425468528,0.0,1.0,0.437757187883716,0.25945911153173823,0.0,0.7340656758768948,0.0,0.018033280470390153,0.8709135318738744,0.999930302960395,5.163719978356025e-16,0.0,0.0,0.0,1.0,1.3747132570261982e-06,1.0,0.00033481965290191025,0.0204580036031982,0.0,1.0,0.0,1.0,0.05404035979272265,0.0,0.0998978469729957,0.005244117612796285,1.0,1.0,0.9216929025044313,0.5885936148662605,0.9362314428634241,0.988496830092858,11.0,6.0,0.4219653179190752,0.5,1.0,0.0,0.0,0.0,0.0,0.0,0.0,0.0,0.0,0.0,0.0,0.0,0.0,1.0,1.0,0.0,1.0,0
VAR_002654,0.00036465241554650197,0.3831152177122609,0.020753177183519655,9.791559370240001e-05,0.19226558695604612,0.013279781540433008,0.0005412154031287737,0.0036035189033573733,1.491038652949544e-05,0.1454789302715742,0.00012018402120671247,16.0,0.7148582410280839,0.1033168752316373,0.19313105675376754,0.4193364091817531,0.03167620851517183,0.39894746843436707,0.23897510491322277,0.8060947472454332,0.0,9.290211424510824e-11,0.0,1.0,1.0,0.0,1.0,0.0999961774883899,9.670473320042963e-07,0.0,0.0999999999999797,0.0001458741855917965,0.0,0.0010978896020505,0.0,0.6,0.6,1.0,0.6,0.4,0.22840878463061864,0.4,0.8,0.6,0.8,0.6,1.0,7.0,0.03324218924349146,0.6,4.0,4.0,0.766643840506863,0.18786837629616965,0.39857198596511334,1.0,1.0,0.78908139355613,0.3077426147836191,1.0,0.0,0.0999991612055565,0.0,2.0438781606736767e-05,0.0820479865495408,0.0999861926674645,0.0,0.3289666534048392,0.0,0.0032830097899187,1.0,0.0979978617538203,0.0999939464898811,5.589510966612036e-10,0.0,0.0,0.3129664688376558,0.0416862439286851,0.9557142221916184,0.09999966506881196,0.5987855837281858,3.4842416267332604e-14,0.0,1.0,0.8,0.04639886474789876,4.0,0.005451988541193983,0.0817835625746864,1.0,0.0,0.0999999999991564,0.0,0.0999993595735688,0.0,0.0993616550123439,0.0,0.0999999987933996,0.0,0.0,0.0,0.4,0.0,0.0,0.099986462057096,0.0,0.0,0.5937442365397536,1.0,0.0,0.0,0.0,0.2492232345175849,0.0,0.635484389727566,0.9999863305899199,0.0901240273712965,0.0,0.8052651781966182,0.0,0.0,0.999981593711413,0.2616043955007688,0.0,0.983930074789776,0.4270617087130464,1.0,0.0,0.0,0.0,0.0008441220002682,0.0,0.7595247830198469,0.048468818551649,0.0879439818905648,0.0017338875860813522,0.0,1.0,0.0,1.0,0.998819160622595,0.3939457812634979,0.0,1.2904759688541483e-06,1.0,0.021011960409815088,0.0,2.9411732565332024e-07,0.848665078939045,0.0,0.0263055969674443,0.0,1.0,3.812399762191539e-05,0.0,0.99999999999986,4.058665739764504e-05,0.0,0.0,0.0,1.0,0.09999999987567586,1.0,0.0477493887951546,1.2632561747540394e-06,0.0,0.2491130300265999,0.0,0.10229973184279971,0.6062487282121659,0.33986632866261324,9.0,22.0,0.46242774566473993,1.0,0.5,0.0,1.0,0.0,0.0,0.0,0.0,0.0,0.0,0.0,0.0,0.0,0.0,1.0,0.0,1.0,0.0,0
VAR_002626,0.005937981775015948,0.06274971223396378,0.004960197870824713,0.008433352617796892,0.023863213034450274,0.0043629229929277565,0.001349679871281098,0.00017336465840587858,0.03513539415601962,0.16416124191909173,0.004175882819526386,8.0,0.6767887405393292,0.1067672981088969,0.35995665085820916,0.04300414943141721,0.03147188876470906,0.4218343221450236,0.39944443085011616,0.3414410206280339,0.23968084483173052,0.05975924877253891,0.5619220757259082,0.8,0.2,0.6,0.6,0.40934837552519987,0.0022255707964794463,0.5195415267347288,0.042149850088879545,0.08156230170239896,1.0,0.04355644965720458,0.8887006622010624,0.6,0.6,0.8,0.3103910578632158,0.6,0.05919941859656238,0.6,1.0,0.8,0.2,0.6,1.0,7.0,0.24130645684339586,0.6,2.0,2.0,0.7562385018605127,0.9561116647171672,0.8199092555270138,0.2,0.4,0.5959437590041654,0.4,0.2,0.4326007826610535,0.15858597506648658,0.6,0.04152509110370346,0.10398310015702941,0.06127798230464818,0.6,0.4,0.3872639262141694,0.06724948992400152,0.2,0.1771846311190592,0.044402089018716874,0.007186619534952141,0.26129874872321174,0.4,0.2800153619601652,0.11260565536695163,0.5805452686934149,0.12619441488508878,0.26968825333828506,0.04722952265106656,0.27697003672080295,0.6,1.0,0.1456685025051882,2.0,0.0257365590722993,0.6061897580315575,0.3158514602706732,0.0,0.22439449635101813,0.0,0.2000387447925694,0.0,0.25087835458402336,0.0,0.002014207789223175,0.0,0.5681553470238081,0.0,0.8342698370839272,0.0,0.0,0.20000166014876544,0.0,0.0,0.6,0.42345096990620706,0.0,0.20534870325873494,0.0,0.4812843294689674,0.0,0.4271222672755119,0.3417183459015497,0.04249604875776452,0.0,0.7320112316020595,0.0,0.4,0.47633815964523235,0.3014214662699522,0.0,0.2731204400251076,0.6,0.5898644738151161,0.0,0.33689038610523486,0.0,0.2786266312987817,0.0,0.4854973752887043,0.7892090717280305,0.06638076144259489,0.00132270512671997,0.0,0.6,0.0,0.4822155407266401,0.5995934607409088,0.5132274070361109,0.0,0.6109851385701538,1.0,0.013543472805754526,0.5479110725712244,0.05337745603270197,0.6120568738112796,0.0,0.5176843455264792,0.0,0.46044550460461275,0.040901117409766145,0.8,0.5367981510350697,0.02953890019200176,0.0,0.6,0.0,0.6,0.057202585883264795,0.37699393435090894,0.08005961761326126,0.059586725833804255,1.0,0.788497798753978,1.0,0.5870662693523563,0.9186938654135473,0.8283452910101972,4.0,24.0,0.6069364161849712,0.0,0.3333333333333333,0.0,0.0,0.0,0.0,0.0,0.0,0.0,0.0,1.0,0.0,0.0,0.0,1.0,0.0,0.0,0.0,1
VAR_002740,0.006569659508523821,0.0013913436972296637,0.04508070486333734,4.305496241734209e-06,0.009479402223555375,0.0015931965309381425,0.0024198700984340757,0.00012921133784297498,8.70850465739995e-05,0.022476367627039414,0.0062209315140173875,8.0,0.5765188214397367,0.4532703023353892,0.42146674041308446,0.24721333332341622,0.44991029052260223,0.25899176179966565,0.23896414779620187,0.34134073409621835,0.6,0.0412737057580836,0.4138703369218458,0.6,0.8,0.6,0.8,0.05553583911177815,0.040372430841843665,0.5253945205493966,0.033766876656881786,0.0024783361376859545,0.8,0.0398948058855502,0.8,0.6,0.4,0.8,0.6975193088771039,0.8,0.21990472120274127,0.8,0.6,0.41965261507019413,0.8,0.6,1.0,7.0,0.06669255865479644,1.0,2.0,2.0,0.7607101858315428,0.9275525850643209,0.815622498949951,0.0,0.0,0.922967318876,0.0,1.0,0.7078113162537787,0.3247508823945222,0.6143349492653237,0.0172309433499084,0.2126702725913976,0.0557596203928524,0.0,0.0,1.0,0.1048806999885336,0.0,0.112627,0.0999887448458149,0.0630529711354323,1.0,0.0,0.0,0.002845301098068471,0.6271037018951028,0.11569599994684336,0.0,0.0983819506426726,0.0733895234684526,1.0,0.2,0.024264852310137874,2.0,0.07859438801036515,0.6,0.2700722816553255,0.0,0.23910025014992767,0.0,0.09850876630517987,0.0,0.4391843541168555,0.0,0.058568615257502114,0.0,0.48852531278164485,0.0,0.6132984189490285,0.0,0.0,0.04137522065688854,0.0,0.0,0.8,0.4,0.0,0.33612623674583075,0.0,0.3517267924565113,0.0,0.8,0.8253782899831241,0.08949892190186921,0.0,0.33022504878058256,0.0,0.8,0.6466395935090239,0.26298394608174713,0.0,0.3930997171386702,0.8,0.33000831134696373,0.0,0.36173345729766193,0.0,0.05796653037011009,0.0,0.4,0.728465061106607,0.081261647765341,0.00031210750506892863,0.0,1.0,0.0,1.0,0.7981374809398534,0.20992361822664313,0.0,0.47133721045855914,0.6,0.004096880123018455,0.4,0.7276170588148024,0.6290104179766144,0.0,0.1658747749009927,0.0,0.517690754697747,0.020269592423652737,0.4490437328732595,0.5998797985529492,0.06000873931826378,0.0,0.8,0.0,0.4,0.07689288463977349,0.51665633106228,0.03860862897767929,0.050864257993803216,1.0,0.8141212279560865,0.9996966639776976,0.54405440566436,0.9388537508896472,0.7718155255017006,7.0,4.0,0.300578034682081,0.33333333333333337,0.3333333333333333,0.0,0.0,0.0,0.0,0.0,0.0,1.0,0.0,0.0,0.0,0.0,0.0,1.0,0.0,0.0,0.0,1
VAR_003138,0.01383278869736444,2.288976288732433e-05,0.0013821070584143396,1.0850976694374069e-05,5.576631356905281e-08,0.00014696682901953979,0.021033001446042456,0.017909052126903018,3.915877928270737e-12,0.5060711797039775,0.004415837878018699,18.0,0.6419349081192098,0.23440809368385018,0.3631126379241795,0.05875052803033539,0.21135384261399812,0.42183432214843863,0.2168995711155588,1.0,1.0,0.0999873842412304,1.0,1.0,0.0,1.0,1.0,0.0210805049673534,0.0857327285054585,0.057666371085014,0.0999873760417884,0.003271083645897405,1.0,0.099827447203629,1.0,1.0,1.0,1.0,0.0,1.0,0.0023883515425643,1.0,0.9482308045248742,0.0,0.0,1.0,1.0,3.0,5.441744380938299e-05,1.0,2.0,2.0,1.0,0.9836019351911862,0.8529315640189714,0.0,1.0,2.588805903648782e-07,0.6924272903414491,1.0,0.4290937012208278,0.3353122374885038,1.0,0.0017279681120972992,0.0999999926067762,0.1014353790893861,1.0,0.0,0.0,0.1003291316334788,1.0,0.0999992114633305,0.1218045683917378,0.0007456044438159174,0.0,1.0,0.0,6.295186119482527e-07,1.0,0.251965221166236,0.0,0.1667349999999072,0.2861888538314741,0.0,0.6693075437086489,0.050160787709018884,2.0,0.02536977711992267,1.0,0.0,0.0,0.0999968659674195,0.0,4.669496820610694e-05,0.0,0.0999999970302295,0.0,0.0999335939692805,0.0,1.0,0.0,0.6248211483172166,0.0,0.0,0.0999961133572531,0.0,0.0,0.2952208902037352,1.0,0.0,0.0,0.0,0.0,0.0,0.0,0.514174805173991,0.0955946240367747,0.0,1.0,0.0,1.0,0.999999799067975,0.82747736532879,0.0,4.651531154797055e-05,1.0,0.3712436023783743,0.0,0.0866036543853591,0.0,9.756130689704068e-05,0.0,1.0,0.308100606337407,0.09689934105216641,0.0006157869797449104,0.0,1.0,0.0,1.0,0.999999999990963,0.9418291770196596,0.0,0.17598122783563167,1.0,0.013023971050026693,0.0,0.015452732140049,4.806308484442e-10,0.0,0.0,0.0,0.0,0.013974986613063543,0.0,0.005823740174565,0.0659206282105014,0.0,1.0,0.0,1.0,0.00011028458896323489,0.1925014603657928,0.036853073407611,0.09999608684353378,1.0,0.9361567472998882,1.0,0.8059224690571051,0.9218799980613711,0.6403513860085412,4.0,13.0,0.47976878612716767,0.6666666666666666,0.3333333333333333,0.0,0.0,0.0,0.0,0.0,0.0,1.0,0.0,0.0,0.0,0.0,0.0,1.0,1.0,0.0,0.0,1
VAR_002751,0.0031839515712119106,0.024645591696273048,0.011958091315929363,0.004978065796892495,0.2686209159855452,0.06462078198990004,0.00838181909735755,0.0021365602105521838,0.00026031175255361794,0.02753931841058251,0.02042853951579527,8.0,0.6767887405393292,0.10674876720401816,0.35995665085820916,0.21933640918175307,0.031652711757080856,0.4018356751241281,0.23581510613043366,0.2,0.22309627583894986,0.07924059058867236,0.5573146314980919,0.6,0.5739045164268226,1.0,0.4,0.039019221519809015,0.022217230012660176,0.43071251422400636,0.03918866148768863,0.038542857007401475,0.8,0.06782712444678511,0.6,0.8,0.8,0.494277753448878,0.4491521864887395,0.4,0.2216886146555735,0.6,0.8,0.2985308851678174,0.4,0.2,1.0,7.0,0.024328318419628632,0.4,3.0,3.0,0.7462119371933549,0.9445621223841034,0.7964834881516393,0.4,0.4,0.816983171776854,0.6506238179814874,0.6,0.8082968075949333,0.13418824832927095,0.8,0.048486439478477326,0.11106521596768044,0.022492003029214076,0.6,0.2,0.6804311985674708,0.02651595118250516,0.5041648714116936,0.1898839411543838,0.07458711928269249,0.0077009904126947,0.3624532765578823,0.5348488016175823,0.13827927329603387,0.044449487554354794,0.31091527869563756,0.04654909546239232,0.39442835868334336,0.08053797922467518,0.3310893184366141,0.6463950814080885,0.2,0.005324737814897027,3.0,0.008635070273312003,0.32979518774458344,0.42788840568845743,0.0,0.04774870705340224,0.0,0.06872986976967185,0.0,0.2469824445657781,0.0,0.07938531598495913,0.0,0.5478312205634456,0.0,0.5248384813813712,0.0,0.0,0.059161053584125246,0.0,0.0,0.31341135728967096,0.6,0.0,0.384972911818209,0.0,0.5722053884772677,0.0,0.146920683835142,0.5564559486682223,0.04381326728822105,0.0,0.41333166149121114,0.0,0.34482494663600616,0.6031393567074028,0.26010312317632117,0.0,0.39895287704491583,0.8,0.36968727950361147,0.0,0.18764911262624434,0.0,0.07775155766676334,0.0,0.6,0.3997435910706335,0.06583037872790333,0.013666376696881028,0.0,0.8733107575682155,0.0,1.0,0.4008632839324183,0.18207179908895837,0.0,0.5613188470875914,0.8,0.0029893482841381472,0.6,0.6622080898303098,0.2051931025602114,0.0,0.5840386234344014,0.0,0.46223458118642125,0.05999891097388151,0.6,0.5974487949374153,0.03997738461223423,0.0,0.6,0.0,0.8,0.07985699005089501,0.8,0.05975844201598257,0.027799887784677783,1.0,0.9348320343081202,0.9761596549701116,0.5410058294598289,0.9674027943611663,1.0,11.0,22.0,0.5028901734104047,0.6666666666666666,1.0,0.0,0.0,0.0,0.0,0.0,0.0,0.0,0.0,0.0,0.0,0.0,0.0,1.0,0.0,0.0,0.0,1
VAR_002931,0.0004454878745355728,0.0004694032185625047,4.908099742673189e-06,0.10076944332990319,9.731587628723648e-09,0.0006424530095244715,0.0008358685208259967,0.05785856303358846,9.749130187550517e-08,0.0027604690095687323,0.005716693948018912,16.0,0.6800044086079646,0.33205066863426563,0.19628704381973788,0.07248649218750373,0.23135372012854305,0.42183436095381527,0.4000599885411503,0.0,1.0,0.0619873988474422,0.4063303559692244,1.0,0.0076341080060429,1.0,0.9062917315649364,0.0914431684224647,0.0999996031066525,0.0,0.0787266940008197,1.9728495752228876e-08,1.0,1.158649179298337e-05,0.0,0.6,0.6,0.8,0.24021880950542746,0.8,0.07456446199920432,0.4,0.8,0.8,0.6,0.6,1.0,7.0,0.2400001046810983,0.8,3.0,3.0,0.8311439670949154,0.9661810859118981,0.8210195248332477,1.0,0.0,3.5550220758509524e-09,1.0,1.0,1.0,0.018587390357212092,0.0,0.0999999994498916,0.0999999999999999,0.0009193868168403,1.0,0.0,0.0,0.0075111723335884,1.0,2.6315919340411917e-08,0.1277919999999859,0.0009539883563804267,0.0176893193453858,0.0,1.0,0.09999999999999484,0.3882802355830043,3.764996365848208e-11,0.3269456846663128,1.3764538401591627e-06,0.0,1.0,1.0,0.1454170264000237,3.0,0.005043321152497787,0.46926835500440384,0.6971431454382235,0.0,0.2786011383233128,0.0,0.07681610592631094,0.0,0.05126397064601949,0.0,0.19623397463361497,0.0,0.7805912318740471,0.0,0.7144752890328019,0.0,0.0,0.039613369323000205,0.0,0.0,0.6,0.2,0.0,0.400889962702424,0.0,0.5050120034515334,0.0,0.4,0.3752080096183279,0.2400438534048813,0.0,0.5378036734945808,0.0,0.8,0.42044531582346006,0.2,0.0,0.7386699721842084,0.5062814470541104,0.4,0.0,0.27017983067324325,0.0,0.03756997978270703,0.0,0.2,0.8595864748482652,0.2537826513464636,0.04597555373297247,0.0,0.5950998580524873,0.0,1.0,0.20977280855665734,0.33913422666604076,0.0,0.7296116476989922,1.0,4.689167987229591e-06,0.0,0.999990913059706,0.9974025437292269,0.0,0.0884573453975429,0.0,0.0,0.00015989584446409727,0.0,0.999559801977648,0.0999999989102823,0.0,1.0,0.0,0.8970455906563194,0.009101825792386936,0.0568849392635997,2.0430956195565956e-16,0.09459939408684369,0.9665531631533884,0.9774459898806214,0.9905093652521942,0.8843393237111827,0.9839259792176478,0.964978970762955,14.0,11.0,0.7919075144508672,0.0,0.6666666666666666,0.0,0.0,0.0,0.0,0.0,1.0,0.0,0.0,0.0,0.0,0.0,0.0,1.0,0.0,1.0,0.0,1
VAR_003077,0.007051479985648074,0.0006066142868208365,0.030417773238856725,9.224575729913221e-05,0.08963374058667872,0.016762405329256633,0.005960950366526346,0.004251615403709416,0.012745939406661801,0.2580027757470905,0.017664733039145196,8.0,0.8,0.23819899867263306,0.46780673940250184,0.24792266913674507,0.40264697000020255,0.07635041527290064,0.25767493955479515,0.5559503684238472,0.25570166526070837,0.039778980522552146,0.4270375049074778,0.2,0.20467988729716063,0.2,0.4,0.08066063917653579,0.04178494507764443,0.03605402015164208,0.01997716750789159,0.0003304775628107622,0.6,0.07688410205907874,0.8,0.6,0.4,0.8,0.5787242786191411,0.6,0.42112529213847055,0.6,0.4,0.8,0.8,0.6,1.0,7.0,0.03271894580380372,0.4,4.0,4.0,0.9064532659320816,0.400137519042674,0.3319556852444142,1.0,0.0,1.4807924084476887e-14,0.0,0.3131435123578017,0.0,0.0864193350044978,1.0,2.8583991643953924e-06,0.0999950639088146,0.0996809769216811,1.0,0.0,1.0,1.0469407716254849e-13,0.0,0.0224360599857887,0.0999134571079563,0.006618350301446849,0.0,1.0,1.0,7.352780527162233e-08,0.0,0.09999628601336856,1.0,0.0592436297380974,0.0,1.0,0.6,0.11574972260536526,4.0,0.0043944254880337675,0.8,0.7615873139449825,0.0,0.4469805166127057,0.0,0.054264063194864154,0.0,0.43562716645131977,0.0,0.08779508524373526,0.0,0.253093438168933,0.0,0.4,0.0,0.0,0.23903635690295869,0.0,0.0,0.8,0.6,0.0,0.4769513274194136,0.0,0.29819902812450366,0.0,0.9029025216670821,0.8986473845637335,0.06736855881199774,0.0,0.44580697821612,0.0,0.8424242602753598,0.34810706429265564,0.2659098524976032,0.0,0.5425117002825813,0.8,0.272336276761213,0.0,0.4,0.0,0.060016606024467165,0.0,0.39779471220786,0.43025819543169097,0.039716013325768205,0.002683903295188731,0.0,0.4,0.0,1.0,0.5997045947155679,0.4490703819863125,0.0,0.8000083740176596,0.0,2.3754362786032948e-08,0.0,4.509343222145691e-05,0.9999999278954901,0.0,0.0,0.0,0.0,0.06650855423138277,0.0,0.9497584463818851,0.0999999735885536,0.0,1.0,0.0,0.0,0.09932805893982967,0.0,0.0999999983251296,0.013788659204448484,0.952944610759416,0.9387710469018724,0.938230875124286,0.18642888110217357,0.3390087033373365,0.3948890176410702,15.0,8.0,0.4971098265895954,0.5,0.6666666666666666,0.0,0.0,0.0,0.0,0.0,0.0,0.0,0.0,0.0,0.0,0.0,0.0,1.0,0.0,0.0,0.0,0
VAR_003093,0.00487042781131014,7.17384914449404e-06,0.005833832194046495,2.1678086961375836e-08,0.0040309721882813634,7.045166582192547e-05,0.0032507425961724565,0.008929546830441013,3.6925591578534266e-11,0.10782672875362735,0.13332575197880397,6.0,0.0568632692992796,0.05094244157692285,0.2401377092589208,0.09668748136370461,0.05531169166558722,1.0,0.09999790442399745,0.0,0.7722502493388448,0.0999999712359415,0.1041992425319377,1.0,1.0,1.0,1.0,0.0999999999999999,0.0999999997783122,0.5001372710435685,0.0767072711833571,0.0020036042531498197,1.0,0.0899668326780797,1.0,0.1425368094568872,0.0,1.0,0.6486319282468476,0.0,0.9001222810689427,1.0,1.0,0.0,1.0,0.0,1.0,2.0,0.0596881187300139,1.0,4.0,4.0,1.0,0.9160303047890228,0.7258521279233136,1.0,1.0,0.997264728673134,0.0,1.0,1.0,0.0999999999969638,0.0,0.0995445590469168,0.0863110192367015,0.0999999999998988,0.0,1.0,0.0,0.0916370455882807,0.0,0.9297,0.4256999999999999,0.014997193477428929,0.0,0.5170698306560028,0.5620809981605119,0.08830058508233977,0.0,0.09999999999998965,0.0,1.839381978858859e-05,1.0,1.0,0.0,7.298399413539769e-07,4.0,0.1381761343668649,1.0,0.0,0.0,0.0878182601322298,0.0,0.0999999830740111,0.0,0.9000000000364378,0.0,0.044371189726748285,0.0,1.0,0.0,1.0,0.0,0.0,4.1032977486499813e-14,0.0,0.0,0.8424000660655548,0.0,0.0,0.4957585454692773,0.0,1.0,0.0,1.0,0.9999999797766059,0.0007092558334588,0.0,1.0,0.0,0.0,0.999997374025221,0.8873058048748028,0.0,1.2915265048596944e-12,1.0,1.0,0.0,0.0130241403922746,0.0,0.0955940176473876,0.0,0.0,0.999999538707079,0.09895736417623402,0.001425249300599626,0.0,0.9920246874805856,0.0,1.0,3.465856334958897e-16,0.0,0.0,0.9969253780449888,1.0,0.005059329724814708,1.0,0.576602085109419,0.65485731213541,0.0,0.8551447292806313,0.0,0.0,0.06852862983203342,1.0,0.60773809364497,0.0720126604764926,0.0,0.0,0.0,1.0,0.0,0.0,0.0999999999874141,0.09998510864087828,1.0,0.9490149322534374,1.0,0.7631493578434737,0.9253746406767704,0.6863273685073367,8.0,17.0,0.4046242774566474,0.5,0.3333333333333333,0.0,1.0,0.0,0.0,0.0,0.0,0.0,0.0,0.0,0.0,0.0,0.0,1.0,1.0,0.0,0.0,1
VAR_003084,0.027933334021996277,0.0025168085845393737,0.018221545446965828,0.0017650873832766286,0.13205160427476975,0.013844880979113598,0.025586387550455374,0.015787467791862374,0.033599870830187936,0.01245182005619127,0.0032207591584655373,20.0,0.6800044086079646,0.33205066863426563,0.19628704381973788,0.07248649218750373,0.23135372012854305,0.42183436095381527,0.4000599885411503,1.0,0.2870977210282299,4.3086088993174645e-06,0.7494398608592254,0.0,1.0,1.0,0.0,0.0999999933749107,0.0691249816799532,0.2427435492347549,0.0988451800032888,1.7608117428250028e-07,1.0,0.1,1.0,1.0,1.0,1.0,0.0,0.0,0.0735016758191398,0.0,0.0,1.0,0.0,0.0,1.0,0.0,3.5806789396986172e-12,1.0,3.0,3.0,0.8793822311314581,0.9658070939554523,0.8342798407294275,1.0,0.0,0.16592528753636301,0.0,0.0,0.0,0.005641010121671795,0.0,0.0650237760406019,0.0951438242856962,0.0999969933672124,0.0,1.0,0.0,0.0009730677419652,1.0,0.0999999990730161,0.0999999999999993,2.494639534686187e-06,0.2929731966464309,1.0,0.9061852562291276,0.09999995820646233,0.0,1.150676024501646e-07,1.0,0.3015089336301378,0.725272480617157,1.0,1.0,0.0014518410256531868,3.0,0.018581625154832027,0.0,0.4182898366867621,0.0,7.748859208515554e-07,0.0,0.0078350898792691,0.0,3.7930477127199816e-06,0.0,0.099973591564437,0.0,0.0,0.0,0.8,0.0,0.0,0.0999999999981149,0.0,0.0,1.0,1.0,0.0,0.0,0.0,0.0,0.0,0.0,0.99999915061238,8.401390931443426e-14,0.0,1.0,0.0,1.0,0.006087531986851,0.2952782559204741,0.0,0.950351300921604,0.0,0.0,0.0,0.068966288252721,0.0,0.0179163690846408,0.0,0.0,0.9999982836050331,3.789633143623148e-05,2.4316772292568595e-10,0.0,1.0,0.0,1.0,0.996886242411843,0.3254052825574118,0.0,2.8378091955009937e-07,1.0,0.0030727145273342182,0.0732433201461928,0.09092086268549401,4.237261823486449e-10,0.0,0.0,0.0,0.0,7.755859875213507e-11,0.0,0.999850783217679,0.0999999549813424,0.0,0.0,0.0,0.0,0.09999878594106267,1.0,0.0025404488817854,2.1898428531937138e-05,1.0,1.0,1.0,0.9621154689126794,0.9741161853720235,1.0,14.0,11.0,0.7919075144508672,0.0,0.6666666666666666,0.0,0.0,0.0,0.0,0.0,1.0,0.0,0.0,0.0,0.0,0.0,0.0,0.0,1.0,0.0,1.0,1
VAR_002606,0.0008733638496218464,0.005902873301841747,6.370425388212972e-15,1.926395515435057e-05,0.008061945873872867,0.007667032241545017,2.2957648522650533e-08,1.2448148149732198e-06,1.6954299768180833e-05,0.0022098473785009324,0.006723855823451391,13.0,0.6800044086079646,0.23033904272807232,0.19628704381973788,0.2387505280388954,0.2305977115215113,0.4018357139295604,0.21897813555886428,0.4,0.4230962758389499,0.09881506573643303,0.5953925557721836,1.0,0.5599257411767434,0.8,0.6,0.26010080287065807,0.250498645889074,0.7548103045487908,0.06001759120451787,0.04977685044231447,1.0,0.24240916920151245,1.0,1.0,1.0,1.0,0.0,1.0,0.9691435368178988,1.0,1.0,0.0,1.0,1.0,1.0,2.0,0.0091184147449588,0.0,3.0,3.0,0.8427901440229564,0.9615450167745058,0.7956385026667165,0.5790512055512553,0.8,0.8146162561924074,0.40624610483858364,0.8,0.6,0.44670084189342213,0.8,0.0857686992514396,0.423427865902993,0.0531449612095906,1.0,0.4536134420796431,0.7442279488199315,0.24315826745947708,0.8,0.24046620478917125,0.33031334054480516,0.008048009588332568,0.7233131519840543,0.6,0.4113569515957911,0.2947136246034322,0.6,0.0859263534025006,0.4962004066983189,0.10892568112282522,0.6265386199253651,0.4,0.6,0.04352547476438376,3.0,0.012500651029517645,0.7167325542595306,0.22749891112121032,0.0,0.05999345164543292,0.0,0.052515172682670905,0.0,0.25975046351576664,0.0,0.07103642677378495,0.0,0.41011738972707545,0.0,0.8,0.0,0.0,0.24180947697279534,0.0,0.0,0.6,0.6,0.0,0.2818306896400927,0.0,0.561208823137768,0.0,0.43831531035282295,0.5836214075158227,0.02510488075363141,0.0,0.3638501671475512,0.0,0.7458622325453859,0.6763829962442505,0.2659768374893098,0.0,0.6001356957776589,0.6144905627181807,0.2532073904000875,0.0,0.16718047502942437,0.0,0.06943487564688958,0.0,0.8540725108498701,0.48834735720467476,0.022901434158760926,0.0006840676178575418,0.0,1.0,0.0,0.8,0.5496581442065418,0.2561009684026206,0.0,0.5971241373849934,0.0,0.004318581342567723,0.0,0.9668709097028989,0.554667877408595,0.0,0.0,0.0,1.0,0.09999639069917214,1.0,0.999999999999987,2.7990631891514844e-14,0.0,0.0,0.0,1.0,0.09999999966207736,0.0,0.0892786304751764,3.907381805830275e-06,0.9900109859195396,0.9665967492527388,0.9678203247560868,0.9766045611372162,0.9761750703451864,0.8808180581936804,14.0,19.0,0.5260115606936416,0.33333333333333337,0.6666666666666666,0.0,0.0,0.0,0.0,0.0,1.0,0.0,0.0,0.0,0.0,0.0,0.0,1.0,1.0,0.0,0.0,1
VAR_002870,0.01625618494341529,0.08025812993721762,0.00010890228615426235,0.06960403567209264,0.09428296140390907,0.028034275746389385,0.008325738362503188,0.03660593870984594,0.010253774095262125,0.0035598667250310544,0.0731459385602673,8.0,0.611372653859856,0.09671616523700544,0.31583428125428603,0.21449742243593062,0.6102132646587032,0.23899311477371482,0.08305352622229563,0.8,1.0,0.0656978543289618,0.05639369847599276,0.6,0.2272792669319464,0.6,0.4,0.05986034604391062,0.052677081287217466,0.6643812468784263,0.08779880422500383,0.15375713420335724,0.8,0.0799492639722701,0.6631621859928577,0.4,1.0,1.0,0.5877147194824236,0.8,0.034536163995536544,0.8,1.0,0.8,1.0,0.6,1.0,7.0,0.2404736287429164,0.2,2.0,2.0,0.8780433500788187,0.9895704776224858,0.8727175716560813,0.9790512055512555,0.8,0.017269310902889513,0.2,0.6,0.8,0.2756338934777576,0.6,0.08350590004121397,0.2834508532691523,0.06930918424314955,1.0,0.2346327347410731,0.4410110638586266,0.1418940388737559,0.786937380451256,0.2596154801483001,0.2760473363151698,0.0509605441574852,0.38059090312226473,0.4,0.6,0.05725428680701199,0.6365304286421127,0.029711353275856958,0.46220263657107924,0.14472038354799532,0.4323602536029013,0.4,0.8,0.054180519160805574,2.0,0.10626002486839524,0.6323312228177003,0.5213574668404116,0.0,0.09987127762642174,0.0,0.2628803484321177,0.0,0.05610228971860822,0.0,0.23145529451693375,0.0,0.8,0.0,0.6905686442974439,0.0,0.0,0.08065286406636821,0.0,0.0,0.9134113572896709,0.4,0.0,0.22321421470936742,0.0,0.7019947190188323,0.0,0.708605373482319,0.5744324487849499,0.22255466689024778,0.0,0.5378036734945808,0.0,0.8789418419053533,0.5285743349918616,0.33453410170922704,0.0,0.3809657891851042,0.8144905627181807,0.316479889103524,0.0,0.09780574898581995,0.0,0.25757622730662216,0.0,0.25407251084987015,0.4831756649536948,0.23711630313898102,0.02090119103698138,0.0,1.0,0.0,0.8,0.5666065290675479,0.40043672917505846,0.0,0.41239248764719777,0.6,0.014920482649972883,0.8,0.6169822572906658,0.431626166654262,0.0,0.20400911279820125,0.0,0.6494028540610162,0.05996089467148584,0.6,0.6637134141209384,0.22024523812175514,0.0,0.6,0.0,0.4,0.07543653190245495,0.4,0.0789750927338057,0.04041281390139246,0.9992935743926504,0.9960557945951152,1.0,0.7842621154005059,0.9286873115070239,0.7685036194995196,21.0,12.0,0.34682080924855496,0.6666666666666666,0.16666666666666666,0.0,0.0,0.0,0.0,0.0,0.0,1.0,0.0,0.0,0.0,0.0,0.0,1.0,0.0,0.0,0.0,1
VAR_002781,0.0003805603178113371,0.005086005600312304,0.00012377291913990036,0.0020243880646393458,5.245321917175075e-08,0.004170407264316748,4.391843170044864e-05,3.261864379729312e-06,5.904011966378342e-22,0.09578284055640822,0.00398244522341288,9.0,0.8,0.43756183968923607,0.6678067394025018,0.22792268583100836,0.42262347323684724,0.05923866010728528,0.2376931289942449,0.3559503684238471,0.4387254766987006,0.03921255404760495,0.4,0.2,0.5998971462701791,0.8,0.8,0.06086723336241349,0.07436381830796113,0.13787867812623833,0.04019691409223521,0.0044007184634879,0.4,0.0799901987237644,0.8,1.0,1.0,0.0,1.0,1.0,0.0943795795301284,0.0,1.0,0.4922020244143437,1.0,0.0,1.0,0.0,0.0999999994020627,1.0,2.0,2.0,0.8027839637070109,0.8258300947030404,0.7273533628042869,0.08741593417878978,0.8,0.27740048311159626,0.35566034081042563,0.5044835297565953,0.6831513887326357,0.2899309766623184,0.4,0.12308278307272902,0.28196881509693933,0.04125647409395557,0.8,0.8,0.5578155596181953,0.04891137649721884,0.6,0.02037655469442626,0.05744749847485425,0.021863121544607678,0.5140271178549677,0.4,0.21557503399043818,0.06460160961351236,0.5903502083207979,0.2944110605642759,0.3701789792934999,0.22343700740545502,0.6217733441551833,0.8,0.5214407494944421,0.12658893795973394,2.0,0.004013859910519991,1.0,0.4549996046277348,0.0,0.43499323768969517,0.0,0.05829478161631013,0.0,0.2770201695626661,0.0,0.07650914480866149,0.0,0.18528453001881626,0.0,0.6,0.0,0.0,0.02436070310439057,0.0,0.0,0.8,0.37078779800864076,0.0,0.4326149804706067,0.0,0.14164256213323398,0.0,0.711740649608487,0.6986440846907391,0.06002793077026314,0.0,0.49578302113409806,0.0,0.9466934529077872,0.300823854648452,0.18815705083001885,0.0,0.20076629115720776,0.6,0.186739220537476,0.0,0.4,0.0,0.04833440113518941,0.0,0.59713606913419,0.5613979077571134,0.039717436151198146,0.0027292909061888185,0.0,0.23474340628163537,0.0,0.8,0.20209420610576564,0.2816603449384262,0.0,0.6000177910634727,1.0,0.0007055519933204973,1.0,0.999999999999991,0.037544698692847996,0.0,0.1688564597253959,0.0,1.0,0.09291299817994975,0.9099868252712676,0.999999687057383,0.099984696913093,0.0,0.0,0.0,1.0,8.904542449798491e-07,0.0,0.0011058237964742,0.09997261412670018,0.9862483127705366,1.0,1.0,0.22781228363089245,0.9741133225696132,0.5470455986661089,11.0,6.0,0.4219653179190752,0.5,1.0,0.0,0.0,0.0,0.0,0.0,0.0,0.0,0.0,0.0,0.0,0.0,0.0,1.0,1.0,0.0,1.0,0
VAR_002684,0.01938178819385002,0.010352596929311758,0.045323253558891,0.07009998586723615,0.00862999003473608,0.0074099671461843,0.013070534419702502,0.04119548099972319,0.007524876845462625,0.10267852893205154,0.08055274849812528,8.0,0.7651461675798807,0.4922208215423243,0.3734391985613003,0.22830955874355502,0.6388479521894848,0.058991761799665664,0.22542500703358695,0.7413407340962184,0.8,0.053123431228288054,0.21387033692184576,0.6,0.2,0.8,0.6,0.04223143460642108,0.020000426850593705,0.5492550685621564,0.05318915841782531,0.00398542255812321,0.6,0.059999869351934854,0.46316218599285774,0.6,0.4,0.6,0.49751930887710394,0.8,0.03237317322578878,1.0,0.4,0.7239792554830153,0.6,0.8,1.0,7.0,0.06696102900383807,0.8,3.0,3.0,0.8795144496094651,0.9907364618988407,0.8121982081740049,0.4,0.2,0.7128207297150939,0.2414163885396309,0.6,0.5415622632507557,0.11437347247130195,0.7228669898530647,0.06219787435425472,0.09358031064830605,0.03070464451691588,0.6,0.5847763271888786,0.2966087118160306,0.04398838487950585,0.31204261722720655,0.2387002113902572,0.088043697841191,0.014558472068641519,0.569005693903547,0.38705430231532356,0.0466705693687232,0.042842351756147444,0.34842254871759865,0.07737423938121055,0.21609600589968983,0.05633572722901331,0.27614625762171885,0.8,0.6,0.027836210960372004,3.0,0.018338908288638416,0.5851451726580367,0.4478655769135232,0.0,0.4386020836479979,0.0,0.2623109000420686,0.0,0.26355080178689366,0.0,0.23038687283676096,0.0,0.671217147398497,0.0,0.6132984189490285,0.0,0.0,0.060752791445205054,0.0,0.0,1.0,0.6,0.0,0.371322673711066,0.0,0.5359681378934882,0.0,0.8,0.4397161017922607,0.2792073066735917,0.0,0.3378036734945808,0.0,0.8,0.5793938464390265,0.23825804285957347,0.0,0.5814861813079113,0.8235175611271848,0.5300083113469637,0.0,0.4485274555781219,0.0,0.23757622140172466,0.0,0.2,0.7908342770137775,0.2695471025676901,0.020194626440761337,0.0,0.8,0.0,1.0,0.7924903150606852,0.45025842209639266,0.0,0.5620237804754503,0.6,0.006824385300735942,0.9504441410322284,0.5339856849245699,0.8636201330602584,0.0,0.4748518652840922,0.0,0.4608061067999934,0.04284314047723108,0.6490437328732594,0.5800922791774956,0.08034942191084693,0.0,0.6,0.0,1.0,0.019877664822083595,0.6785573936730103,0.046359257015943164,0.05213333087536811,1.0,0.9488538514726996,1.0,0.5039344016460576,0.9935668171822405,0.9631300874156884,11.0,6.0,0.4219653179190752,0.5,1.0,0.0,0.0,0.0,0.0,0.0,0.0,0.0,0.0,0.0,0.0,0.0,0.0,1.0,0.0,0.0,0.0,1
VAR_002580,0.002866213119270108,1.2371551142690965e-09,0.024710078710561835,1.2878173868627215e-07,0.01509237927134775,0.08651472462325645,0.0021642599280198935,1.456372354759256e-07,0.0017850252087956067,0.00011510894776334283,0.025078929524265374,26.0,0.7148582410280839,0.2043913421544336,0.19313105675376754,0.2330723733389214,0.05165258927162582,0.4018357139295047,0.41897552355602535,0.0,0.3874969540132902,2.5339911135604875e-08,1.0,1.0,0.245286033187872,1.0,1.0,0.0906786764523461,0.0999998914411321,1.0,0.0999679880106749,0.020078450299296575,0.0,5.2735753565041885e-06,1.0,0.6,0.8,0.6,0.4,0.4,0.05160982172671513,0.4,0.8,0.6758034706691451,0.8,1.0,0.8,7.0,0.23409573886869048,0.2,4.0,4.0,0.766095875473848,0.9497721168412391,0.8330266838740947,1.0,0.0,0.999996488061547,1.0,1.0,0.0,0.0976411951071526,0.0,1.8610410275773331e-06,0.0997271305042684,0.0999999999425292,1.0,1.0,0.0,0.0759361977403104,1.0,0.2655007416929182,0.0007420245940337,0.0008557633936713614,0.0,0.0,0.8039889682404227,0.06371038993728223,0.0,0.09999989647493106,0.0,0.0975167300768605,0.2909627511313878,1.0,1.0,0.05133052521660985,4.0,0.028734500222826056,1.0,0.7023440795615357,0.0,5.680485096657519e-11,0.0,0.001528264343738,0.0,0.0959880506006362,0.0,0.09182980885153649,0.0,1.0,0.0,0.8,0.0,0.0,0.0999999999998439,0.0,0.0,0.0,1.0,0.0,0.0,0.0,0.4989687835984843,0.0,0.0,0.035391217812113004,0.900096892465819,0.0,0.0,0.0,0.8,0.21722891423287452,0.0,0.0,0.999999999858026,0.0,0.1222319404895073,0.0,0.0,0.0,0.0999978197306249,0.0,0.0,0.999998818418131,1.8346741360608202e-08,0.0010206782107104518,0.0,1.0,0.0,0.8,0.7098397397726459,1.0,0.0,0.9670713447632244,0.0,0.005350055743685369,0.0,0.9581981169397801,0.999999999619938,0.0,0.0,0.0,1.0,0.047127491464355055,0.0,0.004399063316368,1.0,0.0,1.0,0.0,0.0,0.09999999432033986,0.0,4.837578106008089e-08,0.09959710024522508,0.9975875321417206,0.9871704852339792,0.9734604959267028,0.7896170282295129,0.984133323151252,0.6994241413197034,15.0,17.0,0.4219653179190752,0.6666666666666666,0.3333333333333333,0.0,1.0,0.0,0.0,0.0,0.0,0.0,0.0,0.0,0.0,0.0,0.0,0.0,0.0,0.0,0.0,1
VAR_002792,0.00036685247243996506,0.017825212715822342,1.3157756224171715e-12,0.015612314579769665,0.2476317521261913,2.5637389146113278e-05,0.0018325961846373893,0.03755768155599787,1.8937810781890185e-05,0.002462660679596028,0.04241939812395553,16.0,0.6800044086079646,0.23033904272807232,0.19628704381973788,0.2387505280388954,0.2305977115215113,0.4018357139295604,0.21897813555886428,0.0,1.0,0.0999373566767002,1.0,1.0,0.0,0.0,1.0,0.0999999997151643,3.3204155351366965e-07,0.6576291279343791,0.0999894508736243,0.016891282119789835,1.0,0.0902781863959729,1.0,0.6,0.8,0.8,0.6,0.8,0.22916935425427284,0.8,0.8,0.4,1.0,0.8,0.8,7.0,0.41444500305680937,0.4,3.0,3.0,0.8764391188685654,0.9608236489959857,0.8542271339766414,0.17905120555125537,0.8,0.7825888090500086,0.41306344320964783,1.0,0.4,0.18661626137661036,0.6,0.08932460944359258,0.20404290144038048,0.053835581317078815,0.6,0.39186617711783145,0.48492007540941195,0.22021253111327047,1.0,0.26082377402445633,0.44920858848801704,0.012906191013689181,0.38059090312226473,0.4,0.5119443912196643,0.3760186669568335,0.637876069499381,0.07962886523328,0.24235162940691518,0.10552439382561567,0.4954493014887511,0.6,0.6,0.03857424439707104,3.0,0.0030460416114556086,0.0,0.1549504528899041,0.0,3.1734116850038695e-12,0.0,0.0378438137064858,0.0,0.0999999933855139,0.0,0.0966207576163249,0.0,0.9099934636323276,0.0,0.0,0.0,0.0,0.0091600408656131,0.0,0.0,0.0,0.0,0.0,0.4091534482004638,0.0,0.0,0.0,0.0,2.1101160697114606e-09,0.0999998171380884,0.0,0.8192508357377559,0.0,0.0,0.99974612553135,0.0,0.0,0.0006996182594383743,1.0,0.2660369520004375,0.0,0.0,0.0,0.0999640435030909,0.0,1.0,1.3742733729208984e-09,0.006635584151771386,0.00034281833888228594,0.0,1.0,0.0,1.0,1.0,0.0684142397397129,0.0,1.0973709573421494e-05,0.0,3.058425581410059e-05,0.0,0.999576570424241,0.016992137794081,0.0,0.2226639054074736,0.0,0.7077624431676923,0.09540607902141582,1.0,0.9998709321497611,0.0999982706868739,0.0,1.0,0.0,1.0,0.09993803711234056,0.0,0.002185812477767,0.06253776382242658,1.0,0.679514728814191,0.9986614801356676,1.0,0.9406274277668014,0.989173777043783,14.0,19.0,0.5260115606936416,0.33333333333333337,0.6666666666666666,0.0,0.0,0.0,0.0,0.0,1.0,0.0,0.0,0.0,0.0,0.0,0.0,1.0,0.0,1.0,0.0,1
VAR_002697,0.039355203373153194,0.07853378568924015,0.10140924248908284,0.002604801756447782,0.07497892589196427,0.019427762164661688,0.03347027838178824,0.034701768819354294,0.012666846578144512,0.080532952005688,0.12743386227377507,8.0,0.611372653859856,0.24757715771468558,0.5158342812542861,0.3940637174373143,0.43021326465343895,0.23899311477539698,0.07661085689675834,0.3773721884571506,0.5544500498677689,0.22005983441169544,0.02083984850638754,0.8,0.46722319018856967,0.8,0.8,0.27003153436170224,0.07513989514526326,0.3964133018857747,0.06774816799304702,0.007161617311896558,0.8417744916943825,0.07556079259614082,1.0,0.0,1.0,0.0,0.0,1.0,6.550310598128768e-08,1.0,0.0,1.0,1.0,0.0,1.0,4.0,4.248327471543854e-12,1.0,4.0,4.0,0.866776855134729,0.976893583826167,0.751954913020086,0.0,1.0,0.438334886569844,0.1160603936887991,0.5224176487829768,1.0,1.581112188629206e-08,0.0,0.0991822926342074,0.0027823818791172,0.00012533646265789998,1.0,0.0,0.6252155834675607,0.0999999999998989,1.0,0.00010330518888439954,2.522802574557854e-07,0.006789468188983881,0.5701355892748382,1.0,0.0,0.07615174154447289,1.0,0.09999753034976576,0.7959500484007879,0.0999999923696916,0.0,1.0,0.2,0.2603109898341755,4.0,0.17184101148666228,1.0,0.5947851663292847,0.0,0.637492908893156,0.0,0.23882862086755732,0.0,0.22213024138243692,0.0,0.26016210524893135,0.0,0.6,0.0,0.8,0.0,0.0,0.04116407715974248,0.0,0.0,0.9684800132131108,0.2,0.0,0.6991517090938555,0.0,0.6938160989856852,0.0,0.6,0.35193811295361205,0.24027438663183398,0.0,0.6820484151700479,0.0,0.8,0.606091475974718,0.38828068845473496,0.0,0.37524955637029045,1.0,0.6,0.0,0.6046068266774831,0.0,0.2587411540464069,0.0,0.0,0.4707550677013541,0.24071652587460335,0.020476601801407056,0.0,0.7984049374961171,0.0,1.0,0.5863704864343954,0.5233017029940739,0.0,0.5994148313465814,1.0,4.825115582817374e-08,1.0,0.7776515909108419,3.7311060167132944e-10,0.0,0.0,0.0,0.0,0.09998973012069917,0.0,0.103979864640652,0.0011482499026778,0.0,1.0,0.0,1.0,0.09999699955113506,0.0,0.089688009702314,2.819206052064594e-09,0.9576567510078128,0.9829947136919592,1.0,0.2071668526849043,0.9414751690930401,0.6395990968917634,9.0,11.0,0.4393063583815029,0.8333333333333333,0.6666666666666666,0.0,0.0,0.0,0.0,0.0,0.0,0.0,0.0,0.0,0.0,0.0,0.0,1.0,1.0,0.0,0.0,0
VAR_002787,0.005869454643740157,0.009159296841677371,0.011979980713764552,0.019811467345882006,0.04241695482899875,0.009811541854830795,0.0029876670712263606,0.0026801955454852735,0.03347633396150121,8.94208685959536e-06,0.01717753028076434,28.0,0.6800044086079646,0.33205066863426563,0.19628704381973788,0.07248649218750376,0.23135372012854305,0.4218343609538152,0.4000599885411503,1.0,0.0,0.093933480278864,1.0,1.0,0.0,1.0,0.0,0.0999958855736672,3.9872740408734323e-20,0.1496700648326625,8.014955381512747e-13,1.0,1.0,0.0001512828056025,1.0,0.4,0.6,0.8,0.2,0.4,0.02075035118035536,0.6,0.5599278985182895,0.8,0.0,0.8,1.0,7.0,0.19266753149892782,0.4,1.0,1.0,0.788155547493476,0.9558647032747641,0.7583130941955152,0.34752408608050833,0.7782256025792836,0.471425480270044,0.4,0.4,0.7967789851027859,0.12847633878953038,0.6,0.020109750690016512,0.1326312198719532,0.08903072012471668,0.2,0.4,0.46407261559661156,0.3280205114784655,0.7107366693371814,0.1257361314063702,0.18068272752518807,0.0044207502841259174,0.4876176920923648,0.1644722347619857,0.14429900585129748,0.2853522081507099,0.6350228114534728,0.04804275237334784,0.2525635854612035,0.03873203346850553,0.36999267181075385,0.6,1.0,1.0958296323157132e-05,1.0,0.00039966796938212,0.3925629024993493,0.6574903441133644,0.0,0.03988306480500227,0.0,0.06788812403978675,0.0,0.020102360023238793,0.0,0.04823104917872766,0.0,0.29108177562444854,0.0,0.6406817188752012,0.0,0.0,0.4000137464912747,0.0,0.0,0.8,0.33336351087579863,0.0,0.2507431549607679,0.0,0.2686563056670031,0.0,0.2349093441520133,0.4534336916606957,0.05638282430704515,0.0,0.7521394484122379,0.0,0.8749713794471446,0.4024320339668368,0.40147607178960076,0.0,0.3711578512347681,0.7944803769741638,0.323133762967522,0.0,0.2044683035506995,0.0,0.04033133065086718,0.0,0.03785886312370082,0.5969915700069486,0.07453074076521328,0.0007999768735563724,0.0,0.8,0.0,0.8,0.5994028666045728,0.43065017617971846,0.0,0.5934964076550693,0.0,0.0017777851977593363,0.0,1.918465196140018e-18,7.04404361148882e-17,0.0,0.0,0.0,0.462128320095077,0.08184606665774317,0.0,3.249762403701312e-07,0.0944626031474774,0.0,0.0,0.0,1.0,1.8720825506812774e-08,0.0,0.0112355974744188,0.09932774091206908,0.9933631405685162,1.0,1.0,0.5312900385054508,1.0,0.9485893111806825,9.0,13.0,0.017341040462427793,0.0,0.3333333333333333,0.0,0.0,0.0,0.0,0.0,0.0,0.0,0.0,0.0,1.0,0.0,0.0,0.0,0.0,1.0,0.0,1
VAR_003102,0.00036643030469734163,0.18156194601369802,3.564853660554221e-08,0.0005470320701076502,0.00015704969846316367,0.004040229025851851,8.050563397550098e-05,0.008927200014016467,0.0028677699106321067,0.1640797389740657,0.006798579104768221,18.0,0.6800044086079646,0.4303390427280723,0.39628704381973784,0.23875054472459872,0.2313538426087337,0.4018343602930623,0.20007775933779756,0.0,0.0030702613780799,0.0987373805102044,0.0,1.0,1.0,1.0,1.0,0.0002650456574574,0.001246265221663,0.0,1.203485726147386e-06,9.015917799253471e-06,0.0,0.1,0.0,1.0,0.0,1.0,1.0,1.0,0.9002834546285584,1.0,1.0,1.0,1.0,0.0,1.0,2.0,0.0995312157327403,0.0,2.0,2.0,0.9963335550004657,0.9927509871230025,0.8338179808995183,0.2,0.6,0.5952920106089109,0.6340523178783835,0.8,0.3998522244569714,0.18078823376886738,0.8,0.058791341344548574,0.07953632283864791,0.12465480061252643,1.0,0.4,0.2,0.02171966457657971,0.8,0.23836491108173888,0.27544860187340775,0.007529587489079703,0.12826752285784604,0.6,0.38694444377040216,0.0463415839312113,0.6,0.1672267043870745,0.2,0.08511280218700144,0.6572377707662949,0.0,1.0,3.4302809377169396e-05,2.0,0.01249879417613411,0.8,0.2,0.0,0.23539174269412094,0.0,0.03809674120185782,0.0,0.08094689261101176,0.0,0.04040521202525533,0.0,0.8178103415497169,0.0,0.9249642296634434,0.0,0.0,0.059568306208444166,0.0,0.0,0.6635359521403943,0.6,0.0,0.2389818867843275,0.0,0.1719004521165287,0.0,0.0,0.7115468613094336,0.040324234513332016,0.0,1.0,0.0,0.8,0.43092579199705616,0.33199970426370073,0.0,0.7929735644770166,0.6,0.5083334520552236,0.0,0.2933096591957096,0.0,0.0399424600541232,0.0,0.5051818553412254,0.6604086661201671,0.04501609376822799,0.00798112905046524,0.0,0.8,0.0,0.8,0.9751957479537688,0.32170631938038396,0.0,0.44293062571278824,0.0,3.832409836355499e-06,1.0,0.9999999999629949,0.042307096418935,0.0,0.630133578971811,0.0,0.928698337870228,0.07143244436007444,0.0,2.615277721231698e-08,0.0524133769983911,0.0,1.0,0.0,0.0,0.08404596680132735,0.4288312605163344,0.0999999053731643,0.09999998653266239,0.9993701726793716,0.680418722333572,1.0,0.3557000640963048,0.9158339457549792,0.7683534684509871,4.0,13.0,0.47976878612716767,0.6666666666666666,0.3333333333333333,0.0,0.0,0.0,0.0,0.0,0.0,1.0,0.0,0.0,0.0,0.0,0.0,1.0,1.0,0.0,0.0,1
VAR_002835,0.016922594743591195,0.0018769918530310292,1.069528951505608e-06,5.348753906265545e-07,7.415389457833769e-06,5.776363730266816e-19,0.00017845642845931123,1.6159138471714542e-07,9.17390162336074e-05,0.16612352815985018,0.0,10.0,0.6767887405393292,0.10676729810889685,0.35995665085820916,0.04300414943141721,0.03147188876470906,0.4218343221450236,0.39944443085011616,0.3414410206280339,0.23968084483173052,0.05975924876952288,0.4,1.0,0.4,0.6,0.8,0.428169571567811,0.00010182907277338647,0.38371973177639646,0.03881357418448437,0.07874861015013147,1.0,0.03207854274493481,0.6887006622010624,0.8,1.0,0.8,0.6612388713744762,0.8,0.05821801895421722,0.6,0.8,0.4,0.8,0.4,1.0,7.0,0.24089836781711488,0.4,2.0,2.0,0.8841456980669544,0.9755549467264193,0.8487340644097429,0.4,0.5963671022329974,0.7923642364547854,0.2,0.8,0.34146453540438965,0.2292122078948033,0.8,0.09920568446469566,0.23910225930399037,0.08180189487080505,0.8,1.0,0.29131396018172967,0.24000076985487723,0.5590872281450086,0.2644190481059168,0.2298750552389998,0.20008460249961163,0.31632361991412355,0.4,0.37324155160623607,0.2866606667294337,0.714419056208383,0.12427628028805389,0.3411110946183031,0.1583651991212777,0.6769700367208029,0.8,1.0,0.15489643936697536,2.0,0.20107337402788839,0.4451123101867884,0.32386579605212457,0.0,0.2297398962079628,0.0,0.2200238459838142,0.0,0.07080183574938574,0.0,0.0027677173927600314,0.0,0.4480096448372136,0.0,0.8740925633114207,0.0,0.0,0.22000046468618653,0.0,0.0,0.6,0.6234509699062071,0.0,0.20534870325873494,0.0,0.5018387934851758,0.0,0.5355076503946763,0.2183147871456073,0.022496252423651785,0.0,0.7320112316020595,0.0,0.6,0.4763381539630298,0.27232888249864223,0.0,0.3723015223559154,0.6,0.6,0.0,0.29850273955256446,0.0,0.2596233631967343,0.0,0.3123924726134517,0.5894861021063523,0.06262419465840058,3.0466510827809448e-05,0.0,0.8,0.0,0.4822155407266401,0.5990797459442202,0.5132274070361109,0.0,0.4114529610338484,0.6,0.06284411035051281,0.8,0.5711047166531933,0.789640009197967,0.0,0.49793293268139466,0.0,0.5638609671271044,0.051815460685746335,0.4,0.42346291417458265,0.22811132719729316,0.0,0.8,0.0,0.6,0.040001688906074584,0.8057585279971422,0.053656603570819215,0.061068392039752756,1.0,0.9897217987505088,1.0,0.5680866669023397,0.9383631552269015,0.7156007782667375,2.0,24.0,0.2601156069364162,0.16666666666666669,0.3333333333333333,0.0,0.0,0.0,0.0,0.0,0.0,1.0,0.0,0.0,0.0,0.0,0.0,1.0,0.0,1.0,1.0,1
VAR_003097,0.017369385635105938,1.2489514341924618e-05,2.6205770666687915e-07,5.153879445010168e-06,5.597427991018017e-10,1.3809281758264683e-06,0.0010931796005931175,5.063692531887344e-10,0.00024272633832552454,0.05894052595728195,0.0006165734464753769,16.0,0.4800044086079646,0.2593025995641524,0.22146674041308448,0.08721219514131721,0.4312567950432872,0.25899266127822085,0.41899133305766617,0.34134073409621835,0.6,0.05790041870171488,0.4138703369218458,0.6,0.6,0.6,0.8,0.03897872696013506,0.02548048090687437,0.7014305343483491,0.03376689087910443,0.0004130758885457332,0.8,0.05986513482185242,0.8,0.6,0.4,0.8,0.7086071489001196,1.0,0.014111171644374792,0.6,0.4,0.6196526150701941,0.8,1.0,1.0,7.0,0.07554600994245057,0.6,2.0,2.0,0.9981417651684144,1.0000000000000002,0.829586083596126,0.0,0.0,0.906821753129416,1.0,1.0,1.0,0.0015121356221285945,0.0,5.850398269472404e-07,0.0344482596937081,0.0999999999999972,1.0,1.0,0.0,0.0999994822911369,0.0,0.0599000615099214,1.0643746588368367e-06,1.916715046882945e-06,0.0,1.0,0.0,0.09997711202153754,0.0,5.832226749616113e-10,1.0,0.0070142784290651,0.0,1.0,0.4,0.03278237801050058,2.0,0.0007257668224415368,0.4,0.0996843435500219,0.0,0.03993678449052943,0.0,0.0794628139291792,0.0,0.2427110629041013,0.0,0.24367954812223414,0.0,0.5069026112520801,0.0,0.6132984189490285,0.0,0.0,0.03450388361497391,0.0,0.0,0.6,0.31172157372615966,0.0,0.13512708246912164,0.0,0.3239254998154527,0.0,0.5848505227202974,0.9459470233823779,0.2599945861836518,0.0,0.5528883989709521,0.0,0.6,0.8447537127394378,0.4,0.0,0.6247638679923598,1.0,0.2686396463041424,0.0,0.20392729375035262,0.0,0.07644628961346284,0.0,0.2880384856447929,0.5195396599889187,0.26308365330279143,0.06394949394504719,0.0,1.0,0.0,0.8,0.8394352562446712,0.2955842062760528,0.0,0.4840974064688835,1.0,0.017401781804033317,1.0,0.9999895801926451,0.622634649406655,0.0,0.0,0.0,1.0,1.3167201114599068e-14,0.0,0.9999985026700251,1.2786536444504066e-11,0.0,1.0,0.0,0.0,0.09999999999999616,1.0,6.283253336654977e-15,1.8816001057410667e-07,0.9970547714438112,0.922292593892261,0.98962065278648,0.7595780251720361,0.9412225161642416,0.8183961016565726,7.0,4.0,0.300578034682081,0.33333333333333337,0.3333333333333333,0.0,0.0,0.0,0.0,0.0,0.0,1.0,0.0,0.0,0.0,0.0,0.0,1.0,0.0,1.0,0.0,1
VAR_003176,0.039789968152255904,0.008734262254584617,0.006050220415550225,0.12935431752110355,0.00011436998797472929,0.022461003490760818,0.026724028523468328,0.06393544968818454,0.0042582209456072965,0.0001468740300761323,0.021859917504831572,20.0,0.703485587168228,0.23159152323835003,0.41291025430448525,0.04846108151937048,0.4012534394490677,0.24082612142685877,0.4177331538511095,0.4,0.45618647638077653,0.05403012922084462,0.45639369847599276,0.6,0.2845908506314457,0.6,0.4,0.06485347678994981,0.059109110822700185,0.3345243660247717,0.06049616539903742,0.00041661196864257137,0.6,0.07843338138235736,0.6631621859928577,0.4,0.6,1.0,0.38771471948242353,0.8,0.2199119535144484,0.8,0.9523181477541802,0.8506797578727067,0.8,0.4,1.0,7.0,0.250146243596078,0.4,2.0,2.0,0.7885828125925267,0.9565987832056476,0.8233403500544538,0.5219033845116351,1.0,0.2009308118983596,0.380814665010469,0.6,0.554747469575992,0.17278474199023414,0.8,0.11236259040404413,0.16796637962318908,0.09409244069404032,0.8,0.49909576658007887,0.4,0.19162188524071339,0.8,0.25029744985577873,0.31273046237909197,0.0834450642352169,0.3195494935491578,0.2,0.2120972642941227,0.25075207476048333,0.28944829663183447,0.120076038782752,0.5148376484737531,0.1438590023769057,0.5352432323306704,0.8,0.4,0.048621544433755465,2.0,0.008220898946965281,0.0323174511164875,0.5260614485696615,0.0,0.002300299084388,0.0,0.0018656313102425,0.0,0.000631708087594,0.0,0.015393519893099268,0.0,0.4159339090010927,0.0,0.8,0.0,0.0,0.0003890942151075,0.0,0.0,1.0,0.1932772858726541,0.0,0.8890643113272504,0.0,0.3528094120617398,0.0,0.0,0.9999983633607459,0.0999884527324333,0.0,0.0,0.0,0.7760542587957572,0.0007542847698265367,0.0,0.0,0.068471818245991,0.0,1.0,0.0,0.0,0.0,0.0010361196496832,0.0,0.044059797786365,0.081338059200758,0.029012160638309994,8.339571936976802e-07,0.0,0.0,0.0,0.0,0.708072939354185,0.5273652920236778,0.0,0.13246807941653008,1.0,0.005115071729779265,0.0,0.9968008628388141,0.999847837857749,0.0,0.0,0.0,0.0,2.758704087865621e-07,0.0,0.4295006207648,0.0999999999999999,0.0,1.0,0.0,0.0,0.009387371774956237,0.0,0.0999875827551657,0.055986573484809385,1.0,0.9368778463958412,1.0,0.5833466476324852,0.9496099295117093,0.7577688490881881,21.0,9.0,0.4971098265895954,1.0,0.5,0.0,0.0,0.0,0.0,0.0,0.0,1.0,0.0,0.0,0.0,0.0,0.0,0.0,0.0,0.0,1.0,0
VAR_003173,0.06271085742037705,0.005070601392900396,7.164475946569123e-08,0.0011182614829358306,0.44436405250895966,0.049028464364668706,0.028017509610143192,0.05372492755370772,0.05575117731500062,0.00022640457986912056,0.03123394626687573,30.0,0.703485587168228,0.23159152323835003,0.41291025430448525,0.04846108151937048,0.4012534394490677,0.24082612142685877,0.4177331538511095,0.0,0.0,0.0999998524916635,1.0,0.0,0.0,1.0,1.0,0.0428346573423069,0.0999763387379066,0.7891292093935861,1.7606571320973248e-06,0.025827269097356057,0.0,0.0008282933266073,1.0,0.0,1.0,1.0,1.0,1.0,4.02488265359434e-10,1.0,1.0,1.0,1.0,0.990160109451706,1.0,6.0,0.9999788720476672,1.0,3.0,3.0,0.7907798812538422,0.8871063244177577,0.7952901670143372,1.0,1.0,0.0004087360688780116,0.8438001323036639,1.0,1.0,1.0,1.0,0.1168461624262316,1.0,0.1202589719080723,1.0,1.0,1.0,1.0,1.0,0.6791595412261192,1.329454074946569e-07,0.0074857561350438915,1.0,0.9372618663538416,1.0,1.0,1.0,1.0000000000000002,0.3802941388099745,0.2943952919756704,1.0,0.2017591984384759,1.0,0.054450551250645525,3.0,0.0289635872844877,0.4415031402585954,0.9170883906076468,0.0,3.591738674485269e-09,0.0,2.6799604638221344e-06,0.0,0.0733616477344224,0.0,0.010113072382916966,0.0,1.0,0.0,1.0,0.0,0.0,1.0,0.0,0.0,1.0,0.0,0.0,0.4478946446207015,0.0,0.0,0.0,1.0,0.7313164460457169,2.6793378454896984e-06,0.0,1.0,0.0,1.0,0.9977121409402779,1.0,0.0,0.999549831546946,1.0,0.0,0.0,0.0,0.0,0.0999999991157153,0.0,1.0,0.05963604782370299,0.09973896576464851,0.008573008547118453,0.0,1.0,0.0,1.0,0.9628555558702879,1.0,0.0,0.013379947952500436,1.0,0.03599307702250115,1.0,0.006243577390568,0.124613091992311,0.0,0.7195130178606295,0.0,1.0,1.5046049388671636e-17,0.0,3.065886739982691e-06,0.0999999962881937,0.0,1.0,0.0,1.0,1.3302537743531962e-06,1.0,0.0133751752966426,0.0012801291469129849,1.0,0.9743712456460968,1.0,0.3912021463309817,0.931683223679916,0.8439073681938337,16.0,3.0,0.8843930635838151,0.0,0.3333333333333333,0.0,0.0,0.0,0.0,0.0,1.0,0.0,0.0,0.0,0.0,0.0,0.0,0.0,1.0,0.0,0.0,1
VAR_002909,0.04026819932881683,0.009931758793320592,0.005982064686056115,0.01519514463538112,0.031944513430179115,0.014957156378691109,0.011278120627090079,0.03370351557780466,0.21870479183064132,0.020685564184425628,0.0019599105326308067,28.0,0.7148582410280839,0.2043913421544336,0.19313105675376754,0.2330723733389214,0.05165258927162583,0.4018357139295047,0.4189755235560253,1.0,0.0,0.0999999771105502,0.0,1.0,0.0,1.0,0.0,2.183309867742082e-12,0.099832957286978,1.0,0.070667522851201,0.0004457629230751968,1.0,0.0999999966127626,0.0,1.0,1.0,1.0,0.0,0.0,0.0984864818885389,1.0,1.0,0.5480506846063421,0.0,1.0,1.0,3.0,0.0989656829815682,0.0,3.0,3.0,0.7784780118069621,0.9221173642492579,0.8496867365629909,0.0,0.0,0.705659414308663,0.0,0.0,0.4437612844760853,0.0996911707228581,1.0,1.4869353182112072e-10,0.00029780569950019995,0.1,1.0,0.1547109833380286,0.0,1.3174313650178296e-08,0.0,9.156076297113613e-06,0.1337949999998991,0.0011557229130566005,0.4373982864144211,0.1357849634285664,0.0540693928160178,0.003560303838456275,0.6369841957882034,0.09037007494486404,1.0,0.0999797367965203,1.0,1.0,0.5107565476447318,0.07493510539023476,3.0,0.001775318553755457,0.8,0.46478787607628663,0.0,0.009465960886116325,0.0,0.011884497783661376,0.0,0.039808664778926306,0.0,0.05149004308048957,0.0,0.46889284477320176,0.0,1.0,0.0,0.0,0.45383103147288467,0.0,0.0,0.8,0.33336351087579863,0.0,0.3863853056894146,0.0,0.4542672936472571,0.0,0.2,0.0038170038995752617,0.044347539545886425,0.0,0.7784565842285163,0.0,0.8,0.5849499050060982,0.410895893212726,0.0,0.6372542756145714,0.9442564528814159,0.8,0.0,0.3347072352149579,0.0,0.051902115453014486,0.0,0.6879556439352529,0.43024304517313655,0.03998140917588035,0.00015008203407550756,0.0,0.8,0.0,1.0,0.5185266846369252,0.6351189088285842,0.0,0.7118778854389707,0.0,0.01582298242338691,0.0,1.348911759924666e-08,0.999189157836276,0.0,0.0,0.0,0.9717665040101116,1.0391299003610272e-07,0.0,0.00030132300043804927,0.0001344541675564,0.0,0.0,0.0,1.0,0.0037498182666397357,0.0,0.0999999999727866,0.09801268998062139,0.9962883857079382,0.9566049875201624,1.0,0.9892284882807992,0.9608938984794404,1.0,14.0,21.0,0.5317919075144509,0.33333333333333337,0.6666666666666666,0.0,0.0,0.0,1.0,0.0,0.0,0.0,0.0,0.0,0.0,0.0,0.0,0.0,1.0,1.0,0.0,1
VAR_003167,0.0009352809389007587,0.002083689462652274,0.004239642019967547,0.020073679598551917,0.022348939305666816,0.0009681535568849677,5.011313142114025e-05,0.0029472366459598635,0.00020496588979814777,0.11161217397198248,0.00837080950064498,8.0,0.7651461675798807,0.4667596217853262,0.47096272646847226,0.227876304170324,0.6188519346917836,0.07899176246214272,0.23769574099708393,0.0,0.6,0.02005502802823854,0.15635589096571406,0.4,0.8166984687389327,0.2,0.8,0.04263002057853002,0.0600203395127882,0.48039494706244723,0.003078868622615424,0.006533192728064959,0.8,0.036010195536507306,1.0,0.6,0.4,0.6,0.6975193088771039,0.8,0.2387780051250598,0.8,0.6,0.4984404048828687,0.8,0.4,1.0,7.0,0.06669255853522202,1.0,2.0,2.0,0.7845725682154154,0.8093124007752144,0.6690121284187011,0.4,0.8,0.7611052810093022,0.2,0.8,0.3415622632507557,0.3680410761909117,0.3228669898530647,0.04542462751421276,0.19724913593092955,0.029441695742550955,0.4,0.4,0.4,0.07311174529926497,0.2,0.0227708812156573,0.0200392451732674,0.014971514440370953,0.4,0.38705430231532356,0.0,0.03676723036785447,0.5572368672393105,0.21121074540237922,0.17587513037608474,0.08122589415401435,0.4202609973177444,0.4,0.2,0.002487456527034378,2.0,0.04694632026167366,0.4,0.23165959560030797,0.0,0.4199400931125359,0.0,0.09663640323610326,0.0,0.25991646848068517,0.0,0.03857037789584969,0.0,0.471217147398497,0.0,0.4132984189490285,0.0,0.0,0.04065810748261174,0.0,0.0,0.8,0.4,0.0,0.4,0.0,0.2,0.0,0.6,0.7180203367647828,0.059321656199690466,0.0,0.4122734639506304,0.0,0.8,0.49942177057099435,0.2490775703393479,0.0,0.5931025455275476,0.8,0.33000831134696373,0.0,0.5851568584620349,0.0,0.059911230106920746,0.0,0.3066068105363608,0.3583135265171621,0.055763668889038526,0.0005225667785265531,0.0,0.8,0.0,0.8,0.9974080551429623,0.2612819702505806,0.0,0.6579940479753722,0.6,0.00157758893438923,0.513008070511589,0.8932949897573706,0.4709324234914779,0.0,0.3628562096994591,0.0,0.2088090625956093,0.08010968044138529,0.4490437328732595,0.3992480144593955,0.07227481243313907,0.0,0.6,0.0,0.6,0.03691531607494447,0.6222716849085972,0.04639082382921864,0.043336574843339394,1.0,0.8698438288841188,1.0,0.41065507781244326,0.9437043376999987,0.5788910135777245,5.0,4.0,0.47976878612716767,0.8333333333333333,0.6666666666666666,0.0,0.0,0.0,0.0,0.0,0.0,0.0,0.0,0.0,0.0,0.0,0.0,1.0,0.0,0.0,0.0,1
VAR_002748,0.06691843357169491,0.00838863186912031,0.033091662612224224,0.20048740826146866,0.13803598220408236,0.008039704782137606,0.034706202786024834,0.08421002475228143,0.05725055549436877,0.2309355488998942,0.23733563641138702,8.0,0.64193490811921,0.14796769388463654,0.21800912302219616,0.062418233900271736,0.23041688852810988,0.26000086265886274,0.3994342032575549,0.5414410206280339,0.23968084483173052,0.07963717608454043,0.4,1.0,0.6,0.8,1.0,0.42870874129736664,0.020101822451852644,0.3954116465946617,0.05840203328216673,0.08487759335098634,0.8,0.022013710979351255,0.4887006622010624,0.6,0.8,0.6,0.6520111201665394,0.6,0.060702913352932264,0.6,0.8,0.2,0.6,0.6,1.0,7.0,0.23960618863134292,0.6,2.0,2.0,0.7717513770538453,0.9477550955878173,0.8587207663898708,0.2,0.6,0.5906189122772101,0.4,0.6,0.2,0.24291913779590488,0.6,0.12518760066040394,0.22673519471751452,0.10122238501324769,0.6,0.6,0.44453145569359354,0.25999443055049876,0.6,0.28441722476830306,0.2399990444372923,0.20023541182378152,0.2612987487232118,0.4,0.46151045698028714,0.2869439342035916,0.757307944837996,0.10415766713207293,0.4598553630028611,0.19058034305060842,0.6453270611334616,0.8,1.0,0.1269524894171504,2.0,0.22147550734705626,0.6777361793736938,0.040327260460121715,0.0,0.22288600310195594,0.0,0.20023854423568035,0.0,0.071043044243373,0.0,0.02401043575647347,0.0,0.5527023785354384,0.0,0.7207035965277134,0.0,0.0,0.21999990351856683,0.0,0.0,0.8,0.48046984846841767,0.0,0.20534870325873494,0.0,0.37871592290247813,0.0,0.3355076503946763,0.5998830981877473,0.032646078032353795,0.0,0.6,0.0,0.4,0.4885910511649806,0.400855712068317,0.0,0.17263693737454883,0.6,0.4,0.0,0.41732343249721343,0.0,0.25993810136337847,0.0,0.37976384259194684,0.604269670509229,0.05967892862355727,0.00158637528402575,0.0,0.6,0.0,0.4822155407266401,0.8945487947224064,0.7132274070361109,0.0,0.4115330734274784,1.0,0.06276190003193274,0.4,0.20665764755025523,0.5745494054653092,0.0,0.29793293268139465,0.0,0.46044550460461275,0.04002111968812026,0.8,0.5427442745086715,0.2539055110305897,0.0,0.8,0.0,0.6,0.06000018174022941,0.6742445790532754,0.07304355874606992,0.019270261000857433,1.0,0.9534186599895544,1.0,0.8177526941999191,0.9331357941392207,0.7977598314874977,0.0,21.0,0.33526011560693647,0.5,0.6666666666666666,0.0,0.0,0.0,0.0,0.0,0.0,1.0,0.0,0.0,0.0,0.0,0.0,1.0,0.0,0.0,0.0,1
VAR_002681,0.00420529835072082,0.008347518933565138,0.003577103375004835,2.020909086736314e-06,0.00011788440977049921,0.001928709534170986,0.0031995156848884146,1.8515649259386527e-10,0.017702703642520128,0.021707081514183327,0.16958446184586815,19.0,0.6800044086079646,0.27947805025039224,0.19628704381973788,0.05918424972321511,0.4113538426139981,0.4018343602913801,0.20652042866333492,0.0,0.4,0.040265816103634985,0.25530246876237256,0.2,0.2,0.4,0.7772357593761042,0.06332433872147251,0.05988833053743172,0.27319519896530403,0.0202035629874586,0.02641108896090619,1.0,0.054628763933726995,0.6,0.8,0.6,0.8,0.6,0.6,0.01906063145238865,0.4,0.990495160928097,0.4119635065855654,0.6,0.4,1.0,7.0,0.05637255094222301,0.6,1.0,1.0,0.8947764011491512,0.9934017294481309,0.8452713407024385,0.6,0.5782256025792837,0.4260104809712252,0.41349526441401424,0.6,0.45233829400825165,0.039976549113654176,0.8,0.040000000283620885,0.0650309772450801,0.04518552722405408,0.6,0.8,0.22423172999340218,0.16046108488635347,0.4,0.09088702288790776,0.16168758209468653,0.006154185186962927,0.4123688877584863,0.3644722347619857,0.23459932378372755,0.10407439787716077,0.4091719151224913,0.060266575549010715,0.18968876272572288,0.044104971293285056,0.2768531641052362,0.4,0.6,0.1495691487894694,1.0,0.014544556991237707,0.9925629024993492,0.30901182022569007,0.0,0.02309974673999124,0.0,0.06268522094566312,0.0,0.0489625165438521,0.0,0.029768810260881656,0.0,0.3931003816792968,0.0,0.4,0.0,0.0,0.23928772586435781,0.0,0.0,1.0,0.4,0.0,0.4778904177987858,0.0,0.1963418010370827,0.0,0.5289939240555555,0.5721539315923475,0.07927237740701902,0.0,0.46088320498493635,0.0,0.4749713794471447,0.5703654380012678,0.38022201716759507,0.0,0.22100886520822124,0.7256444106270081,0.12616761288354428,0.0,0.05454499235628614,0.0,0.0590929445422552,0.0,0.44404292403435097,0.6317015085830818,0.07485294397367075,0.029083952329177227,0.0,0.6702160715505199,0.0,0.8,0.7971998213912391,0.2621599421850408,0.0,0.48983326165497776,0.0,0.0004604516124272594,0.7415258679411866,2.5332698819102877e-10,0.999999896313724,0.0,0.4529023327038942,0.0,0.7476770080467839,3.957936341661835e-10,0.0,0.8310006143054061,0.0999186361361117,0.0,1.0,0.0,0.0,0.00011189153039353488,0.0,0.0375159376829048,2.1043600543783727e-07,1.0,0.97549337578816,0.9935900810834556,0.9965740308223489,0.9812694023858425,0.9142775983232055,11.0,14.0,0.16763005780346824,0.0,0.6666666666666666,0.0,0.0,0.0,0.0,0.0,0.0,0.0,0.0,0.0,0.0,1.0,0.0,1.0,0.0,0.0,0.0,1
VAR_002589,0.003451956691969313,0.0006209593476781951,0.0034542166662621656,1.7391167401731555e-06,2.8935842157931617e-05,2.4356942282240284e-06,0.0004821553041767184,4.672159054959705e-05,0.06462700064893391,0.14125692086953529,0.005926869344061008,10.0,0.6767887405393291,0.1067672981088969,0.35995665085820916,0.04300414943141721,0.03147188876470906,0.4218343221450236,0.39944443085011616,0.5414410206280339,0.2,0.07975924862685202,0.5619220757259082,0.8,0.4,0.4,0.4,0.22934835888263577,0.005527037983878541,0.34210924481555666,0.04204069855882707,0.09457414667759648,0.8,0.043476529115832996,0.8887006622010624,1.0,0.8,0.8,0.13979859501939915,0.6,0.019431463458943938,0.2,0.8629524775871025,0.632814953112188,0.4,0.2,1.0,7.0,0.05972661713479253,0.6,2.0,2.0,0.8230301464189591,0.8943570982158227,0.8237541404878858,0.0,0.0,1.0,0.0,0.0,0.1630039133052674,2.757522210641301e-09,1.0,5.521195916128718e-08,0.0639601697214982,0.0030574237551399,1.0,1.0,0.2339125224406805,0.0975755958187842,0.0,8.97760513570133e-06,0.0923543923447209,2.326427779245118e-05,0.0,1.0,0.0,0.0013282370281311622,0.0,0.09999524816547956,0.4140287170503163,0.0434397861579379,0.1582148779367067,1.0,0.8,0.1409995839649231,2.0,0.0017810014126876776,0.40618975803155755,0.5134839986185769,0.0,0.040745742616616766,0.0,0.020038698138898796,0.0,0.2599498924500088,0.0,0.0027677239638788566,0.0,0.4048033012948585,0.0,0.8342698370839272,0.0,0.0,0.020001660123885143,0.0,0.0,0.6,0.6,0.0,0.00534870325873494,0.0,0.3176194230910629,0.0,0.49161461688083563,0.16002216490941248,0.042496056202898966,0.0,0.7320112316020595,0.0,0.4,0.4763381596452324,0.10142146626995222,0.0,0.30077286607397397,0.6,0.789864473815116,0.0,0.13689038610523485,0.0,0.07862820062023482,0.0,0.46415375656041674,0.5892315579197499,0.07168193006707256,0.0013214592734219438,0.0,0.6,0.0,0.4822155407266401,0.5995934607409088,0.31322740703611085,0.0,0.46990386814851226,0.8,0.01479643149581838,0.6337539282326279,0.36353368755720483,0.4705335604223836,0.0,0.3679423744418495,0.0,0.4267181961866898,0.05968810747718044,0.4,0.7099006379864832,0.04851775642049784,0.0,0.6,0.0,0.4,0.04056691302582987,0.3667659530971233,0.04878193547705585,0.05393195884734248,0.9989074538565372,0.8395825009304118,1.0,0.46712820162190705,0.9373062523517433,0.7253486364557294,4.0,24.0,0.6069364161849712,0.0,0.3333333333333333,0.0,0.0,0.0,0.0,0.0,0.0,0.0,0.0,1.0,0.0,0.0,0.0,1.0,0.0,1.0,1.0,1
VAR_002753,0.020320510635758408,0.0014956929135235184,2.681995670543241e-15,0.06987653260537004,3.966057948713342e-11,0.02063199291375993,0.023519348792589767,0.03775708007676027,0.01886800250997363,1.693372111512966e-09,0.009799834530688542,28.0,0.6767887405393292,0.10674876720401816,0.35995665085820916,0.21933640918175307,0.031652711757080856,0.4018356751241281,0.23581510613043366,1.0,1.0,0.0547742858898368,0.0,1.0,0.0,1.0,0.0,0.0999999861767968,0.099081381094522,0.7145949884186641,1.0119020558799274e-05,0.0735624557100813,1.0,0.0999999999401797,1.0,0.0,1.0,1.0,0.0,0.0,0.0922477403940563,0.0,1.0,1.0,0.0,1.0,1.0,3.0,0.0075511538886405,0.0,4.0,4.0,0.7656086846844781,0.9396853312096399,0.8542347496840133,0.0,1.0,0.0003130569881517028,0.0,1.0,1.0,0.0999977800394437,1.0,0.0954749277406831,0.0996439390867056,0.0488705393097052,1.0,1.0,0.0,8.780580769330485e-10,1.0,1.0,0.0999999943111654,0.00021437865056954088,0.0,0.0,1.0,0.09999999999944843,0.0,0.09999999999996226,0.973334009047916,0.0003339350794791,1.0,0.0,0.5537827382236591,0.18098483002223947,4.0,0.02065281282440815,1.0,0.6378181710768185,0.0,1.200658313956367e-12,0.0,1.5330764768144148e-05,0.0,1.7163498435434612e-10,0.0,2.2600546269922288e-11,0.0,0.203870738862959,0.0,1.0,0.0,0.0,0.0999999999999994,0.0,0.0,1.0,0.0,0.0,0.1214665843234656,0.0,0.5161698879234405,0.0,1.0,0.018409576098178,0.1,0.0,1.0,0.0,1.0,0.999995999173616,0.0398566259306473,0.0,0.999749640502166,1.0,0.0,0.0,0.0,0.0,0.0999999999331743,0.0,1.0,1.1058778710705432e-05,0.09990661120340091,3.5373543583166887e-06,0.0,1.0,0.0,1.0,1.3657529821002157e-07,0.0,0.0,0.9998950985020819,1.0,0.020709925202452236,1.0,3.1815698775768923e-05,0.9999997791909989,0.0,0.0,0.0,1.0,0.06383387476854818,0.0,0.0050624763849729994,0.0005541998227393,0.0,1.0,0.0,1.0,0.0003278736004659349,0.0,2.302061420373499e-05,0.09978085346295208,0.998129957287142,0.8700756276333739,0.9810093778573182,0.8075945372955574,0.9350918156662487,0.722405744234725,9.0,22.0,0.46242774566473993,1.0,0.5,0.0,1.0,0.0,0.0,0.0,0.0,0.0,0.0,0.0,0.0,0.0,0.0,0.0,1.0,1.0,0.0,1
VAR_002723,0.01938178819385002,0.010352596929311758,0.045323253558891,0.07009998586723616,0.00862999003473608,0.007409967146184298,0.013070534419702505,0.04119548099972319,0.007524876845462625,0.10267852893205154,0.08055274849812528,8.0,0.5765188214397367,0.3024093098577089,0.22146674041308448,0.06764703832203264,0.6299102905278666,0.25899176179798344,0.24540681712173912,0.5413407340962184,1.0,0.033124490320069165,0.40965920829588043,0.6,0.4,0.8,0.4,0.03999148204440168,0.04000032532875365,0.49826510069081814,0.05397427474973258,4.958352757697207e-05,0.8,0.03999989734012528,0.46316218599285774,0.6,0.4,0.8,0.49751930887710394,0.8,0.05237233921511233,1.0,0.6,0.7239792554830153,0.6,1.0,1.0,7.0,0.08696046133476308,0.6,3.0,3.0,0.7605123801050415,0.9511421886665978,0.7901084154258828,0.8,0.6,0.578853902716158,0.44141638853963094,0.6,0.4,0.11498201379466262,0.4,0.05762120658845739,0.11450155779633593,0.017894801450306908,0.6,0.6,0.2,0.052135657801130254,0.4,0.18646673292471483,0.0480762320395008,0.0024787285130334785,0.3690056939035471,0.5870543023153235,0.0466705693687232,0.06150529394446567,0.6230018083385781,0.07837263883056295,0.2660805240260483,0.05680495831497223,0.46705144555208217,0.6,0.6,0.03586784597028628,3.0,0.004832814842368862,0.5851451726580367,0.4478655769135232,0.0,0.4386020836479979,0.0,0.2623109000420686,0.0,0.2635508017868937,0.0,0.23038687283676096,0.0,0.671217147398497,0.0,0.6132984189490285,0.0,0.0,0.060752791445205054,0.0,0.0,1.0,0.6,0.0,0.371322673711066,0.0,0.5359681378934882,0.0,0.8,0.4397161017922606,0.2792073066735917,0.0,0.3378036734945808,0.0,0.8,0.5793938464390265,0.23825804285957347,0.0,0.5814861813079114,0.8235175611271848,0.5300083113469637,0.0,0.4485274555781219,0.0,0.23757622140172469,0.0,0.2,0.7908342770137775,0.2695471025676901,0.020194626440761337,0.0,0.8,0.0,1.0,0.7924903150606852,0.45025842209639266,0.0,0.5620237804754503,0.0,0.024827984689067818,0.7522207051611421,0.685917473948312,0.9999999999910459,0.0,0.4057127593906057,0.0,1.0,1.1940275237736852e-05,0.0,0.009924436799721001,0.0971568325305781,0.0,1.0,0.0,1.0,0.015172858511080137,1.0,1.2819645061609686e-07,0.09999999999999999,0.9788885714287128,0.6508945286784987,1.0,0.8417657754687204,0.9675854022500807,0.8232835154034119,11.0,6.0,0.4219653179190752,0.5,1.0,0.0,0.0,0.0,0.0,0.0,0.0,0.0,0.0,0.0,0.0,0.0,0.0,1.0,0.0,0.0,0.0,0
VAR_002769,0.012548915541794041,0.0006559432252778386,0.00012724007110873298,9.046344711231492e-05,7.728412896482434e-16,0.31626383387374113,0.004425289851790472,0.008986005222938376,0.02711871316573803,0.00022471916021520906,0.02495873856979971,14.0,0.7651461675798807,0.3158986293076462,0.27096272646847225,0.04831000916894042,0.7988519346970478,0.07899176246046055,0.24413841032262124,0.0,0.0,0.0088397311457322,0.0,0.0,1.0,1.0,1.0,0.0997561669002369,0.0996744488274087,0.0500274874569023,9.058306657137313e-05,0.07361394733107711,0.0,0.0464447408043752,0.0,0.0,0.0,1.0,1.0,1.0,5.3862134792065306e-08,0.0,0.0,0.5049815385726114,0.0,1.0,1.0,1.0,0.0999337457826123,1.0,3.0,3.0,0.7922436588463324,0.8803596905805586,0.767778102322124,0.0,1.0,1.339017203471858e-13,0.0,1.0,1.0,0.406177931233294,0.0,0.1001926193825543,0.41068,0.1012384352658122,1.0,1.0,0.6455839347047894,0.1983792800418591,1.0,0.2924414253931655,0.48897,0.02931116262334729,1.0,1.0,1.0,1.0,1.0,0.09820786892587145,0.9400352711583708,0.0999143917192078,0.0143842507982063,0.0,1.0,0.04055289583152484,3.0,0.0342872600961026,1.0,0.0,0.0,0.0059604525987146,0.0,0.0999999678229115,0.0,0.0001531586829847,0.0,1.0,0.0,0.6479766429889839,0.0,0.18600398305539,0.0,0.0,0.0015820038216776,0.0,0.0,1.0,0.5604639011329605,0.0,0.0,0.0,0.0278882882259945,0.0,0.1198002302528763,9.370219161318497e-08,1.0,0.0,1.0,0.0,0.0,0.00010760290318690414,0.6940717864339511,0.0,0.981526426518141,1.0,0.0,0.0,0.0,0.0,0.0999916658945326,0.0,1.0,0.133811612800071,1.0,0.3002145302119415,0.0,1.0,0.0,1.0,0.9999279141901151,0.6232378546130729,0.0,0.8606695164199231,1.0,0.01161235996687444,0.0,0.974292836293668,0.999852071928891,0.0,0.0,0.0,0.2492404578199637,0.0008148996115851499,0.0,0.999995574545874,1.0,0.0,1.0,0.0,1.0,0.009483531181046136,1.0,2.9443208707135625e-05,0.09999867806730049,1.0,1.0,0.9805973611173374,0.3554245916347347,0.9427791264795384,0.8076924305057375,16.0,3.0,0.8843930635838151,0.0,0.3333333333333333,0.0,0.0,0.0,0.0,0.0,1.0,0.0,0.0,0.0,0.0,0.0,0.0,1.0,1.0,0.0,0.0,1
VAR_003004,0.014490801475966777,0.031931368471394224,0.008453146064841712,0.00018606276972446529,0.007712496986555665,6.788026625349133e-06,0.017204770304106533,0.05068589595223616,0.003923225780342891,0.1131515358837941,0.013719220666913947,28.0,0.5148582410280839,0.21810220378841272,0.36341426824909756,0.0677981106724627,0.23231179527988638,0.4208261207643817,0.4190015606502275,1.0,0.0,0.0001722676877872,0.0,1.0,0.0,1.0,0.0,0.0132688320378072,0.0971771506423087,0.0,3.2211155252058377e-06,0.036909211611907,0.0,1.2807516760772134e-20,1.0,1.0,1.0,1.0,0.0,1.0,4.319287073091087e-06,0.0,0.5172598410758678,0.0,1.0,1.0,1.0,3.0,9.57981027920085e-10,0.0,1.0,1.0,0.8863515410328955,0.9093608578909598,0.5431879737639084,1.0,1.0,0.999998781767007,0.7985966937843965,1.0,1.0,0.078437094800512,1.0,1.7261939986184521e-06,0.0465543427129337,0.1478571219940164,1.0,0.0,0.5812913177519241,0.0713393511440499,1.0,0.0221130000000106,0.089458120125784,0.002988189965997172,1.0,0.0,1.0,0.09999999999907054,0.7801583538718388,0.0002636377564828327,0.0,0.0015445615808403,0.0,0.0,1.0,0.0445790703298385,1.0,0.028400656138868764,0.0,0.0,0.0,0.0999997554698676,0.0,0.075732222840056,0.0,0.0999999999937828,0.0,0.020573160617367872,0.0,1.0,0.0,0.8,0.0,0.0,0.0324417216874174,0.0,0.0,0.5389436881546344,0.0,0.0,0.2578987569142202,0.0,0.9129154276332492,0.0,0.0,0.999103419611723,2.005170346254302e-06,0.0,0.5641625324263936,0.0,0.0,0.9999993937497651,0.7138982822902212,0.0,0.01650576860304,1.0,0.0,0.0,0.0,0.0,0.0992878031637373,0.0,0.0,2.2963218572095536e-07,0.09999999999924172,6.462845879123976e-07,0.0,0.5317076061034689,0.0,0.0,0.999998584225809,0.0,0.0,0.9870201979773627,1.0,0.016240471116169795,1.0,0.009606361951944,0.0,0.0,0.378474811978139,0.0,0.0,0.10000000000062238,0.0,0.9998647204888569,0.081668765309805,0.0,1.0,0.0,1.0,0.09999991246816146,0.0,0.0107992932294247,0.021018103828337787,0.9836502790196192,0.8785219700278576,0.0006405876541168,0.1895423539277962,0.6347498405103295,0.3360116121663458,8.0,16.0,0.46242774566473993,0.5,0.6666666666666666,0.0,0.0,0.0,0.0,0.0,0.0,0.0,0.0,0.0,0.0,0.0,0.0,0.0,1.0,1.0,0.0,1
VAR_002966,0.002631419531337338,0.021880127852634847,0.00025400998571334263,1.7945524291027217e-08,2.2035837535595278e-05,0.10825527197259764,0.0008044789529393041,1.5963962239804192e-13,1.0576916393701571e-10,0.005099195422072113,0.0011352828952551428,16.0,0.9034855871682279,0.21788066160437097,0.24262704280915526,0.2137353441858292,0.2205942334408072,0.2218357145919817,0.4177071167569073,0.0,1.0,0.0691292833200577,0.2819684923799638,0.0,0.136396334659732,0.0,0.0,8.664774186088961e-07,0.0287156319592458,0.0,0.0945930121861782,0.000295580325583039,1.0,0.1,1.0,0.386789102635501,0.8,0.8,0.5877147194824236,0.8,0.02791649430141634,0.8,1.0,0.7492984799060685,1.0,0.6,1.0,7.0,0.24047571777188975,0.4,2.0,2.0,0.833487644756876,0.878219075024409,0.7575940794489866,1.0,1.0,0.00373323091339,0.0,0.0,1.0,0.0005202384246030946,0.0,0.0193784853990849,1.63587227152585e-08,0.0420841807878978,1.0,0.0,0.0,0.0999999999999881,1.0,0.0089647421350196,0.0098436314895245,0.00011610876474743814,0.0,0.0,0.0,3.20217809573201e-05,0.0,0.001841917113512533,0.5741882423687655,8.204779937183328e-13,0.3449483099724045,1.0,0.0,0.0002998102576268107,2.0,0.011394247201473254,0.5231960444828282,0.5557332096329666,0.0,0.08044276353579224,0.0,0.06325441349121001,0.0,0.04952675618092354,0.0,0.05884027015313895,0.0,0.6831867818002186,0.0,0.7144752890328019,0.0,0.0,0.08005211624062276,0.0,0.0,0.8,0.4386554571745308,0.0,0.41058108117822967,0.0,0.4445608877742484,0.0,0.5983770897914987,0.5856863319776137,0.042303633392126984,0.0,0.5378036734945808,0.0,0.7458622325453859,0.39810056395906324,0.0912232936743727,0.0,0.5923096263522938,0.6144905627181807,0.2,0.0,0.09580375038679176,0.0,0.057783450597943285,0.0,0.41017580413493315,0.29924791513363863,0.023076244310721562,0.0006159041898883822,0.0,0.8,0.0,0.6,0.6879691983775462,0.15518077360783158,0.0,0.2389311786999901,0.0,1.2957787996677747e-07,0.0,0.9999999999999989,0.922061372181255,0.0,0.2011024309395216,0.0,0.0,0.09979902795547875,1.0,0.9999916114392939,5.190488069748364e-05,0.0,1.0,0.0,0.0,0.09999982556649446,0.0,0.0327112459509494,2.5684041257549423e-05,0.9466751431666852,0.1390488670679339,1.0,0.7133189689257097,0.9387953914006535,0.6563126869666454,21.0,12.0,0.34682080924855496,0.6666666666666666,0.16666666666666666,0.0,0.0,0.0,0.0,0.0,0.0,1.0,0.0,0.0,0.0,0.0,0.0,1.0,0.0,1.0,0.0,0
VAR_003239,0.005881370096166286,0.000495165007548172,0.011179315096942364,0.00036770744197126454,0.031044645559532364,0.01730298902417351,0.002550277296894335,0.004106813961094848,0.006291796529447529,0.015138891462671894,0.027617399115281556,30.0,0.7148582410280839,0.1033168752316373,0.19313105675376754,0.4193364091817531,0.03167620851517183,0.39894746843436707,0.23897510491322277,0.5301021120782453,0.477499390802658,0.040430873828639226,0.6,0.6,0.2490572066375744,0.8,0.4,0.04210941870929596,0.06086208819945116,0.6976981729211296,0.07378099504521406,0.004106567327836138,0.6,0.027458493419772106,0.8,0.8,1.0,0.6,0.2,0.4,0.05373407910700083,0.4,1.0,0.10961013692126842,0.4,1.0,1.0,7.0,0.03257230274688404,0.4,5.0,5.0,0.6472687263900063,0.8242609715424273,0.6424760026935777,0.4,0.4,0.7228511961688244,0.3405192926253393,0.8,0.6836229799267834,0.2794632630521234,0.8,0.17556989986864655,0.25784972186598254,0.07586921812893863,0.8,0.6309421966676056,0.2495866135651934,0.0354864077983963,0.7311102973020677,0.3285611492261904,0.14721858867140772,0.0037844928041119606,0.44534745715886803,0.22715699268571327,0.6434381705544021,0.06700789987057151,0.5547663581135479,0.06843656054432012,0.4538550125812681,0.19175606331716058,0.5257998644132157,1.0,0.3681176858345749,0.0315426484184275,5.0,0.008189773727021118,0.6,0.5878522113979161,0.0,0.03181555007749707,0.0,0.03389397925232236,0.0,0.07919272025009334,0.0,0.05855497937877209,0.0,0.7012563489625043,0.0,0.8,0.0,0.0,0.09665239836696612,0.0,0.0,0.4,0.4,0.0,0.25078338752902896,0.0,0.3280740997956115,0.0,0.3380598163060282,0.31838906484129575,0.2043904397800052,0.0,0.6378094496021309,0.0,0.6,0.5969979341764347,0.3400437939099457,0.0,0.7303953719974079,0.8,0.6244463880979014,0.0,0.18353618633572533,0.0,0.040589442430479,0.0,0.5816245633981832,0.6018404251430056,0.020001167248078846,0.0012130259336354688,0.0,0.9864515293591628,0.0,1.0,0.20067863878828285,0.5796168829181265,0.0,0.7432162893490502,0.2,0.01766825200046911,0.2,0.3909562195131526,0.7852889582960899,0.0,0.22526359238278437,0.0,0.7613867613489266,0.04942551527886329,0.4,0.2694228951698053,0.22468055439864507,0.0,0.6,0.0,0.4,0.05442711417631545,0.19759856385646274,0.060170912749499636,0.04082584050439278,0.7987751835699318,0.788338085153652,0.7914414099999574,0.6141509146201745,0.7728900151753111,0.6700672998091602,24.0,25.0,0.5572254335260116,0.4666666666666667,0.5666666666666667,0.0,0.0,0.0,0.0,0.0,0.0,0.0,0.0,0.0,0.0,0.0,0.0,0.0,0.0,0.0,0.0,1
VAR_002847,0.00036580170279072017,0.00036608557739422135,0.004434859549643952,0.0002572768665932596,0.30070748134595005,2.5562425570649497e-07,0.0005412588975408307,0.0014898615445509123,0.0002896686976385657,0.0014943469260318893,0.00015012518408620535,16.0,0.6800044086079646,0.23033904272807237,0.19628704381973788,0.2387505280388954,0.2305977115215113,0.4018357139295605,0.2189781355588643,0.4,0.4,0.020293994584530566,0.45530246876237257,0.6,0.4,0.6,0.7772357593761042,0.26001905201146963,0.02334544373177001,0.42256771808082777,0.00032518601489998645,0.026078235684603428,0.8,0.034764630342851585,1.0,0.8,0.6,0.6,0.4,0.4,0.015942597963459555,0.6,0.7904951609280969,0.2119635065855654,0.6,0.4,1.0,7.0,0.036439531401076024,0.6,1.0,1.0,0.8529847471055583,0.9728303326859715,0.8584296748494588,1.0,0.0,0.131927140859363,0.1923179569797934,0.0,0.0,0.0998978982773763,1.0,1.0192280575479677e-12,0.1,7.326270446377325e-08,1.0,1.0,0.0,1.9933145807918843e-05,0.0,0.0395361745252302,0.099992722330509,1.6456372752736533e-08,0.887163151972226,0.0,0.0256262740571538,0.02358026462544779,0.1109287275000793,0.0013494012397585328,0.3529951802486487,0.0513571784179603,0.0,0.0,1.0,0.12792478609513275,1.0,0.00017784540944300136,0.9925629024993492,0.37613900011179935,0.0,0.040317687825543125,0.0,0.04268538142514467,0.0,0.029827352167609834,0.0,0.016864578970435348,0.0,0.5931003816792968,0.0,0.8,0.0,0.0,0.41925806007998884,0.0,0.0,1.0,0.4,0.0,0.5053478018825988,0.0,0.16816304993048167,0.0,0.4192376186007133,0.5538525369272304,0.059997363533390656,0.0,0.46088320498493635,0.0,0.6749713794471447,0.4095744662421344,0.5802220171675951,0.0,0.4164957967462466,0.7256444106270081,0.12616761288354428,0.0,0.25454499235628614,0.0,0.04131090350778201,0.0,0.5892643673318494,0.6339962652988839,0.07524989571898652,0.0008282151899927016,0.0,0.8702160715505197,0.0,0.8,0.597443891432831,0.4535464967697985,0.0,0.4898332616465161,1.0,0.0004739976106881086,1.0,2.176141736099297e-05,0.01751393046884,0.0,0.0,0.0,0.0,0.00010745525272154061,1.0,0.57208620846029,0.0999976535613288,0.0,0.0,0.0,0.0,0.09999999999999107,0.0,0.0111539707666396,0.09876135648530608,1.0,0.972820128842776,0.9937224031416924,0.9426492320530111,0.9965739762407556,0.9502896193756212,11.0,14.0,0.16763005780346824,0.0,0.6666666666666666,0.0,0.0,0.0,0.0,0.0,0.0,0.0,0.0,0.0,0.0,1.0,0.0,1.0,0.0,1.0,0.0,1
VAR_002676,0.0016251860986224989,0.09402418658592109,0.007369211931162389,0.004930838721902012,0.11892727005493214,0.037374031460968196,0.009885939615171998,0.005673924190609247,0.008567742631307829,0.18695298935990098,0.03127078909317308,8.0,0.64193490811921,0.14796769388463654,0.21800912302219616,0.062418233900271736,0.23041688852810982,0.26000086265886274,0.3994342032575549,0.4,0.15445004986776895,0.08808990952974574,0.4208398485063876,1.0,1.0,1.0,0.8,0.23618997463797942,0.040066185540946,0.33586110917737433,0.05589984062016777,0.08518697252060098,0.6,0.03343123271275972,0.2887006622010624,0.4285073618913774,0.4,0.4,0.4422246356755596,0.4,0.22002013162834233,0.6,0.8,0.2,0.6,0.6,1.0,7.0,0.05006767766063467,0.6,2.0,2.0,0.8844799876771081,0.9811587786811515,0.8272897044753771,0.2,0.2,0.20312746100939127,0.2,0.6,0.0,0.045375900322121555,0.0,0.05220840083089948,0.04155680861163186,0.09750209471338704,0.0,0.6,0.22126069132193335,0.06288455567125173,0.4,0.0005817099269041774,0.018820401436252104,0.0007521562681360096,0.19281049781757734,0.4,0.17833012889045574,0.14665349416664036,0.4,0.038334457113487104,0.35450890358553144,0.049676292238965705,0.18682904457680444,0.7268017283235567,0.4,0.1070147517327058,2.0,0.05930506849273286,0.7607109787449581,0.3096163471234891,0.0,0.23799643967828366,0.0,0.2399990619718535,0.0,0.19797195014951705,0.0,0.009958487589795386,0.0,0.8,0.0,0.8905686442974439,0.0,0.0,0.23898920942010596,0.0,0.0,0.6818913705027819,0.22345096990620705,0.0,0.29915170909385547,0.0,0.5279957136569318,0.0,0.8441130238769954,0.7546207101970439,0.02326748184097834,0.0,0.6,0.0,0.33307960935996744,0.8188570580605047,0.46443446340032135,0.0,0.17232394898098058,1.0,0.6150393153509018,0.0,0.20521262133878432,0.0,0.2594034132663198,0.0,0.24823871605303496,0.6001425234931036,0.05925381120882632,0.0008323925275628408,0.0,0.868621009046637,0.0,0.8822155407266401,0.42617464959359597,0.653497793061218,0.0,0.7678571523282111,1.0,0.007708478093224738,0.2,0.3075648697388907,0.3440542342066143,0.0,0.3408368944787993,0.0,0.2,0.014051213717999835,0.6,0.39311564045233605,0.05536145317533129,0.0,0.4,0.0,0.5321589105322306,0.040283156763744284,0.2,0.0799997161938259,0.020476921583614215,0.9758838561029202,0.9860564505982884,0.986565808382578,0.8243154534329823,0.9144601023628125,0.7630268097598085,7.0,17.0,0.2427745664739885,0.16666666666666669,1.0,0.0,0.0,0.0,0.0,0.0,0.0,0.0,0.0,0.0,0.0,0.0,0.0,1.0,0.0,0.0,0.0,1
VAR_003184,0.009290154678311506,0.004931963684937284,0.0009326792237331908,0.08066033501444436,0.18297788361288173,0.010821674389291122,0.0005412791144570184,0.000869630456160687,0.0002501995226507791,0.029287339320169404,0.00011993960842140257,16.0,0.64193490811921,0.23440809368385018,0.3631126379241795,0.05875052803033539,0.2113538426139981,0.42183432214843863,0.2168995711155588,0.4,0.5770838566699064,0.020573090268189202,0.45530246876237257,0.8,0.6,0.6,0.7772357593761042,0.2597180389222645,0.04334530018995268,0.5140042416803003,0.0011443603222728665,0.018965682579102205,0.8,0.0539475361273174,0.8,1.0,1.0,1.0,1.0,1.0,1.989032521870324e-06,0.0,1.0,1.0,0.0,0.0,1.0,3.0,0.0999994619933335,1.0,2.0,2.0,0.774335162049955,0.9663032955136067,0.797463535562728,0.0,0.0,0.999999087876745,0.0,0.0,0.2445760262360167,0.0999966416034609,1.0,0.0981574141190389,0.0052955801071807,1.3232302914487802e-14,1.0,0.0,0.9775146286210008,2.2396765225364693e-13,0.057999886775839,0.0999999977351773,0.070729618207358,7.965220687867966e-06,0.8769971438256162,1.0,0.5248036760189333,0.00016401470965305562,0.4154495596020439,0.09296269962269975,0.0739477586007505,2.984207941015443e-07,0.0,1.0,1.0,0.1695223943929034,2.0,0.0008630445704363133,0.8,0.534617571118533,0.0,0.04846362372119053,0.0,0.034312458388045385,0.0,0.0506644934423177,0.0,0.03383055968070449,0.0,0.774420831123112,0.0,0.8,0.0,0.0,0.2603156358884207,0.0,0.0,1.0,0.6,0.0,0.5725870444573933,0.0,0.13871582245971617,0.0,0.3680498627218484,0.42281347697981686,0.0206829094788292,0.0,1.0,0.0,1.0,0.2094869572093162,0.7467262483655379,0.0,0.5996037544004083,1.0,0.2276081866361664,0.0,0.2363949174275552,0.0,0.021490675542942497,0.0,0.4831432371426253,0.6000068326788657,0.08110862317380682,1.7387296276460689e-06,0.0,0.8898137556615066,0.0,0.8,0.7998324802068488,0.5450875764527626,0.0,0.4301214075267439,1.0,0.006414101457216725,0.0,0.001846508218641,0.229942705365572,0.0,0.3596647779612165,0.0,1.0,0.08890122894524498,0.0,0.8790601433234679,0.0020775405625076,0.0,0.0,0.0,0.0,0.09752910373181786,0.0638204866930845,0.0043053444970505,0.002182519102820585,1.0,0.990009694254182,0.96247665600906,0.5614120213778424,0.9425837889089275,0.7804048561473628,7.0,17.0,0.2427745664739885,0.16666666666666669,1.0,0.0,0.0,0.0,0.0,0.0,0.0,0.0,0.0,0.0,0.0,0.0,0.0,1.0,1.0,1.0,0.0,1
VAR_003075,0.0022479743539241767,1.3346249850946215e-09,0.00031409906406526446,9.251641439485976e-06,4.386517715932992e-08,0.024479881443295663,0.002164638879623559,5.659313712098637e-16,6.351540142761853e-08,8.218802180184393e-06,0.0028652945626577637,28.0,0.6800044086079646,0.33205066863426563,0.19628704381973788,0.07248649218750373,0.23135372012854305,0.4218343609538152,0.4000599885411502,1.0,0.0,0.1,0.1195787760350643,1.0,0.0,0.0,0.0,0.0611344495255993,5.752711135837838e-10,0.0,1.3202779378622675e-08,4.944718740504373e-08,1.0,3.278092994433934e-05,1.0,0.0,1.0,0.0,1.0,0.0,0.0977360402473605,1.0,1.0,0.0,1.0,1.0,1.0,3.0,0.0837027226271801,0.0,4.0,4.0,0.9064993227039175,1.0000000000000002,0.8310579728167531,1.0,1.0,0.011887927468581,0.0,0.0,1.0,0.0993222398285623,0.0,0.012719900756595,5.522679052980278e-06,0.0999999957892608,0.0,0.0,0.0,0.3504167814972917,1.0,0.56639531940519,0.1875677940567547,0.005394844271814462,0.0,0.0,0.6351378377692262,0.6319381724187291,0.471820992820393,0.09999999867992555,0.0,6.143484073324656e-14,0.4253166653553502,1.0,1.0,0.024825920354943735,4.0,0.004650867904910371,0.0,0.0,0.0,0.0021989390548826,0.0,1.0648032610255367e-14,0.0,0.0953468838683594,0.0,0.0925669894560282,0.0,1.0,0.0,0.6406817188752012,0.0,0.0,0.0004289202602348,0.0,0.0,1.0,1.0,0.0,0.0,0.0,0.0,0.0,0.0,0.9751979367942499,0.0984194160145646,0.0,1.0,0.0,1.0,0.999999654252285,0.0,0.0,0.976817992130551,0.0,0.743457711839847,0.0,0.1243023688359573,0.0,3.709613820397147e-06,0.0,0.0,0.98928408374541,0.09999797633863781,1.30631143102417e-12,0.0,0.0,0.0,1.0,0.00010495667762990911,0.8026100713061003,0.0,0.9999998041853779,0.0,0.0018397665028778397,0.3765730547288279,0.22086009516911,0.999965417567818,0.0,0.6822352834068454,0.0,0.0,0.09990200116196664,1.0,0.999999933542417,1.2930951766966611e-06,0.0,1.0,0.0,0.0,0.09986698531173037,0.2003711778470387,0.0999997313268482,0.09605512351501098,1.0,0.9658854807269278,1.0,0.7567364680794575,0.9262596572685664,0.8016294493504066,4.0,7.0,0.6589595375722543,0.33333333333333337,0.3333333333333333,0.0,1.0,0.0,0.0,0.0,0.0,0.0,0.0,0.0,0.0,0.0,0.0,0.0,1.0,1.0,0.0,1
VAR_003060,0.0022460553829639586,0.011937078019824954,0.0005481802647483594,0.03414609578521898,0.08551874395654199,0.003125910678367209,0.004043399759075677,0.00844282265654561,5.528165779553208e-07,0.0236842770707542,0.007834893228674906,8.0,0.538449320950982,0.35562772738497356,0.588292334517526,0.2334773691662479,0.42991041300805727,0.25899172299428913,0.05580373037061028,0.00046473342152974,0.4,0.020016542598236174,0.3133062904099537,0.6,0.6518285049815206,0.6,0.7703528059315821,0.05556319887885167,0.06032501173632517,0.41625882107947465,0.019999121807173132,0.08617168006125732,0.8,0.0205509138517748,0.8,0.2,0.4,0.4,0.5632121095277202,0.6,0.41901565446469285,0.8,0.4,0.6986905126927104,0.8,0.2,1.0,7.0,0.031054879620151486,1.0,2.0,2.0,0.9118994632284028,0.9729838450575826,0.8276544669777042,0.8,0.6,0.7765116335426081,0.2,0.8,0.4,0.2858382964769988,0.2,0.09397891743466291,0.1544106529860168,0.042214832422574,0.416320415929862,0.2,0.2661324915931248,0.09148296115554726,0.6,0.01975566563776992,0.038564254737947265,0.0024610803818384142,0.2,0.7870543023153236,0.0,0.05516620976354328,0.43181612686029,0.20633041846642514,0.18635148643513805,0.14784242463680444,0.22605899321556225,0.4,0.2,0.005763855154031681,2.0,0.12810131683961973,0.6,0.2700722816553255,0.0,0.25910024838352225,0.0,0.09761420656929998,0.0,0.4399639928953191,0.0,0.03863545115445214,0.0,0.3063356543313618,0.0,0.5576070336865063,0.0,0.0,0.02137694959954601,0.0,0.0,0.6044917740996472,0.6,0.0,0.272169555075378,0.0,0.3517267924565113,0.0,0.6,0.8233210593605131,0.06954439722394552,0.0,0.33022504878058256,0.0,0.6,0.6682056752030443,0.26298394608174713,0.0,0.59245770396711,0.6,0.3640930429265125,0.0,0.41429898445192687,0.0,0.039928958780077184,0.0,0.5985750448048646,0.7271039585347621,0.07203516343807702,0.00795589046587283,0.0,0.8,0.0,1.0,0.7976219446745432,0.11717741175088939,0.0,0.46584183617500713,0.0,2.4367988585115427e-07,0.0,0.65157055261509,0.999990767959974,0.0,0.442201176120449,0.0,0.0,0.0016327819981910316,0.0,4.8173073125959894e-11,0.0001884524697139,0.0,1.0,0.0,1.0,0.0002490383302183349,0.5832816553114,9.467846447843708e-05,0.09988415059771008,1.0,0.390258797668166,0.9295816318281636,0.7389105659900177,0.9473694953030249,0.6763728672001292,4.0,8.0,0.4971098265895954,0.33333333333333337,0.3333333333333333,0.0,0.0,0.0,0.0,0.0,0.0,0.0,1.0,0.0,0.0,0.0,0.0,1.0,0.0,0.0,0.0,0
VAR_003119,0.009657549777293113,1.138474523498247e-08,0.029405402487188193,9.168945453152133e-06,0.0001049687140630562,1.4543567004223913e-05,1.6970475753490907e-16,1.1276857828987591e-16,0.0006732331896481232,0.0021810907860226637,0.06357752147844978,11.0,0.7148582410280839,0.1033168752316373,0.19313105675376754,0.4193364091817531,0.03167620851517183,0.398947468434367,0.2389751049132227,0.0,0.0,0.0006395610677876,0.0,1.0,1.0,1.0,0.0,3.941420079315209e-15,4.838836754494362e-10,0.6253796230077673,0.0018515193842676,4.320377932847082e-10,1.0,0.0848203915308741,0.0,0.4,1.0,0.8,0.6500584598497063,0.6,0.20243304016762495,0.6,0.8,0.4,0.6,0.6,1.0,7.0,0.23743677181789077,0.4,3.0,3.0,1.0,0.9791916875316793,0.8599240368848091,0.0,0.0,0.8931140961751389,1.0,1.0,0.0414840379746664,0.5708799999865461,1.0,3.863322732327999e-09,0.5366773002041745,0.0014110028294993,0.0,1.0,1.0,1.1280834563443421e-10,0.0,0.0999818797467941,0.0999999999999711,0.0005778286591368308,1.0,0.5628497926506623,0.0,2.998476451899462e-11,1.0,0.03278859205987434,0.0,0.1,0.0,1.0,0.0,1.7744711984513106e-09,3.0,0.0073455704371189895,0.0,0.0,0.0,0.0377828334819707,0.0,0.0058796501920262,0.0,0.099824478695869,0.0,0.0999999999999993,0.0,0.0279900890777365,0.0,0.6929681461636701,0.0,0.0,0.0868913030461502,0.0,0.0,1.0,1.0,0.0,1.0,0.0,0.6427650776477827,0.0,0.0,6.139581217459024e-07,0.0999999898018552,0.0,0.2474074717182999,0.0,0.0,0.0001785701237649179,0.004716872938658,0.0,0.993569290524387,1.0,0.0,0.0,0.7726953117524478,0.0,0.0999168782100504,0.0,0.0,1.0,0.02331950863226429,1.907749169603661e-05,0.0,0.3665537878410778,0.0,1.0,5.566662821343954e-07,0.0,0.0,0.8065766325951503,1.0,1.0474350606472357e-07,1.0,0.9998066573211439,0.999923063128479,0.0,0.8449751177337933,0.0,1.0,2.435999465000125e-13,1.0,5.136417444119006e-07,1.058949526627263e-05,0.0,0.0,0.0,1.0,0.014091629768279839,1.0,0.0962962340089761,0.010025768390428985,0.9768977381770764,0.7457749184277465,0.9853230308190534,0.48464476591968086,0.9674860628743506,0.8307541278693377,14.0,21.0,0.5317919075144509,0.33333333333333337,0.6666666666666666,0.0,0.0,0.0,1.0,0.0,0.0,0.0,0.0,0.0,0.0,0.0,0.0,1.0,0.0,0.0,0.0,1
