Variant_ID,AL_7,AL_8,AL_9,AL_10,AL_11,AL_12,AL_13,AL_14,AL_15,AL_21,AL_26,CAT_1,AL_27,AL_28,AL_29,AL_31,AL_33,AL_35,AL_37,AL_39,AL_42,AL_45,AL_48,AL_50,AL_51,AL_53,AL_54,AL_57,AL_60,AL_63,AL_66,AL_67,AL_68,AL_69,AL_72,AL_75,AL_77,AL_78,AL_81,AL_83,AL_84,AL_86,AL_87,AL_90,AL_92,AL_93,AL_95,CAT_2,AL_96,AL_98,CAT_3,CAT_4,EK_1,EK_2,EK_3,AL_99,AL_102,AL_105,AL_108,AL_111,AL_114,AL_117,AL_120,AL_123,AL_126,AL_129,AL_132,AL_135,AL_138,AL_141,AL_144,AL_147,AL_150,AL_151,AL_153,AL_156,AL_159,AL_162,AL_165,AL_168,AL_171,AL_174,AL_177,AL_180,AL_183,AL_184,CAT_5,AL_186,AL_187,AL_189,AL_192,AL_193,AL_196,AL_198,AL_201,AL_202,AL_205,AL_206,AL_209,AL_210,AL_213,AL_214,AL_216,AL_217,AL_218,AL_221,AL_222,AL_223,AL_225,AL_228,AL_229,AL_232,AL_234,AL_237,AL_238,AL_241,AL_242,AL_245,AL_246,AL_249,AL_250,AL_253,AL_254,AL_257,AL_258,AL_259,AL_261,AL_264,AL_265,AL_268,AL_270,AL_273,AL_274,AL_277,AL_278,AL_279,AL_281,AL_282,AL_285,AL_286,AL_289,AL_290,AL_293,AL_294,AL_295,AL_296,AL_297,AL_300,AL_301,AL_304,AL_305,AL_308,AL_310,AL_313,AL_314,AL_317,AL_318,AL_321,AL_322,AL_325,AL_326,AL_329,AL_330,AL_333,AL_334,EK_4,EK_5,EK_6,EK_7,EK_8,EK_9,AA_1,AA_2,DELTA_HIDRO,BLOSUM62,SNV_PATHWAY_COUNT,BAZ_A_C,BAZ_A_G,BAZ_A_T,BAZ_C_A,BAZ_C_G,BAZ_C_T,BAZ_G_A,BAZ_G_C,BAZ_G_T,BAZ_T_A,BAZ_T_C,BAZ_T_G,IS_EXOME,IS_ALLOFUS,POP_NFE,POP_AFR,Label
VAR_000892,-0.8614755506697601,124.29950195290309,0.92042570364014,-0.5107309163470836,0.34927935159583845,10.167384133359192,-0.9614024298782615,-0.39569383643393596,1.3658256722791289,0.00047439898756854995,2.6049660761987568,7,0.0,0.0116742524523612,0.12771943760045157,-0.8017867641451988,-1.0,-1.0,-0.5342733680339927,-1.0,-1.0,0.010141745515514207,1.0,-1.0,0.0,0.0,0.0,0.0,-0.17827499340505035,0.0,0.7185886323331067,-0.19200266114939354,-1.0,-1.0,0.0,-1.0,0.0,0.0,0.0,0.0,0.0,0.0,-1.0,-1.0,0.0,-1.0,0.0,6,0.0,0.0,2,2,-3.400712506420052,-1.430758551598309,-1.4193823322509553,-1.0,-1.0,1.0,0.0,0.0,0.0,0.0,0.0,0.0,0.0,1.0,-1.0,0.0,1.0,0.0,0.0,0.0,-1.0,0.009443450694577001,1.0,0.0,0.0,0.0,-1.0,1.0,-1.0,0.1924182090633455,0.0,0.0,-1.0,0.0515586398978624,2,2.119164546916589,-1.0,-1.0,-1.0,1.0,1.0,0.0,0.0,0.0,-1.0,1.0,-1.0,0.0,0.0,0.0,0.0,-1.0,0.0,0.0,0.0,0.0,0.0,-1.0,0.0,-1.0,0.0,0.0,0.0,0.0,1.0,0.0,1.0,0.0,-1.0,1.0,0.0,0.0,1.0,0.0,0.0,1.0,-1.0,0.0,-1.0,0.9199000143072601,0.0,0.0,0.0,-0.0005217867909284808,0.0,0.0,-1.0,-1.0,0.0,0.0,-1.0,-1.0,0.0,2177.091923230613,-1.0,-0.6426564497491878,2.850780576508988,0.0,0.0,-1.0,-1.0,1.0,0.0,5.497123972767402,-1.0,0.0,0.0,0.0,0.0,1.0,1.0,0.0,0.0,-19.240645319802645,-11.773034929382874,-20.004123787829958,-1.0530906035907914,-1.3529347555944635,-1.5876020859569129,14,11,0.9620253164556961,-1.0,1.0,0.0,0.0,0.0,0.0,0.0,1.0,0.0,0.0,0.0,0.0,0.0,0.0,0.0,1.0,0.0,0.0,0
VAR_000702,33.914544439825704,-0.8121212547774411,2.4236948833633534,223.7427077243429,139.36912265459034,0.13940545839714746,5.5502752395793795,5.670220126138039,-0.46037082902610926,0.0,-1.0704198270989662,16,0.0,0.0,0.0,0.0,0.0,0.0,0.0,0.0,0.0,0.8441715072595704,1.0,0.0,1.0,0.0,0.0,0.0,0.8217250065949496,0.0,0.7185886323331067,-0.18944033849567385,0.0,0.0,0.0,-1.0,-1.0,0.0,0.0,-1.0,-1.0,0.0,-1.0,0.0,0.0,-1.0,0.0,3,0.0,0.0,3,3,0.9446163287125124,0.06982751138465829,0.0,0.0,-1.0,1.0,0.0,-1.0,0.0,0.0,0.0,0.0,-1.0,0.0,-1.0,1.0,1.0,-1.0,-1.0,0.0,-1.0,-0.00033646198723081807,0.0,1.0,0.0,0.0,0.0,0.0,-1.0,-0.8075817909366545,-1.0,0.0,0.0,0.0,3,-0.12601264464048043,0.0,0.0,0.0,0.0,0.0,0.0,0.0,0.0,0.0,0.0,0.0,0.0,0.0,0.0,0.0,0.0,0.0,0.0,0.0,0.0,0.0,0.0,0.0,0.0,0.0,0.0,0.0,0.0,0.0,0.0,0.0,0.0,0.0,0.0,0.0,0.0,0.0,0.0,0.0,0.0,0.0,0.0,0.0,0.0,0.0,0.0,0.0,0.0,0.0,0.0,0.0,0.0,0.0,0.0,0.0,0.0,0.0,-0.4540291445067308,-1.0,0.3573435502508122,6.3797659521948535,0.0,0.0,0.0,0.0,0.0,-5.403398540087705,5.497123972767402,0.0,0.0,0.0,-1.0,-1.0,1.0,0.0,-1.0,0.0,0.09587163509274901,-0.28186469630808797,0.2938060161481524,-0.3348349539807793,1.0052495657684166,0.5990331118554671,16,16,0.2194092827004219,1.0,0.0,0.0,0.0,0.0,0.0,0.0,0.0,1.0,0.0,0.0,0.0,0.0,0.0,0.0,1.0,1.0,0.0,1
VAR_004564,0.0,0.0,0.0,0.0,0.0,0.0,0.0,0.0,0.0,0.0,0.0,8,0.0,0.0,0.0,0.0,0.0,0.0,0.0,-1.0,-1.0,0.3977414423107106,1.0,-1.0,0.0,-1.0,0.0,0.0,-0.17827499340505035,0.0,0.7185886323331067,-0.17704114152366254,0.0,0.0,-1.0,0.0,0.0,0.0,0.0,0.0,0.0,0.0,0.0,0.0,0.0,0.0,0.0,7,0.0,0.0,4,4,0.7479077029877441,0.7558651961686087,0.0,0.0,0.0,0.0,0.0,0.0,0.0,0.0,0.0,0.0,0.0,0.0,0.0,0.0,0.0,0.0,0.0,0.0,0.0,0.0,0.0,0.0,0.0,0.0,0.0,0.0,0.0,0.0,0.0,0.0,0.0,0.0,4,-0.13142260105680317,0.0,0.0,0.0,0.0,0.0,0.0,0.0,0.0,0.0,0.0,0.0,0.0,0.0,0.0,0.0,0.0,0.0,0.0,0.0,0.0,0.0,0.0,0.0,0.0,0.0,0.0,0.0,0.0,0.0,0.0,0.0,0.0,0.0,0.0,0.0,0.0,0.0,0.0,0.0,0.0,0.0,0.0,0.0,0.0,0.0,0.0,0.0,0.0,0.0,0.0,0.0,0.0,0.0,0.0,0.0,0.0,0.0,0.0,0.0,0.0,0.0,0.0,0.0,0.0,0.0,0.0,0.0,0.0,0.0,0.0,0.0,0.0,0.0,0.0,0.0,0.0,0.0,0.25729155745059906,0.34338647816014006,0.2938060161481524,-0.5395816522238398,-0.49009957129397863,-0.12932643820872036,17,17,-0.5738396624472574,0.0,2.0,0.0,0.0,0.0,0.0,0.0,0.0,0.0,0.0,0.0,0.0,0.0,0.0,0.0,0.0,0.0,0.0,1
VAR_001110,0.0,0.0,0.0,0.0,0.0,0.0,0.0,0.0,0.0,0.0,0.0,8,0.0,0.0,0.0,0.0,0.0,0.0,0.0,0.0,0.0,0.0,0.0,0.0,0.0,0.0,0.0,0.0,0.0,0.0,0.0,0.0,0.0,0.0,0.0,0.0,0.0,0.0,0.0,0.0,0.0,0.0,0.0,0.0,0.0,0.0,0.0,7,0.0,0.0,3,3,-1.0710368837526938,-0.19144713504770808,0.0,0.0,0.0,0.0,0.0,0.0,0.0,0.0,0.0,0.0,0.0,0.0,0.0,0.0,0.0,0.0,0.0,0.0,0.0,0.0,0.0,0.0,0.0,0.0,0.0,0.0,0.0,0.0,0.0,0.0,0.0,0.0,3,0.0,0.0,0.0,0.0,0.0,0.0,0.0,0.0,0.0,0.0,0.0,0.0,0.0,0.0,0.0,0.0,0.0,0.0,0.0,0.0,0.0,0.0,0.0,0.0,0.0,0.0,0.0,0.0,0.0,0.0,0.0,0.0,0.0,0.0,0.0,0.0,0.0,0.0,0.0,0.0,0.0,0.0,0.0,0.0,0.0,0.0,0.0,0.0,0.0,0.0,0.0,0.0,0.0,0.0,0.0,0.0,0.0,0.0,0.0,0.0,0.0,0.0,0.0,0.0,0.0,0.0,0.0,0.0,0.0,0.0,0.0,0.0,0.0,0.0,0.0,0.0,0.0,0.0,-0.8618943391844263,-1.6775975794055127,0.2938060161481524,0.5663863689448061,-0.23222347140371133,0.7788248279946213,15,8,0.10126582278481006,0.5,1.0,0.0,0.0,0.0,0.0,0.0,0.0,0.0,0.0,0.0,0.0,0.0,0.0,0.0,0.0,0.0,0.0,1
VAR_004425,0.0,0.0,0.0,0.0,0.0,0.0,0.0,0.0,0.0,0.0,0.0,8,0.0,0.0,0.0,0.0,0.0,0.0,0.0,0.0,0.0,0.0,0.0,0.0,0.0,0.0,0.0,0.0,0.0,0.0,0.0,0.0,0.0,0.0,0.0,0.0,0.0,0.0,0.0,0.0,0.0,0.0,0.0,0.0,0.0,0.0,0.0,7,0.0,0.0,1,1,-1.2766265622041135,-0.22820715513754825,0.861369284163987,0.0,0.0,0.0,0.0,0.0,0.0,0.0,0.0,0.0,0.0,0.0,0.0,0.0,0.0,0.0,0.0,0.0,0.0,0.0,0.0,0.0,0.0,0.0,0.0,0.0,0.0,0.0,0.0,0.0,0.0,0.0,1,0.0,0.0,0.0,0.0,0.0,0.0,0.0,0.0,0.0,0.0,0.0,0.0,0.0,0.0,0.0,0.0,0.0,0.0,0.0,0.0,0.0,0.0,0.0,0.0,0.0,0.0,0.0,0.0,0.0,0.0,0.0,0.0,0.0,0.0,0.0,0.0,0.0,0.0,0.0,0.0,0.0,0.0,0.0,0.0,0.0,0.0,0.0,0.0,0.0,0.0,0.0,0.0,0.0,0.0,0.0,0.0,0.0,0.0,0.0,0.0,0.0,0.0,0.0,0.0,0.0,0.0,0.0,0.0,0.0,0.0,0.0,0.0,0.0,0.0,0.0,0.0,0.0,0.0,-5.081235694558892,-0.17613319744275086,0.2938060161481524,0.3223851988045773,1.0052495657684166,0.6113937231698138,11,17,-1.350210970464135,-0.5,1.0,0.0,0.0,0.0,0.0,0.0,0.0,0.0,0.0,0.0,0.0,0.0,1.0,0.0,0.0,0.0,0.0,0
VAR_004540,0.0,0.0,0.0,0.0,0.0,0.0,0.0,0.0,0.0,0.0,0.0,8,0.0,0.0,0.0,0.0,0.0,0.0,0.0,0.0,0.0,0.0,0.0,0.0,0.0,0.0,0.0,0.0,0.0,0.0,0.0,0.0,0.0,0.0,0.0,0.0,0.0,0.0,0.0,0.0,0.0,0.0,0.0,0.0,0.0,0.0,0.0,7,0.0,0.0,1,1,0.11065234292689692,0.5524021376130568,1.4663901151912204,0.0,0.0,0.0,0.0,0.0,0.0,0.0,0.0,0.0,0.0,0.0,0.0,0.0,0.0,0.0,0.0,0.0,0.0,0.0,0.0,0.0,0.0,0.0,0.0,0.0,0.0,0.0,0.0,0.0,0.0,0.0,1,0.0,0.0,0.0,0.0,0.0,0.0,0.0,0.0,0.0,0.0,0.0,0.0,0.0,0.0,0.0,0.0,0.0,0.0,0.0,0.0,0.0,0.0,0.0,0.0,0.0,0.0,0.0,0.0,0.0,0.0,0.0,0.0,0.0,0.0,0.0,0.0,0.0,0.0,0.0,0.0,0.0,0.0,0.0,0.0,0.0,0.0,0.0,0.0,0.0,0.0,0.0,0.0,0.0,0.0,0.0,0.0,0.0,0.0,0.0,0.0,0.0,0.0,0.0,0.0,0.0,0.0,0.0,0.0,0.0,0.0,0.0,0.0,0.0,0.0,0.0,0.0,0.0,0.0,-16.438023533367176,-9.499876285190293,0.2938060161481524,-0.2618888501511767,1.0052495657684166,0.7546690705865908,11,17,-1.350210970464135,-0.5,1.0,0.0,0.0,0.0,0.0,0.0,0.0,0.0,0.0,0.0,0.0,0.0,1.0,0.0,0.0,0.0,0.0,1
VAR_001001,10.91764691151767,-0.7952126642662101,3.1951046891258863,19.36802514676146,-0.662784351520658,66.71013249380022,11.244897484236116,196.38769274902222,-0.2918871475026432,0.0,67.72030982218469,16,0.0,0.0,0.0,0.0,0.0,0.0,0.0,-1.0,0.0,-0.47075160550760514,0.0,0.0,0.0,0.0,0.0,1.0,0.8217250065949496,-1.0,-0.28141136766689334,-0.19200266122509932,0.0,0.0,0.0,0.0,0.0,-1.0,-1.0,-1.0,-1.0,0.0,-1.0,0.0,0.0,0.0,0.0,2,0.0,-1.0,0,0,-0.24214440687766495,0.2793454756919412,0.0,-1.0,0.0,0.0,-1.0,-1.0,-1.0,0.0,-1.0,0.0,-1.0,0.0,-1.0,0.0,0.0,-1.0,-1.0,-1.0,-1.0,0.0050804594920332005,0.0,1.0,-1.0,0.0,-1.0,0.0,0.0,0.1924182090633455,-1.0,0.0,0.0,-0.0006706347355224587,0,-0.11289726156469566,0.0,0.0,0.0,0.0,0.0,0.0,0.0,0.0,0.0,0.0,0.0,0.0,0.0,0.0,0.0,0.0,0.0,0.0,0.0,0.0,0.0,0.0,0.0,0.0,0.0,0.0,0.0,0.0,0.0,0.0,0.0,0.0,0.0,0.0,0.0,0.0,0.0,0.0,0.0,0.0,0.0,0.0,0.0,0.0,0.0,0.0,0.0,0.0,0.0,0.0,0.0,0.0,0.0,0.0,0.0,0.0,0.0,-13.87738014589423,-1.0,-0.6426564497491878,6.3797659521948535,0.0,0.0,0.0,-1.0,0.0,0.0,5.497123972767402,0.0,0.0,0.0,-1.0,-1.0,1.0,0.0,0.0,-1.0,0.25729155745059906,0.26138552289786754,-0.26768764328753863,0.3993549610951763,0.07276660027829397,0.7788248279946213,16,16,0.2194092827004219,1.0,0.0,0.0,0.0,0.0,0.0,0.0,0.0,1.0,0.0,0.0,0.0,0.0,0.0,0.0,1.0,1.0,0.0,1
VAR_003704,0.0,0.0,0.0,0.0,0.0,0.0,0.0,0.0,0.0,0.0,0.0,8,0.0,0.0,0.0,0.0,0.0,0.0,0.0,0.0,0.0,0.0,0.0,0.0,0.0,0.0,0.0,0.0,0.0,0.0,0.0,0.0,0.0,0.0,0.0,0.0,0.0,0.0,0.0,0.0,0.0,0.0,0.0,0.0,0.0,0.0,0.0,7,0.0,0.0,4,4,0.5491475367518471,0.23825935129641249,0.6966221505369105,0.0,0.0,0.0,0.0,0.0,0.0,0.0,0.0,0.0,0.0,0.0,0.0,0.0,0.0,0.0,0.0,0.0,0.0,0.0,0.0,0.0,0.0,0.0,0.0,0.0,0.0,0.0,0.0,0.0,0.0,0.0,4,0.0,0.0,0.0,0.0,0.0,0.0,0.0,0.0,0.0,0.0,0.0,0.0,0.0,0.0,0.0,0.0,0.0,0.0,0.0,0.0,0.0,0.0,0.0,0.0,0.0,0.0,0.0,0.0,0.0,0.0,0.0,0.0,0.0,0.0,0.0,0.0,0.0,0.0,0.0,0.0,0.0,0.0,0.0,0.0,0.0,0.0,0.0,0.0,0.0,0.0,0.0,0.0,0.0,0.0,0.0,0.0,0.0,0.0,0.0,0.0,0.0,0.0,0.0,0.0,0.0,0.0,0.0,0.0,0.0,0.0,0.0,0.0,0.0,0.0,0.0,0.0,0.0,0.0,-0.11731994108281865,0.04238456142443066,0.2938060161481524,-0.2138322079439295,-0.28314273438627796,0.05062252484457638,11,14,-0.8607594936708861,-1.0,1.0,0.0,0.0,0.0,0.0,0.0,0.0,0.0,0.0,0.0,0.0,1.0,0.0,0.0,0.0,0.0,0.0,1
VAR_002393,-0.7849773827698099,-0.8121212547774221,-0.4606093724092878,408.1456299936601,-0.6627843456719306,-0.5104427601247692,212.35817753386937,11.731532039689496,91.35023205794694,0.0,-0.3824358632902848,19,0.0,0.0,0.0,0.0,0.0,0.0,0.0,0.0,0.0,0.0,0.0,0.0,0.0,0.0,0.0,0.0,0.0,0.0,0.0,0.0,0.0,0.0,0.0,0.0,-1.0,-1.0,-1.0,0.0,-1.0,-1.0,-1.0,0.0,-1.0,0.0,0.0,3,0.0,0.0,4,4,0.11885929731134234,0.39337172817514277,-0.07640923488527344,0.0,0.0,0.0,0.0,-1.0,0.0,1.0,-1.0,0.0,0.0,1.0,-1.0,1.0,0.0,0.0,-1.0,0.0,-1.0,0.00042692671102049996,1.0,1.0,0.0,0.0,-1.0,0.0,0.0,0.1924182090633455,0.0,0.0,0.0,0.0,4,0.08088622077620368,0.0,0.0,0.0,0.0,0.0,0.0,0.0,0.0,0.0,0.0,0.0,0.0,0.0,0.0,0.0,0.0,0.0,0.0,0.0,0.0,0.0,0.0,0.0,0.0,0.0,0.0,0.0,0.0,0.0,0.0,0.0,0.0,0.0,0.0,0.0,0.0,0.0,0.0,0.0,0.0,0.0,0.0,0.0,0.0,0.0,0.0,0.0,0.0,0.0,0.0,0.0,0.0,0.0,0.0,0.0,0.0,-1.0,30.251470214492016,-1.0,-0.6426564497491878,-1.2368655736119685,1.0,-1.0,0.0,-1.0,1.0,0.0,0.0,0.0,-1.0,0.0,-1.0,-1.0,0.0,1.0,-1.0,-1.0,0.012352095084365994,0.34338647816014006,0.2938060161481524,0.4387866677662675,0.42182476476043607,0.08804604038621952,6,3,0.0,-0.5,0.0,0.0,0.0,0.0,0.0,0.0,0.0,0.0,0.0,0.0,0.0,0.0,1.0,0.0,1.0,0.0,0.0,1
VAR_004411,0.42616542484737924,-0.8121212441258918,-0.29274957426596254,77.75454608224203,-0.6627835568660061,287.64670814066886,-0.9734225193399384,0.12763150293590195,-0.6055759574360443,0.0,39.121781839264656,16,0.0,0.0,0.0,0.0,0.0,0.0,0.0,0.0,0.0,0.0,0.0,0.0,0.0,0.0,0.0,0.0,0.0,0.0,0.0,0.0,0.0,0.0,0.0,0.0,0.0,0.0,0.0,0.0,0.0,0.0,0.0,0.0,0.0,0.0,0.0,7,0.0,0.0,2,2,0.17207452364856254,-0.6836529933527685,0.3120475854194783,0.0,0.0,0.0,0.0,0.0,0.0,0.0,0.0,0.0,0.0,0.0,0.0,0.0,0.0,0.0,0.0,0.0,0.0,0.0,0.0,0.0,0.0,0.0,0.0,0.0,0.0,0.0,0.0,0.0,0.0,0.0,2,11.371656270201584,0.0,-1.0,0.0,1.0,0.0,-1.0,0.0,1.0,0.0,0.0,0.0,-1.0,0.0,0.0,0.0,0.0,0.0,0.0,1.0,-1.0,0.0,-1.0,-1.0,0.0,-1.0,1.0,-1.0,0.0,1.0,0.0,1.0,1.0,0.0,0.0,0.0,-1.0,1.0,0.0,0.0,1.0,0.0,-1.0,0.0,0.9199000143072601,1.0,1.0,-1.0,-0.00021069014450410001,0.0,0.0,0.0,-1.0,1.0,1.0,-1.0,-1.0,0.0,38.67764527542092,-1.0,-0.6426564497491878,-1.2368655736119685,0.0,-1.0,0.0,0.0,1.0,0.0,0.0,0.0,0.0,0.0,0.0,-1.0,0.0,0.0,-1.0,0.0,0.25729155745059906,-10.13511046307115,0.2485823799184744,0.4034370860242443,-0.5454845922414595,-0.26225085479283167,16,11,1.4514767932489452,-0.5,1.0,0.0,0.0,0.0,0.0,0.0,0.0,0.0,0.0,1.0,0.0,0.0,0.0,0.0,0.0,1.0,0.0,1
VAR_003586,-0.8670766698802064,-0.8121212547774417,-0.3353021041391932,205.51301393056835,359.8414743060956,2.6687232156610374,69.04815281821568,-0.7753395946660585,0.01621822544092597,0.00378475342334305,6.998536183658465,27,0.0,0.0,0.0,0.0,0.0,0.0,0.0,-1.0,-1.0,-0.24101764104762274,0.0,0.0,0.0,0.0,0.0,0.0,0.8217250065949496,0.0,-0.28141136766689334,20.2037646561332,0.0,0.0,0.0,0.0,0.0,-1.0,-1.0,0.0,0.0,0.0,0.0,-1.0,0.0,0.0,0.0,3,0.0,0.0,4,4,0.5487562190184608,-6.644802689445919,-3.371674218358274,0.0,0.0,1.0,0.0,-1.0,0.0,0.0,0.0,-1.0,0.0,0.0,0.0,0.0,0.0,-1.0,-1.0,-1.0,-1.0,-0.00033780316917850456,0.0,0.0,0.0,0.0,-1.0,0.0,0.0,-0.8075817909366545,0.0,0.0,0.0,0.0863245554998693,4,-0.06308896305519478,0.0,0.0,-1.0,1.0,1.0,-0.7526791182138215,1.0,1.0,0.0,0.0,-1.0,0.0,0.0,0.0,0.0,0.0,-1.0,0.0,1.0,-1.0,-1.0,0.0,0.0,0.0,0.0,1.0,-1.0,0.0,0.0,0.0,0.0,0.0,-1.0,0.0,0.0,-1.0,1.0,-1.0,-1.0,0.0,-1.0,0.0,0.0,-0.0800999856927399,0.0,0.0,0.0,-0.0003320822105841,-1.0,0.0,-1.0,0.0,0.0,0.0,0.0,-1.0,-1.0,-9.096770793681312,-1.0,0.3573435502508122,-1.2368655736119685,0.0,-1.0,0.0,0.0,1.0,0.0,5.497123972767402,-1.0,0.0,-1.0,0.0,0.0,0.0,0.0,-1.0,-1.0,-18.774127862623683,-11.067885003186307,-20.0795188913522,-1.1540539310485325,-11.911687537159906,-1.4616667597899562,11,17,-1.350210970464135,-0.5,1.0,0.0,0.0,0.0,0.0,0.0,0.0,0.0,0.0,0.0,0.0,0.0,1.0,-1.0,1.0,0.0,0.0,0
VAR_000604,0.0,0.0,0.0,0.0,0.0,0.0,0.0,0.0,0.0,-0.000394369425974819,13.119730116209189,20,0.0,0.0,0.0,0.0,0.0,0.0,0.0,0.0,0.0,0.6409204671575653,0.0,0.0,0.0,-1.0,-1.0,0.0,0.8217250065949496,0.0,0.7185886323331067,5.01110914373765,0.0,0.0,0.0,0.0,0.0,0.0,0.0,0.0,0.0,0.0,0.0,0.0,0.0,0.0,0.0,7,0.0,0.0,4,4,-0.05098817165624974,-2.039173367964614,-2.4716033057819042,0.0,0.0,0.0,0.0,0.0,0.0,0.0,0.0,0.0,0.0,0.0,0.0,0.0,0.0,0.0,0.0,0.0,0.0,0.0,0.0,0.0,0.0,0.0,0.0,0.0,0.0,0.0,0.0,0.0,0.0,-0.000732282461281242,4,-0.10693274925433222,0.0,0.0,0.0,0.0,0.0,0.0,0.0,0.0,0.0,0.0,0.0,0.0,0.0,0.0,0.0,0.0,0.0,0.0,0.0,0.0,0.0,0.0,0.0,0.0,0.0,0.0,0.0,0.0,0.0,0.0,0.0,0.0,0.0,0.0,0.0,0.0,0.0,0.0,0.0,0.0,0.0,0.0,0.0,0.0,0.0,0.0,0.0,0.0,0.0,0.0,0.0,0.0,0.0,0.0,0.0,0.0,0.0,-13.798230181095903,0.0,-0.6426564497491878,-1.2368655736119685,1.0,0.0,-1.0,0.0,1.0,-5.403398540087705,5.497123972767402,0.0,-1.0,0.0,0.0,-1.0,0.0,0.0,0.0,0.0,-0.2117562624086315,-0.15882688921817625,0.039383162402969664,-0.9634660724916215,-0.7760578942956062,-1.3377673455656498,4,5,0.05063291139240503,1.5,1.0,0.0,0.0,0.0,0.0,0.0,0.0,0.0,0.0,0.0,0.0,0.0,0.0,-1.0,0.0,0.0,1.0,0
VAR_004563,0.0,0.0,0.0,0.0,0.0,0.0,0.0,0.0,0.0,0.0,0.0,8,0.0,0.0,0.0,0.0,0.0,0.0,0.0,0.0,0.0,0.0,0.0,0.0,0.0,0.0,0.0,0.0,0.0,0.0,0.0,0.0,0.0,0.0,0.0,0.0,0.0,0.0,0.0,0.0,0.0,0.0,0.0,0.0,0.0,0.0,0.0,7,0.0,0.0,4,4,0.8845367775044738,0.3867925810221828,0.0,0.0,0.0,0.0,0.0,0.0,0.0,0.0,0.0,0.0,-1.0,1.0,0.0,0.0,0.0,-0.2648752547326805,0.0,-1.0,0.0,-0.00033692754785240076,0.0,0.0,-1.0,-1.0,0.0,1.0,0.0,-0.8075817909366545,0.0,0.0,0.0,0.0,4,-0.13002655777131894,0.0,0.0,0.0,0.0,0.0,0.0,0.0,0.0,0.0,0.0,0.0,0.0,0.0,0.0,0.0,0.0,0.0,0.0,0.0,0.0,0.0,0.0,0.0,0.0,0.0,0.0,0.0,0.0,0.0,0.0,0.0,0.0,0.0,0.0,0.0,0.0,0.0,0.0,0.0,0.0,0.0,0.0,0.0,0.0,0.0,0.0,0.0,0.0,0.0,0.0,0.0,0.0,0.0,0.0,0.0,0.0,0.0,0.0,0.0,0.0,0.0,0.0,0.0,0.0,0.0,0.0,0.0,0.0,0.0,0.0,0.0,0.0,0.0,0.0,0.0,0.0,0.0,0.17645296507070282,0.006031816139709351,0.2938060161481524,-0.5966904136343807,-0.022268826083064557,-0.1790665229789943,17,3,0.6075949367088607,0.0,1.0,0.0,0.0,0.0,0.0,0.0,0.0,0.0,0.0,0.0,0.0,0.0,0.0,0.0,0.0,0.0,0.0,1
VAR_001006,-0.9688673095698417,62.64443524601398,49.207938889213565,19.465419357400876,-0.6626444079757886,-0.3725152166157227,138.43557015367188,-1.011704116656307,12.611849819622966,0.0,-0.6812906017446536,16,0.0,0.0,0.0,0.0,0.0,0.0,0.0,0.0,-1.0,0.8441715072595704,1.0,0.0,0.0,0.0,0.0,1.0,-0.17827499340505035,0.0,-0.28141136766689334,-0.1919652204767943,0.0,0.0,0.0,0.0,0.0,0.0,0.0,0.0,0.0,0.0,0.0,0.0,0.0,0.0,0.0,7,0.0,0.0,4,4,0.28250643309198187,0.3241698664000529,1.4868988927637554,0.0,0.0,0.0,0.0,0.0,0.0,0.0,0.0,0.0,0.0,0.0,0.0,0.0,0.0,0.0,0.0,0.0,0.0,0.0,0.0,0.0,0.0,0.0,0.0,0.0,0.0,0.0,0.0,0.0,0.0,0.0,4,-0.13027943114746696,0.0,0.0,0.0,0.0,0.0,0.0,0.0,0.0,0.0,0.0,0.0,0.0,0.0,0.0,0.0,0.0,0.0,0.0,0.0,0.0,0.0,0.0,0.0,0.0,0.0,0.0,0.0,0.0,0.0,0.0,0.0,0.0,0.0,0.0,0.0,0.0,0.0,0.0,0.0,0.0,0.0,0.0,0.0,0.0,0.0,0.0,0.0,0.0,0.0,0.0,0.0,0.0,0.0,0.0,0.0,0.0,-1.0,-5.617474207180439,0.0,0.3573435502508122,6.3797659521948535,0.0,0.0,-1.0,0.0,1.0,0.0,5.497123972767402,-1.0,-1.0,0.0,-1.0,-1.0,0.0,0.0,0.0,0.0,-0.02478020645733839,0.09863253929635588,0.2938060161481524,-0.30824214926700644,-0.7736957001936988,-0.08256897776938356,17,14,-0.08438818565400846,0.0,1.0,0.0,0.0,0.0,0.0,0.0,0.0,0.0,0.0,0.0,0.0,1.0,0.0,0.0,0.0,1.0,0.0,1
VAR_000608,0.0,0.0,0.0,0.0,0.0,0.0,0.0,0.0,0.0,0.0,0.0,8,0.0,0.0,0.0,0.0,0.0,0.0,0.0,0.0,0.0,0.0,0.0,0.0,0.0,0.0,0.0,0.0,0.0,0.0,0.0,0.0,0.0,0.0,0.0,0.0,0.0,0.0,0.0,0.0,0.0,0.0,0.0,0.0,0.0,0.0,0.0,7,0.0,0.0,3,3,-0.5681667606203952,0.13839631139693873,0.0,0.0,0.0,0.0,0.0,0.0,0.0,0.0,0.0,0.0,0.0,0.0,0.0,0.0,0.0,0.0,0.0,0.0,0.0,0.0,0.0,0.0,0.0,0.0,0.0,0.0,0.0,0.0,0.0,0.0,0.0,0.0,3,0.0,0.0,0.0,0.0,0.0,0.0,0.0,0.0,0.0,0.0,0.0,0.0,0.0,0.0,0.0,0.0,0.0,0.0,0.0,0.0,0.0,0.0,0.0,0.0,0.0,0.0,0.0,0.0,0.0,0.0,0.0,0.0,0.0,0.0,0.0,0.0,0.0,0.0,0.0,0.0,0.0,0.0,0.0,0.0,0.0,0.0,0.0,0.0,0.0,0.0,0.0,0.0,0.0,0.0,0.0,0.0,0.0,0.0,0.0,0.0,0.0,0.0,0.0,0.0,0.0,0.0,0.0,0.0,0.0,0.0,0.0,0.0,0.0,0.0,0.0,0.0,0.0,0.0,-0.22799876559123275,0.03524112149991799,0.2938060161481524,0.08701220274225376,-0.05001908470159319,0.7449555107873427,17,21,0.0675105485232067,1.0,2.0,0.0,0.0,0.0,0.0,0.0,0.0,0.0,0.0,0.0,0.0,0.0,0.0,0.0,0.0,0.0,0.0,1
VAR_000960,0.0,0.0,0.0,0.0,0.0,0.0,0.0,0.0,0.0,0.0,0.0,8,0.0,0.0,0.0,0.0,0.0,0.0,0.0,0.0,0.0,0.6977819671850201,1.0,0.0,0.0,0.0,0.0,0.0,-0.17827499340505035,0.0,0.7185886323331067,4.631685556726013,0.0,-1.0,-1.0,0.0,0.0,0.0,0.0,0.0,0.0,0.0,0.0,0.0,0.0,0.0,0.0,7,0.0,0.0,3,3,0.7038390144233286,0.7558651961686087,0.0,0.0,0.0,0.0,0.0,0.0,0.0,0.0,0.0,0.0,0.0,0.0,0.0,0.0,0.0,0.0,0.0,0.0,0.0,0.0,0.0,0.0,0.0,0.0,0.0,0.0,0.0,0.0,0.0,0.0,0.0,0.0,3,-0.13142281869831057,0.0,0.0,0.0,0.0,0.0,0.0,0.0,0.0,0.0,0.0,0.0,0.0,0.0,0.0,0.0,0.0,0.0,0.0,0.0,0.0,0.0,0.0,0.0,0.0,0.0,0.0,0.0,0.0,0.0,0.0,0.0,0.0,0.0,0.0,0.0,0.0,0.0,0.0,0.0,0.0,0.0,0.0,0.0,0.0,0.0,0.0,0.0,0.0,0.0,0.0,0.0,0.0,0.0,0.0,0.0,0.0,0.0,0.0,0.0,0.0,0.0,0.0,0.0,0.0,0.0,0.0,0.0,0.0,0.0,0.0,0.0,0.0,0.0,0.0,0.0,0.0,0.0,-0.23241698050604734,0.34338647816014006,0.2938060161481524,0.7276952483454623,0.5369313183538366,0.771151083287394,7,23,-0.0337552742616034,-0.5,-0.5,0.0,0.0,0.0,0.0,0.0,0.0,0.0,0.0,1.0,0.0,0.0,0.0,0.0,0.0,0.0,0.0,1
VAR_003658,67.74898591918343,-0.8121193915979728,-0.4399157489918086,-0.503711683998399,-0.6549982186103446,36.814054645755746,32.72140676020179,56.21002320281653,0.24819911824346086,0.0,0.29530842895022114,16,0.0,0.0,0.0,0.0,0.0,0.0,0.0,0.0,0.0,0.8441715072595704,0.0,0.0,1.0,0.0,-1.0,1.0,0.8217250065949496,0.0,-0.28141136766689334,0.09497411666080453,0.0,0.0,-1.0,0.0,0.0,0.0,0.0,0.0,0.0,-1.0,0.0,-1.0,0.0,0.0,0.0,3,-1.0,0.0,3,3,0.2660734268773115,0.0,1.347044231336203,0.0,-1.0,0.0,0.0,-1.0,0.0,0.0,0.0,0.0,-1.0,0.0,-1.0,1.0,0.0,0.0,-1.0,0.0,0.0,-0.0003377671154520357,0.0,0.0,0.0,-1.0,0.0,0.0,-1.0,0.1924182090633455,0.0,0.0,-1.0,0.00023049426110300004,3,0.8936210784344487,0.0,0.0,-1.0,0.0,0.0,0.0,0.0,0.0,-1.0,0.0,0.0,-1.0,0.0,0.0,0.0,0.0,0.0,1.0,0.0,0.0,-1.0,-1.0,-1.0,0.0,-1.0,0.0,0.0,0.0,0.0,0.0,1.0,0.0,0.0,1.0,0.0,-1.0,1.0,0.0,0.0,0.0,-1.0,0.0,0.0,0.9199000143072601,0.0,0.0,0.0,-0.0005218288794948761,0.0,0.0,-1.0,0.0,1.0,0.0,0.0,-1.0,0.0,666.1993008623095,0.0,-0.6426564497491878,6.3797659521948535,0.0,0.0,0.0,-1.0,0.0,-5.403398540087705,0.0,0.0,0.0,-1.0,0.0,-1.0,0.0,1.0,0.0,-1.0,-0.0697025217511458,-0.72471353809985,0.07378759835307282,0.7459064491662091,0.03833666986603782,0.7788248279946213,22,3,0.6244725738396624,-0.5,0.0,0.0,0.0,0.0,0.0,0.0,0.0,0.0,0.0,0.0,0.0,0.0,0.0,0.0,1.0,1.0,0.0,1
VAR_004541,0.0,0.0,0.0,0.0,0.0,0.0,0.0,0.0,0.0,0.0,0.0,8,0.0,0.0,0.0,0.0,0.0,0.0,0.0,-1.0,-1.0,0.8441715072595704,1.0,0.0,0.0,0.0,-1.0,0.0,0.8217250065949496,0.0,0.5010126918496136,-0.19200266140766054,0.0,0.0,-1.0,-1.0,-1.0,0.0,0.0,0.0,0.0,0.0,-1.0,0.0,0.0,0.0,0.0,3,-1.0,0.0,2,2,-0.41916748351721883,-0.003961023412851805,0.0,0.0,0.0,0.0,0.0,0.0,0.0,0.0,0.0,0.0,0.0,0.0,0.0,0.0,0.0,0.0,0.0,0.0,0.0,0.0,0.0,0.0,0.0,0.0,0.0,0.0,0.0,0.0,0.0,0.0,0.0,0.0,2,-0.12978371429525776,0.0,0.0,0.0,0.0,0.0,0.0,0.0,0.0,0.0,0.0,0.0,0.0,0.0,0.0,0.0,0.0,0.0,0.0,0.0,0.0,0.0,0.0,0.0,0.0,0.0,0.0,0.0,0.0,0.0,0.0,0.0,0.0,0.0,0.0,0.0,0.0,0.0,0.0,0.0,0.0,0.0,0.0,0.0,0.0,0.0,0.0,0.0,0.0,0.0,0.0,0.0,0.0,0.0,0.0,0.0,0.0,0.0,0.0,0.0,0.0,0.0,0.0,0.0,0.0,0.0,0.0,0.0,0.0,0.0,0.0,0.0,0.0,0.0,0.0,0.0,0.0,0.0,-0.7254481832463816,-0.03897683182073045,-0.13002367219629027,-0.3785425594059344,-0.5878162887403189,0.036941731564580374,4,13,0.05063291139240503,1.0,0.0,0.0,0.0,0.0,0.0,0.0,0.0,1.0,0.0,0.0,0.0,0.0,0.0,0.0,1.0,0.0,0.0,1
VAR_004732,-0.9616511018376726,28.923974998054607,26.766746438639036,-0.5059746025176499,236.61601559997,7.924899296232087,81.02056136848094,-1.0117314492027094,-0.594506121060119,0.0,-1.0685666359447792,16,0.0,0.0,0.0,0.0,0.0,0.0,0.0,-1.0,0.0,-0.47075160550760514,1.0,0.0,1.0,0.0,0.0,0.0,0.8217250065949496,0.0,0.7185886323331067,-0.19045027762941485,0.0,-1.0,0.0,-1.0,-1.0,-1.0,-1.0,0.0,0.0,-1.0,0.0,0.0,0.0,0.0,0.0,5,0.0,-1.0,0,0,-2.9328069248924273,-0.822381242305616,0.0,0.0,-1.0,1.0,0.0,0.0,0.0,1.0,0.0,0.0,0.0,1.0,0.0,1.0,0.0,0.0,-1.0,-1.0,-1.0,-0.0003374487010710205,1.0,0.0,0.0,-1.0,0.0,0.0,-1.0,0.1924182090633455,0.0,-1.0,-1.0,-0.0007297987669210325,0,-0.10884055756885301,0.0,0.0,0.0,0.0,0.0,0.0,0.0,0.0,0.0,0.0,0.0,0.0,0.0,0.0,0.0,0.0,0.0,0.0,0.0,0.0,0.0,0.0,0.0,0.0,0.0,0.0,0.0,0.0,0.0,0.0,0.0,0.0,0.0,0.0,0.0,0.0,0.0,0.0,0.0,0.0,0.0,0.0,0.0,0.0,0.0,0.0,0.0,0.0,0.0,0.0,0.0,0.0,0.0,0.0,0.0,0.0,0.0,115.39302422142444,-1.0,0.3573435502508122,-1.2368655736119685,0.0,0.0,-1.0,0.0,0.0,-5.403398540087705,5.497123972767402,-1.0,-1.0,-1.0,-1.0,-1.0,0.0,0.0,0.0,-1.0,0.11378635993045054,-0.33479860268694017,0.2938060161481524,-0.2784166557432954,0.35200757912016123,0.7298314106099288,12,21,-0.38818565400843874,0.0,-0.5,0.0,0.0,0.0,0.0,0.0,0.0,0.0,0.0,0.0,0.0,1.0,0.0,0.0,1.0,1.0,0.0,1
VAR_000605,0.0,0.0,0.0,0.0,0.0,0.0,0.0,0.0,0.0,0.0,0.0,8,0.0,0.0,0.0,0.0,0.0,0.0,0.0,0.0,0.0,0.0,0.0,0.0,0.0,0.0,0.0,0.0,0.0,0.0,0.0,0.0,0.0,0.0,0.0,0.0,0.0,0.0,0.0,0.0,0.0,0.0,0.0,0.0,0.0,0.0,0.0,7,0.0,0.0,3,3,1.0315440801091889,0.20519146055210927,-0.8710759851903147,0.0,0.0,0.0,0.0,0.0,0.0,0.0,0.0,0.0,0.0,0.0,0.0,0.0,0.0,0.0,0.0,0.0,0.0,0.0,0.0,0.0,0.0,0.0,0.0,0.0,0.0,0.0,0.0,0.0,0.0,0.0,3,0.0,0.0,0.0,0.0,0.0,0.0,0.0,0.0,0.0,0.0,0.0,0.0,0.0,0.0,0.0,0.0,0.0,0.0,0.0,0.0,0.0,0.0,0.0,0.0,0.0,0.0,0.0,0.0,0.0,0.0,0.0,0.0,0.0,0.0,0.0,0.0,0.0,0.0,0.0,0.0,0.0,0.0,0.0,0.0,0.0,0.0,0.0,0.0,0.0,0.0,0.0,0.0,0.0,0.0,0.0,0.0,0.0,0.0,0.0,0.0,0.0,0.0,0.0,0.0,0.0,0.0,0.0,0.0,0.0,0.0,0.0,0.0,0.0,0.0,0.0,0.0,0.0,0.0,0.12303097730535384,0.34338647816014006,-0.5408422131893658,0.5942814326067127,-0.4677927965941452,0.7788248279946213,16,14,0.5400843881856539,-0.5,1.0,0.0,0.0,0.0,0.0,0.0,0.0,0.0,1.0,0.0,0.0,0.0,0.0,0.0,0.0,0.0,0.0,1
VAR_003676,5.895809004518833,1.1077857097586983,-0.18447907923569168,318.1038326516917,-0.6616175304598301,6.9801284068127964,32.19007736639238,11.2286687348591,-0.6054975770833253,0.01321486558524545,4.444454464518219,16,-0.21590094649544334,-0.0023375753123790997,-0.8722805623995484,0.0,-1.0,-1.0,0.4657266319660073,0.0,-1.0,-0.47075160550760514,1.0,0.0,1.0,0.0,0.0,1.0,0.8217250065949496,-0.47742331525940074,-0.28141136766689334,-0.19200266064463548,0.0,0.0,0.0,0.0,0.0,-1.0,0.0,0.0,0.0,0.0,0.0,0.0,0.0,0.0,0.0,3,-1.0,-1.0,3,3,-0.12350660893354623,-10.091296586283065,-8.925102374778366,-1.0,0.0,0.0,-1.0,0.0,0.0,0.0,0.0,0.0,0.0,1.0,0.0,0.0,1.0,0.0,0.0,-1.0,0.0,0.0036910114459064,0.0,0.0,0.0,-1.0,-1.0,1.0,-1.0,0.1924182090633455,0.0,0.0,0.0,0.0014067403578315002,3,0.8947093251352564,0.0,-1.0,-1.0,0.0,0.0,-1.0,1.0,1.0,-1.0,0.2189590244459367,-1.0,-1.0,0.0,0.0,0.0,-1.0,0.0,1.0,1.0,-1.0,-1.0,-1.0,-1.0,0.0,0.0,0.0,0.0,1.0,0.0,1.0,1.0,1.0,-1.0,0.0,-1.0,-1.0,0.0,0.0,0.0,1.0,-1.0,-1.0,0.0,-0.0800999856927399,1.0,0.0,-1.0,0.0007204360732913,-1.0,0.0,-1.0,0.0,0.0,0.0,0.0,0.0,0.0,73.63060155092082,0.0,0.3573435502508122,6.3797659521948535,0.8907790051073036,0.0,0.0,-1.0,1.0,-5.403398540087705,0.0,-1.0,0.0,0.0,0.0,0.0,0.0,1.0,-0.09973852744817491,0.0,-18.402589219619784,-2.8278950459042584,-19.77467194698933,-1.2214665632003459,0.5572611785004272,-1.5925375033857065,21,9,0.10126582278481006,2.0,0.5,0.0,0.0,0.0,0.0,0.0,0.0,1.0,0.0,0.0,0.0,0.0,0.0,0.0,1.0,1.0,0.0,0
VAR_003692,10.92999321841324,76.86668617606283,92.15819320152207,23.387252193827845,-0.2023568548342679,1.7420671291674448,45.77873851287303,21.097185756932213,109.39954142396113,-0.0003940689895065802,59.20881055875921,23,-1.0,0.0061093622533461,0.12771943760045157,0.0,-1.0,0.0,0.4657266319660073,0.0,0.0,0.30891546405979037,0.0,0.0,0.0,0.0,0.0,1.0,0.8217250065949496,0.0,-0.28141136766689334,29.20539000179584,0.0,0.0,0.0,-1.0,0.0,0.0,0.0,0.0,-1.0,0.0,0.0,0.0,0.0,0.0,0.0,1,0.0,0.0,3,3,0.15925462532180532,0.31007371661657634,0.0,-1.0,0.0,1.0,-1.0,0.0,0.0,1.0,0.0,0.0,0.0,1.0,-1.0,0.0,1.0,0.0,0.0,0.0,0.0,0.0024548873402664,1.0,1.0,0.0,0.0,0.0,1.0,0.0,-0.8075817909366545,0.0,0.0,0.0,0.0083695987126931,3,8.143952573332529,0.0,0.0,-1.0,1.0,1.0,-1.0,0.0,0.0,-1.0,0.0,-1.0,0.0,0.0,0.0,0.0,-1.0,0.0,1.0,0.0,0.0,-1.0,0.0,0.0,-1.0,-1.0,0.0,0.0,0.0,0.0,1.0,0.0,0.0,0.0,1.0,0.0,0.0,0.0,0.0,-1.0,0.0,0.0,0.0,0.0,-0.0800999856927399,0.0,1.0,-1.0,0.00023116539001349998,-1.0,-1.0,-1.0,0.0,1.0,1.0,-1.0,0.0,0.0,157.6497710064772,0.0,-0.6426564497491878,6.1454407318583515,1.0,0.0,0.0,0.0,1.0,0.0,0.0,0.0,-1.0,0.0,0.0,0.0,0.0,1.0,0.0,-1.0,0.25729155745059906,-1.2658685357528465,-0.1498443186080912,0.3766029629557004,0.8230992049610276,0.6051332366420209,0,21,-0.3713080168776371,0.5,1.0,0.0,0.0,0.0,0.0,0.0,0.0,1.0,0.0,0.0,0.0,0.0,0.0,-1.0,1.0,0.0,0.0,1
VAR_001101,0.0,0.0,0.0,0.0,0.0,0.0,0.0,0.0,0.0,0.0,0.0,8,0.0,0.0,0.0,0.0,0.0,0.0,0.0,-1.0,0.0,-0.32393362262287106,1.0,0.0,1.0,0.0,0.0,0.0,0.8217250065949496,0.0,0.7185886323331067,1.4148744963665347,0.0,-1.0,0.0,0.0,0.0,0.0,0.0,0.0,0.0,0.0,0.0,0.0,0.0,0.0,0.0,7,0.0,0.0,1,1,0.007094840082367769,0.5326012873430247,0.0,0.0,0.0,0.0,0.0,0.0,0.0,0.0,0.0,0.0,0.0,0.0,0.0,0.0,0.0,0.0,0.0,0.0,0.0,0.0,0.0,0.0,0.0,0.0,0.0,0.0,0.0,0.0,0.0,0.0,0.0,0.0,1,-0.12902410659214433,0.0,0.0,0.0,0.0,0.0,0.0,0.0,0.0,0.0,0.0,0.0,0.0,0.0,0.0,0.0,0.0,0.0,0.0,0.0,0.0,0.0,0.0,0.0,0.0,0.0,0.0,0.0,0.0,0.0,0.0,0.0,0.0,0.0,0.0,0.0,0.0,0.0,0.0,0.0,0.0,0.0,0.0,0.0,0.0,0.0,0.0,0.0,0.0,0.0,0.0,0.0,0.0,0.0,0.0,0.0,0.0,0.0,0.0,0.0,0.0,0.0,0.0,0.0,0.0,0.0,0.0,0.0,0.0,0.0,0.0,0.0,0.0,0.0,0.0,0.0,0.0,0.0,-0.12464790660646728,0.09551733998887289,-0.44571331316843577,0.745295261021899,1.0052495657684166,0.684174697282774,19,14,-0.10126582278481017,0.0,1.0,1.0,0.0,0.0,0.0,0.0,0.0,0.0,0.0,0.0,0.0,0.0,0.0,0.0,0.0,0.0,0.0,1
VAR_001069,0.0,0.0,0.0,0.0,0.0,0.0,0.0,0.0,0.0,0.0,0.0,8,0.0,0.0,0.0,0.0,0.0,0.0,0.0,-1.0,-1.0,0.8441715072595704,1.0,0.0,1.0,0.0,0.0,0.8334537024981945,0.8217250065949496,-1.0,0.7185886323331067,0.30913135882316284,0.0,0.0,-1.0,0.0,0.0,0.0,0.0,0.0,0.0,0.0,0.0,0.0,0.0,0.0,0.0,7,0.0,0.0,4,4,-0.09760451206116,0.1274668009364301,1.0403775366318178,0.0,0.0,0.0,0.0,0.0,0.0,0.0,0.0,0.0,0.0,0.0,0.0,0.0,0.0,0.0,0.0,0.0,0.0,0.0,0.0,0.0,0.0,0.0,0.0,0.0,0.0,0.0,0.0,0.0,0.0,0.0,4,-0.13142251969095803,0.0,0.0,0.0,0.0,0.0,0.0,0.0,0.0,0.0,0.0,0.0,0.0,0.0,0.0,0.0,0.0,0.0,0.0,0.0,0.0,0.0,0.0,0.0,0.0,0.0,0.0,0.0,0.0,0.0,0.0,0.0,0.0,0.0,0.0,0.0,0.0,0.0,0.0,0.0,0.0,0.0,0.0,0.0,0.0,0.0,0.0,0.0,0.0,0.0,0.0,0.0,0.0,0.0,0.0,0.0,0.0,0.0,0.0,0.0,0.0,0.0,0.0,0.0,0.0,0.0,0.0,0.0,0.0,0.0,0.0,0.0,0.0,0.0,0.0,0.0,0.0,0.0,0.25729155745059906,-0.4253580535347255,0.2938060161481524,0.27786437583776213,0.08552177367291251,0.10667685523037175,11,14,-0.8607594936708861,-1.0,1.0,0.0,0.0,0.0,0.0,0.0,0.0,0.0,0.0,0.0,0.0,1.0,0.0,0.0,0.0,0.0,0.0,1
VAR_000675,1.880755435017066,-0.8121211387389687,-0.290208356084757,-0.5107311654763744,7.640427016785959,-0.41301408424451974,-0.8535988826653819,-1.0117272809239566,91.42726792524262,-0.00022126613717975003,4.456432463526525,25,0.0,0.0,0.0,0.0,0.0,0.0,0.0,0.0,-1.0,0.8441715072595704,1.0,0.0,0.0,0.0,-1.0,0.0,-0.17827499340505035,0.0,0.7185886323331067,13.431745618745852,0.0,-1.0,-1.0,-1.0,-1.0,-1.0,0.0,0.0,-1.0,0.0,-1.0,0.0,0.0,-1.0,0.0,1,0.0,-1.0,3,3,-0.4721742350894143,-0.9177369268740297,-0.6584952668686678,-1.0,0.0,0.0,0.0,0.0,0.0,0.0,-1.0,-1.0,0.0,0.8757667635068969,0.0,1.0,1.0,0.0,0.0,0.0,-1.0,-0.0002853169095126146,1.0,0.0,-1.0,-1.0,-1.0,1.0,-1.0,0.1924182090633455,0.0,-1.0,0.0,0.0125815930563023,3,-0.07477382838345781,-1.0,-1.0,-1.0,1.0,0.0,-1.0,0.0,0.0,0.0,0.0,-1.0,0.0,0.0,0.0,0.0,0.0,-1.0,0.0,1.0,-1.0,0.0,-1.0,0.0,0.0,-1.0,0.0,-1.0,1.0,0.0,1.0,1.0,1.0,0.0,0.0,0.0,-1.0,1.0,0.0,-1.0,1.0,0.0,0.0,-1.0,0.9199000143072601,1.0,0.0,0.0,0.0340187639130352,-1.0,-1.0,-1.0,-1.0,0.0,0.0,0.0,0.0,-1.0,11.57353781079086,0.0,-0.6426564497491878,-1.2368655736119685,0.0,0.0,-1.0,-1.0,1.0,-5.403398540087705,5.497123972767402,0.0,-1.0,0.0,-1.0,0.0,1.0,0.0,0.0,0.0,0.25729155745059906,0.23974107874928352,0.2938060161481524,0.7591591423548989,0.16901086680076025,0.42916788640280473,16,8,0.2700421940928269,0.5,0.0,0.0,0.0,0.0,0.0,0.0,0.0,1.0,0.0,0.0,0.0,0.0,0.0,-1.0,1.0,0.0,0.0,0
VAR_001036,0.0,0.0,0.0,0.0,0.0,0.0,0.0,0.0,0.0,0.0,0.0,8,0.0,0.0,0.0,0.0,0.0,0.0,0.0,0.0,0.0,0.0,0.0,0.0,0.0,0.0,0.0,0.0,0.0,0.0,0.0,0.0,0.0,0.0,0.0,0.0,0.0,0.0,0.0,0.0,0.0,0.0,0.0,0.0,0.0,0.0,0.0,7,0.0,0.0,3,3,-0.572890399521955,0.5515715590256357,0.0,0.0,0.0,0.0,0.0,0.0,0.0,0.0,0.0,0.0,0.0,0.0,0.0,0.0,0.0,0.0,0.0,0.0,0.0,0.0,0.0,0.0,0.0,0.0,0.0,0.0,0.0,0.0,0.0,0.0,0.0,0.0,3,0.0,0.0,0.0,0.0,0.0,0.0,0.0,0.0,0.0,0.0,0.0,0.0,0.0,0.0,0.0,0.0,0.0,0.0,0.0,0.0,0.0,0.0,0.0,0.0,0.0,0.0,0.0,0.0,0.0,0.0,0.0,0.0,0.0,0.0,0.0,0.0,0.0,0.0,0.0,0.0,0.0,0.0,0.0,0.0,0.0,0.0,0.0,0.0,0.0,0.0,0.0,0.0,0.0,0.0,0.0,0.0,0.0,0.0,0.0,0.0,0.0,0.0,0.0,0.0,0.0,0.0,0.0,0.0,0.0,0.0,0.0,0.0,0.0,0.0,0.0,0.0,0.0,0.0,0.25729155745059906,-0.2214280816698122,-0.05090729473918203,0.7017296143312919,-0.23223280203292618,0.7488773512642412,15,8,0.10126582278481006,0.5,1.0,0.0,0.0,0.0,0.0,0.0,0.0,0.0,0.0,0.0,0.0,0.0,0.0,0.0,0.0,0.0,0.0,1
VAR_003563,22.099490041467092,-0.8121212301069726,-0.4183777354205028,-0.16981215671040206,-0.6627663692165738,3.6088115371342444,-0.4489706388162819,-0.7719388566628559,-0.6055795205110065,0.016499812841592153,-0.9859954956159441,16,0.0,0.0,0.0,0.0,0.0,0.0,0.0,0.0,0.0,-0.1319081913038732,1.0,0.0,1.0,0.0,0.0,0.0,-0.17827499340505035,-1.0,0.7185886323331067,-0.053082597132709214,-1.0,-1.0,0.0,-1.0,0.0,0.0,0.0,0.0,0.0,0.0,-1.0,-1.0,-1.0,0.0,0.0,3,0.0,0.0,1,1,-0.4840143953898548,-1.7363625306505708,-1.1028789409155888,0.0,0.0,0.0,-1.0,-1.0,0.0,0.0,-1.0,0.0,0.0,1.0,0.0,0.0,1.0,-1.0,0.0,-0.3356283750190826,0.0,-0.0003236104788517485,0.0,0.0,0.0,0.0,-1.0,0.0,0.0,0.1924182090633455,-1.0,0.0,0.0,-0.0007149721161836101,1,0.6833251725555498,0.0,-1.0,0.0,1.0,1.0,-1.0,0.0,1.0,-1.0,1.0,0.0,0.0,1.0,0.0,0.0,-1.0,0.0,0.0,1.0,-1.0,0.0,0.0,-1.0,0.0,0.0,0.0,-1.0,1.0,0.0,0.0,1.0,1.0,0.0,0.0,-1.0,-1.0,1.0,0.0,-1.0,0.0,0.0,0.0,-1.0,-0.0800999856927399,0.0,1.0,-1.0,-0.0004462315177707723,-1.0,0.0,0.0,-1.0,1.0,1.0,-1.0,-1.0,-1.0,1244.3173343849246,0.0,0.3573435502508122,-1.2368655736119685,0.0,0.0,0.0,-1.0,1.0,-5.403398540087705,5.497123972767402,-1.0,0.0,0.0,-1.0,0.0,0.0,1.0,0.0,0.0,0.25729155745059906,-1.2247952864869867,-0.18666158580637404,-0.5617926333297454,1.0052495657684166,-0.8392394865559636,10,17,-0.050632911392405104,1.5,0.0,0.0,1.0,0.0,0.0,0.0,0.0,0.0,0.0,0.0,0.0,0.0,0.0,0.0,1.0,1.0,0.0,0
VAR_004432,0.0,0.0,0.0,0.0,0.0,0.0,0.0,0.0,0.0,0.0,0.0,8,0.0,0.0,0.0,0.0,0.0,0.0,0.0,0.0,0.0,0.0,0.0,0.0,0.0,0.0,0.0,0.0,0.0,0.0,0.0,0.0,0.0,0.0,0.0,0.0,0.0,0.0,0.0,0.0,0.0,0.0,0.0,0.0,0.0,0.0,0.0,7,0.0,0.0,3,3,-1.3226361979466055,-4.032963960731758,-0.705929248367417,0.0,0.0,0.0,0.0,0.0,0.0,0.0,0.0,0.0,0.0,0.0,0.0,0.0,0.0,0.0,0.0,0.0,0.0,0.0,0.0,0.0,0.0,0.0,0.0,0.0,0.0,0.0,0.0,0.0,0.0,0.0,3,0.0,0.0,0.0,0.0,0.0,0.0,0.0,0.0,0.0,0.0,0.0,0.0,0.0,0.0,0.0,0.0,0.0,0.0,0.0,0.0,0.0,0.0,0.0,0.0,0.0,0.0,0.0,0.0,0.0,0.0,0.0,0.0,0.0,0.0,0.0,0.0,0.0,0.0,0.0,0.0,0.0,0.0,0.0,0.0,0.0,0.0,0.0,0.0,0.0,0.0,0.0,0.0,0.0,0.0,0.0,0.0,0.0,0.0,0.0,0.0,0.0,0.0,0.0,0.0,0.0,0.0,0.0,0.0,0.0,0.0,0.0,0.0,0.0,0.0,0.0,0.0,0.0,0.0,-8.60113058960358,-0.26804675754566765,0.2938060161481524,-1.1301204241722564,0.030186029207482794,-0.6905739877307683,16,7,0.7426160337552741,-0.5,2.0,0.0,0.0,0.0,0.0,0.0,0.0,0.0,0.0,0.0,0.0,0.0,0.0,0.0,0.0,0.0,0.0,0
VAR_004537,0.0,0.0,0.0,0.0,0.0,0.0,0.0,0.0,0.0,-0.00039428199225830044,12.96802745839273,28,0.0,0.0,0.0,0.0,0.0,0.0,0.0,-1.0,0.0,-0.47075160550760514,0.0,0.0,1.0,0.0,-1.0,1.0,0.8217250065949496,0.0,-0.28141136766689334,-0.19197097858543521,0.0,-1.0,-1.0,0.0,0.0,0.0,0.0,0.0,0.0,0.0,0.0,0.0,0.0,0.0,0.0,7,0.0,0.0,2,2,-0.19905833987064422,0.3991261804610905,0.0,-1.0,-1.0,0.0,-1.0,-1.0,0.0,0.0,0.0,0.0,-1.0,0.0,0.0,0.0,1.0,0.0,0.0,0.0,0.0,0.007074183161571,0.0,1.0,-1.0,-1.0,-1.0,1.0,-1.0,-0.8075817909366545,-1.0,0.0,0.0,0.0,2,-0.12413039441548056,-1.0,0.0,0.0,0.0,0.0,0.0,1.0,1.0,0.0,0.0,0.0,0.0,0.0,0.0,0.0,0.0,0.0,1.0,1.0,0.0,-1.0,0.0,0.0,-1.0,-1.0,1.0,-1.0,0.0,0.0,1.0,0.0,0.0,0.0,0.0,0.0,0.0,1.0,-1.0,-1.0,1.0,-1.0,-1.0,-1.0,-0.0800999856927399,0.0,1.0,-1.0,-0.0005218288795075999,-1.0,0.0,-1.0,0.0,0.0,0.0,0.0,-1.0,-1.0,472.37393525310733,0.0,-0.6426564497491878,-1.2368655736119685,1.0,0.0,0.0,0.0,1.0,0.0,0.0,-1.0,-1.0,0.0,0.0,0.0,0.0,0.0,0.0,0.0,-0.6799444828964696,-0.057519420735382444,-0.12393202399203498,-0.44826258881851677,-0.320440178488752,-0.20510238997050378,7,22,0.8270042194092827,-1.0,1.0,0.0,0.0,0.0,0.0,0.0,0.0,0.0,0.0,1.0,0.0,0.0,0.0,-1.0,0.0,1.0,0.0,1
VAR_001083,-0.9613450605793163,4.8781343977705465,-0.4232013720809438,-0.03753876381046069,283.24360092244535,91.91875832256255,0.2946991037548213,-1.0117314512005313,-0.5394128569937908,0.0,-1.0622844023484184,19,0.0,0.0,0.0,0.0,0.0,0.0,0.0,0.0,0.0,0.0,0.0,0.0,0.0,0.0,0.0,0.0,0.0,0.0,0.0,0.0,0.0,0.0,0.0,0.0,0.0,0.0,0.0,0.0,0.0,0.0,0.0,0.0,0.0,0.0,0.0,7,0.0,0.0,1,1,-0.24852621789281792,-0.04219682877321505,0.0,0.0,0.0,0.0,0.0,0.0,0.0,0.0,0.0,0.0,0.0,0.0,0.0,0.0,0.0,0.0,0.0,0.0,0.0,0.0,0.0,0.0,0.0,0.0,0.0,0.0,0.0,0.0,0.0,0.0,0.0,0.0,1,4.554553388786453,0.0,0.0,0.0,0.0,0.0,0.0,0.0,0.0,0.0,0.0,0.0,0.0,0.0,0.0,0.0,0.0,0.0,0.0,0.0,0.0,0.0,0.0,0.0,0.0,0.0,0.0,0.0,0.0,0.0,0.0,0.0,0.0,0.0,0.0,0.0,0.0,0.0,0.0,0.0,0.0,0.0,0.0,0.0,0.0,0.0,0.0,0.0,0.0,0.0,0.0,0.0,0.0,0.0,0.0,0.0,0.0,0.0,-13.726476880084482,-1.0,-0.6426564497491878,-1.2368655736119685,0.0,-1.0,-1.0,-1.0,0.0,0.0,5.497123972767402,0.0,0.0,0.0,-1.0,0.0,1.0,0.0,0.0,0.0,-0.01204106972686487,0.34338647816014006,0.2938060161481524,0.27797201147198153,-0.8566410423193298,0.6408388938306695,9,11,-0.0675105485232068,1.5,1.0,0.0,0.0,0.0,0.0,0.0,0.0,0.0,0.0,0.0,0.0,0.0,0.0,0.0,0.0,0.0,0.0,0
VAR_004402,3.519092448873945,27.28442399465798,-0.4609926276191797,-0.5107311668475554,-0.6616289311816701,45.58055975120324,-0.4947487309223895,-1.0117314499693426,16.75382472323352,-0.00033871059628978105,-1.0585935152317882,28,0.0,0.0,0.0,0.0,0.0,0.0,0.0,0.0,0.0,-0.47075160550760514,0.0,0.0,0.0,0.0,0.0,1.0,-0.17827499340505035,0.0,-0.28141136766689334,15.112746356583115,0.0,-1.0,0.0,-1.0,0.0,-1.0,0.0,-1.0,0.0,-1.0,-1.0,0.0,0.0,0.0,0.0,5,-1.0,-1.0,2,2,-0.19395541615102438,0.1554804594627466,0.8074406818107545,-1.0,-1.0,0.0,0.0,0.0,-1.0,0.0,-1.0,0.0,-1.0,1.0,-1.0,0.0,1.0,-1.0,0.0,-1.0,-0.40933782073069813,-0.00033777103795808313,1.0,1.0,-1.0,-1.0,0.0,0.0,0.0,0.1924182090633455,-1.0,-1.0,0.0,0.0,2,0.29212854181621817,-1.0,0.0,0.0,0.0,1.0,-1.0,0.0,1.0,0.0,1.0,0.0,-1.0,0.0,0.0,0.0,0.0,-1.0,0.0,1.0,0.0,0.0,0.0,-1.0,0.0,-1.0,0.0,0.0,1.0,1.0,0.0,0.0,1.0,-1.0,1.0,0.0,0.0,1.0,0.0,0.0,0.0,-1.0,-1.0,0.0,-0.0800999856927399,0.0,1.0,0.0,0.0156692086040147,-1.0,0.0,0.0,0.0,1.0,0.0,-1.0,-1.0,-1.0,548.2509016259476,0.0,0.3573435502508122,6.3797659521948535,0.0,-1.0,-1.0,0.0,0.0,-5.403398540087705,5.497123972767402,0.0,-1.0,-1.0,-1.0,0.0,1.0,0.0,0.0,-1.0,0.25729155745059906,0.14662808153844858,0.2938060161481524,-0.0037989341572329453,-0.11143797407924179,-0.03736840882176881,16,8,0.2700421940928269,0.5,0.0,0.0,0.0,0.0,0.0,0.0,0.0,1.0,0.0,0.0,0.0,0.0,0.0,-1.0,1.0,1.0,0.0,1
VAR_002398,-0.9516532220823688,0.29638324643059677,-0.46099149416902285,0.5774341625183707,-0.6627842946011333,-0.6215470830007956,-0.8605794047807981,-1.0117310566282125,52.39707071036042,-0.00039437099984108596,0.47886848046129804,24,0.0,0.0,0.0,0.0,0.0,0.0,0.0,0.0,0.0,-0.47075160550760514,1.0,0.0,0.0,0.0,0.0,1.0,0.8217250065949496,-1.0,0.7185886323331067,-0.18860868919777804,0.0,-1.0,0.0,0.0,0.0,0.0,-1.0,0.0,-1.0,0.0,0.0,0.0,-1.0,0.0,0.0,0,-1.0,0.0,2,2,-0.5484072126417513,0.11379852648737777,0.0,0.0,-1.0,0.0,-1.0,0.0,-1.0,1.0,-1.0,0.0,-1.0,0.0,0.0,1.0,0.0,0.0,0.0,0.0,0.0,-0.00033780981302373374,0.0,1.0,0.0,-1.0,-1.0,0.0,0.0,0.1924182090633455,-1.0,-1.0,0.0,0.0,2,-0.10697563253878133,-1.0,0.0,-1.0,0.0,1.0,0.0,1.0,1.0,-1.0,0.0,-1.0,0.0,0.0,-1.0,0.0,0.0,-1.0,1.0,0.0,0.0,0.0,-1.0,0.0,-1.0,-1.0,1.0,-1.0,1.0,0.0,1.0,0.0,0.0,-1.0,0.0,0.0,-1.0,0.0,0.0,-1.0,1.0,-1.0,-1.0,-1.0,-0.0800999856927399,0.0,0.0,-1.0,0.0175820851766872,0.0,0.0,0.0,0.0,0.0,0.0,-1.0,-1.0,-1.0,-13.61752436293114,-1.0,0.3573435502508122,-1.2368655736119685,0.0,0.0,-1.0,0.0,0.0,0.0,5.497123972767402,0.0,0.0,-1.0,0.0,-1.0,1.0,0.0,-1.0,0.0,0.25729155745059906,-1.8604207828188704,-0.8615099480966578,-0.057622650439497915,-0.07877294477724882,-0.8329127892243927,16,3,1.232067510548523,-1.0,0.0,0.0,0.0,0.0,0.0,0.0,1.0,0.0,0.0,0.0,0.0,0.0,0.0,-1.0,1.0,0.0,1.0,1
VAR_004702,4.5616986179099195,15.45022912762423,10.948501639566922,-0.5107288903895305,1.4026381187801376,-0.37730242459456376,-0.8978319360239643,-1.0114084217117016,-0.6055691643096178,0.0,-1.009200264911364,14,0.0,0.0,0.0,0.0,0.0,0.0,0.0,-1.0,0.0,0.5238991817202889,1.0,0.0,1.0,0.0,-1.0,0.0,-0.17827499340505035,0.0,-0.28141136766689334,-0.18391723356279033,0.0,0.0,0.0,0.0,0.0,-1.0,0.0,-1.0,-1.0,-1.0,-1.0,0.0,-1.0,-1.0,0.0,0,-1.0,-1.0,3,3,-0.7797775548855198,-2.7056025013624057,-0.41110563368175107,-1.0,0.0,0.0,0.0,0.0,0.0,1.0,0.0,-1.0,-1.0,1.0,-1.0,0.0,1.0,0.0,0.0,-1.0,0.0,-0.0003307254193282965,1.0,1.0,0.0,-1.0,-1.0,0.0,0.0,0.1924182090633455,0.0,-1.0,0.0,0.0218904705044497,3,-0.11174156490103378,0.0,-1.0,0.0,1.0,1.0,0.0,1.0,0.0,0.0,1.0,0.0,0.0,0.0,-1.0,0.0,-1.0,-1.0,1.0,0.0,-1.0,0.0,0.0,0.0,-1.0,0.0,1.0,0.0,0.0,1.0,0.0,1.0,0.0,-1.0,0.0,-1.0,-1.0,0.0,-1.0,0.0,0.0,-1.0,0.0,-1.0,-0.0800999856927399,0.0,0.0,-1.0,-0.00046695790031487516,-1.0,0.0,-1.0,0.0,0.0,0.0,0.0,0.0,-1.0,-13.618886899030207,0.0,0.3573435502508122,-1.2368655736119685,1.0,-1.0,0.0,0.0,0.0,-5.403398540087705,0.0,0.0,-1.0,0.0,0.0,0.0,0.0,0.0,-1.0,0.0,-18.240731696437127,-3.4114965244899693,-3.044310646878634,-1.1036601583417016,-7.124362101926891,-0.822151748391013,16,23,0.6582278481012658,-1.0,0.0,0.0,0.0,0.0,0.0,0.0,0.0,0.0,0.0,0.0,0.0,0.0,0.0,0.0,1.0,0.0,1.0,0
VAR_004669,4.885473948565407,6.094649088756573,-0.4609935188559583,-0.3785963329789088,-0.3559941696147184,0.10157582177586458,0.35450148666194814,0.5246014932150909,1.4899930791291918,-0.0003853372608517143,-0.5625315199778252,18,0.0,0.0,0.0,0.0,0.0,0.0,0.0,0.0,0.0,0.0,0.0,0.0,0.0,0.0,0.0,0.0,0.0,0.0,0.0,0.0,0.0,0.0,0.0,0.0,0.0,0.0,0.0,0.0,0.0,0.0,0.0,0.0,0.0,0.0,0.0,7,0.0,0.0,5,5,0.0,0.0,0.0,0.0,0.0,0.0,0.0,0.0,0.0,0.0,0.0,0.0,0.0,0.0,0.0,0.0,0.0,0.0,0.0,0.0,0.0,0.0,0.0,0.0,0.0,0.0,0.0,0.0,0.0,0.0,0.0,0.0,0.0,0.0,5,0.0,0.0,0.0,0.0,0.0,0.0,0.0,0.0,0.0,0.0,0.0,0.0,0.0,0.0,0.0,0.0,0.0,0.0,0.0,0.0,0.0,0.0,0.0,0.0,0.0,0.0,0.0,0.0,0.0,0.0,0.0,0.0,0.0,0.0,0.0,0.0,0.0,0.0,0.0,0.0,0.0,0.0,0.0,0.0,0.0,0.0,0.0,0.0,0.0,0.0,0.0,0.0,0.0,0.0,0.0,0.0,0.0,0.0,0.0,0.0,0.0,0.0,0.0,0.0,0.0,0.0,0.0,0.0,0.0,0.0,0.0,0.0,0.0,0.0,0.0,0.0,0.0,0.0,0.0,0.0,0.0,0.0,0.0,0.0,24,25,0.0,0.0,0.0,0.0,0.0,0.0,0.0,0.0,0.0,0.0,0.0,0.0,0.0,0.0,0.0,0.0,0.0,0.0,0.0,0
VAR_000590,0.0,0.0,0.0,0.0,0.0,0.0,0.0,0.0,0.0,0.0,0.0,8,0.0,0.0,0.0,0.0,0.0,0.0,0.0,-1.0,-1.0,-0.47075160550760514,1.0,0.0,1.0,0.0,-1.0,1.0,-0.17827499340505035,-1.0,-0.28141136766689334,-0.19200265678959014,0.0,-1.0,0.0,0.0,0.0,0.0,0.0,0.0,0.0,-1.0,-1.0,0.0,0.0,0.0,0.0,5,0.0,-1.0,3,3,0.14249471377041512,0.03610487788594088,-0.41874292156624154,-1.0,0.0,0.0,0.0,0.0,0.0,0.0,0.0,0.0,0.0,0.0,-1.0,0.0,0.0,-1.0,-1.0,-1.0,0.0,-0.00031724986522878616,1.0,0.0,0.0,-1.0,0.0,1.0,-1.0,-0.8075817909366545,0.0,0.0,0.0,0.0,3,-0.04285491094298262,0.0,0.0,0.0,0.0,0.0,0.0,0.0,0.0,0.0,0.0,0.0,0.0,0.0,0.0,0.0,0.0,0.0,0.0,0.0,0.0,0.0,0.0,0.0,0.0,0.0,0.0,0.0,0.0,0.0,0.0,0.0,0.0,0.0,0.0,0.0,0.0,0.0,0.0,0.0,0.0,0.0,0.0,0.0,0.0,0.0,0.0,0.0,0.0,0.0,0.0,0.0,0.0,0.0,0.0,0.0,0.0,0.0,0.0,0.0,0.0,0.0,0.0,0.0,0.0,0.0,0.0,0.0,0.0,0.0,0.0,0.0,0.0,0.0,0.0,0.0,0.0,0.0,0.25729155745059906,0.34338647816014006,0.2938060161481524,0.8602251806955874,-0.03358190829063455,0.701865634085627,2,24,-0.590717299578059,-0.5,0.0,0.0,0.0,0.0,0.0,0.0,0.0,1.0,0.0,0.0,0.0,0.0,0.0,0.0,1.0,0.0,0.0,1
VAR_004723,0.0,0.0,0.0,0.0,0.0,0.0,0.0,0.0,0.0,0.0,0.0,8,0.0,0.0,0.0,0.0,0.0,0.0,0.0,0.0,0.0,0.0,0.0,0.0,0.0,0.0,0.0,0.0,0.0,0.0,0.0,0.0,0.0,0.0,0.0,0.0,0.0,0.0,0.0,0.0,0.0,0.0,0.0,0.0,0.0,0.0,0.0,7,0.0,0.0,4,4,0.8050073587519148,0.6084965215262929,0.0,-1.0,-1.0,1.0,0.0,-1.0,-1.0,1.0,-1.0,-1.0,0.0,0.0,0.0,0.0,1.0,0.0,0.0,-1.0,-1.0,-0.00032285516049538417,1.0,0.0,-1.0,-1.0,0.0,1.0,0.0,-0.8075817909366545,0.0,0.0,0.0,0.0,4,-0.1294811753371843,0.0,0.0,0.0,0.0,0.0,0.0,0.0,0.0,0.0,0.0,0.0,0.0,0.0,0.0,0.0,0.0,0.0,0.0,0.0,0.0,0.0,0.0,0.0,0.0,0.0,0.0,0.0,0.0,0.0,0.0,0.0,0.0,0.0,0.0,0.0,0.0,0.0,0.0,0.0,0.0,0.0,0.0,0.0,0.0,0.0,0.0,0.0,0.0,0.0,0.0,0.0,0.0,0.0,0.0,0.0,0.0,0.0,0.0,0.0,0.0,0.0,0.0,0.0,0.0,0.0,0.0,0.0,0.0,0.0,0.0,0.0,0.0,0.0,0.0,0.0,0.0,0.0,-0.4980818523709354,-0.058754253685298005,0.2938060161481524,-0.5402920421252561,0.28303522661337904,-0.01676369400421939,8,11,1.232067510548523,-1.0,0.0,0.0,0.0,1.0,0.0,0.0,0.0,0.0,0.0,0.0,0.0,0.0,0.0,0.0,0.0,0.0,0.0,1
VAR_001035,0.0,0.0,0.0,0.0,0.0,0.0,0.0,0.0,0.0,0.0,0.0,8,0.0,0.0,0.0,0.0,0.0,0.0,0.0,0.0,0.0,0.0,0.0,0.0,0.0,0.0,0.0,0.0,0.0,0.0,0.0,0.0,0.0,0.0,0.0,0.0,0.0,0.0,0.0,0.0,0.0,0.0,0.0,0.0,0.0,0.0,0.0,7,0.0,0.0,1,1,-0.6094822362826633,0.03227448632928592,0.0,0.0,0.0,0.0,0.0,0.0,0.0,0.0,0.0,0.0,0.0,0.0,0.0,0.0,0.0,0.0,0.0,0.0,0.0,0.0,0.0,0.0,0.0,0.0,0.0,0.0,0.0,0.0,0.0,0.0,0.0,0.0,1,0.0,0.0,0.0,0.0,0.0,0.0,0.0,0.0,0.0,0.0,0.0,0.0,0.0,0.0,0.0,0.0,0.0,0.0,0.0,0.0,0.0,0.0,0.0,0.0,0.0,0.0,0.0,0.0,0.0,0.0,0.0,0.0,0.0,0.0,0.0,0.0,0.0,0.0,0.0,0.0,0.0,0.0,0.0,0.0,0.0,0.0,0.0,0.0,0.0,0.0,0.0,0.0,0.0,0.0,0.0,0.0,0.0,0.0,0.0,0.0,0.0,0.0,0.0,0.0,0.0,0.0,0.0,0.0,0.0,0.0,0.0,0.0,0.0,0.0,0.0,0.0,0.0,0.0,-0.45255920657442866,-0.5766059486587524,-0.11552633574451202,0.5085865474069518,0.7717913411441525,0.6992164196967375,15,17,-0.11814345991561183,1.0,0.0,0.0,1.0,0.0,0.0,0.0,0.0,0.0,0.0,0.0,0.0,0.0,0.0,0.0,0.0,0.0,0.0,1
VAR_004606,-0.7970651754586454,-0.6342694410630249,127.59036693371036,-0.3639307250597249,-0.5094478047536013,-0.6216059093561442,0.22249271007789304,4.860631752579183,-0.4689268748659071,-0.00022337641840705004,3.353520531749945,23,0.0,0.0,0.0,0.0,0.0,0.0,0.0,0.0,0.0,-0.47075160550760514,0.0,0.0,0.0,0.0,-1.0,1.0,-0.17827499340505035,0.0,-0.28141136766689334,-0.19200266133464336,0.0,0.0,-1.0,0.0,-1.0,-1.0,-1.0,0.0,-1.0,0.0,-1.0,0.0,0.0,0.0,-1.0,4,0.0,0.0,2,2,-1.5777954709612823,-3.806118054696821,-8.315612088910767,0.0,0.0,0.0,-1.0,-1.0,0.0,0.0,-1.0,-1.0,0.0,1.0,-1.0,1.0,1.0,-1.0,0.0,-1.0,0.0,-8.662265493129996e-05,0.0,0.0,0.0,-1.0,-1.0,1.0,-1.0,-0.8075817909366545,-1.0,0.0,0.0,-0.0002980077068634,2,0.3692106031626179,0.0,0.0,0.0,1.0,0.0,0.0,0.0,0.0,0.0,1.0,-1.0,-1.0,0.0,0.0,0.0,-1.0,0.0,1.0,1.0,-1.0,0.0,0.0,0.0,-1.0,-1.0,0.0,0.0,0.0,1.0,1.0,0.0,1.0,0.0,0.0,0.0,0.0,0.0,0.0,0.0,1.0,-1.0,-1.0,-1.0,-0.0800999856927399,0.0,0.0,0.0,-0.0005218287646267109,-1.0,-1.0,-1.0,-1.0,0.0,0.0,0.0,-1.0,0.0,467.65753164232234,0.0,0.3573435502508122,-0.032266321043881864,0.3786186886885609,0.0,-1.0,0.0,1.0,0.0,5.497123972767402,-1.0,0.0,0.0,0.0,-1.0,1.0,0.0,0.0,0.0,-19.391134068209873,-5.472175446336948,-19.37256762904727,-1.2323832543913467,-28.394090808383808,-1.5044695934472578,21,9,0.10126582278481006,2.0,0.5,0.0,0.0,0.0,0.0,0.0,0.0,1.0,0.0,0.0,0.0,0.0,0.0,-1.0,1.0,0.0,0.0,0
VAR_001251,0.0,0.0,0.0,0.0,0.0,0.0,0.0,0.0,0.0,0.0,0.0,8,0.0,0.0,0.0,0.0,0.0,0.0,0.0,0.0,0.0,0.0,0.0,0.0,0.0,0.0,0.0,0.0,0.0,0.0,0.0,0.0,0.0,0.0,0.0,0.0,0.0,0.0,0.0,0.0,0.0,0.0,0.0,0.0,0.0,0.0,0.0,7,0.0,0.0,3,3,-0.9263646090426221,-0.4721127795613113,1.6093400639272744,0.0,0.0,0.0,0.0,0.0,0.0,0.0,0.0,0.0,0.0,0.0,0.0,0.0,0.0,0.0,0.0,0.0,0.0,0.0,0.0,0.0,0.0,0.0,0.0,0.0,0.0,0.0,0.0,0.0,0.0,0.0,3,0.0,0.0,0.0,0.0,0.0,0.0,0.0,0.0,0.0,0.0,0.0,0.0,0.0,0.0,0.0,0.0,0.0,0.0,0.0,0.0,0.0,0.0,0.0,0.0,0.0,0.0,0.0,0.0,0.0,0.0,0.0,0.0,0.0,0.0,0.0,0.0,0.0,0.0,0.0,0.0,0.0,0.0,0.0,0.0,0.0,0.0,0.0,0.0,0.0,0.0,0.0,0.0,0.0,0.0,0.0,0.0,0.0,0.0,0.0,0.0,0.0,0.0,0.0,0.0,0.0,0.0,0.0,0.0,0.0,0.0,0.0,0.0,0.0,0.0,0.0,0.0,0.0,0.0,0.25729155745059906,-0.5083371445735436,-0.17217425468497252,0.2619392585412669,0.033498425020370884,0.7285910427179392,10,13,0.11814345991561176,0.5,1.0,0.0,0.0,0.0,0.0,0.0,0.0,0.0,0.0,0.0,0.0,0.0,0.0,0.0,0.0,0.0,0.0,1
VAR_004521,0.0,0.0,0.0,0.0,0.0,0.0,0.0,0.0,0.0,0.0,0.0,8,0.0,0.0,0.0,0.0,0.0,0.0,0.0,0.0,0.0,0.8441715072595704,0.0,-1.0,0.0,0.0,-1.0,0.0,-0.17827499340505035,-1.0,-0.28141136766689334,0.5968197369379075,0.0,0.0,0.0,0.0,0.0,0.0,0.0,0.0,0.0,0.0,0.0,0.0,0.0,0.0,0.0,7,0.0,0.0,0,0,-0.45087587714011906,-0.9370728662341979,-0.8670341026959414,0.0,0.0,0.0,0.0,0.0,0.0,0.0,0.0,0.0,0.0,0.0,0.0,0.0,0.0,0.0,0.0,0.0,0.0,0.0,0.0,0.0,0.0,0.0,0.0,0.0,0.0,0.0,0.0,0.0,0.0,0.0,0,1.984956817123893,0.0,0.0,0.0,0.0,0.0,0.0,0.0,0.0,0.0,0.0,0.0,0.0,0.0,0.0,0.0,0.0,0.0,0.0,0.0,0.0,0.0,0.0,0.0,0.0,0.0,0.0,0.0,0.0,0.0,0.0,0.0,0.0,0.0,0.0,0.0,0.0,0.0,0.0,0.0,0.0,0.0,0.0,0.0,0.0,0.0,0.0,0.0,0.0,0.0,0.0,0.0,0.0,0.0,0.0,0.0,0.0,0.0,0.0,0.0,0.0,0.0,0.0,0.0,0.0,0.0,0.0,0.0,0.0,0.0,0.0,0.0,0.0,0.0,0.0,0.0,0.0,0.0,-0.23354971708524544,0.34338647816014006,-0.33169816025588533,-0.10966075367201365,0.5652511594522079,0.035337664507497014,11,14,-0.8607594936708861,-1.0,1.0,0.0,0.0,0.0,0.0,0.0,0.0,0.0,0.0,0.0,0.0,1.0,0.0,0.0,0.0,0.0,0.0,1
VAR_000988,0.0,0.0,0.0,0.0,0.0,0.0,0.0,0.0,0.0,0.0,0.0,8,0.0,0.0,0.0,0.0,0.0,0.0,0.0,-1.0,-1.0,0.8441715072595704,0.0,0.0,1.0,0.0,-1.0,1.0,0.8217250065949496,-1.0,-0.28141136766689334,-0.19200021530094785,0.0,-1.0,-1.0,0.0,0.0,0.0,0.0,0.0,0.0,0.0,0.0,0.0,0.0,0.0,0.0,7,0.0,0.0,0,0,1.0900874273468408,0.6847979740766373,1.6462607052706957,0.0,0.0,0.0,0.0,0.0,0.0,0.0,0.0,0.0,0.0,0.0,0.0,0.0,0.0,0.0,0.0,0.0,0.0,0.0,0.0,0.0,0.0,0.0,0.0,0.0,0.0,0.0,0.0,0.0,0.0,0.0,0,-0.08463929669876509,0.0,0.0,0.0,0.0,0.0,0.0,0.0,0.0,0.0,0.0,0.0,0.0,0.0,0.0,0.0,0.0,0.0,0.0,0.0,0.0,0.0,0.0,0.0,0.0,0.0,0.0,0.0,0.0,0.0,0.0,0.0,0.0,0.0,0.0,0.0,0.0,0.0,0.0,0.0,0.0,0.0,0.0,0.0,0.0,0.0,0.0,0.0,0.0,0.0,0.0,0.0,0.0,0.0,0.0,0.0,0.0,0.0,0.0,0.0,0.0,0.0,0.0,0.0,0.0,0.0,0.0,0.0,0.0,0.0,0.0,0.0,0.0,0.0,0.0,0.0,0.0,0.0,0.11546369755538496,0.34338647816014006,0.2938060161481524,0.28859802533662077,0.3741370262351589,-0.02465886264628434,11,17,-1.350210970464135,-0.5,1.0,0.0,0.0,0.0,0.0,0.0,0.0,0.0,0.0,0.0,0.0,0.0,1.0,0.0,0.0,0.0,0.0,1
VAR_004399,-0.85286083632514,-0.8121138790089022,-0.44333815534451165,-0.5107311668506196,-0.516447655750638,-0.19951416883785256,-0.9797144037064659,34.99313646485117,200.7954737840215,0.0,-1.0759108498525811,10,0.0,0.0,0.0,0.0,0.0,0.0,0.0,0.0,0.0,0.0,0.0,0.0,0.0,0.0,0.0,0.0,0.0,0.0,0.0,0.0,0.0,0.0,0.0,0.0,0.0,0.0,0.0,0.0,0.0,0.0,0.0,0.0,0.0,0.0,0.0,7,0.0,0.0,1,1,-0.2897001763190355,-10.918061089270584,-12.913124857660629,0.0,0.0,0.0,0.0,0.0,0.0,0.0,0.0,0.0,0.0,0.0,0.0,0.0,0.0,0.0,0.0,0.0,0.0,0.0,0.0,0.0,0.0,0.0,0.0,0.0,0.0,0.0,0.0,0.0,0.0,0.0,1,0.0,0.0,0.0,0.0,0.0,0.0,0.0,0.0,0.0,0.0,0.0,0.0,0.0,0.0,0.0,0.0,0.0,0.0,0.0,0.0,0.0,0.0,0.0,0.0,0.0,0.0,0.0,0.0,0.0,0.0,0.0,0.0,0.0,0.0,0.0,0.0,0.0,0.0,0.0,0.0,0.0,0.0,0.0,0.0,0.0,0.0,0.0,0.0,0.0,0.0,0.0,0.0,0.0,0.0,0.0,0.0,0.0,0.0,0.0,0.0,0.0,0.0,0.0,0.0,0.0,0.0,0.0,0.0,0.0,0.0,0.0,0.0,0.0,0.0,0.0,0.0,0.0,0.0,-15.0113360559686,-4.466335422877774,-19.779800756669466,-1.2803153524826576,-10.614456267199559,-2.6169736461430344,8,16,0.0,0.5,1.0,0.0,0.0,0.0,0.0,0.0,0.0,0.0,0.0,0.0,0.0,0.0,0.0,0.0,0.0,1.0,1.0,1
VAR_001074,0.0,0.0,0.0,0.0,0.0,0.0,0.0,0.0,0.0,0.0,0.0,8,0.0,0.0,0.0,0.0,0.0,0.0,0.0,0.0,-1.0,-0.47075160550760514,1.0,0.0,1.0,0.0,-1.0,0.0,-0.17827499340505035,0.0,0.7185886323331067,0.7085327630281947,0.0,0.0,0.0,0.0,0.0,0.0,0.0,0.0,0.0,0.0,0.0,0.0,0.0,0.0,0.0,7,0.0,0.0,4,4,0.0,0.1871647464069243,0.7421180728431725,0.0,0.0,0.0,0.0,0.0,0.0,0.0,0.0,0.0,0.0,0.0,0.0,0.0,0.0,0.0,0.0,0.0,0.0,0.0,0.0,0.0,0.0,0.0,0.0,0.0,0.0,0.0,0.0,0.0,0.0,0.0,4,-0.13142248893121225,0.0,0.0,0.0,0.0,0.0,0.0,0.0,0.0,0.0,0.0,0.0,0.0,0.0,0.0,0.0,0.0,0.0,0.0,0.0,0.0,0.0,0.0,0.0,0.0,0.0,0.0,0.0,0.0,0.0,0.0,0.0,0.0,0.0,0.0,0.0,0.0,0.0,0.0,0.0,0.0,0.0,0.0,0.0,0.0,0.0,0.0,0.0,0.0,0.0,0.0,0.0,0.0,0.0,0.0,0.0,0.0,0.0,0.0,0.0,0.0,0.0,0.0,0.0,0.0,0.0,0.0,0.0,0.0,0.0,0.0,0.0,0.0,0.0,0.0,0.0,0.0,0.0,0.25729155745059906,-1.5538201926749684,0.0712901005508293,0.49363577551299137,-0.3050374155769034,0.06419289670467632,11,14,-0.8607594936708861,-1.0,1.0,0.0,0.0,0.0,0.0,0.0,0.0,0.0,0.0,0.0,0.0,1.0,0.0,0.0,0.0,0.0,0.0,1
VAR_000593,0.0,0.0,0.0,0.0,0.0,0.0,0.0,0.0,0.0,0.0,0.0,8,0.0,0.0,0.0,0.0,0.0,0.0,0.0,0.0,0.0,0.0,0.0,0.0,0.0,0.0,0.0,0.0,0.0,0.0,0.0,0.0,0.0,0.0,0.0,0.0,0.0,0.0,0.0,0.0,0.0,0.0,0.0,0.0,0.0,0.0,0.0,7,0.0,0.0,2,2,0.26925689882985976,0.2303867603913883,-0.1270854032694924,0.0,0.0,0.0,0.0,0.0,0.0,0.0,0.0,0.0,0.0,0.0,0.0,0.0,0.0,0.0,0.0,0.0,0.0,0.0,0.0,0.0,0.0,0.0,0.0,0.0,0.0,0.0,0.0,0.0,0.0,0.0,2,0.0,0.0,0.0,0.0,0.0,0.0,0.0,0.0,0.0,0.0,0.0,0.0,0.0,0.0,0.0,0.0,0.0,0.0,0.0,0.0,0.0,0.0,0.0,0.0,0.0,0.0,0.0,0.0,0.0,0.0,0.0,0.0,0.0,0.0,0.0,0.0,0.0,0.0,0.0,0.0,0.0,0.0,0.0,0.0,0.0,0.0,0.0,0.0,0.0,0.0,0.0,0.0,0.0,0.0,0.0,0.0,0.0,0.0,0.0,0.0,0.0,0.0,0.0,0.0,0.0,0.0,0.0,0.0,0.0,0.0,0.0,0.0,0.0,0.0,0.0,0.0,0.0,0.0,-0.17302128225193994,-0.05978649223053335,0.2938060161481524,0.34767326462400994,-0.852827518331001,-0.06712195362513257,14,17,-0.43881856540084385,-0.5,1.0,0.0,0.0,0.0,0.0,1.0,0.0,0.0,0.0,0.0,0.0,0.0,0.0,0.0,0.0,0.0,0.0,1
VAR_004346,-0.9688694285130248,-0.8058247170260656,-0.46099351699020563,12.011239103662277,0.7744804818470347,-0.6143785922541652,-0.9641628206736241,2.0138995383975926,-0.5784006512673552,0.0,-1.031542909971108,19,0.0,0.0,0.0,0.0,0.0,0.0,0.0,-1.0,-1.0,-0.47075160550760514,0.0,0.0,1.0,0.0,0.0,1.0,-0.17827499340505035,-1.0,0.7185886323331067,24.699211410485677,0.0,0.0,-1.0,0.0,0.0,0.0,0.0,0.0,0.0,0.0,0.0,0.0,0.0,0.0,0.0,7,0.0,0.0,1,1,-0.1148631378303385,0.13451747646069795,0.1824149034051175,0.0,0.0,0.0,0.0,-1.0,0.0,1.0,-1.0,0.0,0.0,1.0,-1.0,1.0,0.0,0.0,0.0,-1.0,-1.0,-0.0003378115336066351,1.0,0.0,-1.0,-1.0,-1.0,0.0,0.0,0.1924182090633455,-1.0,-1.0,0.0,0.0,1,0.05781603544950995,0.0,0.0,0.0,0.0,0.0,0.0,0.0,0.0,0.0,0.0,0.0,0.0,0.0,0.0,0.0,0.0,0.0,0.0,0.0,0.0,0.0,0.0,0.0,0.0,0.0,0.0,0.0,0.0,0.0,0.0,0.0,0.0,0.0,0.0,0.0,0.0,0.0,0.0,0.0,0.0,0.0,0.0,0.0,0.0,0.0,0.0,0.0,0.0,0.0,0.0,0.0,0.0,0.0,0.0,0.0,0.0,0.0,-13.722921789464376,-1.0,0.3573435502508122,-1.2368655736119685,0.6311875608820012,0.0,0.0,0.0,0.0,0.0,0.0,0.0,0.0,-1.0,0.0,0.0,1.0,1.0,-1.0,0.0,-0.4446159901100098,0.08786941402534493,-1.157000528194576,0.5803688637629968,1.0052495657684166,0.5781492520858537,11,14,-0.8607594936708861,-1.0,1.0,0.0,0.0,0.0,0.0,0.0,0.0,0.0,0.0,0.0,0.0,1.0,0.0,0.0,0.0,0.0,0.0,1
VAR_000901,-0.7607913663398546,-0.4088559063545549,1.3980889482872505,4.485443929412644,177.30203704241853,6.588511059499929,167.17733217731856,-0.7719955827850673,-0.6055795205110237,0.03525774834127385,-0.12636965752696977,0,-1.0,-0.0026966991973591,0.12771943760045157,-1.0,-1.0,0.0,-0.5342733680339927,-1.0,-1.0,0.07021848689926456,0.0,0.0,0.0,0.0,0.0,0.0,-0.17827499340505035,0.0,-0.28141136766689334,222.18239512603486,0.0,-1.0,-1.0,0.0,0.0,0.0,-1.0,0.0,0.0,0.0,0.0,0.0,0.0,-1.0,0.0,0,0.0,0.0,3,3,-1.327162745061341,-5.7729407220055196,-9.284888818394235,-1.0,-1.0,1.0,-1.0,0.0,0.0,0.0,-1.0,-0.6781694062072282,-1.0,0.6210341909066358,0.0,0.0,1.0,0.0,0.0,-1.0,0.0,0.0450014044582562,1.0,1.0,0.0,0.0,-1.0,1.0,0.0,-0.8075817909366545,0.0,-1.0,-1.0,0.0212687108382915,3,0.1704324117060283,-1.0,0.0,0.0,0.0,0.0,0.0,0.0,1.0,-1.0,1.0,-1.0,0.0,0.0,-1.0,0.0,-1.0,0.0,0.0,1.0,-1.0,0.0,-1.0,0.0,-1.0,-1.0,1.0,-1.0,1.0,1.0,1.0,0.0,1.0,0.0,0.0,0.0,0.0,0.0,-1.0,-1.0,0.0,0.0,0.0,0.0,0.9199000143072601,1.0,0.0,0.0,-0.0005218248686520788,0.0,0.0,-1.0,0.0,0.0,1.0,0.0,0.0,-1.0,-11.034421888653982,-1.0,-0.6426564497491878,-1.2368655736119685,0.0,0.0,0.0,0.0,0.0,-5.403398540087705,0.0,-1.0,0.0,-1.0,-1.0,0.0,1.0,1.0,-1.0,-1.0,-19.391134068209873,-11.668680201540154,-19.60484078443287,-1.3846157547476659,-12.043140874227696,-1.7723573207073264,16,16,0.2194092827004219,1.0,0.0,0.0,0.0,0.0,0.0,0.0,0.0,1.0,0.0,0.0,0.0,0.0,0.0,0.0,1.0,0.0,1.0,0
VAR_000992,-0.9648339385303916,-0.812121254777436,18.81864492402732,-0.5107311668505585,36.39662633426051,300.6039715404241,167.44131828160096,-1.0117155414389007,-0.5751539872574857,0.0,-1.0622733906273385,19,0.0,0.0,0.0,0.0,0.0,0.0,0.0,0.0,-1.0,-0.47075160550760514,0.0,0.0,1.0,0.0,-1.0,0.0,0.8217250065949496,-1.0,-0.28141136766689334,-0.19200265957463428,0.0,0.0,0.0,0.0,0.0,0.0,0.0,0.0,0.0,0.0,0.0,0.0,0.0,0.0,0.0,7,0.0,0.0,0,0,1.0955128711717104,0.4822458653578605,0.0,0.0,-1.0,0.0,-1.0,0.0,0.0,0.0,0.0,0.0,0.0,1.0,0.0,0.0,0.0,0.0,0.0,0.0,0.0,0.004588523398552801,0.0,1.0,-1.0,-1.0,0.0,0.0,-1.0,0.1924182090633455,-1.0,-1.0,0.0,0.0,0,-0.1292660757385759,0.0,0.0,0.0,0.0,0.0,0.0,0.0,0.0,0.0,0.0,0.0,0.0,0.0,0.0,0.0,0.0,0.0,0.0,0.0,0.0,0.0,0.0,0.0,0.0,0.0,0.0,0.0,0.0,0.0,0.0,0.0,0.0,0.0,0.0,0.0,0.0,0.0,0.0,0.0,0.0,0.0,0.0,0.0,0.0,0.0,0.0,0.0,0.0,0.0,0.0,0.0,0.0,0.0,0.0,0.0,0.0,0.0,-12.64296626320291,0.0,0.3573435502508122,0.4405075050011655,0.9974920798356672,0.0,-1.0,-1.0,0.0,0.0,5.497123972767402,0.0,0.0,-1.0,-1.0,-1.0,1.0,1.0,-1.0,-1.0,0.25729155745059906,0.052227262012925164,0.2938060161481524,0.3426607763466016,0.3320325441519537,0.061759456390509705,21,7,-0.7257383966244726,-1.0,1.0,0.0,0.0,0.0,0.0,0.0,0.0,0.0,0.0,0.0,0.0,0.0,1.0,0.0,0.0,0.0,0.0,1
VAR_003575,1.5416755410421012,54.761121229803926,-0.3727442553129366,0.7540179728618915,318.7732959289403,10.297552369428313,-0.9797135954044907,-0.2433864811934237,5.30937972747335,0.01540062898821235,62.0035825907926,13,0.0,0.0003588342414602001,-0.8722805623995484,0.0,0.0,0.0,0.008134002766939097,-1.0,-1.0,-0.47075160550760514,1.0,0.0,1.0,0.0,-1.0,1.0,0.8217250065949496,0.0,0.7185886323331067,84.01410892793507,0.0,0.0,-1.0,0.0,-1.0,-1.0,0.0,0.0,0.0,0.0,-1.0,-1.0,0.0,0.0,0.0,2,0.0,0.0,1,1,0.06411295902293973,-8.730395831314345,-10.32701689036494,-1.0,0.0,0.0,-1.0,0.0,0.0,1.0,0.0,-1.0,0.0,1.0,-1.0,0.0,0.0,0.0,0.0,-1.0,0.0,0.051384644500680594,0.0,0.0,-1.0,-1.0,-1.0,1.0,-1.0,0.1924182090633455,0.0,-1.0,-1.0,0.0329781125813536,1,9.383391315277228,0.0,0.0,0.0,1.0,0.0,0.0,1.0,1.0,0.0,0.0,-1.0,-1.0,0.0,-1.0,0.0,0.0,-1.0,1.0,0.0,0.0,-1.0,-1.0,0.0,0.0,0.0,0.0,-1.0,1.0,0.0,1.0,0.0,0.0,-1.0,1.0,-1.0,-1.0,0.0,-1.0,0.0,1.0,-1.0,-1.0,0.0,0.9199000143072601,0.0,0.0,-1.0,0.0038486861238641,-1.0,-1.0,0.0,-1.0,0.0,0.0,0.0,0.0,-1.0,19.413353936271527,-1.0,0.3573435502508122,4.016971170078232,1.0,0.0,-0.3115445318830923,-1.0,0.0,0.0,0.0,0.0,-1.0,-1.0,0.0,-1.0,0.0,0.0,-1.0,0.0,-19.328604590705883,-11.951988272244094,-20.322509165634436,-1.3479535367250701,-8.333514189082788,-1.6197674078685942,12,22,0.43881856540084385,1.0,-0.5,0.0,1.0,0.0,0.0,0.0,0.0,0.0,0.0,0.0,0.0,0.0,0.0,0.0,1.0,0.0,0.0,0
VAR_003660,-0.9617874674572259,-0.8121212547774108,0.21019190106415617,-0.5107311668506173,18.18492689320789,12.20235405453689,29.346779825891424,70.78974201802973,-0.22653409889514045,0.0,7.11339726495955,13,0.0,0.0,0.0,0.0,0.0,0.0,0.0,0.0,0.0,0.0,0.0,0.0,0.0,0.0,0.0,0.0,0.0,0.0,0.0,0.0,0.0,0.0,0.0,0.0,0.0,0.0,0.0,0.0,0.0,0.0,0.0,0.0,0.0,0.0,0.0,7,0.0,0.0,4,4,0.23661968229415375,0.06258335840120714,1.4392728828555548,-1.0,-1.0,0.0,-1.0,0.0,0.0,0.0,-1.0,-1.0,-1.0,1.0,-1.0,0.0,0.0,0.0,-1.0,-1.0,0.0,-0.0003355073473949863,1.0,0.0,0.0,-1.0,0.0,0.0,-1.0,0.1924182090633455,0.0,0.0,0.0,0.0,4,3.7410393033604,0.0,0.0,0.0,0.0,0.0,0.0,0.0,0.0,0.0,0.0,0.0,0.0,0.0,0.0,0.0,0.0,0.0,0.0,0.0,0.0,0.0,0.0,0.0,0.0,0.0,0.0,0.0,0.0,0.0,0.0,0.0,0.0,0.0,0.0,0.0,0.0,0.0,0.0,0.0,0.0,0.0,0.0,0.0,0.0,0.0,0.0,0.0,0.0,0.0,0.0,0.0,0.0,0.0,0.0,0.0,0.0,0.0,-13.857823110263404,-1.0,0.3573435502508122,6.3797659521948535,0.0,-1.0,-1.0,-1.0,0.0,-5.403398540087705,5.497123972767402,0.0,0.0,0.0,-1.0,0.0,0.0,1.0,-1.0,-1.0,0.25729155745059906,0.34338647816014006,-0.740140742323838,0.040419983543785,-0.08322868729067028,-0.30472561832625816,21,7,-0.7257383966244726,-1.0,1.0,0.0,0.0,0.0,0.0,0.0,0.0,0.0,0.0,0.0,0.0,0.0,1.0,0.0,0.0,0.0,0.0,1
VAR_000928,0.0,0.0,0.0,0.0,0.0,0.0,0.0,0.0,0.0,0.0,0.0,8,0.0,0.0,0.0,0.0,0.0,0.0,0.0,0.0,0.0,0.8441715072595704,0.0,0.0,0.0,0.0,0.0,1.0,0.8217250065949496,0.0,-0.28141136766689334,-0.19200266121213802,0.0,-1.0,0.0,0.0,0.0,0.0,0.0,0.0,0.0,0.0,0.0,0.0,0.0,0.0,0.0,7,0.0,0.0,3,3,0.4825843898716974,-0.028033713365328315,0.4337042196582386,0.0,0.0,0.0,0.0,0.0,0.0,0.0,0.0,0.0,0.0,0.0,0.0,0.0,0.0,0.0,0.0,0.0,0.0,0.0,0.0,0.0,0.0,0.0,0.0,0.0,0.0,0.0,0.0,0.0,0.0,0.0,3,0.20847368487057227,0.0,0.0,0.0,0.0,0.0,0.0,0.0,0.0,0.0,0.0,0.0,0.0,0.0,0.0,0.0,0.0,0.0,0.0,0.0,0.0,0.0,0.0,0.0,0.0,0.0,0.0,0.0,0.0,0.0,0.0,0.0,0.0,0.0,0.0,0.0,0.0,0.0,0.0,0.0,0.0,0.0,0.0,0.0,0.0,0.0,0.0,0.0,0.0,0.0,0.0,0.0,0.0,0.0,0.0,0.0,0.0,0.0,0.0,0.0,0.0,0.0,0.0,0.0,0.0,0.0,0.0,0.0,0.0,0.0,0.0,0.0,0.0,0.0,0.0,0.0,0.0,0.0,0.25729155745059906,-2.8810682632810525,0.2938060161481524,0.0002638669060446687,-0.4074698604254116,0.7788248279946213,12,9,0.48945147679324885,1.0,0.5,0.0,0.0,0.0,0.0,0.0,0.0,0.0,0.0,0.0,0.0,0.0,0.0,0.0,0.0,0.0,0.0,1
VAR_004436,-0.9640746610170939,-0.811984824306929,23.51905351809826,-0.2728595436734821,-0.6627843531613941,-0.6215666130883483,-0.8099699810169042,25.281167769759335,-0.6009119851529772,-0.0003486926231721874,0.52225345781763,11,0.0,0.0,0.0,0.0,0.0,0.0,0.0,0.0,-1.0,-0.47075160550760514,0.0,-1.0,0.0,0.0,-1.0,0.0,0.5938960899870993,-1.0,-0.28141136766689334,-0.1450983071721493,-1.0,-1.0,0.0,0.0,-1.0,-1.0,-1.0,0.0,-1.0,0.0,0.0,-1.0,0.0,0.0,0.0,1,0.0,-1.0,2,2,-2.6605543645102907,-6.350650911264235,-3.3110626417609756,0.0,-1.0,1.0,0.0,0.0,-1.0,0.0,-1.0,0.0,0.0,0.0,0.0,0.0,1.0,-1.0,0.0,0.0,0.0,0.0285447424158,0.0,1.0,-1.0,0.0,-1.0,1.0,0.0,0.1924182090633455,0.0,0.0,0.0,-0.0006988875874689662,2,-0.08079337646462559,0.0,0.0,0.0,1.0,0.0,0.0,1.0,1.0,-1.0,1.0,-1.0,0.0,1.0,-1.0,0.0,-1.0,0.0,0.0,0.0,-1.0,0.0,-1.0,0.0,-1.0,0.0,0.0,-1.0,0.0,1.0,1.0,0.0,1.0,0.0,0.0,0.0,-1.0,0.0,0.0,-1.0,0.0,0.0,-1.0,0.0,0.0,0.0,0.0,0.0,0.0014859860750643,0.0,-1.0,0.0,0.0,0.0,0.0,0.0,0.0,0.0,28.27008803820758,0.0,0.3573435502508122,6.3797659521948535,0.0,0.0,-1.0,-1.0,1.0,-5.403398540087705,5.497123972767402,0.0,0.0,-1.0,-1.0,0.0,0.0,0.0,0.0,-1.0,-19.12788051920866,-11.397792929523419,-4.812449104298398,-1.1551002785493074,-0.4015242629247785,-1.4439152783892237,0,21,-0.3713080168776371,0.5,1.0,0.0,0.0,0.0,0.0,0.0,0.0,1.0,0.0,0.0,0.0,0.0,0.0,0.0,1.0,0.0,0.0,0
VAR_000927,0.0,0.0,0.0,0.0,0.0,0.0,0.0,0.0,0.0,0.0,0.0,8,0.0,0.0,0.0,0.0,0.0,0.0,0.0,0.0,0.0,0.0,0.0,0.0,0.0,0.0,0.0,0.0,0.0,0.0,0.0,0.0,0.0,0.0,0.0,0.0,0.0,0.0,0.0,0.0,0.0,0.0,0.0,0.0,0.0,0.0,0.0,7,0.0,0.0,4,4,0.5369225278388459,0.2548258272369411,0.0,0.0,0.0,0.0,0.0,0.0,0.0,0.0,0.0,0.0,0.0,0.0,0.0,0.0,0.0,0.0,0.0,0.0,0.0,0.0,0.0,0.0,0.0,0.0,0.0,0.0,0.0,0.0,0.0,0.0,0.0,0.0,4,0.0,0.0,0.0,0.0,0.0,0.0,0.0,0.0,0.0,0.0,0.0,0.0,0.0,0.0,0.0,0.0,0.0,0.0,0.0,0.0,0.0,0.0,0.0,0.0,0.0,0.0,0.0,0.0,0.0,0.0,0.0,0.0,0.0,0.0,0.0,0.0,0.0,0.0,0.0,0.0,0.0,0.0,0.0,0.0,0.0,0.0,0.0,0.0,0.0,0.0,0.0,0.0,0.0,0.0,0.0,0.0,0.0,0.0,0.0,0.0,0.0,0.0,0.0,0.0,0.0,0.0,0.0,0.0,0.0,0.0,0.0,0.0,0.0,0.0,0.0,0.0,0.0,0.0,-1.4565617856664348,-1.7234578608490958,-0.8440833756104926,-0.8308030250298033,1.0052495657684166,0.08261586638832986,12,17,-1.0295358649789028,0.0,-0.5,0.0,0.0,0.0,0.0,0.0,0.0,0.0,0.0,0.0,0.0,0.0,1.0,0.0,0.0,0.0,0.0,1
VAR_001028,0.0,0.0,0.0,0.0,0.0,0.0,0.0,0.0,0.0,0.0,0.0,8,0.0,0.0,0.0,0.0,0.0,0.0,0.0,0.0,0.0,0.0,0.0,0.0,0.0,0.0,0.0,0.0,0.0,0.0,0.0,0.0,0.0,0.0,0.0,0.0,0.0,0.0,0.0,0.0,0.0,0.0,0.0,0.0,0.0,0.0,0.0,7,0.0,0.0,4,4,0.5623301750097067,-8.768597355268241,-13.015692284816973,0.0,0.0,0.0,0.0,0.0,0.0,0.0,0.0,0.0,0.0,0.0,0.0,0.0,0.0,0.0,0.0,0.0,0.0,0.0,0.0,0.0,0.0,0.0,0.0,0.0,0.0,0.0,0.0,0.0,0.0,0.0,4,0.0,0.0,0.0,0.0,0.0,0.0,0.0,0.0,0.0,0.0,0.0,0.0,0.0,0.0,0.0,0.0,0.0,0.0,0.0,0.0,0.0,0.0,0.0,0.0,0.0,0.0,0.0,0.0,0.0,0.0,0.0,0.0,0.0,0.0,0.0,0.0,0.0,0.0,0.0,0.0,0.0,0.0,0.0,0.0,0.0,0.0,0.0,0.0,0.0,0.0,0.0,0.0,0.0,0.0,0.0,0.0,0.0,0.0,0.0,0.0,0.0,0.0,0.0,0.0,0.0,0.0,0.0,0.0,0.0,0.0,0.0,0.0,0.0,0.0,0.0,0.0,0.0,0.0,-18.479574660303584,0.34338647816014006,-20.413604618804733,-1.3316376645663195,-6.213659403043849,-2.8087180778864944,13,10,-0.0168776371308017,0.5,1.0,0.0,0.0,0.0,0.0,0.0,0.0,0.0,0.0,0.0,0.0,0.0,0.0,0.0,0.0,0.0,0.0,1
VAR_004544,-0.21820721607381613,81.86258611222327,-0.4609618365059393,-0.5005400187273799,-0.6627443865886758,0.01892991262717334,-0.9797144037601222,-0.7743885855099274,48.003419706090945,0.0,-1.0488595021903149,18,0.0,0.0,0.0,0.0,0.0,0.0,0.0,0.0,-1.0,-0.47075160550760514,0.6892301538844032,0.0,1.0,0.0,0.0,0.0,0.8217250065949496,0.0,0.7185886323331067,-0.19197416558489278,0.0,-1.0,0.0,0.0,0.0,0.0,0.0,0.0,0.0,0.0,0.0,0.0,0.0,0.0,0.0,7,0.0,0.0,2,2,-0.8907792459967742,-0.8903467425003712,0.628355192411932,-1.0,0.0,1.0,-1.0,0.0,0.0,0.0,-1.0,0.0,0.0,1.0,0.0,0.0,0.0,-1.0,0.0,0.0,-1.0,-0.0002387783730814487,0.0,0.0,-1.0,-1.0,0.0,1.0,0.0,-0.8075817909366545,0.0,-1.0,0.0,0.0,2,-0.12534149490011726,0.0,0.0,0.0,0.0,0.0,0.0,0.0,0.0,0.0,0.0,0.0,0.0,0.0,0.0,0.0,0.0,0.0,0.0,0.0,0.0,0.0,0.0,0.0,0.0,0.0,0.0,0.0,0.0,0.0,0.0,0.0,0.0,0.0,0.0,0.0,0.0,0.0,0.0,0.0,0.0,0.0,0.0,0.0,0.0,0.0,0.0,0.0,0.0,0.0,0.0,0.0,0.0,0.0,0.0,0.0,0.0,0.0,22.890625981999822,-1.0,-0.6426564497491878,-1.2368655736119685,1.0,-1.0,0.0,0.0,0.0,0.0,4.0,0.0,0.0,0.0,0.0,-1.0,1.0,1.0,-1.0,-1.0,0.25729155745059906,0.3048574907530085,-0.23288310720706712,-0.7815152592074598,-0.16227068040987122,-0.5160912510351989,7,22,0.8270042194092827,-1.0,1.0,0.0,0.0,0.0,0.0,0.0,0.0,0.0,0.0,1.0,0.0,0.0,0.0,0.0,0.0,0.0,0.0,1
VAR_004383,-0.935515850403592,26.623851295118023,2.021494183190187,-0.5067376357115317,2.1399108338392114,50.19378505457509,-0.875424876336482,202.18511638017725,-0.5097967042922743,0.0027478277202185497,-1.0377698019141746,28,0.0,0.0,0.0,0.0,0.0,0.0,0.0,-1.0,0.0,0.21248600216425348,1.0,0.0,0.0,0.0,-1.0,0.0,-0.17827499340505035,-1.0,-0.28141136766689334,-0.18739681443428097,0.0,0.0,-1.0,0.0,0.0,0.0,0.0,-1.0,-0.029552835763327567,0.0,0.0,0.0,0.0,-1.0,0.0,5,-1.0,-1.0,2,2,-1.5508840919014872,-1.4790542624271847,1.3154058737040097,-1.0,0.0,0.0,-1.0,0.0,-1.0,1.0,-1.0,0.0,0.0,1.0,-1.0,0.0,1.0,-1.0,0.0,0.0,0.0,-0.00027435257309441226,1.0,0.0,0.0,0.0,-1.0,1.0,0.0,0.1924182090633455,-1.0,-1.0,-1.0,0.0240972059058491,2,0.08385867925946354,-1.0,-1.0,0.0,0.0,0.0,-1.0,1.0,1.0,0.0,1.0,0.0,-1.0,0.0,0.0,0.0,-1.0,0.0,1.0,1.0,-1.0,0.0,-1.0,-1.0,0.0,-1.0,0.0,0.0,0.0,0.0,0.0,0.0,0.0,0.0,0.0,0.0,-1.0,1.0,-1.0,0.0,0.0,0.0,-1.0,0.0,-0.0800999856927399,0.0,1.0,0.0,0.00010047968662339995,-1.0,0.0,-1.0,-1.0,1.0,0.0,0.0,-1.0,-1.0,322.895495396556,-1.0,-0.6426564497491878,6.3797659521948535,0.0,0.0,-1.0,0.0,0.0,0.0,0.0,0.0,-1.0,-1.0,-1.0,-1.0,1.0,0.0,0.0,-1.0,0.12802327721539492,-1.3761350884895216,0.2938060161481524,0.014711960332736234,-0.434174759120599,-0.47358829814044795,16,16,0.2194092827004219,1.0,0.0,0.0,0.0,0.0,0.0,0.0,0.0,1.0,0.0,0.0,0.0,0.0,0.0,-1.0,1.0,1.0,0.0,1
VAR_001003,-0.9688654531034139,-0.8121212547774433,-0.46099351717916953,-0.4993051187037029,-0.6616811187651622,-0.5401859149207844,-0.6852246609102635,70.68952513827911,-0.6040275023583344,0.0,21.55731078404396,14,0.0,0.0,0.0,0.0,0.0,0.0,0.0,0.0,0.0,0.0,0.0,0.0,0.0,0.0,0.0,0.0,0.0,0.0,0.0,0.0,0.0,0.0,0.0,0.0,0.0,0.0,0.0,0.0,0.0,0.0,0.0,0.0,0.0,0.0,0.0,7,0.0,0.0,4,4,0.39399073818811237,0.37239521562795624,1.7341897547584646,0.0,0.0,0.0,0.0,0.0,0.0,0.0,0.0,0.0,0.0,0.0,0.0,0.0,0.0,0.0,0.0,0.0,0.0,0.0,0.0,0.0,0.0,0.0,0.0,0.0,0.0,0.0,0.0,0.0,0.0,0.0,4,-0.014085521402631931,0.0,0.0,0.0,0.0,0.0,0.0,0.0,0.0,0.0,0.0,0.0,0.0,0.0,0.0,0.0,0.0,0.0,0.0,0.0,0.0,0.0,0.0,0.0,0.0,0.0,0.0,0.0,0.0,0.0,0.0,0.0,0.0,0.0,0.0,0.0,0.0,0.0,0.0,0.0,0.0,0.0,0.0,0.0,0.0,0.0,0.0,0.0,0.0,0.0,0.0,0.0,0.0,0.0,0.0,0.0,0.0,0.0,-13.321750572835313,-1.0,-0.6426564497491878,-1.2368655736119685,0.601932175479411,0.0,0.0,0.0,0.0,0.0,5.497123972767402,-1.0,0.0,0.0,-1.0,-1.0,1.0,0.0,0.0,-1.0,0.25729155745059906,-0.3878301034298925,0.2938060161481524,0.30741089462043997,0.2946536107118718,0.04750694968656966,11,17,-1.350210970464135,-0.5,1.0,0.0,0.0,0.0,0.0,0.0,0.0,0.0,0.0,0.0,0.0,0.0,1.0,0.0,0.0,0.0,0.0,0
VAR_000673,0.0,0.0,0.0,0.0,0.0,0.0,0.0,0.0,0.0,0.0,0.0,8,0.0,0.0,0.0,0.0,0.0,0.0,0.0,0.0,0.0,0.0,0.0,0.0,0.0,0.0,0.0,0.0,0.0,0.0,0.0,0.0,0.0,0.0,0.0,0.0,0.0,0.0,0.0,0.0,0.0,0.0,0.0,0.0,0.0,0.0,0.0,7,0.0,0.0,4,4,-1.6158473674346199,-0.3539952568461223,0.0,0.0,0.0,0.0,0.0,0.0,0.0,0.0,0.0,0.0,0.0,0.0,0.0,0.0,0.0,0.0,0.0,0.0,0.0,0.0,0.0,0.0,0.0,0.0,0.0,0.0,0.0,0.0,0.0,0.0,0.0,0.0,4,0.0,0.0,0.0,0.0,0.0,0.0,0.0,0.0,0.0,0.0,0.0,0.0,0.0,0.0,0.0,0.0,0.0,0.0,0.0,0.0,0.0,0.0,0.0,0.0,0.0,0.0,0.0,0.0,0.0,0.0,0.0,0.0,0.0,0.0,0.0,0.0,0.0,0.0,0.0,0.0,0.0,0.0,0.0,0.0,0.0,0.0,0.0,0.0,0.0,0.0,0.0,0.0,0.0,0.0,0.0,0.0,0.0,0.0,0.0,0.0,0.0,0.0,0.0,0.0,0.0,0.0,0.0,0.0,0.0,0.0,0.0,0.0,0.0,0.0,0.0,0.0,0.0,0.0,0.25729155745059906,0.07078367093374588,-0.5371826319142488,-0.6968657728180524,0.731015300779937,-0.7614757241320331,17,14,-0.08438818565400846,0.0,1.0,0.0,0.0,0.0,0.0,0.0,0.0,0.0,0.0,0.0,0.0,1.0,0.0,0.0,0.0,0.0,0.0,1
VAR_000602,0.0,0.0,0.0,0.0,0.0,0.0,0.0,0.0,0.0,0.0,0.0,8,0.0,0.0,0.0,0.0,0.0,0.0,0.0,0.0,0.0,0.0,0.0,0.0,0.0,0.0,0.0,0.0,0.0,0.0,0.0,0.0,0.0,0.0,0.0,0.0,0.0,0.0,0.0,0.0,0.0,0.0,0.0,0.0,0.0,0.0,0.0,7,0.0,0.0,4,4,0.14452253303583648,0.24485451035517192,-0.4975646991943273,0.0,0.0,0.0,0.0,0.0,0.0,0.0,0.0,0.0,0.0,0.0,0.0,0.0,0.0,0.0,0.0,0.0,0.0,0.0,0.0,0.0,0.0,0.0,0.0,0.0,0.0,0.0,0.0,0.0,0.0,0.0,4,0.0,0.0,0.0,0.0,0.0,0.0,0.0,0.0,0.0,0.0,0.0,0.0,0.0,0.0,0.0,0.0,0.0,0.0,0.0,0.0,0.0,0.0,0.0,0.0,0.0,0.0,0.0,0.0,0.0,0.0,0.0,0.0,0.0,0.0,0.0,0.0,0.0,0.0,0.0,0.0,0.0,0.0,0.0,0.0,0.0,0.0,0.0,0.0,0.0,0.0,0.0,0.0,0.0,0.0,0.0,0.0,0.0,0.0,0.0,0.0,0.0,0.0,0.0,0.0,0.0,0.0,0.0,0.0,0.0,0.0,0.0,0.0,0.0,0.0,0.0,0.0,0.0,0.0,0.25729155745059906,0.34338647816014006,0.2938060161481524,-0.0007811166208387526,-0.38310035147316607,-0.11985611898647264,12,10,-0.9282700421940927,0.0,-0.5,0.0,0.0,0.0,0.0,0.0,0.0,0.0,0.0,0.0,1.0,0.0,0.0,0.0,0.0,0.0,0.0,1
VAR_000947,0.0,0.0,0.0,0.0,0.0,0.0,0.0,0.0,0.0,0.0,0.0,8,0.0,0.0,0.0,0.0,0.0,0.0,0.0,0.0,0.0,0.007879349161291535,1.0,0.0,0.0,0.0,0.0,0.0,0.8217250065949496,0.0,0.7185886323331067,-0.19109670386836122,0.0,-1.0,-1.0,0.0,0.0,0.0,0.0,0.0,0.0,0.0,0.0,0.0,0.0,0.0,0.0,7,0.0,0.0,1,1,0.8433151133426491,0.2605048478557463,1.1182748564453817,0.0,0.0,0.0,0.0,0.0,0.0,0.0,0.0,0.0,0.0,0.0,0.0,0.0,0.0,0.0,0.0,0.0,0.0,0.0,0.0,0.0,0.0,0.0,0.0,0.0,0.0,0.0,0.0,0.0,0.0,0.0,1,-0.1314228194544776,0.0,0.0,0.0,0.0,0.0,0.0,0.0,0.0,0.0,0.0,0.0,0.0,0.0,0.0,0.0,0.0,0.0,0.0,0.0,0.0,0.0,0.0,0.0,0.0,0.0,0.0,0.0,0.0,0.0,0.0,0.0,0.0,0.0,0.0,0.0,0.0,0.0,0.0,0.0,0.0,0.0,0.0,0.0,0.0,0.0,0.0,0.0,0.0,0.0,0.0,0.0,0.0,0.0,0.0,0.0,0.0,0.0,0.0,0.0,0.0,0.0,0.0,0.0,0.0,0.0,0.0,0.0,0.0,0.0,0.0,0.0,0.0,0.0,0.0,0.0,0.0,0.0,-0.6918744799916965,0.17171944279963472,0.2938060161481524,0.6822224029747916,1.0052495657684166,0.694428107583412,13,19,0.5063291139240506,1.0,0.0,0.0,1.0,0.0,0.0,0.0,0.0,0.0,0.0,0.0,0.0,0.0,0.0,0.0,0.0,0.0,0.0,1
VAR_003695,-0.9688680463621282,25.408450071581854,-0.4609935194047222,39.89590868374873,341.4999297806912,49.14360491643696,-0.9791068238986684,-1.011597716202276,156.3267589116701,0.0,-1.040035933033513,9,0.0,0.0,0.0,0.0,0.0,0.0,0.0,-1.0,-1.0,0.8441715072595704,0.0,0.0,0.0,-1.0,0.0,0.0,-0.17827499340505035,-1.0,-0.28141136766689334,-0.1920026614046,-1.0,-1.0,-1.0,0.0,0.0,0.0,0.0,0.0,0.0,0.0,0.0,0.0,0.0,0.0,0.0,7,0.0,0.0,4,4,0.35618531532278364,0.2870097063925644,1.4093486155458539,0.0,0.0,0.0,0.0,0.0,0.0,0.0,0.0,0.0,0.0,0.0,0.0,0.0,0.0,0.0,0.0,0.0,0.0,0.0,0.0,0.0,0.0,0.0,0.0,0.0,0.0,0.0,0.0,0.0,0.0,0.0,4,2.5649477664089915,0.0,0.0,0.0,0.0,0.0,0.0,0.0,0.0,0.0,0.0,0.0,0.0,0.0,0.0,0.0,0.0,0.0,0.0,0.0,0.0,0.0,0.0,0.0,0.0,0.0,0.0,0.0,0.0,0.0,0.0,0.0,0.0,0.0,0.0,0.0,0.0,0.0,0.0,0.0,0.0,0.0,0.0,0.0,0.0,0.0,0.0,0.0,0.0,0.0,0.0,0.0,0.0,0.0,0.0,0.0,0.0,-1.0,0.5303617800830522,-1.0,-0.6426564497491878,6.3797659521948535,0.0,0.0,0.0,0.0,0.0,0.0,5.497123972767402,-1.0,0.0,0.0,0.0,0.0,0.0,0.0,0.0,0.0,0.25729155745059906,-1.5480314923048322,-0.05971331589669554,0.2548225391172839,0.9294343073743332,-0.018927903895542133,23,4,-0.3206751054852321,-1.0,0.0,0.0,0.0,0.0,0.0,0.0,0.0,0.0,0.0,0.0,0.0,0.0,1.0,0.0,0.0,0.0,1.0,1
VAR_001097,-0.9688484521159852,-0.8121132276041948,-0.46086142498524046,-0.4287087419543098,13.391159897944481,0.03885782740167568,-0.9734211305905833,17.559240317878814,-0.594963030851657,0.0,-0.7893350308068926,16,0.0,0.0,0.0,0.0,0.0,0.0,0.0,0.0,0.0,0.720197952901698,1.0,0.0,0.0,0.0,-1.0,1.0,0.8217250065949496,0.0,0.7185886323331067,74.13021231598711,0.0,0.0,0.0,0.0,0.0,0.0,0.0,0.0,0.0,0.0,0.0,0.0,0.0,0.0,0.0,7,0.0,0.0,2,2,0.6912304452944595,0.5921991054585869,1.8714500558360398,0.0,0.0,0.0,-1.0,-1.0,-1.0,0.0,0.0,0.0,0.0,0.0,0.0,0.0,0.0,0.0,0.0,0.0,0.0,-0.00033781059725414563,0.0,0.0,0.0,0.0,-1.0,1.0,-1.0,-0.8075817909366545,0.0,-1.0,0.0,0.0,2,-0.13099517324490254,0.0,0.0,0.0,0.0,0.0,0.0,0.0,0.0,0.0,0.0,0.0,0.0,0.0,0.0,0.0,0.0,0.0,0.0,0.0,0.0,0.0,0.0,0.0,0.0,0.0,0.0,0.0,0.0,0.0,0.0,0.0,0.0,0.0,0.0,0.0,0.0,0.0,0.0,0.0,0.0,0.0,0.0,0.0,0.0,0.0,0.0,0.0,0.0,0.0,0.0,0.0,0.0,0.0,0.0,0.0,0.0,-1.0,-13.877236760270495,-1.0,0.3573435502508122,6.3797659521948535,0.6518654270167621,0.0,-1.0,-1.0,0.0,-5.403398540087705,5.497123972767402,0.0,-1.0,-1.0,-1.0,-1.0,0.0,1.0,0.0,0.0,0.25729155745059906,0.1474059202144938,-0.6280669132789475,0.35042229311528517,-0.47762884358081237,0.022534113119109,14,11,0.9620253164556961,-1.0,1.0,0.0,0.0,0.0,0.0,0.0,1.0,0.0,0.0,0.0,0.0,0.0,0.0,0.0,0.0,1.0,0.0,1
VAR_004435,0.0,0.0,0.0,0.0,0.0,0.0,0.0,0.0,0.0,0.0,0.0,8,0.0,0.0,0.0,0.0,0.0,0.0,0.0,0.0,0.0,0.0,0.0,0.0,0.0,0.0,0.0,0.0,0.0,0.0,0.0,0.0,0.0,0.0,0.0,0.0,0.0,0.0,0.0,0.0,0.0,0.0,0.0,0.0,0.0,0.0,0.0,7,0.0,0.0,3,3,-1.2879619021720647,-2.058189363494142,-1.9856486929727402,0.0,0.0,0.0,0.0,0.0,0.0,0.0,0.0,0.0,0.0,0.0,0.0,0.0,0.0,0.0,0.0,0.0,0.0,0.0,0.0,0.0,0.0,0.0,0.0,0.0,0.0,0.0,0.0,0.0,0.0,0.0,3,0.0,0.0,0.0,0.0,0.0,0.0,0.0,0.0,0.0,0.0,0.0,0.0,0.0,0.0,0.0,0.0,0.0,0.0,0.0,0.0,0.0,0.0,0.0,0.0,0.0,0.0,0.0,0.0,0.0,0.0,0.0,0.0,0.0,0.0,0.0,0.0,0.0,0.0,0.0,0.0,0.0,0.0,0.0,0.0,0.0,0.0,0.0,0.0,0.0,0.0,0.0,0.0,0.0,0.0,0.0,0.0,0.0,0.0,0.0,0.0,0.0,0.0,0.0,0.0,0.0,0.0,0.0,0.0,0.0,0.0,0.0,0.0,0.0,0.0,0.0,0.0,0.0,0.0,-19.391134068209873,-4.565651258025638,-11.297171756295363,-1.1104971872258391,1.0052495657684166,-1.2159283315775715,17,17,-0.5738396624472574,0.0,2.0,0.0,0.0,0.0,0.0,0.0,0.0,0.0,0.0,0.0,0.0,0.0,0.0,0.0,0.0,0.0,0.0,1
VAR_004601,-0.9414872457256135,-0.7972259033035577,2.416480881050625,-0.4997021078990335,-0.12841809871842313,0.27578701473554135,259.89044903378107,84.04884521626055,-0.6055180425793277,0.00599263022982195,-1.0041770053028403,18,0.0,0.0,0.0,0.0,0.0,0.0,0.0,-0.5941181365648813,0.0,-0.47075160550760514,0.0,0.0,1.0,-1.0,0.0,1.0,-0.17827499340505035,-1.0,0.2568754814789448,29.140514559128285,-1.0,-1.0,-1.0,0.0,0.0,0.0,-1.0,0.0,-1.0,0.0,0.0,0.0,-1.0,-1.0,0.0,3,-1.0,-1.0,4,4,-1.0866928001765683,-1.4250515536858406,-1.6082906489085524,0.0,0.0,1.0,-1.0,-1.0,-1.0,0.0,0.0,0.0,-1.0,1.0,-1.0,0.0,0.0,-1.0,-1.0,-1.0,-1.0,-0.0003214643969287431,0.0,1.0,0.0,-1.0,-1.0,0.0,0.0,0.1924182090633455,0.0,0.0,-1.0,0.0008849845048033999,4,-0.10583475448445082,0.0,-1.0,0.0,0.0,1.0,0.0,1.0,0.0,-1.0,1.0,0.0,0.0,1.0,0.0,0.0,-1.0,0.0,1.0,1.0,0.0,-1.0,-1.0,-1.0,-1.0,0.0,1.0,-1.0,1.0,0.0,0.0,1.0,0.0,-1.0,0.0,0.0,0.0,0.0,-1.0,0.0,0.0,0.0,0.0,-1.0,0.9199000143072601,0.0,0.0,-1.0,-0.0005218282717339203,-1.0,0.0,0.0,-1.0,1.0,0.0,0.0,0.0,-1.0,-13.48213352364093,-1.0,0.3573435502508122,-1.2368655736119685,0.0513992725047623,0.0,0.0,-1.0,1.0,-5.403398540087705,0.0,0.0,-1.0,-1.0,-1.0,-1.0,0.0,1.0,0.0,-1.0,-14.013034547099823,-0.5586557801318807,-0.9883542769861411,-1.0269517325569082,0.533738748888746,-1.068909831376734,13,8,0.10126582278481006,1.0,0.0,1.0,0.0,0.0,0.0,0.0,0.0,0.0,0.0,0.0,0.0,0.0,0.0,0.0,1.0,0.0,0.0,0
VAR_004528,0.0,0.0,0.0,0.0,0.0,0.0,0.0,0.0,0.0,0.0,0.0,8,0.0,0.0,0.0,0.0,0.0,0.0,0.0,0.0,-1.0,0.8441715072595704,0.0,0.0,0.0,0.0,0.0,1.0,-0.17827499340505035,0.0,0.7185886323331067,10.283068092591366,0.0,-1.0,0.0,0.0,0.0,0.0,0.0,0.0,0.0,0.0,0.0,0.0,0.0,0.0,0.0,7,0.0,0.0,2,2,-1.034147239170822,-0.1251018269722965,0.8010566529203538,0.0,-1.0,1.0,0.0,-1.0,-1.0,0.0,-1.0,-1.0,0.0,0.0,0.0,0.0,0.0,0.0,-1.0,-1.0,-1.0,0.00028411820035700007,1.0,1.0,-1.0,-1.0,0.0,1.0,0.0,0.1924182090633455,0.0,-1.0,0.0,0.0,2,-0.10982956147867715,0.0,0.0,0.0,0.0,0.0,0.0,0.0,0.0,0.0,0.0,0.0,0.0,0.0,0.0,0.0,0.0,0.0,0.0,0.0,0.0,0.0,0.0,0.0,0.0,0.0,0.0,0.0,0.0,0.0,0.0,0.0,0.0,0.0,0.0,0.0,0.0,0.0,0.0,0.0,0.0,0.0,0.0,0.0,0.0,0.0,0.0,0.0,0.0,0.0,0.0,0.0,0.0,0.0,0.0,0.0,0.0,0.0,0.0,0.0,0.0,0.0,0.0,0.0,0.0,0.0,0.0,0.0,0.0,0.0,0.0,0.0,0.0,0.0,0.0,0.0,0.0,0.0,-0.5310121303387613,-0.3663297227746097,0.18637999824239782,-0.6949631934698248,-0.24063143344632681,-0.5743487290472095,5,0,0.0,0.0,0.0,0.0,0.0,0.0,0.0,0.0,0.0,0.0,0.0,0.0,0.0,0.0,0.0,0.0,0.0,0.0,0.0,1
VAR_004581,0.0,0.0,0.0,0.0,0.0,0.0,0.0,0.0,0.0,0.0,0.0,8,0.0,0.0,0.0,0.0,0.0,0.0,0.0,0.0,0.0,0.8441715072595704,0.0,0.0,1.0,0.0,-1.0,0.0,-0.17827499340505035,-1.0,-0.28141136766689334,-0.19035434987125965,0.0,0.0,0.0,0.0,0.0,0.0,0.0,0.0,0.0,0.0,0.0,0.0,0.0,0.0,0.0,7,0.0,0.0,2,2,-0.5426735145911945,-0.03856670065950746,-0.3713770660588684,0.0,0.0,0.0,0.0,0.0,0.0,0.0,0.0,0.0,0.0,0.0,0.0,0.0,0.0,0.0,0.0,0.0,0.0,0.0,0.0,0.0,0.0,0.0,0.0,0.0,0.0,0.0,0.0,0.0,0.0,0.0,2,-0.1314228195188347,0.0,0.0,0.0,0.0,0.0,0.0,0.0,0.0,0.0,0.0,0.0,0.0,0.0,0.0,0.0,0.0,0.0,0.0,0.0,0.0,0.0,0.0,0.0,0.0,0.0,0.0,0.0,0.0,0.0,0.0,0.0,0.0,0.0,0.0,0.0,0.0,0.0,0.0,0.0,0.0,0.0,0.0,0.0,0.0,0.0,0.0,0.0,0.0,0.0,0.0,0.0,0.0,0.0,0.0,0.0,0.0,0.0,0.0,0.0,0.0,0.0,0.0,0.0,0.0,0.0,0.0,0.0,0.0,0.0,0.0,0.0,0.0,0.0,0.0,0.0,0.0,0.0,0.25729155745059906,0.020682952621824773,-0.7401126849205564,-0.7984546383528772,-0.33855436142987616,-0.39722632262775703,5,10,-0.0168776371308017,1.0,0.0,0.0,0.0,0.0,0.0,0.0,0.0,1.0,0.0,0.0,0.0,0.0,0.0,0.0,0.0,0.0,0.0,0
VAR_004414,0.15302737786224654,-0.8112302018668804,0.6271180036433833,-0.36520064114443146,-0.6522069878533144,-0.5513899122930523,41.243382277433895,-0.9976612130831695,1.7191398967270792,-0.0003943710111707339,10.524554448577657,12,0.0,0.0,0.0,0.0,0.0,0.0,0.0,0.0,-1.0,0.8441715072595704,1.0,0.0,0.0,0.0,0.0,1.0,0.8217250065949496,-1.0,-0.28141136766689334,-0.19200265992891807,0.0,0.0,-1.0,-1.0,0.0,-1.0,0.0,0.0,0.0,0.0,0.0,-1.0,0.0,0.0,0.0,3,-1.0,-1.0,3,3,0.07732003155058438,0.4350041925831585,0.0,0.0,0.0,0.0,0.0,0.0,-1.0,1.0,0.0,0.0,-1.0,1.0,0.0,0.0,1.0,-1.0,-1.0,0.0,0.0,-0.00033762635745807637,1.0,1.0,-1.0,0.0,0.0,1.0,-1.0,-0.8075817909366545,0.0,-1.0,0.0,-0.0006091712849619,3,-0.04328257355443594,-1.0,0.0,-1.0,0.0,0.0,0.0,1.0,0.0,0.0,0.0,-1.0,0.0,1.0,0.0,0.0,0.0,-1.0,0.0,0.0,-1.0,-1.0,-1.0,0.0,-1.0,-1.0,0.0,0.0,1.0,0.0,0.0,0.0,0.0,0.0,0.0,0.0,-1.0,1.0,0.0,0.0,0.0,-1.0,0.0,-1.0,-0.0800999856927399,0.0,1.0,0.0,0.027095185518956098,0.0,-1.0,0.0,0.0,0.0,1.0,0.0,-1.0,0.0,35.22062744722353,0.0,0.3573435502508122,-1.2368655736119685,0.2058310600153656,-1.0,0.0,0.0,0.0,0.0,0.0,-1.0,0.0,-1.0,0.0,0.0,1.0,1.0,-1.0,-1.0,0.14669189747929193,-6.356169785803473,0.2938060161481524,0.8602251806955874,1.0052495657684166,0.7788248279946213,14,11,0.9620253164556961,-1.0,1.0,0.0,0.0,0.0,0.0,0.0,1.0,0.0,0.0,0.0,0.0,0.0,0.0,0.0,1.0,0.0,0.0,1
VAR_000635,0.0,0.0,0.0,0.0,0.0,0.0,0.0,0.0,0.0,0.0,0.0,8,0.0,0.0,0.0,0.0,0.0,0.0,0.0,0.0,0.0,0.0,0.0,0.0,0.0,0.0,0.0,0.0,0.0,0.0,0.0,0.0,0.0,0.0,0.0,0.0,0.0,0.0,0.0,0.0,0.0,0.0,0.0,0.0,0.0,0.0,0.0,7,0.0,0.0,3,3,1.0818266980131654,0.35837632244262896,0.0,0.0,0.0,0.0,0.0,0.0,0.0,0.0,0.0,0.0,0.0,0.0,0.0,0.0,0.0,0.0,0.0,0.0,0.0,0.0,0.0,0.0,0.0,0.0,0.0,0.0,0.0,0.0,0.0,0.0,0.0,0.0,3,0.0,0.0,0.0,0.0,0.0,0.0,0.0,0.0,0.0,0.0,0.0,0.0,0.0,0.0,0.0,0.0,0.0,0.0,0.0,0.0,0.0,0.0,0.0,0.0,0.0,0.0,0.0,0.0,0.0,0.0,0.0,0.0,0.0,0.0,0.0,0.0,0.0,0.0,0.0,0.0,0.0,0.0,0.0,0.0,0.0,0.0,0.0,0.0,0.0,0.0,0.0,0.0,0.0,0.0,0.0,0.0,0.0,0.0,0.0,0.0,0.0,0.0,0.0,0.0,0.0,0.0,0.0,0.0,0.0,0.0,0.0,0.0,0.0,0.0,0.0,0.0,0.0,0.0,-0.9705491871654994,0.34338647816014006,-1.0238590940781354,0.8076375953060483,-0.20613874733116305,0.7695621638457214,21,12,-0.3375527426160338,1.0,-0.5,0.0,0.0,0.0,0.0,0.0,0.0,1.0,0.0,0.0,0.0,0.0,0.0,0.0,0.0,0.0,0.0,1
VAR_004704,1.4906007686573644,-0.812121254777441,-0.41901139386356806,0.5521380963904222,0.8711794627904141,11.476217319950141,-0.4511089673063906,74.5298667454991,-0.44225095671634257,0.00998386891082805,26.19636336697222,13,0.0,0.0,0.0,0.0,0.0,0.0,0.0,-1.0,-1.0,0.8441715072595704,0.0,0.0,0.0,0.0,-1.0,1.0,0.8217250065949496,-1.0,0.7185886323331067,-0.19178182572693128,0.0,-1.0,-1.0,0.0,0.0,0.0,0.0,-1.0,-1.0,0.0,-1.0,-1.0,0.0,0.0,-1.0,2,-1.0,-1.0,2,2,-0.3769395197905768,-1.5489490290821966,-1.281887841622445,0.0,-1.0,0.0,0.0,0.0,-1.0,0.0,0.0,-1.0,-1.0,0.0,-1.0,1.0,1.0,0.0,-1.0,0.0,0.0,0.0088646799421073,0.0,1.0,0.0,-1.0,-1.0,0.0,-1.0,-0.8075817909366545,-1.0,-1.0,0.0,0.0156750440773497,2,0.34640671830193104,-1.0,0.0,-0.25671903797912454,0.0,0.0,0.0,0.0,1.0,0.0,1.0,0.0,-1.0,0.0,-1.0,0.0,-1.0,0.0,0.0,0.0,0.0,0.0,0.0,-1.0,0.0,0.0,1.0,-1.0,0.0,1.0,1.0,1.0,0.0,0.0,1.0,-1.0,-1.0,0.0,-1.0,0.0,0.0,0.0,-1.0,0.0,-0.0800999856927399,1.0,1.0,-1.0,0.06800908581925841,0.0,-1.0,-1.0,0.0,0.0,0.0,0.0,-1.0,-1.0,436.78568698954933,0.0,-0.6426564497491878,6.3797659521948535,0.0,-1.0,0.0,0.0,1.0,0.0,5.497123972767402,0.0,-1.0,0.0,0.0,-1.0,0.0,0.0,0.0,-1.0,-3.6854901871544774,-8.78777358874979,-0.3506293185974822,-0.8307800668835114,-7.040132237627283,-1.1933330497214185,5,10,-0.0168776371308017,1.0,0.0,0.0,0.0,0.0,0.0,0.0,0.0,1.0,0.0,0.0,0.0,0.0,0.0,0.0,1.0,0.0,0.0,0
VAR_000955,-0.9556957129425988,-0.8111567160114346,-0.4463624630566967,62.677648825358226,2.9910556343326946,0.8373466678129348,30.42710837403837,187.26907060380668,71.45357866317731,-0.00039437100640754954,-1.0585939171717356,28,0.0,0.0,0.0,0.0,0.0,0.0,0.0,-1.0,0.0,-0.47075160550760514,0.0,0.0,0.3467535223269203,0.0,-1.0,0.0,0.8217250065949496,0.0,-0.28141136766689334,-0.104875779287719,-1.0,0.0,-1.0,0.0,0.0,0.0,0.0,0.0,0.0,0.0,0.0,0.0,0.0,0.0,0.0,7,0.0,0.0,4,4,0.5121132413407727,-5.945631339167828,-5.28606011499541,0.0,-1.0,1.0,-1.0,-1.0,-1.0,0.0,0.0,-1.0,-1.0,1.0,0.0,1.0,1.0,-1.0,0.0,0.0,-1.0,0.004221340438564001,1.0,0.0,0.0,0.0,0.0,1.0,0.0,0.1924182090633455,-1.0,0.0,0.0,0.0010626548099725,4,-0.12807376591245515,0.0,0.0,0.0,0.0,0.0,0.0,0.0,0.0,0.0,0.0,0.0,0.0,0.0,0.0,0.0,0.0,0.0,0.0,0.0,0.0,0.0,0.0,0.0,0.0,0.0,0.0,0.0,0.0,0.0,0.0,0.0,0.0,0.0,0.0,0.0,0.0,0.0,0.0,0.0,0.0,0.0,0.0,0.0,0.0,0.0,0.0,0.0,0.0,0.0,0.0,0.0,0.0,0.0,0.0,0.0,0.0,-1.0,596.5911568680775,-1.0,-0.6426564497491878,6.3797659521948535,0.0,-1.0,-1.0,-1.0,0.0,0.0,0.0,-1.0,-1.0,0.0,-1.0,0.0,1.0,0.0,-1.0,0.0,-5.511933253798541,0.23493111058151211,-19.98044374285239,-1.3820460006040038,1.0052495657684166,-1.7821036566861328,9,12,-0.3881856540084388,1.0,0.5,0.0,0.0,0.0,0.0,0.0,0.0,0.0,0.0,0.0,0.0,0.0,0.0,-1.0,0.0,1.0,0.0,0
VAR_004385,62.045266387004844,-0.8121212547774399,-0.4609935186049235,12.2795330583027,-0.6626495237901882,0.9262770724155344,-0.9608336838688724,-0.8391144821745331,68.16565873144542,0.0006633399500324499,0.3357857295317824,20,0.0,0.0,0.0,0.0,0.0,0.0,0.0,0.0,-1.0,0.8441715072595704,1.0,0.0,0.0,0.0,-1.0,0.0,-0.17827499340505035,0.0,-0.28141136766689334,-0.19127582375773947,0.0,-1.0,0.0,0.0,0.0,-1.0,-1.0,-1.0,-1.0,0.0,0.0,-1.0,0.0,-1.0,0.0,3,-1.0,-1.0,2,2,-1.612067437851148,-0.5906698051077163,1.1916414976207392,-1.0,-1.0,0.0,0.0,-1.0,-1.0,1.0,-1.0,0.0,-1.0,0.0,0.0,0.0,1.0,0.0,-1.0,0.0,-1.0,-0.00019275483914289997,1.0,0.0,0.0,0.0,-1.0,0.0,-1.0,-0.8075817909366545,0.0,-1.0,0.0,0.0,2,-0.12647328604732935,0.0,0.0,0.0,0.0,0.0,0.0,0.0,0.0,0.0,0.0,0.0,0.0,0.0,0.0,0.0,0.0,0.0,0.0,0.0,0.0,0.0,0.0,0.0,0.0,0.0,0.0,0.0,0.0,0.0,0.0,0.0,0.0,0.0,0.0,0.0,0.0,0.0,0.0,0.0,0.0,0.0,0.0,0.0,0.0,0.0,0.0,0.0,0.0,0.0,0.0,0.0,0.0,0.0,0.0,0.0,0.0,-1.0,-13.81640224963247,-1.0,0.3573435502508122,-1.2368655736119685,0.0,-1.0,-1.0,-1.0,0.0,0.0,0.0,-1.0,-1.0,0.0,-1.0,-1.0,1.0,1.0,-1.0,0.0,0.25729155745059906,0.12328634481341881,0.2938060161481524,0.4206328541674419,-0.5652664010568166,-0.01304333970916063,7,19,-0.01687763713080172,0.5,0.0,0.0,0.0,0.0,0.0,0.0,0.0,1.0,0.0,0.0,0.0,0.0,0.0,-1.0,1.0,0.0,1.0,1
VAR_002374,1.3609288472342786,104.15208957625413,4.564792914642736,-0.5107311668343304,-0.6627754512609157,-0.6215689341401947,-0.22479694915670267,35.23465656987833,-0.44249338454192283,0.00261440917242125,81.55276311662061,0,0.0,0.019776760798223,0.12771943760045157,-0.004227880344104373,0.0,0.0,-0.5342733680339927,0.0,0.0,0.8441715072595704,0.0,0.0,1.0,0.0,-1.0,1.0,0.8217250065949496,-1.0,-0.28141136766689334,-0.015048016415043868,0.0,-1.0,0.0,0.0,0.0,0.0,0.0,0.0,0.0,0.0,0.0,0.0,0.0,0.0,0.0,0,-1.0,0.0,2,2,-0.5494590412852506,-2.779783180117656,-2.81618430047568,0.0,0.0,1.0,-1.0,0.0,0.0,0.0,0.0,0.0,0.0,0.0,-1.0,1.0,0.0,-1.0,0.0,0.0,-1.0,0.0022641106168457,1.0,1.0,0.0,-1.0,0.0,0.0,0.0,0.1924182090633455,-1.0,0.0,0.0,0.0129016138228991,2,11.310317501109825,0.0,0.0,0.0,0.0,0.0,0.0,0.0,1.0,-1.0,1.0,-1.0,0.0,1.0,0.0,0.0,-1.0,0.0,0.0,1.0,0.0,0.0,-1.0,0.0,-1.0,0.0,1.0,0.0,1.0,0.0,1.0,1.0,1.0,0.0,1.0,-1.0,0.0,0.0,-1.0,0.0,1.0,-1.0,-1.0,0.0,0.9199000143072601,0.0,0.0,-1.0,-0.0005214939673164809,-1.0,-1.0,0.0,0.0,0.0,1.0,0.0,0.0,0.0,45.33664969236575,0.0,0.3573435502508122,-1.2368655736119685,1.0,0.0,-1.0,-1.0,1.0,-5.403398540087705,0.0,0.0,0.0,0.0,-1.0,0.0,1.0,0.0,-1.0,0.0,-0.11528224823400791,-1.68136731469724,-1.4448679703127292,-1.006115588589705,-0.8563893739441827,-1.58241755896334,14,19,0.18565400843881852,0.0,1.0,0.0,0.0,0.0,0.0,0.0,1.0,0.0,0.0,0.0,0.0,0.0,0.0,0.0,1.0,0.0,1.0,0
VAR_000972,0.0,0.0,0.0,0.0,0.0,0.0,0.0,0.0,0.0,0.0,0.0,8,0.0,0.0,0.0,0.0,0.0,0.0,0.0,0.0,0.0,0.0,0.0,0.0,0.0,0.0,0.0,0.0,0.0,0.0,0.0,0.0,0.0,0.0,0.0,0.0,0.0,0.0,0.0,0.0,0.0,0.0,0.0,0.0,0.0,0.0,0.0,7,0.0,0.0,3,3,0.6410330646536643,0.2758794495223815,2.073020935746123,0.0,0.0,0.0,0.0,0.0,0.0,0.0,0.0,0.0,0.0,0.0,0.0,0.0,0.0,0.0,0.0,0.0,0.0,0.0,0.0,0.0,0.0,0.0,0.0,0.0,0.0,0.0,0.0,0.0,0.0,0.0,3,0.0,0.0,0.0,0.0,0.0,0.0,0.0,0.0,0.0,0.0,0.0,0.0,0.0,0.0,0.0,0.0,0.0,0.0,0.0,0.0,0.0,0.0,0.0,0.0,0.0,0.0,0.0,0.0,0.0,0.0,0.0,0.0,0.0,0.0,0.0,0.0,0.0,0.0,0.0,0.0,0.0,0.0,0.0,0.0,0.0,0.0,0.0,0.0,0.0,0.0,0.0,0.0,0.0,0.0,0.0,0.0,0.0,0.0,0.0,0.0,0.0,0.0,0.0,0.0,0.0,0.0,0.0,0.0,0.0,0.0,0.0,0.0,0.0,0.0,0.0,0.0,0.0,0.0,-0.41090534856691,0.34338647816014006,0.2938060161481524,0.6708368043942852,0.3227963634285202,0.7207772872910069,16,14,0.5400843881856539,-0.5,1.0,0.0,0.0,0.0,0.0,0.0,0.0,0.0,1.0,0.0,0.0,0.0,0.0,0.0,0.0,0.0,0.0,1
VAR_000926,-0.9688694363019846,-0.8004649031805311,1.1643474544001486,-0.5106414496930429,-0.6516986955989946,-0.00044865762490399485,-0.9797144037600758,-0.9525466240464694,-0.6055795205112289,0.0,11.032274633274723,18,0.0,0.0,0.0,0.0,0.0,0.0,0.0,0.0,0.0,0.0,0.0,0.0,0.0,0.0,0.0,0.0,0.0,0.0,0.0,0.0,0.0,0.0,0.0,0.0,0.0,0.0,0.0,0.0,0.0,0.0,0.0,0.0,0.0,0.0,0.0,7,0.0,0.0,4,4,0.7200112548375945,0.7558651961686087,0.0,0.0,0.0,0.0,0.0,0.0,0.0,0.0,0.0,0.0,0.0,0.0,0.0,0.0,0.0,0.0,0.0,0.0,0.0,0.0,0.0,0.0,0.0,0.0,0.0,0.0,0.0,0.0,0.0,0.0,0.0,0.0,4,-0.02733784728873947,0.0,-1.0,-1.0,1.0,1.0,-1.0,0.0,1.0,-1.0,1.0,0.0,-1.0,0.0,0.0,0.0,0.0,0.0,0.0,1.0,0.0,-1.0,0.0,0.0,0.0,0.0,0.0,-1.0,0.0,0.0,0.0,1.0,1.0,0.0,0.0,0.0,0.0,1.0,-1.0,-1.0,0.0,0.0,0.0,-1.0,0.9199000143072601,0.0,1.0,0.0,0.004074497434994401,-1.0,-1.0,-1.0,0.0,0.0,1.0,0.0,-1.0,0.0,-13.87651681367541,0.0,-0.6426564497491878,6.3797659521948535,1.0,0.0,-1.0,-1.0,1.0,0.0,5.497123972767402,-1.0,-1.0,-1.0,0.0,0.0,1.0,1.0,0.0,-1.0,-1.1371006407837025,-2.4695930432231497,0.09063102129355916,-0.7543905528778357,-0.3623733301238832,0.1565711318559387,12,21,-0.38818565400843874,0.0,-0.5,0.0,0.0,0.0,0.0,0.0,0.0,0.0,0.0,0.0,0.0,1.0,0.0,0.0,0.0,0.0,0.0,1
VAR_002395,13.226902796211975,-0.8075564482848706,-0.46094552179438675,-0.5107310961287873,-0.6263372696268499,-0.621605910113553,27.025701481567467,1.2073130755635177,-0.19061044228190363,0.00068079183123715,-0.015155424182799596,18,0.0,0.0,0.0,0.0,0.0,0.0,0.0,-1.0,0.0,-0.47075160550760514,1.0,0.0,0.0,0.0,-1.0,0.0,0.8217250065949496,-1.0,-0.28141136766689334,0.20920203987314034,-1.0,0.0,0.0,0.0,0.0,0.0,0.0,0.0,0.0,0.0,0.0,0.0,0.0,0.0,0.0,7,0.0,0.0,3,3,-0.09962685972789986,0.17532651382042339,-0.29988507748875237,0.0,0.0,0.0,0.0,0.0,0.0,0.0,0.0,0.0,0.0,0.0,0.0,0.0,0.0,0.0,0.0,0.0,0.0,0.0,0.0,0.0,0.0,0.0,0.0,0.0,0.0,0.0,0.0,0.0,0.0,-0.0007331382992704322,3,-0.1306807258234229,0.0,0.0,0.0,0.0,0.0,0.0,0.0,0.0,0.0,0.0,0.0,0.0,0.0,0.0,0.0,0.0,0.0,0.0,0.0,0.0,0.0,0.0,0.0,0.0,0.0,0.0,0.0,0.0,0.0,0.0,0.0,0.0,0.0,0.0,0.0,0.0,0.0,0.0,0.0,0.0,0.0,0.0,0.0,0.0,0.0,0.0,0.0,0.0,0.0,0.0,0.0,0.0,0.0,0.0,0.0,0.0,0.0,-13.862284212772195,-1.0,0.3573435502508122,-1.2368655736119685,0.0,-1.0,-1.0,0.0,1.0,-5.403398540087705,5.497123972767402,0.0,-1.0,-1.0,0.0,-1.0,1.0,0.0,0.0,0.0,-0.6721566607370797,-0.5333536706385517,0.2938060161481524,0.8602251806955874,0.11918271074544932,0.7411437402493407,16,14,0.5400843881856539,-0.5,1.0,0.0,0.0,0.0,0.0,0.0,0.0,0.0,1.0,0.0,0.0,0.0,0.0,0.0,0.0,0.0,0.0,1
VAR_000898,0.0,0.0,0.0,0.0,0.0,0.0,0.0,0.0,0.0,0.0,0.0,8,0.0,0.0,0.0,0.0,0.0,0.0,0.0,-1.0,0.0,-0.18915847441400874,0.4791131186035436,0.0,1.0,0.0,-1.0,0.0,0.8217250065949496,0.0,0.3804710020073673,-0.1919019202244959,0.0,-1.0,-1.0,0.0,0.0,0.0,0.0,0.0,0.0,0.0,0.0,0.0,0.0,0.0,0.0,7,0.0,0.0,2,2,-0.2843430534802853,-0.10460119514648204,-0.27989407700512675,-1.0,-1.0,1.0,-1.0,-1.0,0.0,1.0,-1.0,-1.0,-1.0,1.0,-1.0,1.0,1.0,-1.0,0.0,-1.0,-1.0,0.07289142328194839,0.0,0.0,-1.0,-1.0,0.0,1.0,0.0,0.1924182090633455,-1.0,-1.0,0.0,0.0,2,-0.13025939587126814,0.0,0.0,0.0,0.0,0.0,0.0,0.0,0.0,0.0,0.0,0.0,0.0,0.0,0.0,0.0,0.0,0.0,0.0,0.0,0.0,0.0,0.0,0.0,0.0,0.0,0.0,0.0,0.0,0.0,0.0,0.0,0.0,0.0,0.0,0.0,0.0,0.0,0.0,0.0,0.0,0.0,0.0,0.0,0.0,0.0,0.0,0.0,0.0,0.0,0.0,0.0,0.0,0.0,0.0,0.0,0.0,0.0,0.0,0.0,0.0,0.0,0.0,0.0,0.0,0.0,0.0,0.0,0.0,0.0,0.0,0.0,0.0,0.0,0.0,0.0,0.0,0.0,-0.10897256014121229,-8.814962741232279,0.2938060161481524,-0.14536877031157192,-1.5619629517594917,-0.07759574224904933,14,11,0.9620253164556961,-1.0,1.0,0.0,0.0,0.0,0.0,0.0,1.0,0.0,0.0,0.0,0.0,0.0,0.0,0.0,0.0,0.0,0.0,1
VAR_001033,0.0,0.0,0.0,0.0,0.0,0.0,0.0,0.0,0.0,0.0,0.0,8,0.0,0.0,0.0,0.0,0.0,0.0,0.0,0.0,0.0,-0.47075160550760514,0.0,0.0,1.0,0.0,-1.0,0.0,0.8217250065949496,-1.0,-0.28141136766689334,-0.10541582537925841,0.0,0.0,-1.0,0.0,0.0,0.0,0.0,0.0,0.0,0.0,0.0,0.0,0.0,0.0,0.0,7,0.0,0.0,1,1,0.43611263214952944,0.4671254632994627,1.4925655089041003,0.0,0.0,0.0,0.0,0.0,0.0,0.0,0.0,0.0,0.0,0.0,0.0,0.0,0.0,0.0,0.0,0.0,0.0,0.0,0.0,0.0,0.0,0.0,0.0,0.0,0.0,0.0,0.0,0.0,0.0,0.0,1,-0.04748883632375822,0.0,0.0,0.0,0.0,0.0,0.0,0.0,0.0,0.0,0.0,0.0,0.0,0.0,0.0,0.0,0.0,0.0,0.0,0.0,0.0,0.0,0.0,0.0,0.0,0.0,0.0,0.0,0.0,0.0,0.0,0.0,0.0,0.0,0.0,0.0,0.0,0.0,0.0,0.0,0.0,0.0,0.0,0.0,0.0,0.0,0.0,0.0,0.0,0.0,0.0,0.0,0.0,0.0,0.0,0.0,0.0,0.0,0.0,0.0,0.0,0.0,0.0,0.0,0.0,0.0,0.0,0.0,0.0,0.0,0.0,0.0,0.0,0.0,0.0,0.0,0.0,0.0,0.25729155745059906,0.34338647816014006,-1.49384413795237,0.5183648865946855,1.0052495657684166,-0.45287795040929407,8,14,0.32067510548523204,-0.5,0.0,1.0,0.0,0.0,0.0,0.0,0.0,0.0,0.0,0.0,0.0,0.0,0.0,0.0,0.0,0.0,0.0,1
VAR_003684,0.0,0.0,0.0,0.0,0.0,0.0,0.0,0.0,0.0,0.0,0.0,8,0.0,0.0,0.0,0.0,0.0,0.0,0.0,0.0,0.0,0.0,0.0,0.0,0.0,0.0,0.0,0.0,0.0,0.0,0.0,0.0,0.0,0.0,0.0,0.0,0.0,0.0,0.0,0.0,0.0,0.0,0.0,0.0,0.0,0.0,0.0,7,0.0,0.0,4,4,-0.5468047334704668,-0.38843577293504444,0.4766530173576679,0.0,0.0,0.0,0.0,0.0,0.0,0.0,0.0,0.0,0.0,0.0,0.0,0.0,0.0,0.0,0.0,0.0,0.0,0.0,0.0,0.0,0.0,0.0,0.0,0.0,0.0,0.0,0.0,0.0,0.0,0.0,4,0.0,0.0,0.0,0.0,0.0,0.0,0.0,0.0,0.0,0.0,0.0,0.0,0.0,0.0,0.0,0.0,0.0,0.0,0.0,0.0,0.0,0.0,0.0,0.0,0.0,0.0,0.0,0.0,0.0,0.0,0.0,0.0,0.0,0.0,0.0,0.0,0.0,0.0,0.0,0.0,0.0,0.0,0.0,0.0,0.0,0.0,0.0,0.0,0.0,0.0,0.0,0.0,0.0,0.0,0.0,0.0,0.0,0.0,0.0,0.0,0.0,0.0,0.0,0.0,0.0,0.0,0.0,0.0,0.0,0.0,0.0,0.0,0.0,0.0,0.0,0.0,0.0,0.0,-0.23877080351899616,-0.7074651596653413,-0.14083484339369373,0.36975806674246336,0.3067230922869639,0.13533851168793465,11,17,-1.350210970464135,-0.5,1.0,0.0,0.0,0.0,0.0,0.0,0.0,0.0,0.0,0.0,0.0,0.0,1.0,0.0,0.0,0.0,0.0,1
VAR_001018,0.0,0.0,0.0,0.0,0.0,0.0,0.0,0.0,0.0,0.0,0.0,8,0.0,0.0,0.0,0.0,0.0,0.0,0.0,0.0,0.0,-0.47075160550760514,0.0,0.0,1.0,0.0,-1.0,0.0,0.8217250065949496,0.0,0.7185886323331067,54.744931054583994,0.0,0.0,0.0,0.0,0.0,0.0,0.0,0.0,0.0,0.0,0.0,0.0,0.0,0.0,0.0,7,0.0,0.0,2,2,-0.31463545796524517,-0.34467621815798033,1.2982094493958705,0.0,0.0,0.0,0.0,0.0,0.0,0.0,0.0,0.0,0.0,0.0,0.0,0.0,0.0,0.0,0.0,0.0,0.0,0.0,0.0,0.0,0.0,0.0,0.0,0.0,0.0,0.0,0.0,0.0,0.0,0.0,2,-0.10382213828195648,0.0,0.0,0.0,0.0,0.0,0.0,0.0,0.0,0.0,0.0,0.0,0.0,0.0,0.0,0.0,0.0,0.0,0.0,0.0,0.0,0.0,0.0,0.0,0.0,0.0,0.0,0.0,0.0,0.0,0.0,0.0,0.0,0.0,0.0,0.0,0.0,0.0,0.0,0.0,0.0,0.0,0.0,0.0,0.0,0.0,0.0,0.0,0.0,0.0,0.0,0.0,0.0,0.0,0.0,0.0,0.0,0.0,0.0,0.0,0.0,0.0,0.0,0.0,0.0,0.0,0.0,0.0,0.0,0.0,0.0,0.0,0.0,0.0,0.0,0.0,0.0,0.0,0.25729155745059906,-0.38858961738333814,0.2938060161481524,-0.015010218836910455,-0.7004596358913278,-0.2950480121234128,0,22,0.45569620253164556,0.5,1.0,0.0,0.0,0.0,0.0,0.0,1.0,0.0,0.0,0.0,0.0,0.0,0.0,0.0,0.0,0.0,0.0,1
VAR_004562,4.987482382880929,1.4276799636533712,-0.23682128676668024,-0.47478589842048596,-0.6627843531628969,-0.6215753608196163,-0.860645167975419,190.45491417289645,-0.6055469408294386,0.0,0.015155424182799453,16,0.0,0.0,0.0,0.0,0.0,0.0,0.0,-1.0,0.0,0.5637890731456838,0.0,0.0,0.0,0.0,-1.0,0.0,0.8217250065949496,-1.0,-0.28141136766689334,-0.11658228813958825,0.0,-1.0,-1.0,0.0,0.0,0.0,0.0,0.0,0.0,0.0,0.0,0.0,0.0,0.0,0.0,7,0.0,0.0,2,2,0.8897716755647826,0.6188717677682887,0.0,0.0,0.0,0.1758008417149755,0.0,0.0,0.0,0.0,0.0,-1.0,-1.0,0.0,0.0,0.0,1.0,0.0,0.0,0.0,-1.0,-0.00033781267268529424,0.0,0.0,-1.0,-1.0,-1.0,0.0,0.0,-0.8075817909366545,-1.0,-1.0,0.0,0.0,2,5.838222820499031,0.0,0.0,0.0,0.0,0.0,0.0,0.0,0.0,0.0,0.0,0.0,0.0,0.0,0.0,0.0,0.0,0.0,0.0,0.0,0.0,0.0,0.0,0.0,0.0,0.0,0.0,0.0,0.0,0.0,0.0,0.0,0.0,0.0,0.0,0.0,0.0,0.0,0.0,0.0,0.0,0.0,0.0,0.0,0.0,0.0,0.0,0.0,0.0,0.0,0.0,0.0,0.0,0.0,0.0,0.0,0.0,0.0,768.9609430488138,0.0,0.3573435502508122,-1.2368655736119685,0.0,-1.0,0.0,-1.0,0.0,0.0,5.497123972767402,-1.0,0.0,-1.0,0.0,-1.0,1.0,1.0,0.0,0.0,-0.0870036679471092,0.34338647816014006,-0.49139929635903756,-0.19915257222373073,-1.2735939635974836,0.05220127152709441,17,13,-0.4050632911392405,1.0,0.0,0.0,0.0,0.0,0.0,0.0,0.0,1.0,0.0,0.0,0.0,0.0,0.0,0.0,0.0,1.0,0.0,1
VAR_004539,0.0,0.0,0.0,0.0,0.0,0.0,0.0,0.0,0.0,0.0,0.0,8,0.0,0.0,0.0,0.0,0.0,0.0,0.0,0.0,0.0,0.0,0.0,0.0,0.0,0.0,0.0,0.0,0.0,0.0,0.0,0.0,0.0,0.0,0.0,0.0,0.0,0.0,0.0,0.0,0.0,0.0,0.0,0.0,0.0,0.0,0.0,7,0.0,0.0,1,1,-0.007958051124301617,-0.07862479986785362,0.0,0.0,0.0,0.0,0.0,0.0,0.0,0.0,0.0,0.0,0.0,0.0,0.0,0.0,0.0,0.0,0.0,0.0,0.0,0.0,0.0,0.0,0.0,0.0,0.0,0.0,0.0,0.0,0.0,0.0,0.0,0.0,1,-0.046117761280838214,0.0,-1.0,0.0,1.0,0.0,-1.0,0.0,0.0,0.0,0.0,0.0,0.0,0.0,0.0,0.0,0.0,0.0,0.0,0.0,-1.0,0.0,-1.0,0.0,-1.0,0.0,1.0,-1.0,0.0,1.0,1.0,0.0,1.0,0.0,0.0,0.0,0.0,0.0,0.0,-1.0,1.0,0.0,0.0,-1.0,0.9199000143072601,1.0,0.0,-1.0,-0.0003199391400081,0.0,-1.0,0.0,-1.0,1.0,0.0,0.0,0.0,0.0,0.0,0.0,0.0,0.0,0.0,0.0,0.0,0.0,0.0,0.0,0.0,0.0,0.0,0.0,0.0,0.0,0.0,0.0,0.0,0.0,0.25729155745059906,-3.1781575737693077,-0.09956709556419349,-0.059266748224474634,1.0052495657684166,0.6205726869024432,11,14,-0.8607594936708861,-1.0,1.0,0.0,0.0,0.0,0.0,0.0,0.0,0.0,0.0,0.0,0.0,1.0,0.0,0.0,0.0,0.0,0.0,1
VAR_000950,0.0,0.0,0.0,0.0,0.0,0.0,0.0,0.0,0.0,0.0,0.0,8,0.0,0.0,0.0,0.0,0.0,0.0,0.0,0.0,0.0,0.0,0.0,0.0,0.0,0.0,0.0,0.0,0.0,0.0,0.0,0.0,0.0,0.0,0.0,0.0,0.0,0.0,0.0,0.0,0.0,0.0,0.0,0.0,0.0,0.0,0.0,7,0.0,0.0,3,3,0.7036683537510648,0.6244919983742251,0.0,0.0,0.0,0.0,0.0,0.0,0.0,0.0,0.0,0.0,0.0,0.0,0.0,0.0,0.0,0.0,0.0,0.0,0.0,0.0,0.0,0.0,0.0,0.0,0.0,0.0,0.0,0.0,0.0,0.0,0.0,0.0,3,0.0,0.0,0.0,0.0,0.0,0.0,0.0,0.0,0.0,0.0,0.0,0.0,0.0,0.0,0.0,0.0,0.0,0.0,0.0,0.0,0.0,0.0,0.0,0.0,0.0,0.0,0.0,0.0,0.0,0.0,0.0,0.0,0.0,0.0,0.0,0.0,0.0,0.0,0.0,0.0,0.0,0.0,0.0,0.0,0.0,0.0,0.0,0.0,0.0,0.0,0.0,0.0,0.0,0.0,0.0,0.0,0.0,0.0,0.0,0.0,0.0,0.0,0.0,0.0,0.0,0.0,0.0,0.0,0.0,0.0,0.0,0.0,0.0,0.0,0.0,0.0,0.0,0.0,0.22426347404564523,-0.3560758886602794,0.17669640242442494,0.8285110217857534,0.28984307493899486,0.7788248279946213,4,8,0.10126582278481006,0.0,0.0,0.0,0.0,0.0,0.0,0.0,0.0,0.0,1.0,0.0,0.0,0.0,0.0,0.0,0.0,0.0,0.0,1
VAR_000614,0.0,0.0,0.0,0.0,0.0,0.0,0.0,0.0,0.0,0.0,0.0,8,0.0,0.0,0.0,0.0,0.0,0.0,0.0,0.0,0.0,0.0,0.0,0.0,0.0,0.0,0.0,0.0,0.0,0.0,0.0,0.0,0.0,0.0,0.0,0.0,0.0,0.0,0.0,0.0,0.0,0.0,0.0,0.0,0.0,0.0,0.0,7,0.0,0.0,3,3,-0.09743688351106518,-0.4082322511889511,0.0,0.0,0.0,0.0,0.0,0.0,0.0,0.0,0.0,0.0,0.0,0.0,0.0,0.0,0.0,0.0,0.0,0.0,0.0,0.0,0.0,0.0,0.0,0.0,0.0,0.0,0.0,0.0,0.0,0.0,0.0,0.0,3,0.0,0.0,0.0,0.0,0.0,0.0,0.0,0.0,0.0,0.0,0.0,0.0,0.0,0.0,0.0,0.0,0.0,0.0,0.0,0.0,0.0,0.0,0.0,0.0,0.0,0.0,0.0,0.0,0.0,0.0,0.0,0.0,0.0,0.0,0.0,0.0,0.0,0.0,0.0,0.0,0.0,0.0,0.0,0.0,0.0,0.0,0.0,0.0,0.0,0.0,0.0,0.0,0.0,0.0,0.0,0.0,0.0,0.0,0.0,0.0,0.0,0.0,0.0,0.0,0.0,0.0,0.0,0.0,0.0,0.0,0.0,0.0,0.0,0.0,0.0,0.0,0.0,0.0,-0.6697081409763959,-2.586405832454364,0.2938060161481524,0.6582052436640429,-0.12367984444030228,0.7767408757080755,7,17,-0.6413502109704641,-0.5,2.0,0.0,0.0,0.0,0.0,0.0,0.0,0.0,0.0,0.0,0.0,0.0,0.0,0.0,0.0,0.0,0.0,1
VAR_003707,0.0,0.0,0.0,0.0,0.0,0.0,0.0,0.0,0.0,0.0,0.0,8,0.0,0.0,0.0,0.0,0.0,0.0,0.0,0.0,0.0,0.0,0.0,0.0,0.0,0.0,0.0,0.0,0.0,0.0,0.0,0.0,0.0,0.0,0.0,0.0,0.0,0.0,0.0,0.0,0.0,0.0,0.0,0.0,0.0,0.0,0.0,7,0.0,0.0,4,4,0.8325456442207307,0.5949731230527274,1.8342080141203951,0.0,0.0,0.0,0.0,0.0,0.0,0.0,0.0,0.0,0.0,0.0,0.0,0.0,0.0,0.0,0.0,0.0,0.0,0.0,0.0,0.0,0.0,0.0,0.0,0.0,0.0,0.0,0.0,0.0,0.0,0.0,4,0.0,0.0,0.0,0.0,0.0,0.0,0.0,0.0,0.0,0.0,0.0,0.0,0.0,0.0,0.0,0.0,0.0,0.0,0.0,0.0,0.0,0.0,0.0,0.0,0.0,0.0,0.0,0.0,0.0,0.0,0.0,0.0,0.0,0.0,0.0,0.0,0.0,0.0,0.0,0.0,0.0,0.0,0.0,0.0,0.0,0.0,0.0,0.0,0.0,0.0,0.0,0.0,0.0,0.0,0.0,0.0,0.0,0.0,0.0,0.0,0.0,0.0,0.0,0.0,0.0,0.0,0.0,0.0,0.0,0.0,0.0,0.0,0.0,0.0,0.0,0.0,0.0,0.0,-1.2659321881265455,0.34338647816014006,0.06930848283517482,-0.07495716209726576,-0.5009077766410861,0.030400458260023317,11,8,-1.130801687763713,-1.0,0.0,0.0,0.0,0.0,0.0,0.0,0.0,0.0,0.0,0.0,1.0,0.0,0.0,0.0,0.0,0.0,0.0,0
VAR_003679,-0.9640806058280535,6.1025194415957,5.182192815711993,-0.42724704058976015,65.2705649546347,192.49233026063476,15.535576618767362,68.48993151206096,-0.6053691930493189,0.0,-1.0077214859782344,16,0.0,0.0,0.0,0.0,0.0,0.0,0.0,0.0,0.0,0.8441715072595704,1.0,0.0,0.0,0.0,0.0,0.0,0.8217250065949496,0.0,0.7185886323331067,-0.17286874725693768,0.0,-1.0,-1.0,-1.0,-1.0,0.0,-1.0,-1.0,-1.0,0.0,0.0,-1.0,-1.0,-1.0,0.0,3,0.0,-1.0,3,3,-0.02691856264230648,0.31821911083774584,0.9865879986271723,-1.0,-1.0,1.0,-1.0,-1.0,0.0,0.0,0.0,-1.0,-1.0,1.0,0.0,1.0,1.0,-1.0,0.0,-1.0,-1.0,0.0039061804759067003,1.0,0.0,0.0,0.0,-1.0,0.0,0.0,0.1924182090633455,-1.0,0.0,0.0,0.0,3,0.660446531808676,0.0,-1.0,-1.0,0.0,1.0,0.0,1.0,0.0,-1.0,1.0,0.0,-1.0,1.0,0.0,0.0,0.0,-1.0,0.0,1.0,0.0,-1.0,0.0,0.0,-1.0,0.0,1.0,0.0,0.0,0.0,0.0,0.0,1.0,0.0,1.0,0.0,-1.0,0.0,0.0,-1.0,0.0,0.0,0.0,0.0,0.9199000143072601,0.0,1.0,0.0,0.0048543414788429,-1.0,-1.0,0.0,-1.0,0.0,1.0,0.0,0.0,0.0,125.28404282495758,0.0,-0.6426564497491878,-1.2368655736119685,1.0,-1.0,0.0,0.0,0.0,-5.403398540087705,5.497123972767402,0.0,-1.0,0.0,0.0,-1.0,0.0,1.0,-1.0,0.0,-1.4276917380259033,0.34338647816014006,0.27085333287973523,0.355049498861705,-0.2263258283380811,0.24373581696701235,7,4,-0.47257383966244726,0.0,0.0,0.0,0.0,0.0,0.0,0.0,0.0,1.0,0.0,0.0,0.0,0.0,0.0,0.0,1.0,1.0,0.0,1
VAR_000990,0.0,0.0,0.0,0.0,0.0,0.0,0.0,0.0,0.0,0.0,0.0,8,0.0,0.0,0.0,0.0,0.0,0.0,0.0,-1.0,0.0,-0.3910804579458442,1.0,0.0,1.0,0.0,-1.0,1.0,-0.17827499340505035,-1.0,0.7185886323331067,-0.19041986512097622,0.0,0.0,0.0,0.0,0.0,0.0,0.0,0.0,0.0,0.0,0.0,0.0,0.0,0.0,0.0,7,0.0,0.0,1,1,0.29076527700547056,-0.18686474956793536,0.6785333573835342,0.0,0.0,0.0,0.0,0.0,0.0,0.0,0.0,0.0,0.0,0.0,0.0,0.0,0.0,0.0,0.0,0.0,0.0,0.0,0.0,0.0,0.0,0.0,0.0,0.0,0.0,0.0,0.0,0.0,0.0,0.0,1,-0.123490384362204,0.0,0.0,0.0,0.0,0.0,0.0,0.0,0.0,0.0,0.0,0.0,0.0,0.0,0.0,0.0,0.0,0.0,0.0,0.0,0.0,0.0,0.0,0.0,0.0,0.0,0.0,0.0,0.0,0.0,0.0,0.0,0.0,0.0,0.0,0.0,0.0,0.0,0.0,0.0,0.0,0.0,0.0,0.0,0.0,0.0,0.0,0.0,0.0,0.0,0.0,0.0,0.0,0.0,0.0,0.0,0.0,0.0,0.0,0.0,0.0,0.0,0.0,0.0,0.0,0.0,0.0,0.0,0.0,0.0,0.0,0.0,0.0,0.0,0.0,0.0,0.0,0.0,0.25729155745059906,0.34338647816014006,0.2938060161481524,0.455448268670944,0.6357477838205513,0.5029536141177997,16,7,0.7426160337552741,-0.5,2.0,0.0,0.0,0.0,0.0,0.0,0.0,0.0,0.0,0.0,0.0,0.0,0.0,0.0,0.0,0.0,0.0,1
VAR_004549,0.0,0.0,0.0,0.0,0.0,0.0,0.0,0.0,0.0,0.0,0.0,8,0.0,0.0,0.0,0.0,0.0,0.0,0.0,0.0,0.0,0.0,0.0,0.0,0.0,0.0,0.0,0.0,0.0,0.0,0.0,0.0,0.0,0.0,0.0,0.0,0.0,0.0,0.0,0.0,0.0,0.0,0.0,0.0,0.0,0.0,0.0,7,0.0,0.0,4,4,-0.7343727302733407,-0.07909006744588312,-0.062499602083268456,0.0,0.0,0.0,0.0,0.0,0.0,0.0,0.0,0.0,0.0,0.0,0.0,0.0,0.0,0.0,0.0,0.0,0.0,0.0,0.0,0.0,0.0,0.0,0.0,0.0,0.0,0.0,0.0,0.0,0.0,0.0,4,0.0,0.0,0.0,0.0,0.0,0.0,0.0,0.0,0.0,0.0,0.0,0.0,0.0,0.0,0.0,0.0,0.0,0.0,0.0,0.0,0.0,0.0,0.0,0.0,0.0,0.0,0.0,0.0,0.0,0.0,0.0,0.0,0.0,0.0,0.0,0.0,0.0,0.0,0.0,0.0,0.0,0.0,0.0,0.0,0.0,0.0,0.0,0.0,0.0,0.0,0.0,0.0,0.0,0.0,0.0,0.0,0.0,0.0,0.0,0.0,0.0,0.0,0.0,0.0,0.0,0.0,0.0,0.0,0.0,0.0,0.0,0.0,0.0,0.0,0.0,0.0,0.0,0.0,0.25729155745059906,0.34338647816014006,-0.951741279187489,-0.6618430742648801,0.5324814991132069,-0.531350501997987,16,7,0.7426160337552741,-0.5,2.0,0.0,0.0,0.0,0.0,0.0,0.0,0.0,0.0,0.0,0.0,0.0,0.0,0.0,0.0,0.0,0.0,1
VAR_000939,0.0,0.0,0.0,0.0,0.0,0.0,0.0,0.0,0.0,0.0,0.0,8,0.0,0.0,0.0,0.0,0.0,0.0,0.0,0.0,0.0,0.0,0.0,0.0,0.0,0.0,0.0,0.0,0.0,0.0,0.0,0.0,0.0,0.0,0.0,0.0,0.0,0.0,0.0,0.0,0.0,0.0,0.0,0.0,0.0,0.0,0.0,7,0.0,0.0,2,2,0.7911036110877816,0.7558651961686087,0.816521993919229,0.0,0.0,0.0,0.0,0.0,0.0,0.0,0.0,0.0,0.0,0.0,0.0,0.0,0.0,0.0,0.0,0.0,0.0,0.0,0.0,0.0,0.0,0.0,0.0,0.0,0.0,0.0,0.0,0.0,0.0,0.0,2,0.0,0.0,0.0,0.0,0.0,0.0,0.0,0.0,0.0,0.0,0.0,0.0,0.0,0.0,0.0,0.0,0.0,0.0,0.0,0.0,0.0,0.0,0.0,0.0,0.0,0.0,0.0,0.0,0.0,0.0,0.0,0.0,0.0,0.0,0.0,0.0,0.0,0.0,0.0,0.0,0.0,0.0,0.0,0.0,0.0,0.0,0.0,0.0,0.0,0.0,0.0,0.0,0.0,0.0,0.0,0.0,0.0,0.0,0.0,0.0,0.0,0.0,0.0,0.0,0.0,0.0,0.0,0.0,0.0,0.0,0.0,0.0,0.0,0.0,0.0,0.0,0.0,0.0,-0.06509507722108097,-0.03400870253834939,0.2938060161481524,0.22262308332482403,0.14447589655103527,0.03807728938862232,0,7,-0.3206751054852321,0.5,1.0,0.0,0.0,0.0,0.0,1.0,0.0,0.0,0.0,0.0,0.0,0.0,0.0,0.0,0.0,0.0,0.0,1
VAR_004403,39.405900574247696,117.7347048660974,-0.4593754108326458,94.60357980186588,59.367666831665666,-0.6078460075389593,0.216563938528091,1.7046031523531706,105.83696613588268,0.0,-0.8548971296069656,16,0.0,0.0,0.0,0.0,0.0,0.0,0.0,0.0,0.0,-0.47075160550760514,1.0,0.0,0.0855842044446433,-1.0,-1.0,0.0,0.8217250065949496,-1.0,-0.28141136766689334,0.4075647837150214,-1.0,-1.0,0.0,0.0,-1.0,-1.0,0.0,0.0,-1.0,-1.0,-1.0,0.0,-1.0,-1.0,0.0,3,0.0,0.0,3,3,-0.08965684270873803,-2.393733513037764,0.3256597342680836,0.0,0.0,0.0,0.0,0.0,0.0,0.0,0.0,0.0,0.0,0.0,0.0,0.0,0.0,0.0,0.0,0.0,0.0,0.0,0.0,0.0,0.0,0.0,0.0,0.0,0.0,0.0,0.0,0.0,0.0,0.0,3,10.531446557343532,0.0,0.0,0.0,0.0,0.0,0.0,0.0,0.0,0.0,0.0,0.0,0.0,0.0,0.0,0.0,0.0,0.0,0.0,0.0,0.0,0.0,0.0,0.0,0.0,0.0,0.0,0.0,0.0,0.0,0.0,0.0,0.0,0.0,0.0,0.0,0.0,0.0,0.0,0.0,0.0,0.0,0.0,0.0,0.0,0.0,0.0,0.0,0.0,0.0,0.0,0.0,0.0,0.0,0.0,0.0,0.0,-1.0,-0.3832458912914484,-1.0,0.3573435502508122,-1.2368655736119685,0.0,0.0,-1.0,0.0,0.0,-5.403398540087705,5.497123972767402,-1.0,0.0,0.0,0.0,0.0,1.0,1.0,0.0,0.0,-0.6366951086856635,-0.9198535541775973,-0.18343150356715243,-0.3413467042014105,0.5043561284249692,0.34617159618226195,16,7,0.7426160337552741,-0.5,2.0,0.0,0.0,0.0,0.0,0.0,0.0,0.0,0.0,0.0,0.0,0.0,0.0,0.0,1.0,1.0,0.0,1
VAR_000676,-0.9642036928433771,-0.48654863265638354,-0.4330292769021279,-0.5107305101093836,-0.6536427514563272,-0.615305066450381,16.519423469556088,-1.0117093392894483,33.37306383915776,0.0,33.9803371830548,9,0.0,0.0,0.0,0.0,0.0,0.0,0.0,0.0,0.0,0.0,0.0,0.0,0.0,0.0,0.0,0.0,0.0,0.0,0.0,0.0,0.0,0.0,0.0,0.0,0.0,0.0,0.0,0.0,0.0,0.0,0.0,0.0,0.0,0.0,0.0,7,0.0,0.0,4,4,-0.5362468433625535,-0.7644041404605854,-1.4324776191132387,0.0,0.0,0.0,0.0,0.0,0.0,0.0,0.0,0.0,0.0,0.0,0.0,0.0,0.0,0.0,0.0,0.0,0.0,0.0,0.0,0.0,0.0,0.0,0.0,0.0,0.0,0.0,0.0,0.0,0.0,0.0,4,-0.10609343519511533,-1.0,0.0,0.0,0.0,0.0,0.0,1.0,0.0,0.0,0.0,-1.0,-1.0,1.0,0.0,0.0,0.0,-1.0,1.0,0.0,0.0,0.0,0.0,0.0,-1.0,0.0,1.0,0.0,1.0,1.0,0.0,1.0,0.0,-1.0,0.0,0.0,-1.0,0.0,0.0,-1.0,1.0,-1.0,-1.0,0.0,-0.0800999856927399,0.0,0.0,-1.0,1.543772810220004e-05,-1.0,0.0,0.0,-1.0,0.0,0.0,-1.0,0.0,-1.0,-13.876577733835624,-1.0,-0.6426564497491878,-1.2368655736119685,0.0,-1.0,-1.0,-1.0,1.0,0.0,0.0,0.0,-1.0,-1.0,-1.0,-1.0,0.0,1.0,0.0,0.0,0.21638371842295145,-0.08601919885151221,0.2938060161481524,0.4448412468575845,-0.04757970959857598,-0.0009964921904280773,21,5,-1.2489451476793247,-0.5,0.0,0.0,0.0,0.0,0.0,0.0,0.0,0.0,0.0,0.0,1.0,0.0,0.0,0.0,0.0,0.0,1.0,1
VAR_003618,112.61320610548024,9.290518809801492,112.73364679913776,278.76779461762175,0.258192385713854,49.4830074564899,226.3351052635435,313.006645241526,22.476543827812453,-0.00017676338169225002,37.475013184553056,16,-1.0,0.0077948605763404994,-0.8722805623995484,0.0,0.0,0.0,0.4657266319660073,0.0,0.0,0.8441715072595704,1.0,0.0,1.0,0.0,0.0,1.0,0.8217250065949496,0.0,0.7185886323331067,6.107691445884117,0.0,0.0,0.0,0.0,0.0,0.0,0.0,0.0,0.0,0.0,0.0,0.0,0.0,0.0,0.0,3,0.0,0.0,2,2,0.300914054686318,-3.525775047467594,-2.7857495271921686,-1.0,0.0,1.0,0.0,0.0,0.0,1.0,0.0,0.0,-1.0,1.0,0.0,1.0,1.0,0.0,0.0,0.0,0.0,0.0167536088257712,1.0,1.0,0.0,0.0,0.0,1.0,0.0,0.1924182090633455,0.0,0.0,0.0,0.014894344582327999,2,6.586302781045042,0.0,-1.0,0.0,0.0,0.0,0.0,0.0,0.0,0.0,0.0,-1.0,0.0,1.0,0.0,0.0,0.0,0.0,0.0,1.0,0.0,0.0,-1.0,0.0,0.0,0.0,1.0,0.0,0.0,1.0,0.0,1.0,1.0,0.0,1.0,0.0,0.0,1.0,0.0,0.0,1.0,0.0,0.0,0.0,0.9199000143072601,0.0,1.0,0.0,0.0068652736553516,0.0,0.0,-1.0,0.0,0.0,1.0,-1.0,0.0,0.0,636.7604645253818,0.0,-0.6426564497491878,6.3797659521948535,0.5900698387295347,0.0,-1.0,0.0,1.0,-5.403398540087705,0.0,0.0,-1.0,0.0,-1.0,0.0,0.0,1.0,0.0,-1.0,-18.51686836100148,-5.5344628078355305,-20.254572519138332,-1.5316496410909841,-6.254154771124651,-1.9919771235496189,19,12,0.4894514767932488,0.0,-0.5,0.0,0.0,0.0,0.0,0.0,1.0,0.0,0.0,0.0,0.0,0.0,0.0,0.0,1.0,1.0,0.0,0
VAR_000568,103.57458213403127,42.05517908866328,8.716550387794642,-0.5107311668502565,-0.6627843531629227,-0.6216045035790706,-0.8545819063147464,16.052127800286183,-0.4765607670732515,0.0,-1.0728392406102372,16,0.0,0.0,0.0,0.0,0.0,0.0,0.0,0.0,0.0,0.0,0.0,0.0,0.0,0.0,0.0,0.0,0.0,0.0,0.0,0.0,0.0,0.0,0.0,0.0,0.0,0.0,0.0,0.0,0.0,0.0,0.0,0.0,0.0,0.0,0.0,7,0.0,0.0,4,4,0.34990510362251376,-0.4123346622792402,-0.6671806815127692,-1.0,0.0,0.0,-1.0,-1.0,0.0,1.0,0.0,-1.0,-1.0,0.0,0.0,0.0,1.0,0.0,0.0,-1.0,0.0,0.0017889966688111997,1.0,0.0,-0.7029577642673822,0.0,0.0,1.0,-1.0,0.1924182090633455,0.0,-1.0,0.0,0.0,4,4.1381070394209125,0.0,-1.0,0.0,0.0,0.0,-1.0,0.0,0.0,0.0,0.0,-1.0,0.0,0.0,0.0,0.0,0.0,-1.0,1.0,0.0,-1.0,0.0,0.0,0.0,-1.0,0.0,0.0,0.0,1.0,1.0,1.0,1.0,0.0,0.0,1.0,0.0,0.0,0.0,-1.0,-1.0,0.0,0.0,-1.0,-1.0,0.9199000143072601,1.0,1.0,0.0,0.0042391794253359,-1.0,0.0,0.0,0.0,0.0,1.0,-1.0,-1.0,-1.0,-13.84708937954088,-1.0,-0.6426564497491878,6.3797659521948535,0.0,-1.0,0.0,-1.0,0.0,0.0,5.497123972767402,-1.0,-1.0,-1.0,0.0,0.0,0.0,1.0,0.0,-1.0,0.25729155745059906,-0.5987947860095271,0.2938060161481524,0.5319202778012805,-0.12619978464766152,-0.052636607779771354,21,7,-0.7257383966244726,-1.0,1.0,0.0,0.0,0.0,0.0,0.0,0.0,0.0,0.0,0.0,0.0,0.0,1.0,0.0,0.0,1.0,0.0,1
VAR_003699,-0.466886002343167,-0.8119935604039955,0.7826766206734518,8.764805935751703,-0.6627024520186726,-0.621605910113553,-0.4063843187817044,0.36169706823421527,0.0,0.0,2.7981048898900616,16,0.0,0.0,0.0,0.0,0.0,0.0,0.0,0.0,0.0,-0.47075160550760514,0.0,0.0,0.0,0.0,-1.0,0.0,-0.17827499340505035,0.0,-0.28141136766689334,-0.19097893335818458,0.0,0.0,0.0,0.0,-1.0,-1.0,0.0,-1.0,0.0,-1.0,0.0,-1.0,-1.0,0.0,0.0,3,0.0,-1.0,1,1,0.003912271595091009,-2.8604279890755087,-2.3961960387215075,0.0,0.0,0.0,0.0,0.0,-1.0,1.0,-1.0,0.0,0.0,1.0,0.0,1.0,1.0,-1.0,-1.0,-1.0,0.0,-0.00023199693024379998,0.0,1.0,0.0,0.0,-1.0,0.0,0.0,-0.8075817909366545,0.0,0.0,0.0,0.0,1,3.6458586331434266,0.0,0.0,0.0,0.0,0.0,0.0,0.0,0.0,0.0,1.0,-1.0,-1.0,0.0,0.0,0.0,0.0,0.0,0.0,0.0,0.0,-0.47135713873103235,0.0,-1.0,-1.0,-1.0,0.9171209045613544,0.0,0.0,1.0,0.0,0.0,0.0,-1.0,1.0,-1.0,0.0,1.0,-1.0,0.0,1.0,0.0,0.0,-1.0,-0.0800999856927399,1.0,1.0,0.0,-0.0005218288795068378,0.0,0.0,0.0,-1.0,0.0,1.0,0.0,0.0,0.0,2.7544763236686145,0.0,0.3573435502508122,-1.2368655736119685,0.0,0.0,-1.0,0.0,0.0,-5.403398540087705,5.497123972767402,0.0,-1.0,-1.0,-1.0,0.0,0.0,0.0,0.0,0.0,-19.391134068209873,-0.334479616816806,0.2938060161481524,-0.9743568180170123,0.9365205827277071,-0.5290453036318669,10,5,0.11814345991561176,1.0,0.0,0.0,1.0,0.0,0.0,0.0,0.0,0.0,0.0,0.0,0.0,0.0,0.0,0.0,1.0,1.0,0.0,0
VAR_004386,2.459815046428836,54.15766632792781,10.416886576378099,169.93063262869882,15.355944340951654,-0.6139446618329064,-0.9734208947026016,-1.0116787865564552,212.07293506202626,-0.00039424057211858555,-1.058248139061842,28,0.0,0.0,0.0,0.0,0.0,0.0,0.0,0.0,0.0,-0.47075160550760514,1.0,0.0,1.0,0.0,0.0,0.0,-0.17827499340505035,0.0,0.7185886323331067,-0.19200266137574748,0.0,0.0,-1.0,0.0,0.0,0.0,0.0,0.0,0.0,0.0,0.0,0.0,0.0,0.0,0.0,7,0.0,0.0,2,2,-2.8310060337384106,-1.945886752165946,0.0,0.0,-1.0,0.0,0.0,0.0,0.0,1.0,0.0,-1.0,-1.0,0.0,0.0,0.0,0.0,-1.0,-1.0,-1.0,0.0,-0.0001867086815275,1.0,0.0,0.0,0.0,0.0,0.0,-1.0,-0.8075817909366545,-1.0,0.0,0.0,-0.000731568448832145,2,-0.08840399231154303,-1.0,0.0,-1.0,0.0,1.0,-1.0,0.7091866749562168,0.0,0.0,1.0,0.0,0.0,0.0,0.0,0.0,0.0,0.0,0.0,0.0,0.0,0.0,0.0,0.0,-1.0,-1.0,1.0,0.0,0.0,1.0,1.0,0.0,0.0,0.0,1.0,-1.0,0.0,1.0,0.0,0.0,1.0,0.0,-1.0,-1.0,0.9199000143072601,0.0,0.0,0.0,-0.0004680967120945132,-1.0,-1.0,-1.0,0.0,0.0,0.0,0.0,0.0,-1.0,369.62246751957775,0.0,0.3573435502508122,6.3797659521948535,0.0,0.0,0.0,-1.0,1.0,0.0,0.0,0.0,0.0,-1.0,0.0,-1.0,1.0,1.0,-1.0,-1.0,0.25729155745059906,0.34338647816014006,0.2938060161481524,0.41606578081155327,-0.8836485393174288,0.03459721811926138,12,9,0.48945147679324885,1.0,0.5,0.0,0.0,0.0,0.0,0.0,0.0,0.0,0.0,0.0,0.0,0.0,0.0,-1.0,0.0,1.0,0.0,1
VAR_001282,0.0,0.0,0.0,0.0,0.0,0.0,0.0,0.0,0.0,-0.00039437101280144943,-0.9981309975324401,23,0.0,0.0,0.0,0.0,0.0,0.0,0.0,-0.6719753819531376,-1.0,-0.47075160550760514,1.0,0.0,0.0,0.0,-1.0,1.0,-0.17827499340505035,0.0,-0.28141136766689334,-0.19172137714483425,0.0,0.0,-1.0,-1.0,-1.0,0.0,-1.0,0.0,-1.0,-1.0,0.0,-1.0,-1.0,-1.0,0.0,3,0.0,-1.0,2,2,0.29878380075107186,0.29322554944274626,0.0,-1.0,0.0,0.0,0.0,-1.0,-1.0,1.0,0.0,-1.0,0.0,0.0,0.0,1.0,1.0,-1.0,0.0,0.0,0.0,0.0010762791222587,1.0,1.0,-1.0,0.0,0.0,0.0,-1.0,0.1924182090633455,-1.0,-1.0,-1.0,-0.000732968683234798,2,-0.039346731447600126,-1.0,-1.0,0.0,1.0,1.0,-1.0,1.0,1.0,0.0,0.0,0.0,0.0,1.0,0.0,0.0,0.0,-1.0,1.0,1.0,0.0,0.0,0.0,-1.0,0.0,0.0,0.0,-1.0,1.0,1.0,0.0,0.0,0.0,0.0,0.0,0.0,-1.0,0.0,0.0,0.0,0.0,0.0,0.0,-1.0,0.9199000143072601,0.0,0.0,-1.0,0.0016675238343098,0.0,0.0,0.0,0.0,1.0,1.0,-1.0,-1.0,-1.0,-13.534230335329474,0.0,0.3573435502508122,-1.211088000654288,0.7646124541534606,-1.0,0.0,0.0,0.0,-5.403398540087705,0.0,0.0,-1.0,-1.0,0.0,0.0,1.0,1.0,0.0,-1.0,-0.8110556268074477,0.34338647816014006,0.2904749860926679,-0.44954551243287794,0.10240648895964431,-0.3629262736957622,10,13,0.11814345991561176,0.5,1.0,0.0,0.0,0.0,0.0,0.0,0.0,0.0,0.0,0.0,0.0,0.0,0.0,-1.0,1.0,0.0,0.0,1
VAR_004618,9.344409219062877,-0.8111679607690188,-0.422799270563694,16.55782753727718,-0.3801226173004118,447.85429100038084,-0.6965695837114259,-0.8935712042399246,-0.60557952046589,0.00012700011749645,-0.7017523027485696,28,0.0,0.0,0.0,0.0,0.0,0.0,0.0,0.0,0.0,0.0,0.0,0.0,0.0,0.0,0.0,0.0,0.0,0.0,0.0,0.0,0.0,0.0,0.0,0.0,0.0,0.0,0.0,0.0,0.0,0.0,0.0,0.0,0.0,0.0,0.0,7,0.0,0.0,5,5,0.0,0.0,0.0,0.0,0.0,0.0,0.0,0.0,0.0,0.0,0.0,0.0,0.0,0.0,0.0,0.0,0.0,0.0,0.0,0.0,0.0,0.0,0.0,0.0,0.0,0.0,0.0,0.0,0.0,0.0,0.0,0.0,0.0,0.0,5,0.0,0.0,0.0,0.0,0.0,0.0,0.0,0.0,0.0,0.0,0.0,0.0,0.0,0.0,0.0,0.0,0.0,0.0,0.0,0.0,0.0,0.0,0.0,0.0,0.0,0.0,0.0,0.0,0.0,0.0,0.0,0.0,0.0,0.0,0.0,0.0,0.0,0.0,0.0,0.0,0.0,0.0,0.0,0.0,0.0,0.0,0.0,0.0,0.0,0.0,0.0,0.0,0.0,0.0,0.0,0.0,0.0,0.0,0.0,0.0,0.0,0.0,0.0,0.0,0.0,0.0,0.0,0.0,0.0,0.0,0.0,0.0,0.0,0.0,0.0,0.0,0.0,0.0,0.0,0.0,0.0,0.0,0.0,0.0,24,25,0.0,0.0,0.0,0.0,0.0,0.0,0.0,0.0,0.0,0.0,0.0,0.0,0.0,0.0,0.0,-1.0,0.0,1.0,0.0,0
VAR_000895,-0.9688555258019876,1.3544454586444743,-0.4609935145785331,-0.49767639816768566,2.593389560388794,-0.6216056940488918,-0.9706861349774827,3.300875900170741,-0.6053753110983078,0.0,-1.0749498073050487,16,0.0,0.0,0.0,0.0,0.0,0.0,0.0,0.0,0.0,0.0,0.0,0.0,0.0,0.0,0.0,0.0,0.0,0.0,0.0,0.0,0.0,0.0,0.0,0.0,0.0,0.0,0.0,0.0,0.0,0.0,0.0,0.0,0.0,0.0,0.0,7,0.0,0.0,2,2,0.21151936623526846,-0.6849473408474593,-1.5987170252505043,0.0,0.0,0.0,0.0,0.0,0.0,0.0,0.0,0.0,0.0,0.0,0.0,0.0,0.0,0.0,0.0,0.0,0.0,0.0,0.0,0.0,0.0,0.0,0.0,0.0,0.0,0.0,0.0,0.0,0.0,0.0,2,11.743071796162095,0.0,0.0,0.0,0.0,0.0,0.0,0.0,0.0,0.0,0.0,0.0,0.0,0.0,0.0,0.0,0.0,0.0,0.0,0.0,0.0,0.0,0.0,0.0,0.0,0.0,0.0,0.0,0.0,0.0,0.0,0.0,0.0,0.0,0.0,0.0,0.0,0.0,0.0,0.0,0.0,0.0,0.0,0.0,0.0,0.0,0.0,0.0,0.0,0.0,0.0,0.0,0.0,0.0,0.0,0.0,0.0,0.0,10.800309486390809,0.0,-0.6426564497491878,-1.2368655736119685,1.0,-1.0,-1.0,-1.0,0.0,0.0,5.497123972767402,-1.0,-1.0,-1.0,0.0,-1.0,1.0,1.0,0.0,-1.0,-0.18015987720141044,-10.008429736894591,-0.008466122424442408,-0.07819895125847884,-0.27968358725268416,-0.44936350633998584,17,23,0.03375527426160336,-1.0,-0.5,0.0,0.0,0.0,0.0,1.0,0.0,0.0,0.0,0.0,0.0,0.0,0.0,0.0,0.0,1.0,0.0,1
VAR_004394,3.3709329832981356,33.19200165502323,26.037686298130282,1.006319194374687,-0.6626621530399016,-0.6216059045494882,24.417014859467685,0.1219374853839003,-0.5844392301012261,0.0,-1.0749741986114059,16,0.0,0.0,0.0,0.0,0.0,0.0,0.0,0.0,0.0,0.0,0.0,0.0,0.0,0.0,0.0,0.0,0.0,0.0,0.0,0.0,0.0,0.0,0.0,0.0,0.0,0.0,0.0,0.0,0.0,0.0,0.0,0.0,0.0,0.0,0.0,7,0.0,0.0,3,3,-0.12667018622798526,-1.0919567506788161,0.0,0.0,-1.0,0.0,-1.0,-1.0,-1.0,0.0,-1.0,-1.0,-1.0,0.0,-1.0,1.0,0.0,0.0,0.0,-1.0,0.0,0.0125039077012442,0.0,1.0,0.0,0.0,-1.0,0.0,-1.0,-0.8075817909366545,0.0,-1.0,0.0,0.0,3,-0.12878441003574143,0.0,0.0,0.0,0.0,0.0,0.0,0.0,0.0,0.0,0.0,0.0,0.0,0.0,0.0,0.0,0.0,0.0,0.0,0.0,0.0,0.0,0.0,0.0,0.0,0.0,0.0,0.0,0.0,0.0,0.0,0.0,0.0,0.0,0.0,0.0,0.0,0.0,0.0,0.0,0.0,0.0,0.0,0.0,0.0,0.0,0.0,0.0,0.0,0.0,0.0,0.0,0.0,0.0,0.0,0.0,0.0,-1.0,-1.481303422697906,-1.0,-0.6426564497491878,6.3797659521948535,0.0,0.0,0.0,0.0,1.0,0.0,5.497123972767402,0.0,0.0,-1.0,-1.0,0.0,0.0,1.0,0.0,0.0,-0.6318707987024716,-0.3933244719144772,0.2938060161481524,0.5096880999987614,0.3091121720295764,0.7788248279946213,14,11,0.9620253164556961,-1.0,1.0,0.0,0.0,0.0,0.0,0.0,1.0,0.0,0.0,0.0,0.0,0.0,0.0,0.0,0.0,1.0,0.0,1
VAR_001067,0.0,0.0,0.0,0.0,0.0,0.0,0.0,0.0,0.0,0.0,0.0,8,0.0,0.0,0.0,0.0,0.0,0.0,0.0,0.0,0.0,0.0,0.0,0.0,0.0,0.0,0.0,0.0,0.0,0.0,0.0,0.0,0.0,0.0,0.0,0.0,0.0,0.0,0.0,0.0,0.0,0.0,0.0,0.0,0.0,0.0,0.0,7,0.0,0.0,4,4,-0.31217198313207245,0.4235418890591486,1.1126502959994078,0.0,0.0,0.0,0.0,0.0,0.0,0.0,0.0,0.0,0.0,0.0,0.0,0.0,0.0,0.0,0.0,0.0,0.0,0.0,0.0,0.0,0.0,0.0,0.0,0.0,0.0,0.0,0.0,0.0,0.0,0.0,4,0.0,0.0,0.0,0.0,0.0,0.0,0.0,0.0,0.0,0.0,0.0,0.0,0.0,0.0,0.0,0.0,0.0,0.0,0.0,0.0,0.0,0.0,0.0,0.0,0.0,0.0,0.0,0.0,0.0,0.0,0.0,0.0,0.0,0.0,0.0,0.0,0.0,0.0,0.0,0.0,0.0,0.0,0.0,0.0,0.0,0.0,0.0,0.0,0.0,0.0,0.0,0.0,0.0,0.0,0.0,0.0,0.0,0.0,0.0,0.0,0.0,0.0,0.0,0.0,0.0,0.0,0.0,0.0,0.0,0.0,0.0,0.0,0.0,0.0,0.0,0.0,0.0,0.0,-1.60968455281034,0.34338647816014006,0.2938060161481524,0.22371809104900964,-0.4033288389934198,-0.08724803649791679,11,14,-0.8607594936708861,-1.0,1.0,0.0,0.0,0.0,0.0,0.0,0.0,0.0,0.0,0.0,0.0,1.0,0.0,0.0,0.0,0.0,0.0,1
VAR_001258,-0.9688694228748371,-0.8120943872747038,-0.4609934554452297,0.40372956011796407,331.5436565794346,55.49591911943627,-0.9694987811814145,-1.01173145118987,-0.6048589278330062,0.0,-1.0749741979790008,16,0.0,0.0,0.0,0.0,0.0,0.0,0.0,0.0,0.0,0.0,0.0,0.0,0.0,0.0,0.0,0.0,0.0,0.0,0.0,0.0,0.0,0.0,0.0,0.0,0.0,0.0,0.0,0.0,0.0,0.0,0.0,0.0,0.0,0.0,0.0,7,0.0,0.0,1,1,0.456699070001808,0.32540205229845315,1.5131765088247524,0.0,0.0,0.0,0.0,0.0,0.0,0.0,0.0,0.0,0.0,0.0,0.0,0.0,0.0,0.0,0.0,0.0,0.0,0.0,0.0,0.0,0.0,0.0,0.0,0.0,0.0,0.0,0.0,0.0,0.0,0.0,1,2.192533161825144,0.0,0.0,0.0,0.0,0.0,0.0,0.0,0.0,0.0,0.0,0.0,0.0,0.0,0.0,0.0,0.0,0.0,0.0,0.0,0.0,0.0,0.0,0.0,0.0,0.0,0.0,0.0,0.0,0.0,0.0,0.0,0.0,0.0,0.0,0.0,0.0,0.0,0.0,0.0,0.0,0.0,0.0,0.0,0.0,0.0,0.0,0.0,0.0,0.0,0.0,0.0,0.0,0.0,0.0,0.0,0.0,-1.0,-9.357541494266895,0.0,0.3573435502508122,6.3797659521948535,0.0,0.0,-1.0,0.0,0.0,-5.403398540087705,5.497123972767402,0.0,0.0,0.0,-1.0,0.0,0.0,0.0,0.0,0.0,0.25729155745059906,0.34338647816014006,0.2938060161481524,0.5261762071783265,0.3918348977681441,0.5436741584604535,13,19,0.5063291139240506,1.0,0.0,0.0,1.0,0.0,0.0,0.0,0.0,0.0,0.0,0.0,0.0,0.0,0.0,0.0,0.0,1.0,0.0,1
VAR_004724,0.0,0.0,0.0,0.0,0.0,0.0,0.0,0.0,0.0,0.0,0.0,8,0.0,0.0,0.0,0.0,0.0,0.0,0.0,-1.0,0.0,-0.47075160550760514,0.0,0.0,1.0,0.0,-1.0,1.0,0.8217250065949496,-1.0,0.7185886323331067,70.10990320117784,0.0,-1.0,0.0,0.0,0.0,0.0,0.0,0.0,0.0,0.0,0.0,0.0,0.0,0.0,0.0,7,0.0,0.0,4,4,0.799125688534713,0.40752023744052257,0.0,0.0,0.0,0.0,0.0,0.0,0.0,0.0,0.0,0.0,0.0,0.0,0.0,0.0,0.0,0.0,0.0,0.0,0.0,0.0,0.0,0.0,0.0,0.0,0.0,0.0,0.0,0.0,0.0,0.0,0.0,0.0,4,-0.12067867999872635,0.0,0.0,0.0,0.0,0.0,0.0,0.0,0.0,0.0,0.0,0.0,0.0,0.0,0.0,0.0,0.0,0.0,0.0,0.0,0.0,0.0,0.0,0.0,0.0,0.0,0.0,0.0,0.0,0.0,0.0,0.0,0.0,0.0,0.0,0.0,0.0,0.0,0.0,0.0,0.0,0.0,0.0,0.0,0.0,0.0,0.0,0.0,0.0,0.0,0.0,0.0,0.0,0.0,0.0,0.0,0.0,0.0,0.0,0.0,0.0,0.0,0.0,0.0,0.0,0.0,0.0,0.0,0.0,0.0,0.0,0.0,0.0,0.0,0.0,0.0,0.0,0.0,0.25729155745059906,0.34338647816014006,0.2938060161481524,-0.5195832235824699,0.061338614422703615,-0.08290193200206397,8,17,-0.16877637130801687,0.5,0.0,0.0,1.0,0.0,0.0,0.0,0.0,0.0,0.0,0.0,0.0,0.0,0.0,0.0,0.0,0.0,0.0,1
VAR_001075,0.0,0.0,0.0,0.0,0.0,0.0,0.0,0.0,0.0,0.0,0.0,8,0.0,0.0,0.0,0.0,0.0,0.0,0.0,-1.0,-1.0,-0.47075160550760514,0.0,0.0,1.0,0.0,-1.0,1.0,-0.17827499340505035,-1.0,-0.28141136766689334,8.564540132863526,0.0,0.0,0.0,0.0,0.0,0.0,0.0,0.0,0.0,0.0,0.0,0.0,0.0,0.0,0.0,7,0.0,0.0,2,2,0.25037497804072034,0.2520613440402129,0.7023841572882913,0.0,0.0,0.0,0.0,0.0,0.0,0.0,0.0,0.0,0.0,0.0,0.0,0.0,0.0,0.0,0.0,0.0,0.0,0.0,0.0,0.0,0.0,0.0,0.0,0.0,0.0,0.0,0.0,0.0,0.0,0.0,2,-0.13023784245256667,0.0,0.0,0.0,0.0,0.0,0.0,0.0,0.0,0.0,0.0,0.0,0.0,0.0,0.0,0.0,0.0,0.0,0.0,0.0,0.0,0.0,0.0,0.0,0.0,0.0,0.0,0.0,0.0,0.0,0.0,0.0,0.0,0.0,0.0,0.0,0.0,0.0,0.0,0.0,0.0,0.0,0.0,0.0,0.0,0.0,0.0,0.0,0.0,0.0,0.0,0.0,0.0,0.0,0.0,0.0,0.0,0.0,0.0,0.0,0.0,0.0,0.0,0.0,0.0,0.0,0.0,0.0,0.0,0.0,0.0,0.0,0.0,0.0,0.0,0.0,0.0,0.0,-0.3638746749739062,-0.5872134896764005,-0.09862580646386587,0.28487277495260804,-1.677023880177459,0.002692059309033421,0,4,-0.8438818565400843,-0.5,0.0,0.0,0.0,0.0,1.0,0.0,0.0,0.0,0.0,0.0,0.0,0.0,0.0,0.0,0.0,0.0,0.0,1
VAR_000930,-0.9688694466481274,227.3129175779751,-0.46099351940471545,1.6677780890055913,-0.6627772303893456,82.75075560285778,12.076638725431902,-0.9526307176690193,86.80159841206692,0.0,27.540989956059118,18,0.0,0.0,0.0,0.0,0.0,0.0,0.0,0.0,0.0,0.0,0.0,0.0,0.0,0.0,0.0,0.0,0.0,0.0,0.0,0.0,0.0,0.0,0.0,0.0,0.0,0.0,0.0,0.0,0.0,0.0,0.0,0.0,0.0,0.0,0.0,7,0.0,0.0,2,2,0.7595764346481929,-0.34505154121371423,-1.2855024218959037,0.0,0.0,0.0,0.0,-1.0,-1.0,0.0,-1.0,0.0,-1.0,0.0,-1.0,1.0,0.0,-1.0,-1.0,0.0,0.0,0.0068448939779817,0.0,0.0,-1.0,0.0,-1.0,1.0,0.0,-0.8075817909366545,0.0,-1.0,0.0,0.0,2,-0.10507584566467383,0.0,0.0,0.0,0.0,0.0,0.0,0.0,0.0,0.0,0.0,0.0,0.0,0.0,0.0,0.0,0.0,0.0,0.0,0.0,0.0,0.0,0.0,0.0,0.0,0.0,0.0,0.0,0.0,0.0,0.0,0.0,0.0,0.0,0.0,0.0,0.0,0.0,0.0,0.0,0.0,0.0,0.0,0.0,0.0,0.0,0.0,0.0,0.0,0.0,0.0,0.0,0.0,0.0,0.0,0.0,0.0,-1.0,18.728197709844192,0.0,-0.6426564497491878,6.3797659521948535,0.0,-1.0,-1.0,-1.0,0.0,-5.403398540087705,5.497123972767402,0.0,-1.0,-1.0,-1.0,-1.0,0.0,1.0,-1.0,-1.0,0.13457708937807453,0.31316880726047414,0.2938060161481524,-0.48481769180817635,-0.6993790277522045,-1.1481639895831004,11,22,0.11814345991561183,1.0,2.0,0.0,0.0,0.0,0.0,0.0,0.0,0.0,0.0,0.0,0.0,0.0,0.0,0.0,0.0,0.0,0.0,0
VAR_003634,-0.6762347707561431,3.1844733238888656,174.14103421059002,338.2531529734999,0.354872351234891,-0.6146652491329266,13.883184589682488,68.47309301879056,4.304094270455275,0.04252473470335415,33.60772762810226,27,-1.0,-0.0026327234700421,0.12771943760045157,0.0,0.0,0.0,-0.5342733680339927,-1.0,-1.0,-0.47075160550760514,1.0,-1.0,0.0,0.0,0.0,0.0,0.8217250065949496,-1.0,0.7185886323331067,2.778242240655165,0.0,0.0,0.0,-1.0,-1.0,0.0,0.0,-1.0,0.0,0.0,0.0,0.0,0.0,0.0,0.0,6,0.0,0.0,1,1,-1.1008033979019163,0.038089481938435546,1.2214128456420859,-1.0,-1.0,1.0,0.0,-1.0,-1.0,0.0,0.0,-1.0,-1.0,0.0,0.0,0.0,0.0,-1.0,0.0,-1.0,0.0,0.0003645960842121,1.0,0.0,-1.0,-1.0,-1.0,1.0,-1.0,0.1924182090633455,0.0,0.0,-1.0,0.068463515249449,1,1.8761721907522368,-1.0,-1.0,0.0,0.0,1.0,-1.0,1.0,1.0,0.0,0.0,-1.0,-1.0,1.0,-1.0,0.0,-1.0,-1.0,0.0,0.0,0.0,0.0,-1.0,0.0,-1.0,0.0,1.0,-1.0,0.0,0.0,1.0,0.0,1.0,0.0,0.0,0.0,-1.0,1.0,0.0,0.0,0.0,0.0,-1.0,-1.0,-0.0800999856927399,1.0,0.0,0.0,-0.0005100491795933834,0.0,0.0,-1.0,0.0,0.0,0.0,0.0,0.0,-1.0,-10.428628741629877,-1.0,-0.6426564497491878,6.3797659521948535,1.0,-1.0,0.0,-1.0,1.0,0.0,5.497123972767402,-1.0,0.0,0.0,0.0,0.0,1.0,1.0,-1.0,-1.0,-0.06956337752428822,-0.3336398116787222,-0.38866666126839244,-0.09361386703296232,0.8927590857162795,0.584766420342544,4,22,1.350210970464135,-1.0,0.0,0.0,0.0,1.0,0.0,0.0,0.0,0.0,0.0,0.0,0.0,0.0,0.0,-1.0,1.0,0.0,0.0,0
VAR_001085,8.268702252054211,2.5227443062768113,8.646010620089738,48.81714528411007,-0.662462903787395,2.7982948494342255,41.60256510227889,13.35002877199672,50.845634527495086,-0.0003943708412493672,52.79817865481619,6,0.0,0.0,-0.8722805623995484,0.0,0.0,-1.0,-0.5342733680339927,0.0,0.0,-0.47075160550760514,0.0,0.0,0.0,0.0,0.0,0.0,0.8217250065949496,0.0,0.7185886323331067,5.290973251953835,0.0,0.0,0.0,0.0,0.0,-1.0,0.0,0.0,-1.0,0.0,0.0,0.0,0.0,-1.0,0.0,1,-1.0,0.0,1,1,-0.30168489845406754,-0.02942703581623348,0.0,0.0,0.0,0.0,0.0,0.0,0.0,0.0,0.0,0.0,0.0,1.0,0.0,1.0,0.0,-1.0,0.0,0.0,-1.0,0.0022969269847763,0.0,0.0,0.0,-1.0,0.0,1.0,0.0,-0.8075817909366545,0.0,0.0,0.0,0.0028743696452827,1,1.9022010154130544,0.0,0.0,-1.0,1.0,1.0,0.0,1.0,0.0,0.0,1.0,0.0,0.0,0.0,0.0,0.0,-1.0,0.0,0.0,0.0,0.0,-1.0,0.0,0.0,-1.0,0.0,1.0,-1.0,1.0,1.0,0.0,1.0,0.0,0.0,0.0,-1.0,0.0,1.0,0.0,-1.0,0.0,0.0,0.0,0.0,-0.0800999856927399,0.0,1.0,0.0,0.0006230792639622001,0.0,0.0,0.0,0.0,1.0,0.0,-1.0,0.0,0.0,103.37826599091557,0.0,0.3573435502508122,-1.2368655736119685,0.0,0.0,0.0,-1.0,0.0,0.0,5.497123972767402,0.0,-1.0,0.0,-1.0,0.0,0.0,0.0,0.0,-1.0,0.25729155745059906,0.34338647816014006,0.2938060161481524,0.22679581188519427,0.6164266959375225,0.649753290898281,10,5,0.11814345991561176,1.0,0.0,0.0,1.0,0.0,0.0,0.0,0.0,0.0,0.0,0.0,0.0,0.0,0.0,0.0,1.0,0.0,0.0,0
VAR_004417,0.0,0.0,0.0,0.0,0.0,0.0,0.0,0.0,0.0,0.0,0.0,8,0.0,0.0,0.0,0.0,0.0,0.0,0.0,0.0,0.0,0.0,0.0,0.0,0.0,0.0,0.0,0.0,0.0,0.0,0.0,0.0,0.0,0.0,0.0,0.0,0.0,0.0,0.0,0.0,0.0,0.0,0.0,0.0,0.0,0.0,0.0,7,0.0,0.0,2,2,-0.06474608091796329,0.2569375274826374,0.9284605750845065,0.0,0.0,0.0,0.0,0.0,0.0,0.0,0.0,0.0,0.0,0.0,0.0,0.0,0.0,0.0,0.0,0.0,0.0,0.0,0.0,0.0,0.0,0.0,0.0,0.0,0.0,0.0,0.0,0.0,0.0,0.0,2,0.0,0.0,0.0,0.0,0.0,0.0,0.0,0.0,0.0,0.0,0.0,0.0,0.0,0.0,0.0,0.0,0.0,0.0,0.0,0.0,0.0,0.0,0.0,0.0,0.0,0.0,0.0,0.0,0.0,0.0,0.0,0.0,0.0,0.0,0.0,0.0,0.0,0.0,0.0,0.0,0.0,0.0,0.0,0.0,0.0,0.0,0.0,0.0,0.0,0.0,0.0,0.0,0.0,0.0,0.0,0.0,0.0,0.0,0.0,0.0,0.0,0.0,0.0,0.0,0.0,0.0,0.0,0.0,0.0,0.0,0.0,0.0,0.0,0.0,0.0,0.0,0.0,0.0,0.25729155745059906,-0.05074876147679451,0.2938060161481524,0.4295943324204399,-0.84826522193297,-0.5656067580605993,0,14,-0.5232067510548524,0.0,1.0,0.0,0.0,0.0,0.0,0.0,0.0,0.0,1.0,0.0,0.0,0.0,0.0,0.0,0.0,0.0,0.0,1
VAR_003552,76.292892007416,50.158876313754,140.4990230169439,153.46556626089767,723.746269722565,375.74721996354,237.45952405394533,161.57904426906842,335.1582552007009,0.09459164999313345,172.74434877454965,7,0.0,0.0634862362751072,0.12771943760045157,0.0,0.0,0.0,0.4657266319660073,0.0,0.0,0.8441715072595704,1.0,0.0,1.0,0.0,0.0,1.0,0.8217250065949496,0.0,0.7185886323331067,143.33234883220234,0.0,0.0,0.0,0.0,0.0,0.0,0.0,0.0,0.0,0.0,0.0,0.0,0.0,-1.0,0.0,6,0.0,0.0,1,1,0.27324008847207604,-2.4209294470981546,-3.62395515670399,0.0,0.0,1.0,0.0,0.0,0.0,1.0,0.0,0.0,0.0,1.0,0.0,1.0,1.0,0.0,0.0,0.0,0.0,0.060698571341114,1.0,1.0,0.0,0.0,0.0,1.0,0.0,0.1924182090633455,0.0,0.0,0.0,0.0484122435117326,1,25.97342409714111,0.0,0.0,0.0,1.0,1.0,0.0,1.0,1.0,0.0,1.0,0.0,0.0,1.0,0.0,0.0,0.0,0.0,1.0,1.0,0.0,0.0,0.0,0.0,0.0,0.0,0.0,0.0,1.0,1.0,0.0,1.0,1.0,0.0,1.0,0.0,0.0,1.0,0.0,0.0,0.0,0.0,0.0,0.0,-0.0800999856927399,1.0,1.0,0.0,0.012803458060045299,-1.0,0.0,-1.0,0.0,1.0,1.0,0.0,0.0,0.0,1011.853391212039,0.0,0.3573435502508122,6.3797659521948535,1.0,0.0,0.0,0.0,0.0,0.0,5.497123972767402,0.0,0.0,0.0,0.0,0.0,1.0,1.0,0.0,0.0,-15.422560879817922,-1.5249598901555654,-20.413604618804733,-1.1812915431762223,0.9727298024685949,-1.3339226539868483,13,8,0.10126582278481006,1.0,0.0,1.0,0.0,0.0,0.0,0.0,0.0,0.0,0.0,0.0,0.0,0.0,0.0,0.0,1.0,0.0,0.0,0
VAR_001053,0.0,2.48796888328602,-0.46077698303434506,-0.5107311668318646,86.25894101233662,-0.6213629678372821,-0.9718930534759532,0.08978218597178603,37.859250915198395,0.0,17.57836151037055,16,0.0,0.0,0.0,0.0,0.0,0.0,0.0,0.0,0.0,0.0,0.0,0.0,0.0,0.0,0.0,0.0,0.0,0.0,0.0,0.0,0.0,0.0,0.0,0.0,0.0,0.0,0.0,0.0,0.0,0.0,0.0,0.0,0.0,0.0,0.0,7,0.0,0.0,2,2,-0.9144391208534305,-4.062844098509373,-4.049113657497393,0.0,-1.0,0.0,-1.0,0.0,0.0,0.0,0.0,0.0,0.0,0.0,-1.0,0.0,1.0,0.0,-1.0,-1.0,0.0,0.0108782231514895,0.0,0.0,-1.0,-1.0,-1.0,0.0,0.0,0.1924182090633455,0.0,-1.0,0.0,0.0,2,5.64077356108072,0.0,0.0,0.0,0.0,0.0,0.0,0.0,0.0,0.0,0.0,0.0,0.0,0.0,0.0,0.0,0.0,0.0,0.0,0.0,0.0,0.0,0.0,0.0,0.0,0.0,0.0,0.0,0.0,0.0,0.0,0.0,0.0,0.0,0.0,0.0,0.0,0.0,0.0,0.0,0.0,0.0,0.0,0.0,0.0,0.0,0.0,0.0,0.0,0.0,0.0,0.0,0.0,0.0,0.0,0.0,0.0,-1.0,-13.647093130188614,0.0,-0.6426564497491878,6.3797659521948535,1.0,0.0,0.0,0.0,0.0,-5.403398540087705,0.0,0.0,0.0,0.0,0.0,-1.0,1.0,1.0,0.0,0.0,-19.391134068209873,-9.581999213213923,0.0,-1.214621219655565,-7.141520430949164,0.0,0,22,0.45569620253164556,0.5,1.0,0.0,0.0,0.0,0.0,0.0,1.0,0.0,0.0,0.0,0.0,0.0,0.0,0.0,0.0,1.0,0.0,0
VAR_004709,-0.561315225898913,-0.8078006939744704,-0.25137036442776545,-0.48547940312290466,666.4627567624533,-0.258728022485017,0.9053141509591096,-0.4014586946203789,-0.6055585025575269,0.00676134297186235,-0.4578969023087436,15,0.0,0.0,0.0,0.0,0.0,0.0,0.0,0.0,0.0,0.8441715072595704,0.0,0.0,1.0,0.0,0.0,0.0,-0.17827499340505035,-1.0,0.7185886323331067,-0.10051176754050153,0.0,-1.0,-1.0,-1.0,0.0,0.0,0.0,0.0,0.0,-1.0,-1.0,-1.0,0.0,-1.0,0.0,1,0.0,-1.0,4,4,-0.41365081911267787,-0.751741304937872,0.40831822494341813,0.0,0.0,0.0,-1.0,-1.0,-1.0,0.0,-1.0,0.0,-1.0,1.0,-1.0,1.0,0.0,-1.0,0.0,0.0,0.0,-0.00024289330582639507,1.0,0.0,0.0,0.0,0.0,0.0,0.0,0.1924182090633455,-1.0,-1.0,0.0,0.0114757697742606,4,0.06991252388657758,0.0,0.0,0.0,0.0,0.0,-1.0,0.0,0.0,0.0,0.0,-1.0,0.0,1.0,-1.0,0.0,-1.0,-1.0,1.0,1.0,0.0,0.0,0.0,-1.0,0.0,0.0,0.0,-1.0,0.0,1.0,0.0,0.0,1.0,-1.0,0.0,-1.0,-1.0,0.0,0.0,0.0,0.0,0.0,-1.0,0.0,0.2220647737365803,0.0,0.0,0.0,-0.0005218283725012855,0.0,0.0,-1.0,-1.0,0.0,0.0,-1.0,-1.0,-1.0,-6.0246104520910855,-1.0,-0.35734355025081227,-1.2368655736119685,0.0,0.0,0.0,-1.0,0.0,-5.403398540087705,5.497123972767402,-1.0,-1.0,0.0,0.0,-1.0,1.0,1.0,0.0,0.0,-4.52468664876255,0.34338647816014006,0.2938060161481524,-0.9080108361093336,0.7690846622572872,-1.0493135211765823,23,3,0.6919831223628691,-0.5,0.0,0.0,1.0,0.0,0.0,0.0,0.0,0.0,0.0,0.0,0.0,0.0,0.0,0.0,1.0,0.0,0.0,0
VAR_000968,-0.9652673482751254,-0.8118441776875637,-0.4609935193942468,87.87898945797112,-0.645060296723383,-0.6200534710545426,-0.9608799647677267,-1.0117156919320998,0.8085964887882134,0.0,1.2990050115739078,12,0.0,0.0,0.0,0.0,0.0,0.0,0.0,0.0,0.0,0.8441715072595704,0.0,0.0,0.0,0.0,0.0,0.0,0.8217250065949496,-1.0,0.7185886323331067,-0.1920026603932084,0.0,0.0,0.0,-1.0,-1.0,0.0,0.0,-1.0,0.0,-1.0,0.0,0.0,0.0,0.0,0.0,5,-1.0,0.0,1,1,0.6731395710849621,0.46754421414666963,0.0,0.0,-1.0,1.0,0.0,0.0,0.0,0.0,-1.0,-1.0,0.0,0.0,-1.0,1.0,0.0,0.0,0.0,0.0,-1.0,-0.00033778870768646184,1.0,1.0,-1.0,-1.0,0.0,0.0,-1.0,-0.8075817909366545,0.0,0.0,0.0,-0.0006791900027393863,1,-0.04673410150372477,-1.0,-1.0,-0.7183979577211711,0.0,1.0,-1.0,0.0,1.0,0.0,0.0,0.0,-1.0,0.0,0.0,0.0,0.0,-1.0,0.0,0.0,-1.0,-1.0,-1.0,-1.0,0.0,0.0,1.0,0.0,0.0,0.0,0.0,0.0,1.0,0.0,1.0,-1.0,0.0,1.0,-1.0,0.0,1.0,-1.0,-1.0,0.0,0.9199000143072601,0.0,0.0,-1.0,0.0091694349161801,-1.0,-1.0,0.0,0.0,0.0,1.0,0.0,0.0,-1.0,-13.820411546406735,0.0,0.3573435502508122,-1.2368655736119685,1.0,-1.0,-1.0,0.0,1.0,0.0,5.497123972767402,-1.0,-1.0,0.0,-1.0,0.0,0.0,0.0,-1.0,-1.0,0.022403105118511984,-0.07105494522527865,-1.189285407127237,0.5485154501439405,1.0052495657684166,0.681062658576108,19,1,0.47257383966244715,0.5,1.0,0.0,1.0,0.0,0.0,0.0,0.0,0.0,0.0,0.0,0.0,0.0,0.0,0.0,1.0,0.0,0.0,1
VAR_001029,0.0,0.0,0.0,0.0,0.0,0.0,0.0,0.0,0.0,0.0,0.0,8,0.0,0.0,0.0,0.0,0.0,0.0,0.0,0.0,0.0,0.0,0.0,0.0,0.0,0.0,0.0,0.0,0.0,0.0,0.0,0.0,0.0,0.0,0.0,0.0,0.0,0.0,0.0,0.0,0.0,0.0,0.0,0.0,0.0,0.0,0.0,7,0.0,0.0,1,1,0.353941917647669,0.6624180611048333,1.3721095087497817,0.0,0.0,0.0,0.0,0.0,0.0,0.0,0.0,0.0,0.0,0.0,0.0,0.0,0.0,0.0,0.0,0.0,0.0,0.0,0.0,0.0,0.0,0.0,0.0,0.0,0.0,0.0,0.0,0.0,0.0,0.0,1,0.0,0.0,0.0,0.0,0.0,0.0,0.0,0.0,0.0,0.0,0.0,0.0,0.0,0.0,0.0,0.0,0.0,0.0,0.0,0.0,0.0,0.0,0.0,0.0,0.0,0.0,0.0,0.0,0.0,0.0,0.0,0.0,0.0,0.0,0.0,0.0,0.0,0.0,0.0,0.0,0.0,0.0,0.0,0.0,0.0,0.0,0.0,0.0,0.0,0.0,0.0,0.0,0.0,0.0,0.0,0.0,0.0,0.0,0.0,0.0,0.0,0.0,0.0,0.0,0.0,0.0,0.0,0.0,0.0,0.0,0.0,0.0,0.0,0.0,0.0,0.0,0.0,0.0,0.25729155745059906,0.29435238854814666,-0.9977473945668491,0.6956486417217977,1.0052495657684166,0.51221747459107,8,14,0.32067510548523204,-0.5,0.0,1.0,0.0,0.0,0.0,0.0,0.0,0.0,0.0,0.0,0.0,0.0,0.0,0.0,0.0,0.0,0.0,1
VAR_003546,-0.38195156934567503,185.17632681889586,0.7118141571689819,21.401658999018323,176.7142225155737,342.73443867985674,5.577016819859013,104.45628103430377,-0.5975338550895779,-0.0003942743981805041,0.596128340510067,1,-1.0,-0.002696461259095,-0.8722805623995484,0.0,0.0,0.0,-0.5342733680339927,-1.0,0.0,-0.47075160550760514,1.0,0.0,0.0,-1.0,-1.0,1.0,0.8217250065949496,-1.0,0.7185886323331067,0.24839333288635126,0.0,-0.6653436394093759,-1.0,0.0,0.0,0.0,0.0,0.0,0.0,0.0,-1.0,-1.0,0.0,0.0,0.0,1,0.0,-1.0,3,3,-0.07236169795900665,0.7548074986545031,0.32647489151077397,-1.0,0.0,0.0,-1.0,-1.0,0.0,0.0,0.0,0.0,-1.0,0.0,0.0,1.0,1.0,0.0,-1.0,-1.0,-1.0,0.0270256609550782,0.0,1.0,-1.0,0.0,0.0,1.0,-1.0,0.1924182090633455,0.0,-1.0,-1.0,-0.0003796723859315,3,2.1125334602488572,-1.0,-1.0,-1.0,1.0,0.0,-1.0,1.0,0.0,-1.0,0.0,0.0,0.0,1.0,-1.0,0.0,0.0,-1.0,1.0,0.0,0.0,0.0,0.0,-1.0,0.0,0.0,0.0,0.0,1.0,0.0,1.0,0.0,1.0,0.0,0.0,-1.0,-1.0,1.0,-1.0,0.0,0.0,-1.0,0.0,0.0,0.9199000143072601,1.0,1.0,-1.0,-0.0005218288416284619,-1.0,0.0,-1.0,-1.0,1.0,0.0,-1.0,0.0,-1.0,2298.1136227192906,-1.0,0.3573435502508122,-1.2368655736119685,1.0,-1.0,-1.0,-1.0,0.0,0.0,5.497123972767402,-1.0,-1.0,0.0,0.0,-1.0,0.0,1.0,-1.0,0.0,0.25729155745059906,-1.893609784294625,0.2938060161481524,-0.2944349057072469,0.8181319952104003,-0.4802796161617322,0,14,-0.5232067510548524,0.0,1.0,0.0,0.0,0.0,0.0,0.0,0.0,0.0,1.0,0.0,0.0,0.0,0.0,0.0,1.0,0.0,0.0,0
VAR_000949,0.0,0.0,0.0,0.0,0.0,0.0,0.0,0.0,0.0,0.0,0.0,8,0.0,0.0,0.0,0.0,0.0,0.0,0.0,0.0,0.0,0.0,0.0,0.0,0.0,0.0,0.0,0.0,0.0,0.0,0.0,0.0,0.0,0.0,0.0,0.0,0.0,0.0,0.0,0.0,0.0,0.0,0.0,0.0,0.0,0.0,0.0,7,0.0,0.0,2,2,0.73472385409661,-0.6708342094692107,-0.43456266066269544,0.0,0.0,0.0,0.0,0.0,0.0,0.0,0.0,0.0,0.0,0.0,0.0,0.0,0.0,0.0,0.0,0.0,0.0,0.0,0.0,0.0,0.0,0.0,0.0,0.0,0.0,0.0,0.0,0.0,0.0,0.0,2,0.0,0.0,0.0,0.0,0.0,0.0,0.0,0.0,0.0,0.0,0.0,0.0,0.0,0.0,0.0,0.0,0.0,0.0,0.0,0.0,0.0,0.0,0.0,0.0,0.0,0.0,0.0,0.0,0.0,0.0,0.0,0.0,0.0,0.0,0.0,0.0,0.0,0.0,0.0,0.0,0.0,0.0,0.0,0.0,0.0,0.0,0.0,0.0,0.0,0.0,0.0,0.0,0.0,0.0,0.0,0.0,0.0,0.0,0.0,0.0,0.0,0.0,0.0,0.0,0.0,0.0,0.0,0.0,0.0,0.0,0.0,0.0,0.0,0.0,0.0,0.0,0.0,0.0,0.06620254103217901,0.34085870341837066,-0.7312415805876726,-0.6790761215051266,-0.7346372689775964,-0.8890561812437816,13,10,-0.0168776371308017,0.5,1.0,0.0,0.0,0.0,0.0,0.0,0.0,0.0,0.0,0.0,0.0,0.0,0.0,0.0,0.0,0.0,0.0,1
VAR_004350,0.0,0.0,0.0,0.0,0.0,0.0,0.0,0.0,0.0,0.0,0.0,8,0.0,0.0,0.0,0.0,0.0,0.0,0.0,0.0,0.0,0.0,0.0,0.0,0.0,0.0,0.0,0.0,0.0,0.0,0.0,0.0,0.0,0.0,0.0,0.0,0.0,0.0,0.0,0.0,0.0,0.0,0.0,0.0,0.0,0.0,0.0,7,0.0,0.0,2,2,-0.1453893275908913,-1.793931419852875,-0.2600817833538113,0.0,0.0,0.0,0.0,0.0,0.0,0.0,0.0,0.0,0.0,0.0,0.0,0.0,0.0,0.0,0.0,0.0,0.0,0.0,0.0,0.0,0.0,0.0,0.0,0.0,0.0,0.0,0.0,0.0,0.0,0.0,2,0.0,0.0,0.0,0.0,0.0,0.0,0.0,0.0,0.0,0.0,0.0,0.0,0.0,0.0,0.0,0.0,0.0,0.0,0.0,0.0,0.0,0.0,0.0,0.0,0.0,0.0,0.0,0.0,0.0,0.0,0.0,0.0,0.0,0.0,0.0,0.0,0.0,0.0,0.0,0.0,0.0,0.0,0.0,0.0,0.0,0.0,0.0,0.0,0.0,0.0,0.0,0.0,0.0,0.0,0.0,0.0,0.0,0.0,0.0,0.0,0.0,0.0,0.0,0.0,0.0,0.0,0.0,0.0,0.0,0.0,0.0,0.0,0.0,0.0,0.0,0.0,0.0,0.0,-17.730293285707134,-3.5639095322700656,0.2938060161481524,-1.1279802797449652,-0.16087269490480624,-1.0479889175696022,16,11,1.4514767932489452,-0.5,1.0,0.0,0.0,0.0,0.0,0.0,0.0,0.0,0.0,1.0,0.0,0.0,0.0,0.0,0.0,0.0,0.0,1
VAR_000984,0.0,0.0,0.0,0.0,0.0,0.0,0.0,0.0,0.0,0.0,0.0,8,0.0,0.0,0.0,0.0,0.0,0.0,0.0,0.0,0.0,0.0,0.0,0.0,0.0,0.0,0.0,0.0,0.0,0.0,0.0,0.0,0.0,0.0,0.0,0.0,0.0,0.0,0.0,0.0,0.0,0.0,0.0,0.0,0.0,0.0,0.0,7,0.0,0.0,3,3,0.9456129421375911,0.006458461992617242,0.0,0.0,0.0,0.0,0.0,0.0,0.0,0.0,0.0,0.0,0.0,0.0,0.0,0.0,0.0,0.0,0.0,0.0,0.0,0.0,0.0,0.0,0.0,0.0,0.0,0.0,0.0,0.0,0.0,0.0,0.0,0.0,3,0.0,0.0,0.0,0.0,0.0,0.0,0.0,0.0,0.0,0.0,0.0,0.0,0.0,0.0,0.0,0.0,0.0,0.0,0.0,0.0,0.0,0.0,0.0,0.0,0.0,0.0,0.0,0.0,0.0,0.0,0.0,0.0,0.0,0.0,0.0,0.0,0.0,0.0,0.0,0.0,0.0,0.0,0.0,0.0,0.0,0.0,0.0,0.0,0.0,0.0,0.0,0.0,0.0,0.0,0.0,0.0,0.0,0.0,0.0,0.0,0.0,0.0,0.0,0.0,0.0,0.0,0.0,0.0,0.0,0.0,0.0,0.0,0.0,0.0,0.0,0.0,0.0,0.0,-0.47837237941666055,-0.18269807467176358,0.16465576967323617,0.8598468895558525,0.5626548324468041,0.330986965660731,0,14,-0.5232067510548524,0.0,1.0,0.0,0.0,0.0,0.0,0.0,0.0,0.0,1.0,0.0,0.0,0.0,0.0,0.0,0.0,0.0,0.0,1
VAR_004347,0.0,0.0,0.0,0.0,0.0,0.0,0.0,0.0,0.0,0.0,0.0,8,0.0,0.0,0.0,0.0,0.0,0.0,0.0,0.0,0.0,0.0,0.0,0.0,0.0,0.0,0.0,0.0,0.0,0.0,0.0,0.0,0.0,0.0,0.0,0.0,0.0,0.0,0.0,0.0,0.0,0.0,0.0,0.0,0.0,0.0,0.0,7,0.0,0.0,2,2,-0.16575258457369335,-2.0036712568056316,-3.0457760099993454,0.0,0.0,0.0,0.0,0.0,0.0,0.0,0.0,0.0,0.0,0.0,0.0,0.0,0.0,0.0,0.0,0.0,0.0,0.0,0.0,0.0,0.0,0.0,0.0,0.0,0.0,0.0,0.0,0.0,0.0,0.0,2,0.0,0.0,0.0,0.0,0.0,0.0,0.0,0.0,0.0,0.0,0.0,0.0,0.0,0.0,0.0,0.0,0.0,0.0,0.0,0.0,0.0,0.0,0.0,0.0,0.0,0.0,0.0,0.0,0.0,0.0,0.0,0.0,0.0,0.0,0.0,0.0,0.0,0.0,0.0,0.0,0.0,0.0,0.0,0.0,0.0,0.0,0.0,0.0,0.0,0.0,0.0,0.0,0.0,0.0,0.0,0.0,0.0,0.0,0.0,0.0,0.0,0.0,0.0,0.0,0.0,0.0,0.0,0.0,0.0,0.0,0.0,0.0,0.0,0.0,0.0,0.0,0.0,0.0,-17.679770543014413,0.34338647816014006,-20.413604618804733,-1.2335171273023133,-0.5340585090066998,-1.598253237002917,16,14,0.5400843881856539,-0.5,1.0,0.0,0.0,0.0,0.0,0.0,0.0,0.0,1.0,0.0,0.0,0.0,0.0,0.0,0.0,0.0,0.0,1
VAR_004717,-0.9399255821568911,6.950451440587484,14.572465821033136,-0.5080075054759132,231.06660928818312,89.88212877105524,-0.8340490486342889,-0.9522766148964219,-0.1588200749700531,-0.0003943673364629404,36.389559471792396,28,0.0,0.0,0.0,0.0,0.0,0.0,0.0,0.0,0.0,-0.29589681150439695,0.0,0.0,1.0,0.0,-1.0,0.0,0.8217250065949496,0.0,-0.019846056386892963,-0.1920015562309666,0.0,0.0,0.0,0.0,-1.0,-1.0,-1.0,0.0,-1.0,-1.0,-1.0,0.0,0.0,0.0,0.0,3,0.0,0.0,1,1,-0.5772107710262895,0.2333476236987095,1.7311879015111293,-1.0,0.0,0.0,-1.0,0.0,-1.0,0.0,0.0,-1.0,0.0,0.0,0.0,0.0,0.0,-1.0,-1.0,-1.0,0.0,0.0091818703855005,1.0,0.0,-1.0,0.0,-1.0,0.0,-1.0,-0.8075817909366545,0.0,-1.0,-1.0,-0.0007074094515864746,1,4.561378534466344,0.0,0.0,0.0,0.0,0.0,0.0,1.0,0.0,0.0,1.0,-1.0,0.0,1.0,-1.0,0.0,-1.0,0.0,0.0,1.0,0.0,-1.0,0.0,0.0,-1.0,-1.0,0.0,0.0,1.0,0.0,1.0,1.0,1.0,0.0,0.0,-1.0,0.0,0.0,-1.0,0.0,1.0,-1.0,-1.0,0.0,0.9199000143072601,1.0,0.0,0.0,-0.0004679946153152187,0.0,-1.0,-1.0,0.0,0.0,0.0,-1.0,-1.0,0.0,32.99284998561821,-1.0,0.3573435502508122,-1.2368655736119685,0.0,-1.0,-1.0,-1.0,1.0,0.0,0.0,-1.0,0.0,-1.0,0.0,0.0,0.0,0.0,0.0,-1.0,0.25729155745059906,0.34338647816014006,-0.49034618756820275,-0.17730326074220104,0.4420849277147075,0.6258440367192433,2,7,-0.43881856540084385,-1.0,0.0,0.0,0.0,0.0,0.0,0.0,0.0,0.0,0.0,0.0,0.0,0.0,1.0,-1.0,1.0,1.0,0.0,1
VAR_004333,107.5294996277763,-0.8121212547774433,-0.4483035598038301,0.5208582631328542,12.525541948376057,-0.6216059100997108,-0.9031088471141452,-0.9366513158236114,-0.6026341555942509,0.0,17.236972122384525,18,0.0,0.0,0.0,0.0,0.0,0.0,0.0,-1.0,0.0,-0.47075160550760514,0.0,0.0,1.0,0.0,-1.0,1.0,0.8217250065949496,-1.0,-0.11307196402241773,1.4775228619256,0.0,-1.0,0.0,-1.0,0.0,0.0,0.0,0.0,0.0,0.0,0.0,-1.0,0.0,0.0,0.0,1,0.0,-1.0,0,0,-0.25926863030980457,-0.8190573401484595,0.10772762649232688,-1.0,-1.0,1.0,-1.0,-1.0,-1.0,1.0,0.0,0.0,-1.0,1.0,0.0,0.0,0.0,0.0,-1.0,0.0,-1.0,0.003580694952805,1.0,1.0,0.0,0.0,0.0,1.0,-1.0,0.1924182090633455,0.0,-1.0,0.0,0.0,0,1.5281359255867122,-1.0,0.0,-1.0,1.0,0.0,-1.0,1.0,0.0,0.0,0.0,-1.0,-1.0,1.0,0.0,0.0,0.0,0.0,0.0,1.0,0.0,-1.0,0.0,-1.0,0.0,0.0,1.0,-1.0,0.0,1.0,0.0,1.0,0.0,0.0,1.0,0.0,0.0,1.0,-1.0,0.0,1.0,-1.0,-1.0,-1.0,0.9199000143072601,0.0,1.0,-1.0,0.0019542475290439,0.0,0.0,-1.0,0.0,0.0,0.0,0.0,0.0,0.0,216.8659058533819,-1.0,0.3573435502508122,6.3797659521948535,0.0,0.0,-1.0,0.0,0.0,-5.403398540087705,5.497123972767402,-1.0,-1.0,-1.0,0.0,-1.0,0.0,1.0,-1.0,-1.0,-0.6198846061623505,-1.800715143977899,0.2938060161481524,-0.8613509599582265,0.1527977864885205,-0.36397828463403226,5,1,0.9451476793248943,0.0,0.0,1.0,0.0,0.0,0.0,0.0,0.0,0.0,0.0,0.0,0.0,0.0,0.0,0.0,1.0,0.0,0.0,0
VAR_000569,0.0,0.0,0.0,0.0,0.0,0.0,0.0,0.0,0.0,0.0,0.0,8,0.0,0.0,0.0,0.0,0.0,0.0,0.0,0.0,0.0,0.8441715072595704,0.0,0.0,1.0,0.0,0.0,0.0,-0.17827499340505035,0.0,0.7185886323331067,21.23070665869385,0.0,0.0,-1.0,0.0,0.0,0.0,0.0,0.0,0.0,0.0,0.0,0.0,0.0,0.0,0.0,7,0.0,0.0,3,3,0.36456523906446414,0.12137002628313222,0.0,0.0,0.0,0.0,0.0,0.0,0.0,0.0,0.0,0.0,0.0,0.0,0.0,0.0,0.0,0.0,0.0,0.0,0.0,0.0,0.0,0.0,0.0,0.0,0.0,0.0,0.0,0.0,0.0,0.0,0.0,0.0,3,-0.1314228194594133,0.0,0.0,0.0,0.0,0.0,0.0,0.0,0.0,0.0,0.0,0.0,0.0,0.0,0.0,0.0,0.0,0.0,0.0,0.0,0.0,0.0,0.0,0.0,0.0,0.0,0.0,0.0,0.0,0.0,0.0,0.0,0.0,0.0,0.0,0.0,0.0,0.0,0.0,0.0,0.0,0.0,0.0,0.0,0.0,0.0,0.0,0.0,0.0,0.0,0.0,0.0,0.0,0.0,0.0,0.0,0.0,0.0,0.0,0.0,0.0,0.0,0.0,0.0,0.0,0.0,0.0,0.0,0.0,0.0,0.0,0.0,0.0,0.0,0.0,0.0,0.0,0.0,0.20396294816391747,-0.6811300436673406,0.2938060161481524,0.653271273624757,0.28688157102229234,0.5550312419426391,7,17,-0.6413502109704641,-0.5,2.0,0.0,0.0,0.0,0.0,0.0,0.0,0.0,0.0,0.0,0.0,0.0,0.0,0.0,0.0,0.0,0.0,1
VAR_004556,0.0,0.0,0.0,0.0,0.0,0.0,0.0,0.0,0.0,0.0,0.0,8,0.0,0.0,0.0,0.0,0.0,0.0,0.0,0.0,0.0,0.0,0.0,0.0,0.0,0.0,0.0,0.0,0.0,0.0,0.0,0.0,0.0,0.0,0.0,0.0,0.0,0.0,0.0,0.0,0.0,0.0,0.0,0.0,0.0,0.0,0.0,7,0.0,0.0,1,1,-0.6511489123323568,-1.665252725933261,-1.6821156597543259,0.0,0.0,0.0,0.0,0.0,0.0,0.0,0.0,0.0,0.0,0.0,0.0,0.0,0.0,0.0,0.0,0.0,0.0,0.0,0.0,0.0,0.0,0.0,0.0,0.0,0.0,0.0,0.0,0.0,0.0,0.0,1,0.0,0.0,0.0,0.0,0.0,0.0,0.0,0.0,0.0,0.0,0.0,0.0,0.0,0.0,0.0,0.0,0.0,0.0,0.0,0.0,0.0,0.0,0.0,0.0,0.0,0.0,0.0,0.0,0.0,0.0,0.0,0.0,0.0,0.0,0.0,0.0,0.0,0.0,0.0,0.0,0.0,0.0,0.0,0.0,0.0,0.0,0.0,0.0,0.0,0.0,0.0,0.0,0.0,0.0,0.0,0.0,0.0,0.0,0.0,0.0,0.0,0.0,0.0,0.0,0.0,0.0,0.0,0.0,0.0,0.0,0.0,0.0,0.0,0.0,0.0,0.0,0.0,0.0,-0.2749157142875703,-0.09981764243627739,-0.7704168415928767,-0.3510131584171981,1.0052495657684166,-0.46919980593588584,6,11,0.2194092827004219,0.5,2.0,0.0,0.0,0.0,0.0,0.0,0.0,0.0,0.0,0.0,0.0,0.0,0.0,0.0,0.0,0.0,0.0,0
VAR_000555,-0.15632817964062504,-0.6726043939217943,-0.07408981235527641,1.5869197729877795,574.9230997512639,2.7634007070305477,3.908980330799416,0.7112455445307024,-0.6051270575374383,-0.00037167686162560597,-0.32102220580092733,16,0.0,0.0,0.0,0.0,0.0,0.0,0.0,0.0,-1.0,-0.47075160550760514,0.0,-1.0,1.0,0.0,-1.0,0.0,0.8217250065949496,0.0,0.7185886323331067,8.129025039219583,0.0,-1.0,0.0,0.0,0.0,0.0,0.0,0.0,0.0,0.0,0.0,-1.0,0.0,-1.0,0.0,5,-1.0,-1.0,2,2,0.08445606495872607,-0.47983282939592253,-2.5724024565839625,0.0,0.0,0.0,-1.0,0.0,-1.0,1.0,-1.0,0.0,-1.0,0.0,0.0,0.0,0.0,0.0,0.0,-1.0,-1.0,0.001630861853833,1.0,1.0,-1.0,0.0,0.0,0.0,0.0,0.1924182090633455,0.0,0.0,0.0,0.0116332612324332,2,0.8345983788895374,0.0,0.0,0.0,0.0,1.0,-1.0,0.0,0.0,-1.0,1.0,-1.0,-1.0,0.0,-1.0,0.0,0.0,0.0,0.0,0.0,0.0,0.0,-1.0,0.0,-1.0,-1.0,0.0,0.0,0.0,1.0,0.0,0.0,1.0,-1.0,1.0,0.0,0.0,1.0,-1.0,0.0,0.0,0.0,0.0,-1.0,-0.0800999856927399,0.0,0.0,0.0,-0.0005004563971418894,0.0,-1.0,-1.0,-1.0,1.0,1.0,0.0,-1.0,-1.0,-2.9479436235025234,-1.0,0.3573435502508122,6.3797659521948535,0.0,-1.0,-1.0,0.0,0.0,-5.403398540087705,5.497123972767402,0.0,-1.0,-1.0,0.0,0.0,0.0,1.0,-1.0,0.0,-0.29212589214462625,-0.43438452851131204,0.2938060161481524,-0.7804424545203976,0.026140390037917273,-1.3458029843138999,8,16,0.0,0.5,1.0,0.0,0.0,0.0,0.0,0.0,0.0,0.0,0.0,0.0,0.0,0.0,0.0,0.0,1.0,1.0,0.0,0
VAR_001248,9.201447845489424,1.0125607767105467,0.9390674004605439,279.37025273928595,-0.5093755689390345,-0.3773024309483845,6.372286762246521,11.042255057572579,4.821533967842941,0.019966623055763452,0.13223669591646306,16,0.0,0.025032972131568798,0.12771943760045157,-1.0,0.0,-1.0,-0.5342733680339927,-1.0,-1.0,0.8441715072595704,0.0,0.0,0.0,0.0,-1.0,0.0,0.8217250065949496,0.0,-0.28141136766689334,74.00679035446561,0.0,-1.0,-1.0,-1.0,0.0,-1.0,-1.0,0.0,0.0,0.0,0.0,0.0,0.0,-1.0,0.0,3,0.0,-1.0,2,2,-0.10971318960721199,-0.1131335771719341,0.0,0.0,-1.0,0.0,-1.0,0.0,0.0,0.0,0.0,0.0,-1.0,0.0,-1.0,0.0,0.0,0.0,0.0,-1.0,0.0,-0.00031385467261749883,0.0,1.0,0.0,-1.0,0.0,0.0,-1.0,0.1924182090633455,0.0,-1.0,-1.0,-0.0003022276140974,2,0.5745031137983814,-1.0,-1.0,-1.0,1.0,0.0,0.0,0.0,0.0,-1.0,0.0,-1.0,0.0,0.0,-1.0,0.0,0.0,0.0,0.0915127440081787,1.0,0.0,-1.0,-1.0,0.0,0.0,0.0,1.0,0.0,0.0,0.0,0.0,1.0,0.0,-1.0,1.0,-1.0,-1.0,1.0,-1.0,0.0,1.0,0.0,0.0,0.0,0.9199000143072601,0.0,0.0,-1.0,-0.0004142509795052,0.0,0.0,0.0,-1.0,0.0,0.0,-1.0,0.0,-1.0,5.516900409804128,-1.0,-0.6426564497491878,6.3797659521948535,0.0,0.0,-1.0,-1.0,1.0,-5.403398540087705,0.0,0.0,-1.0,0.0,0.0,0.0,1.0,0.0,-1.0,0.0,0.25729155745059906,0.2712734528608733,-0.729450611593502,-1.0161347601931978,-0.5584406271812742,-0.5486067029456065,16,23,0.6582278481012658,-1.0,0.0,0.0,0.0,0.0,0.0,0.0,0.0,0.0,0.0,0.0,0.0,0.0,0.0,0.0,1.0,1.0,0.0,0
VAR_001252,0.38400176180128837,0.023935177859767964,-0.4569031098128751,13.668080410445581,-0.49582948554704254,156.74135664001017,-0.9356719860722655,18.701218745788722,-0.21116315887864748,-0.0003943702609031722,-0.6505254407465582,9,0.0,0.0,0.0,0.0,0.0,0.0,0.0,-0.2254979562847208,0.0,0.8441715072595704,0.0,0.0,1.0,-1.0,0.0,1.0,-0.17827499340505035,0.0,0.7146476028896812,0.9877590536220469,0.0,-1.0,0.0,-1.0,0.0,-1.0,-1.0,-1.0,0.0,0.0,0.0,-1.0,0.0,0.0,0.0,0,0.0,0.0,3,3,0.36020250020914296,0.2533782202305955,2.073020935746123,0.0,-1.0,0.0,0.0,0.0,0.0,0.0,-1.0,0.0,0.0,0.0,0.0,1.0,1.0,0.0,0.0,0.0,0.0,0.0007382208340670999,1.0,0.0,0.0,0.0,-1.0,1.0,-1.0,-0.8075817909366545,0.0,0.0,-1.0,-0.0006618424045244327,3,0.15263109288420595,0.0,0.0,0.0,0.0,0.0,-1.0,0.0,1.0,0.0,1.0,0.0,-1.0,0.0,0.0,0.0,-1.0,0.0,1.0,0.0,0.0,0.0,-1.0,-1.0,-1.0,-1.0,0.0,-1.0,1.0,1.0,1.0,0.0,1.0,-1.0,1.0,-1.0,0.0,1.0,-1.0,-1.0,0.0,-1.0,-0.6962530748814089,-1.0,-0.0800999856927399,0.0,1.0,0.0,0.0234058900316915,0.0,-1.0,0.0,0.0,1.0,1.0,-1.0,-1.0,-1.0,-13.334005099448756,0.0,-0.6426564497491878,-1.2368655736119685,0.0,0.0,0.0,-1.0,0.0,-5.403398540087705,0.0,-1.0,0.0,-1.0,-1.0,-1.0,1.0,0.0,0.0,-1.0,-0.10579536287214417,0.34338647816014006,-0.233706697364378,0.6822357456482814,0.5404321276030901,0.7788248279946213,16,16,0.2194092827004219,1.0,0.0,0.0,0.0,0.0,0.0,0.0,0.0,1.0,0.0,0.0,0.0,0.0,0.0,0.0,1.0,0.0,1.0,0
VAR_004438,49.03659666327948,-0.8121212547741538,-0.4609773192909175,-0.5107311668486397,457.91383100745844,0.0,-0.9185230350611523,-1.0065000258701182,-0.6055654206525338,-0.00026980602346395,-0.9642555191292804,26,0.0,0.0,0.0,0.0,0.0,0.0,0.0,0.0,0.0,0.0,0.0,0.0,0.0,0.0,0.0,0.0,0.0,0.0,0.0,0.0,0.0,0.0,0.0,-1.0,-1.0,-1.0,0.0,-1.0,0.0,0.0,0.0,0.0,0.0,0.0,0.0,3,-1.0,0.0,0,0,-6.1117084947927784,-7.243555359704519,-5.089286496988443,0.0,0.0,1.0,0.0,0.0,0.0,1.0,-1.0,-1.0,0.0,0.0,-1.0,1.0,0.0,0.0,0.0,-1.0,0.0,0.0068606600994731,0.0,1.0,0.0,-1.0,-1.0,0.0,0.0,0.1924182090633455,-1.0,0.0,0.0,0.0,0,-0.11321970158185929,0.0,-1.0,0.0,0.0,0.0,-1.0,0.0,1.0,-1.0,1.0,-1.0,-1.0,1.0,0.0,0.0,0.0,-1.0,0.0,0.0,0.0,0.0,0.0,-1.0,0.0,-1.0,0.0,0.0,0.0,0.0,1.0,1.0,1.0,0.0,0.0,-1.0,0.0,1.0,0.0,0.0,0.0,-1.0,-1.0,0.0,-0.0800999856927399,0.0,0.0,-1.0,3.203927487429995e-05,-1.0,-1.0,0.0,0.0,0.0,1.0,-1.0,-1.0,0.0,37.95199039728085,-1.0,0.3573435502508122,-1.2368655736119685,0.0,0.0,-1.0,0.0,0.0,-5.403398540087705,0.0,0.0,-1.0,0.0,-1.0,-1.0,0.0,0.0,-1.0,0.0,-19.391134068209873,-11.396980787931469,-20.413604618804733,-1.5112362262899226,-6.321016221190946,-1.3249498100101218,0,22,0.45569620253164556,0.5,1.0,0.0,0.0,0.0,0.0,0.0,1.0,0.0,0.0,0.0,0.0,0.0,0.0,-1.0,1.0,0.0,0.0,0
VAR_003700,-0.9688516848240627,-0.46603841109606914,62.93702464073618,2.2746689004665965,-0.6614892627828305,-0.6216059100620123,13.06846106838919,-1.0005232082506894,-0.5986253497496115,0.0,-1.0705548373663214,16,0.0,0.0,0.0,0.0,0.0,0.0,0.0,-1.0,-1.0,0.592391104069695,0.20019862271748,0.0,0.0,-1.0,-1.0,1.0,0.8217250065949496,-1.0,0.7185886323331067,-0.1920025199608525,0.0,-1.0,0.0,0.0,0.0,0.0,0.0,0.0,0.0,0.0,0.0,0.0,0.0,0.0,0.0,7,0.0,0.0,0,0,0.05398947808586998,0.015791947698866833,0.6653199022349056,0.0,-1.0,1.0,0.0,0.0,0.0,1.0,-1.0,-1.0,0.0,0.0,0.0,1.0,0.0,0.0,0.0,-1.0,0.0,0.0170575246826775,0.0,0.0,0.0,0.0,-1.0,0.0,0.0,0.1924182090633455,0.0,-1.0,0.0,0.0,0,0.36843296427890887,0.0,0.0,-1.0,0.0,1.0,-0.6606698063266244,0.6359358153141298,0.0,-1.0,1.0,0.0,-1.0,1.0,0.0,0.0,-1.0,0.0,0.0,0.0,-1.0,0.0,0.0,0.0,-1.0,-1.0,0.0,0.0,1.0,1.0,1.0,0.0,1.0,0.0,0.0,-1.0,0.0,0.0,-1.0,0.0,1.0,-1.0,0.0,0.0,-0.0800999856927399,0.0,1.0,0.0,0.0856117450037145,0.0,0.0,-1.0,0.0,0.0,0.0,0.0,-1.0,0.0,-13.87747956807482,0.0,-0.6426564497491878,-1.2368655736119685,1.0,0.0,-1.0,-1.0,0.0,-5.403398540087705,0.0,0.0,-1.0,0.0,0.0,-1.0,0.0,0.0,-1.0,0.0,0.25729155745059906,-0.07791034259945015,0.2938060161481524,0.5527833436677956,0.40887152176261204,0.7788248279946213,7,5,-0.47257383966244726,-0.5,0.0,0.0,0.0,0.0,0.0,0.0,0.0,1.0,0.0,0.0,0.0,0.0,0.0,0.0,0.0,1.0,0.0,1
VAR_003698,-0.958347934466452,76.55043520870538,0.4814189758744679,-0.16152592821001077,21.47964617802492,-0.6172813343114566,479.3682587885022,-0.9406729503273491,4.617637846316085,0.0,0.4812677725316405,19,0.0,0.0,0.0,0.0,0.0,0.0,0.0,-1.0,0.0,-0.27466887133831364,0.0,0.0,1.0,0.0,0.0,1.0,0.8217250065949496,-1.0,0.7185886323331067,-0.06874134926587265,0.0,0.0,0.0,0.0,0.0,-1.0,-1.0,0.0,-1.0,0.0,-1.0,-1.0,0.0,0.0,0.0,2,-1.0,-1.0,2,2,-0.12826725275635376,-3.0980226170623872,-1.2494004706269848,-1.0,0.0,1.0,0.0,0.0,0.0,1.0,0.0,0.0,-1.0,0.0,-1.0,1.0,1.0,-1.0,0.0,0.0,0.0,-0.00033781267227100904,0.0,0.0,0.0,0.0,0.0,0.0,-1.0,0.1924182090633455,-1.0,0.0,0.0,0.0,2,0.006960787459919957,-1.0,0.0,0.0,0.0,1.0,-1.0,1.0,1.0,-1.0,0.0,0.0,0.0,1.0,0.0,0.0,0.0,0.0,0.0,1.0,0.0,0.0,-1.0,0.0,0.0,-1.0,1.0,0.0,0.0,0.0,1.0,0.0,1.0,-1.0,0.0,-1.0,-1.0,0.0,-1.0,-1.0,0.0,0.0,-1.0,0.0,0.9199000143072601,1.0,1.0,-1.0,-7.188130777049999e-05,0.0,-1.0,-1.0,-1.0,0.0,0.0,-1.0,0.0,-1.0,-7.250951865355986,-1.0,0.3573435502508122,-1.2368655736119685,1.0,-1.0,-1.0,0.0,0.0,-5.403398540087705,0.0,-1.0,0.0,-1.0,-1.0,-1.0,1.0,0.0,0.0,0.0,-1.1038425132357828,-0.20295322091757784,-3.266460931363129,-0.7075408516257204,-5.829317940321466,-1.033726057257653,16,23,0.6582278481012658,-1.0,0.0,0.0,0.0,0.0,0.0,0.0,0.0,0.0,0.0,0.0,0.0,0.0,0.0,0.0,1.0,0.0,0.0,1
VAR_004548,0.0,0.0,0.0,0.0,0.0,0.0,0.0,0.0,0.0,0.0,0.0,8,0.0,0.0,0.0,0.0,0.0,0.0,0.0,0.0,0.0,0.0,0.0,0.0,0.0,0.0,0.0,0.0,0.0,0.0,0.0,0.0,0.0,0.0,0.0,0.0,0.0,0.0,0.0,0.0,0.0,0.0,0.0,0.0,0.0,0.0,0.0,7,0.0,0.0,1,1,-0.5067612664221712,0.057290074238245135,0.0,0.0,0.0,0.0,0.0,0.0,0.0,0.0,0.0,0.0,0.0,0.0,0.0,0.0,0.0,0.0,0.0,0.0,0.0,0.0,0.0,0.0,0.0,0.0,0.0,0.0,0.0,0.0,0.0,0.0,0.0,0.0,1,0.0,0.0,0.0,0.0,0.0,0.0,0.0,0.0,0.0,0.0,0.0,0.0,0.0,0.0,0.0,0.0,0.0,0.0,0.0,0.0,0.0,0.0,0.0,0.0,0.0,0.0,0.0,0.0,0.0,0.0,0.0,0.0,0.0,0.0,0.0,0.0,0.0,0.0,0.0,0.0,0.0,0.0,0.0,0.0,0.0,0.0,0.0,0.0,0.0,0.0,0.0,0.0,0.0,0.0,0.0,0.0,0.0,0.0,0.0,0.0,0.0,0.0,0.0,0.0,0.0,0.0,0.0,0.0,0.0,0.0,0.0,0.0,0.0,0.0,0.0,0.0,0.0,0.0,0.25729155745059906,0.33210042154460784,0.2938060161481524,-0.26069539466296576,1.0052495657684166,0.6071683214419993,6,19,-0.5569620253164556,-0.5,0.0,0.0,0.0,0.0,0.0,0.0,0.0,0.0,0.0,0.0,0.0,1.0,0.0,0.0,0.0,0.0,0.0,1
VAR_004370,57.29116808088797,8.568754640392763,0.2524208246199866,8.522909436320507,-0.6617812263636794,191.47895463684924,10.15343565621471,9.185448050755465,-0.5862620857096011,0.0,-1.0563209820757682,18,0.0,0.0,0.0,0.0,0.0,0.0,0.0,0.0,0.0,0.0,0.0,0.0,0.0,0.0,0.0,0.0,0.0,0.0,0.0,0.0,0.0,0.0,0.0,0.0,0.0,0.0,0.0,0.0,0.0,0.0,0.0,0.0,0.0,0.0,0.0,7,0.0,0.0,1,1,-0.7143047219154618,-1.8700788348590416,-1.463860197481814,0.0,0.0,0.0,0.0,0.0,0.0,0.0,0.0,0.0,0.0,0.0,0.0,0.0,0.0,0.0,0.0,0.0,0.0,0.0,0.0,0.0,0.0,0.0,0.0,0.0,0.0,0.0,0.0,0.0,0.0,0.0,1,-0.13100677031157196,0.0,0.0,0.0,0.0,0.0,0.0,0.0,0.0,0.0,0.0,0.0,0.0,0.0,0.0,0.0,0.0,0.0,0.0,0.0,0.0,0.0,0.0,0.0,0.0,0.0,0.0,0.0,0.0,0.0,0.0,0.0,0.0,0.0,0.0,0.0,0.0,0.0,0.0,0.0,0.0,0.0,0.0,0.0,0.0,0.0,0.0,0.0,0.0,0.0,0.0,0.0,0.0,0.0,0.0,0.0,0.0,-1.0,404.87244041488447,0.0,-0.6426564497491878,-1.2368655736119685,0.7704674841841269,0.0,0.0,-1.0,1.0,0.0,5.497123972767402,-1.0,0.0,0.0,-1.0,0.0,0.0,1.0,-1.0,0.0,-4.004846591241526,-5.1096375193168875,0.2938060161481524,-0.7855122616688678,-9.989065522306072,-1.2091131494918075,11,14,-0.8607594936708861,-1.0,1.0,0.0,0.0,0.0,0.0,0.0,0.0,0.0,0.0,0.0,0.0,1.0,0.0,0.0,0.0,0.0,0.0,0
VAR_001030,-0.9688315340815794,-0.8121208368973128,-0.41910886667926645,-0.5082602759167976,-0.6604399700237962,-0.6209700739402741,-0.9797144037274058,-1.0117288958406958,21.537061021572587,0.0,-1.0476395057998868,11,0.0,0.0,0.0,0.0,0.0,0.0,0.0,-1.0,0.0,0.5452960328087131,1.0,0.0,1.0,0.0,-1.0,0.0,-0.17827499340505035,0.0,0.0037258974774533327,0.7356908323005754,0.0,0.0,0.0,0.0,-1.0,0.0,-1.0,0.0,-1.0,0.0,0.0,0.0,0.0,0.0,0.0,1,-1.0,-1.0,1,1,0.596037384987161,0.6450911851705512,0.0,0.0,0.0,0.0,0.0,-1.0,0.0,0.0,0.0,0.0,0.0,0.86659480076503,0.0,1.0,1.0,0.0,-1.0,-1.0,-1.0,-0.0003378126726853,0.0,1.0,-1.0,-1.0,-1.0,1.0,-1.0,0.1924182090633455,0.0,0.0,0.0,0.0,1,-0.11908051468070537,0.0,-1.0,0.0,0.0,1.0,0.0,0.529357192029854,1.0,0.0,0.0,-1.0,-1.0,0.0,-1.0,0.0,0.0,-1.0,0.0,0.0,-1.0,0.0,0.0,0.0,-1.0,0.0,1.0,0.0,0.0,0.0,0.0,1.0,0.0,0.0,1.0,0.0,-1.0,0.0,0.0,0.0,0.0,-1.0,-1.0,0.0,0.9199000143072601,1.0,1.0,-1.0,0.0375346853553185,-1.0,0.0,0.0,-1.0,0.0,1.0,-1.0,0.0,0.0,-13.798407075213516,0.0,-0.6426564497491878,-1.2368655736119685,1.0,0.0,-1.0,-1.0,1.0,-5.403398540087705,0.0,-1.0,0.0,-1.0,0.0,-1.0,1.0,1.0,0.0,-1.0,-0.8208283125094713,0.17624913483517954,0.11929573623291576,0.5880133945134708,0.6881503617332775,0.476367313829542,10,5,0.11814345991561176,1.0,0.0,0.0,1.0,0.0,0.0,0.0,0.0,0.0,0.0,0.0,0.0,0.0,0.0,0.0,1.0,0.0,0.0,1
VAR_000625,0.0,0.0,0.0,0.0,0.0,0.0,0.0,0.0,0.0,0.0,0.0,8,0.0,0.0,0.0,0.0,0.0,0.0,0.0,0.0,0.0,0.0,0.0,0.0,0.0,0.0,0.0,0.0,0.0,0.0,0.0,0.0,0.0,0.0,0.0,0.0,0.0,0.0,0.0,0.0,0.0,0.0,0.0,0.0,0.0,0.0,0.0,7,0.0,0.0,5,5,0.0,0.0,0.0,0.0,0.0,0.0,0.0,0.0,0.0,0.0,0.0,0.0,0.0,0.0,0.0,0.0,0.0,0.0,0.0,0.0,0.0,0.0,0.0,0.0,0.0,0.0,0.0,0.0,0.0,0.0,0.0,0.0,0.0,0.0,5,0.0,0.0,0.0,0.0,0.0,0.0,0.0,0.0,0.0,0.0,0.0,0.0,0.0,0.0,0.0,0.0,0.0,0.0,0.0,0.0,0.0,0.0,0.0,0.0,0.0,0.0,0.0,0.0,0.0,0.0,0.0,0.0,0.0,0.0,0.0,0.0,0.0,0.0,0.0,0.0,0.0,0.0,0.0,0.0,0.0,0.0,0.0,0.0,0.0,0.0,0.0,0.0,0.0,0.0,0.0,0.0,0.0,0.0,0.0,0.0,0.0,0.0,0.0,0.0,0.0,0.0,0.0,0.0,0.0,0.0,0.0,0.0,0.0,0.0,0.0,0.0,0.0,0.0,0.0,0.0,0.0,0.0,0.0,0.0,24,25,0.0,0.0,0.0,0.0,0.0,0.0,0.0,0.0,0.0,0.0,0.0,0.0,0.0,0.0,0.0,0.0,0.0,0.0,0.0,1
VAR_004552,-0.9562401480674179,-0.8120854227716113,38.388547528046786,342.7302188784304,0.6850266135268578,-0.25781992075952737,-0.9562100319005964,2.1819960291209997,-0.6055580445751672,0.0,-1.0560479271516425,18,0.0,0.0,0.0,0.0,0.0,0.0,0.0,0.0,0.0,0.0,0.0,0.0,0.0,0.0,0.0,0.0,0.0,0.0,0.0,0.0,0.0,0.0,0.0,0.0,0.0,0.0,0.0,0.0,0.0,0.0,0.0,0.0,0.0,0.0,0.0,7,0.0,0.0,2,2,-0.7781389060229633,-0.09960811268002233,-0.06554262961451156,-1.0,-1.0,0.0,-1.0,-1.0,0.0,1.0,-1.0,-1.0,-1.0,0.0,-1.0,0.0,0.0,0.0,0.0,-1.0,-1.0,0.050958716257812196,0.0,1.0,-1.0,0.0,0.0,0.0,0.0,-0.8075817909366545,0.0,0.0,0.0,0.0,2,-0.12602572897855582,0.0,0.0,0.0,0.0,0.0,0.0,0.0,0.0,0.0,0.0,0.0,0.0,0.0,0.0,0.0,0.0,0.0,0.0,0.0,0.0,0.0,0.0,0.0,0.0,0.0,0.0,0.0,0.0,0.0,0.0,0.0,0.0,0.0,0.0,0.0,0.0,0.0,0.0,0.0,0.0,0.0,0.0,0.0,0.0,0.0,0.0,0.0,0.0,0.0,0.0,0.0,0.0,0.0,0.0,0.0,0.0,0.0,-13.87479559586865,-1.0,-0.6426564497491878,-1.2368655736119685,0.0,-1.0,0.0,-1.0,0.0,0.0,5.497123972767402,0.0,0.0,-1.0,-1.0,-1.0,0.0,0.0,-1.0,-1.0,0.25729155745059906,0.34338647816014006,-0.5162688017065604,-0.20121950425059915,-1.3027975205345812,-0.9289598797011895,7,3,0.5400843881856539,-1.0,0.0,0.0,0.0,0.0,0.0,0.0,0.0,0.0,0.0,1.0,0.0,0.0,0.0,0.0,0.0,0.0,0.0,1
VAR_001017,0.0,0.0,0.0,0.0,0.0,0.0,0.0,0.0,0.0,0.0,0.0,8,0.0,0.0,0.0,0.0,0.0,0.0,0.0,0.0,0.0,0.0,0.0,0.0,0.0,0.0,0.0,0.0,0.0,0.0,0.0,0.0,0.0,0.0,0.0,0.0,0.0,0.0,0.0,0.0,0.0,0.0,0.0,0.0,0.0,0.0,0.0,7,0.0,0.0,4,4,-0.3429047051837107,0.24052896630352205,0.7056171915762223,0.0,0.0,0.0,0.0,0.0,0.0,0.0,0.0,0.0,0.0,0.0,0.0,0.0,0.0,0.0,0.0,0.0,0.0,0.0,0.0,0.0,0.0,0.0,0.0,0.0,0.0,0.0,0.0,0.0,0.0,0.0,4,0.0,0.0,0.0,0.0,0.0,0.0,0.0,0.0,0.0,0.0,0.0,0.0,0.0,0.0,0.0,0.0,0.0,0.0,0.0,0.0,0.0,0.0,0.0,0.0,0.0,0.0,0.0,0.0,0.0,0.0,0.0,0.0,0.0,0.0,0.0,0.0,0.0,0.0,0.0,0.0,0.0,0.0,0.0,0.0,0.0,0.0,0.0,0.0,0.0,0.0,0.0,0.0,0.0,0.0,0.0,0.0,0.0,0.0,0.0,0.0,0.0,0.0,0.0,0.0,0.0,0.0,0.0,0.0,0.0,0.0,0.0,0.0,0.0,0.0,0.0,0.0,0.0,0.0,0.25729155745059906,0.34338647816014006,0.2938060161481524,0.44124374908536057,-0.4089737388831205,0.043945394715148196,9,17,-1.4683544303797464,-1.0,-0.5,0.0,0.0,0.0,0.0,0.0,0.0,0.0,0.0,0.0,0.0,0.0,1.0,0.0,0.0,0.0,0.0,1
VAR_002377,-0.967672386898218,3.343134017548284,-0.4609935192724545,-0.4669129921057509,-0.6289896612599409,23.099636511169354,0.4912924468672762,-0.8001079244943315,1.4055491632681805,-0.00039437101274604757,0.6533272827813998,30,0.0,0.0,0.0,0.0,0.0,0.0,0.0,0.0,0.0,0.0,0.0,0.0,0.0,0.0,0.0,0.0,0.0,0.0,0.0,0.0,0.0,0.0,0.0,0.0,0.0,-1.0,0.0,-1.0,0.0,-1.0,-1.0,-1.0,-1.0,0.0,0.0,3,-1.0,-1.0,4,4,-0.3425238549214261,0.3008928721154673,0.3300097979677066,-1.0,-1.0,0.0,0.0,0.0,-1.0,1.0,-1.0,-1.0,-1.0,0.0,0.0,1.0,1.0,0.0,0.0,0.0,0.0,-0.0003378126726853,1.0,0.0,0.0,-1.0,-1.0,1.0,0.0,-0.8075817909366545,0.0,-1.0,0.0,0.0,4,-0.12564390644639947,0.0,0.0,0.0,0.0,0.0,0.0,0.0,0.0,0.0,0.0,0.0,0.0,0.0,0.0,0.0,0.0,0.0,0.0,0.0,0.0,0.0,0.0,0.0,0.0,0.0,0.0,0.0,0.0,0.0,0.0,0.0,0.0,0.0,0.0,0.0,0.0,0.0,0.0,0.0,0.0,0.0,0.0,0.0,0.0,0.0,0.0,0.0,0.0,0.0,0.0,0.0,0.0,0.0,0.0,0.0,0.0,0.0,-13.847046850665102,-1.0,-0.6426564497491878,6.3797659521948535,0.0,-1.0,-1.0,-1.0,0.0,0.0,5.497123972767402,0.0,-1.0,0.0,-1.0,-1.0,0.0,0.0,0.0,-1.0,0.25729155745059906,0.34338647816014006,0.2938060161481524,0.15958151835190948,-0.5229537285750075,-0.11517381868560166,11,14,-0.8607594936708861,-1.0,1.0,0.0,0.0,0.0,0.0,0.0,0.0,0.0,0.0,0.0,0.0,1.0,0.0,-1.0,1.0,0.0,0.0,0
VAR_001090,0.0,0.0,0.0,0.0,0.0,0.0,0.0,0.0,0.0,0.0,0.0,8,0.0,0.0,0.0,0.0,0.0,0.0,0.0,0.0,0.0,0.0,0.0,0.0,0.0,0.0,0.0,0.0,0.0,0.0,0.0,0.0,0.0,0.0,0.0,0.0,0.0,0.0,0.0,0.0,0.0,0.0,0.0,0.0,0.0,0.0,0.0,7,0.0,0.0,4,4,-0.03637282100473597,0.4035321964689281,0.7573415094652285,0.0,0.0,0.0,0.0,0.0,0.0,0.0,0.0,0.0,0.0,0.0,0.0,0.0,0.0,0.0,0.0,0.0,0.0,0.0,0.0,0.0,0.0,0.0,0.0,0.0,0.0,0.0,0.0,0.0,0.0,0.0,4,0.0,0.0,0.0,0.0,0.0,0.0,0.0,0.0,0.0,0.0,0.0,0.0,0.0,0.0,0.0,0.0,0.0,0.0,0.0,0.0,0.0,0.0,0.0,0.0,0.0,0.0,0.0,0.0,0.0,0.0,0.0,0.0,0.0,0.0,0.0,0.0,0.0,0.0,0.0,0.0,0.0,0.0,0.0,0.0,0.0,0.0,0.0,0.0,0.0,0.0,0.0,0.0,0.0,0.0,0.0,0.0,0.0,0.0,0.0,0.0,0.0,0.0,0.0,0.0,0.0,0.0,0.0,0.0,0.0,0.0,0.0,0.0,0.0,0.0,0.0,0.0,0.0,0.0,0.25729155745059906,0.34338647816014006,0.2938060161481524,0.4355636285365717,-0.29686784867984767,0.12158974301721541,11,14,-0.8607594936708861,-1.0,1.0,0.0,0.0,0.0,0.0,0.0,0.0,0.0,0.0,0.0,0.0,1.0,0.0,0.0,0.0,0.0,0.0,1
VAR_004401,0.0,0.0,0.0,0.0,0.0,0.0,0.0,0.0,0.0,0.0,0.0,8,0.0,0.0,0.0,0.0,0.0,0.0,0.0,0.0,0.0,0.0,0.0,0.0,0.0,0.0,0.0,0.0,0.0,0.0,0.0,0.0,0.0,0.0,0.0,0.0,0.0,0.0,0.0,0.0,0.0,0.0,0.0,0.0,0.0,0.0,0.0,7,0.0,0.0,2,2,-0.14484786162121574,-0.017708783788587323,0.9581127908175526,0.0,0.0,0.0,0.0,0.0,0.0,0.0,0.0,0.0,0.0,0.0,0.0,0.0,0.0,0.0,0.0,0.0,0.0,0.0,0.0,0.0,0.0,0.0,0.0,0.0,0.0,0.0,0.0,0.0,0.0,0.0,2,0.0,0.0,0.0,0.0,0.0,0.0,0.0,0.0,0.0,0.0,0.0,0.0,0.0,0.0,0.0,0.0,0.0,0.0,0.0,0.0,0.0,0.0,0.0,0.0,0.0,0.0,0.0,0.0,0.0,0.0,0.0,0.0,0.0,0.0,0.0,0.0,0.0,0.0,0.0,0.0,0.0,0.0,0.0,0.0,0.0,0.0,0.0,0.0,0.0,0.0,0.0,0.0,0.0,0.0,0.0,0.0,0.0,0.0,0.0,0.0,0.0,0.0,0.0,0.0,0.0,0.0,0.0,0.0,0.0,0.0,0.0,0.0,0.0,0.0,0.0,0.0,0.0,0.0,0.1927808009291508,-0.6548404642107299,0.2938060161481524,0.170516263944049,-0.5183878477430554,0.08830027978645927,16,11,1.4514767932489452,-0.5,1.0,0.0,0.0,0.0,0.0,0.0,0.0,0.0,0.0,1.0,0.0,0.0,0.0,0.0,0.0,0.0,0.0,1
VAR_004565,0.0,0.0,0.0,0.0,0.0,0.0,0.0,0.0,0.0,0.0,0.0,8,0.0,0.0,0.0,0.0,0.0,0.0,0.0,0.0,0.0,0.0,0.0,0.0,0.0,0.0,0.0,0.0,0.0,0.0,0.0,0.0,0.0,0.0,0.0,0.0,0.0,0.0,0.0,0.0,0.0,0.0,0.0,0.0,0.0,0.0,0.0,7,0.0,0.0,2,2,0.9261927837821449,0.7088230369703277,1.1036495086578026,0.0,0.0,0.0,0.0,0.0,0.0,0.0,0.0,0.0,0.0,0.0,0.0,0.0,0.0,0.0,0.0,0.0,0.0,0.0,0.0,0.0,0.0,0.0,0.0,0.0,0.0,0.0,0.0,0.0,0.0,0.0,2,0.0,0.0,0.0,0.0,0.0,0.0,0.0,0.0,0.0,0.0,0.0,0.0,0.0,0.0,0.0,0.0,0.0,0.0,0.0,0.0,0.0,0.0,0.0,0.0,0.0,0.0,0.0,0.0,0.0,0.0,0.0,0.0,0.0,0.0,0.0,0.0,0.0,0.0,0.0,0.0,0.0,0.0,0.0,0.0,0.0,0.0,0.0,0.0,0.0,0.0,0.0,0.0,0.0,0.0,0.0,0.0,0.0,0.0,0.0,0.0,0.0,0.0,0.0,0.0,0.0,0.0,0.0,0.0,0.0,0.0,0.0,0.0,0.0,0.0,0.0,0.0,0.0,0.0,-0.5500048984798455,0.34338647816014006,0.2125544970541041,-0.25043325736584826,-0.9405498243772918,-0.008345292999045609,21,6,-0.18565400843881863,0.0,0.0,0.0,0.0,0.0,0.0,0.0,0.0,0.0,0.0,1.0,0.0,0.0,0.0,0.0,0.0,0.0,0.0,1
VAR_004708,-0.9562146802652697,9.125400499280783,-0.46097500782908735,1.7537771708023597,109.94931141691096,0.6261191741794269,476.0980857233067,-1.011343427828075,0.7161192301860007,-0.0003942471564418863,-0.9564006824036335,13,0.0,0.0,0.0,0.0,0.0,0.0,0.0,-1.0,-1.0,0.31060397390702954,1.0,-1.0,0.0,0.0,0.0,1.0,0.8217250065949496,-1.0,-0.28141136766689334,34.70275170423879,0.0,0.0,0.0,-1.0,0.0,-1.0,-1.0,0.0,-1.0,0.0,0.0,-1.0,-1.0,0.0,0.0,3,-1.0,0.0,4,4,-0.43774211167122384,-1.879330885067363,-6.210549101958833,-1.0,-1.0,1.0,0.0,0.0,0.0,0.0,0.0,0.0,0.0,1.0,-1.0,0.0,1.0,-1.0,-1.0,0.0,-1.0,-0.00030852832766702743,0.0,1.0,0.0,0.0,-1.0,1.0,-1.0,-0.8075817909366545,-1.0,0.0,-1.0,0.0019840129111129,4,0.3405067594721069,0.0,0.0,0.0,0.0,0.0,0.0,0.0,0.0,0.0,0.0,0.0,0.0,0.0,0.0,0.0,0.0,0.0,0.0,0.0,0.0,0.0,0.0,0.0,0.0,0.0,0.0,0.0,0.0,0.0,0.0,0.0,0.0,0.0,0.0,0.0,0.0,0.0,0.0,0.0,0.0,0.0,0.0,0.0,0.0,0.0,0.0,0.0,0.0,0.0,0.0,0.0,0.0,0.0,0.0,0.0,0.0,0.0,498.43010817597553,-1.0,0.3573435502508122,-1.2368655736119685,1.0,-1.0,-1.0,-1.0,0.0,-5.403398540087705,5.497123972767402,-1.0,0.0,-1.0,0.0,0.0,1.0,1.0,0.0,0.0,0.25729155745059906,-1.5885456849947517,-20.413604618804733,-1.0196699126915725,-12.069157082813021,-1.7289831879264463,9,22,0.0,2.0,0.5,0.0,1.0,0.0,0.0,0.0,0.0,0.0,0.0,0.0,0.0,0.0,0.0,0.0,1.0,0.0,0.0,0
VAR_001260,-0.9365814353466266,-0.28294384767450087,-0.46099314167235633,0.22681432470702154,129.41348129217647,2.387280086080078,-0.7925117403960998,-1.0080972920213644,-0.5784089125285006,-0.00039437088648189837,-1.0165337566515011,28,0.0,0.0,0.0,0.0,0.0,0.0,0.0,0.0,0.0,0.0,0.0,0.0,0.0,0.0,0.0,0.0,0.0,0.0,0.0,0.0,0.0,0.0,0.0,0.0,0.0,0.0,0.0,0.0,0.0,0.0,0.0,0.0,0.0,0.0,0.0,7,0.0,0.0,3,3,0.4218759968582399,0.6466217669872016,2.073020935746123,0.0,0.0,0.0,0.0,0.0,0.0,0.0,0.0,0.0,0.0,0.0,0.0,0.0,0.0,0.0,0.0,0.0,0.0,0.0,0.0,0.0,0.0,0.0,0.0,0.0,0.0,0.0,0.0,0.0,0.0,0.0,3,10.756013292430481,0.0,0.0,0.0,0.0,0.0,0.0,0.0,0.0,0.0,0.0,0.0,0.0,0.0,0.0,0.0,0.0,0.0,0.0,0.0,0.0,0.0,0.0,0.0,0.0,0.0,0.0,0.0,0.0,0.0,0.0,0.0,0.0,0.0,0.0,0.0,0.0,0.0,0.0,0.0,0.0,0.0,0.0,0.0,0.0,0.0,0.0,0.0,0.0,0.0,0.0,0.0,0.0,0.0,0.0,0.0,0.0,-1.0,-6.516899236702231,-1.0,-0.6426564497491878,6.3797659521948535,0.0,-1.0,0.0,-1.0,1.0,-5.403398540087705,5.497123972767402,0.0,-1.0,-1.0,-1.0,-1.0,0.0,0.0,0.0,0.0,0.25729155745059906,-0.4106893757834971,0.2938060161481524,0.6096196634696467,-0.0710326038678968,0.6947198549027773,17,9,0.9451476793248943,-0.5,0.0,0.0,0.0,0.0,0.0,0.0,0.0,0.0,0.0,1.0,0.0,0.0,0.0,-1.0,0.0,1.0,0.0,1
VAR_004334,-0.7607656110840575,-0.8121208959953015,-0.3353316462930219,72.66222043474261,504.7113742968225,4.409333241201156,-0.935671986191733,-1.0117314511634876,80.40346957014754,0.042484267850534545,-0.9929024649264785,11,0.0,0.0,0.0,0.0,0.0,0.0,0.0,0.0,0.0,0.8441715072595704,0.0,-1.0,0.0,-1.0,0.0,1.0,0.8217250065949496,0.0,0.7185886323331067,23.29399268893668,0.0,0.0,-1.0,0.0,0.0,-1.0,-1.0,0.0,-1.0,-1.0,-1.0,0.0,0.0,0.0,0.0,1,0.0,-1.0,0,0,-0.3987074822261666,-1.3900545965193507,-0.42525476478816204,0.0,0.0,1.0,-1.0,0.0,-1.0,0.0,0.0,0.0,-1.0,1.0,0.0,0.0,0.0,-1.0,-1.0,0.0,-1.0,0.0043264760910381,0.0,0.0,0.0,-1.0,0.0,1.0,-1.0,-0.8075817909366545,0.0,0.0,0.0,0.0,0,9.54724739107197,0.0,0.0,0.0,0.0,1.0,-1.0,1.0,0.0,0.0,1.0,-1.0,-1.0,1.0,0.0,0.0,0.0,-1.0,0.0,1.0,-1.0,0.0,0.0,-1.0,-1.0,-1.0,0.0,-1.0,1.0,0.0,0.0,1.0,1.0,-1.0,1.0,0.0,0.0,0.0,0.0,-1.0,1.0,0.0,0.0,0.0,-0.0800999856927399,1.0,0.0,0.0,0.0064634859448423005,-1.0,-1.0,0.0,0.0,0.0,0.0,-1.0,-1.0,-1.0,-8.608154438873898,-1.0,0.3573435502508122,-1.2368655736119685,0.0,-1.0,0.0,-1.0,1.0,0.0,0.0,0.0,0.0,-1.0,0.0,-1.0,1.0,1.0,-1.0,0.0,-19.391134068209873,-0.6619326947272525,-8.194929773713442,-1.0188856458172981,0.6631616192182036,-0.5728996319872366,12,21,-0.38818565400843874,0.0,-0.5,0.0,0.0,0.0,0.0,0.0,0.0,0.0,0.0,0.0,0.0,1.0,0.0,0.0,1.0,0.0,0.0,0
VAR_004651,3.6770939876607347,56.11804735992927,1.4665248043124983,-0.5006780246708697,-0.6627599340068231,2.8941227367623474,83.10710951606649,12.149122392048946,33.227648193624894,0.03434061135908405,5.160674722301424,6,0.0,0.0,0.0,0.0,0.0,0.0,0.0,0.0,0.0,0.0,0.0,0.0,0.0,0.0,0.0,0.0,0.0,0.0,0.0,0.0,0.0,0.0,0.0,0.0,0.0,0.0,0.0,0.0,0.0,0.0,0.0,0.0,0.0,0.0,0.0,7,0.0,0.0,5,5,0.0,0.0,0.0,0.0,0.0,0.0,0.0,0.0,0.0,0.0,0.0,0.0,0.0,0.0,0.0,0.0,0.0,0.0,0.0,0.0,0.0,0.0,0.0,0.0,0.0,0.0,0.0,0.0,0.0,0.0,0.0,0.0,0.0,0.0,5,0.0,0.0,0.0,0.0,0.0,0.0,0.0,0.0,0.0,0.0,0.0,0.0,0.0,0.0,0.0,0.0,0.0,0.0,0.0,0.0,0.0,0.0,0.0,0.0,0.0,0.0,0.0,0.0,0.0,0.0,0.0,0.0,0.0,0.0,0.0,0.0,0.0,0.0,0.0,0.0,0.0,0.0,0.0,0.0,0.0,0.0,0.0,0.0,0.0,0.0,0.0,0.0,0.0,0.0,0.0,0.0,0.0,0.0,0.0,0.0,0.0,0.0,0.0,0.0,0.0,0.0,0.0,0.0,0.0,0.0,0.0,0.0,0.0,0.0,0.0,0.0,0.0,0.0,0.0,0.0,0.0,0.0,0.0,0.0,24,25,0.0,0.0,0.0,0.0,0.0,0.0,0.0,0.0,0.0,0.0,0.0,0.0,0.0,0.0,0.0,0.0,0.0,0.0,0.0,0
VAR_000680,0.029715718641279764,-0.656466781350098,10.736840652214111,114.62127999502641,-0.6558711758414995,-0.6199466803781588,-0.41971161524569695,5.533407243369773,1.9329280106986844,0.050102999012760545,58.61287164356789,24,0.0,0.0,0.0,0.0,0.0,0.0,0.0,0.0,0.0,-0.47075160550760514,1.0,0.0,0.0,0.0,0.0,1.0,0.8217250065949496,0.0,-0.28141136766689334,-0.19200187392655305,0.0,0.0,0.0,0.0,0.0,0.0,0.0,0.0,0.0,-1.0,0.0,-1.0,0.0,-1.0,0.0,5,-1.0,0.0,4,4,-0.14688498966946995,-0.1080925484045608,-0.06974649760590985,-1.0,0.0,1.0,0.0,0.0,0.0,0.0,-1.0,0.0,0.0,1.0,-1.0,0.0,0.0,0.0,-1.0,0.0,0.0,0.0035277782690804997,0.0,0.0,-1.0,0.0,0.0,1.0,0.0,0.1924182090633455,0.0,0.0,-1.0,0.0511195917922173,4,4.582771725337515,0.0,0.0,-1.0,0.0,1.0,0.0,0.0,0.0,0.0,0.0,-1.0,0.0,0.0,-1.0,0.0,0.0,-1.0,0.0,1.0,-1.0,0.0,-1.0,0.0,0.0,0.0,1.0,-1.0,1.0,0.0,0.0,0.0,0.0,-1.0,1.0,0.0,0.0,1.0,-1.0,-1.0,1.0,-1.0,-1.0,0.0,0.9199000143072601,1.0,0.0,-1.0,0.009120329757439899,0.0,0.0,0.0,-1.0,1.0,0.0,0.0,0.0,-1.0,0.38324589129145137,0.0,0.3573435502508122,6.3797659521948535,0.0366533876533203,0.0,0.0,0.0,1.0,-5.403398540087705,0.0,-1.0,0.0,-1.0,0.0,0.0,1.0,1.0,-1.0,-1.0,0.25729155745059906,0.2006507636805677,-0.7918465381496649,0.4602523262278656,0.03250939130817932,-0.06914691987737932,21,1,-0.3544303797468355,0.5,1.0,0.0,0.0,0.0,0.0,0.0,0.0,0.0,0.0,0.0,0.0,1.0,0.0,-1.0,1.0,0.0,0.0,0
VAR_004336,17.23743524227694,-0.797756217157155,-0.46098874392166245,1.4239262387096165,60.464753266935155,-0.6215996602113146,687.7682508948768,-0.8935355217341272,14.318754855056355,0.0,-0.8868533825424044,18,0.0,0.0,0.0,0.0,0.0,0.0,0.0,0.0,0.0,0.8441715072595704,1.0,-1.0,0.0,-1.0,0.0,0.0,-0.17827499340505035,0.0,-0.28141136766689334,-0.19200253122960417,0.0,-1.0,0.0,0.0,0.0,0.0,0.0,0.0,0.0,0.0,0.0,0.0,0.0,0.0,0.0,7,0.0,0.0,2,2,-0.44454634439031526,-1.4756048128732229,-0.9049725619597629,0.0,-1.0,0.0,-1.0,-1.0,-1.0,0.0,-1.0,-1.0,-1.0,1.0,0.0,1.0,1.0,0.0,0.0,0.0,-1.0,0.0007785220654167,1.0,0.0,0.0,0.0,0.0,1.0,0.0,-0.8075817909366545,-1.0,0.0,-1.0,0.0483373200397299,2,0.33101732083477686,0.0,0.0,0.0,0.0,0.0,0.0,0.0,0.0,0.0,0.0,0.0,0.0,0.0,0.0,0.0,0.0,0.0,0.0,0.0,0.0,0.0,0.0,0.0,0.0,0.0,0.0,0.0,0.0,0.0,0.0,0.0,0.0,0.0,0.0,0.0,0.0,0.0,0.0,0.0,0.0,0.0,0.0,0.0,0.0,0.0,0.0,0.0,0.0,0.0,0.0,0.0,0.0,0.0,0.0,0.0,0.0,-1.0,4.99095419518086,0.0,0.3573435502508122,6.3797659521948535,0.6272600629022005,-1.0,0.0,0.0,0.0,0.0,0.0,-1.0,-1.0,-1.0,-1.0,-1.0,0.0,0.0,0.0,-1.0,0.25729155745059906,-0.38745663325632657,-18.44040126819777,-1.0568751650402581,-0.6015996289618825,-1.3715531341282166,16,11,1.4514767932489452,-0.5,1.0,0.0,0.0,0.0,0.0,0.0,0.0,0.0,0.0,1.0,0.0,0.0,0.0,0.0,0.0,0.0,0.0,0
VAR_000652,0.0,0.0,0.0,0.0,0.0,0.0,0.0,0.0,0.0,0.0,0.0,8,0.0,0.0,0.0,0.0,0.0,0.0,0.0,0.0,0.0,0.0,0.0,0.0,0.0,0.0,0.0,0.0,0.0,0.0,0.0,0.0,0.0,0.0,0.0,0.0,0.0,0.0,0.0,0.0,0.0,0.0,0.0,0.0,0.0,0.0,0.0,7,0.0,0.0,5,5,0.0,0.0,0.0,0.0,0.0,0.0,0.0,0.0,0.0,0.0,0.0,0.0,0.0,0.0,0.0,0.0,0.0,0.0,0.0,0.0,0.0,0.0,0.0,0.0,0.0,0.0,0.0,0.0,0.0,0.0,0.0,0.0,0.0,0.0,5,0.0,0.0,0.0,0.0,0.0,0.0,0.0,0.0,0.0,0.0,0.0,0.0,0.0,0.0,0.0,0.0,0.0,0.0,0.0,0.0,0.0,0.0,0.0,0.0,0.0,0.0,0.0,0.0,0.0,0.0,0.0,0.0,0.0,0.0,0.0,0.0,0.0,0.0,0.0,0.0,0.0,0.0,0.0,0.0,0.0,0.0,0.0,0.0,0.0,0.0,0.0,0.0,0.0,0.0,0.0,0.0,0.0,0.0,0.0,0.0,0.0,0.0,0.0,0.0,0.0,0.0,0.0,0.0,0.0,0.0,0.0,0.0,0.0,0.0,0.0,0.0,0.0,0.0,0.0,0.0,0.0,0.0,0.0,0.0,24,25,0.0,0.0,0.0,0.0,0.0,0.0,0.0,0.0,0.0,0.0,0.0,0.0,0.0,0.0,0.0,0.0,0.0,0.0,0.0,1
VAR_001102,0.0,0.0,0.0,0.0,0.0,0.0,0.0,0.0,0.0,0.0,0.0,8,0.0,0.0,0.0,0.0,0.0,0.0,0.0,0.0,0.0,-0.47075160550760514,1.0,0.0,0.0,0.0,-1.0,0.0,0.8217250065949496,0.0,-0.28141136766689334,-0.19200265514497974,0.0,-1.0,-1.0,0.0,0.0,-1.0,0.0,-1.0,-1.0,0.0,0.0,-1.0,-1.0,0.0,0.0,3,-1.0,-1.0,3,3,0.02893704546776747,-1.278345056526292,-0.4458878860583894,0.0,0.0,0.0,0.0,0.0,0.0,0.0,0.0,0.0,0.0,0.0,0.0,0.0,0.0,0.0,0.0,0.0,0.0,0.0,0.0,0.0,0.0,0.0,0.0,0.0,0.0,0.0,0.0,0.0,0.0,0.0,3,-0.12047828199452165,0.0,0.0,0.0,0.0,0.0,0.0,0.0,0.0,0.0,0.0,0.0,0.0,0.0,0.0,0.0,0.0,0.0,0.0,0.0,0.0,0.0,0.0,0.0,0.0,0.0,0.0,0.0,0.0,0.0,0.0,0.0,0.0,0.0,0.0,0.0,0.0,0.0,0.0,0.0,0.0,0.0,0.0,0.0,0.0,0.0,0.0,0.0,0.0,0.0,0.0,0.0,0.0,0.0,0.0,0.0,0.0,0.0,0.0,0.0,0.0,0.0,0.0,0.0,0.0,0.0,0.0,0.0,0.0,0.0,0.0,0.0,0.0,0.0,0.0,0.0,0.0,0.0,0.023802978216082033,-1.4279269890397432,0.2938060161481524,0.25057663788368606,-6.313823519940125,-0.10565921934008145,5,4,0.05063291139240503,1.5,1.0,0.0,0.0,0.0,0.0,0.0,0.0,0.0,0.0,0.0,0.0,0.0,0.0,0.0,1.0,0.0,0.0,1
VAR_000970,-0.9672094766363156,-0.8121212547774433,29.19622565744783,-0.39997742764014216,-0.6627840268123597,-0.6157080003470955,-0.9671057576376212,10.963990168843823,0.8453449421992284,0.0,-0.9398548765445114,16,0.0,0.0,0.0,0.0,0.0,0.0,0.0,0.0,-1.0,-0.47075160550760514,1.0,0.0,1.0,0.0,0.0,1.0,0.8217250065949496,-1.0,-0.28141136766689334,-0.19093638848444267,0.0,-0.28073147714210056,-1.0,0.0,0.0,0.0,0.0,0.0,0.0,0.0,0.0,0.0,0.0,0.0,0.0,7,0.0,0.0,1,1,0.6230680032749268,0.33801444142240067,0.0,-1.0,0.0,0.0,-1.0,0.0,-1.0,0.0,-1.0,-1.0,-1.0,0.0,-1.0,0.0,0.0,-1.0,0.0,0.0,-1.0,0.015572060262459001,1.0,0.0,-1.0,0.0,0.0,0.0,-1.0,-0.8075817909366545,-1.0,0.0,0.0,0.0,1,4.531652659270662,0.0,0.0,0.0,0.0,0.0,0.0,0.0,0.0,0.0,0.0,0.0,0.0,0.0,0.0,0.0,0.0,0.0,0.0,0.0,0.0,0.0,0.0,0.0,0.0,0.0,0.0,0.0,0.0,0.0,0.0,0.0,0.0,0.0,0.0,0.0,0.0,0.0,0.0,0.0,0.0,0.0,0.0,0.0,0.0,0.0,0.0,0.0,0.0,0.0,0.0,0.0,0.0,0.0,0.0,0.0,0.0,0.0,-13.860822637407455,-1.0,0.3573435502508122,-1.2368655736119685,0.0,-1.0,-1.0,0.0,0.0,-5.403398540087705,0.0,0.0,0.0,-1.0,0.0,0.0,1.0,0.0,-1.0,0.0,0.25729155745059906,0.19230032799337576,-2.0916258701460033,0.5063170098195705,1.0052495657684166,0.5878577148849823,10,5,0.11814345991561176,1.0,0.0,0.0,1.0,0.0,0.0,0.0,0.0,0.0,0.0,0.0,0.0,0.0,0.0,0.0,0.0,1.0,0.0,1
VAR_004339,-0.9628740873226159,35.42784592054119,-0.4609916521048121,10.815778235885144,223.94589072081655,14.549659335060495,-0.9545483064706236,107.98258305437604,-0.6039119818738882,0.040706286639494646,-0.8418703219046669,20,0.0,0.0,0.0,0.0,0.0,0.0,0.0,0.0,0.0,-0.47075160550760514,1.0,-0.39005552532152876,1.0,0.0,-1.0,1.0,-0.17827499340505035,0.0,-0.28141136766689334,7.966363246019613,0.0,-1.0,-1.0,0.0,0.0,0.0,-1.0,0.0,-1.0,0.0,0.0,0.0,-1.0,-1.0,0.0,1,-1.0,0.0,2,2,-0.38937275979208863,-1.6206528404386265,-1.3581333124774644,0.0,-1.0,1.0,0.0,-1.0,0.0,1.0,-1.0,0.0,0.0,0.0,0.0,1.0,0.0,-1.0,-1.0,0.0,-1.0,0.0025951774697099,0.0,0.0,-1.0,0.0,0.0,0.0,-1.0,-0.8075817909366545,0.0,0.0,-1.0,-0.0007162456649884488,2,-0.08016323317341494,0.0,0.0,-1.0,1.0,0.0,0.0,0.0,1.0,0.0,1.0,-1.0,0.0,0.0,0.0,0.0,0.0,0.0,0.0,0.0,0.0,0.0,-1.0,-1.0,-1.0,0.0,1.0,-1.0,1.0,0.0,0.0,0.0,0.0,0.0,0.0,0.0,-1.0,1.0,0.0,0.0,1.0,0.0,-1.0,-1.0,0.9199000143072601,1.0,1.0,0.0,-0.0005218257826458014,-1.0,-1.0,-1.0,0.0,1.0,0.0,0.0,0.0,0.0,227.66508451435104,0.0,-0.6426564497491878,-1.2368655736119685,0.0,0.0,0.0,-1.0,0.0,-5.403398540087705,0.0,0.0,-1.0,0.0,0.0,0.0,0.0,1.0,-1.0,-1.0,0.25729155745059906,-2.89294746868228,-0.8594695353451248,-0.8318949227059184,0.12818731236600867,-0.6699791872376794,7,17,-0.6413502109704641,-0.5,2.0,0.0,0.0,0.0,0.0,0.0,0.0,0.0,0.0,0.0,0.0,0.0,0.0,-1.0,1.0,0.0,1.0,0
VAR_001259,0.0,0.0,0.0,0.0,0.0,0.0,0.0,0.0,0.0,0.0,0.0,8,0.0,0.0,0.0,0.0,0.0,0.0,0.0,0.0,-1.0,0.8165185561689601,1.0,0.0,1.0,0.0,-1.0,1.0,-0.17827499340505035,-1.0,0.7185886323331067,-0.09607995237679155,-1.0,-0.46442208262662077,0.0,0.0,0.0,0.0,0.0,0.0,0.0,0.0,0.0,0.0,0.0,0.0,0.0,7,0.0,0.0,3,3,0.5035062709903678,0.4108447084069815,1.948865712648892,0.0,0.0,0.0,0.0,0.0,0.0,0.0,0.0,0.0,0.0,0.0,0.0,0.0,0.0,0.0,0.0,0.0,0.0,0.0,0.0,0.0,0.0,0.0,0.0,0.0,0.0,0.0,0.0,0.0,0.0,0.0,3,-0.13141580182300772,0.0,0.0,0.0,0.0,0.0,0.0,0.0,0.0,0.0,0.0,0.0,0.0,0.0,0.0,0.0,0.0,0.0,0.0,0.0,0.0,0.0,0.0,0.0,0.0,0.0,0.0,0.0,0.0,0.0,0.0,0.0,0.0,0.0,0.0,0.0,0.0,0.0,0.0,0.0,0.0,0.0,0.0,0.0,0.0,0.0,0.0,0.0,0.0,0.0,0.0,0.0,0.0,0.0,0.0,0.0,0.0,0.0,0.0,0.0,0.0,0.0,0.0,0.0,0.0,0.0,0.0,0.0,0.0,0.0,0.0,0.0,0.0,0.0,0.0,0.0,0.0,0.0,0.25729155745059906,0.34338647816014006,-0.6603087435016068,0.7983025838617949,0.04310818465713457,0.721659985551983,17,13,-0.4050632911392405,1.0,0.0,0.0,0.0,0.0,0.0,0.0,0.0,1.0,0.0,0.0,0.0,0.0,0.0,0.0,0.0,0.0,0.0,1
VAR_003556,57.363331942826655,1.1397611293372019,0.04177214761123312,-0.5055608710830383,109.37210260470764,-0.6216058129127148,0.7678695267139715,168.37506607456805,1.2427697042826844,0.00015871937199604994,5.808058171950876,1,0.0,-0.0009440046826780998,0.12771943760045157,0.0,0.0,-1.0,0.4657266319660073,0.0,-1.0,0.8441715072595704,0.0,0.0,0.0,-1.0,0.0,0.0,-0.17827499340505035,-1.0,-0.28141136766689334,1.2208302466927767,0.0,-1.0,-1.0,0.0,0.0,0.0,-1.0,0.0,0.0,0.0,0.0,0.0,0.0,0.0,0.0,1,0.0,-1.0,2,2,0.15047445395135084,-1.282356487954851,-3.0031188284824926,0.0,0.0,0.0,-1.0,0.0,-1.0,1.0,0.0,-1.0,0.0,0.0,0.0,0.0,0.0,-1.0,0.0,-1.0,0.0,-0.00028913166687523015,1.0,1.0,-1.0,0.0,0.0,1.0,-1.0,0.1924182090633455,-1.0,-1.0,-1.0,0.0012575485583673999,2,1.3473254660170093,-1.0,0.0,0.0,0.0,1.0,-1.0,0.0,1.0,0.0,0.0,0.0,-1.0,0.0,0.0,0.0,-1.0,0.0,1.0,0.0,0.0,-1.0,-1.0,-1.0,0.0,0.0,0.0,0.0,0.0,1.0,1.0,1.0,1.0,-1.0,1.0,-1.0,-1.0,0.0,0.0,0.0,1.0,0.0,0.0,-1.0,-0.0800999856927399,0.0,0.0,-1.0,0.037614439966582,0.0,0.0,0.0,-1.0,0.0,0.0,0.0,-1.0,0.0,2080.559071048201,-1.0,0.3573435502508122,1.370590521210571,0.0,0.0,0.0,-1.0,0.0,0.0,0.0,-1.0,0.0,-1.0,0.0,-1.0,1.0,1.0,0.0,0.0,-19.391134068209873,-0.42515805833068715,-20.413604618804733,-1.1947833358745346,-6.122657587322006,-1.9348217051489396,14,19,0.18565400843881852,0.0,1.0,0.0,0.0,0.0,0.0,0.0,1.0,0.0,0.0,0.0,0.0,0.0,0.0,0.0,1.0,0.0,0.0,0
VAR_003675,0.06641402039662236,0.711594386735231,0.3114519712477667,-0.47267353588022276,-0.6627843531629195,43.04643232122669,-0.9651595424032642,-0.9966091438361705,28.375581452015915,0.0,70.73888700092904,16,0.0,0.0,0.0,0.0,0.0,0.0,0.0,-1.0,-1.0,-0.31672418651039735,0.0,0.0,1.0,0.0,-1.0,0.0,-0.17827499340505035,-1.0,-0.28141136766689334,-0.19197995178312555,0.0,0.0,0.0,-1.0,0.0,0.0,0.0,-1.0,0.0,0.0,-1.0,-1.0,0.0,0.0,0.0,3,0.0,-1.0,1,1,-0.10587519571337789,0.36559243785720885,1.30868751041292,0.0,0.0,1.0,0.0,0.0,-1.0,1.0,-1.0,0.0,-1.0,0.0,0.0,0.0,0.0,0.0,0.0,0.0,0.0,0.0208272082948682,0.0,1.0,-1.0,-1.0,-1.0,0.0,0.0,-0.8075817909366545,0.0,0.0,-1.0,-0.00023049426110300004,1,-0.12855661377614264,0.0,0.0,0.0,0.0,0.0,0.0,0.0,0.0,0.0,0.0,0.0,0.0,0.0,0.0,0.0,0.0,0.0,0.0,0.0,0.0,0.0,0.0,0.0,0.0,0.0,0.0,0.0,0.0,0.0,0.0,0.0,0.0,0.0,0.0,0.0,0.0,0.0,0.0,0.0,0.0,0.0,0.0,0.0,0.0,0.0,0.0,0.0,0.0,0.0,0.0,0.0,0.0,0.0,0.0,0.0,0.0,-1.0,-6.688414006194497,-1.0,0.3573435502508122,1.8527690357286715,1.0,0.0,-1.0,-1.0,1.0,-5.403398540087705,0.0,-1.0,-1.0,0.0,0.0,-1.0,0.0,1.0,-1.0,-1.0,-1.9191391697108053,0.34338647816014006,-1.0194743308882592,0.5593759685139762,0.6206883011769565,0.6945917124193596,4,7,0.5738396624472573,0.0,0.0,0.0,1.0,0.0,0.0,0.0,0.0,0.0,0.0,0.0,0.0,0.0,0.0,0.0,1.0,1.0,0.0,1
VAR_000699,5.515527544901939,108.8897356128299,-0.46098883837412324,-0.5107311668473944,1.1825002392644441,-0.620012607282508,227.38269894097027,104.93556080266427,16.969558152089558,0.0,20.63369073046949,16,0.0,0.0,0.0,0.0,0.0,0.0,0.0,0.0,-1.0,0.4860641942700923,0.0,-1.0,1.0,-1.0,0.0,0.0,0.8217250065949496,0.0,-0.28141136766689334,29.262897636205437,0.0,0.0,-1.0,0.0,0.0,0.0,0.0,0.0,0.0,0.0,0.0,0.0,0.0,0.0,0.0,7,0.0,0.0,4,4,-1.311901702438558,-0.06666257386591014,0.11874289424275974,0.0,0.0,0.0,0.0,0.0,0.0,0.0,0.0,0.0,0.0,0.0,0.0,0.0,0.0,0.0,0.0,0.0,0.0,0.0,0.0,0.0,0.0,0.0,0.0,0.0,0.0,0.0,0.0,0.0,-1.0,-0.0007325952344175032,4,-0.13068070468656662,0.0,0.0,0.0,0.0,0.0,0.0,0.0,0.0,0.0,0.0,0.0,0.0,0.0,0.0,0.0,0.0,0.0,0.0,0.0,0.0,0.0,0.0,0.0,0.0,0.0,0.0,0.0,0.0,0.0,0.0,0.0,0.0,0.0,0.0,0.0,0.0,0.0,0.0,0.0,0.0,0.0,0.0,0.0,0.0,0.0,0.0,0.0,0.0,0.0,0.0,0.0,0.0,0.0,0.0,0.0,0.0,-1.0,-13.87565772214295,-1.0,-0.6426564497491878,-1.2368655736119685,0.2860288639402716,-1.0,0.0,0.0,0.0,0.0,0.0,-1.0,-1.0,0.0,-1.0,0.0,1.0,1.0,0.0,-1.0,-0.4782468273742689,0.02737859325899541,0.2938060161481524,0.5128390630053541,0.35701357808275874,0.000996492190427907,11,14,-0.8607594936708861,-1.0,1.0,0.0,0.0,0.0,0.0,0.0,0.0,0.0,0.0,0.0,0.0,1.0,0.0,0.0,0.0,1.0,0.0,1
VAR_000561,3.267082759439023,193.78270514467087,5.66151849834171,6.203919376768343,7.819040929557437,440.20650890004947,281.5957959114562,18.737551973645132,-0.042730952865645336,8.518245409705e-05,102.18929740888721,0,0.0,0.0194453801781634,0.12771943760045157,0.0,0.0,-1.0,0.4657266319660073,0.0,0.0,0.8441715072595704,1.0,0.0,1.0,0.0,0.0,1.0,-0.17827499340505035,0.0,0.7185886323331067,5.895320940943786,-1.0,-1.0,0.0,0.0,0.0,0.0,0.0,0.0,0.0,0.0,0.0,0.0,0.0,0.0,0.0,0,0.0,0.0,1,1,0.17430105617136277,-0.36858248712354424,-0.35186845459188454,0.0,-1.0,1.0,0.0,-1.0,0.0,1.0,0.0,0.0,0.0,1.0,-1.0,1.0,1.0,-1.0,-1.0,0.0,0.0,0.0074686198559152,0.0,1.0,0.0,0.0,-1.0,0.0,0.0,0.1924182090633455,0.0,0.0,0.0,0.0362977139370167,1,22.646712920109756,0.0,0.0,0.0,1.0,0.0,0.0,0.0,0.0,-1.0,1.0,0.0,0.0,1.0,0.0,0.0,-1.0,0.0,1.0,1.0,-1.0,0.0,0.0,0.0,-1.0,0.0,1.0,0.0,0.0,1.0,0.0,0.0,1.0,0.0,0.0,-1.0,0.0,1.0,-1.0,0.0,1.0,0.0,0.0,-1.0,0.9199000143072601,1.0,1.0,0.0,0.0003881761068904,0.0,0.0,-0.4434519894938618,0.0,0.0,1.0,-1.0,0.0,0.0,1648.9729462437192,0.0,0.3573435502508122,3.5773640527022623,1.0,0.0,0.0,-1.0,0.0,0.0,5.497123972767402,-1.0,-1.0,-1.0,-1.0,0.0,0.0,1.0,0.0,0.0,0.23442830440997162,0.32576746691102637,-1.272012783901355,0.8602251806955874,0.7754100993011876,0.6687733599489154,13,19,0.5063291139240506,1.0,0.0,0.0,1.0,0.0,0.0,0.0,0.0,0.0,0.0,0.0,0.0,0.0,0.0,0.0,1.0,0.0,1.0,0
VAR_004547,0.0,0.0,0.0,0.0,0.0,0.0,0.0,0.0,0.0,0.0,0.0,8,0.0,0.0,0.0,0.0,0.0,0.0,0.0,0.0,0.0,0.0,0.0,0.0,0.0,0.0,0.0,0.0,0.0,0.0,0.0,0.0,0.0,0.0,0.0,0.0,0.0,0.0,0.0,0.0,0.0,0.0,0.0,0.0,0.0,0.0,0.0,7,0.0,0.0,1,1,-0.7413803785070492,-0.22082693089028918,0.0,0.0,0.0,0.0,0.0,0.0,0.0,0.0,0.0,0.0,0.0,0.0,0.0,0.0,0.0,0.0,0.0,0.0,0.0,0.0,0.0,0.0,0.0,0.0,0.0,0.0,0.0,0.0,0.0,0.0,0.0,0.0,1,0.0,0.0,0.0,0.0,0.0,0.0,0.0,0.0,0.0,0.0,0.0,0.0,0.0,0.0,0.0,0.0,0.0,0.0,0.0,0.0,0.0,0.0,0.0,0.0,0.0,0.0,0.0,0.0,0.0,0.0,0.0,0.0,0.0,0.0,0.0,0.0,0.0,0.0,0.0,0.0,0.0,0.0,0.0,0.0,0.0,0.0,0.0,0.0,0.0,0.0,0.0,0.0,0.0,0.0,0.0,0.0,0.0,0.0,0.0,0.0,0.0,0.0,0.0,0.0,0.0,0.0,0.0,0.0,0.0,0.0,0.0,0.0,0.0,0.0,0.0,0.0,0.0,0.0,0.2556171986266975,0.11653363242876356,0.2938060161481524,-0.3017346260126146,1.0052495657684166,0.5531288806410429,6,3,0.0,-0.5,0.0,0.0,0.0,0.0,0.0,0.0,0.0,0.0,0.0,0.0,0.0,0.0,1.0,0.0,0.0,0.0,0.0,1
VAR_000978,9.092277046621698,39.94964780317958,-0.4449329485187715,-0.5106998691626347,-0.662784124167411,-0.4592891197318308,-0.9797142845307483,2.4300946782032096,186.31166558980487,0.0,-1.0538225643694021,14,0.0,0.0,0.0,0.0,0.0,0.0,0.0,-1.0,0.0,-0.47075160550760514,0.0,0.0,1.0,0.0,-1.0,1.0,-0.17827499340505035,0.0,-0.28141136766689334,-0.1744899316518119,0.0,-1.0,-1.0,0.0,0.0,0.0,0.0,0.0,0.0,0.0,0.0,0.0,0.0,0.0,0.0,7,0.0,0.0,4,4,0.6895200457626808,0.7558651961686087,1.8399346779374603,0.0,0.0,0.0,0.0,0.0,0.0,0.0,0.0,0.0,0.0,0.0,0.0,0.0,0.0,0.0,0.0,0.0,0.0,0.0,0.0,0.0,0.0,0.0,0.0,0.0,0.0,0.0,0.0,0.0,0.0,0.0,4,2.2476793493986404,-1.0,-1.0,-1.0,1.0,0.0,-1.0,1.0,0.0,-1.0,1.0,0.0,0.0,1.0,0.0,0.0,0.0,-1.0,1.0,0.0,-1.0,0.0,-1.0,-1.0,0.0,-1.0,0.0,-1.0,0.0,0.0,0.0,0.0,0.0,0.0,0.0,0.0,0.0,0.0,-1.0,-1.0,1.0,0.0,0.0,0.0,-0.0800999856927399,0.0,0.0,0.0,-0.0004680445387359801,0.0,0.0,-1.0,0.0,0.0,0.0,-1.0,0.0,-1.0,-13.718914750694493,0.0,-0.6426564497491878,1.6348230943148079,0.3068512618400668,0.0,0.0,-1.0,0.0,-5.403398540087705,5.497123972767402,-1.0,-1.0,0.0,0.0,0.0,1.0,0.0,-1.0,0.0,-0.6504335031105213,0.34338647816014006,-0.541942945076344,0.255944414762191,0.4491971216655368,-0.06803880188681521,9,17,-1.4683544303797464,-1.0,-0.5,0.0,0.0,0.0,0.0,0.0,0.0,0.0,0.0,0.0,0.0,0.0,1.0,0.0,0.0,0.0,0.0,1
VAR_003622,-0.31473840897739697,-0.8121212534478356,6.246930365519571,-0.5107306163518062,56.58021134068553,42.85668206100962,-0.8096807088897373,2.30192879751796,0.05193346892346262,0.02095253087405175,10.84633924030378,13,-1.0,-0.0016185286619037,-0.8722805623995484,0.0,0.0,0.0,0.4657266319660073,-1.0,-1.0,0.8441715072595704,1.0,0.0,1.0,0.0,0.0,0.0,-0.17827499340505035,0.0,0.7185886323331067,15.420120466713632,0.0,0.0,0.0,0.0,0.0,-1.0,-1.0,0.0,0.0,0.0,0.0,0.0,0.0,-1.0,0.0,2,0.0,0.0,1,1,-1.8874827989055718,-8.647665947059574,-6.091684857816326,-1.0,-1.0,0.0,-1.0,0.0,0.0,0.0,-1.0,-1.0,0.0,1.0,0.0,1.0,1.0,0.0,-1.0,-1.0,0.0,-0.0002925615094061158,1.0,1.0,-1.0,0.0,-1.0,1.0,0.0,-0.8075817909366545,-1.0,0.0,-1.0,-0.000332022617595,1,19.407275048477214,0.0,0.0,-1.0,1.0,0.0,-1.0,1.0,1.0,-1.0,0.0,-1.0,-1.0,0.0,0.0,0.0,0.0,0.0,1.0,0.0,0.0,0.0,0.0,-1.0,0.0,0.0,0.0,0.0,0.0,1.0,1.0,0.0,0.0,0.0,0.0,0.0,0.0,1.0,0.0,0.0,1.0,0.0,0.0,-1.0,-0.0800999856927399,0.0,1.0,-1.0,0.00023157912087750005,0.0,0.0,-1.0,-1.0,0.0,1.0,0.0,0.0,0.0,-4.615255243196585,0.0,0.3573435502508122,-1.2368655736119685,0.0364132746590097,-1.0,0.0,0.0,1.0,-5.403398540087705,0.0,0.0,-1.0,-1.0,-1.0,0.0,0.0,1.0,0.0,0.0,-19.391134068209873,-11.951988272244094,-19.57602254715493,-1.329733401021279,-18.56695104390363,-1.4740818664408657,9,22,0.0,2.0,0.5,0.0,1.0,0.0,0.0,0.0,0.0,0.0,0.0,0.0,0.0,0.0,0.0,0.0,1.0,0.0,0.0,0
VAR_000951,0.0,0.0,0.0,0.0,0.0,0.0,0.0,0.0,0.0,0.0,0.0,8,0.0,0.0,0.0,0.0,0.0,0.0,0.0,-1.0,-1.0,-0.47075160550760514,1.0,0.0,0.0,0.0,0.0,0.0,-0.17827499340505035,0.0,0.18730209423477717,-0.1920026614076189,0.0,-1.0,-1.0,0.0,-1.0,0.0,-1.0,0.0,0.0,0.0,0.0,0.0,0.0,-1.0,0.0,3,0.0,0.0,1,1,0.59882878170544,0.4177284074700496,0.0,0.0,0.0,0.0,0.0,0.0,0.0,0.0,0.0,0.0,0.0,0.0,0.0,0.0,0.0,0.0,0.0,0.0,0.0,0.0,0.0,0.0,0.0,0.0,0.0,0.0,0.0,0.0,0.0,0.0,0.0,0.0,1,5.071970752194746,0.0,0.0,0.0,0.0,0.0,0.0,0.0,0.0,0.0,0.0,0.0,0.0,0.0,0.0,0.0,0.0,0.0,0.0,0.0,0.0,0.0,0.0,0.0,0.0,0.0,0.0,0.0,0.0,0.0,0.0,0.0,0.0,0.0,0.0,0.0,0.0,0.0,0.0,0.0,0.0,0.0,0.0,0.0,0.0,0.0,0.0,0.0,0.0,0.0,0.0,0.0,0.0,0.0,0.0,0.0,0.0,0.0,0.0,0.0,0.0,0.0,0.0,0.0,0.0,0.0,0.0,0.0,0.0,0.0,0.0,0.0,0.0,0.0,0.0,0.0,0.0,0.0,0.18260764267044202,0.34338647816014006,0.0868145289099167,0.5551113164782576,1.0052495657684166,0.6099121151949771,4,7,0.5738396624472573,0.0,0.0,0.0,1.0,0.0,0.0,0.0,0.0,0.0,0.0,0.0,0.0,0.0,0.0,0.0,1.0,0.0,0.0,1
VAR_000958,0.0,0.0,0.0,0.0,0.0,0.0,0.0,0.0,0.0,0.0,0.0,8,0.0,0.0,0.0,0.0,0.0,0.0,0.0,-1.0,-1.0,0.8441715072595704,1.0,0.0,1.0,0.0,0.0,0.0,0.8217250065949496,-1.0,-0.28141136766689334,5.201237653967865,0.0,-1.0,-1.0,0.0,0.0,0.0,0.0,0.0,0.0,0.0,0.0,0.0,0.0,0.0,0.0,7,0.0,0.0,3,3,0.6273931753286773,0.7558651961686087,0.9063572175718128,0.0,0.0,0.0,0.0,0.0,0.0,0.0,0.0,0.0,0.0,0.0,0.0,0.0,0.0,0.0,0.0,0.0,0.0,0.0,0.0,0.0,0.0,0.0,0.0,0.0,0.0,0.0,0.0,0.0,0.0,0.0,3,0.8450472048681305,0.0,0.0,0.0,0.0,0.0,0.0,0.0,0.0,0.0,0.0,0.0,0.0,0.0,0.0,0.0,0.0,0.0,0.0,0.0,0.0,0.0,0.0,0.0,0.0,0.0,0.0,0.0,0.0,0.0,0.0,0.0,0.0,0.0,0.0,0.0,0.0,0.0,0.0,0.0,0.0,0.0,0.0,0.0,0.0,0.0,0.0,0.0,0.0,0.0,0.0,0.0,0.0,0.0,0.0,0.0,0.0,0.0,0.0,0.0,0.0,0.0,0.0,0.0,0.0,0.0,0.0,0.0,0.0,0.0,0.0,0.0,0.0,0.0,0.0,0.0,0.0,0.0,0.23680143301838427,-0.24319574290201054,-0.06243862712612792,0.6718505600467509,-0.1507205666522719,0.7788248279946213,7,4,-0.47257383966244726,0.0,0.0,0.0,0.0,0.0,0.0,0.0,0.0,1.0,0.0,0.0,0.0,0.0,0.0,0.0,0.0,0.0,0.0,1
VAR_000557,-0.9686536816367114,-0.033252542348172605,30.520806547656825,8.972942953814444,-0.3798738851355554,5.286999822248485,-0.7164992075806867,5.284848135144038,6.5576721059957075,0.0,-1.0621410732940342,19,0.0,0.0,0.0,0.0,0.0,0.0,0.0,-1.0,0.0,-0.47075160550760514,1.0,0.0,1.0,0.0,0.0,1.0,-0.17827499340505035,0.0,0.7185886323331067,-0.19200244169777494,0.0,-1.0,-1.0,0.0,0.0,0.0,0.0,0.0,0.0,0.0,0.0,0.0,0.0,0.0,0.0,7,0.0,0.0,2,2,-0.2861119301691186,0.29683965324082484,0.0,0.0,0.0,0.0,0.0,0.0,0.0,0.0,0.0,0.0,0.0,0.0,0.0,0.0,0.0,0.0,0.0,0.0,0.0,0.0,0.0,0.0,0.0,0.0,0.0,0.0,0.0,0.0,0.0,0.0,0.0,0.0,2,-0.07814782225298232,0.0,0.0,0.0,0.0,0.0,0.0,0.0,0.0,0.0,0.0,0.0,0.0,0.0,0.0,0.0,0.0,0.0,0.0,0.0,0.0,0.0,0.0,0.0,0.0,0.0,0.0,0.0,0.0,0.0,0.0,0.0,0.0,0.0,0.0,0.0,0.0,0.0,0.0,0.0,0.0,0.0,0.0,0.0,0.0,0.0,0.0,0.0,0.0,0.0,0.0,0.0,0.0,0.0,0.0,0.0,0.0,0.0,719.9493623044274,0.0,-0.6426564497491878,6.3797659521948535,0.0,0.0,0.0,-1.0,0.0,0.0,5.497123972767402,-1.0,0.0,-1.0,0.0,-1.0,1.0,0.0,0.0,-1.0,-0.5926405713982156,-0.12521579246441858,-0.11450924815367228,-0.24033673536968814,-1.5604954344352155,0.0298272565171678,11,6,-0.11814345991561183,0.5,2.0,0.0,0.0,0.0,0.0,0.0,0.0,0.0,0.0,0.0,0.0,0.0,0.0,0.0,0.0,0.0,0.0,1
VAR_003598,-0.9068486445980782,61.29605724777437,179.93112816909277,-0.5103293189006399,-0.6627843531629256,160.68762960808002,-0.7579448061150571,26.51945620007033,-0.6054883592141989,-0.00039392701051100545,-0.9769423502409855,18,0.0,0.0,0.0,0.0,0.0,0.0,0.0,-1.0,0.0,0.11573784522596006,0.0,0.0,1.0,0.0,-1.0,0.0,-0.17827499340505035,0.0,-0.28141136766689334,132.68978451377023,0.0,-1.0,-1.0,-1.0,0.0,-1.0,0.0,-1.0,-1.0,-1.0,-1.0,0.0,0.0,0.0,0.0,3,-1.0,0.0,4,4,-1.8152739112121918,-1.4601179450285726,-2.4263619865205017,-1.0,0.0,1.0,0.0,-1.0,-1.0,0.0,-1.0,0.0,-1.0,0.0,0.0,0.0,0.0,-1.0,-1.0,0.0,-1.0,-0.00033781084648732665,0.0,1.0,-1.0,-1.0,0.0,1.0,0.0,0.1924182090633455,-1.0,0.0,-1.0,-0.0007230455838771703,4,0.7740937457774244,0.0,0.0,-1.0,0.0,0.0,0.0,0.0,1.0,-1.0,0.0,0.0,-1.0,1.0,-1.0,0.0,-1.0,0.0,1.0,1.0,0.0,-1.0,-1.0,-1.0,0.0,-1.0,0.0,0.0,0.0,1.0,0.0,1.0,0.0,-1.0,1.0,-1.0,-1.0,1.0,0.0,0.0,1.0,-1.0,-1.0,0.0,0.9199000143072601,0.0,0.0,0.0,0.09799146951234661,-1.0,0.0,0.0,-1.0,1.0,1.0,0.0,0.0,0.0,-10.808360890093494,0.0,0.3573435502508122,6.3797659521948535,0.3590176759499425,0.0,-1.0,0.0,0.0,-5.403398540087705,5.497123972767402,-1.0,0.0,0.0,-1.0,-1.0,1.0,1.0,-1.0,0.0,-19.391134068209873,-2.2329553670635827,-20.413604618804733,-1.2785078007367743,0.21222278690274532,-1.4687800927486054,9,21,-0.8270042194092827,0.0,0.5,0.0,0.0,0.0,0.0,0.0,0.0,0.0,0.0,0.0,0.0,1.0,0.0,0.0,1.0,0.0,0.0,0
VAR_004554,0.0,0.0,0.0,0.0,0.0,0.0,0.0,0.0,0.0,0.0,0.0,8,0.0,0.0,0.0,0.0,0.0,0.0,0.0,-1.0,-1.0,-0.47075160550760514,1.0,0.0,1.0,0.0,-1.0,1.0,-0.17827499340505035,0.0,0.030176630160409168,-0.17704439580860246,0.0,-1.0,-1.0,0.0,0.0,0.0,0.0,0.0,0.0,0.0,0.0,0.0,0.0,0.0,0.0,7,0.0,0.0,2,2,-0.737989645585994,-0.36119213983136617,0.0,0.0,0.0,0.0,0.0,0.0,0.0,0.0,0.0,0.0,0.0,0.0,0.0,0.0,0.0,0.0,0.0,0.0,0.0,0.0,0.0,0.0,0.0,0.0,0.0,0.0,0.0,0.0,0.0,0.0,0.0,0.0,2,-0.13020106314487262,0.0,0.0,0.0,0.0,0.0,0.0,0.0,0.0,0.0,0.0,0.0,0.0,0.0,0.0,0.0,0.0,0.0,0.0,0.0,0.0,0.0,0.0,0.0,0.0,0.0,0.0,0.0,0.0,0.0,0.0,0.0,0.0,0.0,0.0,0.0,0.0,0.0,0.0,0.0,0.0,0.0,0.0,0.0,0.0,0.0,0.0,0.0,0.0,0.0,0.0,0.0,0.0,0.0,0.0,0.0,0.0,0.0,0.0,0.0,0.0,0.0,0.0,0.0,0.0,0.0,0.0,0.0,0.0,0.0,0.0,0.0,0.0,0.0,0.0,0.0,0.0,0.0,-0.7438157215332637,-0.17747610016864884,0.18784962283242895,-0.27827285693912823,0.6076865001110859,-0.3541207144774794,7,17,-0.6413502109704641,-0.5,2.0,0.0,0.0,0.0,0.0,0.0,0.0,0.0,0.0,0.0,0.0,0.0,0.0,0.0,0.0,0.0,0.0,1
VAR_004412,0.0,0.0,0.0,0.0,0.0,0.0,0.0,0.0,0.0,0.0,0.0,8,0.0,0.0,0.0,0.0,0.0,0.0,0.0,0.0,0.0,0.0,0.0,0.0,0.0,0.0,0.0,0.0,0.0,0.0,0.0,0.0,0.0,0.0,0.0,0.0,0.0,0.0,0.0,0.0,0.0,0.0,0.0,0.0,0.0,0.0,0.0,7,0.0,0.0,2,2,0.1375802210328216,-0.09721955198839538,0.6417361242274177,0.0,0.0,0.0,0.0,0.0,0.0,0.0,0.0,0.0,0.0,0.0,0.0,0.0,0.0,0.0,0.0,0.0,0.0,0.0,0.0,0.0,0.0,0.0,0.0,0.0,0.0,0.0,0.0,0.0,0.0,0.0,2,0.0,0.0,0.0,0.0,0.0,0.0,0.0,0.0,0.0,0.0,0.0,0.0,0.0,0.0,0.0,0.0,0.0,0.0,0.0,0.0,0.0,0.0,0.0,0.0,0.0,0.0,0.0,0.0,0.0,0.0,0.0,0.0,0.0,0.0,0.0,0.0,0.0,0.0,0.0,0.0,0.0,0.0,0.0,0.0,0.0,0.0,0.0,0.0,0.0,0.0,0.0,0.0,0.0,0.0,0.0,0.0,0.0,0.0,0.0,0.0,0.0,0.0,0.0,0.0,0.0,0.0,0.0,0.0,0.0,0.0,0.0,0.0,0.0,0.0,0.0,0.0,0.0,0.0,-0.18939504666761423,-9.46829941432737,-0.833400273283091,0.4000862255918101,-0.6251714885161848,-0.3711517897265552,16,14,0.5400843881856539,-0.5,1.0,0.0,0.0,0.0,0.0,0.0,0.0,0.0,1.0,0.0,0.0,0.0,0.0,0.0,0.0,0.0,0.0,1
VAR_000965,0.0,0.0,0.0,0.0,0.0,0.0,0.0,0.0,0.0,0.0,0.0,8,0.0,0.0,0.0,0.0,0.0,0.0,0.0,-1.0,0.0,0.8441715072595704,0.0,0.0,0.0,0.0,0.0,0.0,-0.17827499340505035,-1.0,0.7185886323331067,22.43022835115585,0.0,0.0,-1.0,0.0,0.0,0.0,0.0,0.0,0.0,0.0,0.0,0.0,0.0,0.0,0.0,7,0.0,0.0,4,4,0.675424159904402,0.7558651961686087,0.0,0.0,0.0,0.0,0.0,0.0,0.0,0.0,0.0,0.0,0.0,0.0,0.0,0.0,0.0,0.0,0.0,0.0,0.0,0.0,0.0,0.0,0.0,0.0,0.0,0.0,0.0,0.0,0.0,0.0,0.0,0.0,4,-0.10276424609386105,0.0,0.0,0.0,0.0,0.0,0.0,0.0,0.0,0.0,0.0,0.0,0.0,0.0,0.0,0.0,0.0,0.0,0.0,0.0,0.0,0.0,0.0,0.0,0.0,0.0,0.0,0.0,0.0,0.0,0.0,0.0,0.0,0.0,0.0,0.0,0.0,0.0,0.0,0.0,0.0,0.0,0.0,0.0,0.0,0.0,0.0,0.0,0.0,0.0,0.0,0.0,0.0,0.0,0.0,0.0,0.0,0.0,0.0,0.0,0.0,0.0,0.0,0.0,0.0,0.0,0.0,0.0,0.0,0.0,0.0,0.0,0.0,0.0,0.0,0.0,0.0,0.0,0.25729155745059906,0.34338647816014006,-1.5683235979122812,0.2910589244110941,0.6207656164661971,0.024447780964837414,2,17,-1.130801687763713,-1.0,0.0,0.0,0.0,0.0,0.0,0.0,0.0,0.0,0.0,0.0,0.0,1.0,0.0,0.0,0.0,0.0,0.0,1
VAR_004721,0.0,0.0,0.0,0.0,0.0,0.0,0.0,0.0,0.0,0.0,0.0,8,0.0,0.0,0.0,0.0,0.0,0.0,0.0,0.0,-1.0,0.6823263156825745,0.0,0.0,0.0,0.0,0.0,0.0,0.8217250065949496,-1.0,0.7185886323331067,-0.18716415203767192,0.0,0.0,-1.0,-1.0,0.0,-1.0,-1.0,-1.0,-1.0,-1.0,-1.0,-0.8211416897165489,0.0,-1.0,0.0,0,-1.0,-1.0,2,2,0.7751871989409977,0.4959722607768143,0.0,0.0,0.0,0.0,0.0,0.0,0.0,0.0,0.0,0.0,0.0,0.0,0.0,0.0,0.0,0.0,0.0,0.0,0.0,0.0,0.0,0.0,0.0,0.0,0.0,0.0,0.0,0.0,0.0,0.0,0.0,0.0,2,-0.08805299454361298,0.0,0.0,0.0,0.0,0.0,0.0,0.0,0.0,0.0,0.0,0.0,0.0,0.0,0.0,0.0,0.0,0.0,0.0,0.0,0.0,0.0,0.0,0.0,0.0,0.0,0.0,0.0,0.0,0.0,0.0,0.0,0.0,0.0,0.0,0.0,0.0,0.0,0.0,0.0,0.0,0.0,0.0,0.0,0.0,0.0,0.0,0.0,0.0,0.0,0.0,0.0,0.0,0.0,0.0,0.0,0.0,0.0,0.0,0.0,0.0,0.0,0.0,0.0,0.0,0.0,0.0,0.0,0.0,0.0,0.0,0.0,0.0,0.0,0.0,0.0,0.0,0.0,-0.29420196661126696,-0.3057989227007375,0.2938060161481524,-0.48345968257238425,-0.1929045515895644,-0.06648309127700842,2,24,-0.590717299578059,-0.5,0.0,0.0,0.0,0.0,0.0,0.0,0.0,1.0,0.0,0.0,0.0,0.0,0.0,0.0,1.0,0.0,1.0,1
VAR_004400,-0.9688696204115855,-0.8121212542407974,-0.4609392662704085,1.5104299858881316,2.747098299635895,-0.6175705372522112,-0.9715536311659745,-1.0009540033681656,3.6715181547197697,0.0,2.477141136947891,16,0.0,0.0,0.0,0.0,0.0,0.0,0.0,0.0,0.0,0.0,0.0,0.0,0.0,0.0,0.0,0.0,0.0,0.0,0.0,0.0,0.0,0.0,0.0,0.0,0.0,0.0,0.0,0.0,0.0,0.0,0.0,0.0,0.0,0.0,0.0,7,0.0,0.0,3,3,0.16779434259019896,-0.6017217476123538,0.0,0.0,0.0,0.0,0.0,0.0,0.0,0.0,0.0,0.0,0.0,0.0,0.0,0.0,0.0,0.0,0.0,0.0,0.0,0.0,0.0,0.0,0.0,0.0,0.0,0.0,0.0,0.0,0.0,0.0,0.0,0.0,3,10.669120804615117,0.0,0.0,0.0,0.0,0.0,0.0,0.0,0.0,0.0,0.0,0.0,0.0,0.0,0.0,0.0,0.0,0.0,0.0,0.0,0.0,0.0,0.0,0.0,0.0,0.0,0.0,0.0,0.0,0.0,0.0,0.0,0.0,0.0,0.0,0.0,0.0,0.0,0.0,0.0,0.0,0.0,0.0,0.0,0.0,0.0,0.0,0.0,0.0,0.0,0.0,0.0,0.0,0.0,0.0,0.0,0.0,-1.0,-0.5323959667264596,0.0,-0.6426564497491878,6.3797659521948535,1.0,0.0,0.0,0.0,0.0,-5.403398540087705,0.0,0.0,-1.0,-1.0,-1.0,-1.0,1.0,1.0,0.0,-1.0,-0.9914863666977887,-0.20862670094025873,0.05033307554259341,-0.9342223389259506,0.43107489271201593,0.7788248279946213,8,4,0.0,0.0,0.0,0.0,0.0,0.0,0.0,1.0,0.0,0.0,0.0,0.0,0.0,0.0,0.0,0.0,0.0,1.0,0.0,1
VAR_000966,0.0,0.0,0.0,0.0,0.0,0.0,0.0,0.0,0.0,0.0,0.0,8,0.0,0.0,0.0,0.0,0.0,0.0,0.0,-1.0,-1.0,0.8441715072595704,0.0,0.0,0.0,0.0,-1.0,0.0,-0.17827499340505035,-1.0,-0.28141136766689334,-0.1819967985533564,0.0,-1.0,0.0,0.0,0.0,0.0,0.0,-1.0,-1.0,0.0,-1.0,0.0,0.0,-1.0,0.0,3,0.0,0.0,3,3,0.6869350855949977,0.7558651961686087,0.9989748228757314,0.0,0.0,0.0,0.0,0.0,0.0,0.0,0.0,0.0,0.0,0.0,0.0,0.0,0.0,0.0,0.0,0.0,0.0,0.0,0.0,0.0,0.0,0.0,0.0,0.0,0.0,0.0,0.0,0.0,0.0,0.0,3,-0.13065618513274194,0.0,0.0,0.0,0.0,0.0,0.0,0.0,0.0,0.0,0.0,0.0,0.0,0.0,0.0,0.0,0.0,0.0,0.0,0.0,0.0,0.0,0.0,0.0,0.0,0.0,0.0,0.0,0.0,0.0,0.0,0.0,0.0,0.0,0.0,0.0,0.0,0.0,0.0,0.0,0.0,0.0,0.0,0.0,0.0,0.0,0.0,0.0,0.0,0.0,0.0,0.0,0.0,0.0,0.0,0.0,0.0,0.0,0.0,0.0,0.0,0.0,0.0,0.0,0.0,0.0,0.0,0.0,0.0,0.0,0.0,0.0,0.0,0.0,0.0,0.0,0.0,0.0,0.25729155745059906,0.14214986863547444,0.2938060161481524,0.8220965875112611,0.24559262631662393,0.6322997926353442,2,24,-0.590717299578059,-0.5,0.0,0.0,0.0,0.0,0.0,0.0,0.0,1.0,0.0,0.0,0.0,0.0,0.0,0.0,1.0,0.0,0.0,1
VAR_001256,0.0,0.0,0.0,0.0,0.0,0.0,0.0,0.0,0.0,0.0,0.0,8,0.0,0.0,0.0,0.0,0.0,0.0,0.0,0.0,0.0,0.0,0.0,0.0,0.0,0.0,0.0,0.0,0.0,0.0,0.0,0.0,0.0,0.0,0.0,0.0,0.0,0.0,0.0,0.0,0.0,0.0,0.0,0.0,0.0,0.0,0.0,7,0.0,0.0,3,3,-0.2031150766046957,0.46537548031473963,0.0,0.0,-1.0,0.0,0.0,-1.0,0.0,0.0,0.0,0.0,-1.0,1.0,-1.0,0.0,1.0,0.0,0.0,0.0,0.0,0.0065683050207621,1.0,0.0,-1.0,-1.0,-1.0,0.0,-1.0,-0.8075817909366545,-1.0,-1.0,0.0,0.0,3,0.9174150854006433,0.0,0.0,0.0,0.0,0.0,0.0,0.0,0.0,0.0,0.0,0.0,0.0,0.0,0.0,0.0,0.0,0.0,0.0,0.0,0.0,0.0,0.0,0.0,0.0,0.0,0.0,0.0,0.0,0.0,0.0,0.0,0.0,0.0,0.0,0.0,0.0,0.0,0.0,0.0,0.0,0.0,0.0,0.0,0.0,0.0,0.0,0.0,0.0,0.0,0.0,0.0,0.0,0.0,0.0,0.0,0.0,0.0,0.0,0.0,0.0,0.0,0.0,0.0,0.0,0.0,0.0,0.0,0.0,0.0,0.0,0.0,0.0,0.0,0.0,0.0,0.0,0.0,0.25729155745059906,0.34338647816014006,-0.7744922171346238,0.790193213679897,0.05565875267129277,0.7788248279946213,10,13,0.11814345991561176,0.5,1.0,0.0,0.0,0.0,0.0,0.0,0.0,0.0,0.0,0.0,0.0,0.0,0.0,0.0,0.0,0.0,0.0,1
VAR_002397,0.0,0.0,0.0,0.0,0.0,0.0,0.0,0.0,0.0,0.0,0.0,8,0.0,0.0,0.0,0.0,0.0,0.0,0.0,0.0,0.0,0.0,0.0,0.0,0.0,0.0,0.0,0.0,0.0,0.0,0.0,0.0,0.0,0.0,0.0,0.0,0.0,0.0,0.0,0.0,0.0,0.0,0.0,0.0,0.0,0.0,0.0,7,0.0,0.0,5,5,0.0,0.0,0.0,0.0,0.0,0.0,0.0,0.0,0.0,0.0,0.0,0.0,0.0,0.0,0.0,0.0,0.0,0.0,0.0,0.0,0.0,0.0,0.0,0.0,0.0,0.0,0.0,0.0,0.0,0.0,0.0,0.0,0.0,0.0,5,0.0,0.0,0.0,0.0,0.0,0.0,0.0,0.0,0.0,0.0,0.0,0.0,0.0,0.0,0.0,0.0,0.0,0.0,0.0,0.0,0.0,0.0,0.0,0.0,0.0,0.0,0.0,0.0,0.0,0.0,0.0,0.0,0.0,0.0,0.0,0.0,0.0,0.0,0.0,0.0,0.0,0.0,0.0,0.0,0.0,0.0,0.0,0.0,0.0,0.0,0.0,0.0,0.0,0.0,0.0,0.0,0.0,0.0,0.0,0.0,0.0,0.0,0.0,0.0,0.0,0.0,0.0,0.0,0.0,0.0,0.0,0.0,0.0,0.0,0.0,0.0,0.0,0.0,0.0,0.0,0.0,0.0,0.0,0.0,18,18,0.0,0.0,0.0,0.0,0.0,0.0,0.0,0.0,0.0,0.0,0.0,0.0,0.0,0.0,0.0,0.0,0.0,0.0,0.0,1
VAR_000589,0.0,0.0,0.0,0.0,0.0,0.0,0.0,0.0,0.0,0.0,0.0,8,0.0,0.0,0.0,0.0,0.0,0.0,0.0,0.0,-1.0,0.8441715072595704,0.0,0.0,0.0,0.0,-1.0,0.0,-0.17827499340505035,-1.0,0.7185886323331067,-0.18063999044563833,0.0,0.0,0.0,0.0,0.0,0.0,0.0,0.0,0.0,0.0,0.0,0.0,0.0,0.0,0.0,7,0.0,0.0,4,4,0.10990931167851913,0.4210483429011906,0.1450043079126638,0.0,0.0,0.0,0.0,0.0,0.0,0.0,0.0,0.0,0.0,0.0,0.0,0.0,0.0,0.0,0.0,0.0,0.0,0.0,0.0,0.0,0.0,0.0,0.0,0.0,0.0,0.0,0.0,0.0,0.0,0.0,4,5.355423147316126,0.0,0.0,0.0,0.0,0.0,0.0,0.0,0.0,0.0,0.0,0.0,0.0,0.0,0.0,0.0,0.0,0.0,0.0,0.0,0.0,0.0,0.0,0.0,0.0,0.0,0.0,0.0,0.0,0.0,0.0,0.0,0.0,0.0,0.0,0.0,0.0,0.0,0.0,0.0,0.0,0.0,0.0,0.0,0.0,0.0,0.0,0.0,0.0,0.0,0.0,0.0,0.0,0.0,0.0,0.0,0.0,0.0,0.0,0.0,0.0,0.0,0.0,0.0,0.0,0.0,0.0,0.0,0.0,0.0,0.0,0.0,0.0,0.0,0.0,0.0,0.0,0.0,-1.3738495801341848,0.34338647816014006,-1.4655945569306918,0.4614440080585314,0.03363818964106442,-0.41131992863069666,11,14,-0.8607594936708861,-1.0,1.0,0.0,0.0,0.0,0.0,0.0,0.0,0.0,0.0,0.0,0.0,1.0,0.0,0.0,0.0,0.0,0.0,1
VAR_000935,0.0,0.0,0.0,0.0,0.0,0.0,0.0,0.0,0.0,0.0,0.0,8,0.0,0.0,0.0,0.0,0.0,0.0,0.0,-1.0,-1.0,0.2188561851793683,0.0,0.0,1.0,0.0,0.0,1.0,-0.17827499340505035,-1.0,-0.28141136766689334,0.4017313961590972,0.0,0.0,0.0,0.0,0.0,0.0,0.0,0.0,0.0,0.0,0.0,0.0,0.0,0.0,0.0,7,0.0,0.0,2,2,0.8645014035174319,0.7147318901053276,1.352628655825449,0.0,-1.0,1.0,-1.0,-1.0,-1.0,1.0,-1.0,0.0,0.0,0.0,-1.0,0.0,0.0,0.0,-1.0,0.0,0.0,0.0380520690049087,0.0,0.0,0.0,0.0,0.0,0.0,-1.0,-0.8075817909366545,0.0,0.0,0.0,0.0,2,-0.05888316832343387,0.0,0.0,0.0,0.0,0.0,0.0,0.0,0.0,0.0,0.0,0.0,0.0,0.0,0.0,0.0,0.0,0.0,0.0,0.0,0.0,0.0,0.0,0.0,0.0,0.0,0.0,0.0,0.0,0.0,0.0,0.0,0.0,0.0,0.0,0.0,0.0,0.0,0.0,0.0,0.0,0.0,0.0,0.0,0.0,0.0,0.0,0.0,0.0,0.0,0.0,0.0,0.0,0.0,0.0,0.0,0.0,0.0,0.0,0.0,0.0,0.0,0.0,0.0,0.0,0.0,0.0,0.0,0.0,0.0,0.0,0.0,0.0,0.0,0.0,0.0,0.0,0.0,0.25729155745059906,0.07503297813518431,0.2938060161481524,0.5029221620718901,-0.20135720991858508,-0.07676542379206275,0,22,0.45569620253164556,0.5,1.0,0.0,0.0,0.0,0.0,0.0,1.0,0.0,0.0,0.0,0.0,0.0,0.0,0.0,0.0,0.0,0.0,1
VAR_000698,-0.29228435771607925,52.30550343926054,-0.4609935194011119,87.7881001032543,62.05687951154073,-0.6216059101134981,0.8690517686696155,0.409253816271438,48.31679437473339,0.01071233266407865,24.60806939173863,2,0.0,-0.0002915437851985,-0.8722805623995484,0.0,0.0,0.0,0.4657266319660073,0.0,0.0,-0.47075160550760514,1.0,0.0,1.0,0.0,-1.0,0.0,0.8217250065949496,0.0,-0.28141136766689334,3.3571249376469865,0.0,0.0,-1.0,0.0,0.0,-1.0,-1.0,0.0,0.0,0.0,0.0,-1.0,0.0,-1.0,-1.0,2,-1.0,0.0,1,1,-0.6262732999944784,-0.15876171243987838,0.35857514377846667,-1.0,-1.0,1.0,-1.0,-1.0,0.0,0.0,0.0,0.0,0.0,1.0,0.0,0.0,0.0,-1.0,0.0,-1.0,0.0,0.0013583949404605,1.0,0.0,-1.0,0.0,0.0,1.0,-1.0,-0.8075817909366545,-1.0,-1.0,0.0,0.0200776875641108,1,3.6017310519125365,-1.0,0.0,-1.0,1.0,1.0,0.0,0.0,1.0,-1.0,1.0,0.0,-1.0,0.0,0.0,0.0,0.0,-1.0,1.0,1.0,-1.0,-1.0,0.0,-1.0,0.0,0.0,0.6119905886038661,0.0,1.0,1.0,0.0,1.0,0.0,0.0,0.0,0.0,-1.0,0.0,0.0,-1.0,0.0,0.0,0.0,-1.0,-0.0800999856927399,0.0,0.0,0.0,0.0019910172681811998,-1.0,-1.0,0.0,0.0,0.0,0.0,-1.0,0.0,0.0,386.7508736862092,-1.0,0.3573435502508122,-1.2368655736119685,0.0,0.0,-1.0,0.0,0.0,0.0,0.0,-1.0,0.0,0.0,0.0,-1.0,0.0,1.0,0.0,-1.0,-0.20203092782506482,0.34338647816014006,0.1583316559694267,0.5625853397561676,0.7110225017941483,0.5563283575445039,5,22,1.350210970464135,-0.5,0.0,0.0,0.0,1.0,0.0,0.0,0.0,0.0,0.0,0.0,0.0,0.0,0.0,0.0,1.0,0.0,0.0,0
VAR_000570,0.0,0.0,0.0,0.0,0.0,0.0,0.0,0.0,0.0,0.0,0.0,8,0.0,0.0,0.0,0.0,0.0,0.0,0.0,0.0,0.0,0.0,0.0,0.0,0.0,0.0,0.0,0.0,0.0,0.0,0.0,0.0,0.0,0.0,0.0,0.0,0.0,0.0,0.0,0.0,0.0,0.0,0.0,0.0,0.0,0.0,0.0,7,0.0,0.0,3,3,0.27444259970346363,0.7528443755495225,-1.0335977586251903,0.0,0.0,0.0,0.0,0.0,0.0,0.0,0.0,0.0,0.0,0.0,0.0,0.0,0.0,0.0,0.0,0.0,0.0,0.0,0.0,0.0,0.0,0.0,0.0,0.0,0.0,0.0,0.0,0.0,0.0,0.0,3,0.0,0.0,0.0,0.0,0.0,0.0,0.0,0.0,0.0,0.0,0.0,0.0,0.0,0.0,0.0,0.0,0.0,0.0,0.0,0.0,0.0,0.0,0.0,0.0,0.0,0.0,0.0,0.0,0.0,0.0,0.0,0.0,0.0,0.0,0.0,0.0,0.0,0.0,0.0,0.0,0.0,0.0,0.0,0.0,0.0,0.0,0.0,0.0,0.0,0.0,0.0,0.0,0.0,0.0,0.0,0.0,0.0,0.0,0.0,0.0,0.0,0.0,0.0,0.0,0.0,0.0,0.0,0.0,0.0,0.0,0.0,0.0,0.0,0.0,0.0,0.0,0.0,0.0,0.25729155745059906,0.22110964859392462,-0.10665737603015,0.8602251806955874,-0.7954180683354974,0.6602775658566402,7,5,-0.47257383966244726,-0.5,0.0,0.0,0.0,0.0,0.0,0.0,0.0,1.0,0.0,0.0,0.0,0.0,0.0,0.0,0.0,0.0,0.0,1
VAR_002373,53.04864938598784,136.91450361994842,1.1420540305319107,122.19337394687273,-0.6627843531574977,-0.4845974268319077,-0.9797144037601457,-0.049115542180784885,0.8322785665725709,-0.00039170729264615496,0.9665156621326783,0,0.0,-0.0019986365437901,-0.8722805623995484,-1.0,0.0,-1.0,-0.5342733680339927,-1.0,-1.0,0.26586230148604145,0.0,0.0,0.0,-1.0,-1.0,0.0,-0.17827499340505035,-1.0,0.7185886323331067,-0.19172528006944145,-1.0,0.0,-1.0,-1.0,0.0,-1.0,0.0,0.0,-1.0,0.0,-1.0,-1.0,0.0,-1.0,0.0,0,0.0,0.0,2,2,-0.5660955979976685,-2.257663769372596,-1.8550649258120526,0.0,0.0,0.0,-1.0,-1.0,-1.0,0.0,0.0,0.0,0.0,0.0,0.0,1.0,1.0,-1.0,0.0,-1.0,0.0,-0.0001194113693527,0.0,1.0,0.0,-1.0,0.0,1.0,-1.0,-0.8075817909366545,0.0,-1.0,0.0,-0.00062777530259,2,0.19465423081712702,0.0,0.0,-0.0031815368061636207,0.0,0.0,-1.0,1.0,0.0,0.0,1.0,0.0,0.0,0.0,0.0,0.0,-1.0,-1.0,0.0,0.0,0.0,-1.0,-1.0,-1.0,0.0,-1.0,0.5236714857804743,0.0,0.0,1.0,1.0,0.0,1.0,-1.0,0.0,0.0,-1.0,0.0,0.0,-1.0,0.0,-1.0,-1.0,0.0,0.9199000143072601,0.0,1.0,0.0,0.0062712129631279,0.0,0.0,0.0,0.0,0.0,0.0,-1.0,-1.0,0.0,-13.388764227056166,0.0,-0.6426564497491878,0.02203176834904086,0.0,-1.0,0.0,-0.1868486635022858,0.0,-5.403398540087705,5.497123972767402,-1.0,0.0,0.0,0.0,0.0,0.0,1.0,-1.0,-1.0,-12.490275946098475,-11.491442877116597,-20.065808435587318,-1.0701415389735776,-8.467541065487763,-1.5213736364012986,0,7,-0.3206751054852321,0.5,1.0,0.0,0.0,0.0,0.0,1.0,0.0,0.0,0.0,0.0,0.0,0.0,0.0,0.0,1.0,0.0,1.0,0
VAR_003706,-0.8381896705433268,-0.5064188206394878,27.43810369738909,-0.5095049426775418,-0.42959320574550225,-0.6216059099360695,-0.9671273908363359,-1.0117112014106235,-0.6051018157460779,0.05744297156877625,7.279894999468727,28,0.0,0.0,0.0,0.0,0.0,0.0,0.0,-1.0,0.0,-0.47075160550760514,1.0,0.0,1.0,-1.0,-1.0,1.0,0.8217250065949496,0.0,-0.28141136766689334,0.31652125893561234,-1.0,0.0,-1.0,-1.0,0.0,0.0,-1.0,0.0,-1.0,-1.0,0.0,0.0,0.0,0.0,0.0,3,-1.0,-1.0,1,1,0.6799823224014722,0.7558651961686087,0.9163099462368083,-1.0,-1.0,0.0,-1.0,-1.0,0.0,0.0,-1.0,-1.0,0.0,1.0,0.0,1.0,0.0,-1.0,-1.0,0.0,-1.0,0.0659134596395671,0.0,0.0,0.0,0.0,-1.0,1.0,0.0,-0.8075817909366545,-1.0,-1.0,-1.0,-0.0006816534628686649,1,0.6241436352915122,-1.0,0.0,0.0,0.0,0.0,0.0,1.0,1.0,0.0,0.0,0.0,0.0,1.0,0.0,0.0,0.0,-1.0,0.0,1.0,-1.0,-1.0,0.0,-1.0,0.0,0.0,0.0,-1.0,0.0,0.0,1.0,1.0,1.0,0.0,1.0,-1.0,0.0,0.0,-1.0,0.0,1.0,0.0,0.0,0.0,-0.0800999856927399,1.0,1.0,0.0,0.0024495328853050002,0.0,-1.0,-1.0,-1.0,0.0,1.0,-1.0,-1.0,-1.0,445.289935704577,0.0,-0.6426564497491878,-1.2368655736119685,0.0,0.0,0.0,0.0,1.0,0.0,0.0,-1.0,-1.0,-1.0,0.0,-1.0,0.0,1.0,0.0,0.0,0.25729155745059906,0.34338647816014006,0.15595659427641773,-0.12368227691708046,1.0052495657684166,0.5566610921981886,13,9,1.40084388185654,-1.0,0.0,0.0,0.0,1.0,0.0,0.0,0.0,0.0,0.0,0.0,0.0,0.0,0.0,-1.0,1.0,1.0,0.0,1
VAR_004725,0.0,0.0,0.0,0.0,0.0,0.0,0.0,0.0,0.0,0.0,0.0,8,0.0,0.0,0.0,0.0,0.0,0.0,0.0,0.0,0.0,0.0,0.0,0.0,0.0,0.0,0.0,0.0,0.0,0.0,0.0,0.0,0.0,0.0,0.0,0.0,0.0,0.0,0.0,0.0,0.0,0.0,0.0,0.0,0.0,0.0,0.0,7,0.0,0.0,3,3,0.7799187759571954,0.567373500967958,0.23695825786839886,0.0,0.0,0.0,0.0,0.0,0.0,0.0,0.0,0.0,0.0,0.0,0.0,0.0,0.0,0.0,0.0,0.0,0.0,0.0,0.0,0.0,0.0,0.0,0.0,0.0,0.0,0.0,0.0,0.0,0.0,0.0,3,0.0,0.0,0.0,0.0,0.0,0.0,0.0,0.0,0.0,0.0,0.0,0.0,0.0,0.0,0.0,0.0,0.0,0.0,0.0,0.0,0.0,0.0,0.0,0.0,0.0,0.0,0.0,0.0,0.0,0.0,0.0,0.0,0.0,0.0,0.0,0.0,0.0,0.0,0.0,0.0,0.0,0.0,0.0,0.0,0.0,0.0,0.0,0.0,0.0,0.0,0.0,0.0,0.0,0.0,0.0,0.0,0.0,0.0,0.0,0.0,0.0,0.0,0.0,0.0,0.0,0.0,0.0,0.0,0.0,0.0,0.0,0.0,0.0,0.0,0.0,0.0,0.0,0.0,0.25729155745059906,0.34338647816014006,0.2938060161481524,-0.29924625781844,0.30468400455751027,0.7788248279946213,8,13,0.0,1.0,0.0,0.0,0.0,0.0,1.0,0.0,0.0,0.0,0.0,0.0,0.0,0.0,0.0,0.0,0.0,0.0,0.0,1
VAR_004574,0.0,0.0,0.0,0.0,0.0,0.0,0.0,0.0,0.0,0.0,0.0,8,0.0,0.0,0.0,0.0,0.0,0.0,0.0,0.0,-1.0,0.2093254710670915,1.0,0.0,0.0,0.0,-1.0,0.0,-0.17827499340505035,-1.0,0.5637433979715678,11.89146703204472,0.0,0.0,-1.0,0.0,0.0,0.0,0.0,0.0,0.0,0.0,0.0,0.0,0.0,0.0,0.0,7,0.0,0.0,2,2,0.6428592732410139,0.7558651961686087,0.0,0.0,0.0,0.0,0.0,0.0,0.0,0.0,0.0,0.0,0.0,0.0,0.0,0.0,0.0,0.0,0.0,0.0,0.0,0.0,0.0,0.0,0.0,0.0,0.0,0.0,0.0,0.0,0.0,0.0,0.0,0.0,2,10.000920157058973,0.0,0.0,0.0,0.0,0.0,0.0,0.0,0.0,0.0,0.0,0.0,0.0,0.0,0.0,0.0,0.0,0.0,0.0,0.0,0.0,0.0,0.0,0.0,0.0,0.0,0.0,0.0,0.0,0.0,0.0,0.0,0.0,0.0,0.0,0.0,0.0,0.0,0.0,0.0,0.0,0.0,0.0,0.0,0.0,0.0,0.0,0.0,0.0,0.0,0.0,0.0,0.0,0.0,0.0,0.0,0.0,0.0,0.0,0.0,0.0,0.0,0.0,0.0,0.0,0.0,0.0,0.0,0.0,0.0,0.0,0.0,0.0,0.0,0.0,0.0,0.0,0.0,-0.30626954889475866,0.19460285070229544,-0.17403293288949456,-0.1921006351219359,-0.7052935550387412,-0.009867716577541296,2,24,-0.590717299578059,-0.5,0.0,0.0,0.0,0.0,0.0,0.0,0.0,1.0,0.0,0.0,0.0,0.0,0.0,0.0,0.0,0.0,0.0,1
VAR_004545,0.0,0.0,0.0,0.0,0.0,0.0,0.0,0.0,0.0,0.0,0.0,8,0.0,0.0,0.0,0.0,0.0,0.0,0.0,0.0,-1.0,0.368375863874891,0.0,0.0,0.0,0.0,-1.0,1.0,0.8217250065949496,0.0,0.7185886323331067,-0.1919900359009355,0.0,-1.0,0.0,0.0,-1.0,0.0,0.0,0.0,0.0,0.0,-1.0,-1.0,-1.0,-1.0,0.0,3,-1.0,0.0,1,1,-0.6539953176932494,-0.1306408942485812,0.494243156490455,0.0,0.0,1.0,0.0,-1.0,-1.0,0.0,0.0,-1.0,0.0,0.0,0.0,1.0,0.0,-1.0,0.0,-1.0,0.0,0.035220533733211,0.0,1.0,-1.0,0.0,-1.0,0.0,-1.0,-0.8075817909366545,0.0,0.0,0.0,0.0,1,14.87973079530296,0.0,0.0,0.0,0.0,0.0,0.0,0.0,0.0,0.0,0.0,0.0,0.0,0.0,0.0,0.0,0.0,0.0,0.0,0.0,0.0,0.0,0.0,0.0,0.0,0.0,0.0,0.0,0.0,0.0,0.0,0.0,0.0,0.0,0.0,0.0,0.0,0.0,0.0,0.0,0.0,0.0,0.0,0.0,0.0,0.0,0.0,0.0,0.0,0.0,0.0,0.0,0.0,0.0,0.0,0.0,0.0,0.0,0.0,0.0,0.0,0.0,0.0,0.0,0.0,0.0,0.0,0.0,0.0,0.0,0.0,0.0,0.0,0.0,0.0,0.0,0.0,0.0,0.25729155745059906,0.34338647816014006,-1.1408101842465148,-0.21929674960613582,0.9971258240973522,0.7132156216527488,9,19,-0.8438818565400843,-0.5,0.0,0.0,0.0,0.0,0.0,0.0,0.0,0.0,0.0,0.0,0.0,0.0,1.0,0.0,1.0,0.0,0.0,1
VAR_000592,0.0,0.0,0.0,0.0,0.0,0.0,0.0,0.0,0.0,0.0,0.0,8,0.0,0.0,0.0,0.0,0.0,0.0,0.0,0.0,-1.0,-0.47075160550760514,0.0,0.0,0.0,0.0,0.0,1.0,0.8217250065949496,-1.0,0.7185886323331067,3.8098426171969453,0.0,0.0,0.0,0.0,0.0,0.0,0.0,0.0,0.0,0.0,0.0,0.0,0.0,0.0,0.0,7,0.0,0.0,4,4,-0.015341859672822155,0.4310439800136549,-0.4513777548167787,0.0,0.0,0.0,0.0,0.0,0.0,0.0,0.0,0.0,0.0,0.0,0.0,0.0,0.0,0.0,0.0,0.0,0.0,0.0,0.0,0.0,0.0,0.0,0.0,0.0,0.0,0.0,0.0,0.0,0.0,0.0,4,0.04983420642114492,0.0,0.0,0.0,0.0,0.0,0.0,0.0,0.0,0.0,0.0,0.0,0.0,0.0,0.0,0.0,0.0,0.0,0.0,0.0,0.0,0.0,0.0,0.0,0.0,0.0,0.0,0.0,0.0,0.0,0.0,0.0,0.0,0.0,0.0,0.0,0.0,0.0,0.0,0.0,0.0,0.0,0.0,0.0,0.0,0.0,0.0,0.0,0.0,0.0,0.0,0.0,0.0,0.0,0.0,0.0,0.0,0.0,0.0,0.0,0.0,0.0,0.0,0.0,0.0,0.0,0.0,0.0,0.0,0.0,0.0,0.0,0.0,0.0,0.0,0.0,0.0,0.0,-0.4838916224192711,-0.17882641311336217,0.2938060161481524,0.40214746416513075,-1.0614851781394374,-0.02745061663547423,11,14,-0.8607594936708861,-1.0,1.0,0.0,0.0,0.0,0.0,0.0,0.0,0.0,0.0,0.0,0.0,1.0,0.0,0.0,0.0,0.0,0.0,1
VAR_000674,-0.9579457335888697,-0.8121212547773282,-0.4609935191846679,134.86949216892623,60.24772801608367,-0.6216012817126169,-0.9293668071460515,23.904259703509688,-0.6053871140180307,0.0,-1.0672226293417897,16,0.0,0.0,0.0,0.0,0.0,0.0,0.0,-1.0,0.0,-0.47075160550760514,1.0,0.0,1.0,0.0,0.0,0.0,-0.17827499340505035,0.0,0.7185886323331067,27.096542484666667,0.0,0.0,0.0,0.0,0.0,-1.0,0.0,0.0,-1.0,-1.0,0.0,0.0,0.0,0.0,0.0,5,-1.0,0.0,4,4,-0.7515220279923209,-0.17418987795185129,-0.463109348835193,-1.0,-1.0,0.0,-1.0,0.0,0.0,1.0,0.0,-1.0,0.0,0.0,-1.0,0.0,0.0,-1.0,-1.0,0.0,0.0,0.0194345600175642,0.0,0.0,-1.0,0.0,0.0,0.0,0.0,-0.8075817909366545,-1.0,0.0,0.0,0.0,4,-0.12485830451443633,0.0,0.0,-1.0,0.0,0.0,0.0,0.0,1.0,-1.0,1.0,0.0,-1.0,1.0,0.0,0.0,-1.0,0.0,1.0,0.0,-1.0,-0.9186639109335915,0.0,0.0,-1.0,-1.0,0.0,-1.0,1.0,0.0,0.0,0.0,1.0,-1.0,0.0,-1.0,0.0,0.0,-1.0,0.0,0.0,-1.0,0.0,-1.0,-0.0800999856927399,0.0,0.0,0.0,-0.0005217327140555535,0.0,-1.0,-1.0,-1.0,0.0,0.0,-1.0,0.0,0.0,-13.771012505801844,0.0,0.3573435502508122,6.3797659521948535,1.0,-1.0,0.0,-1.0,0.0,-5.403398540087705,5.497123972767402,-1.0,0.0,-1.0,0.0,0.0,0.0,1.0,-1.0,-1.0,0.25729155745059906,-0.17343476615142034,0.2938060161481524,0.40740620741184536,-0.6819813650667291,-0.42575857095263836,11,14,-0.8607594936708861,-1.0,1.0,0.0,0.0,0.0,0.0,0.0,0.0,0.0,0.0,0.0,0.0,1.0,0.0,0.0,1.0,1.0,0.0,1
VAR_000991,0.0,0.0,0.0,0.0,0.0,0.0,0.0,0.0,0.0,0.0,0.0,8,0.0,0.0,0.0,0.0,0.0,0.0,0.0,0.0,0.0,-0.47075160550760514,0.0,0.0,0.0,0.0,0.0,0.0,-0.17827499340505035,0.0,-0.28141136766689334,2.9799820954564993,0.0,-1.0,-1.0,0.0,0.0,0.0,0.0,0.0,0.0,0.0,0.0,0.0,0.0,0.0,0.0,7,0.0,0.0,3,3,0.3840255565914357,0.039362560144829126,0.0,0.0,0.0,0.0,0.0,0.0,0.0,0.0,0.0,0.0,0.0,0.0,0.0,0.0,0.0,0.0,0.0,0.0,0.0,0.0,0.0,0.0,0.0,0.0,0.0,0.0,0.0,0.0,0.0,0.0,0.0,0.0,3,2.5251680431366648,0.0,0.0,0.0,0.0,0.0,0.0,0.0,0.0,0.0,0.0,0.0,0.0,0.0,0.0,0.0,0.0,0.0,0.0,0.0,0.0,0.0,0.0,0.0,0.0,0.0,0.0,0.0,0.0,0.0,0.0,0.0,0.0,0.0,0.0,0.0,0.0,0.0,0.0,0.0,0.0,0.0,0.0,0.0,0.0,0.0,0.0,0.0,0.0,0.0,0.0,0.0,0.0,0.0,0.0,0.0,0.0,0.0,0.0,0.0,0.0,0.0,0.0,0.0,0.0,0.0,0.0,0.0,0.0,0.0,0.0,0.0,0.0,0.0,0.0,0.0,0.0,0.0,0.25729155745059906,0.1848230790649857,-1.002687995696246,0.6005113862977315,-0.06608631280497501,0.7788248279946213,16,10,0.15189873417721517,1.5,0.0,0.0,0.0,0.0,0.0,0.0,0.0,1.0,0.0,0.0,0.0,0.0,0.0,0.0,0.0,0.0,0.0,1
VAR_004397,117.84498606935364,0.28405019578524854,6.566543352437097,-0.5107269909587954,7.998256545122633,-0.3026432045343331,59.732478863862966,-1.0117294636749463,2.3948328320934253,-0.00039437101280145,-1.05859395765396,28,0.0,0.0,0.0,0.0,0.0,0.0,0.0,-1.0,-1.0,-0.47075160550760514,0.0,0.0,1.0,0.0,0.0,0.0,-0.17827499340505035,0.0,-0.28141136766689334,-0.19199977232864426,0.0,-1.0,0.0,0.0,0.0,0.0,0.0,0.0,0.0,0.0,0.0,0.0,0.0,0.0,0.0,7,0.0,0.0,3,3,-0.2267867568822349,0.02882975527198894,1.4318135209985903,-1.0,0.0,0.0,-1.0,0.0,-1.0,0.0,-1.0,0.0,0.0,0.0,0.0,1.0,1.0,-1.0,-1.0,0.0,-1.0,-0.00016430495043359998,1.0,1.0,0.0,-1.0,-1.0,1.0,-1.0,-0.8075817909366545,-1.0,-1.0,-1.0,0.0392457876902248,3,0.3369658807509507,0.0,0.0,0.0,0.0,0.0,0.0,0.0,0.0,0.0,0.0,0.0,0.0,0.0,0.0,0.0,0.0,0.0,0.0,0.0,0.0,0.0,0.0,0.0,0.0,0.0,0.0,0.0,0.0,0.0,0.0,0.0,0.0,0.0,0.0,0.0,0.0,0.0,0.0,0.0,0.0,0.0,0.0,0.0,0.0,0.0,0.0,0.0,0.0,0.0,0.0,0.0,0.0,0.0,0.0,0.0,0.0,-1.0,-13.847079383986287,0.0,-0.6426564497491878,-1.2368655736119685,0.0,0.0,0.0,0.0,1.0,0.0,5.497123972767402,0.0,-1.0,0.0,0.0,-1.0,1.0,1.0,0.0,-1.0,0.25729155745059906,-5.456847261806626,0.2938060161481524,0.04841046586118051,0.016865070600499785,0.3628929943761486,16,3,1.232067510548523,-1.0,0.0,0.0,0.0,0.0,0.0,0.0,1.0,0.0,0.0,0.0,0.0,0.0,0.0,-1.0,0.0,1.0,0.0,0
VAR_000630,0.0,0.0,0.0,0.0,0.0,0.0,0.0,0.0,0.0,0.0,0.0,8,0.0,0.0,0.0,0.0,0.0,0.0,0.0,0.0,0.0,0.0,0.0,0.0,0.0,0.0,0.0,0.0,0.0,0.0,0.0,0.0,0.0,0.0,0.0,0.0,0.0,0.0,0.0,0.0,0.0,0.0,0.0,0.0,0.0,0.0,0.0,7,0.0,0.0,3,3,0.8797190892687302,0.7558651961686087,0.13611749797138087,0.0,0.0,0.0,0.0,0.0,0.0,0.0,0.0,0.0,0.0,0.0,0.0,0.0,0.0,0.0,0.0,0.0,0.0,0.0,0.0,0.0,0.0,0.0,0.0,0.0,0.0,0.0,0.0,0.0,0.0,0.0,3,0.0,0.0,0.0,0.0,0.0,0.0,0.0,0.0,0.0,0.0,0.0,0.0,0.0,0.0,0.0,0.0,0.0,0.0,0.0,0.0,0.0,0.0,0.0,0.0,0.0,0.0,0.0,0.0,0.0,0.0,0.0,0.0,0.0,0.0,0.0,0.0,0.0,0.0,0.0,0.0,0.0,0.0,0.0,0.0,0.0,0.0,0.0,0.0,0.0,0.0,0.0,0.0,0.0,0.0,0.0,0.0,0.0,0.0,0.0,0.0,0.0,0.0,0.0,0.0,0.0,0.0,0.0,0.0,0.0,0.0,0.0,0.0,0.0,0.0,0.0,0.0,0.0,0.0,-0.6515121206128912,0.34338647816014006,0.2938060161481524,0.6079291145406538,0.1562712602563746,0.6266290194064211,7,4,-0.47257383966244726,0.0,0.0,0.0,0.0,0.0,0.0,0.0,0.0,1.0,0.0,0.0,0.0,0.0,0.0,0.0,0.0,0.0,0.0,1
VAR_003593,-0.8764278490309169,-0.8113778096778091,19.940926557581555,-0.0010288282337667654,-0.574193794410445,-0.621605909973851,-0.5155227053684227,-0.7748755883311556,-0.5782425962337682,-0.00011084242743215005,-0.988791558725228,28,0.0,0.0,0.0,0.0,0.0,0.0,0.0,-1.0,-1.0,0.8441715072595704,0.0,0.0,1.0,0.0,-1.0,0.0,-0.17827499340505035,-1.0,0.7185886323331067,1.0386179994570814,0.0,0.0,0.0,-1.0,0.0,0.0,0.0,0.0,-1.0,0.0,-1.0,0.0,0.0,0.0,0.0,5,-1.0,0.0,1,1,0.3243204675262783,-1.7843265980390837,-0.5169179885565044,-1.0,0.0,1.0,-1.0,0.0,0.0,0.0,0.0,-1.0,-1.0,0.0,-1.0,1.0,1.0,0.0,-1.0,0.0,-1.0,-0.0002901796787860104,0.0,0.0,-1.0,0.0,0.0,0.0,-1.0,0.1924182090633455,0.0,0.0,0.0,-0.0006736578655653087,1,0.13285544326599621,-1.0,0.0,-1.0,1.0,0.0,-1.0,0.0,1.0,-1.0,0.0,0.0,-1.0,1.0,-1.0,0.0,0.0,-1.0,0.0,0.0,0.0,-1.0,0.0,-1.0,-1.0,-1.0,0.0,-1.0,1.0,0.0,1.0,1.0,0.0,-1.0,0.0,0.0,-1.0,1.0,-1.0,0.0,0.0,-1.0,-1.0,0.0,0.9199000143072601,1.0,0.0,0.0,0.0023393817521343997,-1.0,0.0,0.0,0.0,0.0,0.0,0.0,-1.0,0.0,10.13714100415585,0.0,0.3573435502508122,-1.2368655736119685,1.0,0.0,0.0,0.0,0.0,0.0,0.0,0.0,0.0,0.0,-1.0,-1.0,1.0,1.0,0.0,-1.0,-11.534142199326544,-4.216859275942951,-19.659086769192044,-0.9742212343896988,0.4473999824808176,-0.850448635021797,13,4,0.05063291139240503,1.0,0.0,0.0,1.0,0.0,0.0,0.0,0.0,0.0,0.0,0.0,0.0,0.0,0.0,-1.0,1.0,1.0,0.0,0
VAR_004576,0.0,0.0,0.0,0.0,0.0,0.0,0.0,0.0,0.0,0.0,0.0,8,0.0,0.0,0.0,0.0,0.0,0.0,0.0,0.0,0.0,0.0,0.0,0.0,0.0,0.0,0.0,0.0,0.0,0.0,0.0,0.0,0.0,0.0,0.0,0.0,0.0,0.0,0.0,0.0,0.0,0.0,0.0,0.0,0.0,0.0,0.0,7,0.0,0.0,4,4,0.6364611682257934,0.5703405496922758,0.0,-1.0,-1.0,0.0,0.0,0.0,0.0,1.0,0.0,-1.0,-1.0,0.0,-1.0,0.0,0.0,-1.0,0.0,-1.0,0.0,-0.00033781188454307326,1.0,1.0,-1.0,-1.0,0.0,1.0,-1.0,0.1924182090633455,0.0,-1.0,0.0,0.0,4,-0.12265610643144902,0.0,0.0,0.0,0.0,0.0,0.0,0.0,0.0,0.0,0.0,0.0,0.0,0.0,0.0,0.0,0.0,0.0,0.0,0.0,0.0,0.0,0.0,0.0,0.0,0.0,0.0,0.0,0.0,0.0,0.0,0.0,0.0,0.0,0.0,0.0,0.0,0.0,0.0,0.0,0.0,0.0,0.0,0.0,0.0,0.0,0.0,0.0,0.0,0.0,0.0,0.0,0.0,0.0,0.0,0.0,0.0,0.0,0.0,0.0,0.0,0.0,0.0,0.0,0.0,0.0,0.0,0.0,0.0,0.0,0.0,0.0,0.0,0.0,0.0,0.0,0.0,0.0,0.06422521098890432,0.06886940179611324,-0.3927857545913821,-0.24935635083638594,-0.42702030798725304,0.01219435474877408,4,22,1.350210970464135,-1.0,0.0,0.0,0.0,1.0,0.0,0.0,0.0,0.0,0.0,0.0,0.0,0.0,0.0,0.0,0.0,0.0,0.0,1
VAR_001066,0.0,0.0,0.0,0.0,0.0,0.0,0.0,0.0,0.0,0.0,0.0,8,0.0,0.0,0.0,0.0,0.0,0.0,0.0,0.0,-1.0,-0.47075160550760514,0.0,0.0,1.0,0.0,0.0,1.0,-0.17827499340505035,-1.0,0.7185886323331067,-0.18987890593796336,0.0,-1.0,-1.0,0.0,0.0,0.0,0.0,0.0,0.0,0.0,0.0,0.0,0.0,0.0,0.0,7,0.0,0.0,3,3,-0.14117705413304119,-0.538131532221214,0.0,0.0,0.0,0.0,0.0,0.0,0.0,0.0,0.0,0.0,0.0,0.0,0.0,0.0,0.0,0.0,0.0,0.0,0.0,0.0,0.0,0.0,0.0,0.0,0.0,0.0,0.0,0.0,0.0,0.0,0.0,0.0,3,9.895473270129292,0.0,0.0,0.0,0.0,0.0,0.0,0.0,0.0,0.0,0.0,0.0,0.0,0.0,0.0,0.0,0.0,0.0,0.0,0.0,0.0,0.0,0.0,0.0,0.0,0.0,0.0,0.0,0.0,0.0,0.0,0.0,0.0,0.0,0.0,0.0,0.0,0.0,0.0,0.0,0.0,0.0,0.0,0.0,0.0,0.0,0.0,0.0,0.0,0.0,0.0,0.0,0.0,0.0,0.0,0.0,0.0,0.0,0.0,0.0,0.0,0.0,0.0,0.0,0.0,0.0,0.0,0.0,0.0,0.0,0.0,0.0,0.0,0.0,0.0,0.0,0.0,0.0,0.25729155745059906,0.34338647816014006,-1.5337470033369787,0.8602251806955874,0.2795188125024729,0.7788248279946213,17,9,0.9451476793248943,-0.5,0.0,0.0,0.0,0.0,0.0,0.0,0.0,0.0,0.0,1.0,0.0,0.0,0.0,0.0,0.0,0.0,0.0,1
VAR_004546,0.0,0.0,0.0,0.0,0.0,0.0,0.0,0.0,0.0,0.0,0.0,8,0.0,0.0,0.0,0.0,0.0,0.0,0.0,-1.0,-1.0,-0.47075160550760514,1.0,0.0,1.0,-1.0,-1.0,0.0,-0.17827499340505035,0.0,0.7185886323331067,8.93012044482343,0.0,0.0,0.0,0.0,0.0,0.0,0.0,0.0,0.0,0.0,0.0,-1.0,-1.0,-1.0,0.0,3,0.0,0.0,1,1,-0.6540687531090964,-0.11841729317461464,1.4042677588298331,-1.0,0.0,0.0,-1.0,0.0,-1.0,1.0,-1.0,0.0,0.0,0.1983009455142993,0.0,0.0,0.0,-1.0,0.0,-1.0,-1.0,-0.00033781267241106243,0.0,0.0,-1.0,0.0,-1.0,0.0,0.0,0.1924182090633455,0.0,0.0,0.0,0.0,1,0.7700658726938224,0.0,0.0,0.0,0.0,0.0,0.0,0.0,0.0,0.0,0.0,0.0,0.0,0.0,0.0,0.0,0.0,0.0,0.0,0.0,0.0,0.0,0.0,0.0,0.0,0.0,0.0,0.0,0.0,0.0,0.0,0.0,0.0,0.0,0.0,0.0,0.0,0.0,0.0,0.0,0.0,0.0,0.0,0.0,0.0,0.0,0.0,0.0,0.0,0.0,0.0,0.0,0.0,0.0,0.0,0.0,0.0,0.0,0.0,0.0,0.0,0.0,0.0,0.0,0.0,0.0,0.0,0.0,0.0,0.0,0.0,0.0,0.0,0.0,0.0,0.0,0.0,0.0,-0.2797584223214839,0.08505145638190546,0.2938060161481524,-0.1874678114558536,1.0052495657684166,0.5680834134233177,11,14,-0.8607594936708861,-1.0,1.0,0.0,0.0,0.0,0.0,0.0,0.0,0.0,0.0,0.0,0.0,1.0,0.0,0.0,1.0,0.0,0.0,1
VAR_004568,-0.8922290924253603,-0.8106722661070286,158.45063540929604,-0.5107182984970825,-0.5786627639822507,-0.1331437403386383,-0.6591601805550439,1.5403287924253812,-0.5190434610594366,0.00381969862643345,0.1370482393488346,6,0.0,-0.0026965086765313,0.12771943760045157,-0.43308271983908686,0.0,-0.8203362617639811,0.4657266319660073,0.0,-1.0,-0.47075160550760514,1.0,0.0,1.0,0.0,0.0,1.0,-0.17827499340505035,-1.0,0.7185886323331067,70.8811607631103,0.0,-1.0,0.0,0.0,0.0,0.0,0.0,0.0,0.0,-1.0,-1.0,-1.0,0.0,-1.0,0.0,1,0.0,0.0,2,2,0.6196390796809893,0.05590472541421143,0.0,0.0,0.0,0.0,0.0,-1.0,-1.0,0.0,0.0,-1.0,-1.0,0.0,-1.0,1.0,1.0,0.0,-1.0,-1.0,-0.1697972229212199,-0.00011708170198639997,1.0,0.0,0.0,-1.0,0.0,0.0,-1.0,-0.8075817909366545,0.0,0.0,0.0,-0.0006244561590537,2,0.06382335767308278,-1.0,0.0,-1.0,1.0,1.0,0.0,0.0,0.0,0.0,0.0,-1.0,0.0,0.0,-1.0,0.0,-1.0,0.0,0.0,0.0,0.0,-1.0,0.0,-1.0,-1.0,0.0,1.0,0.0,1.0,1.0,0.0,0.0,0.0,0.0,0.0,-1.0,0.0,0.0,0.0,-1.0,1.0,-1.0,-1.0,-1.0,0.9199000143072601,1.0,0.0,0.0,-0.00046802312478104447,-1.0,0.0,-1.0,0.0,1.0,0.0,0.0,-1.0,0.0,1207.3000160374618,-1.0,-0.6426564497491878,6.3797659521948535,1.0,0.0,-1.0,0.0,0.0,-5.403398540087705,0.0,0.0,-1.0,-1.0,-1.0,-1.0,1.0,0.0,-1.0,-1.0,-0.033595871329284266,0.34338647816014006,-0.18915001704736348,-0.16937366039520646,-1.0788287292052878,-0.10681265470118854,7,1,0.42194092827004215,0.5,1.0,0.0,0.0,0.0,0.0,0.0,0.0,0.0,1.0,0.0,0.0,0.0,0.0,0.0,1.0,0.0,0.0,0
VAR_004543,0.0,0.0,0.0,0.0,0.0,0.0,0.0,0.0,0.0,0.0,0.0,8,0.0,0.0,0.0,0.0,0.0,0.0,0.0,0.0,0.0,0.0,0.0,0.0,0.0,0.0,0.0,0.0,0.0,0.0,0.0,0.0,0.0,0.0,0.0,0.0,0.0,0.0,0.0,0.0,0.0,0.0,0.0,0.0,0.0,0.0,0.0,7,0.0,0.0,1,1,-0.48691866502302245,0.0037734785996668832,0.0,0.0,0.0,0.0,0.0,0.0,0.0,0.0,0.0,0.0,0.0,0.0,0.0,0.0,0.0,0.0,0.0,0.0,0.0,0.0,0.0,0.0,0.0,0.0,0.0,0.0,0.0,0.0,0.0,0.0,0.0,0.0,1,0.0,0.0,0.0,0.0,0.0,0.0,0.0,0.0,0.0,0.0,0.0,0.0,0.0,0.0,0.0,0.0,0.0,0.0,0.0,0.0,0.0,0.0,0.0,0.0,0.0,0.0,0.0,0.0,0.0,0.0,0.0,0.0,0.0,0.0,0.0,0.0,0.0,0.0,0.0,0.0,0.0,0.0,0.0,0.0,0.0,0.0,0.0,0.0,0.0,0.0,0.0,0.0,0.0,0.0,0.0,0.0,0.0,0.0,0.0,0.0,0.0,0.0,0.0,0.0,0.0,0.0,0.0,0.0,0.0,0.0,0.0,0.0,0.0,0.0,0.0,0.0,0.0,0.0,-0.295618515433055,0.2674495704277087,0.2938060161481524,0.0,1.0052495657684166,0.5813251814690654,12,10,-0.9282700421940927,0.0,-0.5,0.0,0.0,0.0,0.0,0.0,0.0,0.0,0.0,0.0,1.0,0.0,0.0,0.0,0.0,0.0,0.0,1
VAR_001050,3.048523684714753,-0.7987274013536714,-0.46099314209223535,-0.5107310523022065,-0.6627843531629256,10.972029533868001,-0.9797143772176268,-1.0117222701439263,11.085594320914272,0.0,-0.6770431124762059,19,0.0,0.0,0.0,0.0,0.0,0.0,0.0,0.0,0.0,0.0,0.0,0.0,0.0,0.0,0.0,0.0,0.0,0.0,0.0,0.0,0.0,0.0,0.0,0.0,0.0,0.0,0.0,0.0,0.0,0.0,0.0,0.0,0.0,0.0,0.0,7,0.0,0.0,3,3,-2.6576163152881422,-1.9239589244862472,0.7619930380783956,0.0,-1.0,1.0,0.0,-1.0,0.0,0.0,-1.0,-0.2646238628440545,-1.0,1.0,0.0,0.0,1.0,-1.0,-1.0,-1.0,-1.0,-0.0003331731675851554,0.0,0.0,0.0,0.0,0.0,0.0,-1.0,0.1924182090633455,0.0,-1.0,0.0,0.0,3,-0.11010243129744084,-1.0,0.0,-1.0,0.0,1.0,-1.0,0.0,1.0,-1.0,1.0,0.0,0.0,0.0,0.0,0.0,0.0,-1.0,1.0,1.0,0.0,-1.0,0.0,-1.0,0.0,0.0,0.0,-1.0,1.0,0.0,1.0,0.0,1.0,-1.0,0.0,-1.0,-1.0,0.0,-1.0,0.0,1.0,-1.0,-1.0,-1.0,-0.0800999856927399,1.0,0.0,-1.0,-0.0005218288756834186,0.0,0.0,-1.0,-1.0,0.0,0.0,-1.0,-1.0,0.0,1349.5392129483191,-1.0,-0.6426564497491878,6.3797659521948535,0.0,-1.0,0.0,0.0,1.0,0.0,5.497123972767402,-1.0,0.0,-1.0,0.0,-1.0,1.0,0.0,0.0,0.0,-17.789714573107016,-0.7923659546876245,-11.256453285670702,-1.0483286273840398,0.3397552971819251,-0.9868945351374193,17,13,-0.4050632911392405,1.0,0.0,0.0,0.0,0.0,0.0,0.0,0.0,1.0,0.0,0.0,0.0,0.0,0.0,0.0,0.0,0.0,0.0,0
VAR_000578,0.0,0.0,0.0,0.0,0.0,0.0,0.0,0.0,0.0,0.0,0.0,8,0.0,0.0,0.0,0.0,0.0,0.0,0.0,0.0,-1.0,-0.47075160550760514,0.0,0.0,0.0,0.0,0.0,0.0,0.8217250065949496,-1.0,0.6999089181332631,-0.19200266140766423,0.0,0.0,-1.0,0.0,0.0,0.0,0.0,0.0,0.0,0.0,0.0,0.0,0.0,0.0,0.0,7,0.0,0.0,4,4,0.4370376062806995,0.4390060087956778,0.0,0.0,0.0,0.0,0.0,0.0,0.0,0.0,0.0,0.0,0.0,0.0,0.0,0.0,0.0,0.0,0.0,0.0,0.0,0.0,0.0,0.0,0.0,0.0,0.0,0.0,0.0,0.0,0.0,0.0,0.0,0.0,4,-0.13142281886304946,0.0,0.0,0.0,0.0,0.0,0.0,0.0,0.0,0.0,0.0,0.0,0.0,0.0,0.0,0.0,0.0,0.0,0.0,0.0,0.0,0.0,0.0,0.0,0.0,0.0,0.0,0.0,0.0,0.0,0.0,0.0,0.0,0.0,0.0,0.0,0.0,0.0,0.0,0.0,0.0,0.0,0.0,0.0,0.0,0.0,0.0,0.0,0.0,0.0,0.0,0.0,0.0,0.0,0.0,0.0,0.0,0.0,0.0,0.0,0.0,0.0,0.0,0.0,0.0,0.0,0.0,0.0,0.0,0.0,0.0,0.0,0.0,0.0,0.0,0.0,0.0,0.0,-0.7651485441994154,0.04985988508368988,0.2938060161481524,0.39280979953609374,-0.7341111135786508,-0.004407731593737117,2,17,-1.130801687763713,-1.0,0.0,0.0,0.0,0.0,0.0,0.0,0.0,0.0,0.0,0.0,0.0,1.0,0.0,0.0,0.0,0.0,0.0,1
VAR_001274,42.33647891702595,29.254875172140398,9.70593765576119,53.200235648844085,0.8928518276043432,168.9598904929641,151.72442603747575,114.07845284689418,15.834200809001032,0.0033269814883870497,48.8457594944409,22,0.0,0.0313976445741087,-0.8722805623995484,-1.0,0.0,0.0,0.4657266319660073,0.0,0.0,0.8441715072595704,0.0,0.0,1.0,0.0,0.0,1.0,0.8217250065949496,0.0,0.7185886323331067,8.094344030845907,0.0,0.0,0.0,0.0,0.0,0.0,0.0,0.0,-1.0,0.0,0.0,0.0,0.0,0.0,0.0,3,0.0,0.0,0,0,0.7330519797697772,0.18139409365960826,0.0,0.0,0.0,1.0,0.0,0.0,0.0,1.0,0.0,0.0,-1.0,1.0,0.0,1.0,1.0,0.0,0.0,0.0,0.0,0.006290316168000401,1.0,1.0,0.0,0.0,-1.0,0.0,0.0,0.1924182090633455,0.0,0.0,0.0,0.0109464981423278,0,8.071562272507784,0.0,-1.0,0.0,1.0,0.0,0.0,1.0,0.0,0.0,1.0,0.0,0.0,0.0,0.0,0.0,0.0,0.0,0.0,1.0,0.0,-1.0,-1.0,-1.0,-1.0,0.0,0.0,0.0,1.0,1.0,1.0,1.0,0.0,0.0,1.0,0.0,-1.0,1.0,0.0,0.0,0.0,0.0,0.0,0.0,-0.0800999856927399,0.0,0.0,0.0,0.0342074182485908,0.0,0.0,0.0,0.0,0.0,1.0,-1.0,-1.0,0.0,453.34054058367605,0.0,-0.6426564497491878,6.3797659521948535,0.0,0.0,-1.0,0.0,1.0,-5.403398540087705,0.0,0.0,0.0,0.0,0.0,-1.0,0.0,1.0,-1.0,-1.0,0.25729155745059906,-4.220065059046835,0.2938060161481524,-0.6883715953782433,-0.7363910111920389,-0.3780378174758094,12,9,0.48945147679324885,1.0,0.5,0.0,0.0,0.0,0.0,0.0,0.0,0.0,0.0,0.0,0.0,0.0,0.0,-1.0,1.0,0.0,0.0,0
VAR_000934,0.0,0.0,0.0,0.0,0.0,0.0,0.0,0.0,0.0,0.0,0.0,8,0.0,0.0,0.0,0.0,0.0,0.0,0.0,0.0,0.0,0.0,0.0,0.0,0.0,0.0,0.0,0.0,0.0,0.0,0.0,0.0,0.0,0.0,0.0,0.0,0.0,0.0,0.0,0.0,0.0,0.0,0.0,0.0,0.0,0.0,0.0,7,0.0,0.0,2,2,0.6620047430466806,0.6869570969462003,0.7732351901025948,0.0,0.0,0.0,0.0,0.0,0.0,0.0,0.0,0.0,0.0,0.0,0.0,0.0,0.0,0.0,0.0,0.0,0.0,0.0,0.0,0.0,0.0,0.0,0.0,0.0,0.0,0.0,0.0,0.0,0.0,0.0,2,0.0,0.0,0.0,0.0,0.0,0.0,0.0,0.0,0.0,0.0,0.0,0.0,0.0,0.0,0.0,0.0,0.0,0.0,0.0,0.0,0.0,0.0,0.0,0.0,0.0,0.0,0.0,0.0,0.0,0.0,0.0,0.0,0.0,0.0,0.0,0.0,0.0,0.0,0.0,0.0,0.0,0.0,0.0,0.0,0.0,0.0,0.0,0.0,0.0,0.0,0.0,0.0,0.0,0.0,0.0,0.0,0.0,0.0,0.0,0.0,0.0,0.0,0.0,0.0,0.0,0.0,0.0,0.0,0.0,0.0,0.0,0.0,0.0,0.0,0.0,0.0,0.0,0.0,0.25729155745059906,0.2835584561852876,-0.1686617475881731,0.2993282911286955,-0.33061047589417636,-0.22951483442973183,0,5,-0.8438818565400843,0.0,0.0,0.0,0.0,0.0,1.0,0.0,0.0,0.0,0.0,0.0,0.0,0.0,0.0,0.0,0.0,0.0,0.0,1
VAR_000619,-0.9203657389553707,149.06219686828362,12.433500675032755,51.49854863620194,234.827181863171,1.2791659248730134,-0.9033086975000498,74.34875089907034,39.05149527973537,0.0,-1.0749735951155137,16,0.0,0.0,0.0,0.0,0.0,0.0,0.0,-1.0,-1.0,-0.47075160550760514,0.0,0.0,0.5514424470342871,0.0,-1.0,1.0,-0.17827499340505035,0.0,0.6322545904444379,-0.17256853308071646,0.0,-1.0,-1.0,0.0,0.0,0.0,0.0,0.0,0.0,0.0,0.0,0.0,0.0,0.0,0.0,7,0.0,0.0,2,2,0.3869219383526768,0.3866834322760762,-0.5781875681027013,-1.0,0.0,0.0,-1.0,-1.0,0.0,1.0,-1.0,0.0,-1.0,1.0,0.0,0.0,0.0,-1.0,-1.0,-1.0,-1.0,-0.000318498747750611,1.0,0.0,0.0,0.0,0.0,0.0,-1.0,0.1924182090633455,-1.0,0.0,0.0,0.0,2,3.5100911648117634,0.0,0.0,0.0,0.0,0.0,0.0,0.0,0.0,0.0,0.0,0.0,0.0,0.0,0.0,0.0,0.0,0.0,0.0,0.0,0.0,0.0,0.0,0.0,0.0,0.0,0.0,0.0,0.0,0.0,0.0,0.0,0.0,0.0,0.0,0.0,0.0,0.0,0.0,0.0,0.0,0.0,0.0,0.0,0.0,0.0,0.0,0.0,0.0,0.0,0.0,0.0,0.0,0.0,0.0,0.0,0.0,-1.0,-13.877492435062534,-1.0,0.3573435502508122,4.8872526716359665,0.0,0.0,-1.0,-1.0,0.0,0.0,5.497123972767402,0.0,-1.0,-1.0,0.0,0.0,1.0,0.0,0.0,0.0,0.25729155745059906,-0.3709651239824355,0.2938060161481524,0.30215226446119464,-0.1206530182626799,-0.09983555595341272,14,11,0.9620253164556961,-1.0,1.0,0.0,0.0,0.0,0.0,0.0,1.0,0.0,0.0,0.0,0.0,0.0,0.0,0.0,0.0,1.0,0.0,1
VAR_004395,69.17185858024588,0.2928120920010458,4.465128350488499,6.277469736828061,-0.6563773117434366,-0.6189820572365059,-0.967127773174763,-1.0117314498351695,-0.60410432466487,0.0,-1.0229487802013384,11,0.0,0.0,0.0,0.0,0.0,0.0,0.0,-1.0,-1.0,0.8441715072595704,0.0,0.0,0.0,-1.0,-1.0,1.0,0.8217250065949496,0.0,-0.28141136766689334,-0.19124275530383172,0.0,-1.0,-1.0,-1.0,0.0,0.0,0.0,0.0,0.0,-1.0,-1.0,0.0,-1.0,0.0,0.0,1,0.0,0.0,2,2,-0.5499544113932892,-0.11108838628694698,0.12183121488783699,-1.0,0.0,0.0,-1.0,0.0,-1.0,1.0,0.0,0.0,0.0,1.0,0.0,1.0,1.0,0.0,-1.0,-1.0,-1.0,-0.0003378126722004025,0.0,1.0,-1.0,0.0,0.0,1.0,-1.0,-0.8075817909366545,-1.0,0.0,0.0,0.0,2,-0.08817747864888847,0.0,-1.0,0.0,1.0,0.0,-1.0,0.0,1.0,-1.0,1.0,-1.0,-1.0,0.0,0.0,0.0,0.0,0.0,0.0,1.0,-1.0,0.0,0.0,0.0,-1.0,0.0,0.0,0.0,1.0,0.0,1.0,0.0,1.0,-1.0,0.0,-1.0,-1.0,0.0,-1.0,-1.0,0.0,0.0,0.0,0.0,-0.0800999856927399,1.0,0.0,0.0,-0.00014301023989470003,0.0,-1.0,-1.0,-1.0,1.0,0.0,0.0,-1.0,-1.0,252.67888898065178,-1.0,-0.6426564497491878,6.3797659521948535,0.0,0.0,-1.0,-1.0,1.0,0.0,0.0,-1.0,0.0,-1.0,0.0,0.0,1.0,0.0,-1.0,-1.0,0.07632526779282048,-10.813483379823415,0.2938060161481524,-0.6805130579050658,-0.3105613014958343,-0.07599971140502934,4,13,0.05063291139240503,1.0,0.0,0.0,0.0,0.0,0.0,0.0,0.0,1.0,0.0,0.0,0.0,0.0,0.0,0.0,1.0,0.0,0.0,0
VAR_002391,1.184815899628662,37.9514607251594,-0.4609931513474637,128.93117650158484,1.0007845822594712,-0.6215928111615733,1.9862408364916444,-0.5485139425468193,-0.6055795204988473,0.0,-1.0738926753424733,16,0.0,0.0,0.0,0.0,0.0,0.0,0.0,0.0,0.0,0.0,0.0,0.0,0.0,0.0,0.0,0.0,0.0,0.0,0.0,0.0,0.0,0.0,0.0,0.0,0.0,0.0,0.0,0.0,0.0,0.0,0.0,0.0,0.0,0.0,0.0,7,0.0,0.0,4,4,-1.390342007829093,-0.07616959062068679,-0.7058882451351782,0.0,0.0,1.0,-1.0,0.0,0.0,0.0,-1.0,-1.0,-1.0,1.0,0.0,1.0,1.0,-1.0,-1.0,0.0,0.0,0.00017778447817150007,0.0,1.0,0.0,-1.0,0.0,0.0,0.0,0.1924182090633455,0.0,-1.0,0.0,0.0,4,-0.13094079324327587,0.0,0.0,0.0,0.0,0.0,0.0,0.0,0.0,0.0,0.0,0.0,0.0,0.0,0.0,0.0,0.0,0.0,0.0,0.0,0.0,0.0,0.0,0.0,0.0,0.0,0.0,0.0,0.0,0.0,0.0,0.0,0.0,0.0,0.0,0.0,0.0,0.0,0.0,0.0,0.0,0.0,0.0,0.0,0.0,0.0,0.0,0.0,0.0,0.0,0.0,0.0,0.0,0.0,0.0,0.0,0.0,0.0,-13.862286392388537,0.0,0.3573435502508122,-1.2368655736119685,0.0,-1.0,-1.0,0.0,0.0,0.0,0.0,-1.0,-1.0,-1.0,-1.0,0.0,1.0,1.0,0.0,-1.0,-0.03756805325657123,-9.289647223879872,0.2938060161481524,0.3010366594092597,-0.051472968623694014,0.08245672250614139,11,14,-0.8607594936708861,-1.0,1.0,0.0,0.0,0.0,0.0,0.0,0.0,0.0,0.0,0.0,0.0,1.0,0.0,0.0,0.0,1.0,0.0,1
VAR_000695,0.0,0.0,0.0,0.0,0.0,0.0,0.0,0.0,0.0,0.0,0.0,8,0.0,0.0,0.0,0.0,0.0,0.0,0.0,0.0,-1.0,-0.47075160550760514,1.0,0.0,0.0,0.0,-1.0,0.0,-0.17827499340505035,0.0,0.7185886323331067,-0.19200265080450585,0.0,-1.0,0.0,-1.0,-1.0,-1.0,0.0,0.0,-1.0,-1.0,0.0,-1.0,-1.0,0.0,0.0,3,-0.9401640609503578,-1.0,4,4,-0.19908462600414653,0.4074853818802857,-0.5306078052821758,0.0,0.0,0.0,0.0,0.0,0.0,0.0,0.0,0.0,0.0,0.0,0.0,0.0,0.0,0.0,0.0,0.0,0.0,0.0,0.0,0.0,0.0,0.0,0.0,0.0,0.0,0.0,0.0,0.0,0.0,0.0,4,-0.13009430124022422,0.0,0.0,0.0,0.0,0.0,0.0,0.0,0.0,0.0,0.0,0.0,0.0,0.0,0.0,0.0,0.0,0.0,0.0,0.0,0.0,0.0,0.0,0.0,0.0,0.0,0.0,0.0,0.0,0.0,0.0,0.0,0.0,0.0,0.0,0.0,0.0,0.0,0.0,0.0,0.0,0.0,0.0,0.0,0.0,0.0,0.0,0.0,0.0,0.0,0.0,0.0,0.0,0.0,0.0,0.0,0.0,0.0,0.0,0.0,0.0,0.0,0.0,0.0,0.0,0.0,0.0,0.0,0.0,0.0,0.0,0.0,0.0,0.0,0.0,0.0,0.0,0.0,0.0022965739619219046,-0.6642068931836342,-0.4029985539908323,0.4228508867894926,-0.39097253635534196,-0.022888042686767036,11,17,-1.350210970464135,-0.5,1.0,0.0,0.0,0.0,0.0,0.0,0.0,0.0,0.0,0.0,0.0,0.0,1.0,0.0,1.0,0.0,0.0,1
VAR_000560,9.023687166139243,-0.7422891801614274,-0.37719170496535936,-0.510507346738267,-0.11463253760761519,-0.6157752079261444,0.9196551306914857,-0.715991820297576,79.35304873924599,0.00179747013041255,-0.6863778054261308,23,0.0,0.0,0.0,0.0,0.0,0.0,0.0,-1.0,-1.0,0.8441715072595704,0.0,0.0,0.0,0.0,-1.0,0.0,-0.17827499340505035,-1.0,-0.26309712632741883,-0.18858524275177224,0.0,-1.0,0.0,0.0,0.0,-1.0,0.0,0.0,-1.0,-1.0,0.0,-1.0,0.0,-1.0,0.0,3,-1.0,0.0,3,3,-0.4356766231015529,-5.295583746153246,-4.148002063831465,0.0,0.0,0.0,0.0,0.0,-1.0,1.0,-1.0,-1.0,-1.0,1.0,0.0,0.0,0.0,-1.0,-1.0,-1.0,0.0,0.0005953190860832,0.0,1.0,0.0,-1.0,-1.0,1.0,-1.0,-0.8075817909366545,0.0,-1.0,0.0,0.00034507529869710007,3,-0.08019525119230539,0.0,0.0,-1.0,0.0,0.0,-1.0,1.0,1.0,0.0,0.0,0.0,0.0,1.0,-1.0,0.0,0.0,-1.0,1.0,1.0,0.0,0.0,0.0,0.0,0.0,-1.0,1.0,0.0,0.0,0.0,0.0,0.0,1.0,0.0,0.0,-1.0,-1.0,0.0,-1.0,0.0,1.0,-1.0,0.0,0.0,0.9199000143072601,0.0,1.0,0.0,-0.000521825789979811,0.0,-1.0,0.0,-1.0,1.0,0.0,0.0,-1.0,-1.0,-9.295538034961522,0.0,-0.6426564497491878,-1.2368655736119685,0.0,0.0,0.0,0.0,0.0,0.0,5.497123972767402,-1.0,-1.0,0.0,-1.0,0.0,0.0,0.0,0.0,-1.0,0.25729155745059906,0.34338647816014006,0.2938060161481524,-1.1739938383804744,-0.36588866089464966,-1.1710376997174685,16,10,0.15189873417721517,1.5,0.0,0.0,0.0,0.0,0.0,0.0,0.0,1.0,0.0,0.0,0.0,0.0,0.0,-1.0,1.0,0.0,0.0,0
VAR_001004,0.0,0.0,0.0,0.0,0.0,0.0,0.0,0.0,0.0,0.0,0.0,8,0.0,0.0,0.0,0.0,0.0,0.0,0.0,-1.0,0.0,0.8441715072595704,0.0,0.0,1.0,0.0,-1.0,1.0,0.8217250065949496,0.0,-0.28141136766689334,1.5083341036503521,0.0,0.0,0.0,0.0,0.0,0.0,0.0,0.0,0.0,0.0,0.0,0.0,0.0,0.0,0.0,7,0.0,0.0,3,3,0.5941279292088893,0.36342552005957374,1.4594751731844757,0.0,0.0,0.0,0.0,0.0,0.0,0.0,0.0,0.0,0.0,0.0,0.0,0.0,0.0,0.0,0.0,0.0,0.0,0.0,0.0,0.0,0.0,0.0,0.0,0.0,0.0,0.0,0.0,0.0,0.0,0.0,3,-0.13142268091621845,0.0,0.0,0.0,0.0,0.0,0.0,0.0,0.0,0.0,0.0,0.0,0.0,0.0,0.0,0.0,0.0,0.0,0.0,0.0,0.0,0.0,0.0,0.0,0.0,0.0,0.0,0.0,0.0,0.0,0.0,0.0,0.0,0.0,0.0,0.0,0.0,0.0,0.0,0.0,0.0,0.0,0.0,0.0,0.0,0.0,0.0,0.0,0.0,0.0,0.0,0.0,0.0,0.0,0.0,0.0,0.0,0.0,0.0,0.0,0.0,0.0,0.0,0.0,0.0,0.0,0.0,0.0,0.0,0.0,0.0,0.0,0.0,0.0,0.0,0.0,0.0,0.0,0.25729155745059906,-0.10065432130290804,-1.1833288454286384,0.615102571952915,0.14076471166005206,0.7261438254349997,7,4,-0.47257383966244726,0.0,0.0,0.0,0.0,0.0,0.0,0.0,0.0,1.0,0.0,0.0,0.0,0.0,0.0,0.0,0.0,0.0,0.0,1
VAR_004422,14.920175598235291,15.527873632795497,-0.4609934834453674,4.872029386090446,-0.6627842367401415,5.815863249799342,-0.9671278574203535,-1.0117230982755985,-0.5445320823358188,0.0,0.4320460993236711,16,0.0,0.0,0.0,0.0,0.0,0.0,0.0,-1.0,-1.0,0.8441715072595704,0.0,-1.0,1.0,0.0,-1.0,1.0,0.8217250065949496,0.0,0.7185886323331067,-0.18861126487120367,0.0,0.0,0.0,-1.0,-1.0,-1.0,-1.0,-1.0,-1.0,0.0,-1.0,-1.0,-1.0,0.0,0.0,3,-1.0,0.0,2,2,-1.3824301543812512,-0.19353710367116916,0.933816545102239,0.0,0.0,0.0,-1.0,0.0,-1.0,1.0,-1.0,-1.0,-1.0,0.0,-1.0,0.0,0.0,-1.0,0.0,0.0,0.0,-0.00029915901536283634,0.0,1.0,-1.0,0.0,-1.0,1.0,0.0,-0.8075817909366545,-1.0,0.0,0.0,0.0,2,-0.10093830612946379,0.0,0.0,0.0,0.0,0.0,0.0,0.0,0.0,0.0,0.0,0.0,0.0,0.0,0.0,0.0,0.0,0.0,0.0,0.0,0.0,0.0,0.0,0.0,0.0,0.0,0.0,0.0,0.0,0.0,0.0,0.0,0.0,0.0,0.0,0.0,0.0,0.0,0.0,0.0,0.0,0.0,0.0,0.0,0.0,0.0,0.0,0.0,0.0,0.0,0.0,0.0,0.0,0.0,0.0,0.0,0.0,0.0,-13.828527384341635,-1.0,-0.6426564497491878,-1.2368655736119685,0.0,0.0,-1.0,-1.0,0.0,-5.403398540087705,0.0,-1.0,-1.0,-1.0,-1.0,-1.0,1.0,1.0,0.0,-1.0,-0.21577261121392927,0.07389525432370377,0.2938060161481524,-0.24752068973616517,-6.327006923107151,-0.04562356740349601,21,12,-0.3375527426160338,1.0,-0.5,0.0,0.0,0.0,0.0,0.0,0.0,1.0,0.0,0.0,0.0,0.0,0.0,0.0,1.0,1.0,0.0,0
VAR_000694,-0.28158140606814624,67.2515160269978,-0.46097576472763785,118.39479047735794,275.7814146834346,18.022894228168802,-0.9734225298731064,6.678730530084786,3.6495305167706857,0.0,-1.0748569835892297,16,0.0,0.0,0.0,0.0,0.0,0.0,0.0,0.0,0.0,0.0,0.0,0.0,0.0,0.0,0.0,0.0,0.0,0.0,0.0,0.0,0.0,0.0,0.0,0.0,0.0,0.0,0.0,0.0,0.0,0.0,0.0,0.0,0.0,0.0,0.0,7,0.0,0.0,3,3,-1.7344063156394756,-0.697086215565728,0.0,0.0,0.0,0.0,0.0,0.0,0.0,0.0,0.0,0.0,0.0,0.0,0.0,0.0,0.0,0.0,0.0,0.0,0.0,0.0,0.0,0.0,0.0,0.0,0.0,0.0,0.0,0.0,0.0,0.0,0.0,0.0,3,-0.13125634956409193,0.0,0.0,0.0,0.0,0.0,0.0,0.0,0.0,0.0,0.0,0.0,0.0,0.0,0.0,0.0,0.0,0.0,0.0,0.0,0.0,0.0,0.0,0.0,0.0,0.0,0.0,0.0,0.0,0.0,0.0,0.0,0.0,0.0,0.0,0.0,0.0,0.0,0.0,0.0,0.0,0.0,0.0,0.0,0.0,0.0,0.0,0.0,0.0,0.0,0.0,0.0,0.0,0.0,0.0,0.0,0.0,-1.0,-12.424303766313358,0.0,-0.6426564497491878,6.3797659521948535,0.0,0.0,0.0,0.0,0.0,-5.403398540087705,5.497123972767402,0.0,-1.0,0.0,0.0,-1.0,0.0,0.0,-1.0,0.0,0.25729155745059906,-0.2866905897617681,-0.7362271093473325,0.7213778410951074,1.0052495657684166,0.5511555756581735,4,8,0.10126582278481006,0.0,0.0,0.0,0.0,0.0,0.0,0.0,0.0,0.0,1.0,0.0,0.0,0.0,0.0,0.0,0.0,1.0,0.0,1
VAR_001023,0.0,0.0,0.0,0.0,0.0,0.0,0.0,0.0,0.0,0.0,0.0,8,0.0,0.0,0.0,0.0,0.0,0.0,0.0,0.0,0.0,-0.16682672018961608,0.0,0.0,1.0,0.0,-1.0,1.0,0.8217250065949496,-1.0,-0.28141136766689334,7.79773091946385,0.0,-1.0,0.0,0.0,0.0,0.0,0.0,0.0,0.0,0.0,0.0,0.0,0.0,0.0,0.0,7,0.0,0.0,1,1,-0.29341077658711984,0.2834002884214048,1.1926590122802578,-1.0,0.0,1.0,-1.0,0.0,0.0,1.0,0.0,0.0,-1.0,0.0,0.0,1.0,1.0,0.0,0.0,-1.0,0.0,-0.0003362137284352719,0.0,1.0,0.0,-1.0,-1.0,1.0,-1.0,-0.8075817909366545,-1.0,0.0,0.0,0.0,1,1.1581333864449987,0.0,0.0,0.0,0.0,0.0,0.0,0.0,0.0,0.0,0.0,0.0,0.0,0.0,0.0,0.0,0.0,0.0,0.0,0.0,0.0,0.0,0.0,0.0,0.0,0.0,0.0,0.0,0.0,0.0,0.0,0.0,0.0,0.0,0.0,0.0,0.0,0.0,0.0,0.0,0.0,0.0,0.0,0.0,0.0,0.0,0.0,0.0,0.0,0.0,0.0,0.0,0.0,0.0,0.0,0.0,0.0,0.0,0.0,0.0,0.0,0.0,0.0,0.0,0.0,0.0,0.0,0.0,0.0,0.0,0.0,0.0,0.0,0.0,0.0,0.0,0.0,0.0,0.1758110130613097,-0.8120793815367483,0.2938060161481524,0.6521533105374611,0.277085779853333,0.7564424497372154,17,7,0.11814345991561177,0.5,0.0,0.0,1.0,0.0,0.0,0.0,0.0,0.0,0.0,0.0,0.0,0.0,0.0,0.0,0.0,0.0,0.0,1
VAR_000575,0.0,0.0,0.0,0.0,0.0,0.0,0.0,0.0,0.0,0.0,0.0,8,0.0,0.0,0.0,0.0,0.0,0.0,0.0,-1.0,-1.0,-0.47075160550760514,1.0,0.0,1.0,0.0,0.0,0.0,-0.17827499340505035,0.0,-0.28141136766689334,-0.1919933330299911,0.0,-1.0,0.0,0.0,0.0,0.0,0.0,0.0,0.0,0.0,0.0,0.0,0.0,0.0,0.0,7,0.0,0.0,4,4,0.38533922409439814,0.18132631912130584,-0.6268185551615666,0.0,0.0,0.0,0.0,0.0,0.0,0.0,0.0,0.0,0.0,0.0,0.0,0.0,0.0,0.0,0.0,0.0,0.0,0.0,0.0,0.0,0.0,0.0,0.0,0.0,0.0,0.0,0.0,0.0,0.0,0.0,4,-0.12919504126484163,0.0,0.0,0.0,0.0,0.0,0.0,0.0,0.0,0.0,0.0,0.0,0.0,0.0,0.0,0.0,0.0,0.0,0.0,0.0,0.0,0.0,0.0,0.0,0.0,0.0,0.0,0.0,0.0,0.0,0.0,0.0,0.0,0.0,0.0,0.0,0.0,0.0,0.0,0.0,0.0,0.0,0.0,0.0,0.0,0.0,0.0,0.0,0.0,0.0,0.0,0.0,0.0,0.0,0.0,0.0,0.0,0.0,0.0,0.0,0.0,0.0,0.0,0.0,0.0,0.0,0.0,0.0,0.0,0.0,0.0,0.0,0.0,0.0,0.0,0.0,0.0,0.0,0.20313565437072972,-0.007130619283783539,0.2938060161481524,0.4478495554865088,0.16425718567447178,-0.16707551828012202,11,14,-0.8607594936708861,-1.0,1.0,0.0,0.0,0.0,0.0,0.0,0.0,0.0,0.0,0.0,0.0,1.0,0.0,0.0,0.0,0.0,0.0,1
VAR_000585,0.0,0.0,0.0,0.0,0.0,0.0,0.0,0.0,0.0,0.0,0.0,8,0.0,0.0,0.0,0.0,0.0,0.0,0.0,0.0,0.0,0.8441715072595704,1.0,0.0,0.0,0.0,0.0,0.0,-0.17827499340505035,0.0,0.4190751753098565,-0.0015861068571765642,0.0,-1.0,-1.0,0.0,0.0,0.0,0.0,0.0,0.0,0.0,0.0,0.0,0.0,0.0,0.0,7,0.0,0.0,0,0,-0.6282474289529715,-0.2674856489356042,-1.0585110289291624,0.0,0.0,0.0,0.0,0.0,0.0,0.0,0.0,0.0,0.0,0.0,0.0,0.0,0.0,0.0,0.0,0.0,0.0,0.0,0.0,0.0,0.0,0.0,0.0,0.0,0.0,0.0,0.0,0.0,0.0,0.0,0,8.920568855052746,0.0,0.0,0.0,0.0,0.0,0.0,0.0,0.0,0.0,0.0,0.0,0.0,0.0,0.0,0.0,0.0,0.0,0.0,0.0,0.0,0.0,0.0,0.0,0.0,0.0,0.0,0.0,0.0,0.0,0.0,0.0,0.0,0.0,0.0,0.0,0.0,0.0,0.0,0.0,0.0,0.0,0.0,0.0,0.0,0.0,0.0,0.0,0.0,0.0,0.0,0.0,0.0,0.0,0.0,0.0,0.0,0.0,0.0,0.0,0.0,0.0,0.0,0.0,0.0,0.0,0.0,0.0,0.0,0.0,0.0,0.0,0.0,0.0,0.0,0.0,0.0,0.0,0.25729155745059906,0.34338647816014006,0.0005905135147799076,0.017454739311335767,-0.7065178680400834,-0.20462588533761522,11,14,-0.8607594936708861,-1.0,1.0,0.0,0.0,0.0,0.0,0.0,0.0,0.0,0.0,0.0,0.0,1.0,0.0,0.0,0.0,0.0,0.0,1
VAR_001009,0.0,0.0,0.0,0.0,0.0,0.0,0.0,0.0,0.0,0.0,0.0,8,0.0,0.0,0.0,0.0,0.0,0.0,0.0,-1.0,0.0,-0.47075160550760514,0.0,0.0,1.0,0.0,-1.0,0.0,-0.17827499340505035,-1.0,0.7185886323331067,-0.19186060863078647,0.0,-1.0,0.0,0.0,0.0,0.0,0.0,0.0,0.0,0.0,0.0,0.0,0.0,0.0,0.0,7,0.0,0.0,4,4,-0.14115424965220927,0.27004950456087334,0.9855158594155365,-1.0,0.0,1.0,0.0,0.0,-1.0,0.0,-1.0,0.0,0.0,0.0,-1.0,1.0,1.0,0.0,0.0,-1.0,0.0,0.0067136003955837005,0.0,0.0,0.0,0.0,-1.0,0.0,-1.0,-0.8075817909366545,-1.0,-1.0,0.0,0.0,4,10.935699313434128,0.0,0.0,0.0,0.0,0.0,0.0,0.0,0.0,0.0,0.0,0.0,0.0,0.0,0.0,0.0,0.0,0.0,0.0,0.0,0.0,0.0,0.0,0.0,0.0,0.0,0.0,0.0,0.0,0.0,0.0,0.0,0.0,0.0,0.0,0.0,0.0,0.0,0.0,0.0,0.0,0.0,0.0,0.0,0.0,0.0,0.0,0.0,0.0,0.0,0.0,0.0,0.0,0.0,0.0,0.0,0.0,0.0,0.0,0.0,0.0,0.0,0.0,0.0,0.0,0.0,0.0,0.0,0.0,0.0,0.0,0.0,0.0,0.0,0.0,0.0,0.0,0.0,-0.8175404119185725,0.34338647816014006,0.2938060161481524,0.35749582980846684,-0.34066973472373707,-0.0976433298415821,11,17,-1.350210970464135,-0.5,1.0,0.0,0.0,0.0,0.0,0.0,0.0,0.0,0.0,0.0,0.0,0.0,1.0,0.0,0.0,0.0,0.0,1
VAR_003689,0.0,0.0,0.0,0.0,0.0,0.0,0.0,0.0,0.0,0.0,0.0,8,0.0,0.0,0.0,0.0,0.0,0.0,0.0,0.0,0.0,0.0,0.0,0.0,0.0,0.0,0.0,0.0,0.0,0.0,0.0,0.0,0.0,0.0,0.0,0.0,0.0,0.0,0.0,0.0,0.0,0.0,0.0,0.0,0.0,0.0,0.0,7,0.0,0.0,3,3,-0.34183198469341314,-4.733630639408275,-4.172437011608344,0.0,0.0,0.0,0.0,0.0,0.0,0.0,0.0,0.0,0.0,0.0,0.0,0.0,0.0,0.0,0.0,0.0,0.0,0.0,0.0,0.0,0.0,0.0,0.0,0.0,0.0,0.0,0.0,0.0,0.0,0.0,3,0.0,0.0,0.0,0.0,0.0,0.0,0.0,0.0,0.0,0.0,0.0,0.0,0.0,0.0,0.0,0.0,0.0,0.0,0.0,0.0,0.0,0.0,0.0,0.0,0.0,0.0,0.0,0.0,0.0,0.0,0.0,0.0,0.0,0.0,0.0,0.0,0.0,0.0,0.0,0.0,0.0,0.0,0.0,0.0,0.0,0.0,0.0,0.0,0.0,0.0,0.0,0.0,0.0,0.0,0.0,0.0,0.0,0.0,0.0,0.0,0.0,0.0,0.0,0.0,0.0,0.0,0.0,0.0,0.0,0.0,0.0,0.0,0.0,0.0,0.0,0.0,0.0,0.0,-18.46284959684119,-0.043814254836853875,-19.204090213038228,-1.2655008712936007,-14.311205065789906,-1.5207244944125695,0,21,-0.3713080168776371,0.5,1.0,0.0,0.0,0.0,0.0,0.0,0.0,1.0,0.0,0.0,0.0,0.0,0.0,0.0,0.0,0.0,0.0,0
VAR_000628,0.0,0.0,0.0,0.0,0.0,0.0,0.0,0.0,0.0,0.0,0.0,8,0.0,0.0,0.0,0.0,0.0,0.0,0.0,0.0,-1.0,0.8441715072595704,1.0,0.0,0.0,0.0,0.0,0.0,-0.17827499340505035,0.0,-0.28141136766689334,0.9785679629439814,0.0,0.0,-1.0,0.0,0.0,0.0,0.0,0.0,0.0,0.0,0.0,0.0,0.0,0.0,0.0,7,0.0,0.0,3,3,0.20621184783010135,0.12963914496925033,-0.15153622612630696,0.0,0.0,0.0,0.0,0.0,0.0,0.0,0.0,0.0,0.0,0.0,0.0,0.0,0.0,0.0,0.0,0.0,0.0,0.0,0.0,0.0,0.0,0.0,0.0,0.0,0.0,0.0,0.0,0.0,0.0,0.0,3,-0.10022322964350458,0.0,0.0,0.0,0.0,0.0,0.0,0.0,0.0,0.0,0.0,0.0,0.0,0.0,0.0,0.0,0.0,0.0,0.0,0.0,0.0,0.0,0.0,0.0,0.0,0.0,0.0,0.0,0.0,0.0,0.0,0.0,0.0,0.0,0.0,0.0,0.0,0.0,0.0,0.0,0.0,0.0,0.0,0.0,0.0,0.0,0.0,0.0,0.0,0.0,0.0,0.0,0.0,0.0,0.0,0.0,0.0,0.0,0.0,0.0,0.0,0.0,0.0,0.0,0.0,0.0,0.0,0.0,0.0,0.0,0.0,0.0,0.0,0.0,0.0,0.0,0.0,0.0,0.25729155745059906,0.09833488903204686,-0.3647547096949364,0.3832253134170521,0.0031873362692599033,0.7788248279946213,7,22,0.8270042194092827,-1.0,1.0,0.0,0.0,0.0,0.0,0.0,0.0,0.0,0.0,1.0,0.0,0.0,0.0,0.0,0.0,0.0,0.0,1
VAR_000609,0.0,0.0,0.0,0.0,0.0,0.0,0.0,0.0,0.0,0.0,0.0,8,0.0,0.0,0.0,0.0,0.0,0.0,0.0,0.0,0.0,0.0,0.0,0.0,0.0,0.0,0.0,0.0,0.0,0.0,0.0,0.0,0.0,0.0,0.0,0.0,0.0,0.0,0.0,0.0,0.0,0.0,0.0,0.0,0.0,0.0,0.0,7,0.0,0.0,4,4,0.594780426472211,0.7256775450195874,0.0,0.0,0.0,0.0,0.0,0.0,0.0,0.0,0.0,0.0,0.0,0.0,0.0,0.0,0.0,0.0,0.0,0.0,0.0,0.0,0.0,0.0,0.0,0.0,0.0,0.0,0.0,0.0,0.0,0.0,0.0,0.0,4,0.0,0.0,0.0,0.0,0.0,0.0,0.0,0.0,0.0,0.0,0.0,0.0,0.0,0.0,0.0,0.0,0.0,0.0,0.0,0.0,0.0,0.0,0.0,0.0,0.0,0.0,0.0,0.0,0.0,0.0,0.0,0.0,0.0,0.0,0.0,0.0,0.0,0.0,0.0,0.0,0.0,0.0,0.0,0.0,0.0,0.0,0.0,0.0,0.0,0.0,0.0,0.0,0.0,0.0,0.0,0.0,0.0,0.0,0.0,0.0,0.0,0.0,0.0,0.0,0.0,0.0,0.0,0.0,0.0,0.0,0.0,0.0,0.0,0.0,0.0,0.0,0.0,0.0,-1.26222172735806,0.34338647816014006,0.2938060161481524,0.40124265664779435,0.35377770087392213,-0.09954658411984842,11,23,-0.7426160337552742,-0.5,-0.5,0.0,0.0,0.0,0.0,0.0,0.0,0.0,0.0,0.0,0.0,0.0,1.0,0.0,0.0,0.0,0.0,1
VAR_004648,0.6799911980773817,1.6383194306804352,9.25544906307329,-0.4785100053334963,0.2867206082209842,-0.4015056738679961,103.96318754014672,4.325138864638447,3.2359297350126877,0.01156749032017255,63.47021013698398,15,0.0,0.0,0.0,0.0,0.0,0.0,0.0,0.0,0.0,0.0,0.0,0.0,0.0,0.0,0.0,0.0,0.0,0.0,0.0,0.0,0.0,0.0,0.0,0.0,0.0,0.0,0.0,0.0,0.0,0.0,0.0,0.0,0.0,0.0,0.0,7,0.0,0.0,5,5,0.0,0.0,0.0,0.0,0.0,0.0,0.0,0.0,0.0,0.0,0.0,0.0,0.0,0.0,0.0,0.0,0.0,0.0,0.0,0.0,0.0,0.0,0.0,0.0,0.0,0.0,0.0,0.0,0.0,0.0,0.0,0.0,0.0,0.0,5,0.0,0.0,0.0,0.0,0.0,0.0,0.0,0.0,0.0,0.0,0.0,0.0,0.0,0.0,0.0,0.0,0.0,0.0,0.0,0.0,0.0,0.0,0.0,0.0,0.0,0.0,0.0,0.0,0.0,0.0,0.0,0.0,0.0,0.0,0.0,0.0,0.0,0.0,0.0,0.0,0.0,0.0,0.0,0.0,0.0,0.0,0.0,0.0,0.0,0.0,0.0,0.0,0.0,0.0,0.0,0.0,0.0,0.0,0.0,0.0,0.0,0.0,0.0,0.0,0.0,0.0,0.0,0.0,0.0,0.0,0.0,0.0,0.0,0.0,0.0,0.0,0.0,0.0,0.0,0.0,0.0,0.0,0.0,0.0,24,25,0.0,0.0,0.0,0.0,0.0,0.0,0.0,0.0,0.0,0.0,0.0,0.0,0.0,0.0,0.0,0.0,0.0,0.0,0.0,0
VAR_001045,0.7908248827151628,12.151243962765376,-0.2539825665335557,-0.5107311668506168,211.82975283994256,-0.6216059100581928,0.29491904757143733,35.702610933513235,29.657577499753053,0.026578628987198552,40.09805911125782,13,-1.0,0.0360770598136815,-0.8722805623995484,0.0,0.0,-1.0,-0.5342733680339927,-1.0,-1.0,-0.47075160550760514,0.0,-1.0,1.0,-1.0,0.0,0.0,0.8217250065949496,0.0,0.7185886323331067,-0.19200265875051908,0.0,-1.0,0.0,0.0,0.0,0.0,0.0,0.0,0.0,0.0,-1.0,0.0,0.0,-1.0,0.0,2,-1.0,0.0,4,4,0.01631229030865617,0.7064519931721893,0.815788140738636,0.0,-1.0,1.0,0.0,-1.0,0.0,0.0,-1.0,0.0,0.0,1.0,-1.0,0.0,1.0,0.0,0.0,-1.0,-1.0,-5.548643066989996e-05,1.0,1.0,-1.0,-1.0,-1.0,1.0,-1.0,0.1924182090633455,0.0,-1.0,-1.0,0.001407106123684,4,8.799872486291052,0.0,0.0,-1.0,1.0,0.0,0.0,0.0,1.0,-1.0,1.0,-1.0,-1.0,0.0,0.0,0.0,0.0,-1.0,1.0,0.0,-1.0,-1.0,0.0,-1.0,0.0,-1.0,0.0,0.0,1.0,1.0,1.0,0.0,1.0,-1.0,1.0,0.0,-1.0,1.0,-1.0,-1.0,0.0,0.0,0.0,0.0,-0.0800999856927399,1.0,0.0,-1.0,-0.0004680461394820847,-1.0,0.0,0.0,0.0,1.0,0.0,-1.0,-1.0,-1.0,10.905898044222804,-1.0,0.3573435502508122,6.3797659521948535,0.7610104874653755,0.0,0.0,-1.0,1.0,0.0,0.0,-1.0,-1.0,0.0,0.0,0.0,0.0,1.0,0.0,0.0,0.25729155745059906,0.34338647816014006,-0.4830045612546921,0.1973131677320822,1.0052495657684166,0.08389071112258041,21,4,-1.2489451476793247,-1.0,0.0,0.0,0.0,0.0,0.0,0.0,0.0,0.0,0.0,0.0,1.0,0.0,0.0,0.0,1.0,0.0,0.0,0
VAR_004713,0.0,0.0,0.0,0.0,0.0,0.0,0.0,0.0,0.0,0.0,0.0,8,0.0,0.0,0.0,0.0,0.0,0.0,0.0,0.0,-1.0,-0.47075160550760514,0.0,0.0,1.0,0.0,-1.0,0.0,0.8217250065949496,0.0,-0.28141136766689334,-0.19200165632354665,0.0,-1.0,0.0,0.0,0.0,0.0,0.0,0.0,0.0,0.0,0.0,0.0,0.0,0.0,0.0,7,0.0,0.0,2,2,-0.328217297345541,0.17954916333694468,1.8912416740718005,0.0,0.0,0.0,0.0,0.0,0.0,0.0,0.0,0.0,0.0,0.0,0.0,0.0,0.0,0.0,0.0,0.0,0.0,0.0,0.0,0.0,0.0,0.0,0.0,0.0,0.0,0.0,0.0,0.0,0.0,0.0,2,-0.13142260104353942,0.0,0.0,0.0,0.0,0.0,0.0,0.0,0.0,0.0,0.0,0.0,0.0,0.0,0.0,0.0,0.0,0.0,0.0,0.0,0.0,0.0,0.0,0.0,0.0,0.0,0.0,0.0,0.0,0.0,0.0,0.0,0.0,0.0,0.0,0.0,0.0,0.0,0.0,0.0,0.0,0.0,0.0,0.0,0.0,0.0,0.0,0.0,0.0,0.0,0.0,0.0,0.0,0.0,0.0,0.0,0.0,0.0,0.0,0.0,0.0,0.0,0.0,0.0,0.0,0.0,0.0,0.0,0.0,0.0,0.0,0.0,0.0,0.0,0.0,0.0,0.0,0.0,-0.910161505241233,0.34338647816014006,0.06472004209999786,-0.1677916743248928,-0.36401289282877214,0.016892569585392526,4,13,0.05063291139240503,1.0,0.0,0.0,0.0,0.0,0.0,0.0,0.0,1.0,0.0,0.0,0.0,0.0,0.0,0.0,0.0,0.0,0.0,1
VAR_004335,-0.7975448476553451,117.98469435535137,4.042580511047516,-0.4785340402834615,-0.6621697029814365,-0.621458721740238,-0.8572049598805551,-0.7166376886354492,-0.5205338096421036,-0.00032585659773616527,-0.3380100127974693,28,0.0,0.0,0.0,0.0,0.0,0.0,0.0,0.0,0.0,0.8441715072595704,0.0,0.0,0.3386699432591004,0.0,-1.0,1.0,0.8217250065949496,0.0,-0.28141136766689334,0.3224138941857518,0.0,-1.0,0.0,-1.0,0.0,0.0,0.0,-1.0,-1.0,0.0,0.0,0.0,0.0,0.0,0.0,0,0.0,-1.0,0,0,-0.41666779393641534,-2.9659266229206427,-1.414455227292509,0.0,-1.0,1.0,0.0,-1.0,0.0,0.0,-1.0,-1.0,-1.0,0.0,-1.0,1.0,0.0,-1.0,-1.0,-1.0,0.0,-0.0001820741911942,1.0,1.0,0.0,-1.0,-1.0,1.0,-1.0,0.1924182090633455,-1.0,0.0,0.0,0.0,0,-0.12097425916781358,0.0,0.0,0.0,0.0,0.0,0.0,0.0,0.0,0.0,0.0,0.0,0.0,0.0,0.0,0.0,0.0,0.0,0.0,0.0,0.0,0.0,0.0,0.0,0.0,0.0,0.0,0.0,0.0,0.0,0.0,0.0,0.0,0.0,0.0,0.0,0.0,0.0,0.0,0.0,0.0,0.0,0.0,0.0,0.0,0.0,0.0,0.0,0.0,0.0,0.0,0.0,0.0,0.0,0.0,0.0,0.0,-1.0,-13.552883646474395,0.0,0.3573435502508122,6.338982122888065,0.0,0.0,-1.0,-1.0,1.0,-5.403398540087705,0.0,0.0,-1.0,0.0,0.0,-1.0,0.0,0.0,-1.0,0.0,-18.390362862792163,0.34338647816014006,-10.204814861369067,-1.1920057864750886,0.5627040981250545,-1.2013804277438855,12,22,0.43881856540084385,1.0,-0.5,0.0,1.0,0.0,0.0,0.0,0.0,0.0,0.0,0.0,0.0,0.0,0.0,-1.0,1.0,1.0,1.0,0
VAR_001005,-0.9688633472966849,-0.7833891305493534,-0.41910886895260274,-0.5103213517282809,5.565635307501474,133.38617638784294,87.97580317716871,-1.002642233470515,-0.6055790471854713,0.0,-1.0493048084787355,11,0.0,0.0,0.0,0.0,0.0,0.0,0.0,0.0,0.0,0.0,0.0,0.0,0.0,0.0,0.0,0.0,0.0,0.0,0.0,0.0,0.0,0.0,0.0,-1.0,0.0,-1.0,-1.0,0.0,0.0,-1.0,0.0,0.0,0.0,0.0,0.0,1,0.0,-1.0,1,1,0.5220650808070122,0.714055449489757,0.0,0.0,0.0,0.0,0.0,0.0,0.0,0.0,0.0,0.0,0.0,0.0,0.0,0.0,0.0,0.0,0.0,0.0,0.0,0.0,0.0,0.0,0.0,0.0,0.0,0.0,0.0,0.0,0.0,0.0,0.0,0.0,1,-0.1280406976855774,0.0,0.0,0.0,0.0,0.0,0.0,0.0,0.0,0.0,0.0,0.0,0.0,0.0,0.0,0.0,0.0,0.0,0.0,0.0,0.0,0.0,0.0,0.0,0.0,0.0,0.0,0.0,0.0,0.0,0.0,0.0,0.0,0.0,0.0,0.0,0.0,0.0,0.0,0.0,0.0,0.0,0.0,0.0,0.0,0.0,0.0,0.0,0.0,0.0,0.0,0.0,0.0,0.0,0.0,0.0,0.0,-1.0,-13.872601854507693,0.0,0.3573435502508122,6.3797659521948535,0.0,-1.0,0.0,-1.0,1.0,0.0,0.0,0.0,-1.0,-1.0,0.0,-1.0,0.0,1.0,0.0,-1.0,0.25729155745059906,0.0,0.2938060161481524,-0.6334804260021929,0.353316610507952,-1.006480486465214,9,11,-0.0675105485232068,1.5,1.0,0.0,0.0,0.0,0.0,0.0,0.0,0.0,0.0,0.0,0.0,0.0,0.0,0.0,1.0,0.0,0.0,0
VAR_003599,-0.749421128090888,168.6414832466138,0.03567493498933441,124.44857084225698,1.1846475048850333,222.25859146181207,-0.279373497083335,1.3075016144685716e-05,-0.4774924952690615,-0.0003942952430337866,0.2924807510381332,24,0.0,0.0,0.0,0.0,0.0,0.0,0.0,-1.0,-1.0,-0.47075160550760514,1.0,0.0,1.0,0.0,0.0,0.0,-0.17827499340505035,0.0,0.7185886323331067,-0.18388044300583478,0.0,0.0,0.0,0.0,0.0,0.0,0.0,0.0,0.0,0.0,-1.0,-1.0,0.0,0.0,0.0,5,-1.0,0.0,2,2,0.45658672285223656,-6.257022812247281,-7.479788871457126,0.0,-1.0,0.0,-1.0,-1.0,-1.0,0.0,0.0,0.0,-1.0,0.6377461714590105,0.0,1.0,1.0,-0.7882225802520093,-1.0,-1.0,0.0,0.08843310927901829,1.0,0.0,0.0,0.0,-1.0,1.0,0.0,0.1924182090633455,0.0,-1.0,0.0,-0.000607686102482,2,0.059254314686711655,0.0,-1.0,0.0,1.0,1.0,0.0,1.0,0.0,-1.0,1.0,-1.0,0.0,1.0,0.0,0.0,0.0,0.0,0.0,1.0,0.0,0.0,-1.0,0.0,0.0,-1.0,1.0,-1.0,1.0,1.0,1.0,1.0,0.0,-1.0,1.0,0.0,-1.0,1.0,0.0,0.0,0.0,0.0,0.0,0.0,0.9199000143072601,1.0,0.0,0.0,0.0895164538177024,-1.0,-1.0,0.0,0.0,0.0,0.0,-1.0,0.0,-1.0,-10.925487967057713,0.0,0.3573435502508122,-1.2368655736119685,0.4016534343746725,0.0,0.0,-1.0,0.4790434271208566,0.0,5.497123972767402,-1.0,0.0,-1.0,0.0,0.0,0.0,0.0,0.0,-1.0,-19.348304804396083,-0.2443621996127093,-19.134273607692087,-1.1529794394404307,-6.9631362027707135,-1.341529168302934,19,12,0.4894514767932488,0.0,-0.5,0.0,0.0,0.0,0.0,0.0,1.0,0.0,0.0,0.0,0.0,0.0,0.0,-1.0,1.0,0.0,0.0,0
VAR_000666,-0.9551504304206172,159.21079011222793,-0.4609935194047222,0.3936211752944305,-0.16870043405855514,-0.6216056968905673,-0.061192802842885495,-1.0117314505748394,-0.5972730199030541,-0.00039434316586211925,-0.5804293203096478,28,0.0,0.0,0.0,0.0,0.0,0.0,0.0,0.0,-1.0,-0.47075160550760514,0.0,-1.0,1.0,0.0,0.0,1.0,0.8217250065949496,-1.0,0.7185886323331067,-0.19200266131576021,0.0,-1.0,0.0,-1.0,-1.0,0.0,0.0,-1.0,0.0,-1.0,0.0,-1.0,0.0,-1.0,0.0,5,0.0,0.0,3,3,-3.5396631340287787,-2.2701166187729678,-2.2581888599800473,-1.0,-1.0,0.0,-1.0,-1.0,-1.0,0.0,-1.0,-1.0,0.0,0.0,-1.0,1.0,0.0,-1.0,0.0,-1.0,-1.0,-0.000337812629423056,0.0,0.0,0.0,0.0,0.0,1.0,0.0,-0.27772351513975446,-1.0,-1.0,0.0,0.0,3,-0.11650828993776856,0.0,0.0,0.0,0.0,0.0,0.0,0.0,0.0,0.0,0.0,0.0,0.0,0.0,0.0,0.0,0.0,0.0,0.0,0.0,0.0,0.0,0.0,0.0,0.0,0.0,0.0,0.0,0.0,0.0,0.0,0.0,0.0,0.0,0.0,0.0,0.0,0.0,0.0,0.0,0.0,0.0,0.0,0.0,0.0,0.0,0.0,0.0,0.0,0.0,0.0,0.0,0.0,0.0,0.0,0.0,0.0,0.0,-13.622407745023173,0.0,0.3573435502508122,-1.2368655736119685,0.2858250527777737,0.0,-1.0,0.0,0.0,-5.403398540087705,5.497123972767402,0.0,0.0,-1.0,0.0,-1.0,1.0,1.0,0.0,0.0,-12.441332779880659,-11.340757916616468,-20.413604618804733,-0.849488772309187,-1.3617357198865367,-1.4003558087216788,0,21,-0.3713080168776371,0.5,1.0,0.0,0.0,0.0,0.0,0.0,0.0,1.0,0.0,0.0,0.0,0.0,0.0,-1.0,1.0,1.0,0.0,0
VAR_004715,-0.8210247468988741,-0.8121092610616368,-0.3390854312701277,-0.4388659876907242,-0.6368584326186258,54.54289439678595,-0.22595946627582358,-0.832546138449951,-0.5957481245629003,0.038677174088013445,0.16168178135486957,6,0.0,-0.0022867278956901,-0.8722805623995484,-1.0,-1.0,-1.0,-0.5342733680339927,0.0,-1.0,-0.47075160550760514,0.0,0.0,1.0,0.0,0.0,1.0,0.8217250065949496,0.0,0.7185886323331067,0.156291091979527,0.0,0.0,-1.0,0.0,0.0,-1.0,0.0,0.0,0.0,0.0,-1.0,-1.0,0.0,0.0,0.0,3,0.0,-1.0,2,2,-1.9023681230812393,-5.3711893473676575,-2.5386229121465336,0.0,-1.0,1.0,-1.0,-1.0,0.0,1.0,0.0,-1.0,-1.0,0.0,0.0,0.0,1.0,-1.0,0.0,0.0,0.0,0.0782933646282077,0.0,0.0,0.0,0.0,-1.0,0.0,0.0,-0.8075817909366545,-1.0,-1.0,-1.0,-0.0007026448516354538,2,0.0638426463823556,-1.0,-1.0,0.0,1.0,0.0,0.0,1.0,1.0,-1.0,0.0,-1.0,-1.0,0.0,-1.0,0.0,-1.0,0.0,0.0,0.0,0.0,0.0,-1.0,0.0,0.0,0.0,1.0,-1.0,0.0,0.0,0.0,0.0,0.0,-1.0,0.0,0.0,-1.0,0.0,0.0,-1.0,0.0,-1.0,0.0,-1.0,0.9199000143072601,0.0,1.0,-1.0,-0.0005003664632196675,0.0,-1.0,0.0,0.0,0.0,1.0,0.0,-1.0,-1.0,-11.864253843752074,-1.0,0.3573435502508122,-1.2368655736119685,0.0,-1.0,-1.0,-1.0,0.0,-5.403398540087705,0.0,0.0,0.0,0.0,0.0,-1.0,0.0,0.0,0.0,0.0,-2.088041836075114,0.04596071576380487,-18.809636503260144,-1.3405467358921779,-1.4699130248322596,-1.5360609655153792,4,24,0.42194092827004215,-1.0,0.0,0.0,0.0,0.0,0.0,0.0,0.0,0.0,0.0,1.0,0.0,0.0,0.0,0.0,1.0,0.0,0.0,0
VAR_004575,0.0,0.0,0.0,0.0,0.0,0.0,0.0,0.0,0.0,0.0,0.0,8,0.0,0.0,0.0,0.0,0.0,0.0,0.0,-1.0,-1.0,0.8441715072595704,1.0,0.0,0.0,0.0,0.0,0.0,-0.17827499340505035,-1.0,0.7185886323331067,-0.19083657383686267,0.0,0.0,-1.0,0.0,0.0,0.0,0.0,0.0,0.0,0.0,0.0,0.0,0.0,0.0,0.0,7,0.0,0.0,1,1,0.6358417915594472,0.3308158923688434,1.4190980625026548,0.0,0.0,0.0,0.0,0.0,0.0,0.0,0.0,0.0,0.0,0.0,0.0,0.0,0.0,0.0,0.0,0.0,0.0,0.0,0.0,0.0,0.0,0.0,0.0,0.0,0.0,0.0,0.0,0.0,0.0,0.0,1,-0.13111091658147236,0.0,0.0,0.0,0.0,0.0,0.0,0.0,0.0,0.0,0.0,0.0,0.0,0.0,0.0,0.0,0.0,0.0,0.0,0.0,0.0,0.0,0.0,0.0,0.0,0.0,0.0,0.0,0.0,0.0,0.0,0.0,0.0,0.0,0.0,0.0,0.0,0.0,0.0,0.0,0.0,0.0,0.0,0.0,0.0,0.0,0.0,0.0,0.0,0.0,0.0,0.0,0.0,0.0,0.0,0.0,0.0,0.0,0.0,0.0,0.0,0.0,0.0,0.0,0.0,0.0,0.0,0.0,0.0,0.0,0.0,0.0,0.0,0.0,0.0,0.0,0.0,0.0,0.25729155745059906,0.21068307710234369,0.2938060161481524,-0.06932535586168277,0.46016773767525987,0.6849223015285096,2,17,-1.130801687763713,-1.0,0.0,0.0,0.0,0.0,0.0,0.0,0.0,0.0,0.0,0.0,0.0,1.0,0.0,0.0,0.0,0.0,0.0,1
VAR_000983,17.13260040237908,-0.44963479418130475,15.69675750160814,1.3108706631376879,11.8652611025086,0.6274028339894476,143.36600840000318,61.73110199444701,33.1009238195045,0.0,57.57424086972391,16,0.0,0.0,0.0,0.0,0.0,0.0,0.0,0.0,0.0,-0.47075160550760514,0.0,0.0,1.0,0.0,0.0,1.0,-0.17827499340505035,-1.0,-0.28141136766689334,0.7710880722254762,0.0,-1.0,0.0,0.0,0.0,0.0,0.0,0.0,0.0,0.0,0.0,0.0,0.0,0.0,0.0,7,0.0,0.0,3,3,0.24631958966189146,0.27203362219693766,0.0,0.0,0.0,1.0,0.0,0.0,0.0,0.0,0.0,-1.0,-1.0,0.0,-1.0,0.0,1.0,0.0,-1.0,-1.0,0.0,-0.0003043966831027677,1.0,0.0,-1.0,-1.0,-1.0,0.0,0.0,0.1924182090633455,0.0,0.0,0.0,0.0,3,-0.12898630783030032,0.0,0.0,0.0,0.0,0.0,0.0,0.0,0.0,0.0,0.0,0.0,0.0,0.0,0.0,0.0,0.0,0.0,0.0,0.0,0.0,0.0,0.0,0.0,0.0,0.0,0.0,0.0,0.0,0.0,0.0,0.0,0.0,0.0,0.0,0.0,0.0,0.0,0.0,0.0,0.0,0.0,0.0,0.0,0.0,0.0,0.0,0.0,0.0,0.0,0.0,0.0,0.0,0.0,0.0,0.0,0.0,-1.0,-13.61088678091339,0.0,-0.6426564497491878,6.3797659521948535,1.0,-1.0,0.0,0.0,0.0,-5.403398540087705,5.497123972767402,-1.0,-1.0,-1.0,0.0,-1.0,1.0,0.0,-1.0,-1.0,0.25729155745059906,-0.24034789285387326,0.168451167637353,0.6795320087511386,-0.5481314704109935,0.6775771440647219,16,10,0.15189873417721517,1.5,0.0,0.0,0.0,0.0,0.0,0.0,0.0,1.0,0.0,0.0,0.0,0.0,0.0,0.0,0.0,1.0,0.0,1
VAR_000626,0.0,0.0,0.0,0.0,0.0,0.0,0.0,0.0,0.0,0.0,0.0,8,0.0,0.0,0.0,0.0,0.0,0.0,0.0,0.0,0.0,0.0,0.0,0.0,0.0,0.0,0.0,0.0,0.0,0.0,0.0,0.0,0.0,0.0,0.0,0.0,0.0,0.0,0.0,0.0,0.0,0.0,0.0,0.0,0.0,0.0,0.0,7,0.0,0.0,5,5,0.0,0.0,0.0,0.0,0.0,0.0,0.0,0.0,0.0,0.0,0.0,0.0,0.0,0.0,0.0,0.0,0.0,0.0,0.0,0.0,0.0,0.0,0.0,0.0,0.0,0.0,0.0,0.0,0.0,0.0,0.0,0.0,0.0,0.0,5,0.0,0.0,0.0,0.0,0.0,0.0,0.0,0.0,0.0,0.0,0.0,0.0,0.0,0.0,0.0,0.0,0.0,0.0,0.0,0.0,0.0,0.0,0.0,0.0,0.0,0.0,0.0,0.0,0.0,0.0,0.0,0.0,0.0,0.0,0.0,0.0,0.0,0.0,0.0,0.0,0.0,0.0,0.0,0.0,0.0,0.0,0.0,0.0,0.0,0.0,0.0,0.0,0.0,0.0,0.0,0.0,0.0,0.0,0.0,0.0,0.0,0.0,0.0,0.0,0.0,0.0,0.0,0.0,0.0,0.0,0.0,0.0,0.0,0.0,0.0,0.0,0.0,0.0,0.0,0.0,0.0,0.0,0.0,0.0,24,25,0.0,0.0,0.0,0.0,0.0,0.0,0.0,0.0,0.0,0.0,0.0,0.0,0.0,0.0,0.0,0.0,0.0,0.0,0.0,1
VAR_000627,37.53013017081657,-0.7957601153682502,13.724732943075837,0.3990098058221259,12.385987997618917,318.6252004663956,-0.24826301956963415,-1.0117303988337427,62.944251777489086,0.0,-0.37553345697070983,19,0.0,0.0,0.0,0.0,0.0,0.0,0.0,0.0,0.0,0.0,0.0,0.0,0.0,0.0,0.0,0.0,0.0,0.0,0.0,0.0,0.0,0.0,0.0,0.0,0.0,0.0,0.0,0.0,0.0,0.0,0.0,0.0,0.0,0.0,0.0,7,0.0,0.0,5,5,0.0,0.0,0.0,0.0,0.0,0.0,0.0,0.0,0.0,0.0,0.0,0.0,0.0,0.0,0.0,0.0,0.0,0.0,0.0,0.0,0.0,0.0,0.0,0.0,0.0,0.0,0.0,0.0,0.0,0.0,0.0,0.0,0.0,0.0,5,0.0,0.0,0.0,0.0,0.0,0.0,0.0,0.0,0.0,0.0,0.0,0.0,0.0,0.0,0.0,0.0,0.0,0.0,0.0,0.0,0.0,0.0,0.0,0.0,0.0,0.0,0.0,0.0,0.0,0.0,0.0,0.0,0.0,0.0,0.0,0.0,0.0,0.0,0.0,0.0,0.0,0.0,0.0,0.0,0.0,0.0,0.0,0.0,0.0,0.0,0.0,0.0,0.0,0.0,0.0,0.0,0.0,0.0,0.0,0.0,0.0,0.0,0.0,0.0,0.0,0.0,0.0,0.0,0.0,0.0,0.0,0.0,0.0,0.0,0.0,0.0,0.0,0.0,0.0,0.0,0.0,0.0,0.0,0.0,24,25,0.0,0.0,0.0,0.0,0.0,0.0,0.0,0.0,0.0,0.0,0.0,0.0,0.0,0.0,0.0,0.0,0.0,0.0,0.0,1
VAR_001104,106.03616557080598,-0.797777141989442,12.238534119178452,48.48752180686344,1.758132048070931,-0.6142734344217252,-0.9671278573979686,18.340305755829196,-0.17877408294828687,0.0,-1.0494647978155318,11,0.0,0.0,0.0,0.0,0.0,0.0,0.0,0.0,-1.0,-0.47075160550760514,0.0,0.0,1.0,0.0,0.0,0.0,-0.17827499340505035,0.0,0.7185886323331067,-0.19199742604065922,0.0,0.0,0.0,-1.0,-1.0,0.0,0.0,-1.0,0.0,0.0,-1.0,0.0,0.0,0.0,0.0,5,-1.0,-1.0,3,3,0.8894536771842207,0.3259505533700227,0.0,0.0,0.0,1.0,-1.0,-1.0,-1.0,0.0,-1.0,0.0,0.0,1.0,0.0,0.0,1.0,0.0,-1.0,-1.0,0.0,0.0030386739565773,0.0,1.0,0.0,-1.0,0.0,0.0,0.0,0.1924182090633455,0.0,-1.0,0.0,0.0,3,-0.12365225739139665,0.0,0.0,0.0,0.0,0.0,0.0,0.0,0.0,0.0,0.0,0.0,0.0,0.0,0.0,0.0,0.0,0.0,0.0,0.0,0.0,0.0,0.0,0.0,0.0,0.0,0.0,0.0,0.0,0.0,0.0,0.0,0.0,0.0,0.0,0.0,0.0,0.0,0.0,0.0,0.0,0.0,0.0,0.0,0.0,0.0,0.0,0.0,0.0,0.0,0.0,0.0,0.0,0.0,0.0,0.0,0.0,-1.0,110.82857882268166,-1.0,0.3573435502508122,-1.2368655736119685,0.0,-1.0,0.0,0.0,1.0,-5.403398540087705,0.0,-1.0,-1.0,-1.0,0.0,-1.0,0.0,0.0,0.0,0.0,0.2522989048204415,-0.33952602346675126,0.29216799435626684,-0.4386871611462917,1.0052495657684166,0.709997109092177,0,21,-0.3713080168776371,0.5,1.0,0.0,0.0,0.0,0.0,0.0,0.0,1.0,0.0,0.0,0.0,0.0,0.0,0.0,1.0,0.0,0.0,1
VAR_000623,0.0,0.0,0.0,0.0,0.0,0.0,0.0,0.0,0.0,0.0,0.0,8,0.0,0.0,0.0,0.0,0.0,0.0,0.0,-1.0,0.0,0.8441715072595704,1.0,0.0,1.0,0.0,-1.0,1.0,-0.17827499340505035,0.0,-0.28141136766689334,-0.19199281777165117,0.0,-1.0,-1.0,0.0,0.0,0.0,0.0,0.0,0.0,0.0,0.0,0.0,0.0,0.0,0.0,7,0.0,0.0,2,2,0.5697798502891593,0.5370498090291688,0.65120995829189,0.0,0.0,0.0,0.0,0.0,0.0,0.0,0.0,0.0,0.0,0.0,0.0,0.0,0.0,0.0,0.0,0.0,0.0,0.0,0.0,0.0,0.0,0.0,0.0,0.0,0.0,0.0,0.0,0.0,0.0,0.0,2,5.707687095114235,0.0,0.0,0.0,0.0,0.0,0.0,0.0,0.0,0.0,0.0,0.0,0.0,0.0,0.0,0.0,0.0,0.0,0.0,0.0,0.0,0.0,0.0,0.0,0.0,0.0,0.0,0.0,0.0,0.0,0.0,0.0,0.0,0.0,0.0,0.0,0.0,0.0,0.0,0.0,0.0,0.0,0.0,0.0,0.0,0.0,0.0,0.0,0.0,0.0,0.0,0.0,0.0,0.0,0.0,0.0,0.0,0.0,0.0,0.0,0.0,0.0,0.0,0.0,0.0,0.0,0.0,0.0,0.0,0.0,0.0,0.0,0.0,0.0,0.0,0.0,0.0,0.0,0.25729155745059906,0.17214429042542304,-0.1250381003484716,0.2243817902550263,0.028893814758741965,0.0984948328451231,14,8,-0.21940928270042195,-0.5,0.0,0.0,0.0,0.0,1.0,0.0,0.0,0.0,0.0,0.0,0.0,0.0,0.0,0.0,0.0,0.0,0.0,1
VAR_004688,-0.9101927133456391,0.8520316847734941,-0.4609367663538229,-0.47318870471128593,-0.5532867538034154,-0.6203327773294093,-0.6322209485732903,3.060137570610013,-0.19633239729550833,-0.00039418107176530237,-0.5065317553688802,29,0.0,0.0,0.0,0.0,0.0,0.0,0.0,0.0,0.0,0.0,0.0,0.0,0.0,0.0,0.0,0.0,0.0,0.0,0.0,0.0,0.0,0.0,0.0,0.0,0.0,0.0,0.0,0.0,0.0,0.0,0.0,0.0,0.0,0.0,0.0,7,0.0,0.0,5,5,0.0,0.0,0.0,0.0,0.0,0.0,0.0,0.0,0.0,0.0,0.0,0.0,0.0,0.0,0.0,0.0,0.0,0.0,0.0,0.0,0.0,0.0,0.0,0.0,0.0,0.0,0.0,0.0,0.0,0.0,0.0,0.0,0.0,0.0,5,0.0,0.0,0.0,0.0,0.0,0.0,0.0,0.0,0.0,0.0,0.0,0.0,0.0,0.0,0.0,0.0,0.0,0.0,0.0,0.0,0.0,0.0,0.0,0.0,0.0,0.0,0.0,0.0,0.0,0.0,0.0,0.0,0.0,0.0,0.0,0.0,0.0,0.0,0.0,0.0,0.0,0.0,0.0,0.0,0.0,0.0,0.0,0.0,0.0,0.0,0.0,0.0,0.0,0.0,0.0,0.0,0.0,0.0,0.0,0.0,0.0,0.0,0.0,0.0,0.0,0.0,0.0,0.0,0.0,0.0,0.0,0.0,0.0,0.0,0.0,0.0,0.0,0.0,0.0,0.0,0.0,0.0,0.0,0.0,24,25,0.0,0.0,0.0,0.0,0.0,0.0,0.0,0.0,0.0,0.0,0.0,0.0,0.0,0.0,0.0,-1.0,0.0,0.0,0.0,0
VAR_000896,0.0,0.0,0.0,0.0,0.0,0.0,0.0,0.0,0.0,0.0,0.0,8,0.0,0.0,0.0,0.0,0.0,0.0,0.0,0.0,0.0,0.40426386633883316,1.0,0.0,1.0,0.0,0.0,1.0,-0.17827499340505035,-1.0,0.7185886323331067,30.89572845586349,0.0,-1.0,-1.0,0.0,0.0,0.0,0.0,0.0,0.0,0.0,0.0,0.0,0.0,0.0,0.0,7,0.0,0.0,1,1,-0.2369644476243524,0.3511474003767452,-0.30060376547877493,-1.0,-1.0,1.0,0.0,-1.0,0.0,0.0,-1.0,-1.0,0.0,1.0,-1.0,1.0,0.0,-1.0,0.0,-1.0,-1.0,-0.00012074885961089999,0.0,0.0,0.0,-1.0,0.0,1.0,0.0,-0.8075817909366545,-1.0,0.0,0.0,0.0,1,-0.09145015633480118,0.0,0.0,0.0,0.0,0.0,0.0,0.0,0.0,0.0,0.0,0.0,0.0,0.0,0.0,0.0,0.0,0.0,0.0,0.0,0.0,0.0,0.0,0.0,0.0,0.0,0.0,0.0,0.0,0.0,0.0,0.0,0.0,0.0,0.0,0.0,0.0,0.0,0.0,0.0,0.0,0.0,0.0,0.0,0.0,0.0,0.0,0.0,0.0,0.0,0.0,0.0,0.0,0.0,0.0,0.0,0.0,0.0,0.0,0.0,0.0,0.0,0.0,0.0,0.0,0.0,0.0,0.0,0.0,0.0,0.0,0.0,0.0,0.0,0.0,0.0,0.0,0.0,0.25729155745059906,-0.6982829424410036,0.2938060161481524,-0.1140484637011935,0.5308113392724345,0.14593904134766109,13,19,0.5063291139240506,1.0,0.0,0.0,1.0,0.0,0.0,0.0,0.0,0.0,0.0,0.0,0.0,0.0,0.0,0.0,0.0,0.0,0.0,1
VAR_000642,0.0,0.0,0.0,0.0,0.0,0.0,0.0,0.0,0.0,0.0,0.0,8,0.0,0.0,0.0,0.0,0.0,0.0,0.0,0.0,-1.0,-0.47075160550760514,0.0,0.0,1.0,0.0,-1.0,0.0,-0.17827499340505035,-1.0,0.7185886323331067,-0.19161847118245698,0.0,0.0,0.0,0.0,0.0,0.0,0.0,0.0,0.0,0.0,0.0,0.0,0.0,0.0,0.0,7,0.0,0.0,3,3,-0.9847054994659857,0.04278757240739573,0.0,0.0,0.0,0.0,0.0,0.0,0.0,0.0,0.0,0.0,0.0,0.0,0.0,0.0,0.0,0.0,0.0,0.0,0.0,0.0,0.0,0.0,0.0,0.0,0.0,0.0,0.0,0.0,0.0,0.0,0.0,0.0,3,-0.10010983986210206,0.0,0.0,0.0,0.0,0.0,0.0,0.0,0.0,0.0,0.0,0.0,0.0,0.0,0.0,0.0,0.0,0.0,0.0,0.0,0.0,0.0,0.0,0.0,0.0,0.0,0.0,0.0,0.0,0.0,0.0,0.0,0.0,0.0,0.0,0.0,0.0,0.0,0.0,0.0,0.0,0.0,0.0,0.0,0.0,0.0,0.0,0.0,0.0,0.0,0.0,0.0,0.0,0.0,0.0,0.0,0.0,0.0,0.0,0.0,0.0,0.0,0.0,0.0,0.0,0.0,0.0,0.0,0.0,0.0,0.0,0.0,0.0,0.0,0.0,0.0,0.0,0.0,0.07192441825157368,0.34338647816014006,0.2938060161481524,0.6998118512299544,0.0,0.7329934885615618,5,10,-0.0168776371308017,1.0,0.0,0.0,0.0,0.0,0.0,0.0,0.0,1.0,0.0,0.0,0.0,0.0,0.0,0.0,0.0,0.0,0.0,1
VAR_004427,0.0,0.0,0.0,0.0,0.0,0.0,0.0,0.0,0.0,0.0,0.0,8,0.0,0.0,0.0,0.0,0.0,0.0,0.0,0.0,0.0,0.0,0.0,0.0,0.0,0.0,0.0,0.0,0.0,0.0,0.0,0.0,0.0,0.0,0.0,0.0,0.0,0.0,0.0,0.0,0.0,0.0,0.0,0.0,0.0,0.0,0.0,7,0.0,0.0,1,1,-1.4144116452815003,-0.38863654754162313,0.7636922929180221,0.0,0.0,0.0,0.0,0.0,0.0,0.0,0.0,0.0,0.0,0.0,0.0,0.0,0.0,0.0,0.0,0.0,0.0,0.0,0.0,0.0,0.0,0.0,0.0,0.0,0.0,0.0,0.0,0.0,0.0,0.0,1,0.0,0.0,0.0,0.0,0.0,0.0,0.0,0.0,0.0,0.0,0.0,0.0,0.0,0.0,0.0,0.0,0.0,0.0,0.0,0.0,0.0,0.0,0.0,0.0,0.0,0.0,0.0,0.0,0.0,0.0,0.0,0.0,0.0,0.0,0.0,0.0,0.0,0.0,0.0,0.0,0.0,0.0,0.0,0.0,0.0,0.0,0.0,0.0,0.0,0.0,0.0,0.0,0.0,0.0,0.0,0.0,0.0,0.0,0.0,0.0,0.0,0.0,0.0,0.0,0.0,0.0,0.0,0.0,0.0,0.0,0.0,0.0,0.0,0.0,0.0,0.0,0.0,0.0,-3.3614339553648773,-0.32627795849089136,0.2938060161481524,0.25702292657664955,0.8028530302640995,0.664996089308909,11,16,-1.181434599156118,-0.5,0.0,0.0,0.0,0.0,0.0,0.0,0.0,0.0,0.0,0.0,1.0,0.0,0.0,0.0,0.0,0.0,0.0,1
VAR_002390,-0.8562856791507263,8.28776680636496,20.159377663716032,-0.5091774751043933,-0.6627843531533038,388.06425299035,0.0565286266369389,4.963542095329612,-0.6055795205112252,-0.0003364182108587997,-0.25146097787035837,29,0.0,0.0,0.0,0.0,0.0,0.0,0.0,-1.0,0.0,-0.47075160550760514,1.0,0.0,0.0,0.0,0.0,1.0,-0.17827499340505035,0.0,-0.28141136766689334,16.49376091603542,0.0,-1.0,0.0,-1.0,-1.0,-1.0,-1.0,0.0,0.0,0.0,0.0,0.0,0.0,-1.0,0.0,5,0.0,-1.0,4,4,0.002195077915111821,0.007826421965925687,-0.03957178123535839,-1.0,-1.0,0.0,-1.0,0.0,-1.0,0.0,-1.0,-1.0,-1.0,0.0,-1.0,1.0,0.0,-1.0,0.0,0.0,-1.0,-0.0003376313671850797,0.0,1.0,0.0,-1.0,0.0,0.0,-1.0,-0.8075817909366545,0.0,0.0,-1.0,-0.0006768795316092139,4,-0.06944840859474717,-1.0,-1.0,-1.0,0.0,1.0,-1.0,0.0,0.0,-1.0,1.0,-1.0,0.0,0.0,-1.0,0.0,0.0,0.0,1.0,1.0,0.0,0.0,-1.0,-1.0,0.0,0.0,1.0,0.0,0.0,0.0,0.0,1.0,1.0,-1.0,0.0,0.0,-1.0,1.0,0.0,-1.0,0.0,-1.0,0.0,-1.0,-0.0800999856927399,0.0,0.0,-1.0,-0.0005218288666117203,0.0,-1.0,0.0,0.0,0.0,0.0,-1.0,0.0,-1.0,998.5993980207594,-1.0,-0.6426564497491878,-1.2368655736119685,0.0,-1.0,0.0,-1.0,1.0,-5.403398540087705,5.497123972767402,-1.0,0.0,-1.0,-1.0,-1.0,1.0,0.0,0.0,-1.0,0.25729155745059906,0.34338647816014006,0.08188274330618103,0.5140383175705961,1.0052495657684166,-0.32230856913742567,21,7,-0.7257383966244726,-1.0,1.0,0.0,0.0,0.0,0.0,0.0,0.0,0.0,0.0,0.0,0.0,0.0,1.0,-1.0,1.0,0.0,0.0,1
VAR_003672,-0.9513712620354278,8.242327208977134,-0.46009811793071265,-0.5107230124102135,-0.4513222021682859,-0.6215862962142619,346.49540094740536,0.6148423522808013,0.4811455020931967,0.0,4.445553351234569,13,0.0,0.0,0.0,0.0,0.0,0.0,0.0,0.0,0.0,0.0,0.0,0.0,0.0,0.0,0.0,0.0,0.0,0.0,0.0,0.0,0.0,0.0,0.0,0.0,0.0,-1.0,-1.0,-1.0,-1.0,0.0,-1.0,-1.0,0.0,0.0,0.0,2,-1.0,-1.0,2,2,0.05165252724006475,0.17179431856518354,0.6541896306129604,0.0,0.0,1.0,-1.0,0.0,-1.0,1.0,0.0,-1.0,0.0,0.0,0.0,1.0,1.0,-1.0,-1.0,-1.0,0.0,-0.00033781267268529706,0.0,1.0,0.0,-1.0,0.0,1.0,0.0,0.1924182090633455,-1.0,-1.0,0.0,0.0,2,-0.106147133976052,0.0,0.0,0.0,0.0,0.0,0.0,0.0,0.0,0.0,0.0,0.0,0.0,0.0,0.0,0.0,0.0,0.0,0.0,0.0,0.0,0.0,0.0,0.0,0.0,0.0,0.0,0.0,0.0,0.0,0.0,0.0,0.0,0.0,0.0,0.0,0.0,0.0,0.0,0.0,0.0,0.0,0.0,0.0,0.0,0.0,0.0,0.0,0.0,0.0,0.0,0.0,0.0,0.0,0.0,0.0,0.0,-1.0,-12.63612606102077,-1.0,-0.6426564497491878,6.3797659521948535,0.0,0.0,-1.0,0.0,1.0,-5.403398540087705,0.0,-1.0,0.0,-1.0,0.0,0.0,0.0,0.0,0.0,-1.0,0.25729155745059906,0.34338647816014006,-0.015756612418793607,0.467514066111803,-0.16058545473241478,-0.020267157829224152,19,9,0.9282700421940927,0.0,0.5,0.0,0.0,0.0,0.0,0.0,1.0,0.0,0.0,0.0,0.0,0.0,0.0,0.0,1.0,0.0,0.0,1
VAR_000681,-0.9157882392438832,-0.8121212547774433,30.56332949446328,-0.5107311668403737,22.396724075219023,-0.6216035634369845,-0.9734225298731158,116.06816843477228,5.357441770152806,0.0,-1.07496818492222,16,0.0,0.0,0.0,0.0,0.0,0.0,0.0,0.0,0.0,0.6645389792948059,1.0,0.0,0.0,0.0,-1.0,0.3894445449424088,-0.17827499340505035,-1.0,-0.28141136766689334,-0.10029159525812957,0.0,-1.0,0.0,0.0,0.0,0.0,0.0,0.0,0.0,0.0,0.0,0.0,0.0,0.0,0.0,7,0.0,0.0,1,1,-0.32734379474758674,-1.6119033902029891,0.0,-1.0,0.0,0.0,0.0,0.0,-1.0,1.0,-1.0,0.0,0.0,1.0,-1.0,1.0,0.0,-1.0,-1.0,-1.0,-1.0,0.0010606485465014,1.0,1.0,-1.0,-1.0,-1.0,0.0,0.0,-0.200014968267339,0.0,-1.0,0.0,0.0,1,4.573874260108519,0.0,-1.0,-1.0,1.0,1.0,-1.0,1.0,1.0,0.0,1.0,0.0,-1.0,1.0,0.0,0.0,0.0,-1.0,0.0,0.0,-1.0,-1.0,0.0,0.0,0.0,0.0,1.0,-1.0,0.0,0.0,0.0,0.0,0.0,0.0,0.0,-1.0,-1.0,1.0,0.0,-1.0,0.0,0.0,-1.0,0.0,-0.0800999856927399,1.0,0.0,-1.0,0.069295767168179,0.0,0.0,0.0,-1.0,1.0,1.0,-1.0,0.0,-1.0,-13.877493171046552,0.0,-0.6426564497491878,-1.2368655736119685,1.0,-1.0,0.0,0.0,0.0,-5.403398540087705,5.497123972767402,0.0,0.0,0.0,-1.0,0.0,0.0,0.0,0.0,-1.0,-0.45220920426988814,-0.3884317897783104,-0.3908172898731619,-0.9598799874794185,0.5403782149398206,0.2333734400973961,17,17,-0.5738396624472574,0.0,2.0,0.0,0.0,0.0,0.0,0.0,0.0,0.0,0.0,0.0,0.0,0.0,0.0,0.0,0.0,1.0,0.0,1
VAR_000685,0.0,0.0,0.0,0.0,0.0,0.0,0.0,0.0,0.0,0.0,0.0,8,0.0,0.0,0.0,0.0,0.0,0.0,0.0,0.0,0.0,0.0,0.0,0.0,0.0,0.0,0.0,0.0,0.0,0.0,0.0,0.0,0.0,0.0,0.0,0.0,0.0,0.0,0.0,0.0,0.0,0.0,0.0,0.0,0.0,0.0,0.0,7,0.0,0.0,4,4,0.05528220465059359,0.5939087461327416,0.0,0.0,0.0,0.0,0.0,0.0,0.0,0.0,0.0,0.0,0.0,0.0,0.0,0.0,0.0,0.0,0.0,0.0,0.0,0.0,0.0,0.0,0.0,0.0,0.0,0.0,0.0,0.0,0.0,0.0,0.0,0.0,4,0.0,0.0,0.0,0.0,0.0,0.0,0.0,0.0,0.0,0.0,0.0,0.0,0.0,0.0,0.0,0.0,0.0,0.0,0.0,0.0,0.0,0.0,0.0,0.0,0.0,0.0,0.0,0.0,0.0,0.0,0.0,0.0,0.0,0.0,0.0,0.0,0.0,0.0,0.0,0.0,0.0,0.0,0.0,0.0,0.0,0.0,0.0,0.0,0.0,0.0,0.0,0.0,0.0,0.0,0.0,0.0,0.0,0.0,0.0,0.0,0.0,0.0,0.0,0.0,0.0,0.0,0.0,0.0,0.0,0.0,0.0,0.0,0.0,0.0,0.0,0.0,0.0,0.0,-0.6669171776687852,0.34338647816014006,0.2938060161481524,0.4689493354341573,-0.07322617448160389,-0.5205280909397051,9,13,-1.2995780590717299,-1.0,0.0,0.0,0.0,0.0,0.0,0.0,0.0,0.0,0.0,0.0,1.0,0.0,0.0,0.0,0.0,0.0,0.0,1
VAR_004442,6.345560936476348,50.41482959573591,-0.46099080803565984,0.9038040539938185,1.8081288151459682,16.73770120353014,18.442496148998032,3.5287117664778775,-0.4816460885073398,-4.7691007125950046e-05,-0.6187867863974269,25,0.0,0.0,0.0,0.0,0.0,0.0,0.0,0.0,-1.0,-0.47075160550760514,0.0,-1.0,0.0,0.0,-1.0,0.0,-0.17827499340505035,-1.0,-0.28141136766689334,186.68367355490525,-1.0,-1.0,0.0,-1.0,0.0,0.0,0.0,-1.0,-1.0,0.0,0.0,0.0,0.0,-1.0,0.0,2,-1.0,-1.0,0,0,-3.154833473903736,-3.817746783281323,-6.618223821106196,0.0,0.0,0.0,0.0,0.0,-1.0,0.0,0.0,0.0,0.0,0.0,-1.0,1.0,1.0,0.0,-1.0,0.0,0.0,-0.0003375878937146343,1.0,1.0,0.0,0.0,0.0,1.0,-1.0,-0.8075817909366545,-1.0,0.0,0.0,-0.0006644574928780265,0,10.25279496817357,-1.0,-1.0,-1.0,1.0,1.0,-1.0,0.0,0.0,-1.0,0.0,0.0,-1.0,0.0,-1.0,0.0,-1.0,0.0,0.0,1.0,-1.0,0.0,0.0,0.0,-1.0,0.0,0.0,-1.0,1.0,1.0,0.0,0.0,0.0,-1.0,1.0,-1.0,0.0,0.0,0.0,-1.0,1.0,-1.0,-1.0,-1.0,0.9199000143072601,0.0,0.0,0.0,0.0370670790685498,0.0,-1.0,-1.0,0.0,0.0,0.0,0.0,0.0,0.0,28.463767904587588,0.0,0.3573435502508122,6.3797659521948535,1.0,-1.0,0.0,0.0,0.0,-5.403398540087705,0.0,-1.0,-1.0,-1.0,-1.0,-1.0,0.0,0.0,-1.0,-1.0,-19.18445245338452,-11.951988272244094,-19.521308710311345,-1.353192767500468,-6.8935774558751755,-1.5190189173333677,14,1,0.6244725738396624,0.0,1.0,0.0,0.0,0.0,0.0,1.0,0.0,0.0,0.0,0.0,0.0,0.0,0.0,-1.0,1.0,0.0,0.0,0
VAR_000953,0.0,0.0,0.0,0.0,0.0,0.0,0.0,0.0,0.0,0.0,0.0,8,0.0,0.0,0.0,0.0,0.0,0.0,0.0,-1.0,0.0,-0.47075160550760514,1.0,-1.0,1.0,-1.0,-1.0,0.0,-0.17827499340505035,0.0,-0.28141136766689334,-0.19200265716303208,0.0,0.0,-1.0,0.0,0.0,0.0,0.0,0.0,0.0,0.0,0.0,0.0,0.0,0.0,0.0,7,0.0,0.0,1,1,0.6422139725548924,0.09943276903445032,1.271289745291689,-1.0,-1.0,1.0,-1.0,0.0,0.0,1.0,-1.0,0.0,-1.0,0.0,0.0,0.0,0.0,0.0,-1.0,0.0,0.0,0.00045234038942460007,1.0,0.0,-1.0,0.0,0.0,0.0,-1.0,0.1924182090633455,0.0,-1.0,0.0,0.0,1,-0.12894590373075385,0.0,0.0,0.0,0.0,0.0,0.0,0.0,0.0,0.0,0.0,0.0,0.0,0.0,0.0,0.0,0.0,0.0,0.0,0.0,0.0,0.0,0.0,0.0,0.0,0.0,0.0,0.0,0.0,0.0,0.0,0.0,0.0,0.0,0.0,0.0,0.0,0.0,0.0,0.0,0.0,0.0,0.0,0.0,0.0,0.0,0.0,0.0,0.0,0.0,0.0,0.0,0.0,0.0,0.0,0.0,0.0,0.0,0.0,0.0,0.0,0.0,0.0,0.0,0.0,0.0,0.0,0.0,0.0,0.0,0.0,0.0,0.0,0.0,0.0,0.0,0.0,0.0,-0.0013402492444384581,0.34338647816014006,0.2938060161481524,0.19261193768039386,0.40549099824846024,0.6640075303606783,15,14,0.37130801687763704,0.0,0.0,1.0,0.0,0.0,0.0,0.0,0.0,0.0,0.0,0.0,0.0,0.0,0.0,0.0,0.0,0.0,0.0,1
VAR_003674,-0.9628818877045923,-0.8121184385241107,117.10920394143355,43.824184819327776,99.94317412062225,-0.6216059073525351,-0.9361147595289859,3.5663531497925476,-0.580684665858506,0.0,-1.0695134506326702,16,0.0,0.0,0.0,0.0,0.0,0.0,0.0,0.0,0.0,-0.47075160550760514,0.0,0.0,0.0,0.0,0.0,0.0,-0.17827499340505035,-1.0,-0.28141136766689334,3.896798049554152,0.0,-1.0,-1.0,0.0,0.0,0.0,0.0,0.0,0.0,0.0,0.0,0.0,0.0,0.0,0.0,7,0.0,0.0,1,1,-0.19220433436336218,0.17830127897067008,1.2283888149437858,0.0,0.0,0.0,-1.0,0.0,0.0,1.0,0.0,-1.0,0.0,1.0,0.0,0.0,0.0,-1.0,0.0,-1.0,0.0,-0.00021680227484139998,1.0,0.0,-1.0,0.0,-1.0,1.0,-1.0,-0.8075817909366545,0.0,-1.0,0.0,0.0,1,-0.05691542212685889,0.0,0.0,-1.0,1.0,0.0,0.0,0.0,1.0,-1.0,0.0,0.0,-1.0,0.0,0.0,0.0,0.0,0.0,0.0,1.0,0.0,-1.0,-1.0,-1.0,0.0,0.0,0.0,0.0,0.0,0.0,0.0,1.0,0.0,0.0,1.0,0.0,0.0,1.0,-1.0,0.0,0.0,-1.0,0.0,0.0,0.9199000143072601,1.0,0.0,0.0,0.0026233452321104004,0.0,-1.0,-1.0,0.0,1.0,0.0,-1.0,0.0,-1.0,628.6786424200509,-1.0,-0.6426564497491878,-1.2368655736119685,0.7989583442156165,0.0,0.0,0.0,1.0,-5.403398540087705,0.0,-1.0,0.0,0.0,0.0,0.0,0.0,1.0,0.0,-1.0,-0.16467390018427705,-0.03303268102977038,0.2938060161481524,0.6205614920275802,0.48765788501485713,0.6585011305246882,4,1,0.9451476793248943,-0.5,0.0,1.0,0.0,0.0,0.0,0.0,0.0,0.0,0.0,0.0,0.0,0.0,0.0,0.0,0.0,1.0,0.0,1
VAR_004627,6.158744348985375,-0.8121198528791951,-0.4571779075949083,-0.5107310831409353,67.94867576426536,-0.4671202896700376,-0.8853296668813057,-0.8534668101639228,148.0631290463958,0.0,-0.48057722894650223,18,0.0,0.0,0.0,0.0,0.0,0.0,0.0,0.0,0.0,0.0,0.0,0.0,0.0,0.0,0.0,0.0,0.0,0.0,0.0,0.0,0.0,0.0,0.0,0.0,0.0,0.0,0.0,0.0,0.0,0.0,0.0,0.0,0.0,0.0,0.0,7,0.0,0.0,5,5,0.0,0.0,0.0,0.0,0.0,0.0,0.0,0.0,0.0,0.0,0.0,0.0,0.0,0.0,0.0,0.0,0.0,0.0,0.0,0.0,0.0,0.0,0.0,0.0,0.0,0.0,0.0,0.0,0.0,0.0,0.0,0.0,0.0,0.0,5,0.0,0.0,0.0,0.0,0.0,0.0,0.0,0.0,0.0,0.0,0.0,0.0,0.0,0.0,0.0,0.0,0.0,0.0,0.0,0.0,0.0,0.0,0.0,0.0,0.0,0.0,0.0,0.0,0.0,0.0,0.0,0.0,0.0,0.0,0.0,0.0,0.0,0.0,0.0,0.0,0.0,0.0,0.0,0.0,0.0,0.0,0.0,0.0,0.0,0.0,0.0,0.0,0.0,0.0,0.0,0.0,0.0,0.0,0.0,0.0,0.0,0.0,0.0,0.0,0.0,0.0,0.0,0.0,0.0,0.0,0.0,0.0,0.0,0.0,0.0,0.0,0.0,0.0,0.0,0.0,0.0,0.0,0.0,0.0,24,25,0.0,0.0,0.0,0.0,0.0,0.0,0.0,0.0,0.0,0.0,0.0,0.0,0.0,0.0,0.0,0.0,0.0,0.0,0.0,0
VAR_000693,-0.9502405903607885,2.2512945536347653,1.3680647595967843,38.92399439549977,-0.6623198537481675,358.7670113572174,31.242845046614097,0.6143812667218559,-0.6055793510201569,0.0,-1.0372966805208206,16,0.0,0.0,0.0,0.0,0.0,0.0,0.0,0.0,0.0,0.0,0.0,0.0,0.0,0.0,0.0,0.0,0.0,0.0,0.0,0.0,0.0,0.0,0.0,0.0,0.0,0.0,0.0,0.0,0.0,0.0,0.0,0.0,0.0,0.0,0.0,7,0.0,0.0,3,3,-0.67326041287187,-1.2610375793507804,-0.5166776967908506,0.0,-1.0,1.0,0.0,0.0,0.0,1.0,0.0,0.0,-1.0,0.0,-1.0,0.0,0.0,0.0,-1.0,-1.0,0.0,0.039315385213673594,0.0,1.0,-1.0,0.0,-1.0,0.0,-1.0,0.1924182090633455,-1.0,0.0,0.0,0.0,3,-0.1304747269022477,0.0,0.0,0.0,0.0,0.0,0.0,0.0,0.0,0.0,0.0,0.0,0.0,0.0,0.0,0.0,0.0,0.0,0.0,0.0,0.0,0.0,0.0,0.0,0.0,0.0,0.0,0.0,0.0,0.0,0.0,0.0,0.0,0.0,0.0,0.0,0.0,0.0,0.0,0.0,0.0,0.0,0.0,0.0,0.0,0.0,0.0,0.0,0.0,0.0,0.0,0.0,0.0,0.0,0.0,0.0,0.0,-1.0,98.78646007386212,-1.0,-0.6426564497491878,-1.2368655736119685,0.0,-1.0,-1.0,-1.0,1.0,0.0,5.497123972767402,0.0,0.0,-1.0,0.0,0.0,1.0,1.0,0.0,0.0,0.25729155745059906,-4.8028550320943895,-0.5933520124434676,0.37930581679740705,-0.41547355119580565,-0.14088446270555807,0,14,-0.5232067510548524,0.0,1.0,0.0,0.0,0.0,0.0,0.0,0.0,0.0,1.0,0.0,0.0,0.0,0.0,0.0,0.0,1.0,0.0,0
VAR_003636,-0.2668871152530733,-0.812119788844816,-0.4605806093187044,-0.505122569677528,0.12081186622781158,28.371336863788116,214.39799459437157,-1.011707836773808,-0.5436552077514367,0.0,86.47065241971852,19,0.0,0.0,0.0,0.0,0.0,0.0,0.0,0.0,0.0,-0.47075160550760514,1.0,0.0,0.0,0.0,-1.0,1.0,0.8217250065949496,-1.0,-0.28141136766689334,-0.18855221402323485,0.0,0.0,-1.0,-1.0,0.0,0.0,-1.0,0.0,0.0,-1.0,0.0,-1.0,0.0,0.0,0.0,5,0.0,0.0,3,3,-0.7822065267936966,-0.09039964456229017,-1.2721534618261567,0.0,-1.0,1.0,0.0,0.0,0.0,0.0,-1.0,-1.0,0.0,0.0,-1.0,1.0,0.0,0.0,0.0,-1.0,-0.8981983559813408,-0.0002958816726853,0.0,1.0,0.0,0.0,-1.0,0.0,0.0,-0.8075817909366545,-1.0,0.0,-1.0,-0.0006758782265248104,3,-0.09593039781931535,0.0,0.0,0.0,0.0,0.0,0.0,0.0,0.0,0.0,0.0,0.0,0.0,0.0,0.0,0.0,0.0,0.0,0.0,0.0,0.0,0.0,0.0,0.0,0.0,0.0,0.0,0.0,0.0,0.0,0.0,0.0,0.0,0.0,0.0,0.0,0.0,0.0,0.0,0.0,0.0,0.0,0.0,0.0,0.0,0.0,0.0,0.0,0.0,0.0,0.0,0.0,0.0,0.0,0.0,0.0,0.0,-1.0,2545.368142522111,-1.0,0.3573435502508122,6.3797659521948535,0.3024867057753755,0.0,0.0,-1.0,1.0,-5.403398540087705,5.497123972767402,0.0,0.0,-1.0,0.0,0.0,0.0,1.0,0.0,0.0,-0.38860237984142826,-1.8168907354815067,0.2938060161481524,-0.3754837852788306,0.07323275648506473,0.7788248279946213,16,8,0.2700421940928269,0.5,0.0,0.0,0.0,0.0,0.0,0.0,0.0,1.0,0.0,0.0,0.0,0.0,0.0,0.0,1.0,0.0,0.0,1
VAR_004345,0.0,0.0,0.0,0.0,0.0,0.0,0.0,0.0,0.0,0.0,0.0,8,0.0,0.0,0.0,0.0,0.0,0.0,0.0,0.0,-1.0,-0.47075160550760514,0.0,0.0,1.0,0.0,0.0,0.0,-0.17827499340505035,0.0,-0.28141136766689334,-0.18402411348263098,0.0,0.0,-1.0,0.0,0.0,0.0,0.0,0.0,0.0,0.0,0.0,0.0,0.0,0.0,0.0,7,0.0,0.0,3,3,-0.10833306050286931,-0.36906283503024906,-0.6752040028274187,0.0,0.0,0.0,0.0,0.0,0.0,0.0,0.0,0.0,0.0,0.0,0.0,0.0,0.0,0.0,0.0,0.0,0.0,0.0,0.0,0.0,0.0,0.0,0.0,0.0,0.0,0.0,0.0,0.0,0.0,0.0,3,-0.008218001491385034,0.0,0.0,0.0,0.0,0.0,0.0,0.0,0.0,0.0,0.0,0.0,0.0,0.0,0.0,0.0,0.0,0.0,0.0,0.0,0.0,0.0,0.0,0.0,0.0,0.0,0.0,0.0,0.0,0.0,0.0,0.0,0.0,0.0,0.0,0.0,0.0,0.0,0.0,0.0,0.0,0.0,0.0,0.0,0.0,0.0,0.0,0.0,0.0,0.0,0.0,0.0,0.0,0.0,0.0,0.0,0.0,0.0,0.0,0.0,0.0,0.0,0.0,0.0,0.0,0.0,0.0,0.0,0.0,0.0,0.0,0.0,0.0,0.0,0.0,0.0,0.0,0.0,-10.850014407691143,0.2642113797068231,-0.12538294369140435,-0.8039957338924618,0.04894170071521169,0.27108285868838267,0,4,-0.8438818565400843,-0.5,0.0,0.0,0.0,0.0,1.0,0.0,0.0,0.0,0.0,0.0,0.0,0.0,0.0,0.0,0.0,0.0,0.0,1
VAR_000588,25.082007897148838,3.929030003620259,13.866258505199879,243.76741945610587,-0.16021126352354337,128.1189952049184,139.75343799946953,47.32976174459543,16.68129626217101,0.061995319607980146,36.81054544485347,26,0.0,0.0026943856466081,0.12771943760045157,-1.0,-1.0,0.0,-0.5342733680339927,0.0,0.0,0.8441715072595704,0.0,0.0,0.0,0.0,0.0,1.0,0.8217250065949496,0.0,0.7185886323331067,1.0254871181496379,0.0,0.0,0.0,0.0,0.0,-1.0,0.0,0.0,0.0,0.0,0.0,0.0,0.0,0.0,0.0,3,0.0,0.0,3,3,0.0856838668998738,0.09044469374193742,0.1651166617401389,0.0,0.0,1.0,0.0,0.0,0.0,1.0,0.0,0.0,0.0,1.0,0.0,1.0,1.0,0.0,0.0,0.0,0.0,0.0127723611944723,1.0,0.0,0.0,0.0,0.0,0.0,0.0,0.1924182090633455,0.0,0.0,0.0,0.0520025277981022,3,6.206201081812642,0.0,0.0,0.0,1.0,1.0,0.0,1.0,1.0,0.0,1.0,-1.0,0.0,1.0,0.0,0.0,0.0,0.0,1.0,0.0,0.0,0.0,-1.0,0.0,0.0,0.0,0.0,0.0,1.0,1.0,0.0,1.0,1.0,0.0,1.0,0.0,-1.0,0.0,0.0,0.0,1.0,0.0,0.0,0.0,0.9199000143072601,0.0,0.0,0.0,0.027560329130172798,-1.0,0.0,-1.0,0.0,0.0,1.0,-1.0,0.0,0.0,380.139629320183,0.0,0.3573435502508122,6.3797659521948535,0.0,0.0,0.0,0.0,0.0,-5.403398540087705,5.497123972767402,0.0,0.0,0.0,0.0,0.0,0.0,1.0,0.0,-1.0,0.25729155745059906,-0.05831398739285268,0.2938060161481524,-0.18903594351104522,-0.3821724289147266,0.7108687753941442,7,4,-0.47257383966244726,0.0,0.0,0.0,0.0,0.0,0.0,0.0,0.0,1.0,0.0,0.0,0.0,0.0,0.0,-1.0,1.0,0.0,0.0,0
VAR_000954,0.0,0.0,0.0,0.0,0.0,0.0,0.0,0.0,0.0,0.0,0.0,8,0.0,0.0,0.0,0.0,0.0,0.0,0.0,0.0,0.0,0.0,0.0,0.0,0.0,0.0,0.0,0.0,0.0,0.0,0.0,0.0,0.0,0.0,0.0,0.0,0.0,0.0,0.0,0.0,0.0,0.0,0.0,0.0,0.0,0.0,0.0,7,0.0,0.0,4,4,0.5860331887919399,0.7558651961686087,1.0023146632580713,0.0,0.0,0.0,0.0,0.0,0.0,0.0,0.0,0.0,0.0,0.0,0.0,0.0,0.0,0.0,0.0,0.0,0.0,0.0,0.0,0.0,0.0,0.0,0.0,0.0,0.0,0.0,0.0,0.0,0.0,0.0,4,0.0,0.0,0.0,0.0,0.0,0.0,0.0,0.0,0.0,0.0,0.0,0.0,0.0,0.0,0.0,0.0,0.0,0.0,0.0,0.0,0.0,0.0,0.0,0.0,0.0,0.0,0.0,0.0,0.0,0.0,0.0,0.0,0.0,0.0,0.0,0.0,0.0,0.0,0.0,0.0,0.0,0.0,0.0,0.0,0.0,0.0,0.0,0.0,0.0,0.0,0.0,0.0,0.0,0.0,0.0,0.0,0.0,0.0,0.0,0.0,0.0,0.0,0.0,0.0,0.0,0.0,0.0,0.0,0.0,0.0,0.0,0.0,0.0,0.0,0.0,0.0,0.0,0.0,-0.05831255785999441,0.02738912356315229,-2.590663111459002,0.3731547232746783,0.5945094728168367,0.05910398013946981,21,5,-1.2489451476793247,-0.5,0.0,0.0,0.0,0.0,0.0,0.0,0.0,0.0,0.0,0.0,1.0,0.0,0.0,0.0,0.0,0.0,0.0,1
VAR_000924,0.0,0.0,0.0,0.0,0.0,0.0,0.0,0.0,0.0,0.0,0.0,8,0.0,0.0,0.0,0.0,0.0,0.0,0.0,0.0,-1.0,0.8441715072595704,0.0,0.0,0.0,0.0,0.0,1.0,-0.17827499340505035,-1.0,0.7185886323331067,-0.1734105021573857,0.0,-1.0,0.0,0.0,0.0,0.0,0.0,0.0,0.0,0.0,0.0,0.0,0.0,0.0,0.0,7,0.0,0.0,1,1,0.6267606564422206,0.5234474760278622,0.0,0.0,0.0,0.0,0.0,0.0,0.0,0.0,0.0,0.0,0.0,0.0,0.0,0.0,0.0,0.0,0.0,0.0,0.0,0.0,0.0,0.0,0.0,0.0,0.0,0.0,0.0,0.0,0.0,0.0,0.0,0.0,1,-0.13142280591016958,0.0,0.0,0.0,0.0,0.0,0.0,0.0,0.0,0.0,0.0,0.0,0.0,0.0,0.0,0.0,0.0,0.0,0.0,0.0,0.0,0.0,0.0,0.0,0.0,0.0,0.0,0.0,0.0,0.0,0.0,0.0,0.0,0.0,0.0,0.0,0.0,0.0,0.0,0.0,0.0,0.0,0.0,0.0,0.0,0.0,0.0,0.0,0.0,0.0,0.0,0.0,0.0,0.0,0.0,0.0,0.0,0.0,0.0,0.0,0.0,0.0,0.0,0.0,0.0,0.0,0.0,0.0,0.0,0.0,0.0,0.0,0.0,0.0,0.0,0.0,0.0,0.0,-0.744792467083698,-2.1255438056341727,-0.700713618320823,-0.8867496173450575,1.0052495657684166,0.6482660586988305,12,22,0.43881856540084385,1.0,-0.5,0.0,1.0,0.0,0.0,0.0,0.0,0.0,0.0,0.0,0.0,0.0,0.0,0.0,0.0,0.0,0.0,1
VAR_000993,-0.9593252544120009,138.03679444551014,10.93222832997322,-0.5107311668482815,2.425619621330577,-0.4433585526478084,-0.9734197248538591,-0.8493976082471989,1.0559563764869955,0.0,79.69962099736064,16,0.0,0.0,0.0,0.0,0.0,0.0,0.0,-1.0,-1.0,0.8441715072595704,0.0,-1.0,0.0,0.0,-1.0,0.6081586671091544,0.8217250065949496,-1.0,-0.28141136766689334,0.22973978431136682,-1.0,0.0,0.0,0.0,0.0,0.0,0.0,0.0,0.0,0.0,0.0,0.0,0.0,0.0,0.0,7,0.0,0.0,0,0,1.0462160683221255,-0.506903948042531,0.5560125702059076,-1.0,0.0,0.0,0.0,-1.0,0.0,0.0,-1.0,-1.0,0.0,1.0,-1.0,0.0,0.0,-1.0,0.0,0.0,-1.0,-0.0003378112226145269,0.0,1.0,0.0,-1.0,0.0,1.0,-1.0,0.1924182090633455,-1.0,0.0,0.0,0.0,0,13.03052280468061,0.0,-1.0,0.0,1.0,0.0,0.0,1.0,1.0,0.0,1.0,0.0,0.0,0.8467751471962669,0.0,0.0,-1.0,-1.0,0.0,0.0,-1.0,-1.0,0.0,0.0,0.0,-1.0,1.0,-1.0,0.0,0.0,1.0,1.0,0.0,0.0,0.0,-1.0,0.0,1.0,-1.0,-1.0,1.0,0.0,0.0,-1.0,-0.0800999856927399,0.0,1.0,0.0,-0.000521738527223874,-1.0,-1.0,0.0,0.0,0.0,1.0,-1.0,-1.0,0.0,-13.875435426787506,-1.0,-0.6426564497491878,6.21394742699189,0.0,0.0,-1.0,0.0,0.0,0.0,5.497123972767402,-1.0,0.0,-1.0,0.0,-1.0,1.0,0.0,-1.0,0.0,-0.6296734053060927,-0.7512246395721165,-0.6351866052481758,-0.859355757532465,-6.128967022118957,-1.2856772972126136,0,21,-0.3713080168776371,0.5,1.0,0.0,0.0,0.0,0.0,0.0,0.0,1.0,0.0,0.0,0.0,0.0,0.0,0.0,0.0,1.0,0.0,0
VAR_000576,0.0,0.0,0.0,0.0,0.0,0.0,0.0,0.0,0.0,0.0,0.0,8,0.0,0.0,0.0,0.0,0.0,0.0,0.0,-1.0,0.0,-0.47075160550760514,0.9961819545350636,0.0,0.0,0.0,-1.0,1.0,-0.17827499340505035,0.0,-0.28141136766689334,-0.18966971985116432,0.0,0.0,-1.0,0.0,0.0,0.0,0.0,0.0,0.0,0.0,0.0,0.0,0.0,0.0,0.0,7,0.0,0.0,4,4,0.36788915624485724,0.18727752990742338,-0.374588951657252,0.0,0.0,0.0,0.0,0.0,0.0,0.0,0.0,0.0,0.0,0.0,0.0,0.0,0.0,0.0,0.0,0.0,0.0,0.0,0.0,0.0,0.0,0.0,0.0,0.0,0.0,0.0,0.0,0.0,0.0,0.0,4,-0.13142142030443255,0.0,0.0,0.0,0.0,0.0,0.0,0.0,0.0,0.0,0.0,0.0,0.0,0.0,0.0,0.0,0.0,0.0,0.0,0.0,0.0,0.0,0.0,0.0,0.0,0.0,0.0,0.0,0.0,0.0,0.0,0.0,0.0,0.0,0.0,0.0,0.0,0.0,0.0,0.0,0.0,0.0,0.0,0.0,0.0,0.0,0.0,0.0,0.0,0.0,0.0,0.0,0.0,0.0,0.0,0.0,0.0,0.0,0.0,0.0,0.0,0.0,0.0,0.0,0.0,0.0,0.0,0.0,0.0,0.0,0.0,0.0,0.0,0.0,0.0,0.0,0.0,0.0,-0.04285443311241991,-0.27614915236683185,-1.476271598921955,0.37718757192790175,0.1493147299350011,-0.10473848672428979,11,17,-1.350210970464135,-0.5,1.0,0.0,0.0,0.0,0.0,0.0,0.0,0.0,0.0,0.0,0.0,0.0,1.0,0.0,0.0,0.0,0.0,1
VAR_000577,0.0,0.0,0.0,0.0,0.0,0.0,0.0,0.0,0.0,0.0,0.0,8,0.0,0.0,0.0,0.0,0.0,0.0,0.0,0.0,0.0,0.0,0.0,0.0,0.0,0.0,0.0,0.0,0.0,0.0,0.0,0.0,0.0,0.0,0.0,0.0,0.0,0.0,0.0,0.0,0.0,0.0,0.0,0.0,0.0,0.0,0.0,7,0.0,0.0,1,1,0.4984837518841938,0.00423663368453947,-0.582801908240581,0.0,0.0,0.0,0.0,0.0,0.0,0.0,0.0,0.0,0.0,0.0,0.0,0.0,0.0,0.0,0.0,0.0,0.0,0.0,0.0,0.0,0.0,0.0,0.0,0.0,0.0,0.0,0.0,0.0,0.0,0.0,1,0.0,0.0,0.0,0.0,0.0,0.0,0.0,0.0,0.0,0.0,0.0,0.0,0.0,0.0,0.0,0.0,0.0,0.0,0.0,0.0,0.0,0.0,0.0,0.0,0.0,0.0,0.0,0.0,0.0,0.0,0.0,0.0,0.0,0.0,0.0,0.0,0.0,0.0,0.0,0.0,0.0,0.0,0.0,0.0,0.0,0.0,0.0,0.0,0.0,0.0,0.0,0.0,0.0,0.0,0.0,0.0,0.0,0.0,0.0,0.0,0.0,0.0,0.0,0.0,0.0,0.0,0.0,0.0,0.0,0.0,0.0,0.0,0.0,0.0,0.0,0.0,0.0,0.0,0.25729155745059906,0.34338647816014006,-1.0594835063870387,0.7555590439884565,0.9162122819226824,0.6589529504455934,5,7,0.5738396624472573,-0.5,0.0,0.0,1.0,0.0,0.0,0.0,0.0,0.0,0.0,0.0,0.0,0.0,0.0,0.0,0.0,0.0,0.0,1
VAR_004374,83.49335225548488,-0.812121254766818,-0.4609935194042468,2.8002844878282036,-0.6627843531629204,3.5047336840644974,499.71749061174194,4.729478982647169,167.70315578433903,0.08140840954081716,0.3186545874503724,6,-1.0,-0.002491924303373,0.12771943760045157,0.0,-1.0,0.0,-0.5342733680339927,0.0,0.0,-0.47075160550760514,1.0,0.0,0.0,0.0,-1.0,1.0,0.8217250065949496,0.0,0.7185886323331067,14.43667903132631,0.0,0.0,0.0,0.0,0.0,-1.0,0.0,0.0,0.0,-1.0,-1.0,-1.0,-1.0,0.0,0.0,3,-1.0,-1.0,2,2,-1.044944382976453,0.055609319627586785,1.5301779581420454,-1.0,-1.0,1.0,0.0,0.0,-1.0,1.0,-1.0,0.0,0.0,0.0,0.0,0.0,1.0,0.0,0.0,0.0,-1.0,-0.0002961698393224055,0.0,0.0,0.0,-1.0,0.0,0.0,-1.0,-0.8075817909366545,-1.0,-1.0,0.0,0.0,2,0.5760507032370578,0.0,-1.0,-1.0,0.0,1.0,0.0,0.0,0.0,-1.0,0.0,-1.0,0.0,0.0,0.0,0.0,0.0,0.0,0.0,0.0,0.0,-1.0,0.0,-1.0,0.0,-1.0,1.0,-1.0,1.0,0.0,1.0,0.0,0.0,-1.0,0.0,-1.0,0.0,0.0,-1.0,0.0,1.0,-1.0,0.0,0.0,0.9199000143072601,1.0,1.0,0.0,-0.0005217719932642538,-1.0,-1.0,-1.0,-1.0,1.0,1.0,0.0,0.0,0.0,165.50581321346138,0.0,-0.6426564497491878,-1.2368655736119685,0.0,-1.0,-1.0,-1.0,0.0,-5.403398540087705,0.0,0.0,0.0,-1.0,0.0,0.0,1.0,0.0,0.0,0.0,-1.1587346107053766,-0.5966537180129432,0.21426493073580863,0.5389141591697282,-0.9021079661059317,-0.018385896468753864,16,8,0.2700421940928269,0.5,0.0,0.0,0.0,0.0,0.0,0.0,0.0,1.0,0.0,0.0,0.0,0.0,0.0,0.0,1.0,0.0,0.0,1
VAR_004398,0.0,0.0,0.0,0.0,0.0,0.0,0.0,0.0,0.0,0.0,0.0,8,0.0,0.0,0.0,0.0,0.0,0.0,0.0,0.0,0.0,0.8441715072595704,0.0,0.0,0.0,-1.0,0.0,1.0,-0.17827499340505035,-1.0,0.7185886323331067,-0.19200264622705257,0.0,-1.0,-1.0,-1.0,0.0,0.0,0.0,-1.0,0.0,0.0,-1.0,0.0,-1.0,-1.0,0.0,0,-1.0,0.0,2,2,-0.0841711026424528,0.5468012288452487,1.2458755250773172,0.0,0.0,1.0,-1.0,0.0,-1.0,1.0,0.0,-1.0,-1.0,0.0,-1.0,0.0,0.0,0.0,0.0,-1.0,-1.0,-0.00033770505322701784,1.0,0.0,0.0,0.0,-1.0,0.0,-1.0,-0.8075817909366545,0.0,-1.0,0.0,0.0,2,-0.1296023551441752,0.0,0.0,0.0,0.0,0.0,0.0,0.0,0.0,0.0,0.0,0.0,0.0,0.0,0.0,0.0,0.0,0.0,0.0,0.0,0.0,0.0,0.0,0.0,0.0,0.0,0.0,0.0,0.0,0.0,0.0,0.0,0.0,0.0,0.0,0.0,0.0,0.0,0.0,0.0,0.0,0.0,0.0,0.0,0.0,0.0,0.0,0.0,0.0,0.0,0.0,0.0,0.0,0.0,0.0,0.0,0.0,0.0,0.0,0.0,0.0,0.0,0.0,0.0,0.0,0.0,0.0,0.0,0.0,0.0,0.0,0.0,0.0,0.0,0.0,0.0,0.0,0.0,0.25729155745059906,-3.919825659887974,0.2938060161481524,-0.28343179298659654,-0.6299667537345667,-0.15349942196564267,5,10,-0.0168776371308017,1.0,0.0,0.0,0.0,0.0,0.0,0.0,0.0,1.0,0.0,0.0,0.0,0.0,0.0,0.0,1.0,0.0,1.0,1
VAR_004716,-0.9673033516327669,-0.8120243462854603,-0.30324666857035887,-0.47731605915300535,117.98435702546415,219.25303183484925,-0.9732434995662774,-0.4178223263822539,-0.5600899787992651,0.0,-1.0289749448615164,18,0.0,0.0,0.0,0.0,0.0,0.0,0.0,-1.0,0.0,0.8441715072595704,0.0,0.0,0.0,0.0,0.0,1.0,0.8217250065949496,0.0,0.7185886323331067,1.6584542042915595,0.0,-1.0,0.0,0.0,0.0,0.0,0.0,0.0,0.0,0.0,0.0,0.0,0.0,0.0,0.0,7,0.0,0.0,2,2,-1.5795649224341863,-0.31291659916996994,0.0,0.0,-1.0,1.0,-1.0,-1.0,-1.0,0.0,-1.0,0.0,-1.0,1.0,0.0,0.0,0.0,0.0,0.0,-1.0,-1.0,0.012884871617048,0.0,1.0,0.0,-1.0,-1.0,1.0,-1.0,-0.8075817909366545,0.0,-1.0,0.0,-0.0006893619764160602,2,1.8108781376034035,0.0,0.0,0.0,0.0,0.0,0.0,0.0,0.0,0.0,0.0,0.0,0.0,0.0,0.0,0.0,0.0,0.0,0.0,0.0,0.0,0.0,0.0,0.0,0.0,0.0,0.0,0.0,0.0,0.0,0.0,0.0,0.0,0.0,0.0,0.0,0.0,0.0,0.0,0.0,0.0,0.0,0.0,0.0,0.0,0.0,0.0,0.0,0.0,0.0,0.0,0.0,0.0,0.0,0.0,0.0,0.0,0.0,-13.852899781873976,0.0,0.3573435502508122,4.716893629861046,1.0,-1.0,0.0,-1.0,1.0,-5.403398540087705,0.0,0.0,-1.0,-1.0,-1.0,0.0,0.0,1.0,0.0,-1.0,-0.2947600364471646,-0.06406741426107232,0.0855220590892915,-0.3128618619125554,-0.8230100892118305,0.15670113148018278,2,24,-0.590717299578059,-0.5,0.0,0.0,0.0,0.0,0.0,0.0,0.0,1.0,0.0,0.0,0.0,0.0,0.0,0.0,0.0,0.0,0.0,1
VAR_004701,105.48709547659577,0.5523373489620601,0.0,-0.5106924408039433,-0.5090110485181216,-0.5040142338154235,130.45677798221922,1.5973580441214932,16.64302403097077,-0.0003802257725973294,31.219881805577312,27,0.0,-0.0026969772289354,-0.8722805623995484,-1.0,0.0,0.0,0.4657266319660073,-1.0,-1.0,0.8441715072595704,0.0,0.0,0.0,0.0,-1.0,1.0,0.8217250065949496,0.0,-0.28141136766689334,-0.1012490234018565,0.0,-1.0,0.0,0.0,0.0,-1.0,0.0,0.0,-1.0,-1.0,0.0,-1.0,0.0,-1.0,-1.0,4,0.0,0.0,4,4,-0.4992253452858269,0.230236494758504,0.0,0.0,-1.0,1.0,0.0,0.0,0.0,1.0,0.0,-1.0,-1.0,0.0,-1.0,1.0,1.0,-1.0,-1.0,0.0,-1.0,0.0085061180362382,0.0,0.0,-1.0,0.0,0.0,0.0,0.0,-0.8075817909366545,0.0,-1.0,0.0,-0.000376225253541,4,3.5347270908385546,-1.0,-1.0,-1.0,0.0,1.0,-1.0,1.0,0.0,-1.0,0.0,-1.0,0.0,0.0,-1.0,0.0,-1.0,-1.0,0.0,0.0,0.0,0.0,0.0,0.0,0.0,0.0,0.0,0.0,0.0,0.0,1.0,1.0,0.0,-1.0,0.0,0.0,-1.0,0.0,-1.0,-1.0,0.0,-1.0,-1.0,0.0,-0.0800999856927399,1.0,0.0,0.0,0.0166953652668033,-1.0,0.0,0.0,0.0,1.0,1.0,-1.0,-1.0,0.0,-5.62148638421092,-1.0,0.3573435502508122,-0.02203176834904086,1.0,-1.0,0.0,-1.0,1.0,-5.403398540087705,5.497123972767402,0.0,0.0,-1.0,-1.0,0.0,1.0,0.0,0.0,-1.0,-0.03267112679078182,-1.4240373851690138,-0.00234917169427665,-0.5155785142250972,-0.47023508907667744,-1.0244301570495948,23,3,0.6919831223628691,-0.5,0.0,0.0,1.0,0.0,0.0,0.0,0.0,0.0,0.0,0.0,0.0,0.0,0.0,-1.0,1.0,0.0,0.0,0
VAR_004730,16.448190373317118,0.5731567982284205,2.0533763329803727,-0.2346363091554099,-0.5324929622058968,5.5468872404487355,0.8604159424258119,-1.011731451183283,-0.6055795205112289,0.0,-0.03535134284914066,9,0.0,0.0,0.0,0.0,0.0,0.0,0.0,0.0,0.0,0.0,0.0,0.0,0.0,0.0,0.0,0.0,0.0,0.0,0.0,0.0,0.0,0.0,0.0,0.0,0.0,0.0,0.0,0.0,0.0,0.0,0.0,0.0,0.0,0.0,0.0,7,0.0,0.0,3,3,-2.974355863216072,-0.9800451866523234,0.0,-1.0,0.0,1.0,0.0,0.0,0.0,0.0,0.0,0.0,-1.0,0.0,0.0,1.0,1.0,0.0,-1.0,-1.0,-1.0,-0.0003378125125941392,0.0,1.0,0.0,0.0,-1.0,0.0,0.0,0.1924182090633455,0.0,0.0,0.0,0.0,3,-0.10679203087736869,0.0,0.0,0.0,0.0,0.0,0.0,0.0,0.0,0.0,0.0,0.0,0.0,0.0,0.0,0.0,0.0,0.0,0.0,0.0,0.0,0.0,0.0,0.0,0.0,0.0,0.0,0.0,0.0,0.0,0.0,0.0,0.0,0.0,0.0,0.0,0.0,0.0,0.0,0.0,0.0,0.0,0.0,0.0,0.0,0.0,0.0,0.0,0.0,0.0,0.0,0.0,0.0,0.0,0.0,0.0,0.0,0.0,5.169283615156438,0.0,-0.6426564497491878,6.3797659521948535,0.3954550884733329,-1.0,0.0,0.0,1.0,0.0,0.0,0.0,-1.0,0.0,-1.0,0.0,1.0,0.0,0.0,-1.0,-1.0071361735936353,0.08600919755708535,-0.6662051327930695,-0.2860866768862331,-1.665546880013606,0.7788248279946213,14,11,0.9620253164556961,-1.0,1.0,0.0,0.0,0.0,0.0,0.0,1.0,0.0,0.0,0.0,0.0,0.0,0.0,0.0,0.0,0.0,1.0,1
VAR_002386,74.23590450994499,0.44556131843110053,6.663639100941377,16.2861050415009,-0.6627196668898865,105.44678948025597,-0.9648458903071757,48.74391280284655,-0.6055794499774881,-0.00037730463270624316,22.482767550031234,20,0.0,0.0,0.0,0.0,0.0,0.0,0.0,0.0,0.0,0.8441715072595704,0.0,0.0,1.0,0.0,0.0,1.0,0.8217250065949496,0.0,-0.04137259965254303,1.8370205250139082,-1.0,-1.0,0.0,-1.0,0.0,-1.0,-1.0,0.0,0.0,-1.0,0.0,-1.0,0.0,0.0,0.0,0,-1.0,-1.0,4,4,-0.5273403808079536,0.5384240643182059,0.0,0.0,0.0,0.0,0.0,0.0,0.0,1.0,-1.0,-1.0,0.0,0.0,-1.0,1.0,1.0,-1.0,0.0,0.0,-1.0,-0.0003338562726843107,0.0,1.0,0.0,-1.0,-1.0,0.0,0.0,0.1924182090633455,0.0,0.0,0.0,-0.0005597144687634001,4,-0.010680540800419799,-1.0,-1.0,0.0,0.0,0.0,-1.0,0.0,0.0,0.0,0.0,-1.0,-1.0,0.0,-1.0,0.0,-1.0,0.0,1.0,1.0,-1.0,0.0,-1.0,-1.0,0.0,0.0,0.0,-1.0,0.0,0.0,0.0,0.0,1.0,0.0,0.0,0.0,-1.0,0.0,-1.0,0.0,0.0,-1.0,0.0,0.0,0.9199000143072601,1.0,1.0,0.0,-0.0005218288787008938,-1.0,-1.0,0.0,0.0,0.0,1.0,0.0,0.0,-1.0,156.34719922328534,0.0,-0.6426564497491878,-1.2368655736119685,1.0,-1.0,-1.0,0.0,1.0,0.0,0.0,0.0,-1.0,0.0,0.0,-1.0,0.0,0.0,-1.0,-1.0,0.25729155745059906,0.07067435617457132,0.2938060161481524,-0.043772375743236155,0.4701746591685013,0.02057120345636349,12,21,-0.38818565400843874,0.0,-0.5,0.0,0.0,0.0,0.0,0.0,0.0,0.0,0.0,0.0,0.0,1.0,0.0,-1.0,1.0,0.0,1.0,0
VAR_000899,8.651331977289074,57.573247007924834,18.553552836069755,-0.5107311668506178,220.01594861291255,0.21633561841494553,27.809014178704043,2.7246578318500156,1.5395531160107907,0.0,-1.046423501802945,14,0.0,0.0,0.0,0.0,0.0,0.0,0.0,-1.0,0.0,-0.038464185625812754,1.0,-1.0,0.0,0.0,-1.0,1.0,0.8217250065949496,-0.4760185690130899,0.7185886323331067,0.0013987494879641928,0.0,-1.0,0.0,0.0,0.0,0.0,0.0,0.0,0.0,0.0,0.0,0.0,0.0,0.0,0.0,7,0.0,0.0,3,3,-0.8172564068238859,-0.11441136770008457,-0.9085193496130838,0.0,0.0,0.0,0.0,0.0,0.0,0.0,0.0,0.0,0.0,0.0,0.0,0.0,0.0,0.0,0.0,0.0,0.0,0.0,0.0,0.0,0.0,0.0,0.0,0.0,0.0,0.0,0.0,0.0,0.0,0.0,3,0.3099376896210933,0.0,0.0,0.0,0.0,0.0,0.0,0.0,0.0,0.0,0.0,0.0,0.0,0.0,0.0,0.0,0.0,0.0,0.0,0.0,0.0,0.0,0.0,0.0,0.0,0.0,0.0,0.0,0.0,0.0,0.0,0.0,0.0,0.0,0.0,0.0,0.0,0.0,0.0,0.0,0.0,0.0,0.0,0.0,0.0,0.0,0.0,0.0,0.0,0.0,0.0,0.0,0.0,0.0,0.0,0.0,0.0,-1.0,408.05337773777643,-1.0,-0.6426564497491878,-1.2368655736119685,0.4637591724670587,-1.0,-1.0,-1.0,0.0,-5.403398540087705,5.497123972767402,0.0,0.0,-1.0,0.0,0.0,1.0,0.0,-1.0,-1.0,0.25729155745059906,-1.6659995827308816,-0.14862033564651,0.00044306343089138713,-0.022385854098089627,0.47954050193213493,22,3,0.6244725738396624,-0.5,0.0,0.0,0.0,0.0,0.0,0.0,0.0,0.0,0.0,0.0,0.0,0.0,0.0,0.0,0.0,0.0,0.0,1
VAR_000936,112.57549658442511,-0.49644455287335504,4.133360264110834,-0.3112037152637286,163.33894477235972,15.857879456287094,159.59736072982403,-0.23900056907894707,-0.5512148426068277,0.00492330086184415,-0.1639186062223921,16,0.0,0.0,0.0,0.0,0.0,0.0,0.0,-1.0,0.0,-0.47075160550760514,1.0,0.0,0.0,-1.0,-1.0,0.0,-0.17827499340505035,-1.0,0.7185886323331067,9.662494999371685,0.0,0.0,0.0,-1.0,0.0,0.0,0.0,0.0,0.0,-1.0,-1.0,-1.0,0.0,0.0,0.0,3,0.0,-1.0,3,3,0.7346691480097057,0.06791802508768932,1.0581815674434798,-1.0,-1.0,1.0,0.0,-1.0,0.0,1.0,0.0,0.0,0.0,0.0,0.0,0.0,1.0,0.0,0.0,0.0,-1.0,-0.00019998387630619998,1.0,0.0,0.0,0.0,0.0,1.0,0.0,-0.8075817909366545,0.0,-1.0,0.0,-0.0005071622716225,3,0.03244744538178132,-1.0,-1.0,-1.0,0.0,1.0,0.0,0.1139656133894052,0.0,0.0,0.0,0.0,0.0,0.0,0.0,0.0,0.0,-1.0,0.0,0.0,0.0,0.0,-1.0,0.0,0.0,-1.0,0.0,-1.0,0.0,0.0,1.0,0.0,1.0,-1.0,0.0,-1.0,0.0,1.0,0.0,0.0,1.0,-1.0,0.0,-1.0,-0.0800999856927399,0.0,1.0,0.0,-0.0005218223489348316,-1.0,0.0,0.0,-1.0,0.0,1.0,-1.0,0.0,0.0,1571.714856361587,0.0,-0.6426564497491878,6.3797659521948535,0.0,-1.0,0.0,-1.0,1.0,-5.403398540087705,5.497123972767402,-1.0,-1.0,0.0,0.0,0.0,0.0,0.0,0.0,-1.0,-1.1090128269636217,0.34338647816014006,-0.17132635324433537,0.6902015440973258,-0.05758510862246683,0.6991653775271567,7,1,0.42194092827004215,0.5,1.0,0.0,0.0,0.0,0.0,0.0,0.0,0.0,1.0,0.0,0.0,0.0,0.0,0.0,1.0,1.0,0.0,0
VAR_000979,0.0,0.0,0.0,0.0,0.0,0.0,0.0,0.0,0.0,0.0,0.0,8,0.0,0.0,0.0,0.0,0.0,0.0,0.0,-1.0,-1.0,-0.47075160550760514,0.0,0.0,0.0,0.0,0.0,1.0,0.8217250065949496,0.0,-0.28141136766689334,65.62808236486025,0.0,0.0,-1.0,0.0,0.0,0.0,0.0,0.0,0.0,0.0,0.0,0.0,0.0,0.0,0.0,7,0.0,0.0,2,2,0.9362243534407015,0.7558651961686087,1.3984854568027048,0.0,0.0,0.0,0.0,0.0,0.0,0.0,0.0,0.0,0.0,0.0,0.0,0.0,0.0,0.0,0.0,0.0,0.0,0.0,0.0,0.0,0.0,0.0,0.0,0.0,0.0,0.0,0.0,0.0,0.0,0.0,2,-0.13139982474890297,0.0,0.0,0.0,0.0,0.0,0.0,0.0,0.0,0.0,0.0,0.0,0.0,0.0,0.0,0.0,0.0,0.0,0.0,0.0,0.0,0.0,0.0,0.0,0.0,0.0,0.0,0.0,0.0,0.0,0.0,0.0,0.0,0.0,0.0,0.0,0.0,0.0,0.0,0.0,0.0,0.0,0.0,0.0,0.0,0.0,0.0,0.0,0.0,0.0,0.0,0.0,0.0,0.0,0.0,0.0,0.0,0.0,0.0,0.0,0.0,0.0,0.0,0.0,0.0,0.0,0.0,0.0,0.0,0.0,0.0,0.0,0.0,0.0,0.0,0.0,0.0,0.0,0.17575539827548425,0.34338647816014006,0.18696943230225607,0.3776882805700922,-0.41092187405442054,-0.21554976184058772,0,22,0.45569620253164556,0.5,1.0,0.0,0.0,0.0,0.0,0.0,1.0,0.0,0.0,0.0,0.0,0.0,0.0,0.0,0.0,0.0,0.0,1
VAR_004569,33.419125860660756,146.06807820995553,-0.46099275752642216,5.068757382732765,-0.2762359984905609,-0.6119995965622195,24.546188312161732,106.94519867258913,5.16405231071549,-0.00020750195436335003,0.8790192815697593,28,0.0,0.0,0.0,0.0,0.0,0.0,0.0,0.0,-1.0,-0.47075160550760514,0.0,0.0,1.0,0.0,0.0,0.0,0.8217250065949496,0.0,0.7185886323331067,-0.19200264941815295,0.0,-1.0,-1.0,0.0,0.0,0.0,0.0,0.0,0.0,0.0,0.0,0.0,0.0,0.0,0.0,7,0.0,0.0,2,2,0.5786059310964031,0.479661106330879,0.0,0.0,0.0,0.0,-1.0,0.0,-1.0,1.0,0.0,0.0,0.0,0.0,0.0,0.0,0.0,0.0,0.0,0.0,0.0,-0.0003299091132283441,1.0,0.0,0.0,0.0,0.0,1.0,-1.0,-0.8075817909366545,-1.0,-1.0,0.0,0.0,2,-0.12686182344756844,0.0,0.0,0.0,0.0,0.0,0.0,0.0,0.0,0.0,0.0,0.0,0.0,0.0,0.0,0.0,0.0,0.0,0.0,0.0,0.0,0.0,0.0,0.0,0.0,0.0,0.0,0.0,0.0,0.0,0.0,0.0,0.0,0.0,0.0,0.0,0.0,0.0,0.0,0.0,0.0,0.0,0.0,0.0,0.0,0.0,0.0,0.0,0.0,0.0,0.0,0.0,0.0,0.0,0.0,0.0,0.0,0.0,1126.5500552082103,-1.0,0.3573435502508122,-1.2368655736119685,0.9985994503065464,-1.0,-1.0,0.0,1.0,0.0,0.0,0.0,0.0,0.0,-1.0,-1.0,0.0,0.0,0.0,0.0,0.25729155745059906,0.34338647816014006,0.2938060161481524,-0.22635222714786815,-0.7266476958251946,-0.0015970711698084714,7,5,-0.47257383966244726,-0.5,0.0,0.0,0.0,0.0,0.0,0.0,0.0,1.0,0.0,0.0,0.0,0.0,0.0,-1.0,0.0,1.0,0.0,1
VAR_001261,0.0,0.0,0.0,0.0,0.0,0.0,0.0,0.0,0.0,0.0,0.0,8,0.0,0.0,0.0,0.0,0.0,0.0,0.0,0.0,0.0,0.0,0.0,0.0,0.0,0.0,0.0,0.0,0.0,0.0,0.0,0.0,0.0,0.0,0.0,0.0,0.0,0.0,0.0,0.0,0.0,0.0,0.0,0.0,0.0,0.0,0.0,7,0.0,0.0,4,4,0.48720562148191715,-4.976277138917205,-1.7975283115536191,0.0,0.0,0.0,0.0,0.0,0.0,0.0,0.0,0.0,0.0,0.0,0.0,0.0,0.0,0.0,0.0,0.0,0.0,0.0,0.0,0.0,0.0,0.0,0.0,0.0,0.0,0.0,0.0,0.0,0.0,0.0,4,0.0,0.0,0.0,0.0,0.0,0.0,0.0,0.0,0.0,0.0,0.0,0.0,0.0,0.0,0.0,0.0,0.0,0.0,0.0,0.0,0.0,0.0,0.0,0.0,0.0,0.0,0.0,0.0,0.0,0.0,0.0,0.0,0.0,0.0,0.0,0.0,0.0,0.0,0.0,0.0,0.0,0.0,0.0,0.0,0.0,0.0,0.0,0.0,0.0,0.0,0.0,0.0,0.0,0.0,0.0,0.0,0.0,0.0,0.0,0.0,0.0,0.0,0.0,0.0,0.0,0.0,0.0,0.0,0.0,0.0,0.0,0.0,0.0,0.0,0.0,0.0,0.0,0.0,0.25729155745059906,0.2810182586837984,-0.21153422451509404,-1.0258421497946102,0.2703262206639745,-1.1857647713648634,17,17,-0.5738396624472574,0.0,2.0,0.0,0.0,0.0,0.0,0.0,0.0,0.0,0.0,0.0,0.0,0.0,0.0,0.0,0.0,0.0,0.0,1
VAR_004542,-0.94750043244766,-0.5334357774650886,-0.4609597231718103,1.7327832789219604,-0.6588763879322811,196.50625388073527,-0.9761277118886007,-1.0074041921468315,37.97903424975108,0.01361314209892345,-0.8804365629259551,9,0.0,0.0,0.0,0.0,0.0,0.0,0.0,-1.0,-1.0,-0.44080739696052257,0.0,0.0,0.0,-1.0,-1.0,1.0,-0.17827499340505035,-1.0,0.7185886323331067,49.30197367603791,0.0,0.0,0.0,-1.0,0.0,0.0,0.0,-1.0,-1.0,0.0,-1.0,0.0,-1.0,0.0,0.0,0,0.0,0.0,1,1,-0.5133037652388863,-0.03649859283047104,0.0,-1.0,-1.0,0.0,0.0,-1.0,-1.0,1.0,-1.0,0.0,-1.0,0.0,-1.0,0.0,1.0,-1.0,0.0,0.0,0.0,-0.0003378112887285698,0.0,1.0,0.0,0.0,0.0,0.0,-1.0,0.1924182090633455,0.0,0.0,0.0,0.0611926060492344,1,-0.0917686492361676,-1.0,0.0,0.0,0.0,0.0,0.0,0.0,0.0,-1.0,0.0,-1.0,0.0,1.0,-1.0,0.0,-1.0,-1.0,1.0,1.0,0.0,0.0,-1.0,0.0,-1.0,0.0,0.0,-1.0,1.0,0.0,0.0,0.0,0.0,0.0,1.0,0.0,0.0,0.0,-1.0,0.0,1.0,-1.0,-1.0,-1.0,0.9199000143072601,1.0,0.0,0.0,-0.0001054973738084,0.0,-1.0,-1.0,-1.0,0.0,0.0,-1.0,0.0,0.0,991.0551977600945,-1.0,0.3573435502508122,6.3797659521948535,0.1298183207363347,-1.0,-1.0,-1.0,1.0,0.0,5.497123972767402,-1.0,-1.0,-1.0,-1.0,0.0,0.0,1.0,-1.0,0.0,-0.8929826697050527,-0.33616464372439614,0.19870570154935457,-0.1571778051744783,1.0052495657684166,0.7788248279946213,12,17,-1.0295358649789028,0.0,-0.5,0.0,0.0,0.0,0.0,0.0,0.0,0.0,0.0,0.0,0.0,0.0,1.0,0.0,1.0,0.0,1.0,1
VAR_003659,-0.936478554786874,-0.6942649869591186,-0.46099351927614457,-0.39864316179975035,-0.6627843517962295,-0.6153713190686031,-0.5760561214359018,83.73409688104546,-0.5791009335152714,0.0,0.2834486422949267,16,0.0,0.0,0.0,0.0,0.0,0.0,0.0,0.0,0.0,0.0,0.0,0.0,0.0,0.0,0.0,0.0,0.0,0.0,0.0,0.0,0.0,0.0,0.0,0.0,-1.0,-1.0,-1.0,0.0,-1.0,-1.0,0.0,-1.0,0.0,-1.0,0.0,5,-1.0,0.0,1,1,0.27323806992630506,-0.6897830227885732,-1.4235719922078776,0.0,-1.0,0.0,-1.0,-1.0,0.0,0.0,-1.0,0.0,-1.0,1.0,0.0,0.0,0.0,-1.0,0.0,0.0,0.0,-0.00033781267268509843,0.0,1.0,0.0,0.0,-1.0,0.0,-1.0,0.1924182090633455,-1.0,0.0,0.0,0.0,1,-0.1248549356816612,0.0,0.0,0.0,0.0,0.0,0.0,0.0,0.0,0.0,0.0,0.0,0.0,0.0,0.0,0.0,0.0,0.0,0.0,0.0,0.0,0.0,0.0,0.0,0.0,0.0,0.0,0.0,0.0,0.0,0.0,0.0,0.0,0.0,0.0,0.0,0.0,0.0,0.0,0.0,0.0,0.0,0.0,0.0,0.0,0.0,0.0,0.0,0.0,0.0,0.0,0.0,0.0,0.0,0.0,0.0,0.0,0.0,8.16834278899979,-1.0,0.3573435502508122,-1.2368655736119685,0.0,-1.0,0.0,-1.0,1.0,0.0,0.0,-1.0,0.0,0.0,0.0,-1.0,0.0,0.0,0.0,0.0,-0.6338749186301795,0.34338647816014006,-0.6946462434944782,-0.2715416008377669,0.7232659832600322,-0.12046102413391821,9,6,-0.23628691983122366,0.5,0.0,0.0,0.0,1.0,0.0,0.0,0.0,0.0,0.0,0.0,0.0,0.0,0.0,0.0,1.0,1.0,0.0,1
VAR_004526,130.91284237328128,-0.6361043100164747,-0.46096897687644833,0.9266411781064425,-0.6570176120160565,-0.6098290874006633,6.271479202957375,-1.011595207116044,-0.5784089116792924,0.0,-1.0622852595736858,19,0.0,0.0,0.0,0.0,0.0,0.0,0.0,0.0,0.0,-0.47075160550760514,0.0,0.0,0.0,0.0,-1.0,1.0,-0.17827499340505035,-1.0,0.7185886323331067,1.938169768982335,0.0,-1.0,-1.0,-1.0,-1.0,0.0,-1.0,0.0,0.0,0.0,-1.0,-1.0,-1.0,-1.0,0.0,6,0.0,0.0,1,1,-0.421944327402545,-0.015180227659175356,0.5443794688684243,-1.0,-1.0,1.0,-1.0,0.0,-1.0,0.0,-1.0,-1.0,-1.0,1.0,-1.0,1.0,0.0,0.0,-1.0,-1.0,0.0,-0.00033666807315312124,1.0,0.0,-1.0,-1.0,0.0,1.0,0.0,-0.8075817909366545,0.0,0.0,0.0,0.0,1,0.3475164533532787,0.0,0.0,0.0,0.0,0.0,0.0,0.0,0.0,0.0,0.0,0.0,0.0,0.0,0.0,0.0,0.0,0.0,0.0,0.0,0.0,0.0,0.0,0.0,0.0,0.0,0.0,0.0,0.0,0.0,0.0,0.0,0.0,0.0,0.0,0.0,0.0,0.0,0.0,0.0,0.0,0.0,0.0,0.0,0.0,0.0,0.0,0.0,0.0,0.0,0.0,0.0,0.0,0.0,0.0,0.0,0.0,-1.0,11.36439251719345,0.0,0.3573435502508122,-1.2368655736119685,0.0,0.0,0.0,-1.0,1.0,0.0,0.0,-1.0,0.0,0.0,-1.0,0.0,0.0,0.0,0.0,0.0,0.25729155745059906,-0.11588413144718246,-1.323036235217073,-0.2409531995945484,1.0052495657684166,0.5874080622130383,22,17,-0.5569620253164557,-1.0,0.0,0.0,0.0,0.0,0.0,0.0,0.0,0.0,0.0,0.0,0.0,0.0,0.0,0.0,1.0,0.0,0.0,1
VAR_004600,0.0,0.0,0.0,0.0,0.0,0.0,0.0,0.0,0.0,0.0,0.0,8,0.0,0.0,0.0,0.0,0.0,0.0,0.0,0.0,0.0,0.0,0.0,0.0,0.0,0.0,0.0,0.0,0.0,0.0,0.0,0.0,0.0,0.0,0.0,0.0,0.0,0.0,0.0,0.0,0.0,0.0,0.0,0.0,0.0,0.0,0.0,7,0.0,0.0,2,2,-1.0520281444892499,0.19369369815443258,0.6690839073525829,0.0,0.0,0.0,0.0,0.0,0.0,0.0,0.0,0.0,0.0,0.0,0.0,0.0,0.0,0.0,0.0,0.0,0.0,0.0,0.0,0.0,0.0,0.0,0.0,0.0,0.0,0.0,0.0,0.0,0.0,0.0,2,0.0,0.0,0.0,0.0,0.0,0.0,0.0,0.0,0.0,0.0,0.0,0.0,0.0,0.0,0.0,0.0,0.0,0.0,0.0,0.0,0.0,0.0,0.0,0.0,0.0,0.0,0.0,0.0,0.0,0.0,0.0,0.0,0.0,0.0,0.0,0.0,0.0,0.0,0.0,0.0,0.0,0.0,0.0,0.0,0.0,0.0,0.0,0.0,0.0,0.0,0.0,0.0,0.0,0.0,0.0,0.0,0.0,0.0,0.0,0.0,0.0,0.0,0.0,0.0,0.0,0.0,0.0,0.0,0.0,0.0,0.0,0.0,0.0,0.0,0.0,0.0,0.0,0.0,-0.4781861203335446,0.34338647816014006,-0.015213721201650857,-0.38377049939545316,-0.09776344131983809,-0.2556895394029903,16,21,0.6919831223628691,0.0,0.0,0.0,0.0,0.0,0.0,0.0,0.0,0.0,1.0,0.0,0.0,0.0,0.0,0.0,0.0,0.0,0.0,1
VAR_001022,0.0,0.0,0.0,0.0,0.0,0.0,0.0,0.0,0.0,0.0,0.0,8,0.0,0.0,0.0,0.0,0.0,0.0,0.0,0.0,0.0,0.0,0.0,0.0,0.0,0.0,0.0,0.0,0.0,0.0,0.0,0.0,0.0,0.0,0.0,0.0,-1.0,0.0,-1.0,0.0,0.0,-1.0,0.0,0.0,-1.0,0.0,0.0,1,-1.0,0.0,1,1,-0.30267505815515583,-0.199648196627761,0.7975299351255236,0.0,0.0,0.0,0.0,0.0,0.0,0.0,0.0,0.0,0.0,0.0,0.0,0.0,0.0,0.0,0.0,0.0,0.0,0.0,0.0,0.0,0.0,0.0,0.0,0.0,0.0,0.0,0.0,0.0,0.0,0.0,1,9.65513456077349,0.0,0.0,0.0,0.0,0.0,0.0,0.0,0.0,0.0,0.0,0.0,0.0,0.0,0.0,0.0,0.0,0.0,0.0,0.0,0.0,0.0,0.0,0.0,0.0,0.0,0.0,0.0,0.0,0.0,0.0,0.0,0.0,0.0,0.0,0.0,0.0,0.0,0.0,0.0,0.0,0.0,0.0,0.0,0.0,0.0,0.0,0.0,0.0,0.0,0.0,0.0,0.0,0.0,0.0,0.0,0.0,0.0,0.0,0.0,0.0,0.0,0.0,0.0,0.0,0.0,0.0,0.0,0.0,0.0,0.0,0.0,0.0,0.0,0.0,0.0,0.0,0.0,0.06668921261353489,-0.7765744634772689,-2.2026357172107107,0.6626827205868038,0.16880360216672266,0.7788248279946213,17,17,-0.5738396624472574,0.0,2.0,0.0,0.0,0.0,0.0,0.0,0.0,0.0,0.0,0.0,0.0,0.0,0.0,0.0,1.0,0.0,0.0,1
VAR_000566,-0.968869621477081,60.95128941977443,17.641362262146867,-0.509878714562074,0.23582323244551184,-0.621602132490488,-0.9662591685857715,-1.0117270735226493,1.0336217491015982,0.0,5.719459347712912,16,0.0,0.0,0.0,0.0,0.0,0.0,0.0,0.0,0.0,0.2754710280718893,0.0,0.0,0.4328153828180631,0.0,0.0,0.0,0.33160391971215997,-1.0,0.7185886323331067,-0.19200265815475165,0.0,0.0,-1.0,0.0,0.0,0.0,0.0,0.0,0.0,0.0,0.0,0.0,0.0,0.0,0.0,7,0.0,0.0,3,3,0.288228780918654,-0.047264525144492774,0.0,0.0,0.0,0.0,0.0,0.0,0.0,0.0,0.0,0.0,0.0,0.0,0.0,0.0,0.0,0.0,0.0,0.0,0.0,0.0,0.0,0.0,0.0,0.0,0.0,0.0,0.0,0.0,0.0,0.0,0.0,0.0,3,-0.13125634273910622,0.0,0.0,0.0,0.0,0.0,0.0,0.0,0.0,0.0,0.0,0.0,0.0,0.0,0.0,0.0,0.0,0.0,0.0,0.0,0.0,0.0,0.0,0.0,0.0,0.0,0.0,0.0,0.0,0.0,0.0,0.0,0.0,0.0,0.0,0.0,0.0,0.0,0.0,0.0,0.0,0.0,0.0,0.0,0.0,0.0,0.0,0.0,0.0,0.0,0.0,0.0,0.0,0.0,0.0,0.0,0.0,-1.0,-13.877405547546411,-1.0,-0.6426564497491878,-1.2368655736119685,0.0,-1.0,-1.0,0.0,1.0,0.0,0.0,0.0,0.0,0.0,0.0,0.0,0.0,0.0,0.0,0.0,-0.0534353894842257,0.34338647816014006,-0.7458727240402045,0.7948229040443615,-0.7665537761016753,0.705770744048655,7,17,-0.6413502109704641,-0.5,2.0,0.0,0.0,0.0,0.0,0.0,0.0,0.0,0.0,0.0,0.0,0.0,0.0,0.0,0.0,1.0,0.0,1
VAR_001117,0.0,0.0,0.0,0.0,0.0,0.0,0.0,0.0,0.0,0.0,0.0,8,0.0,0.0,0.0,0.0,0.0,0.0,0.0,-1.0,0.0,0.8441715072595704,0.0,0.0,0.0,0.0,0.0,1.0,0.8217250065949496,0.0,-0.28141136766689334,3.4894751924501777,0.0,-1.0,-1.0,0.0,0.0,0.0,0.0,0.0,0.0,0.0,0.0,0.0,0.0,0.0,0.0,7,0.0,0.0,4,4,-0.14827783420988136,0.2378963879659858,0.22967392636975287,0.0,0.0,1.0,-1.0,0.0,-1.0,1.0,-1.0,-1.0,0.0,0.0,-1.0,1.0,0.0,-1.0,-1.0,-1.0,-1.0,0.0595167654798807,0.0,1.0,0.0,-1.0,-1.0,1.0,0.0,-0.8075817909366545,0.0,-1.0,0.0,0.0,4,-0.1165649538143464,0.0,0.0,0.0,0.0,0.0,0.0,0.0,0.0,0.0,0.0,0.0,0.0,0.0,0.0,0.0,0.0,0.0,0.0,0.0,0.0,0.0,0.0,0.0,0.0,0.0,0.0,0.0,0.0,0.0,0.0,0.0,0.0,0.0,0.0,0.0,0.0,0.0,0.0,0.0,0.0,0.0,0.0,0.0,0.0,0.0,0.0,0.0,0.0,0.0,0.0,0.0,0.0,0.0,0.0,0.0,0.0,0.0,0.0,0.0,0.0,0.0,0.0,0.0,0.0,0.0,0.0,0.0,0.0,0.0,0.0,0.0,0.0,0.0,0.0,0.0,0.0,0.0,0.25729155745059906,-0.12484393195050271,0.2938060161481524,0.4520982702052352,0.3836615738039322,-0.16862512357558845,11,14,-0.8607594936708861,-1.0,1.0,0.0,0.0,0.0,0.0,0.0,0.0,0.0,0.0,0.0,0.0,1.0,0.0,0.0,0.0,0.0,0.0,1
VAR_002372,-0.43399058265681295,57.53134145377079,0.16728020840365976,4.206009270937743,-0.6627843519782572,5.982405348570112,-0.5665273560005291,0.42937172523177397,-0.6012755796501256,0.00422214883266665,11.861318304678369,9,-1.0,-0.00018102224194009977,0.12771943760045157,-1.0,-1.0,-1.0,-0.5342733680339927,0.0,0.0,0.8441715072595704,0.0,0.0,0.0,0.0,0.0,1.0,0.8217250065949496,0.0,-0.28141136766689334,0.30478240437918497,0.0,-1.0,0.0,0.0,0.0,-1.0,0.0,0.0,0.0,-1.0,-1.0,0.0,0.0,0.0,0.0,0,-1.0,0.0,1,1,1.1510857559567411,-1.1814987756148851,-1.8938005203056607,-1.0,-1.0,0.0,0.0,0.0,-1.0,0.0,-1.0,0.0,0.0,0.0,-1.0,1.0,0.0,-1.0,-1.0,0.0,0.0,-6.168129749149998e-05,1.0,1.0,0.0,0.0,0.0,1.0,-1.0,0.1924182090633455,-1.0,0.0,0.0,0.0020402535402776,1,2.3864869883556152,0.0,0.0,-0.8808996367104833,0.0,0.0,0.0,0.0,1.0,-1.0,1.0,-1.0,-1.0,1.0,0.0,0.0,0.0,0.0,1.0,0.0,0.0,0.0,-1.0,-1.0,-1.0,-1.0,0.0,-1.0,0.0,0.0,1.0,0.0,1.0,0.0,0.0,-1.0,0.0,1.0,-1.0,0.0,0.0,0.0,0.0,0.0,-0.0800999856927399,1.0,1.0,0.0,-0.0005218288795076,-1.0,0.0,0.0,0.0,1.0,1.0,0.0,0.0,0.0,-2.0726546966728505,0.0,-0.6426564497491878,6.3797659521948535,0.0,-1.0,0.0,-1.0,0.0,0.0,5.497123972767402,0.0,-1.0,0.0,-1.0,0.0,1.0,1.0,0.0,0.0,0.25729155745059906,-5.726549483438316,-0.747792413082788,-0.6742827256872699,-6.198986874831683,-0.8232382542338823,17,17,-0.5738396624472574,0.0,2.0,0.0,0.0,0.0,0.0,0.0,0.0,0.0,0.0,0.0,0.0,0.0,0.0,0.0,1.0,0.0,1.0,0
VAR_004661,-0.9231105562022105,30.51258804690407,18.70871494193565,203.66086305256354,47.21315025588637,-0.5751077645926731,112.71635371468432,81.98551340791884,-0.45449094103865895,0.062491437847204755,0.16636430809470898,9,0.0,0.0,0.0,0.0,0.0,0.0,0.0,0.0,0.0,0.0,0.0,0.0,0.0,0.0,0.0,0.0,0.0,0.0,0.0,0.0,0.0,0.0,0.0,0.0,0.0,0.0,0.0,0.0,0.0,0.0,0.0,0.0,0.0,0.0,0.0,7,0.0,0.0,5,5,0.0,0.0,0.0,0.0,0.0,0.0,0.0,0.0,0.0,0.0,0.0,0.0,0.0,0.0,0.0,0.0,0.0,0.0,0.0,0.0,0.0,0.0,0.0,0.0,0.0,0.0,0.0,0.0,0.0,0.0,0.0,0.0,0.0,0.0,5,0.0,0.0,0.0,0.0,0.0,0.0,0.0,0.0,0.0,0.0,0.0,0.0,0.0,0.0,0.0,0.0,0.0,0.0,0.0,0.0,0.0,0.0,0.0,0.0,0.0,0.0,0.0,0.0,0.0,0.0,0.0,0.0,0.0,0.0,0.0,0.0,0.0,0.0,0.0,0.0,0.0,0.0,0.0,0.0,0.0,0.0,0.0,0.0,0.0,0.0,0.0,0.0,0.0,0.0,0.0,0.0,0.0,0.0,0.0,0.0,0.0,0.0,0.0,0.0,0.0,0.0,0.0,0.0,0.0,0.0,0.0,0.0,0.0,0.0,0.0,0.0,0.0,0.0,0.0,0.0,0.0,0.0,0.0,0.0,24,25,0.0,0.0,0.0,0.0,0.0,0.0,0.0,0.0,0.0,0.0,0.0,0.0,0.0,0.0,0.0,0.0,0.0,0.0,1.0,0
VAR_004572,9.481959554372787,-0.5529958355143035,-0.31080200382814605,-0.5105551985203393,-0.20253612875738425,1.231938170250827,322.85042651872163,9.536231443935428,-0.577794752902154,-0.0003943710128014468,59.83492602750979,13,0.0,0.0,0.0,0.0,0.0,0.0,0.0,-1.0,-1.0,0.8441715072595704,1.0,0.0,0.0,0.0,0.0,0.0,0.8217250065949496,-1.0,-0.28141136766689334,144.32211043881497,0.0,-1.0,0.0,-1.0,0.0,-1.0,-1.0,0.0,-1.0,0.0,0.0,-1.0,0.0,0.0,0.0,2,-1.0,0.0,2,2,0.5523390987209316,0.08509681061798137,0.0,0.0,0.0,0.0,-1.0,-1.0,0.0,1.0,0.0,-1.0,-1.0,0.0,0.0,0.0,1.0,-1.0,0.0,0.0,0.0,-0.00030607729564604235,1.0,1.0,-1.0,0.0,0.0,1.0,0.0,0.1924182090633455,-1.0,0.0,-1.0,0.0082833282287251,2,-0.10645365985422733,-1.0,-1.0,-1.0,1.0,0.0,0.0,0.0,0.0,0.0,0.0,-1.0,0.0,0.0,-1.0,0.0,0.0,-1.0,0.0,0.0,0.0,-1.0,-1.0,-1.0,-1.0,0.0,0.0,-1.0,0.0,0.0,0.0,0.0,0.0,0.0,0.0,-1.0,-1.0,0.0,0.0,0.0,0.0,0.0,-1.0,0.0,-0.0800999856927399,0.0,1.0,-1.0,-0.0005218288787508699,0.0,0.0,-1.0,-1.0,0.0,0.0,-1.0,-1.0,-1.0,-8.596676586901244,0.0,-0.6426564497491878,2.90599113627117,0.0,-1.0,-1.0,0.0,1.0,-5.403398540087705,5.497123972767402,0.0,-1.0,-1.0,0.0,-1.0,0.0,1.0,0.0,-1.0,0.25729155745059906,0.34338647816014006,-1.02076635923667,-0.12705926641585688,-1.5940401351319837,0.0308488312445708,16,16,0.2194092827004219,1.0,0.0,0.0,0.0,0.0,0.0,0.0,0.0,1.0,0.0,0.0,0.0,0.0,0.0,0.0,1.0,0.0,0.0,1
VAR_004727,0.0,0.0,0.0,0.0,0.0,0.0,0.0,0.0,0.0,0.0,0.0,8,0.0,0.0,0.0,0.0,0.0,0.0,0.0,0.0,-1.0,-0.47075160550760514,0.0,0.0,1.0,0.0,-1.0,0.0,0.17827499340505035,-1.0,-0.28141136766689334,1.1873888992512813,0.0,-1.0,0.0,0.0,0.0,0.0,0.0,0.0,0.0,0.0,0.0,0.0,0.0,0.0,0.0,7,0.0,0.0,3,3,0.8631467636278181,0.31965670001666496,0.0,0.0,0.0,0.0,0.0,0.0,0.0,0.0,0.0,0.0,0.0,0.0,0.0,0.0,0.0,0.0,0.0,0.0,0.0,0.0,0.0,0.0,0.0,0.0,0.0,0.0,0.0,0.0,0.0,0.0,0.0,0.0,3,0.0,0.0,0.0,0.0,0.0,0.0,0.0,0.0,0.0,0.0,0.0,0.0,0.0,0.0,0.0,0.0,0.0,0.0,0.0,0.0,0.0,0.0,0.0,0.0,0.0,0.0,0.0,0.0,0.0,0.0,0.0,0.0,0.0,0.0,0.0,0.0,0.0,0.0,0.0,0.0,0.0,0.0,0.0,0.0,0.0,0.0,0.0,0.0,0.0,0.0,0.0,0.0,0.0,0.0,0.0,0.0,0.0,0.0,0.0,0.0,0.0,0.0,0.0,0.0,0.0,0.0,0.0,0.0,0.0,0.0,0.0,0.0,0.0,0.0,0.0,0.0,0.0,0.0,0.25729155745059906,-0.028168714983158444,-0.1740278057580583,-0.29926361331508555,0.07962336709297502,0.7198543771389379,19,10,-0.48945147679324896,0.0,0.0,0.0,0.0,0.0,1.0,0.0,0.0,0.0,0.0,0.0,0.0,0.0,0.0,0.0,0.0,0.0,0.0,1
VAR_001099,0.0,0.0,0.0,0.0,0.0,0.0,0.0,0.0,0.0,-0.0003929945730612641,77.3454028557614,20,0.0,0.0,0.0,0.0,0.0,0.0,0.0,-1.0,0.0,-0.47075160550760514,0.0,0.0,0.0,0.0,0.0,0.0,-0.17827499340505035,-1.0,-0.28141136766689334,49.28835587009495,0.0,0.0,-1.0,0.0,0.0,0.0,0.0,0.0,0.0,0.0,0.0,0.0,0.0,0.0,0.0,7,0.0,0.0,3,3,-0.017580175082361583,-0.09327847639325061,0.8296658114323142,0.0,0.0,0.0,0.0,0.0,0.0,0.0,0.0,0.0,0.0,0.0,0.0,0.0,0.0,0.0,0.0,0.0,0.0,0.0,0.0,0.0,0.0,0.0,0.0,0.0,0.0,0.0,0.0,0.0,-1.0,-0.0003571620476922,3,-0.11492355299083701,0.0,0.0,0.0,0.0,0.0,0.0,0.0,0.0,0.0,0.0,0.0,0.0,0.0,0.0,0.0,0.0,0.0,0.0,0.0,0.0,0.0,0.0,0.0,0.0,0.0,0.0,0.0,0.0,0.0,0.0,0.0,0.0,0.0,0.0,0.0,0.0,0.0,0.0,0.0,0.0,0.0,0.0,0.0,0.0,0.0,0.0,0.0,0.0,0.0,0.0,0.0,0.0,0.0,0.0,0.0,0.0,0.0,841.811259300346,0.0,0.3573435502508122,-1.2368655736119685,1.0,0.0,-1.0,-1.0,1.0,-5.403398540087705,0.0,0.0,-1.0,0.0,0.0,-1.0,0.0,0.0,0.0,0.0,0.1986730896659195,-0.2811163373851329,0.2938060161481524,0.718869225573611,-0.003473889649216079,0.41700540185647955,16,14,0.5400843881856539,-0.5,1.0,0.0,0.0,0.0,0.0,0.0,0.0,0.0,1.0,0.0,0.0,0.0,0.0,-1.0,0.0,0.0,1.0,1
VAR_004731,0.0,0.0,0.0,0.0,0.0,0.0,0.0,0.0,0.0,0.0,0.0,8,0.0,0.0,0.0,0.0,0.0,0.0,0.0,0.0,-1.0,0.8441715072595704,0.0,0.0,0.0,0.0,-1.0,0.0,-0.17827499340505035,-1.0,-0.28141136766689334,32.84929583597677,0.0,0.0,-1.0,0.0,-1.0,-1.0,0.0,0.0,0.0,0.0,-1.0,-1.0,0.0,-1.0,0.0,3,-1.0,-1.0,0,0,-2.992465490310793,-0.839118135213192,-1.3191471806472985,0.0,0.0,0.0,-1.0,0.0,0.0,1.0,-1.0,0.0,-1.0,0.0,-1.0,0.0,0.0,-1.0,-1.0,0.0,-1.0,-0.00031396292327806884,0.0,1.0,0.0,0.0,0.0,1.0,0.0,0.1924182090633455,-1.0,-1.0,0.0,0.0,0,-0.054628006305614124,0.0,0.0,0.0,0.0,0.0,0.0,0.0,0.0,0.0,0.0,0.0,0.0,0.0,0.0,0.0,0.0,0.0,0.0,0.0,0.0,0.0,0.0,0.0,0.0,0.0,0.0,0.0,0.0,0.0,0.0,0.0,0.0,0.0,0.0,0.0,0.0,0.0,0.0,0.0,0.0,0.0,0.0,0.0,0.0,0.0,0.0,0.0,0.0,0.0,0.0,0.0,0.0,0.0,0.0,0.0,0.0,0.0,0.0,0.0,0.0,0.0,0.0,0.0,0.0,0.0,0.0,0.0,0.0,0.0,0.0,0.0,0.0,0.0,0.0,0.0,0.0,0.0,0.15176890317138222,0.21129255973240443,-0.6529646545807207,-0.29821440051893255,0.04180966429496778,0.7788248279946213,11,19,-0.7257383966244725,-0.5,0.0,0.0,0.0,0.0,0.0,0.0,0.0,0.0,0.0,0.0,0.0,1.0,0.0,0.0,1.0,0.0,0.0,1
VAR_004700,1.7575908632000024,19.904604937517046,0.7724402486494522,13.250965861939102,33.984395602593246,465.0316200310122,-0.9147931901498739,245.07520092149625,-0.4201139030624411,0.04657104059802575,20.493596927262793,0,-1.0,-0.00018102579166179994,-0.8722805623995484,-1.0,-1.0,0.0,0.0,0.0,0.0,0.8441715072595704,1.0,0.0,0.0,0.0,-1.0,0.0,0.8217250065949496,-1.0,-0.28141136766689334,-0.19194946316331124,0.0,0.0,-1.0,0.0,0.0,0.0,-1.0,0.0,0.0,-1.0,0.0,0.0,0.0,0.0,0.0,0,-1.0,-1.0,0,0,-0.9615516086400139,-0.4190312870175803,1.53128374921909,0.0,0.0,0.0,-1.0,-1.0,-1.0,1.0,-1.0,0.0,0.0,0.0,-1.0,0.0,1.0,0.0,-1.0,0.0,-1.0,0.0004430811367551,1.0,1.0,-1.0,-1.0,0.0,0.0,-1.0,0.1924182090633455,-1.0,0.0,-1.0,0.0020728220351425,0,2.133155919218147,0.0,0.0,0.0,1.0,1.0,-1.0,0.0,0.0,0.0,0.0,0.0,0.0,1.0,0.0,0.0,0.0,0.0,0.0,1.0,0.0,0.0,0.0,-1.0,-1.0,0.0,1.0,0.0,1.0,0.0,1.0,0.0,0.0,0.0,0.0,-1.0,-1.0,0.0,-1.0,0.0,1.0,0.0,0.0,-1.0,-0.0800999856927399,1.0,1.0,-1.0,0.059604706877684197,0.0,0.0,0.0,-1.0,1.0,0.0,-1.0,0.0,-1.0,-1.8754482863751358,0.0,0.3573435502508122,-1.2368655736119685,0.0,0.0,-1.0,0.0,1.0,-5.403398540087705,0.0,-1.0,0.0,-1.0,-1.0,-1.0,1.0,0.0,-1.0,-1.0,0.25729155745059906,-0.012950321105454063,-0.3707482406139799,-0.3422352403834667,0.5055594212638842,0.7788248279946213,17,24,-0.0337552742616034,-0.5,0.0,0.0,0.0,0.0,1.0,0.0,0.0,0.0,0.0,0.0,0.0,0.0,0.0,0.0,1.0,0.0,1.0,0
VAR_004683,-0.07456725324451546,-0.785725392463693,-0.456037938433738,-0.5107219682696488,-0.43216674939149097,33.86542319174469,1.1125598977236195,10.202693206304417,213.22207756117396,-0.0003943710128014497,7.7751374906439965,16,0.0,0.0,0.0,0.0,0.0,0.0,0.0,0.0,0.0,0.0,0.0,0.0,0.0,0.0,0.0,0.0,0.0,0.0,0.0,0.0,0.0,0.0,0.0,0.0,0.0,0.0,0.0,0.0,0.0,0.0,0.0,0.0,0.0,0.0,0.0,7,0.0,0.0,5,5,0.0,0.0,0.0,0.0,0.0,0.0,0.0,0.0,0.0,0.0,0.0,0.0,0.0,0.0,0.0,0.0,0.0,0.0,0.0,0.0,0.0,0.0,0.0,0.0,0.0,0.0,0.0,0.0,0.0,0.0,0.0,0.0,0.0,0.0,5,0.0,0.0,0.0,0.0,0.0,0.0,0.0,0.0,0.0,0.0,0.0,0.0,0.0,0.0,0.0,0.0,0.0,0.0,0.0,0.0,0.0,0.0,0.0,0.0,0.0,0.0,0.0,0.0,0.0,0.0,0.0,0.0,0.0,0.0,0.0,0.0,0.0,0.0,0.0,0.0,0.0,0.0,0.0,0.0,0.0,0.0,0.0,0.0,0.0,0.0,0.0,0.0,0.0,0.0,0.0,0.0,0.0,0.0,0.0,0.0,0.0,0.0,0.0,0.0,0.0,0.0,0.0,0.0,0.0,0.0,0.0,0.0,0.0,0.0,0.0,0.0,0.0,0.0,0.0,0.0,0.0,0.0,0.0,0.0,24,25,0.0,0.0,0.0,0.0,0.0,0.0,0.0,0.0,0.0,0.0,0.0,0.0,0.0,0.0,0.0,0.0,0.0,1.0,0.0,0
VAR_000894,0.0,0.0,0.0,0.0,0.0,0.0,0.0,0.0,0.0,0.0,0.0,8,0.0,0.0,0.0,0.0,0.0,0.0,0.0,0.0,0.0,0.0,0.0,0.0,0.0,0.0,0.0,0.0,0.0,0.0,0.0,0.0,0.0,0.0,0.0,0.0,0.0,0.0,0.0,0.0,0.0,0.0,0.0,0.0,0.0,0.0,0.0,7,0.0,0.0,3,3,0.08272890531224264,0.7558651961686087,-0.49038251977060465,0.0,0.0,0.0,0.0,0.0,0.0,0.0,0.0,0.0,0.0,0.0,0.0,0.0,0.0,0.0,0.0,0.0,0.0,0.0,0.0,0.0,0.0,0.0,0.0,0.0,0.0,0.0,0.0,0.0,0.0,0.0,3,0.0,0.0,0.0,0.0,0.0,0.0,0.0,0.0,0.0,0.0,0.0,0.0,0.0,0.0,0.0,0.0,0.0,0.0,0.0,0.0,0.0,0.0,0.0,0.0,0.0,0.0,0.0,0.0,0.0,0.0,0.0,0.0,0.0,0.0,0.0,0.0,0.0,0.0,0.0,0.0,0.0,0.0,0.0,0.0,0.0,0.0,0.0,0.0,0.0,0.0,0.0,0.0,0.0,0.0,0.0,0.0,0.0,0.0,0.0,0.0,0.0,0.0,0.0,0.0,0.0,0.0,0.0,0.0,0.0,0.0,0.0,0.0,0.0,0.0,0.0,0.0,0.0,0.0,0.25729155745059906,-10.458774334104353,0.0475671549803205,0.0822073855965002,-0.3982368225816625,0.6812525819794312,16,14,0.5400843881856539,-0.5,1.0,0.0,0.0,0.0,0.0,0.0,0.0,0.0,1.0,0.0,0.0,0.0,0.0,0.0,0.0,0.0,0.0,1
VAR_000631,8.312574007704404,-0.7414094428340925,-0.45118065270952623,3.0864270546984236,8.206766327886678,15.80090777661645,-0.978311123615048,-0.32847869282055714,-0.6045130241062593,0.04209975470118795,1.5385074779753656,20,0.0,0.0,0.0,0.0,0.0,0.0,0.0,-1.0,0.0,0.8441715072595704,0.0,0.0,1.0,0.0,0.0,0.0,-0.17827499340505035,0.0,0.7185886323331067,-0.17629753807335122,0.0,-1.0,0.0,0.0,0.0,0.0,0.0,0.0,0.0,0.0,0.0,0.0,0.0,0.0,0.0,7,0.0,0.0,3,3,0.989268275759612,0.6273112011147998,0.0,0.0,0.0,0.0,0.0,0.0,0.0,0.0,0.0,0.0,0.0,0.0,0.0,0.0,0.0,0.0,0.0,0.0,0.0,0.0,0.0,0.0,0.0,0.0,0.0,0.0,0.0,0.0,0.0,0.0,-1.0,0.0054261249337643,3,3.1981062747678566,0.0,0.0,0.0,0.0,0.0,0.0,0.0,0.0,0.0,0.0,0.0,0.0,0.0,0.0,0.0,0.0,0.0,0.0,0.0,0.0,0.0,0.0,0.0,0.0,0.0,0.0,0.0,0.0,0.0,0.0,0.0,0.0,0.0,0.0,0.0,0.0,0.0,0.0,0.0,0.0,0.0,0.0,0.0,0.0,0.0,0.0,0.0,0.0,0.0,0.0,0.0,0.0,0.0,0.0,0.0,0.0,0.0,1381.1864638179359,0.0,0.3573435502508122,-1.2368655736119685,0.1080100641539626,0.0,0.0,0.0,1.0,0.0,0.0,0.0,0.0,0.0,-1.0,-1.0,1.0,1.0,0.0,-1.0,0.1946952960436689,-0.23737531730081451,0.08463767054180155,0.8602251806955874,0.09637237829559352,0.7373382449729066,7,17,-0.6413502109704641,-0.5,2.0,0.0,0.0,0.0,0.0,0.0,0.0,0.0,0.0,0.0,0.0,0.0,0.0,-1.0,0.0,0.0,1.0,1
VAR_000929,-0.8922466036046516,-0.06612769394787932,4.180610098657133,-0.5107311543671537,-0.6627841497792616,4.264180167806998,-0.9525910243456684,-0.9523900249645176,0.05365660637307146,-0.00039437101279374346,2.3988616383991483,26,0.0,0.0,0.0,0.0,0.0,0.0,0.0,-1.0,-1.0,-0.47075160550760514,0.0,-1.0,0.0,-1.0,0.0,1.0,-0.17827499340505035,-1.0,-0.28141136766689334,-0.19200218062891475,-1.0,0.0,0.0,0.0,0.0,0.0,0.0,0.0,0.0,0.0,0.0,0.0,0.0,0.0,0.0,7,0.0,0.0,3,3,0.9397274147138132,0.3259927181295328,-0.28514327565278913,0.0,0.0,0.0,0.0,-1.0,0.0,0.0,0.0,0.0,0.0,0.1765252579593821,-1.0,1.0,0.0,-1.0,0.0,0.0,0.0,0.0012674973126424,1.0,0.0,0.0,-1.0,-1.0,1.0,-1.0,-0.8075817909366545,0.0,-1.0,0.0,-0.0007332455860110838,3,0.11803700344164769,0.0,-1.0,0.0,1.0,0.0,-1.0,0.0,0.0,-1.0,1.0,0.0,0.0,1.0,0.0,0.0,0.0,-1.0,1.0,0.0,-1.0,0.0,0.0,-1.0,0.0,-1.0,0.0,-1.0,1.0,1.0,0.0,1.0,0.0,0.0,0.0,-1.0,-1.0,0.0,-1.0,-1.0,1.0,-1.0,0.0,0.0,-0.0800999856927399,1.0,1.0,0.0,0.0006081734511128999,0.0,0.0,0.0,0.0,0.0,0.0,-1.0,-1.0,0.0,26.84536787173084,-1.0,0.3573435502508122,6.3797659521948535,0.0,0.0,-1.0,0.0,1.0,-5.403398540087705,0.0,0.0,-1.0,0.0,0.0,0.0,1.0,0.0,-1.0,0.0,0.25729155745059906,-2.551508534351059,0.2938060161481524,0.39339356121808766,0.18820200042141036,-0.2591844798138231,21,6,-0.18565400843881863,0.0,0.0,0.0,0.0,0.0,0.0,0.0,0.0,0.0,0.0,1.0,0.0,0.0,0.0,-1.0,0.0,0.0,0.0,0
VAR_004415,0.0,0.0,0.0,0.0,0.0,0.0,0.0,0.0,0.0,0.0,0.0,8,0.0,0.0,0.0,0.0,0.0,0.0,0.0,0.0,0.0,0.0,0.0,0.0,0.0,0.0,0.0,0.0,0.0,0.0,0.0,0.0,0.0,0.0,0.0,0.0,0.0,0.0,0.0,0.0,0.0,0.0,0.0,0.0,0.0,0.0,0.0,7,0.0,0.0,1,1,-0.10512686860360301,-2.73631673849464,0.03858808448056337,0.0,0.0,0.0,0.0,0.0,0.0,0.0,0.0,0.0,0.0,0.0,0.0,0.0,0.0,0.0,0.0,0.0,0.0,0.0,0.0,0.0,0.0,0.0,0.0,0.0,0.0,0.0,0.0,0.0,0.0,0.0,1,0.0,0.0,0.0,0.0,0.0,0.0,0.0,0.0,0.0,0.0,0.0,0.0,0.0,0.0,0.0,0.0,0.0,0.0,0.0,0.0,0.0,0.0,0.0,0.0,0.0,0.0,0.0,0.0,0.0,0.0,0.0,0.0,0.0,0.0,0.0,0.0,0.0,0.0,0.0,0.0,0.0,0.0,0.0,0.0,0.0,0.0,0.0,0.0,0.0,0.0,0.0,0.0,0.0,0.0,0.0,0.0,0.0,0.0,0.0,0.0,0.0,0.0,0.0,0.0,0.0,0.0,0.0,0.0,0.0,0.0,0.0,0.0,0.0,0.0,0.0,0.0,0.0,0.0,-1.5161424576677747,-1.0957886593876023,-0.730518967452311,0.7210008169584301,1.0052495657684166,0.24282590427834994,21,1,-0.3544303797468355,0.5,1.0,0.0,0.0,0.0,0.0,0.0,0.0,0.0,0.0,0.0,0.0,1.0,0.0,0.0,0.0,0.0,0.0,1
VAR_004390,0.0,0.0,0.0,0.0,0.0,0.0,0.0,0.0,0.0,0.00012290063228774994,-1.07565208134613,21,0.0,0.0,0.0,0.0,0.0,0.0,0.0,0.0,-1.0,0.1840652374489227,1.0,-1.0,1.0,0.0,0.0,0.0,-0.17827499340505035,0.0,-0.28141136766689334,1.5384515259311884,0.0,0.0,0.0,0.0,0.0,0.0,0.0,0.0,0.0,0.0,0.0,0.0,0.0,0.0,0.0,7,0.0,0.0,4,4,-0.40807095920758735,0.21553612307319794,0.0,-1.0,0.0,0.0,0.0,-1.0,-1.0,1.0,0.0,0.0,0.0,1.0,0.0,1.0,1.0,0.0,-1.0,-1.0,-1.0,-0.00033781267268529744,0.0,0.0,-1.0,-1.0,0.0,1.0,-1.0,-0.8075817909366545,-1.0,0.0,0.0,0.0,4,6.668658615641318,0.0,0.0,0.0,0.0,0.0,0.0,0.0,0.0,0.0,0.0,0.0,0.0,0.0,0.0,0.0,0.0,0.0,0.0,0.0,0.0,0.0,0.0,0.0,0.0,0.0,0.0,0.0,0.0,0.0,0.0,0.0,0.0,0.0,0.0,0.0,0.0,0.0,0.0,0.0,0.0,0.0,0.0,0.0,0.0,0.0,0.0,0.0,0.0,0.0,0.0,0.0,0.0,0.0,0.0,0.0,0.0,0.0,0.0,0.0,0.0,0.0,0.0,0.0,0.0,0.0,0.0,0.0,0.0,0.0,0.0,0.0,0.0,0.0,0.0,0.0,0.0,0.0,0.061134295654380146,0.10133325709174527,-0.07798215575147262,0.5147338386074624,0.3616299968102156,-0.16361918422836005,8,17,-0.16877637130801687,0.5,0.0,0.0,1.0,0.0,0.0,0.0,0.0,0.0,0.0,0.0,0.0,0.0,0.0,-1.0,0.0,1.0,1.0,1
VAR_004668,-0.9528844128956411,36.863069821042586,-0.45806159736182217,8.704088078948617,-0.554749202305829,-0.5422079190326294,-0.9545376381817978,3.2393862055824525,-0.1191598853717975,2.4048562347499984e-06,-0.5849055948928492,30,0.0,0.0,0.0,0.0,0.0,0.0,0.0,0.0,0.0,0.0,0.0,0.0,0.0,0.0,0.0,0.0,0.0,0.0,0.0,0.0,0.0,0.0,0.0,0.0,0.0,0.0,0.0,0.0,0.0,0.0,0.0,0.0,0.0,0.0,0.0,7,0.0,0.0,5,5,0.0,0.0,0.0,0.0,0.0,0.0,0.0,0.0,0.0,0.0,0.0,0.0,0.0,0.0,0.0,0.0,0.0,0.0,0.0,0.0,0.0,0.0,0.0,0.0,0.0,0.0,0.0,0.0,0.0,0.0,0.0,0.0,0.0,0.0,5,0.0,0.0,0.0,0.0,0.0,0.0,0.0,0.0,0.0,0.0,0.0,0.0,0.0,0.0,0.0,0.0,0.0,0.0,0.0,0.0,0.0,0.0,0.0,0.0,0.0,0.0,0.0,0.0,0.0,0.0,0.0,0.0,0.0,0.0,0.0,0.0,0.0,0.0,0.0,0.0,0.0,0.0,0.0,0.0,0.0,0.0,0.0,0.0,0.0,0.0,0.0,0.0,0.0,0.0,0.0,0.0,0.0,0.0,0.0,0.0,0.0,0.0,0.0,0.0,0.0,0.0,0.0,0.0,0.0,0.0,0.0,0.0,0.0,0.0,0.0,0.0,0.0,0.0,0.0,0.0,0.0,0.0,0.0,0.0,24,25,0.0,0.0,0.0,0.0,0.0,0.0,0.0,0.0,0.0,0.0,0.0,0.0,0.0,0.0,0.0,-1.0,0.0,0.0,0.0,0
VAR_000670,6.625240087687893,0.6146229290284192,-0.07612060716181052,13.200395942802855,-0.5102017011314662,-0.6185581697474642,77.32330469788609,-0.6861919593998533,5.994300907671912,0.0,35.488019089540416,16,0.0,0.0,0.0,0.0,0.0,0.0,0.0,-1.0,-1.0,0.8441715072595704,1.0,-1.0,1.0,0.0,0.0,1.0,-0.17827499340505035,0.0,0.7185886323331067,1.5286489500250633,0.0,-1.0,-1.0,0.0,0.0,0.0,0.0,0.0,0.0,0.0,0.0,0.0,0.0,0.0,0.0,7,0.0,0.0,1,1,-1.7873579064662588,-0.06550953763842876,-0.6459274198493475,-1.0,0.0,0.0,-1.0,-1.0,-1.0,0.0,-1.0,-1.0,-1.0,1.0,0.0,1.0,0.0,0.0,-1.0,-1.0,-1.0,0.0444842513522708,1.0,0.0,-1.0,-1.0,0.0,0.0,0.0,-0.8075817909366545,0.0,0.0,0.0,0.00025341816738099995,1,2.870003058034556,0.0,0.0,0.0,0.0,0.0,0.0,0.0,0.0,0.0,0.0,0.0,0.0,0.0,0.0,0.0,0.0,0.0,0.0,0.0,0.0,0.0,0.0,0.0,0.0,0.0,0.0,0.0,0.0,0.0,0.0,0.0,0.0,0.0,0.0,0.0,0.0,0.0,0.0,0.0,0.0,0.0,0.0,0.0,0.0,0.0,0.0,0.0,0.0,0.0,0.0,0.0,0.0,0.0,0.0,0.0,0.0,-1.0,-10.184032242451606,-1.0,-0.6426564497491878,-1.2368655736119685,0.0,-1.0,0.0,-1.0,1.0,-5.403398540087705,5.497123972767402,0.0,0.0,-1.0,0.0,-1.0,1.0,1.0,0.0,-1.0,0.25729155745059906,0.1610551325528133,0.2938060161481524,0.5509937623678682,0.3363351472089915,0.607952220047505,8,17,-0.16877637130801687,0.5,0.0,0.0,1.0,0.0,0.0,0.0,0.0,0.0,0.0,0.0,0.0,0.0,0.0,0.0,0.0,1.0,0.0,1
VAR_000677,0.0,0.0,0.0,0.0,0.0,0.0,0.0,0.0,0.0,0.0,0.0,8,0.0,0.0,0.0,0.0,0.0,0.0,0.0,0.0,0.0,0.0,0.0,0.0,0.0,0.0,0.0,0.0,0.0,0.0,0.0,0.0,0.0,0.0,0.0,0.0,0.0,0.0,0.0,0.0,0.0,0.0,0.0,0.0,0.0,0.0,0.0,7,0.0,0.0,3,3,-0.6508057071793452,-0.24771331709168332,-0.2875593215935278,0.0,0.0,0.0,0.0,0.0,0.0,0.0,0.0,0.0,0.0,0.0,0.0,0.0,0.0,0.0,0.0,0.0,0.0,0.0,0.0,0.0,0.0,0.0,0.0,0.0,0.0,0.0,0.0,0.0,0.0,0.0,3,0.0,0.0,0.0,0.0,0.0,0.0,0.0,0.0,0.0,0.0,0.0,0.0,0.0,0.0,0.0,0.0,0.0,0.0,0.0,0.0,0.0,0.0,0.0,0.0,0.0,0.0,0.0,0.0,0.0,0.0,0.0,0.0,0.0,0.0,0.0,0.0,0.0,0.0,0.0,0.0,0.0,0.0,0.0,0.0,0.0,0.0,0.0,0.0,0.0,0.0,0.0,0.0,0.0,0.0,0.0,0.0,0.0,0.0,0.0,0.0,0.0,0.0,0.0,0.0,0.0,0.0,0.0,0.0,0.0,0.0,0.0,0.0,0.0,0.0,0.0,0.0,0.0,0.0,0.13374677585525638,0.34338647816014006,0.2938060161481524,0.7553158035445814,-0.0881454013368783,0.485700417505887,16,14,0.5400843881856539,-0.5,1.0,0.0,0.0,0.0,0.0,0.0,0.0,0.0,1.0,0.0,0.0,0.0,0.0,0.0,0.0,0.0,0.0,1
VAR_004672,-0.8751239660796367,-0.58943071186172,-0.4609935176243868,-0.5102676068516213,0.3122090393512848,-0.5052331885438011,-0.7783576479848555,-0.488637804594136,0.428069242660074,0.00522913317330515,2.9815123258460856,7,0.0,0.0,0.0,0.0,0.0,0.0,0.0,0.0,0.0,0.0,0.0,0.0,0.0,0.0,0.0,0.0,0.0,0.0,0.0,0.0,0.0,0.0,0.0,0.0,0.0,0.0,0.0,0.0,0.0,0.0,0.0,0.0,0.0,0.0,0.0,7,0.0,0.0,5,5,0.0,0.0,0.0,0.0,0.0,0.0,0.0,0.0,0.0,0.0,0.0,0.0,0.0,0.0,0.0,0.0,0.0,0.0,0.0,0.0,0.0,0.0,0.0,0.0,0.0,0.0,0.0,0.0,0.0,0.0,0.0,0.0,0.0,0.0,5,0.0,0.0,0.0,0.0,0.0,0.0,0.0,0.0,0.0,0.0,0.0,0.0,0.0,0.0,0.0,0.0,0.0,0.0,0.0,0.0,0.0,0.0,0.0,0.0,0.0,0.0,0.0,0.0,0.0,0.0,0.0,0.0,0.0,0.0,0.0,0.0,0.0,0.0,0.0,0.0,0.0,0.0,0.0,0.0,0.0,0.0,0.0,0.0,0.0,0.0,0.0,0.0,0.0,0.0,0.0,0.0,0.0,0.0,0.0,0.0,0.0,0.0,0.0,0.0,0.0,0.0,0.0,0.0,0.0,0.0,0.0,0.0,0.0,0.0,0.0,0.0,0.0,0.0,0.0,0.0,0.0,0.0,0.0,0.0,24,25,0.0,0.0,0.0,0.0,0.0,0.0,0.0,0.0,0.0,0.0,0.0,0.0,0.0,0.0,0.0,0.0,0.0,0.0,0.0,0
VAR_000946,0.0,0.0,0.0,0.0,0.0,0.0,0.0,0.0,0.0,0.0,0.0,8,0.0,0.0,0.0,0.0,0.0,0.0,0.0,0.0,-1.0,-0.47075160550760514,0.0,0.0,0.0,0.0,-1.0,1.0,0.8217250065949496,-1.0,-0.28141136766689334,-0.1900077805249104,0.0,-1.0,0.0,0.0,0.0,0.0,0.0,0.0,0.0,0.0,0.0,0.0,0.0,0.0,0.0,7,0.0,0.0,1,1,0.8644582150954134,0.44787563746895365,0.0,0.0,0.0,0.0,0.0,0.0,0.0,0.0,0.0,0.0,0.0,0.0,0.0,0.0,0.0,0.0,0.0,0.0,0.0,0.0,0.0,0.0,0.0,0.0,0.0,0.0,0.0,0.0,0.0,0.0,0.0,0.0,1,2.41074107148638,0.0,0.0,0.0,0.0,0.0,0.0,0.0,0.0,0.0,0.0,0.0,0.0,0.0,0.0,0.0,0.0,0.0,0.0,0.0,0.0,0.0,0.0,0.0,0.0,0.0,0.0,0.0,0.0,0.0,0.0,0.0,0.0,0.0,0.0,0.0,0.0,0.0,0.0,0.0,0.0,0.0,0.0,0.0,0.0,0.0,0.0,0.0,0.0,0.0,0.0,0.0,0.0,0.0,0.0,0.0,0.0,0.0,0.0,0.0,0.0,0.0,0.0,0.0,0.0,0.0,0.0,0.0,0.0,0.0,0.0,0.0,0.0,0.0,0.0,0.0,0.0,0.0,-0.16990093955809227,0.34338647816014006,0.2938060161481524,0.6974025388827635,1.0052495657684166,0.6822416683703603,13,8,0.10126582278481006,1.0,0.0,1.0,0.0,0.0,0.0,0.0,0.0,0.0,0.0,0.0,0.0,0.0,0.0,0.0,0.0,0.0,0.0,1
VAR_004550,0.0,0.0,0.0,0.0,0.0,0.0,0.0,0.0,0.0,0.0,0.0,8,0.0,0.0,0.0,0.0,0.0,0.0,0.0,0.0,0.0,0.0,0.0,0.0,0.0,0.0,0.0,0.0,0.0,0.0,0.0,0.0,0.0,0.0,0.0,0.0,0.0,0.0,0.0,0.0,0.0,0.0,0.0,0.0,0.0,0.0,0.0,7,0.0,0.0,2,2,-0.7348973339766116,-0.1878365756948231,-0.7456351986382561,0.0,0.0,0.0,0.0,0.0,0.0,0.0,0.0,0.0,0.0,0.0,0.0,0.0,0.0,0.0,0.0,0.0,0.0,0.0,0.0,0.0,0.0,0.0,0.0,0.0,0.0,0.0,0.0,0.0,0.0,0.0,2,0.0,0.0,0.0,0.0,0.0,0.0,0.0,0.0,0.0,0.0,0.0,0.0,0.0,0.0,0.0,0.0,0.0,0.0,0.0,0.0,0.0,0.0,0.0,0.0,0.0,0.0,0.0,0.0,0.0,0.0,0.0,0.0,0.0,0.0,0.0,0.0,0.0,0.0,0.0,0.0,0.0,0.0,0.0,0.0,0.0,0.0,0.0,0.0,0.0,0.0,0.0,0.0,0.0,0.0,0.0,0.0,0.0,0.0,0.0,0.0,0.0,0.0,0.0,0.0,0.0,0.0,0.0,0.0,0.0,0.0,0.0,0.0,0.0,0.0,0.0,0.0,0.0,0.0,0.25729155745059906,0.34338647816014006,-0.6964039565839695,-0.41555092698446194,-0.013183553418979756,-0.4813810830027828,16,14,0.5400843881856539,-0.5,1.0,0.0,0.0,0.0,0.0,0.0,0.0,0.0,1.0,0.0,0.0,0.0,0.0,0.0,0.0,0.0,0.0,1
VAR_004649,-0.1489864801867154,17.94906445327657,5.488053048914499,-0.5107232065172574,83.44649715411295,-0.5805095388455612,-0.9103888365137827,3.1850852209056506,0.4679956467431409,0.03177010292188705,19.05401564066645,25,0.0,0.0,0.0,0.0,0.0,0.0,0.0,0.0,0.0,0.0,0.0,0.0,0.0,0.0,0.0,0.0,0.0,0.0,0.0,0.0,0.0,0.0,0.0,0.0,0.0,0.0,0.0,0.0,0.0,0.0,0.0,0.0,0.0,0.0,0.0,7,0.0,0.0,5,5,0.0,0.0,0.0,0.0,0.0,0.0,0.0,0.0,0.0,0.0,0.0,0.0,0.0,0.0,0.0,0.0,0.0,0.0,0.0,0.0,0.0,0.0,0.0,0.0,0.0,0.0,0.0,0.0,0.0,0.0,0.0,0.0,0.0,0.0,5,0.0,0.0,0.0,0.0,0.0,0.0,0.0,0.0,0.0,0.0,0.0,0.0,0.0,0.0,0.0,0.0,0.0,0.0,0.0,0.0,0.0,0.0,0.0,0.0,0.0,0.0,0.0,0.0,0.0,0.0,0.0,0.0,0.0,0.0,0.0,0.0,0.0,0.0,0.0,0.0,0.0,0.0,0.0,0.0,0.0,0.0,0.0,0.0,0.0,0.0,0.0,0.0,0.0,0.0,0.0,0.0,0.0,0.0,0.0,0.0,0.0,0.0,0.0,0.0,0.0,0.0,0.0,0.0,0.0,0.0,0.0,0.0,0.0,0.0,0.0,0.0,0.0,0.0,0.0,0.0,0.0,0.0,0.0,0.0,24,25,0.0,0.0,0.0,0.0,0.0,0.0,0.0,0.0,0.0,0.0,0.0,0.0,0.0,0.0,0.0,-1.0,0.0,0.0,0.0,0
VAR_003662,0.1371043303347889,0.014958669960028325,136.9844148153184,-0.5107297926309594,-0.6627840397377465,-0.5317638668989513,-0.9485466006843346,-1.0116889498084698,-0.6036328947145146,0.0,-1.0737113771261215,16,0.0,0.0,0.0,0.0,0.0,0.0,0.0,0.0,-1.0,-0.47075160550760514,0.0,0.0,1.0,0.0,-1.0,0.0,-0.17827499340505035,0.0,-0.0037258974774533327,-0.13467151792986945,0.0,-1.0,0.0,0.0,0.0,0.0,0.0,0.0,0.0,0.0,0.0,0.0,0.0,0.0,0.0,7,0.0,0.0,1,1,0.5129963822919071,-0.5065160431727653,0.5468913009194226,-1.0,-1.0,0.0,0.0,0.0,0.0,0.0,0.0,-1.0,-1.0,0.0,-1.0,1.0,1.0,0.0,-1.0,0.0,0.0,0.0016069417024566,1.0,0.0,-1.0,0.0,0.0,0.0,0.0,0.1924182090633455,0.0,0.0,0.0,0.0,1,1.590863505388599,0.0,0.0,0.0,0.0,0.0,0.0,0.0,0.0,0.0,0.0,0.0,0.0,0.0,0.0,0.0,0.0,0.0,0.0,0.0,0.0,0.0,0.0,0.0,0.0,0.0,0.0,0.0,0.0,0.0,0.0,0.0,0.0,0.0,0.0,0.0,0.0,0.0,0.0,0.0,0.0,0.0,0.0,0.0,0.0,0.0,0.0,0.0,0.0,0.0,0.0,0.0,0.0,0.0,0.0,0.0,0.0,-1.0,7.577391240569747,-1.0,0.3573435502508122,6.3797659521948535,1.0,-1.0,0.0,0.0,1.0,-5.403398540087705,0.0,0.0,0.0,0.0,-1.0,-1.0,0.0,1.0,-1.0,-1.0,0.25729155745059906,0.140398920431412,-0.29071285415452663,-0.00830655466908747,1.0052495657684166,0.10245557662238053,16,7,0.7426160337552741,-0.5,2.0,0.0,0.0,0.0,0.0,0.0,0.0,0.0,0.0,0.0,0.0,0.0,0.0,0.0,0.0,1.0,0.0,1
VAR_000974,160.04430829924408,-0.4100423166471391,92.69106801500573,7.909226416990874,-0.6627839117246211,38.69521543236603,304.4818180671817,-1.0117314512004976,1.4765326529760159,0.0,-1.0082439342553993,11,0.0,0.0,0.0,0.0,0.0,0.0,0.0,0.0,0.0,0.8441715072595704,1.0,-1.0,0.0,0.0,-1.0,1.0,-0.17827499340505035,0.0,0.2520345332135878,-0.18264776015682796,0.0,0.0,-1.0,0.0,0.0,0.0,0.0,0.0,0.0,0.0,0.0,0.0,0.0,0.0,0.0,7,0.0,0.0,3,3,0.6865444886313568,0.7072594098308815,1.3322851382463967,0.0,0.0,0.0,0.0,0.0,0.0,0.0,0.0,0.0,0.0,0.0,0.0,0.0,0.0,0.0,0.0,0.0,0.0,0.0,0.0,0.0,0.0,0.0,0.0,0.0,0.0,0.0,0.0,0.0,0.0,0.0,3,2.080868058391284,0.0,0.0,0.0,0.0,0.0,0.0,0.0,0.0,0.0,0.0,0.0,0.0,0.0,0.0,0.0,0.0,0.0,0.0,0.0,0.0,0.0,0.0,0.0,0.0,0.0,0.0,0.0,0.0,0.0,0.0,0.0,0.0,0.0,0.0,0.0,0.0,0.0,0.0,0.0,0.0,0.0,0.0,0.0,0.0,0.0,0.0,0.0,0.0,0.0,0.0,0.0,0.0,0.0,0.0,0.0,0.0,0.0,-13.874347427891554,-1.0,0.3573435502508122,6.3797659521948535,1.0,0.0,0.0,0.0,0.0,-5.403398540087705,0.0,-1.0,0.0,0.0,-1.0,0.0,1.0,0.0,0.0,-1.0,-0.6277194593125703,-0.37395476585906895,0.2938060161481524,0.6422029924130535,0.2114396557354816,0.6539516530041418,7,4,-0.47257383966244726,0.0,0.0,0.0,0.0,0.0,0.0,0.0,0.0,1.0,0.0,0.0,0.0,0.0,0.0,0.0,0.0,0.0,0.0,1
VAR_004351,0.0,0.0,0.0,0.0,0.0,0.0,0.0,0.0,0.0,0.0,0.0,8,0.0,0.0,0.0,0.0,0.0,0.0,0.0,0.0,0.0,0.0,0.0,0.0,0.0,0.0,0.0,0.0,0.0,0.0,0.0,0.0,0.0,0.0,0.0,0.0,0.0,0.0,0.0,0.0,0.0,0.0,0.0,0.0,0.0,0.0,0.0,7,0.0,0.0,2,2,-0.1808390815733413,-1.230434330450308,-0.5347238979382037,0.0,0.0,0.0,0.0,0.0,0.0,0.0,0.0,0.0,0.0,0.0,0.0,0.0,0.0,0.0,0.0,0.0,0.0,0.0,0.0,0.0,0.0,0.0,0.0,0.0,0.0,0.0,0.0,0.0,0.0,0.0,2,0.0,0.0,0.0,0.0,0.0,0.0,0.0,0.0,0.0,0.0,0.0,0.0,0.0,0.0,0.0,0.0,0.0,0.0,0.0,0.0,0.0,0.0,0.0,0.0,0.0,0.0,0.0,0.0,0.0,0.0,0.0,0.0,0.0,0.0,0.0,0.0,0.0,0.0,0.0,0.0,0.0,0.0,0.0,0.0,0.0,0.0,0.0,0.0,0.0,0.0,0.0,0.0,0.0,0.0,0.0,0.0,0.0,0.0,0.0,0.0,0.0,0.0,0.0,0.0,0.0,0.0,0.0,0.0,0.0,0.0,0.0,0.0,0.0,0.0,0.0,0.0,0.0,0.0,-19.16449054022065,-4.090469899940056,0.2938060161481524,-1.3078078917947622,-0.19670682617986632,-0.9986219207852455,16,14,0.5400843881856539,-0.5,1.0,0.0,0.0,0.0,0.0,0.0,0.0,0.0,1.0,0.0,0.0,0.0,0.0,0.0,0.0,0.0,0.0,1
VAR_000606,0.0,0.0,0.0,0.0,0.0,0.0,0.0,0.0,0.0,0.0,0.0,8,0.0,0.0,0.0,0.0,0.0,0.0,0.0,0.0,-1.0,-0.47075160550760514,0.0,0.0,0.0,0.0,0.0,0.0,-0.17827499340505035,-1.0,-0.28141136766689334,26.093311396530957,0.0,0.0,0.0,0.0,0.0,0.0,0.0,0.0,0.0,0.0,0.0,0.0,0.0,0.0,0.0,7,0.0,0.0,1,1,0.25389098592451464,0.4927972406335275,0.19477833034700615,0.0,0.0,0.0,0.0,0.0,0.0,0.0,0.0,0.0,0.0,0.0,0.0,0.0,0.0,0.0,0.0,0.0,0.0,0.0,0.0,0.0,0.0,0.0,0.0,0.0,0.0,0.0,0.0,0.0,0.0,0.0,1,-0.13142281900256605,0.0,0.0,0.0,0.0,0.0,0.0,0.0,0.0,0.0,0.0,0.0,0.0,0.0,0.0,0.0,0.0,0.0,0.0,0.0,0.0,0.0,0.0,0.0,0.0,0.0,0.0,0.0,0.0,0.0,0.0,0.0,0.0,0.0,0.0,0.0,0.0,0.0,0.0,0.0,0.0,0.0,0.0,0.0,0.0,0.0,0.0,0.0,0.0,0.0,0.0,0.0,0.0,0.0,0.0,0.0,0.0,0.0,0.0,0.0,0.0,0.0,0.0,0.0,0.0,0.0,0.0,0.0,0.0,0.0,0.0,0.0,0.0,0.0,0.0,0.0,0.0,0.0,-0.6189074301469811,-0.6487925758262452,-0.17761646132011552,0.11217924848928272,0.9074351141366022,0.01875860270428075,17,7,0.11814345991561177,0.5,0.0,0.0,1.0,0.0,0.0,0.0,0.0,0.0,0.0,0.0,0.0,0.0,0.0,0.0,0.0,0.0,0.0,1
VAR_000933,0.0,0.0,0.0,0.0,0.0,0.0,0.0,0.0,0.0,0.0,0.0,8,0.0,0.0,0.0,0.0,0.0,0.0,0.0,0.0,-1.0,0.8441715072595704,1.0,0.0,0.0,-1.0,-1.0,1.0,-0.17827499340505035,0.0,0.7185886323331067,-0.19200259962432364,0.0,-1.0,0.0,0.0,0.0,0.0,0.0,0.0,0.0,0.0,0.0,0.0,0.0,0.0,0.0,7,0.0,0.0,1,1,0.9064543779884937,0.577246485603492,0.0,-1.0,-1.0,0.0,0.0,0.0,0.0,1.0,-1.0,0.0,0.0,0.0,-1.0,1.0,0.0,-1.0,0.0,0.0,-1.0,-0.00033781250626007314,1.0,0.0,0.0,-1.0,0.0,1.0,0.0,0.1924182090633455,-1.0,-1.0,-1.0,-0.0006635596145176935,1,-0.12624481321457662,0.0,0.0,0.0,0.0,0.0,0.0,0.0,0.0,0.0,0.0,0.0,0.0,0.0,0.0,0.0,0.0,0.0,0.0,0.0,0.0,0.0,0.0,0.0,0.0,0.0,0.0,0.0,0.0,0.0,0.0,0.0,0.0,0.0,0.0,0.0,0.0,0.0,0.0,0.0,0.0,0.0,0.0,0.0,0.0,0.0,0.0,0.0,0.0,0.0,0.0,0.0,0.0,0.0,0.0,0.0,0.0,0.0,0.0,0.0,0.0,0.0,0.0,0.0,0.0,0.0,0.0,0.0,0.0,0.0,0.0,0.0,0.0,0.0,0.0,0.0,0.0,0.0,0.2546964754451592,0.1396472876524164,0.2938060161481524,0.5938616763335126,1.0052495657684166,0.6057602838206411,9,6,-0.23628691983122366,0.5,0.0,0.0,0.0,1.0,0.0,0.0,0.0,0.0,0.0,0.0,0.0,0.0,0.0,0.0,0.0,0.0,0.0,1
VAR_001255,0.0,0.0,0.0,0.0,0.0,0.0,0.0,0.0,0.0,0.0,0.0,8,0.0,0.0,0.0,0.0,0.0,0.0,0.0,0.0,0.0,0.0,0.0,0.0,0.0,0.0,0.0,0.0,0.0,0.0,0.0,0.0,0.0,0.0,0.0,0.0,0.0,0.0,0.0,0.0,0.0,0.0,0.0,0.0,0.0,0.0,0.0,7,0.0,0.0,0,0,-0.2636310107807358,0.31103756726112836,0.0,0.0,0.0,0.0,0.0,0.0,0.0,0.0,0.0,0.0,0.0,0.0,0.0,0.0,0.0,0.0,0.0,0.0,0.0,0.0,0.0,0.0,0.0,0.0,0.0,0.0,0.0,0.0,0.0,0.0,0.0,0.0,0,0.0,0.0,0.0,0.0,0.0,0.0,0.0,0.0,0.0,0.0,0.0,0.0,0.0,0.0,0.0,0.0,0.0,0.0,0.0,0.0,0.0,0.0,0.0,0.0,0.0,0.0,0.0,0.0,0.0,0.0,0.0,0.0,0.0,0.0,0.0,0.0,0.0,0.0,0.0,0.0,0.0,0.0,0.0,0.0,0.0,0.0,0.0,0.0,0.0,0.0,0.0,0.0,0.0,0.0,0.0,0.0,0.0,0.0,0.0,0.0,0.0,0.0,0.0,0.0,0.0,0.0,0.0,0.0,0.0,0.0,0.0,0.0,0.0,0.0,0.0,0.0,0.0,0.0,0.25729155745059906,0.34338647816014006,-0.4343513252401174,0.8602251806955874,-0.17539099361681368,0.7788248279946213,15,8,0.10126582278481006,0.5,1.0,0.0,0.0,0.0,0.0,0.0,0.0,0.0,0.0,0.0,0.0,0.0,0.0,0.0,0.0,0.0,0.0,1
VAR_000567,0.0,0.0,0.0,0.0,0.0,0.0,0.0,0.0,0.0,0.0,0.0,8,0.0,0.0,0.0,0.0,0.0,0.0,0.0,0.0,0.0,0.0,0.0,0.0,0.0,0.0,0.0,0.0,0.0,0.0,0.0,0.0,0.0,0.0,0.0,0.0,0.0,0.0,0.0,0.0,0.0,0.0,0.0,0.0,0.0,0.0,0.0,7,0.0,0.0,4,4,0.5720499917709752,-0.24484657703808238,-0.47839225357536974,0.0,0.0,0.0,0.0,0.0,0.0,0.0,0.0,0.0,0.0,0.0,0.0,0.0,0.0,0.0,0.0,0.0,0.0,0.0,0.0,0.0,0.0,0.0,0.0,0.0,0.0,0.0,0.0,0.0,0.0,0.0,4,0.0,0.0,0.0,0.0,0.0,0.0,0.0,0.0,0.0,0.0,0.0,0.0,0.0,0.0,0.0,0.0,0.0,0.0,0.0,0.0,0.0,0.0,0.0,0.0,0.0,0.0,0.0,0.0,0.0,0.0,0.0,0.0,0.0,0.0,0.0,0.0,0.0,0.0,0.0,0.0,0.0,0.0,0.0,0.0,0.0,0.0,0.0,0.0,0.0,0.0,0.0,0.0,0.0,0.0,0.0,0.0,0.0,0.0,0.0,0.0,0.0,0.0,0.0,0.0,0.0,0.0,0.0,0.0,0.0,0.0,0.0,0.0,0.0,0.0,0.0,0.0,0.0,0.0,-0.3790846843036546,0.10190277446028684,0.2938060161481524,0.5065417876305315,-0.557968653484871,0.033882892950766234,21,4,-1.2489451476793247,-1.0,0.0,0.0,0.0,0.0,0.0,0.0,0.0,0.0,0.0,0.0,1.0,0.0,0.0,0.0,0.0,0.0,0.0,1
VAR_004555,42.05027339335566,-0.7531693929663141,-0.4609680785227672,38.66651950291245,330.02431759268995,11.845275816577393,-0.9030398490397111,-0.9526334870669072,118.76520130538121,0.0,22.32587591576118,18,0.0,0.0,0.0,0.0,0.0,0.0,0.0,0.0,0.0,-0.007879349161291462,0.0,-1.0,0.0,0.0,-1.0,0.0,-0.17827499340505035,-1.0,0.7185886323331067,-0.19155805126715345,0.0,0.0,0.0,0.0,0.0,-1.0,0.0,-1.0,0.0,-1.0,0.0,0.0,0.0,-1.0,0.0,3,-1.0,0.0,1,1,-0.9517274261115855,-0.10661855223712186,0.0,0.0,-1.0,0.0,-1.0,-1.0,0.0,1.0,-1.0,0.0,0.0,0.0,-1.0,1.0,1.0,0.0,0.0,-1.0,-1.0,0.0024808243209557,0.0,1.0,-1.0,0.0,-1.0,1.0,-1.0,0.1924182090633455,-1.0,0.0,0.0,0.0,1,0.19278212141643558,0.0,0.0,0.0,0.0,0.0,0.0,0.0,0.0,0.0,0.0,0.0,0.0,0.0,0.0,0.0,0.0,0.0,0.0,0.0,0.0,0.0,0.0,0.0,0.0,0.0,0.0,0.0,0.0,0.0,0.0,0.0,0.0,0.0,0.0,0.0,0.0,0.0,0.0,0.0,0.0,0.0,0.0,0.0,0.0,0.0,0.0,0.0,0.0,0.0,0.0,0.0,0.0,0.0,0.0,0.0,0.0,0.0,-13.6937975571557,-1.0,0.3573435502508122,6.3797659521948535,0.0,0.0,0.0,0.0,1.0,0.0,5.497123972767402,-1.0,-1.0,0.0,0.0,0.0,1.0,1.0,-1.0,0.0,0.25729155745059906,0.34338647816014006,0.2938060161481524,-0.028548441797712803,1.0052495657684166,0.42797144898812156,21,1,-0.3544303797468355,0.5,1.0,0.0,0.0,0.0,0.0,0.0,0.0,0.0,0.0,0.0,0.0,1.0,0.0,0.0,1.0,0.0,0.0,1
VAR_001026,0.0,0.0,0.0,0.0,0.0,0.0,0.0,0.0,0.0,0.0,0.0,8,0.0,0.0,0.0,0.0,0.0,0.0,0.0,0.0,0.0,0.0,0.0,0.0,0.0,0.0,0.0,0.0,0.0,0.0,0.0,0.0,0.0,0.0,0.0,0.0,0.0,0.0,0.0,0.0,0.0,0.0,0.0,0.0,0.0,0.0,0.0,7,0.0,0.0,1,1,0.29626899125337436,0.18038088062882318,1.571625808422048,0.0,0.0,0.0,0.0,0.0,0.0,0.0,0.0,0.0,0.0,0.0,0.0,0.0,0.0,0.0,0.0,0.0,0.0,0.0,0.0,0.0,0.0,0.0,0.0,0.0,0.0,0.0,0.0,0.0,0.0,0.0,1,0.0,0.0,0.0,0.0,0.0,0.0,0.0,0.0,0.0,0.0,0.0,0.0,0.0,0.0,0.0,0.0,0.0,0.0,0.0,0.0,0.0,0.0,0.0,0.0,0.0,0.0,0.0,0.0,0.0,0.0,0.0,0.0,0.0,0.0,0.0,0.0,0.0,0.0,0.0,0.0,0.0,0.0,0.0,0.0,0.0,0.0,0.0,0.0,0.0,0.0,0.0,0.0,0.0,0.0,0.0,0.0,0.0,0.0,0.0,0.0,0.0,0.0,0.0,0.0,0.0,0.0,0.0,0.0,0.0,0.0,0.0,0.0,0.0,0.0,0.0,0.0,0.0,0.0,0.25729155745059906,-0.03634292174653709,-0.043350079607554784,0.6223832040754187,0.725478718455902,0.6795947518756665,4,22,1.350210970464135,-1.0,0.0,0.0,0.0,1.0,0.0,0.0,0.0,0.0,0.0,0.0,0.0,0.0,0.0,0.0,0.0,0.0,0.0,1
VAR_003553,62.25666573655909,2.0714113647056425,10.250056519238834,345.168635277517,0.421528236626458,28.79080035328604,6.758317975935048,1.5859677816261657,6.659257673841137,-0.00039437098925892175,1.1743523698180642,26,0.0,-0.0026969997012627,-0.8722805623995484,-0.19089696814645807,-1.0,0.0,-0.5342733680339927,0.0,0.0,0.3008781696192203,1.0,0.0,1.0,0.0,-1.0,1.0,-0.17827499340505035,-1.0,0.008040551034210253,94.96056320169971,0.0,0.0,0.0,-1.0,0.0,-1.0,-1.0,0.0,0.0,-1.0,-1.0,-1.0,0.0,0.0,0.0,3,0.0,0.0,0,0,-0.7769537988539306,-6.464266740671729,-5.460112014560363,-1.0,0.0,1.0,0.0,-1.0,0.0,0.0,-1.0,-1.0,0.0,0.4406654669376346,0.0,1.0,0.0,0.0,0.0,0.0,0.0,-6.508988763070001e-05,0.0,1.0,-1.0,0.0,0.0,1.0,-1.0,-0.8075817909366545,0.0,0.0,-1.0,-0.0002333720238047,0,0.4045188725245981,-1.0,-1.0,0.0,1.0,0.0,-1.0,0.0,0.0,0.0,1.0,0.0,-1.0,1.0,0.0,0.0,0.0,-1.0,0.0,0.0,-1.0,-1.0,-1.0,-1.0,-1.0,-1.0,1.0,0.0,1.0,0.0,1.0,0.0,1.0,0.0,0.0,0.0,0.0,1.0,-1.0,-1.0,0.0,-1.0,-1.0,-1.0,0.9199000143072601,0.0,1.0,0.0,0.0009149977186429,-1.0,0.0,-1.0,0.0,0.0,1.0,0.0,-1.0,0.0,10.044042594596446,-1.0,-0.6426564497491878,-1.2368655736119685,1.0,-1.0,-1.0,-1.0,0.0,-5.403398540087705,5.497123972767402,0.0,0.0,0.0,0.0,0.0,0.0,0.0,0.0,0.0,-19.391134068209873,-11.631157369793346,-20.413604618804733,-1.3291830161823739,-14.804027487313668,-1.5475126567972666,17,17,-0.5738396624472574,0.0,2.0,0.0,0.0,0.0,0.0,0.0,0.0,0.0,0.0,0.0,0.0,0.0,0.0,-1.0,1.0,0.0,0.0,0
VAR_000973,0.0,0.0,0.0,0.0,0.0,0.0,0.0,0.0,0.0,0.0,0.0,8,0.0,0.0,0.0,0.0,0.0,0.0,0.0,-1.0,0.0,-0.47075160550760514,1.0,0.0,0.0,0.0,-1.0,1.0,-0.17827499340505035,0.0,0.7185886323331067,-0.19200266140766423,0.0,-1.0,-1.0,0.0,0.0,0.0,0.0,0.0,0.0,0.0,0.0,0.0,0.0,0.0,0.0,7,0.0,0.0,3,3,0.7977032283887974,0.7558651961686087,0.0,0.0,0.0,0.0,0.0,0.0,0.0,0.0,0.0,0.0,0.0,0.0,0.0,0.0,0.0,0.0,0.0,0.0,0.0,0.0,0.0,0.0,0.0,0.0,0.0,0.0,0.0,0.0,0.0,0.0,0.0,0.0,3,-0.13141913323406554,0.0,0.0,0.0,0.0,0.0,0.0,0.0,0.0,0.0,0.0,0.0,0.0,0.0,0.0,0.0,0.0,0.0,0.0,0.0,0.0,0.0,0.0,0.0,0.0,0.0,0.0,0.0,0.0,0.0,0.0,0.0,0.0,0.0,0.0,0.0,0.0,0.0,0.0,0.0,0.0,0.0,0.0,0.0,0.0,0.0,0.0,0.0,0.0,0.0,0.0,0.0,0.0,0.0,0.0,0.0,0.0,0.0,0.0,0.0,0.0,0.0,0.0,0.0,0.0,0.0,0.0,0.0,0.0,0.0,0.0,0.0,0.0,0.0,0.0,0.0,0.0,0.0,0.25729155745059906,0.0101990245059737,-0.17811645199542686,0.8284663723718765,0.9562965746813199,0.5631720409690224,7,19,-0.01687763713080172,0.5,0.0,0.0,0.0,0.0,0.0,0.0,0.0,1.0,0.0,0.0,0.0,0.0,0.0,0.0,0.0,0.0,0.0,1
VAR_001267,3.543376798703655,-0.8120657552003976,-0.458884203343721,-0.49588006423015896,116.80529692113294,-0.6215663050038946,-0.8231170716986407,30.349560892760312,124.19131023525412,0.0,-1.0749712303462293,16,0.0,0.0,0.0,0.0,0.0,0.0,0.0,-1.0,0.0,-0.47075160550760514,0.0,0.0,0.0,0.0,-1.0,0.0,0.8217250065949496,-1.0,-0.28141136766689334,0.5870668333400773,0.0,0.0,-1.0,0.0,0.0,0.0,0.0,0.0,0.0,0.0,0.0,0.0,0.0,0.0,0.0,7,0.0,0.0,2,2,0.7186844207075532,0.5204898944923021,1.9988438058692617,0.0,0.0,0.0,0.0,0.0,0.0,0.0,0.0,0.0,0.0,0.0,0.0,0.0,0.0,0.0,0.0,0.0,0.0,0.0,0.0,0.0,0.0,0.0,0.0,0.0,0.0,0.0,0.0,0.0,0.0,0.0398391273254499,2,-0.02268483419088037,0.0,0.0,0.0,0.0,0.0,0.0,0.0,0.0,0.0,0.0,0.0,0.0,0.0,0.0,0.0,0.0,0.0,0.0,0.0,0.0,0.0,0.0,0.0,0.0,0.0,0.0,0.0,0.0,0.0,0.0,0.0,0.0,0.0,0.0,0.0,0.0,0.0,0.0,0.0,0.0,0.0,0.0,0.0,0.0,0.0,0.0,0.0,0.0,0.0,0.0,0.0,0.0,0.0,0.0,0.0,0.0,-1.0,306.09358394110956,-1.0,0.3573435502508122,6.3797659521948535,0.0,-1.0,0.0,0.0,0.0,0.0,5.497123972767402,0.0,-1.0,0.0,0.0,-1.0,1.0,0.0,-1.0,-1.0,0.1530125585888636,0.03461835183320742,-1.5578513487834362,-0.04273136164087466,-0.30859913001468753,-0.10128363862245687,19,10,-0.48945147679324896,0.0,0.0,0.0,0.0,0.0,1.0,0.0,0.0,0.0,0.0,0.0,0.0,0.0,0.0,0.0,0.0,1.0,0.0,0
VAR_001105,0.0,0.0,0.0,0.0,0.0,0.0,0.0,0.0,0.0,0.0,0.0,8,0.0,0.0,0.0,0.0,0.0,0.0,0.0,0.0,0.0,0.8441715072595704,0.0,0.0,0.0,0.0,-1.0,0.0,-0.17827499340505035,0.0,-0.28141136766689334,1.066748102074663,0.0,0.0,-1.0,0.0,0.0,0.0,0.0,0.0,0.0,0.0,0.0,0.0,0.0,0.0,0.0,7,0.0,0.0,4,4,0.6741541933783892,0.5504765956872564,0.7619015579518892,0.0,0.0,0.0,0.0,0.0,0.0,0.0,0.0,0.0,0.0,0.0,0.0,0.0,0.0,0.0,0.0,0.0,0.0,0.0,0.0,0.0,0.0,0.0,0.0,0.0,0.0,0.0,0.0,0.0,0.0,0.0,4,-0.13142281948054468,0.0,0.0,0.0,0.0,0.0,0.0,0.0,0.0,0.0,0.0,0.0,0.0,0.0,0.0,0.0,0.0,0.0,0.0,0.0,0.0,0.0,0.0,0.0,0.0,0.0,0.0,0.0,0.0,0.0,0.0,0.0,0.0,0.0,0.0,0.0,0.0,0.0,0.0,0.0,0.0,0.0,0.0,0.0,0.0,0.0,0.0,0.0,0.0,0.0,0.0,0.0,0.0,0.0,0.0,0.0,0.0,0.0,0.0,0.0,0.0,0.0,0.0,0.0,0.0,0.0,0.0,0.0,0.0,0.0,0.0,0.0,0.0,0.0,0.0,0.0,0.0,0.0,0.25729155745059906,0.13852104658092232,-0.6123297693762368,0.24191762963677313,-0.29943367038548596,0.003434835454590401,6,19,-0.5569620253164556,-0.5,0.0,0.0,0.0,0.0,0.0,0.0,0.0,0.0,0.0,0.0,0.0,1.0,0.0,0.0,0.0,0.0,0.0,1
VAR_000683,-0.19304116406145835,135.29378977618777,15.72088803528276,-0.47909558466563573,-0.3934069052565083,49.471621570663864,-0.948115202946551,-0.5703229383844166,55.71114535686037,0.00603170691301065,-1.0411223563134795,28,0.0,0.0,0.0,0.0,0.0,0.0,0.0,0.0,-1.0,-0.47075160550760514,0.0,0.0,1.0,0.0,-1.0,1.0,-0.17827499340505035,0.0,-0.28141136766689334,-0.19200266140766423,0.0,0.0,0.0,-1.0,0.0,-1.0,0.0,-1.0,0.0,0.0,-1.0,-1.0,0.0,-1.0,0.0,5,0.0,0.0,0,0,-0.8624098248297906,-0.4967061832912887,0.35041775970781935,-1.0,-1.0,1.0,-1.0,0.0,-1.0,1.0,0.0,-1.0,0.0,0.5521381325465945,-1.0,0.0,1.0,-1.0,-1.0,0.0,0.0,0.0024018150363159,1.0,0.0,-1.0,0.0,-1.0,0.0,0.0,-0.8075817909366545,-1.0,-1.0,0.0,-0.0007263457229333037,0,14.09572239468265,0.0,0.0,0.0,0.0,0.0,0.0,0.0,0.0,0.0,0.0,0.0,0.0,0.0,0.0,0.0,0.0,0.0,0.0,0.0,0.0,0.0,0.0,0.0,0.0,0.0,0.0,0.0,0.0,0.0,0.0,0.0,0.0,0.0,0.0,0.0,0.0,0.0,0.0,0.0,0.0,0.0,0.0,0.0,0.0,0.0,0.0,0.0,0.0,0.0,0.0,0.0,0.0,0.0,0.0,0.0,0.0,0.0,-2.6249821765534747,0.0,-0.6426564497491878,-1.2368655736119685,0.1005058266683681,-1.0,0.0,-1.0,0.0,-5.403398540087705,5.497123972767402,-1.0,0.0,-1.0,-1.0,0.0,0.0,0.0,-1.0,0.0,-0.8569527518040742,0.34338647816014006,0.2938060161481524,-0.30467111044733114,-0.8617443038307757,0.05926022194113424,7,4,-0.47257383966244726,0.0,0.0,0.0,0.0,0.0,0.0,0.0,0.0,1.0,0.0,0.0,0.0,0.0,0.0,-1.0,1.0,1.0,0.0,1
VAR_000551,0.826678275104929,27.252648641997336,63.63398880816002,128.76863163666528,67.51262523542732,5.106499520805975,-0.2700043766451297,3.3535246481201697,3.9461646904281307,0.00920136620189565,16.41937284530827,11,-1.0,0.0018045218997938001,-0.8722805623995484,0.0,-1.0,0.0,-0.5342733680339927,-1.0,-1.0,0.008734311517466254,1.0,0.0,1.0,0.0,0.0,1.0,0.8217250065949496,-1.0,0.7185886323331067,18.31524833784403,0.0,0.0,0.0,-1.0,0.0,0.0,0.0,0.0,0.0,0.0,-1.0,0.0,0.0,0.0,0.0,1,-1.0,0.0,2,2,-0.11483953708958679,-0.7029323738389287,-0.4635170773176458,-1.0,-1.0,0.0,-1.0,-1.0,-1.0,1.0,-1.0,0.0,0.0,0.0,0.0,0.0,1.0,0.0,0.0,0.0,0.0,0.0003785737567385,1.0,0.0,0.0,0.0,0.0,1.0,0.0,-0.8075817909366545,0.0,0.0,0.0,0.0015313214792090002,2,3.4140434793250143,-1.0,0.0,0.0,1.0,1.0,-1.0,0.0,1.0,-1.0,0.0,-1.0,0.0,0.0,0.0,0.0,0.0,0.0,0.0,0.0,0.0,0.0,-1.0,0.0,-1.0,-1.0,0.0,-1.0,1.0,1.0,0.0,0.0,1.0,0.0,0.0,-1.0,0.0,1.0,0.0,0.0,1.0,0.0,0.0,0.0,-0.0800999856927399,1.0,0.0,0.0,0.0037450477598473,0.0,-1.0,-1.0,0.0,0.0,1.0,0.0,0.0,0.0,221.33790173194478,0.0,-0.6426564497491878,6.3797659521948535,0.0,0.0,-1.0,0.0,0.0,0.0,0.0,0.0,0.0,0.0,-1.0,-1.0,0.0,1.0,0.0,-1.0,0.25729155745059906,0.34338647816014006,-0.9461348844507205,-0.7277926906804466,-0.08545116915890745,-1.261554511186124,19,12,0.4894514767932488,0.0,-0.5,0.0,0.0,0.0,0.0,0.0,1.0,0.0,0.0,0.0,0.0,0.0,0.0,0.0,1.0,0.0,0.0,0
VAR_004594,1.2264040208401827,-0.8003933119907861,-0.4609935194047222,4.417500850744113,-0.5987755048881565,-0.29849030628318113,-0.9790097104159575,-1.0117209153668463,-0.38218205612992895,0.00740633988189105,-1.0373853604015386,14,0.0,0.0,0.0,0.0,0.0,0.0,0.0,-1.0,0.0,-0.47075160550760514,0.0,0.0,1.0,0.0,-1.0,0.0,0.8217250065949496,0.0,-0.28141136766689334,-0.18441540583643284,0.0,-1.0,0.0,0.0,0.0,0.0,0.0,0.0,0.0,0.0,0.0,0.0,0.0,0.0,0.0,7,0.0,0.0,2,2,0.04405392414187777,0.31499363140004805,-0.6543234951066732,0.0,0.0,0.0,0.0,0.0,0.0,0.0,0.0,0.0,0.0,0.0,0.0,0.0,0.0,0.0,0.0,0.0,0.0,0.0,0.0,0.0,0.0,0.0,0.0,0.0,0.0,0.0,0.0,0.0,0.0,0.0,2,0.06779906518317028,0.0,0.0,0.0,0.0,0.0,0.0,0.0,0.0,0.0,0.0,0.0,0.0,0.0,0.0,0.0,0.0,0.0,0.0,0.0,0.0,0.0,0.0,0.0,0.0,0.0,0.0,0.0,0.0,0.0,0.0,0.0,0.0,0.0,0.0,0.0,0.0,0.0,0.0,0.0,0.0,0.0,0.0,0.0,0.0,0.0,0.0,0.0,0.0,0.0,0.0,0.0,0.0,0.0,0.0,0.0,0.0,0.0,-13.858039605769717,-1.0,-0.6426564497491878,4.879847198768434,1.0,0.0,-1.0,-1.0,0.0,0.0,0.0,-1.0,-1.0,-1.0,-1.0,0.0,1.0,1.0,0.0,-1.0,-0.22775599954897657,-0.6092810256044245,-0.8485315696159699,-0.4874474036491712,-0.008711383666627862,-0.5127068816426271,5,10,-0.0168776371308017,1.0,0.0,0.0,0.0,0.0,0.0,0.0,0.0,1.0,0.0,0.0,0.0,0.0,0.0,0.0,0.0,0.0,0.0,1
VAR_001113,2.8719362570319897,181.83765857899263,5.94720930629448,-0.5092270228066371,21.179295426341973,-0.621552370361368,9.48596904203426,15.040838730164719,-0.10596965518393095,0.03198337108900975,126.39881801331511,0,0.0,0.0254816734201084,0.12771943760045157,0.0,0.0,-1.0,0.4657266319660073,0.0,0.0,0.8441715072595704,0.0,0.0,1.0,0.0,-1.0,1.0,0.8217250065949496,0.0,0.7185886323331067,-0.19200266140766423,0.0,-1.0,0.0,0.0,0.0,0.0,0.0,0.0,0.0,-1.0,-1.0,0.0,0.0,0.0,0.0,0,-1.0,0.0,2,2,-0.17618418428413016,-0.23152539768348668,0.0,0.0,0.0,1.0,-1.0,-1.0,-1.0,1.0,0.0,0.0,-1.0,1.0,-1.0,1.0,1.0,0.0,0.0,0.0,0.0,0.0059789432745933,0.0,1.0,0.0,-1.0,0.0,0.0,0.0,0.1924182090633455,0.0,0.0,0.0,0.0214972887481779,2,20.96459266331003,0.0,0.0,0.0,1.0,0.0,-1.0,0.1789859077886188,1.0,-1.0,0.0,0.0,0.0,0.0,0.0,0.0,-1.0,-1.0,0.0,0.0,0.0,0.0,0.0,-1.0,0.0,0.0,0.0,-1.0,1.0,0.0,1.0,0.0,0.0,0.0,1.0,0.0,0.0,1.0,0.0,0.0,1.0,-1.0,0.0,0.0,0.7474582565504306,0.0,0.0,-0.988080964457471,0.007471385242824101,-1.0,0.0,0.0,0.0,1.0,1.0,-1.0,0.0,0.0,85.90482902234912,0.0,0.3573435502508122,6.3797659521948535,0.0,-1.0,-1.0,-1.0,0.0,-5.403398540087705,0.0,-1.0,-1.0,0.0,-1.0,0.0,0.0,1.0,0.0,0.0,-0.74233934955478,-0.14186587963372813,-0.022228159215016523,0.2813329602741503,-0.8379745039562972,0.006038163589791498,8,24,0.37130801687763704,1.5,0.0,0.0,0.0,0.0,0.0,0.0,1.0,0.0,0.0,0.0,0.0,0.0,0.0,0.0,1.0,0.0,1.0,0
VAR_000687,107.10251013212063,78.93964326248292,19.13939665174201,1.037946008152963,13.1049339294281,-0.621603201772902,10.691043827838618,61.24100350091788,-0.3485607345953507,-0.00039381667438399235,-1.0494064830148313,11,0.0,0.0,0.0,0.0,0.0,0.0,0.0,-1.0,-1.0,-0.47075160550760514,1.0,0.0,0.0,0.0,-1.0,0.0,0.8217250065949496,-1.0,0.7185886323331067,2.5460359756194455,0.0,0.0,-1.0,0.0,-1.0,0.0,-1.0,0.0,0.0,-1.0,0.0,-1.0,0.0,-1.0,0.0,5,0.0,0.0,2,2,0.1428304943930479,-1.9690720574292104,-0.9607218991405324,-1.0,0.0,1.0,0.0,0.0,-1.0,0.0,-1.0,0.0,-1.0,1.0,0.0,1.0,0.0,0.0,-1.0,0.0,0.0,0.00033378641241580006,0.0,0.0,-1.0,-1.0,-1.0,0.0,0.0,-0.8075817909366545,-1.0,0.0,-1.0,-0.0007295614866666362,2,-0.11022422164269798,-1.0,-1.0,-1.0,1.0,0.0,-1.0,1.0,1.0,0.0,1.0,0.0,-1.0,1.0,0.0,0.0,0.0,0.0,1.0,0.0,0.0,0.0,-1.0,0.0,-1.0,0.0,0.0,0.0,0.0,0.0,0.0,0.0,1.0,0.0,1.0,0.0,0.0,0.0,0.0,-1.0,0.0,0.0,-1.0,0.0,0.9199000143072601,1.0,1.0,0.0,-0.0005202720023583028,0.0,-1.0,0.0,0.0,0.0,1.0,-0.12106991629834651,0.0,0.0,1824.205075156921,-1.0,0.3573435502508122,6.3797659521948535,0.0,-1.0,-1.0,-1.0,1.0,0.0,5.497123972767402,-1.0,-0.8903108965106334,0.0,-1.0,-1.0,0.0,0.0,-1.0,-1.0,0.25729155745059906,-0.3289846039433045,-0.5260266626755452,-0.696190912987859,-1.246905810966391,-1.203478234776988,16,23,0.6582278481012658,-1.0,0.0,0.0,0.0,0.0,0.0,0.0,0.0,0.0,0.0,0.0,0.0,0.0,0.0,0.0,1.0,0.0,0.0,1
VAR_004567,-0.1140869405364371,-0.8037583870800494,-0.3770833126203726,-0.5107256570299427,13.399684506241448,114.75271358709531,182.29790060146476,-1.0109352302490298,-0.5451476225331388,0.0,-1.0229431116769478,11,0.0,0.0,0.0,0.0,0.0,0.0,0.0,0.0,-1.0,-0.47075160550760514,0.0,0.0,1.0,0.0,-1.0,0.0,0.8217250065949496,-1.0,0.7185886323331067,-0.19150803357834092,0.0,0.0,-1.0,-1.0,0.0,0.0,-1.0,0.0,0.0,-1.0,-1.0,-1.0,0.0,0.0,0.0,1,0.0,0.0,3,3,0.5165069352900001,0.4160131989613447,0.0,0.0,-1.0,0.0,0.0,-1.0,0.0,1.0,0.0,-1.0,0.0,1.0,-1.0,0.0,1.0,0.0,0.0,-1.0,0.0,-0.00032008261549925434,1.0,0.0,0.0,0.0,0.0,1.0,0.0,0.1924182090633455,0.0,-1.0,0.0,0.0,3,-0.052479408982223634,0.0,0.0,0.0,0.0,0.0,0.0,1.0,1.0,-1.0,1.0,0.0,-1.0,1.0,-1.0,0.0,-1.0,0.0,0.0,1.0,0.0,-1.0,0.0,-1.0,0.0,-1.0,0.0,0.0,0.0,1.0,1.0,0.0,1.0,-1.0,0.0,0.0,-1.0,0.0,-1.0,0.0,0.0,-1.0,0.0,0.0,0.7547049863761679,0.0,1.0,-1.0,-0.0005217843388442787,0.0,-1.0,-1.0,-1.0,0.0,0.0,-1.0,-1.0,0.0,-13.786237712283947,-1.0,-0.6426564497491878,-1.2368655736119685,1.0,-1.0,-1.0,0.0,1.0,-5.403398540087705,0.0,-1.0,-1.0,0.0,0.0,0.0,1.0,0.0,0.0,0.0,0.14785322644250107,-0.12152220664812045,0.25995833102988736,0.21863265489686148,-0.6700734645352222,0.6889187456252152,0,5,-0.8438818565400843,0.0,0.0,0.0,0.0,0.0,1.0,0.0,0.0,0.0,0.0,0.0,0.0,0.0,0.0,0.0,1.0,0.0,0.0,1
VAR_000601,0.0,0.0,0.0,0.0,0.0,0.0,0.0,0.0,0.0,0.0,0.0,8,0.0,0.0,0.0,0.0,0.0,0.0,0.0,-1.0,-1.0,-0.47075160550760514,0.0,0.0,0.0,0.0,-1.0,1.0,0.8217250065949496,0.0,0.7185886323331067,2.3189464794348567,0.0,-1.0,-1.0,0.0,0.0,0.0,0.0,0.0,0.0,0.0,0.0,0.0,0.0,0.0,0.0,7,0.0,0.0,4,4,-0.02112288947445478,0.029198038696882252,-0.5822945499745922,0.0,0.0,0.0,0.0,0.0,0.0,0.0,0.0,0.0,0.0,0.0,0.0,0.0,0.0,0.0,0.0,0.0,0.0,0.0,0.0,0.0,0.0,0.0,0.0,0.0,0.0,0.0,0.0,0.0,0.0,0.0,4,-0.13108865697450153,0.0,0.0,0.0,0.0,0.0,0.0,0.0,0.0,0.0,0.0,0.0,0.0,0.0,0.0,0.0,0.0,0.0,0.0,0.0,0.0,0.0,0.0,0.0,0.0,0.0,0.0,0.0,0.0,0.0,0.0,0.0,0.0,0.0,0.0,0.0,0.0,0.0,0.0,0.0,0.0,0.0,0.0,0.0,0.0,0.0,0.0,0.0,0.0,0.0,0.0,0.0,0.0,0.0,0.0,0.0,0.0,0.0,0.0,0.0,0.0,0.0,0.0,0.0,0.0,0.0,0.0,0.0,0.0,0.0,0.0,0.0,0.0,0.0,0.0,0.0,0.0,0.0,0.25729155745059906,0.34338647816014006,-0.09208477466876727,0.0428022619634703,-0.838329476002676,-0.171436649323348,11,14,-0.8607594936708861,-1.0,1.0,0.0,0.0,0.0,0.0,0.0,0.0,0.0,0.0,0.0,0.0,1.0,0.0,0.0,0.0,0.0,0.0,1
VAR_000944,-0.9664662515520736,-0.8020518350440335,-0.4609935035605464,-0.5107311668504936,19.395658935191673,-0.6216059101135529,1.0098744995398272,110.99678133086677,-0.3923020693134103,0.0,2.4757351094005506,16,0.0,0.0,0.0,0.0,0.0,0.0,0.0,0.0,-1.0,-0.47075160550760514,0.0,-1.0,0.0,0.0,-1.0,1.0,-0.17827499340505035,0.0,-0.28141136766689334,151.44236765555883,0.0,-1.0,-1.0,0.0,0.0,0.0,0.0,0.0,0.0,0.0,0.0,0.0,0.0,0.0,0.0,7,0.0,0.0,3,3,0.6581894630882239,0.7558651961686087,0.0,0.0,-1.0,0.0,-1.0,0.0,0.0,1.0,0.0,0.0,0.0,0.0,0.0,0.0,0.0,-1.0,0.0,-1.0,0.0,-0.0003182698131527196,0.0,1.0,-1.0,0.0,0.0,1.0,-1.0,0.1924182090633455,-1.0,-1.0,0.0,0.0,3,13.450535229272303,0.0,0.0,0.0,0.0,0.0,0.0,0.0,0.0,0.0,0.0,0.0,0.0,0.0,0.0,0.0,0.0,0.0,0.0,0.0,0.0,0.0,0.0,0.0,0.0,0.0,0.0,0.0,0.0,0.0,0.0,0.0,0.0,0.0,0.0,0.0,0.0,0.0,0.0,0.0,0.0,0.0,0.0,0.0,0.0,0.0,0.0,0.0,0.0,0.0,0.0,0.0,0.0,0.0,0.0,0.0,0.0,0.0,-13.87691060694158,-1.0,0.3573435502508122,-1.2368655736119685,0.0,0.0,0.0,-1.0,0.0,-5.403398540087705,0.0,-1.0,-1.0,0.0,0.0,-1.0,0.0,1.0,0.0,-1.0,-0.726363245786039,0.260313071559279,-0.15902412603536856,0.7845267135456453,-0.266900874984951,0.7229883006911857,5,10,-0.0168776371308017,1.0,0.0,0.0,0.0,0.0,0.0,0.0,0.0,1.0,0.0,0.0,0.0,0.0,0.0,0.0,0.0,1.0,0.0,1
VAR_004532,55.307754013430404,204.9589448852222,-0.4609935150012215,-0.07946629939921636,-0.6615924494619757,-0.6215977195290421,-0.9734175238658758,-0.44429745324542563,-0.6054641024832416,0.0,113.41277871926108,16,0.0,0.0,0.0,0.0,0.0,0.0,0.0,-1.0,0.0,0.8441715072595704,1.0,0.0,1.0,0.0,-1.0,1.0,0.8217250065949496,-1.0,-0.28141136766689334,0.0651200866004389,0.0,0.0,-1.0,0.0,0.0,0.0,0.0,0.0,0.0,0.0,0.0,0.0,0.0,0.0,0.0,7,0.0,0.0,3,3,-0.9488838778529269,-0.8954990585987295,-1.1199772474735006,0.0,0.0,0.0,0.0,0.0,0.0,0.0,0.0,0.0,0.0,0.0,0.0,0.0,0.0,0.0,0.0,0.0,0.0,0.0,0.0,0.0,0.0,0.0,0.0,0.0,0.0,0.0,0.0,0.0,0.0,0.0,3,-0.13125636803882731,0.0,0.0,0.0,0.0,0.0,0.0,0.0,0.0,0.0,0.0,0.0,0.0,0.0,0.0,0.0,0.0,0.0,0.0,0.0,0.0,0.0,0.0,0.0,0.0,0.0,0.0,0.0,0.0,0.0,0.0,0.0,0.0,0.0,0.0,0.0,0.0,0.0,0.0,0.0,0.0,0.0,0.0,0.0,0.0,0.0,0.0,0.0,0.0,0.0,0.0,0.0,0.0,0.0,0.0,0.0,0.0,-1.0,169.53956502856406,0.0,0.3573435502508122,6.3797659521948535,1.0,0.0,0.0,-1.0,0.0,-5.403398540087705,5.497123972767402,-1.0,0.0,-1.0,0.0,0.0,0.0,0.0,0.0,0.0,0.21101528493445615,0.34338647816014006,0.2938060161481524,-0.5605977866627098,-0.027009324283706577,-0.06919275105299062,15,0,0.0,0.0,0.0,0.0,0.0,0.0,0.0,0.0,0.0,0.0,0.0,0.0,0.0,0.0,0.0,0.0,0.0,1.0,0.0,1
VAR_000975,-0.5331015709614073,-0.7522207540925508,62.90534569536333,39.67925251720129,9.611989603882439,11.518383728793752,-0.6257519319852953,-0.9461792681932082,-0.5035685901186039,0.0,-1.076041590118814,10,0.0,0.0,0.0,0.0,0.0,0.0,0.0,-1.0,0.0,-0.47075160550760514,0.0,0.0,1.0,-1.0,0.0,1.0,-0.17827499340505035,0.0,0.7185886323331067,-0.1918713276297358,0.0,-1.0,0.0,0.0,0.0,0.0,0.0,0.0,0.0,0.0,0.0,0.0,0.0,0.0,0.0,7,0.0,0.0,3,3,0.6540827234895937,0.6332838805292694,0.0,0.0,0.0,0.0,0.0,0.0,0.0,0.0,0.0,0.0,0.0,0.0,0.0,0.0,0.0,0.0,0.0,0.0,0.0,0.0,0.0,0.0,0.0,0.0,0.0,0.0,0.0,0.0,0.0,0.0,0.0,0.0,3,3.320057401427927,0.0,0.0,0.0,0.0,0.0,0.0,0.0,0.0,0.0,0.0,0.0,0.0,0.0,0.0,0.0,0.0,0.0,0.0,0.0,0.0,0.0,0.0,0.0,0.0,0.0,0.0,0.0,0.0,0.0,0.0,0.0,0.0,0.0,0.0,0.0,0.0,0.0,0.0,0.0,0.0,0.0,0.0,0.0,0.0,0.0,0.0,0.0,0.0,0.0,0.0,0.0,0.0,0.0,0.0,0.0,0.0,0.0,0.0,0.0,0.0,0.0,0.0,0.0,0.0,0.0,0.0,0.0,0.0,0.0,0.0,0.0,0.0,0.0,0.0,0.0,0.0,0.0,-1.1560698983230249,0.34338647816014006,0.2938060161481524,0.7502572110812634,0.6664632993362737,0.7348280556291366,5,10,-0.0168776371308017,1.0,0.0,0.0,0.0,0.0,0.0,0.0,0.0,1.0,0.0,0.0,0.0,0.0,0.0,0.0,0.0,1.0,1.0,1
VAR_001106,-0.9460659169908194,0.6007678611920162,70.02071410124793,-0.5003020133909517,39.935828323169254,17.528394487776673,174.90092055599925,-0.8249580377999531,172.40725811913154,-0.00039254002929104266,77.07652999170034,19,0.0,0.0,0.0,0.0,0.0,0.0,0.0,0.0,-1.0,0.8441715072595704,1.0,0.0,0.0,0.0,0.0,0.9196066309565148,-0.17827499340505035,-1.0,0.7185886323331067,-0.13930511868868276,0.0,0.0,-1.0,0.0,0.0,0.0,0.0,0.0,0.0,0.0,0.0,0.0,0.0,0.0,0.0,7,0.0,0.0,2,2,0.5485128244641334,-0.08320708994707918,0.0,0.0,-1.0,0.0,0.0,0.0,-1.0,1.0,-1.0,-1.0,-1.0,0.0,0.0,0.0,0.0,0.0,0.0,-1.0,0.0,-0.00033477767167934585,0.0,0.0,0.0,-1.0,0.0,0.0,-1.0,0.1924182090633455,-1.0,0.0,-1.0,-0.0007332466907303064,2,17.2586927948539,-1.0,-1.0,0.0,1.0,1.0,0.0,1.0,0.0,-1.0,0.0,0.0,-1.0,1.0,-1.0,0.0,-1.0,-1.0,1.0,0.0,0.0,0.0,0.0,-1.0,-1.0,-1.0,1.0,-1.0,1.0,1.0,0.0,0.0,0.0,0.0,0.0,-1.0,0.0,0.0,-1.0,0.0,0.0,-1.0,0.0,-1.0,-0.0800999856927399,1.0,1.0,0.0,0.0350631536410173,-1.0,-1.0,-1.0,-1.0,1.0,1.0,0.0,-1.0,-1.0,-5.161628214345617,0.0,-0.6426564497491878,6.3797659521948535,0.0,0.0,0.0,-1.0,1.0,-5.403398540087705,0.0,0.0,0.0,-1.0,-1.0,-1.0,0.0,0.0,-1.0,0.0,-0.16155344215099837,0.12501470184058952,0.2938060161481524,-0.16201989513597512,-0.011362704821732116,-0.3056199244624053,16,23,0.6582278481012658,-1.0,0.0,0.0,0.0,0.0,0.0,0.0,0.0,0.0,0.0,0.0,0.0,0.0,0.0,0.0,0.0,0.0,0.0,1
VAR_003664,4.335322158733986,-0.2998282301510608,-0.46099351599276894,19.2472749662313,11.090141237453752,-0.6208405728686806,5.276551389436615,-1.011649028099887,-0.6055795139276107,0.0,3.1082312893766666,16,0.0,0.0,0.0,0.0,0.0,0.0,0.0,0.0,0.0,0.0,0.0,0.0,0.0,0.0,0.0,0.0,0.0,0.0,0.0,0.0,0.0,0.0,0.0,0.0,-1.0,-1.0,-1.0,-1.0,0.0,-1.0,-1.0,-1.0,0.0,-1.0,0.0,3,-1.0,-1.0,0,0,-1.060844919862049,-0.09233593281890247,0.5342584691027839,-1.0,-1.0,0.0,0.0,0.0,0.0,1.0,-1.0,-1.0,-1.0,1.0,-1.0,1.0,0.0,0.0,-1.0,0.0,0.0,-0.0003193040133206255,1.0,0.0,-1.0,0.0,0.0,0.0,-1.0,0.1924182090633455,-1.0,-1.0,0.0,0.0,0,1.3225136918119342,0.0,0.0,0.0,0.0,0.0,0.0,0.0,0.0,0.0,0.0,0.0,0.0,0.0,0.0,0.0,0.0,0.0,0.0,0.0,0.0,0.0,0.0,0.0,0.0,0.0,0.0,0.0,0.0,0.0,0.0,0.0,0.0,0.0,0.0,0.0,0.0,0.0,0.0,0.0,0.0,0.0,0.0,0.0,0.0,0.0,0.0,0.0,0.0,0.0,0.0,0.0,0.0,0.0,0.0,0.0,0.0,0.0,-13.710169544270604,-1.0,-0.6426564497491878,6.3797659521948535,1.0,-1.0,0.0,-1.0,0.0,-5.403398540087705,0.0,-1.0,0.0,-1.0,0.0,-1.0,0.0,0.0,-1.0,0.0,0.25729155745059906,-0.016389912507736967,-0.79267864037962,0.6334085531331755,1.0052495657684166,0.6672671334181418,5,22,1.350210970464135,-0.5,0.0,0.0,0.0,1.0,0.0,0.0,0.0,0.0,0.0,0.0,0.0,0.0,0.0,0.0,1.0,1.0,0.0,1
VAR_000621,6.174619819534765,-0.8021358743171755,-0.460990892128526,50.154900356562685,7.595858471892203,-0.62089543669385,-0.4358382497311088,-0.8935355229332954,204.2397264848297,-0.00039437100594424984,2.636654085660665,24,0.0,0.0,0.0,0.0,0.0,0.0,0.0,0.0,-1.0,0.8441715072595704,0.0,0.0,1.0,0.0,-1.0,0.0,0.8217250065949496,0.0,0.7185886323331067,14.558325365373474,0.0,-0.11165783222991854,-1.0,0.0,-1.0,-1.0,0.0,0.0,0.0,-1.0,0.0,-1.0,-1.0,-1.0,0.0,3,-1.0,-1.0,3,3,0.819786058637789,0.46123755941219885,0.0,-1.0,-1.0,1.0,0.0,0.0,-1.0,0.0,-1.0,-1.0,0.0,1.0,-1.0,1.0,0.0,-1.0,0.0,-1.0,-1.0,-0.00023765121171799998,1.0,1.0,0.0,-1.0,0.0,0.0,0.0,-0.8075817909366545,-1.0,-1.0,-1.0,0.0034597314893001,3,-0.002540277702726929,-1.0,-1.0,0.0,1.0,0.0,0.0,1.0,0.0,0.0,0.0,0.0,0.0,1.0,0.0,0.0,0.0,-1.0,1.0,0.0,-1.0,-1.0,-1.0,0.0,0.0,0.0,1.0,-1.0,0.0,1.0,0.0,1.0,0.0,0.0,1.0,0.0,-1.0,0.0,0.0,-1.0,0.0,-1.0,0.0,0.0,-0.0800999856927399,1.0,1.0,-1.0,0.011831309709261599,0.0,-1.0,0.0,-1.0,0.0,0.0,-1.0,0.0,-1.0,33.498505842110696,0.0,-0.6426564497491878,-1.2368655736119685,0.0,0.0,-1.0,-1.0,1.0,-5.403398540087705,5.497123972767402,-1.0,0.0,-1.0,0.0,0.0,0.0,1.0,-1.0,0.0,0.25729155745059906,0.34338647816014006,0.2938060161481524,0.10635111309822146,0.3761065164704325,0.47936395266221454,0,14,-0.5232067510548524,0.0,1.0,0.0,0.0,0.0,0.0,0.0,0.0,0.0,1.0,0.0,0.0,0.0,0.0,-1.0,1.0,0.0,0.0,1
VAR_001073,0.5190314455359619,-0.5334357774650886,-0.41910859732764544,-0.5107311668506196,10.916337177661665,48.023862865815815,48.70883494931182,-0.768372927606654,-0.13374190540463898,0.0020329289871985497,10.960673945173966,2,-1.0,0.0070012192200691005,0.12771943760045157,-1.0,0.0,-1.0,0.4657266319660073,-1.0,0.0,-0.47075160550760514,1.0,0.0,1.0,0.0,-1.0,1.0,0.8217250065949496,0.0,-0.28141136766689334,-0.1920026083321991,0.0,-1.0,0.0,0.0,0.0,0.0,0.0,0.0,0.0,0.0,0.0,-1.0,0.0,0.0,0.0,2,0.0,-1.0,2,2,0.13282077303043616,0.019478122854887554,0.448789540950966,-1.0,0.0,1.0,0.0,-1.0,-1.0,1.0,-1.0,0.0,0.0,1.0,0.0,0.0,0.0,-1.0,-1.0,0.0,-1.0,0.0011495431206230001,0.0,0.0,-1.0,0.0,0.0,1.0,0.0,0.0,-1.0,-1.0,0.0,-0.0004372195130095,2,0.8428438172880669,-1.0,0.0,-1.0,0.0,0.0,0.0,0.0,1.0,-1.0,1.0,0.0,0.0,1.0,-1.0,0.0,0.0,0.0,1.0,0.0,0.0,0.0,-1.0,-1.0,0.0,0.0,0.0,-1.0,0.0,1.0,0.0,0.0,1.0,-1.0,1.0,-1.0,-1.0,1.0,-1.0,-0.38145814553625734,1.0,0.0,0.0,0.0,-0.0800999856927399,0.0,1.0,-1.0,-0.0004970718735484995,0.0,0.0,0.0,-1.0,1.0,0.0,-1.0,-1.0,0.0,-11.649307681754868,0.0,0.3573435502508122,6.3797659521948535,0.2645604338560512,0.0,0.0,0.0,1.0,-5.403398540087705,0.0,-1.0,-1.0,0.0,0.0,-1.0,1.0,1.0,0.0,0.0,0.10645788289129299,-0.9019601761302578,0.01747103178859731,0.40659007094880073,-0.9582893736257337,0.15028485807516873,14,11,0.9620253164556961,-1.0,1.0,0.0,0.0,0.0,0.0,0.0,1.0,0.0,0.0,0.0,0.0,0.0,0.0,0.0,1.0,0.0,0.0,0
VAR_003577,9.361857513829767,0.35679512261712426,-0.4609794467904769,66.17303776323718,-0.006989652336587299,-0.6216057928546143,230.64080118476068,0.10224230141072004,-0.6055786744418084,0.0,-0.9562813681807063,13,0.0,0.0,0.0,0.0,0.0,0.0,0.0,0.0,0.0,0.0,0.0,0.0,0.0,0.0,0.0,0.0,0.0,0.0,0.0,0.0,0.0,0.0,0.0,0.0,0.0,0.0,0.0,0.0,0.0,0.0,0.0,0.0,0.0,0.0,0.0,7,0.0,0.0,4,4,0.15680709328881196,-0.2547377228367098,-0.7884141652216524,0.0,-1.0,0.0,-1.0,0.0,-1.0,1.0,-1.0,0.0,0.0,0.0,0.0,1.0,0.0,-1.0,0.0,0.0,-1.0,-0.00033774855693861157,0.0,0.0,-1.0,0.0,-1.0,1.0,-1.0,-0.8075817909366545,-1.0,-1.0,0.0,0.0,4,-0.08795401992376324,0.0,-1.0,0.0,1.0,1.0,-1.0,1.0,0.0,-1.0,0.0,0.0,0.0,1.0,-1.0,0.0,-1.0,-0.30273430028821013,1.0,1.0,-1.0,-1.0,0.0,-1.0,0.0,0.0,0.0,-1.0,0.0,1.0,1.0,1.0,1.0,0.0,0.0,-1.0,0.0,1.0,-1.0,0.0,0.0,0.0,-1.0,0.0,0.9199000143072601,1.0,0.0,-1.0,-0.000520573268002503,0.0,-1.0,0.0,-1.0,0.0,1.0,-1.0,-1.0,-1.0,-13.750498462540344,-1.0,0.3573435502508122,6.3797659521948535,1.0,-1.0,0.0,0.0,1.0,0.0,0.0,-1.0,-1.0,-1.0,0.0,0.0,0.0,0.0,0.0,0.0,-19.391134068209873,-10.795305072249027,0.2938060161481524,-1.04362947070428,-6.286395046841858,-1.1667546632525863,11,19,-0.7257383966244725,-0.5,0.0,0.0,0.0,0.0,0.0,0.0,0.0,0.0,0.0,0.0,0.0,1.0,0.0,0.0,0.0,0.0,0.0,0
VAR_004728,91.95658073010297,-0.8120172731420443,-0.4544090876563803,32.26449087396187,76.7194719164193,-0.6216046668245431,372.01206386308905,21.0040855464801,173.21686381843548,0.0,-1.0375017840943725,16,0.0,0.0,0.0,0.0,0.0,0.0,0.0,0.0,0.0,0.0,0.0,0.0,0.0,0.0,0.0,0.0,0.0,0.0,0.0,0.0,0.0,0.0,0.0,0.0,0.0,0.0,0.0,0.0,0.0,0.0,0.0,0.0,0.0,0.0,0.0,7,0.0,0.0,3,3,0.5135065452751153,0.5749975521929541,0.0,0.0,0.0,1.0,-1.0,-1.0,0.0,1.0,-1.0,0.0,0.0,1.0,-1.0,1.0,1.0,0.0,0.0,0.0,0.0,0.0038123624658692,1.0,0.0,-1.0,-1.0,0.0,0.0,-1.0,-0.8075817909366545,-1.0,-1.0,0.0,0.0,3,-0.13023543151139852,0.0,0.0,0.0,0.0,0.0,0.0,0.0,0.0,0.0,0.0,0.0,0.0,0.0,0.0,0.0,0.0,0.0,0.0,0.0,0.0,0.0,0.0,0.0,0.0,0.0,0.0,0.0,0.0,0.0,0.0,0.0,0.0,0.0,0.0,0.0,0.0,0.0,0.0,0.0,0.0,0.0,0.0,0.0,0.0,0.0,0.0,0.0,0.0,0.0,0.0,0.0,0.0,0.0,0.0,0.0,0.0,-1.0,49.499467566804235,0.0,-0.6426564497491878,6.3797659521948535,0.0,0.0,0.0,0.0,1.0,0.0,5.497123972767402,-1.0,-1.0,0.0,-1.0,-1.0,1.0,0.0,-1.0,0.0,0.16654334797629056,0.34338647816014006,-0.6043921818646473,-0.43898567311782105,0.7414541770043198,0.7157312716884172,14,11,0.9620253164556961,-1.0,1.0,0.0,0.0,0.0,0.0,0.0,1.0,0.0,0.0,0.0,0.0,0.0,0.0,0.0,0.0,1.0,0.0,1
VAR_001020,-0.5434533715833029,18.65081571732365,-0.43352084094085824,92.57601573874955,217.8646418507865,9.711124076310892,-0.9545444571894636,-0.998536725585803,-0.487805206402137,0.0,-1.070999395453724,16,0.0,0.0,0.0,0.0,0.0,0.0,0.0,0.0,0.0,0.0,0.0,0.0,0.0,0.0,0.0,0.0,0.0,0.0,0.0,0.0,0.0,0.0,0.0,0.0,0.0,0.0,0.0,0.0,0.0,0.0,0.0,0.0,0.0,0.0,0.0,7,0.0,0.0,2,2,-0.27790840200506806,0.024712051314144685,0.0,-1.0,0.0,0.0,0.0,0.0,-1.0,0.0,-1.0,-1.0,-1.0,1.0,-1.0,0.0,1.0,0.0,0.0,0.0,-1.0,0.0026365911952180997,0.0,0.0,0.0,-1.0,-1.0,1.0,-1.0,-0.8075817909366545,0.0,-1.0,0.0,0.0,2,6.9364377502735755,-1.0,0.0,-1.0,1.0,0.0,-1.0,0.0,1.0,-1.0,0.0,0.0,0.0,0.0,0.0,0.0,0.0,-1.0,0.0,0.0,-1.0,0.0,-1.0,0.0,0.0,-1.0,0.0,-1.0,1.0,1.0,1.0,1.0,0.0,-1.0,1.0,0.0,-1.0,1.0,-0.39079545102992763,-1.0,1.0,-1.0,-1.0,0.0,-0.0800999856927399,0.0,0.0,-1.0,0.0548999345245069,0.0,-1.0,0.0,0.0,0.0,1.0,0.0,0.0,-1.0,-13.83186624338116,0.0,-0.6426564497491878,-1.2368655736119685,0.4971451892843817,0.0,-1.0,0.0,0.0,0.0,0.0,0.0,0.0,-1.0,0.0,0.0,0.0,1.0,-1.0,0.0,0.25729155745059906,-0.14652861953040128,0.2938060161481524,0.3404321024141771,-0.2659163332226295,-0.060734533460158675,14,1,0.6244725738396624,0.0,1.0,0.0,0.0,0.0,0.0,1.0,0.0,0.0,0.0,0.0,0.0,0.0,0.0,0.0,0.0,1.0,0.0,0
VAR_004674,-0.09336111738710622,-0.16945169154435827,-0.04198326732982907,-0.5107311496566402,89.76268320343046,-0.5752293006201571,-0.6834811926420552,-0.6141209307914312,-0.34134357763904066,0.04435883798696095,2.254782377760507,7,0.0,0.0,0.0,0.0,0.0,0.0,0.0,0.0,0.0,0.0,0.0,0.0,0.0,0.0,0.0,0.0,0.0,0.0,0.0,0.0,0.0,0.0,0.0,0.0,0.0,0.0,0.0,0.0,0.0,0.0,0.0,0.0,0.0,0.0,0.0,7,0.0,0.0,5,5,0.0,0.0,0.0,0.0,0.0,0.0,0.0,0.0,0.0,0.0,0.0,0.0,0.0,0.0,0.0,0.0,0.0,0.0,0.0,0.0,0.0,0.0,0.0,0.0,0.0,0.0,0.0,0.0,0.0,0.0,0.0,0.0,0.0,0.0,5,0.0,0.0,0.0,0.0,0.0,0.0,0.0,0.0,0.0,0.0,0.0,0.0,0.0,0.0,0.0,0.0,0.0,0.0,0.0,0.0,0.0,0.0,0.0,0.0,0.0,0.0,0.0,0.0,0.0,0.0,0.0,0.0,0.0,0.0,0.0,0.0,0.0,0.0,0.0,0.0,0.0,0.0,0.0,0.0,0.0,0.0,0.0,0.0,0.0,0.0,0.0,0.0,0.0,0.0,0.0,0.0,0.0,0.0,0.0,0.0,0.0,0.0,0.0,0.0,0.0,0.0,0.0,0.0,0.0,0.0,0.0,0.0,0.0,0.0,0.0,0.0,0.0,0.0,0.0,0.0,0.0,0.0,0.0,0.0,24,25,0.0,0.0,0.0,0.0,0.0,0.0,0.0,0.0,0.0,0.0,0.0,0.0,0.0,0.0,0.0,0.0,0.0,0.0,0.0,0
VAR_000636,0.0,0.0,0.0,0.0,0.0,0.0,0.0,0.0,0.0,0.0,0.0,8,0.0,0.0,0.0,0.0,0.0,0.0,0.0,-1.0,-1.0,0.09821445398863826,0.0,0.0,0.0,0.0,-1.0,1.0,0.8217250065949496,0.0,-0.28141136766689334,-0.19200244863873475,0.0,0.0,-1.0,0.0,0.0,0.0,0.0,0.0,0.0,0.0,0.0,0.0,0.0,0.0,0.0,7,0.0,0.0,2,2,1.0905089669513224,0.5062730931729171,-0.5542903237271817,0.0,0.0,0.0,0.0,0.0,0.0,0.0,0.0,0.0,0.0,0.0,0.0,0.0,0.0,0.0,0.0,0.0,0.0,0.0,0.0,0.0,0.0,0.0,0.0,0.0,0.0,0.0,0.0,0.0,0.0,0.0,2,-0.12196889735757363,0.0,0.0,0.0,0.0,0.0,0.0,0.0,0.0,0.0,0.0,0.0,0.0,0.0,0.0,0.0,0.0,0.0,0.0,0.0,0.0,0.0,0.0,0.0,0.0,0.0,0.0,0.0,0.0,0.0,0.0,0.0,0.0,0.0,0.0,0.0,0.0,0.0,0.0,0.0,0.0,0.0,0.0,0.0,0.0,0.0,0.0,0.0,0.0,0.0,0.0,0.0,0.0,0.0,0.0,0.0,0.0,0.0,0.0,0.0,0.0,0.0,0.0,0.0,0.0,0.0,0.0,0.0,0.0,0.0,0.0,0.0,0.0,0.0,0.0,0.0,0.0,0.0,-0.2888277480022972,0.17537407514196668,0.2938060161481524,0.361206930485715,-0.8306729856305979,-0.08387773835212788,14,11,0.9620253164556961,-1.0,1.0,0.0,0.0,0.0,0.0,0.0,1.0,0.0,0.0,0.0,0.0,0.0,0.0,0.0,0.0,0.0,0.0,1
VAR_001253,21.886097070868765,-0.5333930813198503,0.993606027261151,23.839718678873393,-0.6612206922264149,7.404835484257213,463.1489657259845,1.3521871792118394,1.1103078545016698,-0.00022451313543075003,1.719146980249979,26,-1.0,-0.0025051263504647,-0.8722805623995484,0.0,-1.0,0.0,-0.5342733680339927,0.0,-1.0,-0.06704747038063943,0.0,0.0,1.0,0.0,0.0,0.0,-0.17827499340505035,-1.0,-0.28141136766689334,-0.19199928547499207,0.0,0.0,-1.0,0.0,0.0,-1.0,-1.0,0.0,0.0,-1.0,0.0,0.0,0.0,-1.0,0.0,3,0.0,0.0,2,2,0.7400973254466323,0.7558651961686087,0.0,-1.0,-1.0,0.0,-1.0,-1.0,0.0,1.0,0.0,0.0,-1.0,1.0,0.0,0.0,1.0,0.0,0.0,0.0,-1.0,-0.00018498641542609998,0.0,1.0,-1.0,-1.0,-1.0,1.0,-1.0,0.1924182090633455,-1.0,0.0,0.0,0.0007609743831643999,2,18.895872050611523,-1.0,0.0,0.0,0.0,0.0,-1.0,1.0,1.0,0.0,1.0,0.0,0.0,0.0,-1.0,0.0,0.0,0.0,0.0,1.0,-1.0,0.0,0.0,-1.0,-1.0,0.0,0.0,-1.0,0.0,1.0,1.0,0.0,1.0,0.0,1.0,0.0,0.0,0.0,0.0,0.0,0.0,0.0,-1.0,-1.0,-0.0800999856927399,0.0,0.0,0.0,0.002790481823017,0.0,0.0,-1.0,0.0,0.0,1.0,0.0,-1.0,-1.0,3.1938312378477454,-1.0,-0.6426564497491878,-1.2368655736119685,0.0,-1.0,0.0,0.0,0.0,0.0,0.0,0.0,0.0,0.0,0.0,0.0,0.0,0.0,-1.0,0.0,0.1350684136091955,-0.5739289145675348,0.2938060161481524,-0.07746028435935791,0.36978905747710494,-0.0890847979780896,16,3,1.232067510548523,-1.0,0.0,0.0,0.0,0.0,0.0,0.0,1.0,0.0,0.0,0.0,0.0,0.0,0.0,-1.0,1.0,0.0,0.0,1
VAR_004426,0.0,0.0,0.0,0.0,0.0,0.0,0.0,0.0,0.0,0.0,0.0,8,0.0,0.0,0.0,0.0,0.0,0.0,0.0,0.0,0.0,-0.47075160550760514,0.0,0.0,1.0,0.0,0.0,1.0,0.8217250065949496,0.0,-0.28141136766689334,35.470115100902476,0.0,-1.0,0.0,0.0,0.0,0.0,0.0,0.0,0.0,0.0,0.0,0.0,0.0,0.0,0.0,7,0.0,0.0,1,1,-1.3550416152379532,-0.5554632617748576,0.8703444579707816,0.0,0.0,0.0,0.0,0.0,0.0,0.0,0.0,0.0,0.0,0.0,0.0,0.0,0.0,0.0,0.0,0.0,0.0,0.0,0.0,0.0,0.0,0.0,0.0,0.0,0.0,0.0,0.0,0.0,0.0,0.0,1,-0.1314228195188324,0.0,0.0,0.0,0.0,0.0,0.0,0.0,0.0,0.0,0.0,0.0,0.0,0.0,0.0,0.0,0.0,0.0,0.0,0.0,0.0,0.0,0.0,0.0,0.0,0.0,0.0,0.0,0.0,0.0,0.0,0.0,0.0,0.0,0.0,0.0,0.0,0.0,0.0,0.0,0.0,0.0,0.0,0.0,0.0,0.0,0.0,0.0,0.0,0.0,0.0,0.0,0.0,0.0,0.0,0.0,0.0,0.0,0.0,0.0,0.0,0.0,0.0,0.0,0.0,0.0,0.0,0.0,0.0,0.0,0.0,0.0,0.0,0.0,0.0,0.0,0.0,0.0,-4.419934979945086,0.024555869810028545,0.2938060161481524,0.36559398106640656,1.0052495657684166,0.6311646455527039,11,14,-0.8607594936708861,-1.0,1.0,0.0,0.0,0.0,0.0,0.0,0.0,0.0,0.0,0.0,0.0,1.0,0.0,0.0,0.0,0.0,0.0,1
VAR_001048,54.27920174105768,-0.7911157426845056,-0.45925193454331764,0.0,-0.6627843355271488,-0.6216057679363337,-0.8979263398988532,28.764691357279062,58.82987473268421,-0.00037916018883360134,-1.0236842434140865,28,0.0,0.0,0.0,0.0,0.0,0.0,0.0,-1.0,-1.0,0.8441715072595704,0.0,0.0,0.0,0.0,-1.0,0.0,-0.17827499340505035,0.0,-0.28141136766689334,8.71939293072285,0.0,0.0,0.0,0.0,0.0,0.0,0.0,-1.0,0.0,0.0,-1.0,0.0,0.0,0.0,0.0,3,-1.0,0.0,3,3,-1.1414275215730068,-1.765190157242055,-1.0349628172712342,-1.0,-1.0,1.0,-1.0,0.0,0.0,1.0,-1.0,0.0,0.0,0.0,0.0,1.0,1.0,0.0,-1.0,-1.0,0.0,-0.0003206759388280376,1.0,1.0,-1.0,-1.0,0.0,0.928446820751306,-1.0,0.1924182090633455,-1.0,-1.0,0.0,0.0344090871925162,3,-0.036057233665674995,0.0,-1.0,0.0,0.0,0.0,0.0,0.0,1.0,-1.0,0.0,-1.0,-1.0,0.0,0.0,0.0,0.0,0.0,0.0,1.0,0.0,-1.0,0.0,0.0,-1.0,0.0,1.0,-1.0,0.0,0.0,0.0,1.0,1.0,0.0,0.0,0.0,0.0,1.0,0.0,-1.0,0.0,0.0,-1.0,-1.0,-0.0800999856927399,0.0,1.0,-1.0,0.0021134941066620998,0.0,0.0,0.0,-1.0,1.0,0.0,-1.0,-1.0,-1.0,-13.307679851689247,-1.0,0.3573435502508122,6.3797659521948535,0.4065236863685925,0.0,0.0,0.0,0.0,0.0,5.497123972767402,0.0,-1.0,0.0,0.0,-1.0,0.0,1.0,-1.0,-1.0,-18.57483385293293,-3.82116785231634,-19.315239220464438,-1.0163132142903983,-0.054941424260359306,-1.4323771081857948,4,13,0.05063291139240503,1.0,0.0,0.0,0.0,0.0,0.0,0.0,0.0,1.0,0.0,0.0,0.0,0.0,0.0,-1.0,1.0,1.0,0.0,0
VAR_000700,0.04378222055143446,17.930935202812556,64.18179352470584,0.6842514654207316,-0.6104066070198857,-0.5947801661200551,0.4821372197292029,0.46571765669321474,216.95406776724215,-0.00039395595779987894,10.55571353788857,0,0.0,0.0255138322341761,-0.8722805623995484,-1.0,0.0,0.0,-0.5342733680339927,0.0,0.0,0.8441715072595704,0.0,0.0,0.0,0.0,-1.0,0.0,-0.17827499340505035,-1.0,-0.28141136766689334,3.4610789602208274,0.0,-1.0,-1.0,0.0,0.0,0.0,-1.0,0.0,0.0,0.0,-1.0,0.0,0.0,-1.0,0.0,0,-1.0,0.0,3,3,0.9667703182521442,-1.7278677528365993,-1.760756240671103,0.0,0.0,1.0,0.0,0.0,0.0,0.0,0.0,0.0,0.0,1.0,0.0,0.0,0.0,0.0,-1.0,-1.0,-1.0,-0.0001496545247217,1.0,0.0,0.0,-1.0,-1.0,1.0,-1.0,0.1924182090633455,0.0,0.0,0.0,0.00163329538528,3,5.986349021539557,-1.0,0.0,0.0,0.0,1.0,0.0,0.0,0.0,0.0,0.0,-1.0,-1.0,0.0,0.0,0.0,0.0,-1.0,1.0,0.0,0.0,-1.0,0.0,0.0,0.0,0.0,0.0,-1.0,0.0,0.0,0.0,1.0,0.0,-1.0,1.0,0.0,0.0,0.0,0.0,-1.0,0.0,0.0,-1.0,-1.0,0.9199000143072601,0.0,1.0,-1.0,-0.0005218288795060756,-1.0,-1.0,-1.0,0.0,0.0,0.0,0.0,0.0,0.0,-3.7807920896594447,0.0,-0.6426564497491878,6.3797659521948535,1.0,-1.0,0.0,-1.0,1.0,0.0,5.497123972767402,-1.0,0.0,-1.0,0.0,0.0,0.0,0.0,-1.0,0.0,-0.12116045154329816,0.34338647816014006,0.2938060161481524,0.03596117822816065,0.7128837905602998,-0.28267771860029656,16,10,0.15189873417721517,1.5,0.0,0.0,0.0,0.0,0.0,0.0,0.0,1.0,0.0,0.0,0.0,0.0,0.0,0.0,1.0,0.0,1.0,0
VAR_001095,0.0,0.0,0.0,0.0,0.0,0.0,0.0,0.0,0.0,0.0,0.0,8,0.0,0.0,0.0,0.0,0.0,0.0,0.0,-1.0,0.0,0.8441715072595704,1.0,0.0,1.0,0.0,-1.0,0.0,0.8217250065949496,-1.0,0.7185886323331067,-0.12652549257310802,0.0,-1.0,-1.0,0.0,0.0,-1.0,0.0,-1.0,0.0,-1.0,0.0,-1.0,0.0,-1.0,0.0,0,0.0,-1.0,2,2,0.5133926955231012,0.18977409136491027,0.9065721126786479,0.0,0.0,0.0,0.0,0.0,0.0,0.0,0.0,0.0,0.0,0.0,0.0,0.0,0.0,0.0,0.0,0.0,0.0,0.0,0.0,0.0,0.0,0.0,0.0,0.0,0.0,0.0,0.0,0.0,0.0,0.0,2,-0.059672143369028416,0.0,0.0,0.0,0.0,0.0,0.0,0.0,0.0,0.0,0.0,0.0,0.0,0.0,0.0,0.0,0.0,0.0,0.0,0.0,0.0,0.0,0.0,0.0,0.0,0.0,0.0,0.0,0.0,0.0,0.0,0.0,0.0,0.0,0.0,0.0,0.0,0.0,0.0,0.0,0.0,0.0,0.0,0.0,0.0,0.0,0.0,0.0,0.0,0.0,0.0,0.0,0.0,0.0,0.0,0.0,0.0,0.0,0.0,0.0,0.0,0.0,0.0,0.0,0.0,0.0,0.0,0.0,0.0,0.0,0.0,0.0,0.0,0.0,0.0,0.0,0.0,0.0,0.25729155745059906,0.23188253450039806,-0.08181606633243708,0.07937636658352804,-7.018785028546475,-0.128229669988622,14,11,0.9620253164556961,-1.0,1.0,0.0,0.0,0.0,0.0,0.0,1.0,0.0,0.0,0.0,0.0,0.0,0.0,0.0,1.0,0.0,1.0,1
VAR_001278,5.330347416575695,211.22963449514685,6.742264252093369,-0.2942218960826655,199.78322376056317,-0.5161989968476275,24.690148074913466,24.267624030520686,2.454725062415042,0.03127512360279735,125.56765572874772,0,0.0,0.0303702396739221,0.12771943760045157,0.0,0.0,0.0,0.4657266319660073,0.0,0.0,0.8441715072595704,1.0,0.0,1.0,0.0,0.0,1.0,0.8217250065949496,0.0,0.7185886323331067,52.23153483820491,0.0,-1.0,-1.0,0.0,0.0,0.0,0.0,0.0,0.0,0.0,-1.0,0.0,0.0,0.0,0.0,0,0.0,0.0,0,0,0.12747464420573595,-6.741821291715188,0.0,0.0,0.0,1.0,-1.0,0.0,0.0,1.0,-1.0,0.0,0.0,0.0,0.0,1.0,1.0,0.0,0.0,-1.0,-1.0,0.0021382420344481,1.0,1.0,-1.0,-1.0,0.0,1.0,0.0,0.1924182090633455,0.0,0.0,0.0,0.0571435482903735,0,20.842535304934763,0.0,0.0,0.0,1.0,0.0,-1.0,1.0,1.0,0.0,1.0,0.0,0.0,0.0,0.0,0.0,-1.0,-1.0,0.0,1.0,0.0,0.0,0.0,-1.0,0.0,-1.0,0.0,0.0,1.0,1.0,1.0,1.0,1.0,0.0,1.0,0.0,0.0,0.0,0.0,0.0,1.0,-1.0,-1.0,0.0,0.9199000143072601,1.0,0.0,0.0,0.020904759624794798,-1.0,-1.0,-1.0,0.0,0.0,1.0,0.0,0.0,0.0,115.16294928620552,0.0,0.3573435502508122,6.3797659521948535,0.0,0.0,-1.0,0.0,0.0,0.0,0.0,-1.0,0.0,-1.0,-1.0,0.0,0.0,1.0,-1.0,-1.0,-19.391134068209873,-10.603256456019965,-20.413604618804733,-1.1437520554577445,0.6425482629924208,-2.2210040125737693,19,12,0.4894514767932488,0.0,-0.5,0.0,0.0,0.0,0.0,0.0,1.0,0.0,0.0,0.0,0.0,0.0,0.0,0.0,1.0,0.0,1.0,0
VAR_000624,0.0,0.0,0.0,0.0,0.0,0.0,0.0,0.0,0.0,0.0,0.0,8,0.0,0.0,0.0,0.0,0.0,0.0,0.0,0.0,0.0,-0.47075160550760514,1.0,0.0,1.0,0.0,-1.0,0.0,0.8217250065949496,0.0,-0.28141136766689334,1.6698973349488335,-1.0,0.0,-1.0,0.0,0.0,0.0,0.0,0.0,0.0,0.0,0.0,0.0,0.0,0.0,0.0,7,0.0,0.0,0,0,0.8526796990073517,-0.19897749907918238,-0.10291483894113443,0.0,0.0,0.0,0.0,0.0,0.0,0.0,0.0,0.0,0.0,0.0,0.0,0.0,0.0,0.0,0.0,0.0,0.0,0.0,0.0,0.0,0.0,0.0,0.0,0.0,0.0,0.0,0.0,0.0,0.0,0.0,0,0.23970674738737602,0.0,0.0,0.0,0.0,0.0,0.0,0.0,0.0,0.0,0.0,0.0,0.0,0.0,0.0,0.0,0.0,0.0,0.0,0.0,0.0,0.0,0.0,0.0,0.0,0.0,0.0,0.0,0.0,0.0,0.0,0.0,0.0,0.0,0.0,0.0,0.0,0.0,0.0,0.0,0.0,0.0,0.0,0.0,0.0,0.0,0.0,0.0,0.0,0.0,0.0,0.0,0.0,0.0,0.0,0.0,0.0,0.0,0.0,0.0,0.0,0.0,0.0,0.0,0.0,0.0,0.0,0.0,0.0,0.0,0.0,0.0,0.0,0.0,0.0,0.0,0.0,0.0,0.25729155745059906,0.1030008189286106,-1.2602752564362367,-0.44908896011306704,0.9112722300823632,-0.6092347358113835,4,7,0.5738396624472573,0.0,0.0,0.0,1.0,0.0,0.0,0.0,0.0,0.0,0.0,0.0,0.0,0.0,0.0,0.0,0.0,0.0,0.0,0
VAR_004520,-0.8879978100195832,-0.7990183186070159,-0.4449326869496251,-0.5107311668501792,-0.20547238615761093,120.47327519573264,4.20575950801579,-0.8511301677472577,0.8095481369235549,0.056142611698027346,-0.33763642153911466,30,0.0,0.0,0.0,0.0,0.0,0.0,0.0,0.0,-1.0,0.8441715072595704,0.0,-1.0,0.0,-1.0,-1.0,0.0,0.8217250065949496,0.0,0.7185886323331067,8.916316091554714,0.0,0.0,0.0,0.0,0.0,-1.0,-1.0,-1.0,0.0,-1.0,0.0,-1.0,-1.0,0.0,-1.0,6,0.0,0.0,0,0,-0.48990789861671347,-7.0838206534881545,-6.474046265812295,0.0,0.0,1.0,0.0,-1.0,0.0,0.0,-1.0,0.0,-1.0,0.0,-1.0,1.0,1.0,-1.0,0.0,-1.0,-1.0,-0.0003368550555195984,0.0,1.0,0.0,0.0,-1.0,0.0,-1.0,0.1924182090633455,-1.0,-1.0,0.0,0.0,0,8.670376040390767,0.0,-1.0,0.0,0.0,0.0,-1.0,0.0,0.0,-1.0,1.0,0.0,-1.0,1.0,-1.0,0.0,0.0,-1.0,1.0,1.0,0.0,-1.0,0.0,0.0,-1.0,-1.0,0.0,0.0,0.0,0.0,1.0,1.0,0.0,-1.0,1.0,0.0,0.0,1.0,-1.0,0.0,0.9957737383820968,0.0,0.0,-1.0,0.9199000143072601,1.0,0.0,-1.0,-0.0005217761053599195,-1.0,-1.0,0.0,0.0,0.0,1.0,0.0,0.0,0.0,-8.26479255063685,-1.0,-0.6426564497491878,6.3797659521948535,0.9490123582604896,-1.0,-1.0,-1.0,1.0,-5.403398540087705,0.0,-1.0,-1.0,0.0,-1.0,0.0,0.0,1.0,0.0,-1.0,-19.391134068209873,0.2517072125315058,-20.413604618804733,-1.2793727879381636,0.13650529954737933,-1.534027691199163,9,11,-0.0675105485232068,1.5,1.0,0.0,0.0,0.0,0.0,0.0,0.0,0.0,0.0,0.0,0.0,0.0,0.0,-1.0,1.0,0.0,0.0,0
VAR_004410,-0.6239047085237327,-0.8061270758407072,25.71227445203499,-0.4716342081089341,-0.5821924002829928,-0.6216058963466241,-0.9036150576126865,-1.011730177257819,-0.5899110962400238,0.0,3.1597898644740043,16,0.0,0.0,0.0,0.0,0.0,0.0,0.0,-1.0,0.0,-0.47075160550760514,0.0,0.0,1.0,0.0,0.0,1.0,0.8217250065949496,0.0,0.7185886323331067,29.164781855251967,0.0,-1.0,-1.0,0.0,-1.0,0.0,-1.0,-1.0,0.0,0.0,-1.0,0.0,0.0,-1.0,0.0,3,-1.0,-1.0,2,2,0.25290324588605195,0.1743501592650123,0.0,-1.0,-1.0,1.0,0.0,-1.0,-1.0,1.0,-1.0,0.0,0.0,0.0,-1.0,0.0,0.0,0.0,0.0,0.0,-1.0,0.0029521862449322,1.0,1.0,-1.0,0.0,0.0,1.0,0.0,-0.8075817909366545,-1.0,0.0,-1.0,-0.0006522878428782161,2,-0.09241255847295705,-1.0,0.0,0.0,1.0,1.0,-1.0,1.0,1.0,-1.0,0.0,-1.0,-1.0,1.0,0.0,0.0,-1.0,0.0,0.0,1.0,0.0,-1.0,0.0,-1.0,-1.0,0.0,0.0,0.0,1.0,1.0,1.0,1.0,0.0,0.0,0.0,-1.0,-1.0,1.0,0.0,-1.0,0.0,-1.0,0.0,0.0,0.9199000143072601,1.0,0.0,0.0,-0.0005218225691601162,0.0,-1.0,0.0,0.0,1.0,0.0,0.0,-1.0,-1.0,-13.831818372073121,0.0,-0.6426564497491878,-1.2368655736119685,0.0,-1.0,0.0,-1.0,0.0,0.0,0.0,-1.0,-1.0,0.0,0.0,-1.0,1.0,1.0,0.0,-1.0,-0.803046066969011,-1.061840750303085,0.2938060161481524,-0.9209264430604299,0.2148333484072651,-0.02109831473468326,12,9,0.48945147679324885,1.0,0.5,0.0,0.0,0.0,0.0,0.0,0.0,0.0,0.0,0.0,0.0,0.0,0.0,0.0,1.0,1.0,0.0,0
VAR_004605,8.665590409664937,-0.811830496353365,-0.4609935180589624,-0.5038959568394316,-0.510836446445048,0.8462699730704403,-0.9671208597545952,-0.7570100044402739,0.7415821344902577,0.0,17.2445593670549,16,0.0,0.0,0.0,0.0,0.0,0.0,0.0,0.0,-1.0,-0.47075160550760514,1.0,0.0,0.0,0.0,0.0,0.0,-0.17827499340505035,0.0,-0.28141136766689334,-0.1920024377137588,0.0,0.0,-1.0,0.0,-1.0,0.0,-1.0,0.0,0.0,0.0,-1.0,0.0,0.0,0.0,0.0,5,-1.0,0.0,1,1,-1.6260711887216297,-0.04735589144559715,0.2819763772223173,-1.0,-1.0,1.0,0.0,-1.0,0.0,0.0,0.0,0.0,0.0,0.0,-1.0,0.0,0.0,-1.0,-1.0,0.0,0.0,-0.0003378095976536611,1.0,1.0,-0.291350431863014,-1.0,0.0,1.0,-1.0,0.1924182090633455,0.0,-1.0,0.0,-0.0007331234816446686,1,0.11083387210098904,0.0,-1.0,0.0,1.0,0.0837327510010138,-1.0,1.0,0.0,0.0,0.0,0.0,0.0,1.0,0.0,0.0,0.0,-1.0,1.0,0.0,0.0,-1.0,-1.0,-1.0,0.0,0.0,1.0,0.0,1.0,1.0,1.0,0.0,1.0,0.0,0.0,0.0,0.0,0.0,0.0,0.0,0.0,0.0,-1.0,-1.0,-0.0800999856927399,1.0,0.0,-1.0,-0.0004255609458650601,-1.0,0.0,-1.0,0.0,1.0,0.0,0.0,-1.0,-1.0,-13.80300696617738,0.0,0.3573435502508122,-1.2368655736119685,1.0,0.0,0.0,-1.0,0.0,-5.403398540087705,0.0,-1.0,-1.0,-1.0,0.0,0.0,0.0,0.0,0.0,-1.0,-0.4343405035097058,-1.5475403005579587,0.06562128000646356,-0.040259169469147794,1.0052495657684166,-0.31339535698487675,17,14,-0.08438818565400846,0.0,1.0,0.0,0.0,0.0,0.0,0.0,0.0,0.0,0.0,0.0,0.0,1.0,0.0,0.0,1.0,1.0,0.0,1
VAR_000976,0.0,0.0,0.0,0.0,0.0,0.0,0.0,0.0,0.0,0.0,0.0,8,0.0,0.0,0.0,0.0,0.0,0.0,0.0,0.0,0.0,0.0,0.0,0.0,0.0,0.0,0.0,0.0,0.0,0.0,0.0,0.0,0.0,0.0,0.0,0.0,0.0,0.0,0.0,0.0,0.0,0.0,0.0,0.0,0.0,0.0,0.0,7,0.0,0.0,3,3,0.37445384755943484,0.331082274874703,0.0,0.0,0.0,0.0,0.0,0.0,0.0,0.0,0.0,0.0,0.0,0.0,0.0,0.0,0.0,0.0,0.0,0.0,0.0,0.0,0.0,0.0,0.0,0.0,0.0,0.0,0.0,0.0,0.0,0.0,0.0,0.0,3,0.0,0.0,0.0,0.0,0.0,0.0,0.0,0.0,0.0,0.0,0.0,0.0,0.0,0.0,0.0,0.0,0.0,0.0,0.0,0.0,0.0,0.0,0.0,0.0,0.0,0.0,0.0,0.0,0.0,0.0,0.0,0.0,0.0,0.0,0.0,0.0,0.0,0.0,0.0,0.0,0.0,0.0,0.0,0.0,0.0,0.0,0.0,0.0,0.0,0.0,0.0,0.0,0.0,0.0,0.0,0.0,0.0,0.0,0.0,0.0,0.0,0.0,0.0,0.0,0.0,0.0,0.0,0.0,0.0,0.0,0.0,0.0,0.0,0.0,0.0,0.0,0.0,0.0,-1.722904003381614,0.34338647816014006,-1.0228080500954337,0.060926161668118824,0.7727346169317392,0.7305142705128685,5,4,0.05063291139240503,1.5,1.0,0.0,0.0,0.0,0.0,0.0,0.0,0.0,0.0,0.0,0.0,0.0,0.0,0.0,0.0,0.0,0.0,1
VAR_000987,0.0,0.0,0.0,0.0,0.0,0.0,0.0,0.0,0.0,0.0,0.0,8,0.0,0.0,0.0,0.0,0.0,0.0,0.0,0.0,0.0,0.0,0.0,0.0,0.0,0.0,0.0,0.0,0.0,0.0,0.0,0.0,0.0,0.0,0.0,0.0,0.0,0.0,0.0,0.0,0.0,0.0,0.0,0.0,0.0,0.0,0.0,7,0.0,0.0,3,3,0.8824772440117654,0.7558651961686087,1.4893390112835232,0.0,0.0,0.0,0.0,0.0,0.0,0.0,0.0,0.0,0.0,0.0,0.0,0.0,0.0,0.0,0.0,0.0,0.0,0.0,0.0,0.0,0.0,0.0,0.0,0.0,0.0,0.0,0.0,0.0,0.0,0.0,3,0.0,0.0,0.0,0.0,0.0,0.0,0.0,0.0,0.0,0.0,0.0,0.0,0.0,0.0,0.0,0.0,0.0,0.0,0.0,0.0,0.0,0.0,0.0,0.0,0.0,0.0,0.0,0.0,0.0,0.0,0.0,0.0,0.0,0.0,0.0,0.0,0.0,0.0,0.0,0.0,0.0,0.0,0.0,0.0,0.0,0.0,0.0,0.0,0.0,0.0,0.0,0.0,0.0,0.0,0.0,0.0,0.0,0.0,0.0,0.0,0.0,0.0,0.0,0.0,0.0,0.0,0.0,0.0,0.0,0.0,0.0,0.0,0.0,0.0,0.0,0.0,0.0,0.0,-1.0770549229152884,-0.2849890282049401,-0.7703230190110542,0.8602251806955874,0.4865563277627725,0.7683848045921933,7,5,-0.47257383966244726,-0.5,0.0,0.0,0.0,0.0,0.0,0.0,0.0,1.0,0.0,0.0,0.0,0.0,0.0,0.0,0.0,0.0,0.0,1
VAR_001024,0.0,0.0,0.0,0.0,0.0,0.0,0.0,0.0,0.0,0.0,0.0,8,0.0,0.0,0.0,0.0,0.0,0.0,0.0,0.0,-1.0,0.39276695193512884,0.0,0.0,0.0,0.0,0.0,0.0,-0.17827499340505035,-1.0,-0.18321678138980413,-0.0013987494879641623,0.0,0.0,0.0,0.0,0.0,-1.0,0.0,0.0,0.0,0.0,0.0,0.0,-1.0,0.0,0.0,1,-1.0,0.0,3,3,-0.9321011215640679,-0.347488136125303,0.9888676112844732,0.0,0.0,0.0,0.0,0.0,0.0,0.0,0.0,0.0,0.0,0.0,0.0,0.0,0.0,0.0,0.0,0.0,0.0,0.0,0.0,0.0,0.0,0.0,0.0,0.0,0.0,0.0,0.0,0.0,0.0,0.0,3,-0.11100750397451284,0.0,0.0,0.0,0.0,0.0,0.0,0.0,0.0,0.0,0.0,0.0,0.0,0.0,0.0,0.0,0.0,0.0,0.0,0.0,0.0,0.0,0.0,0.0,0.0,0.0,0.0,0.0,0.0,0.0,0.0,0.0,0.0,0.0,0.0,0.0,0.0,0.0,0.0,0.0,0.0,0.0,0.0,0.0,0.0,0.0,0.0,0.0,0.0,0.0,0.0,0.0,0.0,0.0,0.0,0.0,0.0,0.0,0.0,0.0,0.0,0.0,0.0,0.0,0.0,0.0,0.0,0.0,0.0,0.0,0.0,0.0,0.0,0.0,0.0,0.0,0.0,0.0,0.25729155745059906,-0.7657095874342211,0.008544450151903001,0.7040238852031775,0.03076585144206166,0.6425288327266481,17,13,-0.4050632911392405,1.0,0.0,0.0,0.0,0.0,0.0,0.0,0.0,1.0,0.0,0.0,0.0,0.0,0.0,0.0,1.0,0.0,0.0,1
VAR_000684,0.48015768250053537,-0.8121212547773385,10.682233244432155,149.92276451271678,0.0,-0.6210404743037263,-0.9734125008089549,116.8660270405632,-0.6055795197780286,0.0,-1.0460796991407093,16,0.0,0.0,0.0,0.0,0.0,0.0,0.0,-1.0,0.0,-0.1488685911251686,0.0,0.0,1.0,0.0,0.0,1.0,0.8217250065949496,-1.0,-0.28141136766689334,-0.19200266140643157,0.0,0.0,0.0,0.0,0.0,0.0,0.0,0.0,0.0,0.0,0.0,0.0,0.0,0.0,0.0,7,0.0,0.0,4,4,-0.8540134837775585,0.22538746900865267,0.3498905323513413,0.0,0.0,0.0,0.0,0.0,0.0,0.0,0.0,0.0,0.0,0.0,0.0,0.0,0.0,0.0,0.0,0.0,0.0,0.0,0.0,0.0,0.0,0.0,0.0,0.0,0.0,0.0,0.0,0.0,0.0,0.0,4,-0.13002886163521002,0.0,0.0,0.0,0.0,0.0,0.0,0.0,0.0,0.0,0.0,0.0,0.0,0.0,0.0,0.0,0.0,0.0,0.0,0.0,0.0,0.0,0.0,0.0,0.0,0.0,0.0,0.0,0.0,0.0,0.0,0.0,0.0,0.0,0.0,0.0,0.0,0.0,0.0,0.0,0.0,0.0,0.0,0.0,0.0,0.0,0.0,0.0,0.0,0.0,0.0,0.0,0.0,0.0,0.0,0.0,0.0,-1.0,1482.8489821494647,0.0,0.3573435502508122,4.708477754304874,1.0,0.0,-1.0,0.0,0.0,-5.403398540087705,0.0,-1.0,-1.0,-1.0,-1.0,0.0,1.0,0.0,0.0,0.0,-0.4689380512578142,0.34338647816014006,0.2938060161481524,0.32287892221614994,-1.1484910417230327,0.019663688175387713,6,19,-0.5569620253164556,-0.5,0.0,0.0,0.0,0.0,0.0,0.0,0.0,0.0,0.0,0.0,0.0,1.0,0.0,0.0,0.0,1.0,0.0,1
VAR_000603,0.0,0.0,0.0,0.0,0.0,0.0,0.0,0.0,0.0,0.0,0.0,8,0.0,0.0,0.0,0.0,0.0,0.0,0.0,0.0,0.0,0.0,0.0,0.0,0.0,0.0,0.0,0.0,0.0,0.0,0.0,0.0,0.0,0.0,0.0,0.0,0.0,0.0,0.0,0.0,0.0,0.0,0.0,0.0,0.0,0.0,0.0,7,0.0,0.0,3,3,0.21194845899805062,0.674777275292527,0.0,0.0,0.0,0.0,0.0,-1.0,0.0,0.0,-1.0,0.0,0.0,0.0,0.0,1.0,0.0,-1.0,0.0,-1.0,0.0,-0.00033781267268528155,1.0,1.0,-1.0,0.0,-1.0,0.0,0.0,-0.8075817909366545,-1.0,0.0,0.0,0.0,3,2.5117222945379836,0.0,0.0,0.0,0.0,0.0,0.0,0.0,0.0,0.0,0.0,0.0,0.0,0.0,0.0,0.0,0.0,0.0,0.0,0.0,0.0,0.0,0.0,0.0,0.0,0.0,0.0,0.0,0.0,0.0,0.0,0.0,0.0,0.0,0.0,0.0,0.0,0.0,0.0,0.0,0.0,0.0,0.0,0.0,0.0,0.0,0.0,0.0,0.0,0.0,0.0,0.0,0.0,0.0,0.0,0.0,0.0,0.0,0.5250516065567642,0.0,-0.6426564497491878,-1.2368655736119685,0.3937481549873891,-1.0,0.0,0.0,0.0,-5.403398540087705,5.497123972767402,-1.0,0.0,0.0,-1.0,0.0,1.0,0.0,-1.0,0.0,0.25729155745059906,0.30562029891552955,-1.3027737417487295,0.31598456274669867,-0.7127827285657539,0.3740529370909331,4,24,0.42194092827004215,-1.0,0.0,0.0,0.0,0.0,0.0,0.0,0.0,0.0,0.0,1.0,0.0,0.0,0.0,0.0,0.0,0.0,0.0,0
VAR_000574,0.0,0.0,0.0,0.0,0.0,0.0,0.0,0.0,0.0,0.0,0.0,8,0.0,0.0,0.0,0.0,0.0,0.0,0.0,0.0,0.0,0.0,0.0,0.0,0.0,0.0,0.0,0.0,0.0,0.0,0.0,0.0,0.0,0.0,0.0,0.0,0.0,0.0,0.0,0.0,0.0,0.0,0.0,0.0,0.0,0.0,0.0,7,0.0,0.0,4,4,0.3284858633577512,-0.29807207978578526,-1.5803146581799665,0.0,0.0,0.0,0.0,0.0,0.0,0.0,0.0,0.0,0.0,0.0,0.0,0.0,0.0,0.0,0.0,0.0,0.0,0.0,0.0,0.0,0.0,0.0,0.0,0.0,0.0,0.0,0.0,0.0,0.0,0.0,4,0.0,0.0,0.0,0.0,0.0,0.0,0.0,0.0,0.0,0.0,0.0,0.0,0.0,0.0,0.0,0.0,0.0,0.0,0.0,0.0,0.0,0.0,0.0,0.0,0.0,0.0,0.0,0.0,0.0,0.0,0.0,0.0,0.0,0.0,0.0,0.0,0.0,0.0,0.0,0.0,0.0,0.0,0.0,0.0,0.0,0.0,0.0,0.0,0.0,0.0,0.0,0.0,0.0,0.0,0.0,0.0,0.0,0.0,0.0,0.0,0.0,0.0,0.0,0.0,0.0,0.0,0.0,0.0,0.0,0.0,0.0,0.0,0.0,0.0,0.0,0.0,0.0,0.0,0.25729155745059906,0.34338647816014006,-0.36628573539787,0.3373222686013331,0.23770654714951994,0.042338092912246376,11,17,-1.350210970464135,-0.5,1.0,0.0,0.0,0.0,0.0,0.0,0.0,0.0,0.0,0.0,0.0,0.0,1.0,0.0,0.0,0.0,0.0,1
VAR_000661,164.167816796397,-0.8117949685349002,-0.46099351940201144,1.8202970186597958,-0.4485598975970175,11.367207949883841,152.10543184676493,-0.6600508001521618,7.053870216385526,0.0,8.489930631548782,16,0.0,0.0,0.0,0.0,0.0,0.0,0.0,0.0,0.0,0.0,0.0,0.0,0.0,0.0,0.0,0.0,0.0,0.0,0.0,0.0,0.0,0.0,0.0,0.0,0.0,0.0,0.0,0.0,0.0,0.0,0.0,0.0,0.0,0.0,0.0,7,0.0,0.0,3,3,-1.4851799650855206,-0.4135595204144177,0.0,0.0,-1.0,1.0,0.0,-1.0,-1.0,1.0,0.0,0.0,0.0,1.0,-1.0,1.0,1.0,-1.0,0.0,0.0,-1.0,0.0117505425584171,1.0,1.0,0.0,0.0,0.0,0.0,-1.0,-0.8075817909366545,-1.0,-1.0,0.0,0.0,3,-0.13064214923283873,0.0,0.0,0.0,0.0,0.0,0.0,0.0,0.0,0.0,0.0,0.0,0.0,0.0,0.0,0.0,0.0,0.0,0.0,0.0,0.0,0.0,0.0,0.0,0.0,0.0,0.0,0.0,0.0,0.0,0.0,0.0,0.0,0.0,0.0,0.0,0.0,0.0,0.0,0.0,0.0,0.0,0.0,0.0,0.0,0.0,0.0,0.0,0.0,0.0,0.0,0.0,0.0,0.0,0.0,0.0,0.0,-1.0,1387.9750972787733,-1.0,-0.6426564497491878,6.3797659521948535,0.0,0.0,-1.0,0.0,1.0,0.0,5.497123972767402,0.0,-1.0,0.0,-1.0,-1.0,0.0,0.0,-1.0,-1.0,0.25729155745059906,-0.7185552943271329,0.2938060161481524,0.21186598556717282,-0.7579641449383924,0.5957316830006172,12,9,0.48945147679324885,1.0,0.5,0.0,0.0,0.0,0.0,0.0,0.0,0.0,0.0,0.0,0.0,0.0,0.0,0.0,0.0,1.0,0.0,1
VAR_001088,3.5970090937892985,0.698905348372082,41.554301902849566,-0.5107311531240654,-0.662784353123765,-0.6216059101134369,178.4016637849091,-1.0092091374543373,-0.4809966323733311,0.0,-0.6454654028215547,16,0.0,0.0,0.0,0.0,0.0,0.0,0.0,0.0,0.0,0.0,0.0,0.0,0.0,0.0,0.0,0.0,0.0,0.0,0.0,0.0,0.0,0.0,0.0,0.0,0.0,0.0,0.0,0.0,0.0,0.0,0.0,0.0,0.0,0.0,0.0,7,0.0,0.0,3,3,-0.06014557173411119,-0.7654489197555733,0.08320635771762744,0.0,0.0,0.0,0.0,0.0,0.0,0.0,0.0,0.0,0.0,0.0,0.0,0.0,0.0,0.0,0.0,0.0,0.0,0.0,0.0,0.0,0.0,0.0,0.0,0.0,0.0,0.0,0.0,0.0,0.0,0.0,3,-0.12511447806692585,0.0,0.0,0.0,0.0,0.0,0.0,0.0,0.0,0.0,0.0,0.0,0.0,0.0,0.0,0.0,0.0,0.0,0.0,0.0,0.0,0.0,0.0,0.0,0.0,0.0,0.0,0.0,0.0,0.0,0.0,0.0,0.0,0.0,0.0,0.0,0.0,0.0,0.0,0.0,0.0,0.0,0.0,0.0,0.0,0.0,0.0,0.0,0.0,0.0,0.0,0.0,0.0,0.0,0.0,0.0,0.0,0.0,-13.877492678298834,-1.0,0.3573435502508122,6.190242751536147,1.0,0.0,-1.0,-1.0,0.0,-5.403398540087705,5.497123972767402,-1.0,0.0,0.0,0.0,0.0,1.0,0.0,-1.0,0.0,-1.255868073656055,0.34338647816014006,0.2938060161481524,-0.8042638732699902,0.39875678302303924,0.06498490740817155,0,14,-0.5232067510548524,0.0,1.0,0.0,0.0,0.0,0.0,0.0,0.0,0.0,1.0,0.0,0.0,0.0,0.0,0.0,0.0,1.0,0.0,1
VAR_000967,-0.968784041838284,126.71886368943782,-0.35286603723240084,177.81952094052224,-0.013841567898507694,21.38301347134676,-0.966411435450029,-1.0117314480183277,26.744102679094915,0.0,-0.9550220510091583,16,0.0,0.0,0.0,0.0,0.0,0.0,0.0,-1.0,0.0,0.693604318781932,0.0,0.0,1.0,0.0,-1.0,1.0,0.8217250065949496,-1.0,-0.28141136766689334,21.052443815635403,0.0,0.0,0.0,0.0,0.0,0.0,0.0,0.0,0.0,0.0,0.0,0.0,0.0,0.0,0.0,7,0.0,0.0,4,4,0.5590835997803147,0.7019918692397312,0.0,0.0,0.0,0.0,0.0,0.0,0.0,0.0,0.0,0.0,0.0,0.0,0.0,0.0,0.0,0.0,0.0,0.0,0.0,0.0,0.0,0.0,0.0,0.0,0.0,0.0,0.0,0.0,0.0,0.0,0.0,0.0,4,11.256750829758104,0.0,0.0,0.0,0.0,0.0,0.0,0.0,0.0,0.0,0.0,0.0,0.0,0.0,0.0,0.0,0.0,0.0,0.0,0.0,0.0,0.0,0.0,0.0,0.0,0.0,0.0,0.0,0.0,0.0,0.0,0.0,0.0,0.0,0.0,0.0,0.0,0.0,0.0,0.0,0.0,0.0,0.0,0.0,0.0,0.0,0.0,0.0,0.0,0.0,0.0,0.0,0.0,0.0,0.0,0.0,0.0,-1.0,1143.4183380909537,0.0,-0.6426564497491878,6.3797659521948535,0.0,-1.0,-1.0,0.0,1.0,0.0,0.0,-1.0,0.0,0.0,-1.0,-1.0,0.0,1.0,0.0,-1.0,0.25729155745059906,0.1275011364528005,0.2938060161481524,0.4543478441701861,-0.5775276732726617,0.06452614868186309,6,22,0.2869198312236287,0.0,0.0,0.0,0.0,0.0,0.0,0.0,0.0,0.0,0.0,0.0,0.0,0.0,1.0,0.0,0.0,1.0,0.0,1
VAR_001272,3.9634078910462356,-0.3874074411465997,-0.45830579467554755,-0.5107311522083555,-0.6627826319261979,14.19161287965937,-0.7750742062303273,-0.8658687902645281,-0.5218938203050901,0.031759943915378945,2.1235256090433285,9,0.0,0.0,0.0,0.0,0.0,0.0,0.0,0.0,-1.0,0.8441715072595704,1.0,0.0,0.0,0.0,-1.0,1.0,-0.17827499340505035,-1.0,0.7185886323331067,-0.18958400812835857,0.0,-1.0,-1.0,0.0,0.0,-1.0,-1.0,0.0,-1.0,0.0,-1.0,0.0,0.0,0.0,0.0,0,0.0,-1.0,0,0,0.3889629179684236,0.7558651961686087,0.0,-1.0,-1.0,0.0,0.0,-1.0,0.0,0.0,0.0,-1.0,-1.0,0.0,0.0,0.0,0.0,0.0,-1.0,-1.0,0.0,-0.0003361750513839532,1.0,1.0,-1.0,-1.0,0.0,0.0,0.0,-0.8075817909366545,0.0,-1.0,0.0,0.0,0,-0.07915727327276123,0.0,0.0,-1.0,1.0,0.0,-1.0,0.0,0.0,0.0,1.0,0.0,-1.0,1.0,0.0,0.0,-1.0,-1.0,1.0,1.0,0.0,-1.0,0.0,0.0,-1.0,-1.0,0.0,0.0,0.0,0.0,0.0,0.0,1.0,0.0,0.0,-1.0,-1.0,1.0,-1.0,0.0,0.0,0.0,0.0,-1.0,-0.0800999856927399,1.0,1.0,0.0,-0.00045324350753751525,-1.0,0.0,0.0,0.0,0.0,1.0,0.0,0.0,0.0,0.0,0.0,0.0,0.0,0.0,0.0,0.0,0.0,0.0,0.0,0.0,0.0,0.0,0.0,0.0,0.0,0.0,0.0,0.0,0.0,-0.3084924921704099,-6.177621332124444,0.06166040480474043,0.8602251806955874,0.5632247038015796,0.40236054503785373,17,11,0.8270042194092825,-0.5,0.0,0.0,0.0,0.0,0.0,0.0,1.0,0.0,0.0,0.0,0.0,0.0,0.0,0.0,1.0,0.0,1.0,1
VAR_004647,-0.3641647720582109,-0.6708058128185668,30.88480555858984,0.63213945537723,-0.5744968941562569,3.257410289469024,0.7281017756429348,17.004145490867522,1.3138197407092136,-0.00039437101259532585,2.961913135655223,27,0.0,0.0,0.0,0.0,0.0,0.0,0.0,0.0,0.0,0.0,0.0,0.0,0.0,0.0,0.0,0.0,0.0,0.0,0.0,0.0,0.0,0.0,0.0,0.0,0.0,0.0,0.0,0.0,0.0,0.0,0.0,0.0,0.0,0.0,0.0,7,0.0,0.0,5,5,0.0,0.0,0.0,0.0,0.0,0.0,0.0,0.0,0.0,0.0,0.0,0.0,0.0,0.0,0.0,0.0,0.0,0.0,0.0,0.0,0.0,0.0,0.0,0.0,0.0,0.0,0.0,0.0,0.0,0.0,0.0,0.0,0.0,0.0,5,0.0,0.0,0.0,0.0,0.0,0.0,0.0,0.0,0.0,0.0,0.0,0.0,0.0,0.0,0.0,0.0,0.0,0.0,0.0,0.0,0.0,0.0,0.0,0.0,0.0,0.0,0.0,0.0,0.0,0.0,0.0,0.0,0.0,0.0,0.0,0.0,0.0,0.0,0.0,0.0,0.0,0.0,0.0,0.0,0.0,0.0,0.0,0.0,0.0,0.0,0.0,0.0,0.0,0.0,0.0,0.0,0.0,0.0,0.0,0.0,0.0,0.0,0.0,0.0,0.0,0.0,0.0,0.0,0.0,0.0,0.0,0.0,0.0,0.0,0.0,0.0,0.0,0.0,0.0,0.0,0.0,0.0,0.0,0.0,24,25,0.0,0.0,0.0,0.0,0.0,0.0,0.0,0.0,0.0,0.0,0.0,0.0,0.0,0.0,0.0,-1.0,0.0,0.0,0.0,1
VAR_000948,0.0,0.0,0.0,0.0,0.0,0.0,0.0,0.0,0.0,0.0,0.0,8,0.0,0.0,0.0,0.0,0.0,0.0,0.0,0.0,0.0,0.0,0.0,0.0,0.0,0.0,0.0,0.0,0.0,0.0,0.0,0.0,0.0,0.0,0.0,0.0,0.0,0.0,0.0,0.0,0.0,0.0,0.0,0.0,0.0,0.0,0.0,7,0.0,0.0,2,2,0.8620254009060608,-1.3348625627875657,-0.7604772471014389,0.0,0.0,0.0,0.0,0.0,0.0,0.0,0.0,0.0,0.0,0.0,0.0,0.0,0.0,0.0,0.0,0.0,0.0,0.0,0.0,0.0,0.0,0.0,0.0,0.0,0.0,0.0,0.0,0.0,0.0,0.0,2,0.0,0.0,0.0,0.0,0.0,0.0,0.0,0.0,0.0,0.0,0.0,0.0,0.0,0.0,0.0,0.0,0.0,0.0,0.0,0.0,0.0,0.0,0.0,0.0,0.0,0.0,0.0,0.0,0.0,0.0,0.0,0.0,0.0,0.0,0.0,0.0,0.0,0.0,0.0,0.0,0.0,0.0,0.0,0.0,0.0,0.0,0.0,0.0,0.0,0.0,0.0,0.0,0.0,0.0,0.0,0.0,0.0,0.0,0.0,0.0,0.0,0.0,0.0,0.0,0.0,0.0,0.0,0.0,0.0,0.0,0.0,0.0,0.0,0.0,0.0,0.0,0.0,0.0,-1.1214729119893048,0.34338647816014006,0.2938060161481524,-0.6182563315146804,-0.6518072116605919,-0.7784510865199925,13,10,-0.0168776371308017,0.5,1.0,0.0,0.0,0.0,0.0,0.0,0.0,0.0,0.0,0.0,0.0,0.0,0.0,0.0,0.0,0.0,0.0,1
VAR_003681,0.0,0.0,0.0,0.0,0.0,0.0,0.0,0.0,0.0,-0.00012925756686945,-0.9982446254923749,23,0.0,0.0,0.0,0.0,0.0,0.0,0.0,0.0,-1.0,0.23266310786103042,1.0,-1.0,1.0,0.0,-1.0,1.0,-0.17827499340505035,0.0,-0.28141136766689334,2.6409803935463105,0.0,0.0,0.0,0.0,-1.0,-1.0,-1.0,0.0,0.0,-1.0,0.0,0.0,-1.0,0.0,0.0,1,-1.0,-1.0,2,2,-0.1968550873302128,-0.10217417076848082,-1.1076250161501224,0.0,-1.0,0.0,0.0,-1.0,-1.0,1.0,-1.0,-1.0,0.0,0.0,0.0,1.0,0.0,0.0,-1.0,-1.0,-1.0,-0.0003374649194098134,1.0,0.0,-1.0,-1.0,0.0,0.0,0.0,0.1924182090633455,-1.0,0.0,0.0,-0.0007332466851074877,2,-0.12717333649077422,0.0,0.0,0.0,0.0,0.0,0.0,0.0,0.0,0.0,0.0,0.0,0.0,0.0,0.0,0.0,0.0,0.0,0.0,0.0,0.0,0.0,0.0,0.0,0.0,0.0,0.0,0.0,0.0,0.0,0.0,0.0,0.0,0.0,0.0,0.0,0.0,0.0,0.0,0.0,0.0,0.0,0.0,0.0,0.0,0.0,0.0,0.0,0.0,0.0,0.0,0.0,0.0,0.0,0.0,0.0,0.0,-1.0,6.268325396319317,-1.0,0.3573435502508122,-1.2368655736119685,0.0,-1.0,0.0,0.0,1.0,-5.403398540087705,0.0,0.0,-1.0,0.0,0.0,0.0,0.0,0.0,0.0,-1.0,-3.848439363965959,-2.5310824775969154,-0.7807292936800119,-1.0242958895936376,-0.939950245219391,-1.0840068499530133,14,11,0.9620253164556961,-1.0,1.0,0.0,0.0,0.0,0.0,0.0,1.0,0.0,0.0,0.0,0.0,0.0,0.0,-1.0,1.0,0.0,0.0,1
VAR_000629,0.0,0.0,0.0,0.0,0.0,0.0,0.0,0.0,0.0,0.0,0.0,8,0.0,0.0,0.0,0.0,0.0,0.0,0.0,0.0,0.0,0.0,0.0,0.0,0.0,0.0,0.0,0.0,0.0,0.0,0.0,0.0,0.0,0.0,0.0,0.0,0.0,0.0,0.0,0.0,0.0,0.0,0.0,0.0,0.0,0.0,0.0,7,0.0,0.0,3,3,1.0059493649943743,0.7558651961686087,0.0,0.0,0.0,0.0,0.0,0.0,0.0,0.0,0.0,0.0,0.0,0.0,0.0,0.0,0.0,0.0,0.0,0.0,0.0,0.0,0.0,0.0,0.0,0.0,0.0,0.0,0.0,0.0,0.0,0.0,0.0,0.0,3,0.0,0.0,0.0,0.0,0.0,0.0,0.0,0.0,0.0,0.0,0.0,0.0,0.0,0.0,0.0,0.0,0.0,0.0,0.0,0.0,0.0,0.0,0.0,0.0,0.0,0.0,0.0,0.0,0.0,0.0,0.0,0.0,0.0,0.0,0.0,0.0,0.0,0.0,0.0,0.0,0.0,0.0,0.0,0.0,0.0,0.0,0.0,0.0,0.0,0.0,0.0,0.0,0.0,0.0,0.0,0.0,0.0,0.0,0.0,0.0,0.0,0.0,0.0,0.0,0.0,0.0,0.0,0.0,0.0,0.0,0.0,0.0,0.0,0.0,0.0,0.0,0.0,0.0,-0.13449096863745255,-0.09760633467617523,-0.019177772046924484,0.8602251806955874,-0.6175307101585479,0.7770714099161458,7,17,-0.6413502109704641,-0.5,2.0,0.0,0.0,0.0,0.0,0.0,0.0,0.0,0.0,0.0,0.0,0.0,0.0,0.0,0.0,0.0,0.0,1
VAR_004523,0.0,0.0,0.0,0.0,0.0,0.0,0.0,0.0,0.0,0.0,0.0,8,0.0,0.0,0.0,0.0,0.0,0.0,0.0,0.0,0.0,0.0,0.0,0.0,0.0,0.0,0.0,0.0,0.0,0.0,0.0,0.0,0.0,0.0,0.0,0.0,0.0,0.0,0.0,0.0,0.0,0.0,0.0,0.0,0.0,0.0,0.0,7,0.0,0.0,1,1,-0.2685713823483366,-0.11506761152888931,1.4223289322649708,0.0,0.0,0.0,0.0,0.0,0.0,0.0,0.0,0.0,0.0,0.0,0.0,0.0,0.0,0.0,0.0,0.0,0.0,0.0,0.0,0.0,0.0,0.0,0.0,0.0,0.0,0.0,0.0,0.0,0.0,0.0,1,0.0,0.0,0.0,0.0,0.0,0.0,0.0,0.0,0.0,0.0,0.0,0.0,0.0,0.0,0.0,0.0,0.0,0.0,0.0,0.0,0.0,0.0,0.0,0.0,0.0,0.0,0.0,0.0,0.0,0.0,0.0,0.0,0.0,0.0,0.0,0.0,0.0,0.0,0.0,0.0,0.0,0.0,0.0,0.0,0.0,0.0,0.0,0.0,0.0,0.0,0.0,0.0,0.0,0.0,0.0,0.0,0.0,0.0,0.0,0.0,0.0,0.0,0.0,0.0,0.0,0.0,0.0,0.0,0.0,0.0,0.0,0.0,0.0,0.0,0.0,0.0,0.0,0.0,0.25729155745059906,0.34338647816014006,-0.23009082775704662,-0.20691287804056413,0.7180838301185368,0.5859823821276395,11,19,-0.7257383966244725,-0.5,0.0,0.0,0.0,0.0,0.0,0.0,0.0,0.0,0.0,0.0,0.0,1.0,0.0,0.0,0.0,0.0,0.0,1
VAR_000941,0.0,0.0,0.0,0.0,0.0,0.0,0.0,0.0,0.0,0.0,0.0,8,0.0,0.0,0.0,0.0,0.0,0.0,0.0,0.0,0.0,0.8441715072595704,0.0,0.0,0.0,0.0,-1.0,1.0,-0.17827499340505035,-1.0,0.7185886323331067,-0.1920026614076517,0.0,-1.0,0.0,0.0,0.0,0.0,0.0,0.0,0.0,0.0,0.0,0.0,0.0,0.0,0.0,7,0.0,0.0,4,4,0.7252044422103296,0.7558651961686087,0.0,0.0,0.0,0.0,0.0,0.0,0.0,0.0,0.0,0.0,0.0,0.0,0.0,0.0,0.0,0.0,0.0,0.0,0.0,0.0,0.0,0.0,0.0,0.0,0.0,0.0,0.0,0.0,0.0,0.0,0.0,0.0,4,-0.13128396299695497,0.0,0.0,0.0,0.0,0.0,0.0,0.0,0.0,0.0,0.0,0.0,0.0,0.0,0.0,0.0,0.0,0.0,0.0,0.0,0.0,0.0,0.0,0.0,0.0,0.0,0.0,0.0,0.0,0.0,0.0,0.0,0.0,0.0,0.0,0.0,0.0,0.0,0.0,0.0,0.0,0.0,0.0,0.0,0.0,0.0,0.0,0.0,0.0,0.0,0.0,0.0,0.0,0.0,0.0,0.0,0.0,0.0,0.0,0.0,0.0,0.0,0.0,0.0,0.0,0.0,0.0,0.0,0.0,0.0,0.0,0.0,0.0,0.0,0.0,0.0,0.0,0.0,0.25729155745059906,0.34338647816014006,-0.11197678655047828,0.34417847223627673,-0.9663138449992735,0.1303599021893341,12,17,-1.0295358649789028,0.0,-0.5,0.0,0.0,0.0,0.0,0.0,0.0,0.0,0.0,0.0,0.0,0.0,1.0,0.0,0.0,0.0,0.0,1
VAR_004580,0.0,0.0,0.0,0.0,0.0,0.0,0.0,0.0,0.0,0.0,0.0,8,0.0,0.0,0.0,0.0,0.0,0.0,0.0,-1.0,0.0,0.20794504682562975,0.0,0.0,0.0,0.0,0.0,0.0,-0.17827499340505035,-1.0,0.7185886323331067,-0.1573243427315716,0.0,-1.0,0.0,0.0,0.0,0.0,0.0,0.0,0.0,0.0,0.0,0.0,0.0,0.0,0.0,7,0.0,0.0,4,4,-0.5538879732490595,-0.17080477573577602,-0.44729796476700423,0.0,0.0,0.0,0.0,0.0,0.0,0.0,0.0,0.0,0.0,0.0,0.0,0.0,0.0,0.0,0.0,0.0,0.0,0.0,0.0,0.0,0.0,0.0,0.0,0.0,0.0,0.0,0.0,0.0,0.0,0.0,4,8.906004461109628,0.0,0.0,0.0,0.0,0.0,0.0,0.0,0.0,0.0,0.0,0.0,0.0,0.0,0.0,0.0,0.0,0.0,0.0,0.0,0.0,0.0,0.0,0.0,0.0,0.0,0.0,0.0,0.0,0.0,0.0,0.0,0.0,0.0,0.0,0.0,0.0,0.0,0.0,0.0,0.0,0.0,0.0,0.0,0.0,0.0,0.0,0.0,0.0,0.0,0.0,0.0,0.0,0.0,0.0,0.0,0.0,0.0,0.0,0.0,0.0,0.0,0.0,0.0,0.0,0.0,0.0,0.0,0.0,0.0,0.0,0.0,0.0,0.0,0.0,0.0,0.0,0.0,-1.7111539605332027,0.34338647816014006,-1.1136775965424572,-0.19120656908639466,-0.3982637803944445,0.054962279842804294,19,1,0.47257383966244715,0.5,1.0,0.0,1.0,0.0,0.0,0.0,0.0,0.0,0.0,0.0,0.0,0.0,0.0,0.0,0.0,0.0,0.0,1
VAR_003654,0.0,0.0,0.0,0.0,0.0,0.0,0.0,0.0,0.0,0.0,0.0,8,0.0,0.0,0.0,0.0,0.0,0.0,0.0,-1.0,-1.0,-0.47075160550760514,0.0,-1.0,1.0,0.0,0.0,0.0,0.8217250065949496,-1.0,-0.28141136766689334,155.11236604015687,0.0,0.0,-1.0,0.0,0.0,0.0,0.0,0.0,0.0,0.0,0.0,0.0,0.0,0.0,0.0,7,0.0,0.0,4,4,0.27796025933401597,0.31551118864365585,0.8724166129882928,0.0,0.0,0.0,0.0,0.0,0.0,0.0,0.0,0.0,0.0,0.0,0.0,0.0,0.0,0.0,0.0,0.0,0.0,0.0,0.0,0.0,0.0,0.0,0.0,0.0,0.0,0.0,0.0,0.0,0.0,0.0,4,0.07102380159208903,0.0,0.0,0.0,0.0,0.0,0.0,0.0,0.0,0.0,0.0,0.0,0.0,0.0,0.0,0.0,0.0,0.0,0.0,0.0,0.0,0.0,0.0,0.0,0.0,0.0,0.0,0.0,0.0,0.0,0.0,0.0,0.0,0.0,0.0,0.0,0.0,0.0,0.0,0.0,0.0,0.0,0.0,0.0,0.0,0.0,0.0,0.0,0.0,0.0,0.0,0.0,0.0,0.0,0.0,0.0,0.0,0.0,0.0,0.0,0.0,0.0,0.0,0.0,0.0,0.0,0.0,0.0,0.0,0.0,0.0,0.0,0.0,0.0,0.0,0.0,0.0,0.0,0.25729155745059906,0.34338647816014006,0.2938060161481524,0.478460314740497,0.3340601263504722,0.10582692967491081,11,14,-0.8607594936708861,-1.0,1.0,0.0,0.0,0.0,0.0,0.0,0.0,0.0,0.0,0.0,0.0,1.0,0.0,0.0,0.0,0.0,0.0,1
VAR_004714,-0.9676144243290422,-0.7722635972950087,20.450584338517647,-0.2888964024248104,-0.6234596205884048,127.73895526217805,335.2943558580066,-0.8193289639582594,-0.6055795205112094,0.0,46.325625698542105,16,0.0,0.0,0.0,0.0,0.0,0.0,0.0,0.0,-1.0,0.8441715072595704,0.0,0.0,0.0,0.0,-1.0,0.0,-0.17827499340505035,0.0,0.7185886323331067,-0.19199940763319284,0.0,-1.0,0.0,-1.0,-1.0,0.0,0.0,0.0,-1.0,-1.0,0.0,0.0,-1.0,0.0,0.0,1,-1.0,0.0,4,4,-1.3600336902460464,-0.17899906992556225,1.012748644810556,-1.0,-1.0,0.0,-1.0,0.0,0.0,1.0,0.0,-1.0,-1.0,0.0,-1.0,0.0,0.0,0.0,-1.0,0.0,-1.0,0.0056075720866611,1.0,0.0,-1.0,0.0,-1.0,0.0,0.0,-0.8075817909366545,0.0,-1.0,0.0,0.0,4,-0.10651609322035699,0.0,-1.0,-1.0,1.0,1.0,0.0,1.0,1.0,0.0,0.0,0.0,0.0,1.0,0.0,0.0,0.0,0.0,0.0,0.0,0.0,-0.9155048244462982,-1.0,0.0,-1.0,-1.0,1.0,0.0,1.0,0.0,0.0,0.0,0.0,0.0,1.0,-1.0,0.0,1.0,-1.0,-1.0,1.0,0.0,-1.0,-1.0,0.9199000143072601,0.0,0.0,-1.0,-0.000521828879030754,0.0,0.0,-1.0,-1.0,0.0,0.0,-1.0,0.0,-1.0,-13.861637109309637,-1.0,0.3573435502508122,6.3797659521948535,0.0,0.0,-1.0,0.0,1.0,0.0,0.0,0.0,0.0,-1.0,0.0,-1.0,1.0,0.0,0.0,0.0,-0.2824150940581687,-0.11370370625415652,-1.0274720927285406,-0.295430752961844,-0.9792273698003651,-0.26735655042938195,16,7,0.7426160337552741,-0.5,2.0,0.0,0.0,0.0,0.0,0.0,0.0,0.0,0.0,0.0,0.0,0.0,0.0,0.0,1.0,1.0,0.0,1
VAR_000996,0.0,0.0,0.0,0.0,0.0,0.0,0.0,0.0,0.0,0.0,0.0,8,0.0,0.0,0.0,0.0,0.0,0.0,0.0,0.0,0.0,0.0,0.0,0.0,0.0,0.0,0.0,0.0,0.0,0.0,0.0,0.0,0.0,0.0,0.0,0.0,0.0,0.0,0.0,0.0,0.0,0.0,0.0,0.0,0.0,0.0,0.0,7,0.0,0.0,2,2,0.5235744144095745,0.40464771476114353,1.3436068093613522,0.0,0.0,0.0,0.0,0.0,0.0,0.0,0.0,0.0,0.0,0.0,0.0,0.0,0.0,0.0,0.0,0.0,0.0,0.0,0.0,0.0,0.0,0.0,0.0,0.0,0.0,0.0,0.0,0.0,0.0,0.0,2,1.037977871458048,0.0,0.0,0.0,0.0,0.0,0.0,0.0,0.0,0.0,0.0,0.0,0.0,0.0,0.0,0.0,0.0,0.0,0.0,0.0,0.0,0.0,0.0,0.0,0.0,0.0,0.0,0.0,0.0,0.0,0.0,0.0,0.0,0.0,0.0,0.0,0.0,0.0,0.0,0.0,0.0,0.0,0.0,0.0,0.0,0.0,0.0,0.0,0.0,0.0,0.0,0.0,0.0,0.0,0.0,0.0,0.0,0.0,-13.861686744334177,0.0,0.3573435502508122,-1.2368655736119685,0.9831556971692412,-1.0,0.0,-1.0,1.0,0.0,0.0,-1.0,0.0,0.0,-1.0,0.0,0.0,0.0,0.0,0.0,-4.2827276440187685,0.014223349756831052,-0.2607951379635591,0.32551742946084966,-0.9301442218537767,-0.042021512034251356,14,8,-0.21940928270042195,-0.5,0.0,0.0,0.0,0.0,1.0,0.0,0.0,0.0,0.0,0.0,0.0,0.0,0.0,0.0,0.0,0.0,0.0,0
VAR_004352,0.0,0.0,0.0,0.0,0.0,0.0,0.0,0.0,0.0,0.00039526648208255,-0.7505327163900923,21,0.0,0.0,0.0,0.0,0.0,0.0,0.0,0.0,0.0,0.8441715072595704,1.0,0.0,0.0,0.0,0.0,0.4251961824215797,-0.17827499340505035,-1.0,-0.19682074481301992,9.847230116387566,0.0,0.0,0.0,0.0,0.0,0.0,0.0,0.0,0.0,0.0,0.0,0.0,0.0,0.0,0.0,7,0.0,0.0,3,3,-0.13760447677397245,-1.4329004473606561,-0.33899760992637795,0.0,0.0,0.0,0.0,0.0,0.0,0.0,0.0,0.0,0.0,0.0,0.0,0.0,0.0,0.0,0.0,0.0,0.0,0.0,0.0,0.0,0.0,0.0,0.0,0.0,0.0,0.0,0.0,0.0,0.0,0.0,3,4.200588070416794,0.0,0.0,0.0,0.0,0.0,0.0,0.0,0.0,0.0,0.0,0.0,0.0,0.0,0.0,0.0,0.0,0.0,0.0,0.0,0.0,0.0,0.0,0.0,0.0,0.0,0.0,0.0,0.0,0.0,0.0,0.0,0.0,0.0,0.0,0.0,0.0,0.0,0.0,0.0,0.0,0.0,0.0,0.0,0.0,0.0,0.0,0.0,0.0,0.0,0.0,0.0,0.0,0.0,0.0,0.0,0.0,0.0,0.0,0.0,0.0,0.0,0.0,0.0,0.0,0.0,0.0,0.0,0.0,0.0,0.0,0.0,0.0,0.0,0.0,0.0,0.0,0.0,-18.76413648809654,-3.77586906767917,0.16662062384725085,-1.174460824317056,-0.15885635152677377,-0.34684988574955583,16,3,1.232067510548523,-1.0,0.0,0.0,0.0,0.0,0.0,0.0,1.0,0.0,0.0,0.0,0.0,0.0,0.0,-1.0,0.0,1.0,1.0,1
VAR_003602,48.78613328451213,13.337132008794969,-0.15266554693393947,-0.5107311655759479,-0.6454061201087011,7.495376666558738,25.228562433604097,0.0,-0.6055794978010887,-0.00027311639987755,7.9445029236681775,0,0.0,-0.0010794655269793,0.12771943760045157,0.0,-1.0,-1.0,0.4657266319660073,0.0,-1.0,0.8441715072595704,1.0,0.0,1.0,0.0,0.0,0.0,-0.17827499340505035,-1.0,-0.28141136766689334,1.9743086062467048,0.0,-1.0,0.0,0.0,0.0,0.0,-1.0,0.0,0.0,0.0,0.0,-1.0,0.0,-1.0,0.0,0,-1.0,0.0,1,1,0.8106327796285354,-1.4115560576084165,0.2760940366211326,0.0,-1.0,1.0,-1.0,0.0,0.0,0.0,0.0,0.0,0.0,0.0,0.0,1.0,0.0,0.0,-1.0,0.0,0.0,0.0169159369015512,0.0,1.0,0.0,0.0,0.0,0.0,-1.0,0.1924182090633455,-1.0,-1.0,0.0,0.046476378946738,1,1.7836397979684053,-1.0,0.0,0.0,0.0,0.0,0.0,0.7112470859619336,0.0,0.0,0.0,0.0,0.0,1.0,-1.0,0.0,0.0,0.0,0.0,0.0,-1.0,0.0,-1.0,0.0,0.0,-1.0,1.0,-1.0,1.0,0.0,0.6260787158121689,0.0,0.0,0.0,0.0,0.0,0.0,0.0,-1.0,0.0,1.0,0.0,0.0,-1.0,-0.0800999856927399,0.0,1.0,0.0,0.0564524592302876,-1.0,-1.0,0.0,0.0,0.0,1.0,0.0,-1.0,0.0,-6.5955464332319735,0.0,0.3573435502508122,6.3797659521948535,1.0,0.0,0.0,0.0,0.0,-5.403398540087705,0.0,-1.0,0.0,-1.0,0.0,0.0,0.0,0.0,-1.0,-1.0,-1.828608086179213,-7.280520322883028,0.2938060161481524,-0.8779834154593422,-6.726897577529654,-0.36484634682533473,15,17,-0.11814345991561183,1.0,0.0,0.0,1.0,0.0,0.0,0.0,0.0,0.0,0.0,0.0,0.0,0.0,0.0,0.0,1.0,0.0,1.0,0
VAR_004557,0.0,0.0,0.0,0.0,0.0,0.0,0.0,0.0,0.0,0.0,0.0,8,0.0,0.0,0.0,0.0,0.0,0.0,0.0,0.0,0.0,0.0,0.0,0.0,0.0,0.0,0.0,0.0,0.0,0.0,0.0,0.0,0.0,0.0,0.0,0.0,0.0,0.0,0.0,0.0,0.0,0.0,0.0,0.0,0.0,0.0,0.0,7,0.0,0.0,1,1,-0.9018135499014337,-0.1007643879837367,-0.9514659438259716,0.0,0.0,0.0,0.0,0.0,0.0,0.0,0.0,0.0,0.0,0.0,0.0,0.0,0.0,0.0,0.0,0.0,0.0,0.0,0.0,0.0,0.0,0.0,0.0,0.0,0.0,0.0,0.0,0.0,0.0,0.0,1,0.0,0.0,0.0,0.0,0.0,0.0,0.0,0.0,0.0,0.0,0.0,0.0,0.0,0.0,0.0,0.0,0.0,0.0,0.0,0.0,0.0,0.0,0.0,0.0,0.0,0.0,0.0,0.0,0.0,0.0,0.0,0.0,0.0,0.0,0.0,0.0,0.0,0.0,0.0,0.0,0.0,0.0,0.0,0.0,0.0,0.0,0.0,0.0,0.0,0.0,0.0,0.0,0.0,0.0,0.0,0.0,0.0,0.0,0.0,0.0,0.0,0.0,0.0,0.0,0.0,0.0,0.0,0.0,0.0,0.0,0.0,0.0,0.0,0.0,0.0,0.0,0.0,0.0,-0.7196421727960481,0.2940435122583442,0.22218315094932706,-0.05679710637808051,1.0052495657684166,0.21571217768390086,6,9,0.33755274261603374,0.5,0.0,0.0,0.0,0.0,0.0,0.0,0.0,0.0,0.0,0.0,1.0,0.0,0.0,0.0,0.0,0.0,0.0,1
VAR_000891,-0.9423226120888681,-0.6623760352896022,11.922367277842394,8.556504308816882,-0.6614945109850942,0.05911330250698108,0.0,-0.918277313205247,-0.6055795102501113,0.0006746024829618499,9.413366264390595,11,0.0,0.0,0.0,0.0,0.0,0.0,0.0,-1.0,0.0,0.8441715072595704,0.0,0.0,0.0,0.0,0.0,1.0,0.8217250065949496,-1.0,0.7185886323331067,-0.1851488942302018,0.0,0.0,-1.0,-1.0,0.0,0.0,-1.0,0.0,0.0,-1.0,0.0,-1.0,-1.0,-1.0,0.0,1,-1.0,0.0,3,3,-4.294596728557912,-6.528379395352876,-4.77471319855094,0.0,-1.0,1.0,-1.0,0.0,-1.0,1.0,0.0,-1.0,0.0,0.2433299329482089,0.0,0.0,0.0,-1.0,0.0,0.0,0.0,0.0003960540841357,0.0,1.0,-1.0,0.0,0.0,1.0,0.0,-0.8075817909366545,0.0,-1.0,0.0,0.0776372162820507,3,12.686599634046786,-1.0,-1.0,-1.0,0.0,1.0,0.0,0.0,0.0,0.0,0.0,-1.0,-1.0,1.0,0.0,0.0,0.0,-1.0,0.0,0.0,-1.0,0.0,0.0,0.0,0.0,0.0,1.0,-1.0,0.0,1.0,1.0,1.0,1.0,-1.0,1.0,0.0,0.0,0.0,0.0,0.0,0.0,0.0,-1.0,0.0,-0.0800999856927399,0.0,1.0,0.0,-0.0005218143788430429,0.0,0.0,-1.0,-1.0,0.0,1.0,-1.0,0.0,0.0,37.97201301096052,0.0,0.3573435502508122,-1.2368655736119685,0.0,-1.0,-1.0,0.0,0.0,-5.403398540087705,5.497123972767402,0.0,-1.0,-1.0,-1.0,-1.0,0.0,0.0,-1.0,-1.0,-19.391134068209873,-11.951988272244094,-19.39055713429376,-1.6361840530998755,-9.247638714168115,-1.37776424752068,7,5,-0.47257383966244726,-0.5,0.0,0.0,0.0,0.0,0.0,0.0,0.0,1.0,0.0,0.0,0.0,0.0,0.0,0.0,1.0,0.0,0.0,0
VAR_004697,-0.9640789327111001,2.0079221379735706,2.822282417945118,-0.5106711613635039,-0.577888793545355,6.078642533069695,307.14473998287764,38.80670702124212,-0.5954499438805563,0.0,-1.070703453789231,16,0.0,0.0,0.0,0.0,0.0,0.0,0.0,0.0,0.0,0.0,0.0,0.0,0.0,0.0,0.0,0.0,0.0,0.0,0.0,0.0,0.0,0.0,0.0,0.0,0.0,0.0,0.0,0.0,0.0,0.0,0.0,0.0,0.0,0.0,0.0,7,0.0,0.0,5,5,0.0,0.0,0.0,0.0,0.0,0.0,0.0,0.0,0.0,0.0,0.0,0.0,0.0,0.0,0.0,0.0,0.0,0.0,0.0,0.0,0.0,0.0,0.0,0.0,0.0,0.0,0.0,0.0,0.0,0.0,0.0,0.0,0.0,0.0,5,0.0,0.0,0.0,0.0,0.0,0.0,0.0,0.0,0.0,0.0,0.0,0.0,0.0,0.0,0.0,0.0,0.0,0.0,0.0,0.0,0.0,0.0,0.0,0.0,0.0,0.0,0.0,0.0,0.0,0.0,0.0,0.0,0.0,0.0,0.0,0.0,0.0,0.0,0.0,0.0,0.0,0.0,0.0,0.0,0.0,0.0,0.0,0.0,0.0,0.0,0.0,0.0,0.0,0.0,0.0,0.0,0.0,0.0,0.0,0.0,0.0,0.0,0.0,0.0,0.0,0.0,0.0,0.0,0.0,0.0,0.0,0.0,0.0,0.0,0.0,0.0,0.0,0.0,0.0,0.0,0.0,0.0,0.0,0.0,24,25,0.0,0.0,0.0,0.0,0.0,0.0,0.0,0.0,0.0,0.0,0.0,0.0,0.0,0.0,0.0,0.0,0.0,1.0,0.0,0
VAR_000691,-0.7286074572159119,-0.8121212533086448,2.6914376152117008,245.24555432519915,11.886402239039782,-0.6216059099632927,-0.9418287255429445,-1.0114867880231972,19.994302475254756,-0.0003943464693749023,-1.0159893221976979,13,0.0,0.0,0.0,0.0,0.0,0.0,0.0,-1.0,0.0,0.8441715072595704,1.0,0.0,0.0,-1.0,0.0,0.0,-0.17827499340505035,-1.0,-0.28141136766689334,2.720026404474686,0.0,-1.0,0.0,0.0,-1.0,0.0,0.0,0.0,0.0,-1.0,-1.0,-1.0,-1.0,0.0,0.0,3,-1.0,-1.0,1,1,0.10510126419387579,-0.9281571475188086,0.2379530533417192,-1.0,0.0,0.0,0.0,-1.0,-1.0,1.0,0.0,0.0,0.0,0.0,0.0,1.0,0.0,-1.0,0.0,-1.0,0.0,0.017771659984652702,0.0,1.0,0.0,-1.0,0.0,0.0,-1.0,-0.8075817909366545,0.0,-1.0,-1.0,-0.0006623045253065258,1,-0.12060462767153528,-1.0,0.0,-1.0,0.0,0.0,-0.5825023907171566,1.0,0.0,-1.0,1.0,-1.0,-1.0,0.0,0.0,0.0,0.0,0.0,1.0,0.0,0.0,-1.0,-1.0,-1.0,0.0,-1.0,1.0,0.0,0.0,1.0,1.0,1.0,0.0,0.0,0.0,-1.0,-1.0,0.0,0.0,0.0,1.0,-1.0,0.0,-1.0,-0.0800999856927399,1.0,1.0,-1.0,-0.0005218279247379296,0.0,0.0,0.0,0.0,0.0,1.0,0.0,-1.0,0.0,-13.73928082751784,-1.0,-0.6426564497491878,6.3797659521948535,0.0,-1.0,-1.0,0.0,0.0,0.0,5.497123972767402,0.0,-1.0,-1.0,0.0,-1.0,1.0,0.0,-1.0,0.0,-0.7984485439841077,-0.11292347714077501,0.2938060161481524,-0.15580445416352465,1.0052495657684166,0.4172041481825094,23,3,0.6919831223628691,-0.5,0.0,0.0,1.0,0.0,0.0,0.0,0.0,0.0,0.0,0.0,0.0,0.0,0.0,0.0,1.0,0.0,0.0,1
VAR_004446,-0.9058562632265122,14.921640751894946,5.568803813078517,133.98699169242735,5.929670823059703,-0.25246693011399246,-0.9718882706063914,-0.8887810619577268,5.079110858006821,0.0005933677573199499,28.107316144762347,13,0.0,0.0,0.0,0.0,0.0,0.0,0.0,0.0,0.0,0.0,0.0,0.0,0.0,0.0,0.0,0.0,0.0,0.0,0.0,0.0,0.0,0.0,0.0,0.0,0.0,0.0,0.0,0.0,0.0,0.0,-1.0,-1.0,-1.0,-1.0,0.0,2,0.0,0.0,2,2,-5.485370701259032,-3.694948932174314,-2.523631033698896,0.0,0.0,1.0,-1.0,-1.0,0.0,1.0,-1.0,-1.0,-1.0,0.0,0.0,0.0,1.0,-1.0,-1.0,0.0,-1.0,0.00016231068440759997,1.0,1.0,0.0,-1.0,-1.0,1.0,-1.0,-0.8075817909366545,-1.0,0.0,0.0,0.0,2,10.077195823541672,-1.0,0.0,-1.0,0.0,0.0,0.0,0.0,1.0,0.0,1.0,0.0,0.0,0.0,-1.0,0.0,0.0,0.0,1.0,1.0,0.0,-1.0,0.0,-1.0,0.0,-1.0,0.0,0.0,1.0,0.0,1.0,0.0,0.0,-1.0,0.0,-1.0,0.0,1.0,0.0,0.0,1.0,0.0,-1.0,-1.0,-0.0800999856927399,1.0,1.0,0.0,0.09618069190184701,0.0,-1.0,0.0,-1.0,0.0,0.0,-1.0,-1.0,-1.0,-13.163005419818582,-1.0,-0.6426564497491878,-1.2368655736119685,0.0,0.0,-1.0,0.0,0.0,0.0,0.0,0.0,-1.0,0.0,-1.0,0.0,0.0,0.0,-1.0,-1.0,-19.29162063886933,-11.909235329751045,-20.06118710826483,-1.2566729791034774,-1.370129869873692,-1.2615240444464344,4,8,0.10126582278481006,0.0,0.0,0.0,0.0,0.0,0.0,0.0,0.0,0.0,1.0,0.0,0.0,0.0,0.0,0.0,1.0,0.0,0.0,0
VAR_003656,0.0,0.0,0.0,0.0,0.0,0.0,0.0,0.0,0.0,0.0,0.0,8,0.0,0.0,0.0,0.0,0.0,0.0,0.0,0.0,0.0,0.0,0.0,0.0,0.0,0.0,0.0,0.0,0.0,0.0,0.0,0.0,0.0,0.0,0.0,0.0,0.0,0.0,0.0,0.0,0.0,0.0,0.0,0.0,0.0,0.0,0.0,7,0.0,0.0,3,3,0.3320678992645107,0.20577285155956304,0.0,0.0,0.0,0.0,0.0,0.0,0.0,0.0,0.0,0.0,0.0,0.0,0.0,0.0,0.0,0.0,0.0,0.0,0.0,0.0,0.0,0.0,0.0,0.0,0.0,0.0,0.0,0.0,0.0,0.0,0.0,0.0,3,0.0,0.0,0.0,0.0,0.0,0.0,0.0,0.0,0.0,0.0,0.0,0.0,0.0,0.0,0.0,0.0,0.0,0.0,0.0,0.0,0.0,0.0,0.0,0.0,0.0,0.0,0.0,0.0,0.0,0.0,0.0,0.0,0.0,0.0,0.0,0.0,0.0,0.0,0.0,0.0,0.0,0.0,0.0,0.0,0.0,0.0,0.0,0.0,0.0,0.0,0.0,0.0,0.0,0.0,0.0,0.0,0.0,0.0,0.0,0.0,0.0,0.0,0.0,0.0,0.0,0.0,0.0,0.0,0.0,0.0,0.0,0.0,0.0,0.0,0.0,0.0,0.0,0.0,0.25729155745059906,0.012843068379845939,-0.04780489726040877,0.7877047164604235,0.03789237127476554,0.726627645545493,22,3,0.6244725738396624,-0.5,0.0,0.0,0.0,0.0,0.0,0.0,0.0,0.0,0.0,0.0,0.0,0.0,0.0,0.0,0.0,0.0,0.0,0
VAR_003566,45.73131197361256,-0.49195895644746723,-0.4176085675184317,-0.5103026984535823,0.48803940481944524,-0.4256842927284039,9.677972326342937,-0.12159486991678273,-0.594363431923649,-0.00039437101000785264,91.67731908115532,16,0.0,0.0,0.0,0.0,0.0,0.0,0.0,0.0,-1.0,0.8441715072595704,1.0,0.0,0.0,-1.0,0.0,0.0,0.8217250065949496,0.0,0.7185886323331067,0.1194117138092777,0.0,0.0,-1.0,0.0,0.0,-1.0,0.0,0.0,-1.0,0.0,0.0,0.0,0.0,-1.0,0.0,3,0.0,0.0,0,0,0.08551467407033071,-1.517021088570344,-0.16458295975048295,0.0,0.0,1.0,-1.0,0.0,0.0,1.0,-1.0,0.0,-1.0,1.0,-1.0,0.0,1.0,-1.0,0.0,0.0,-1.0,0.0053471553204382,1.0,0.0,0.0,-1.0,-1.0,1.0,-1.0,0.1924182090633455,0.0,-1.0,-1.0,0.0610875255211518,0,0.028054636069090217,-1.0,0.0,0.0,1.0,0.0,-1.0,1.0,1.0,-1.0,0.0,0.0,0.0,1.0,-1.0,0.0,-1.0,0.0,1.0,0.0,0.0,0.0,-1.0,-1.0,0.0,0.0,0.0,0.0,0.0,1.0,1.0,0.0,1.0,0.0,1.0,-1.0,0.0,0.0,0.0,-1.0,0.0,0.0,-1.0,0.0,0.9199000143072601,1.0,1.0,0.0,-0.00046787125564214387,0.0,-1.0,-1.0,-1.0,0.0,0.0,0.0,0.0,0.0,72.8426909238426,-1.0,-0.6426564497491878,-1.2368655736119685,0.6369520858560814,-1.0,-1.0,-1.0,0.0,0.0,5.497123972767402,0.0,0.0,0.0,-1.0,0.0,0.0,0.0,0.0,-1.0,0.25729155745059906,0.34338647816014006,0.2938060161481524,-1.0184130178757411,0.4198771283112393,-0.6830269456463621,4,8,0.10126582278481006,0.0,0.0,0.0,0.0,0.0,0.0,0.0,0.0,0.0,1.0,0.0,0.0,0.0,0.0,0.0,1.0,1.0,0.0,0
VAR_000607,0.0,0.0,0.0,0.0,0.0,0.0,0.0,0.0,0.0,0.0,0.0,8,0.0,0.0,0.0,0.0,0.0,0.0,0.0,0.0,0.0,0.0,0.0,0.0,0.0,0.0,0.0,0.0,0.0,0.0,0.0,0.0,0.0,0.0,0.0,0.0,0.0,0.0,0.0,0.0,0.0,0.0,0.0,0.0,0.0,0.0,0.0,7,0.0,0.0,1,1,0.25961536919328293,0.134657196735502,-0.11225340245739947,0.0,0.0,0.0,0.0,0.0,0.0,0.0,0.0,0.0,0.0,0.0,0.0,0.0,0.0,0.0,0.0,0.0,0.0,0.0,0.0,0.0,0.0,0.0,0.0,0.0,0.0,0.0,0.0,0.0,0.0,0.0,1,0.0,0.0,0.0,0.0,0.0,0.0,0.0,0.0,0.0,0.0,0.0,0.0,0.0,0.0,0.0,0.0,0.0,0.0,0.0,0.0,0.0,0.0,0.0,0.0,0.0,0.0,0.0,0.0,0.0,0.0,0.0,0.0,0.0,0.0,0.0,0.0,0.0,0.0,0.0,0.0,0.0,0.0,0.0,0.0,0.0,0.0,0.0,0.0,0.0,0.0,0.0,0.0,0.0,0.0,0.0,0.0,0.0,0.0,0.0,0.0,0.0,0.0,0.0,0.0,0.0,0.0,0.0,0.0,0.0,0.0,0.0,0.0,0.0,0.0,0.0,0.0,0.0,0.0,-0.12365738825106323,0.1545511853177532,0.031082859024279694,0.15644538723895776,1.0052495657684166,0.03059212302197973,17,3,0.6075949367088607,0.0,1.0,0.0,0.0,0.0,0.0,0.0,0.0,0.0,0.0,0.0,0.0,0.0,0.0,0.0,0.0,0.0,0.0,1
VAR_004419,0.0,0.0,0.0,0.0,0.0,0.0,0.0,0.0,0.0,0.0,0.0,8,0.0,0.0,0.0,0.0,0.0,0.0,0.0,0.0,0.0,0.0,0.0,0.0,0.0,0.0,0.0,0.0,0.0,0.0,0.0,0.0,0.0,0.0,0.0,0.0,0.0,0.0,0.0,0.0,0.0,0.0,0.0,0.0,0.0,0.0,0.0,7,0.0,0.0,2,2,-0.13025562104148225,-1.6855372031411968,-2.45236621614546,0.0,0.0,0.0,0.0,0.0,0.0,0.0,0.0,0.0,0.0,0.0,0.0,0.0,0.0,0.0,0.0,0.0,0.0,0.0,0.0,0.0,0.0,0.0,0.0,0.0,0.0,0.0,0.0,0.0,0.0,0.0,2,0.0,0.0,0.0,0.0,0.0,0.0,0.0,0.0,0.0,0.0,0.0,0.0,0.0,0.0,0.0,0.0,0.0,0.0,0.0,0.0,0.0,0.0,0.0,0.0,0.0,0.0,0.0,0.0,0.0,0.0,0.0,0.0,0.0,0.0,0.0,0.0,0.0,0.0,0.0,0.0,0.0,0.0,0.0,0.0,0.0,0.0,0.0,0.0,0.0,0.0,0.0,0.0,0.0,0.0,0.0,0.0,0.0,0.0,0.0,0.0,0.0,0.0,0.0,0.0,0.0,0.0,0.0,0.0,0.0,0.0,0.0,0.0,0.0,0.0,0.0,0.0,0.0,0.0,0.08526274940683881,0.34338647816014006,-0.19645412949751223,-1.0751499803513076,-0.0015420958997873404,-1.1575155856305859,10,13,0.11814345991561176,0.5,1.0,0.0,0.0,0.0,0.0,0.0,0.0,0.0,0.0,0.0,0.0,0.0,0.0,0.0,0.0,0.0,0.0,1
VAR_004712,0.0,0.0,0.0,0.0,0.0,0.0,0.0,0.0,0.0,0.0,0.0,8,0.0,0.0,0.0,0.0,0.0,0.0,0.0,0.0,0.0,0.0,0.0,0.0,0.0,0.0,0.0,0.0,0.0,0.0,0.0,0.0,0.0,0.0,0.0,0.0,0.0,0.0,0.0,0.0,0.0,0.0,0.0,0.0,0.0,0.0,0.0,7,0.0,0.0,1,1,-0.6299185989780186,0.05830540541528185,-0.24861828900802138,0.0,0.0,0.0,0.0,0.0,0.0,0.0,0.0,0.0,0.0,0.0,0.0,0.0,0.0,0.0,0.0,0.0,0.0,0.0,0.0,0.0,0.0,0.0,0.0,0.0,0.0,0.0,0.0,0.0,0.0,0.0,1,0.0,0.0,0.0,0.0,0.0,0.0,0.0,0.0,0.0,0.0,0.0,0.0,0.0,0.0,0.0,0.0,0.0,0.0,0.0,0.0,0.0,0.0,0.0,0.0,0.0,0.0,0.0,0.0,0.0,0.0,0.0,0.0,0.0,0.0,0.0,0.0,0.0,0.0,0.0,0.0,0.0,0.0,0.0,0.0,0.0,0.0,0.0,0.0,0.0,0.0,0.0,0.0,0.0,0.0,0.0,0.0,0.0,0.0,0.0,0.0,0.0,0.0,0.0,0.0,0.0,0.0,0.0,0.0,0.0,0.0,0.0,0.0,0.0,0.0,0.0,0.0,0.0,0.0,0.25729155745059906,-0.7507909327453245,0.2938060161481524,-0.1364432916541535,1.0052495657684166,-0.4904343096626916,23,0,0.0,0.0,0.0,0.0,0.0,0.0,0.0,0.0,0.0,0.0,0.0,0.0,0.0,0.0,0.0,0.0,0.0,0.0,0.0,1
VAR_000980,-0.967139545868942,-0.8113462567410538,-0.43483811948633416,-0.3466788532597158,-0.6627245919177597,-0.6204767401859809,12.566042178317222,-1.0102717490005078,-0.6048545661620045,0.0,-1.074816407389016,16,0.0,0.0,0.0,0.0,0.0,0.0,0.0,0.0,0.0,0.0,0.0,0.0,0.0,0.0,0.0,0.0,0.0,0.0,0.0,0.0,0.0,0.0,0.0,0.0,0.0,0.0,0.0,0.0,0.0,0.0,0.0,0.0,0.0,0.0,0.0,7,0.0,0.0,2,2,0.9524059565648443,-0.056598640963452455,1.6942175261974517,0.0,0.0,0.0,0.0,0.0,0.0,0.0,0.0,0.0,0.0,0.0,0.0,0.0,0.0,0.0,0.0,0.0,0.0,0.0,0.0,0.0,0.0,0.0,0.0,0.0,0.0,0.0,0.0,0.0,0.0,0.0,2,-0.1312370776989606,0.0,0.0,0.0,0.0,0.0,0.0,0.0,0.0,0.0,0.0,0.0,0.0,0.0,0.0,0.0,0.0,0.0,0.0,0.0,0.0,0.0,0.0,0.0,0.0,0.0,0.0,0.0,0.0,0.0,0.0,0.0,0.0,0.0,0.0,0.0,0.0,0.0,0.0,0.0,0.0,0.0,0.0,0.0,0.0,0.0,0.0,0.0,0.0,0.0,0.0,0.0,0.0,0.0,0.0,0.0,0.0,-1.0,-13.87745593897305,0.0,-0.6426564497491878,-1.2368655736119685,0.0,0.0,0.0,0.0,0.0,0.0,5.497123972767402,-1.0,0.0,-1.0,-1.0,-1.0,0.0,1.0,-1.0,0.0,0.25729155745059906,0.34338647816014006,-0.8872940192138785,-0.00312719657494115,-0.04484894040554329,-0.5776426148374304,19,17,-0.590717299578059,0.0,0.0,0.0,0.0,0.0,0.0,1.0,0.0,0.0,0.0,0.0,0.0,0.0,0.0,0.0,0.0,1.0,0.0,1
VAR_004720,-0.9653767622277589,-0.3374878702540634,2.431096205240664,-0.5099726208375809,91.20542713089326,167.85535943297552,-0.9670254711078252,-1.0117309787223026,-0.6055714072612365,0.0,-0.8702307448585532,15,0.0,0.0,0.0,0.0,0.0,0.0,0.0,-1.0,0.0,-0.47075160550760514,1.0,0.0,0.0,0.0,0.0,0.0,-0.17827499340505035,0.0,-0.28141136766689334,126.64471145981533,0.0,0.0,-1.0,-1.0,-1.0,-1.0,-1.0,-1.0,-1.0,0.0,-1.0,0.0,-1.0,0.0,0.0,4,0.0,-1.0,2,2,1.0073407640728338,0.5841124910401514,0.0,0.0,-1.0,0.0,-1.0,-1.0,-1.0,0.0,0.0,0.0,0.0,1.0,-1.0,0.0,0.0,0.0,-1.0,-1.0,-1.0,0.0119679141635342,1.0,0.0,0.0,-1.0,0.0,1.0,0.0,0.1924182090633455,-1.0,0.0,0.0,0.0,2,18.530138382861466,0.0,0.0,0.0,0.0,0.0,0.0,0.0,0.0,0.0,0.0,0.0,0.0,0.0,0.0,0.0,0.0,0.0,0.0,0.0,0.0,0.0,0.0,0.0,0.0,0.0,0.0,0.0,0.0,0.0,0.0,0.0,0.0,0.0,0.0,0.0,0.0,0.0,0.0,0.0,0.0,0.0,0.0,0.0,0.0,0.0,0.0,0.0,0.0,0.0,0.0,0.0,0.0,0.0,0.0,0.0,0.0,0.0,-8.618618085120854,0.0,0.3573435502508122,6.3797659521948535,0.0,-1.0,-1.0,0.0,1.0,0.0,5.497123972767402,0.0,0.0,0.0,0.0,0.0,0.0,1.0,-1.0,-1.0,0.25729155745059906,-0.16091024961918388,-1.6702858062162618,-0.4464811039254757,0.24698063114087018,-0.11366432723982706,2,6,0.10126582278481006,-0.5,0.0,0.0,0.0,0.0,0.0,0.0,0.0,0.0,0.0,1.0,0.0,0.0,0.0,0.0,1.0,0.0,0.0,1
VAR_001061,-0.9687496612755438,14.340286428491696,4.795124668244231,-0.5107307749865009,419.83526761244275,4.781783814974269,0.00271100538009356,-1.0117314512005322,211.63404816356882,0.0,-1.0749733691955274,16,0.0,0.0,0.0,0.0,0.0,0.0,0.0,-1.0,-1.0,0.7976700889878647,0.0,0.0,0.0,0.0,0.0,1.0,0.8217250065949496,0.0,0.07310779127124445,29.861238021758883,0.0,0.0,-1.0,0.0,0.0,0.0,0.0,0.0,0.0,0.0,-1.0,0.0,-1.0,-1.0,0.0,3,0.0,0.0,2,2,0.46250620815065596,-0.27865441823914533,0.022515636553952872,0.0,0.0,0.0,0.0,0.0,0.0,0.0,0.0,0.0,0.0,0.0,0.0,0.0,0.0,0.0,0.0,0.0,0.0,0.0,0.0,0.0,0.0,0.0,0.0,0.0,0.0,0.0,0.0,0.0,0.0,0.0,2,2.6992701568868767,0.0,0.0,0.0,0.0,0.0,0.0,0.0,0.0,0.0,0.0,0.0,0.0,0.0,0.0,0.0,0.0,0.0,0.0,0.0,0.0,0.0,0.0,0.0,0.0,0.0,0.0,0.0,0.0,0.0,0.0,0.0,0.0,0.0,0.0,0.0,0.0,0.0,0.0,0.0,0.0,0.0,0.0,0.0,0.0,0.0,0.0,0.0,0.0,0.0,0.0,0.0,0.0,0.0,0.0,0.0,0.0,0.0,-13.87724600905701,0.0,-0.6426564497491878,6.3797659521948535,0.3104152663688602,-1.0,-1.0,-1.0,0.0,0.0,5.497123972767402,-1.0,0.0,0.0,0.0,-1.0,0.0,0.0,-1.0,0.0,0.25729155745059906,-1.3537442524716317,0.2938060161481524,0.06143951073196264,0.044339195266146006,-0.24273476160339164,8,24,0.37130801687763704,1.5,0.0,0.0,0.0,0.0,0.0,0.0,1.0,0.0,0.0,0.0,0.0,0.0,0.0,0.0,1.0,1.0,0.0,0
VAR_004375,-0.8083310092030729,-0.812121254750028,-0.40723351141073705,-0.5107311668506196,12.19391863268183,0.022295491098212637,-0.4548617225329777,33.70822667595311,-0.6054484653453827,-0.0003942937071424244,-1.0597644374772552,16,0.0,0.0,0.0,0.0,0.0,0.0,0.0,-1.0,0.0,-0.31522354283682713,1.0,0.0,1.0,0.0,-1.0,1.0,-0.17827499340505035,-1.0,0.7185886323331067,4.571453284046729,0.0,0.0,-1.0,0.0,0.0,0.0,0.0,0.0,0.0,0.0,0.0,0.0,0.0,0.0,0.0,7,0.0,0.0,2,2,-0.5634908554530184,-0.26233292192070135,0.934893504225509,-1.0,-1.0,1.0,-1.0,0.0,-1.0,1.0,0.0,-1.0,-1.0,0.0,0.0,1.0,0.0,-1.0,-1.0,-1.0,0.0,0.0,0.0,0.0,0.0,0.0,0.0,0.0,0.0,-0.8075817909366545,-1.0,0.0,0.0,0.0,2,-0.12020268446677501,0.0,0.0,-1.0,0.0,1.0,0.0,0.0,0.0,-1.0,1.0,0.0,-1.0,1.0,0.0,0.0,-1.0,0.0,0.0,0.0,0.0,0.0,0.0,0.0,0.0,0.0,0.3222560365501575,0.0,0.0,0.0,0.0,1.0,0.0,-1.0,0.0,0.0,0.0,0.0,-1.0,-1.0,0.0,0.0,-1.0,-1.0,0.9199000143072601,0.0,0.0,0.0,-0.0005204044881685706,0.0,-1.0,0.0,-1.0,0.0,0.0,0.0,0.0,0.0,0.0,0.0,0.0,0.0,0.0,0.0,0.0,0.0,0.0,0.0,0.0,0.0,0.0,0.0,0.0,0.0,0.0,0.0,0.0,0.0,0.25729155745059906,-0.20671955103344794,0.2938060161481524,0.09717437625906422,0.12187392933074453,-0.1245494639556582,21,12,-0.3375527426160338,1.0,-0.5,0.0,0.0,0.0,0.0,0.0,0.0,1.0,0.0,0.0,0.0,0.0,0.0,0.0,0.0,1.0,0.0,1
VAR_004440,1311.6145535359205,876.1895895937454,1350.1038866560189,2684.607275646454,3835.0383228293113,3198.215111511332,5230.2381883789,2480.6400777915524,1187.0242721012098,0.5182267032366981,890.2377541754311,16,0.0,0.5530093261413098,0.12771943760045157,0.0,0.0,0.0,0.4657266319660073,0.0,0.0,0.8441715072595704,1.0,0.0,1.0,0.0,0.0,1.0,0.8217250065949496,0.0,0.7185886323331067,878.8869785906418,0.0,0.0,0.0,0.0,0.0,0.0,0.0,0.0,0.0,0.0,0.0,0.0,0.0,0.0,0.0,3,0.0,0.0,0,0,-6.466710847544778,-2.5105338889995497,-1.4277966886325926,0.0,0.0,1.0,0.0,0.0,0.0,1.0,0.0,0.0,0.0,1.0,0.0,1.0,1.0,0.0,0.0,0.0,0.0,0.5977122038245473,1.0,1.0,0.0,0.0,0.0,1.0,0.0,0.1924182090633455,0.0,0.0,0.0,0.558673433424779,0,146.71570171218607,0.0,0.0,0.0,1.0,1.0,0.0,1.0,1.0,0.0,1.0,0.0,0.0,1.0,0.0,0.0,0.0,0.0,1.0,1.0,0.0,0.0,0.0,0.0,0.0,0.0,1.0,0.0,1.0,1.0,1.0,1.0,1.0,0.0,1.0,0.0,0.0,1.0,0.0,0.0,1.0,0.0,0.0,0.0,0.9199000143072601,1.0,1.0,0.0,0.6583014049904407,0.0,0.0,0.0,0.0,1.0,1.0,0.0,0.0,0.0,17580.276188604723,0.0,0.3573435502508122,6.3797659521948535,1.0,0.0,0.0,0.0,1.0,0.0,5.497123972767402,0.0,0.0,0.0,0.0,0.0,1.0,1.0,0.0,0.0,-19.391134068209873,-11.29319595743659,-19.619757705584878,-0.802992863056635,-0.23030872510533376,-1.3119189589430318,14,17,-0.43881856540084385,-0.5,1.0,0.0,0.0,0.0,0.0,1.0,0.0,0.0,0.0,0.0,0.0,0.0,0.0,0.0,1.0,1.0,0.0,1
VAR_000571,0.0,0.0,0.0,0.0,0.0,0.0,0.0,0.0,0.0,0.0,0.0,8,0.0,0.0,0.0,0.0,0.0,0.0,0.0,0.0,-1.0,-0.47075160550760514,0.0,0.0,0.0,0.0,0.0,0.0,-0.17827499340505035,0.0,0.7185886323331067,0.04904431385559068,0.0,0.0,-1.0,0.0,0.0,0.0,0.0,0.0,0.0,0.0,0.0,0.0,0.0,0.0,0.0,7,0.0,0.0,4,4,0.5441423221150182,0.2506850391147882,0.0,0.0,0.0,0.0,0.0,0.0,0.0,0.0,0.0,0.0,0.0,0.0,0.0,0.0,0.0,0.0,0.0,0.0,0.0,0.0,0.0,0.0,0.0,0.0,0.0,0.0,0.0,0.0,0.0,0.0,0.0,0.0,4,-0.07782893942922135,0.0,0.0,0.0,0.0,0.0,0.0,0.0,0.0,0.0,0.0,0.0,0.0,0.0,0.0,0.0,0.0,0.0,0.0,0.0,0.0,0.0,0.0,0.0,0.0,0.0,0.0,0.0,0.0,0.0,0.0,0.0,0.0,0.0,0.0,0.0,0.0,0.0,0.0,0.0,0.0,0.0,0.0,0.0,0.0,0.0,0.0,0.0,0.0,0.0,0.0,0.0,0.0,0.0,0.0,0.0,0.0,0.0,0.0,0.0,0.0,0.0,0.0,0.0,0.0,0.0,0.0,0.0,0.0,0.0,0.0,0.0,0.0,0.0,0.0,0.0,0.0,0.0,0.25729155745059906,0.34338647816014006,0.04356776754226153,0.440054003383323,-0.28583975603482725,-0.029455650532493056,23,4,-0.3206751054852321,-1.0,0.0,0.0,0.0,0.0,0.0,0.0,0.0,0.0,0.0,0.0,0.0,0.0,1.0,0.0,0.0,0.0,0.0,1
VAR_000634,0.0,0.0,0.0,0.0,0.0,0.0,0.0,0.0,0.0,0.0,0.0,8,0.0,0.0,0.0,0.0,0.0,0.0,0.0,-1.0,0.0,-0.47075160550760514,0.0,0.0,1.0,-1.0,0.0,1.0,-0.17827499340505035,-1.0,-0.28141136766689334,0.0098043595244058,0.0,-1.0,-1.0,0.0,0.0,0.0,0.0,0.0,0.0,0.0,0.0,0.0,0.0,0.0,0.0,7,0.0,0.0,3,3,0.7830747967140329,0.7558651961686087,0.08671978153859217,0.0,0.0,0.0,0.0,0.0,0.0,0.0,0.0,0.0,0.0,0.0,0.0,0.0,0.0,0.0,0.0,0.0,0.0,0.0,0.0,0.0,0.0,0.0,0.0,0.0,0.0,0.0,0.0,0.0,0.0,0.0,3,9.22913671433743,0.0,0.0,0.0,0.0,0.0,0.0,0.0,0.0,0.0,0.0,0.0,0.0,0.0,0.0,0.0,0.0,0.0,0.0,0.0,0.0,0.0,0.0,0.0,0.0,0.0,0.0,0.0,0.0,0.0,0.0,0.0,0.0,0.0,0.0,0.0,0.0,0.0,0.0,0.0,0.0,0.0,0.0,0.0,0.0,0.0,0.0,0.0,0.0,0.0,0.0,0.0,0.0,0.0,0.0,0.0,0.0,0.0,0.0,0.0,0.0,0.0,0.0,0.0,0.0,0.0,0.0,0.0,0.0,0.0,0.0,0.0,0.0,0.0,0.0,0.0,0.0,0.0,-0.5621452495813983,0.08138076358368299,0.2843190227718435,0.7314523468414206,-0.36898492032640806,0.7788248279946213,7,22,0.8270042194092827,-1.0,1.0,0.0,0.0,0.0,0.0,0.0,0.0,0.0,0.0,1.0,0.0,0.0,0.0,0.0,0.0,0.0,0.0,1
VAR_003630,2.4147017559776476,43.25765414475059,2.9877258790321504,14.156946565921514,156.8407128471676,-0.2852801806554066,0.43601184943025234,159.09687893334507,2.043951479117054,-2.4048562347500527e-06,39.40794034126291,0,0.0,0.0032338602159580005,0.12771943760045157,0.0,0.0,-1.0,-0.5342733680339927,0.0,0.0,0.8441715072595704,1.0,0.0,1.0,-1.0,-1.0,1.0,-0.17827499340505035,-1.0,-0.17011129067823064,-0.19195396377325108,0.0,0.0,0.0,0.0,0.0,-1.0,0.0,0.0,-1.0,-1.0,0.0,0.0,0.0,0.0,0.0,0,0.0,-1.0,0,0,0.03528359791820354,-0.4824693180994025,0.8277110279422664,0.0,0.0,1.0,-1.0,-1.0,0.0,1.0,0.0,0.0,0.0,1.0,0.0,1.0,1.0,0.0,0.0,0.0,0.0,0.0029356175063115,0.0,1.0,-1.0,0.0,0.0,1.0,0.0,0.1924182090633455,0.0,0.0,0.0,0.0033420905815301997,0,4.82259940661939,0.0,0.0,-1.0,1.0,0.4130791511157001,0.0,0.0,0.0,-1.0,0.0,0.0,0.0,0.0,0.0,0.0,-1.0,-1.0,0.0,1.0,-1.0,0.0,-1.0,-1.0,0.0,-1.0,0.0,0.0,0.0,1.0,0.0,0.0,1.0,0.0,1.0,-1.0,-1.0,0.0,0.0,0.0,0.0,0.0,0.0,-1.0,-0.0800999856927399,0.0,1.0,0.0,-0.0004744315557187318,-1.0,0.0,0.0,0.0,1.0,1.0,-1.0,-1.0,0.0,7.4149387276283205,0.0,0.3573435502508122,-1.2368655736119685,1.0,-1.0,-1.0,-1.0,1.0,-5.403398540087705,0.0,0.0,0.0,0.0,0.0,0.0,1.0,1.0,0.0,0.0,-19.391134068209873,-11.328213136713165,-19.147213025021433,-0.9158163760730859,0.9495404932062909,-0.8729418264374164,8,17,-0.16877637130801687,0.5,0.0,0.0,1.0,0.0,0.0,0.0,0.0,0.0,0.0,0.0,0.0,0.0,0.0,0.0,1.0,0.0,1.0,0
VAR_001062,0.0,0.0,0.0,0.0,0.0,0.0,0.0,0.0,0.0,0.0,0.0,8,0.0,0.0,0.0,0.0,0.0,0.0,0.0,0.0,-1.0,0.8441715072595704,0.0,0.0,0.0,0.0,0.0,0.0,-0.17827499340505035,0.0,0.7185886323331067,0.10772708594109334,0.0,-1.0,0.0,0.0,0.0,0.0,0.0,0.0,0.0,0.0,0.0,0.0,0.0,0.0,0.0,7,0.0,0.0,4,4,0.2744062818954656,-0.4724112343040015,0.5076776872759026,0.0,0.0,0.0,0.0,0.0,0.0,0.0,0.0,0.0,0.0,0.0,0.0,0.0,0.0,0.0,0.0,0.0,0.0,0.0,0.0,0.0,0.0,0.0,0.0,0.0,0.0,0.0,0.0,0.0,0.0,0.0,4,-0.11193404527617096,0.0,0.0,0.0,0.0,0.0,0.0,0.0,0.0,0.0,0.0,0.0,0.0,0.0,0.0,0.0,0.0,0.0,0.0,0.0,0.0,0.0,0.0,0.0,0.0,0.0,0.0,0.0,0.0,0.0,0.0,0.0,0.0,0.0,0.0,0.0,0.0,0.0,0.0,0.0,0.0,0.0,0.0,0.0,0.0,0.0,0.0,0.0,0.0,0.0,0.0,0.0,0.0,0.0,0.0,0.0,0.0,0.0,0.0,0.0,0.0,0.0,0.0,0.0,0.0,0.0,0.0,0.0,0.0,0.0,0.0,0.0,0.0,0.0,0.0,0.0,0.0,0.0,-0.31188385812338504,0.34338647816014006,0.2938060161481524,0.3772474158183291,0.47004666090953556,-0.05389518429458235,11,14,-0.8607594936708861,-1.0,1.0,0.0,0.0,0.0,0.0,0.0,0.0,0.0,0.0,0.0,0.0,1.0,0.0,0.0,0.0,0.0,0.0,1
VAR_004718,40.06054787060745,-0.8121211213862813,14.457233646102207,-0.510729940339999,-0.578591265518925,-0.5080414801203336,118.69199116965424,-1.0030838002534366,-0.28705481105559255,0.0,-1.071693924960397,16,0.0,0.0,0.0,0.0,0.0,0.0,0.0,0.0,0.0,0.0,0.0,0.0,0.0,0.0,0.0,0.0,0.0,0.0,0.0,0.0,0.0,0.0,0.0,0.0,0.0,0.0,0.0,0.0,0.0,0.0,0.0,0.0,0.0,0.0,0.0,7,0.0,0.0,2,2,-0.5780901476298601,-0.9616984878934657,0.0,-1.0,0.0,0.0,-1.0,0.0,0.0,0.0,0.0,-1.0,-1.0,0.0,-1.0,0.0,0.0,0.0,0.0,-1.0,0.0,-0.00033647754419721465,1.0,0.0,0.0,-1.0,-1.0,0.0,-1.0,-0.8075817909366545,0.0,-1.0,0.0,0.0,2,3.5887971371487177,0.0,0.0,0.0,0.0,0.0,0.0,0.0,0.0,0.0,0.0,0.0,0.0,0.0,0.0,0.0,0.0,0.0,0.0,0.0,0.0,0.0,0.0,0.0,0.0,0.0,0.0,0.0,0.0,0.0,0.0,0.0,0.0,0.0,0.0,0.0,0.0,0.0,0.0,0.0,0.0,0.0,0.0,0.0,0.0,0.0,0.0,0.0,0.0,0.0,0.0,0.0,0.0,0.0,0.0,0.0,0.0,-1.0,1413.9719772993797,-1.0,-0.6426564497491878,6.3797659521948535,0.9425068375295068,-1.0,0.0,-1.0,0.0,-5.403398540087705,0.0,0.0,-1.0,-1.0,0.0,0.0,0.0,0.0,-1.0,-1.0,-0.6140331707641833,0.24370778373666177,-0.11177061481378626,-0.39296359676731896,-1.3517943776248473,0.008862535733894264,2,24,-0.590717299578059,-0.5,0.0,0.0,0.0,0.0,0.0,0.0,0.0,1.0,0.0,0.0,0.0,0.0,0.0,0.0,0.0,1.0,0.0,1
VAR_004384,3.6252593604794425,-0.7526656281942176,7.739460638985402,24.9067205866095,-0.5383127927271547,-0.621605910113553,-0.9271263429124712,-0.9008963806115808,1.290636387221853,-0.0003807935919819673,-1.049471963143759,11,0.0,0.0,0.0,0.0,0.0,0.0,0.0,0.0,-1.0,-0.47075160550760514,0.0,0.0,1.0,0.0,0.0,0.0,0.8217250065949496,0.0,-0.28141136766689334,-0.19200266140766423,0.0,0.0,-1.0,0.0,0.0,0.0,0.0,0.0,0.0,0.0,0.0,0.0,0.0,0.0,0.0,7,0.0,0.0,3,3,-1.5194164824320393,-2.1792310306750893,-0.7395042417134703,0.0,0.0,1.0,-1.0,0.0,-1.0,1.0,0.0,0.0,0.0,0.2578306595582961,-1.0,0.0,1.0,0.0,-1.0,0.0,0.0,4.9350838786800034e-05,1.0,1.0,-1.0,-1.0,0.0,0.0,-1.0,-0.8075817909366545,0.0,0.0,0.0,0.0,3,0.34965995704294534,-1.0,-1.0,0.0,1.0,1.0,-1.0,1.0,0.0,-1.0,0.0,0.0,0.0,0.0,0.0,0.0,0.0,-1.0,0.0,1.0,0.0,-1.0,-1.0,-1.0,0.0,-1.0,1.0,-1.0,0.0,1.0,0.0,0.0,1.0,-1.0,0.0,-1.0,-1.0,1.0,-1.0,-1.0,0.0,-1.0,0.0,0.0,0.9199000143072601,0.0,0.0,-1.0,-0.0005189555556931619,-1.0,-1.0,0.0,0.0,0.0,1.0,-1.0,-1.0,0.0,0.0,0.0,0.0,0.0,0.0,0.0,0.0,0.0,0.0,0.0,0.0,0.0,0.0,0.0,0.0,0.0,0.0,0.0,0.0,0.0,0.25729155745059906,-1.4641327905735557,-0.22695985657296586,-1.0700164867530269,-0.201197589530295,-0.08278092891790179,16,23,0.6582278481012658,-1.0,0.0,0.0,0.0,0.0,0.0,0.0,0.0,0.0,0.0,0.0,0.0,0.0,0.0,0.0,0.0,0.0,0.0,1
VAR_001249,-0.9676599483417879,-0.8121212547774433,81.76160547061828,153.14440211400122,2.75267402051295,8.666612124313422,38.337452291162144,-1.0117314512000952,-0.6055795205004576,0.0,-1.0738608248021648,16,0.0,0.0,0.0,0.0,0.0,0.0,0.0,-0.911583960985607,0.0,-0.47075160550760514,0.0,-1.0,0.0,-1.0,-1.0,1.0,0.8217250065949496,-1.0,-0.28141136766689334,-0.19200038783230805,0.0,-1.0,0.0,0.0,-1.0,-1.0,0.0,0.0,0.0,-1.0,-1.0,-1.0,0.0,0.0,0.0,3,-1.0,-1.0,3,3,-0.1603327431990401,-4.850950379679789,-3.891423903599092,-1.0,-1.0,0.0,0.0,0.0,0.0,0.0,0.0,0.0,-1.0,0.0,0.0,1.0,1.0,-1.0,-1.0,-1.0,0.0,-0.00033668859909418954,0.0,1.0,0.0,0.0,0.0,1.0,0.0,0.1924182090633455,-1.0,-1.0,0.0,-0.0007117740357217978,3,8.03468067794044,0.0,0.0,0.0,0.0,0.0,0.0,0.0,0.0,0.0,0.0,0.0,0.0,0.0,0.0,0.0,0.0,0.0,0.0,0.0,0.0,0.0,0.0,0.0,0.0,0.0,0.0,0.0,0.0,0.0,0.0,0.0,0.0,0.0,0.0,0.0,0.0,0.0,0.0,0.0,0.0,0.0,0.0,0.0,0.0,0.0,0.0,0.0,0.0,0.0,0.0,0.0,0.0,0.0,0.0,0.0,0.0,0.0,-13.365356453939867,-1.0,-0.6426564497491878,-1.2368655736119685,0.0,0.0,-1.0,0.0,0.0,0.0,0.0,0.0,-1.0,0.0,0.0,0.0,0.0,0.0,0.0,0.0,0.25729155745059906,0.34338647816014006,0.2938060161481524,-1.112889104965606,0.13813930134243949,-1.4377172558230507,5,4,0.05063291139240503,1.5,1.0,0.0,0.0,0.0,0.0,0.0,0.0,0.0,0.0,0.0,0.0,0.0,0.0,0.0,1.0,1.0,0.0,0
VAR_002394,-0.9365302570920793,-0.13044460237723524,19.926616212548396,12.819012004464033,-0.6627841494671367,-0.6061669914298398,-0.6193465958619754,6.630968688440319,5.313609614683844,0.00315340018648345,-0.9318259386582012,9,0.0,0.0,0.0,0.0,0.0,0.0,0.0,-1.0,0.0,0.8441715072595704,0.0,0.0,0.0,0.0,-1.0,1.0,0.8217250065949496,-1.0,-0.28141136766689334,51.95985088818093,0.0,-1.0,0.0,-1.0,0.0,-1.0,0.0,0.0,0.0,0.0,0.0,-1.0,0.0,0.0,-1.0,2,0.0,0.0,2,2,-0.15220724080965461,0.17148429394377052,0.0,-1.0,0.0,0.0,0.0,0.0,0.0,1.0,-1.0,-1.0,0.0,1.0,0.0,0.0,0.0,0.0,-1.0,0.0,0.0,0.0016489368978648,0.0,0.0,-1.0,-1.0,0.0,0.0,0.0,-0.8075817909366545,0.0,-1.0,-1.0,-0.0007230448628106614,2,-0.043755080448463116,-1.0,-1.0,-1.0,1.0,1.0,0.0,0.0,1.0,-1.0,1.0,0.0,0.0,0.0,-1.0,0.0,0.0,-1.0,0.0,0.0,-1.0,-1.0,0.0,0.0,-1.0,0.0,0.0,-1.0,0.0,0.0,1.0,0.0,1.0,0.0,1.0,0.0,0.0,0.0,0.0,0.0,0.0,0.0,0.0,0.0,-0.0800999856927399,1.0,1.0,-1.0,-0.0005217799029298431,-1.0,0.0,0.0,-1.0,1.0,0.0,0.0,0.0,0.0,317.78922955262055,-1.0,-0.6426564497491878,-1.2368655736119685,1.0,-1.0,0.0,0.0,0.0,0.0,5.497123972767402,-1.0,-1.0,-1.0,0.0,-1.0,1.0,1.0,0.0,-1.0,0.25729155745059906,0.2763799038218242,0.2938060161481524,-0.13915604115264057,-0.6672620414815978,-0.0027721343712454453,16,3,1.232067510548523,-1.0,0.0,0.0,0.0,0.0,0.0,0.0,1.0,0.0,0.0,0.0,0.0,0.0,0.0,0.0,1.0,0.0,1.0,1
VAR_000893,2.4646673923107096,2.7440286057580727,-0.26730297458628194,2.3247769426145726,-0.34173168210070975,-0.45677665287931807,-0.9542334688985574,3.333512469941613,6.891947678243304,0.00163242250687775,1.127238170085694,0,-1.0,-0.002505015399336,-0.8722805623995484,0.0,0.0,0.0,-0.5342733680339927,0.0,0.0,-0.47075160550760514,0.0,0.0,1.0,0.0,0.0,0.0,0.8217250065949496,-1.0,-0.07424567649472225,-0.19196060058191972,-1.0,0.0,-1.0,0.0,0.0,-1.0,0.0,0.0,-1.0,0.0,0.0,0.0,0.0,0.0,-1.0,4,-1.0,-1.0,3,3,-1.1867730112199135,-3.182656541681883,-2.3129054799403233,0.0,-1.0,1.0,0.0,0.0,0.0,0.0,0.0,0.0,0.0,1.0,0.0,1.0,1.0,-1.0,0.0,-1.0,0.0,0.0025439571067987997,1.0,0.0,-1.0,0.0,-1.0,0.0,-1.0,0.1924182090633455,-1.0,0.0,0.0,-0.0004369753407592,3,0.6006521311630691,-1.0,0.0,-1.0,0.0,1.0,-1.0,1.0,0.0,0.0,1.0,-1.0,0.0,0.0,0.0,0.0,0.0,-1.0,1.0,0.0,-1.0,-1.0,0.0,0.0,0.0,0.0,1.0,0.0,0.0,1.0,0.0,0.0,0.0,0.0,0.0,-1.0,-1.0,0.0,-1.0,-1.0,1.0,-1.0,0.0,-1.0,0.9199000143072601,1.0,0.0,0.0,0.0,0.0,0.0,-1.0,0.0,0.0,0.0,0.0,-1.0,-1.0,131.1054497487761,-1.0,-0.6426564497491878,-1.2368655736119685,0.0,-1.0,0.0,0.0,0.0,0.0,0.0,-1.0,0.0,-1.0,0.0,-1.0,0.0,1.0,0.0,0.0,-19.111463478010194,-11.69429585119926,-20.413604618804733,-1.131249837856176,-7.029183482751667,-1.3261014314708173,5,10,-0.0168776371308017,1.0,0.0,0.0,0.0,0.0,0.0,0.0,0.0,1.0,0.0,0.0,0.0,0.0,0.0,0.0,1.0,0.0,1.0,0
VAR_004573,-0.9556982900657722,1.4487579847584429,-0.3063136664512552,-0.5107311668505934,-0.6558173106140928,-0.3765997075354225,2.0269792445089974,-0.987625549691379,-0.5784089104269102,-0.00021581210544475003,9.177537499984158,25,0.0,0.0,0.0,0.0,0.0,0.0,0.0,0.0,0.0,0.8441715072595704,1.0,0.0,0.0,0.0,0.0,1.0,0.8217250065949496,-0.708283402244454,0.7185886323331067,-0.0071750248415780845,0.0,0.0,-1.0,-1.0,0.0,-1.0,0.0,-1.0,-1.0,-1.0,-1.0,-1.0,-1.0,0.0,0.0,0,0.0,0.0,3,3,0.5289015240759704,-0.6181272778255645,1.1399665606240574,-1.0,0.0,1.0,-1.0,0.0,-1.0,0.0,0.0,0.0,0.0,1.0,-1.0,1.0,0.0,-1.0,-1.0,0.0,-1.0,-0.00032453415498985024,1.0,1.0,-1.0,-1.0,-1.0,1.0,0.0,0.1924182090633455,-1.0,0.0,0.0,0.0,3,6.839538905677865,-1.0,-1.0,-0.6748373454643768,0.0,0.0,-1.0,1.0,1.0,0.0,1.0,0.0,-1.0,1.0,0.0,0.0,0.0,0.0,1.0,1.0,0.0,-1.0,0.0,0.0,0.0,0.0,1.0,-1.0,1.0,0.0,1.0,1.0,0.0,0.0,1.0,0.0,-1.0,0.0,0.0,-1.0,1.0,-1.0,0.0,0.0,0.9199000143072601,1.0,1.0,0.0,-0.0004142611800243,0.0,0.0,-1.0,-1.0,1.0,0.0,-1.0,0.0,-1.0,-13.695049058589957,0.0,-0.6426564497491878,-1.2368655736119685,0.0,-1.0,0.0,-1.0,0.0,0.0,0.0,-1.0,-1.0,-1.0,0.0,-1.0,1.0,0.0,-1.0,0.0,-1.394201639906608,0.34338647816014006,0.2938060161481524,-0.5656551126534609,-0.14598317607199232,0.38344389496793674,16,23,0.6582278481012658,-1.0,0.0,0.0,0.0,0.0,0.0,0.0,0.0,0.0,0.0,0.0,0.0,0.0,0.0,-1.0,1.0,0.0,1.0,1
VAR_004652,-0.34841233971495233,54.49008777789844,-0.20961068539535258,-0.3105619426279171,-0.6622511162116789,3.7550482969431354,122.41455668667803,0.8484843765281406,74.00157820137156,-0.0003940537888534519,0.1108721617895645,6,0.0,0.0,0.0,0.0,0.0,0.0,0.0,0.0,0.0,0.0,0.0,0.0,0.0,0.0,0.0,0.0,0.0,0.0,0.0,0.0,0.0,0.0,0.0,0.0,0.0,0.0,0.0,0.0,0.0,0.0,0.0,0.0,0.0,0.0,0.0,7,0.0,0.0,5,5,0.0,0.0,0.0,0.0,0.0,0.0,0.0,0.0,0.0,0.0,0.0,0.0,0.0,0.0,0.0,0.0,0.0,0.0,0.0,0.0,0.0,0.0,0.0,0.0,0.0,0.0,0.0,0.0,0.0,0.0,0.0,0.0,0.0,0.0,5,0.0,0.0,0.0,0.0,0.0,0.0,0.0,0.0,0.0,0.0,0.0,0.0,0.0,0.0,0.0,0.0,0.0,0.0,0.0,0.0,0.0,0.0,0.0,0.0,0.0,0.0,0.0,0.0,0.0,0.0,0.0,0.0,0.0,0.0,0.0,0.0,0.0,0.0,0.0,0.0,0.0,0.0,0.0,0.0,0.0,0.0,0.0,0.0,0.0,0.0,0.0,0.0,0.0,0.0,0.0,0.0,0.0,0.0,0.0,0.0,0.0,0.0,0.0,0.0,0.0,0.0,0.0,0.0,0.0,0.0,0.0,0.0,0.0,0.0,0.0,0.0,0.0,0.0,0.0,0.0,0.0,0.0,0.0,0.0,24,25,0.0,0.0,0.0,0.0,0.0,0.0,0.0,0.0,0.0,0.0,0.0,0.0,0.0,0.0,0.0,0.0,0.0,0.0,0.0,0
VAR_004650,-0.6522022181397481,130.99270343107025,-0.4609693603673586,-0.5107311668506183,-0.6542485227904251,-0.5495260504438216,18.419687345211383,126.85681947166132,-0.605579507840748,0.08326856142195235,-1.0000374711275735,16,0.0,0.0,0.0,0.0,0.0,0.0,0.0,0.0,0.0,0.0,0.0,0.0,0.0,0.0,0.0,0.0,0.0,0.0,0.0,0.0,0.0,0.0,0.0,0.0,0.0,0.0,0.0,0.0,0.0,0.0,0.0,0.0,0.0,0.0,0.0,7,0.0,0.0,5,5,0.0,0.0,0.0,0.0,0.0,0.0,0.0,0.0,0.0,0.0,0.0,0.0,0.0,0.0,0.0,0.0,0.0,0.0,0.0,0.0,0.0,0.0,0.0,0.0,0.0,0.0,0.0,0.0,0.0,0.0,0.0,0.0,0.0,0.0,5,0.0,0.0,0.0,0.0,0.0,0.0,0.0,0.0,0.0,0.0,0.0,0.0,0.0,0.0,0.0,0.0,0.0,0.0,0.0,0.0,0.0,0.0,0.0,0.0,0.0,0.0,0.0,0.0,0.0,0.0,0.0,0.0,0.0,0.0,0.0,0.0,0.0,0.0,0.0,0.0,0.0,0.0,0.0,0.0,0.0,0.0,0.0,0.0,0.0,0.0,0.0,0.0,0.0,0.0,0.0,0.0,0.0,0.0,0.0,0.0,0.0,0.0,0.0,0.0,0.0,0.0,0.0,0.0,0.0,0.0,0.0,0.0,0.0,0.0,0.0,0.0,0.0,0.0,0.0,0.0,0.0,0.0,0.0,0.0,24,25,0.0,0.0,0.0,0.0,0.0,0.0,0.0,0.0,0.0,0.0,0.0,0.0,0.0,0.0,0.0,0.0,0.0,1.0,0.0,0
VAR_001013,6.8529257162865695,-0.8121211694499207,0.38527541273560156,-0.5107311509832895,8.551096901834114,-0.6216059101135519,-0.9089897561706393,56.255839511142526,24.7330290612854,0.0,1.2389520509248182,16,0.0,0.0,0.0,0.0,0.0,0.0,0.0,-1.0,0.0,-0.47075160550760514,1.0,0.0,0.0825635541373834,0.0,0.0,1.0,-0.17827499340505035,0.0,0.7185886323331067,-0.1919334318775917,0.0,0.0,-1.0,0.0,0.0,-1.0,0.0,0.0,0.0,-1.0,-1.0,-1.0,0.0,0.0,0.0,0,-1.0,-1.0,2,2,0.3358401276877743,0.01422133278168104,0.0,0.0,-1.0,1.0,0.0,0.0,-1.0,1.0,0.0,0.0,0.0,1.0,-1.0,0.0,1.0,-1.0,-1.0,-1.0,0.0,0.0004795945942689,0.0,0.0,0.0,-1.0,-1.0,0.0,-1.0,-0.8075817909366545,-1.0,0.0,-1.0,-0.0006847445125551611,2,5.425623040933699,0.0,0.0,0.0,0.0,0.0,0.0,0.0,0.0,0.0,0.0,0.0,0.0,0.0,0.0,0.0,0.0,0.0,0.0,0.0,0.0,0.0,0.0,0.0,0.0,0.0,0.0,0.0,0.0,0.0,0.0,0.0,0.0,0.0,0.0,0.0,0.0,0.0,0.0,0.0,0.0,0.0,0.0,0.0,0.0,0.0,0.0,0.0,0.0,0.0,0.0,0.0,0.0,0.0,0.0,0.0,0.0,0.0,-13.877487639621734,0.0,-0.6426564497491878,6.3797659521948535,0.0,-1.0,-1.0,0.0,1.0,0.0,0.0,-0.23969512229155332,0.0,0.0,-1.0,-1.0,1.0,0.0,0.0,0.0,-1.8396053617869588,0.34338647816014006,0.05359556614151226,0.2759425501602937,0.22028459020142457,-0.11563819317432339,16,3,1.232067510548523,-1.0,0.0,0.0,0.0,0.0,0.0,0.0,1.0,0.0,0.0,0.0,0.0,0.0,0.0,0.0,1.0,1.0,1.0,1
VAR_004132,0.7684349236422205,-0.8121212441744347,43.908011762308476,-0.4525008920592478,226.81762146299303,69.15507949370429,158.16831836541098,-0.0055178092777822246,173.99197983127283,0.00411643291582125,4.874931709880196,25,0.0,-0.0021578626828453,-0.8722805623995484,0.0,0.0,-1.0,0.4657266319660073,-1.0,0.0,-0.47075160550760514,0.0,0.0,1.0,0.0,0.0,1.0,0.8217250065949496,-1.0,0.7185886323331067,12.167614883421987,0.0,-1.0,-1.0,0.0,-1.0,0.0,0.0,0.0,0.0,0.0,-1.0,0.0,0.0,0.0,0.0,2,0.0,0.0,2,2,-0.31619890454454685,-3.420747000854332,-2.7502042628847096,0.0,-1.0,0.0,0.0,0.0,0.0,0.0,0.0,0.0,0.0,0.0,0.0,0.0,1.0,-1.0,-1.0,-1.0,0.0,-0.00033678791909889135,0.0,0.0,0.0,-1.0,-1.0,1.0,-1.0,-0.8075817909366545,-1.0,-1.0,-1.0,-0.000532631327736,2,6.15344097745702,-1.0,0.0,-1.0,0.0,1.0,0.0,0.0,0.0,0.0,0.0,-1.0,-1.0,1.0,0.0,0.0,-1.0,0.0,0.0,1.0,0.0,0.0,-1.0,-1.0,0.0,0.0,1.0,-1.0,0.0,1.0,0.369043236964249,0.0,0.0,0.0,0.0,0.0,0.0,0.0,0.0,0.0,1.0,-1.0,0.0,-1.0,0.9199000143072601,1.0,1.0,-1.0,-0.00016791544782369998,-1.0,-1.0,0.0,0.0,1.0,0.0,0.0,-1.0,0.0,-9.725253315380966,-1.0,0.3573435502508122,-1.2368655736119685,0.416100659287541,-1.0,-1.0,-1.0,0.0,0.0,0.0,0.0,0.0,0.0,0.0,0.0,1.0,1.0,0.0,-1.0,-1.817466561377633,0.10510697929770507,-0.04138665808454208,-1.139684895600269,-6.3227584700127615,-1.5630552240119204,5,4,0.05063291139240503,1.5,1.0,0.0,0.0,0.0,0.0,0.0,0.0,0.0,0.0,0.0,0.0,0.0,0.0,-1.0,1.0,0.0,0.0,0
VAR_001096,0.0,0.0,0.0,0.0,0.0,0.0,0.0,0.0,0.0,0.0,0.0,8,0.0,0.0,0.0,0.0,0.0,0.0,0.0,0.0,0.0,0.8441715072595704,0.0,-1.0,0.0,0.0,0.0,1.0,0.8217250065949496,0.0,0.7185886323331067,56.949088110740405,0.0,-1.0,-1.0,0.0,0.0,0.0,0.0,0.0,0.0,0.0,0.0,0.0,0.0,0.0,0.0,7,0.0,0.0,4,4,0.6970839559188597,0.30314200279544096,1.5512312263421473,0.0,0.0,0.0,0.0,0.0,0.0,0.0,0.0,0.0,0.0,0.0,0.0,0.0,0.0,0.0,0.0,0.0,0.0,0.0,0.0,0.0,0.0,0.0,0.0,0.0,0.0,0.0,0.0,0.0,0.0,0.0,4,1.8011627440453348,0.0,0.0,0.0,0.0,0.0,0.0,0.0,0.0,0.0,0.0,0.0,0.0,0.0,0.0,0.0,0.0,0.0,0.0,0.0,0.0,0.0,0.0,0.0,0.0,0.0,0.0,0.0,0.0,0.0,0.0,0.0,0.0,0.0,0.0,0.0,0.0,0.0,0.0,0.0,0.0,0.0,0.0,0.0,0.0,0.0,0.0,0.0,0.0,0.0,0.0,0.0,0.0,0.0,0.0,0.0,0.0,0.0,0.0,0.0,0.0,0.0,0.0,0.0,0.0,0.0,0.0,0.0,0.0,0.0,0.0,0.0,0.0,0.0,0.0,0.0,0.0,0.0,-1.1558034105910853,-0.06654967826988818,0.2938060161481524,0.37100214050860597,0.02987227047879848,-0.019200155574582097,11,17,-1.350210970464135,-0.5,1.0,0.0,0.0,0.0,0.0,0.0,0.0,0.0,0.0,0.0,0.0,0.0,1.0,0.0,0.0,0.0,0.0,1
VAR_003666,0.0,0.0,0.0,0.0,0.0,0.0,0.0,0.0,0.0,0.0,0.0,8,0.0,0.0,0.0,0.0,0.0,0.0,0.0,0.0,0.0,0.0,0.0,0.0,0.0,0.0,0.0,0.0,0.0,0.0,0.0,0.0,0.0,0.0,0.0,0.0,0.0,0.0,0.0,0.0,0.0,0.0,0.0,0.0,0.0,0.0,0.0,7,0.0,0.0,0,0,-1.097155512440058,-0.2969490427798734,0.7732388171055922,0.0,0.0,0.0,0.0,0.0,0.0,0.0,0.0,0.0,0.0,0.0,0.0,0.0,0.0,0.0,0.0,0.0,0.0,0.0,0.0,0.0,0.0,0.0,0.0,0.0,0.0,0.0,0.0,0.0,0.0,0.0,0,0.0,0.0,0.0,0.0,0.0,0.0,0.0,0.0,0.0,0.0,0.0,0.0,0.0,0.0,0.0,0.0,0.0,0.0,0.0,0.0,0.0,0.0,0.0,0.0,0.0,0.0,0.0,0.0,0.0,0.0,0.0,0.0,0.0,0.0,0.0,0.0,0.0,0.0,0.0,0.0,0.0,0.0,0.0,0.0,0.0,0.0,0.0,0.0,0.0,0.0,0.0,0.0,0.0,0.0,0.0,0.0,0.0,0.0,0.0,0.0,0.0,0.0,0.0,0.0,0.0,0.0,0.0,0.0,0.0,0.0,0.0,0.0,0.0,0.0,0.0,0.0,0.0,0.0,-0.593353044610601,0.34338647816014006,-0.2717478837194864,0.4177552023602937,-1.4289481527414236,-0.22306968640913186,17,23,0.03375527426160336,-1.0,-0.5,0.0,0.0,0.0,0.0,1.0,0.0,0.0,0.0,0.0,0.0,0.0,0.0,0.0,0.0,0.0,0.0,1
VAR_001089,0.0,0.0,0.0,0.0,0.0,0.0,0.0,0.0,0.0,0.0,0.0,8,0.0,0.0,0.0,0.0,0.0,0.0,0.0,0.0,0.0,0.0,0.0,0.0,0.0,0.0,0.0,0.0,0.0,0.0,0.0,0.0,0.0,0.0,0.0,0.0,0.0,0.0,0.0,0.0,0.0,0.0,0.0,0.0,0.0,0.0,0.0,7,0.0,0.0,4,4,0.013332322810205792,-0.043211628815037796,0.4419770637920708,0.0,0.0,0.0,0.0,0.0,0.0,0.0,0.0,0.0,0.0,0.0,0.0,0.0,0.0,0.0,0.0,0.0,0.0,0.0,0.0,0.0,0.0,0.0,0.0,0.0,0.0,0.0,0.0,0.0,0.0,0.0,4,0.0,0.0,0.0,0.0,0.0,0.0,0.0,0.0,0.0,0.0,0.0,0.0,0.0,0.0,0.0,0.0,0.0,0.0,0.0,0.0,0.0,0.0,0.0,0.0,0.0,0.0,0.0,0.0,0.0,0.0,0.0,0.0,0.0,0.0,0.0,0.0,0.0,0.0,0.0,0.0,0.0,0.0,0.0,0.0,0.0,0.0,0.0,0.0,0.0,0.0,0.0,0.0,0.0,0.0,0.0,0.0,0.0,0.0,0.0,0.0,0.0,0.0,0.0,0.0,0.0,0.0,0.0,0.0,0.0,0.0,0.0,0.0,0.0,0.0,0.0,0.0,0.0,0.0,-0.26120435593650526,-0.20994691919826244,-0.8110579319587436,0.3808254355803917,-0.5122742326713188,0.10672484161517688,11,8,-1.130801687763713,-1.0,0.0,0.0,0.0,0.0,0.0,0.0,0.0,0.0,0.0,0.0,1.0,0.0,0.0,0.0,0.0,0.0,0.0,1
VAR_004659,-0.9652744170252872,5.633376807387308,-0.46099351748184164,-0.5107308940711497,-0.6627781355949215,-0.621605910113553,28.81094188632002,-0.9509318755093576,-0.6044540394502363,0.0,-1.0549971423892712,18,0.0,0.0,0.0,0.0,0.0,0.0,0.0,0.0,0.0,0.0,0.0,0.0,0.0,0.0,0.0,0.0,0.0,0.0,0.0,0.0,0.0,0.0,0.0,0.0,0.0,0.0,0.0,0.0,0.0,0.0,0.0,0.0,0.0,0.0,0.0,7,0.0,0.0,5,5,0.0,0.0,0.0,0.0,0.0,0.0,0.0,0.0,0.0,0.0,0.0,0.0,0.0,0.0,0.0,0.0,0.0,0.0,0.0,0.0,0.0,0.0,0.0,0.0,0.0,0.0,0.0,0.0,0.0,0.0,0.0,0.0,0.0,0.0,5,0.0,0.0,0.0,0.0,0.0,0.0,0.0,0.0,0.0,0.0,0.0,0.0,0.0,0.0,0.0,0.0,0.0,0.0,0.0,0.0,0.0,0.0,0.0,0.0,0.0,0.0,0.0,0.0,0.0,0.0,0.0,0.0,0.0,0.0,0.0,0.0,0.0,0.0,0.0,0.0,0.0,0.0,0.0,0.0,0.0,0.0,0.0,0.0,0.0,0.0,0.0,0.0,0.0,0.0,0.0,0.0,0.0,0.0,0.0,0.0,0.0,0.0,0.0,0.0,0.0,0.0,0.0,0.0,0.0,0.0,0.0,0.0,0.0,0.0,0.0,0.0,0.0,0.0,0.0,0.0,0.0,0.0,0.0,0.0,24,25,0.0,0.0,0.0,0.0,0.0,0.0,0.0,0.0,0.0,0.0,0.0,0.0,0.0,0.0,0.0,0.0,0.0,0.0,0.0,0
VAR_003667,37.03901005671889,-0.8101409075931059,-0.4609935193304401,-0.5033486120208813,219.43679601546404,-0.6216059101097906,-0.979309408077262,-1.0116329245220093,3.656697844804972,0.0,-0.9865979075480785,13,0.0,0.0,0.0,0.0,0.0,0.0,0.0,-1.0,-1.0,0.8441715072595704,0.0,0.0,1.0,0.0,0.0,1.0,-0.17827499340505035,0.0,-0.28141136766689334,-0.19200213105441477,0.0,-1.0,-1.0,0.0,-1.0,0.0,0.0,0.0,0.0,0.0,-1.0,0.0,-1.0,-1.0,0.0,3,0.0,-1.0,1,1,-0.8666680735590331,-0.28999739425366733,0.0,0.0,0.0,0.0,0.0,0.0,0.0,0.0,0.0,0.0,0.0,0.0,0.0,0.0,0.0,0.0,0.0,0.0,0.0,0.0,0.0,0.0,0.0,0.0,0.0,0.0,0.0,0.0,0.0,0.0,0.0,0.0,1,-0.11676447527751224,-1.0,-1.0,0.0,0.0,1.0,-1.0,0.2458393947838505,1.0,-1.0,0.0,0.0,-1.0,1.0,0.0,0.0,0.0,0.0,0.0,0.0,-1.0,0.0,-1.0,0.0,-1.0,-1.0,0.0,0.0,0.0,0.0,0.0,0.0,0.0,0.0,0.0,-1.0,-1.0,0.0,0.0,0.0,0.0,0.0,0.0,-1.0,0.9199000143072601,1.0,1.0,0.0,-0.0005211374536293079,-1.0,0.0,0.0,-1.0,1.0,0.0,0.0,0.0,-1.0,582.256696852341,0.0,0.3573435502508122,6.3797659521948535,0.0,-1.0,0.0,-1.0,0.0,-5.403398540087705,0.0,0.0,-1.0,0.0,0.0,0.0,1.0,0.0,0.0,-1.0,0.06312311001383807,0.34338647816014006,-0.7226350804449213,0.6264810374948495,0.1949729941215628,0.5631824551652331,9,22,0.0,2.0,0.5,0.0,1.0,0.0,0.0,0.0,0.0,0.0,0.0,0.0,0.0,0.0,0.0,0.0,1.0,0.0,0.0,1
VAR_000897,9.53969636034407,104.60533436802399,-0.3770930942739298,-0.5107311647792216,-0.6627838743698161,-0.4294509446928662,2.1492060671649544,-0.47892189389659406,0.7366488266628161,-0.0003926499000152019,-0.2559081376371328,28,0.0,0.0,0.0,0.0,0.0,0.0,0.0,0.0,-1.0,-0.47075160550760514,1.0,0.0,1.0,0.0,0.0,0.0,0.8217250065949496,0.0,-0.28141136766689334,0.0565246189281337,0.0,-1.0,-1.0,-1.0,0.0,-1.0,-1.0,0.0,-1.0,-1.0,-1.0,0.0,0.0,-1.0,0.0,3,-1.0,-1.0,2,2,-0.35985630885105857,-1.3977681392310224,-0.2492952482041066,0.0,0.0,0.0,0.0,0.0,-1.0,0.0,0.0,0.0,-1.0,1.0,0.0,1.0,1.0,-1.0,-1.0,-1.0,0.0,0.0056420906879354,0.0,0.0,0.0,-1.0,0.0,0.0,0.0,0.1924182090633455,-1.0,0.0,0.0,0.0289762950110245,2,1.2775967896308758,0.0,0.0,0.0,1.0,0.526870965701733,0.0,0.0,0.0,-1.0,0.0,-1.0,0.0,1.0,-1.0,0.0,-1.0,0.0,1.0,1.0,-1.0,-1.0,-1.0,0.0,-1.0,-1.0,1.0,-1.0,1.0,1.0,0.0,1.0,0.0,0.0,0.0,0.0,-1.0,0.0,-1.0,0.0,0.0,-1.0,-1.0,0.0,-0.0800999856927399,0.0,0.0,0.0,0.00028661377066729996,-1.0,0.0,-1.0,-1.0,0.0,1.0,-1.0,0.0,-1.0,-2.5796039150893475,-1.0,0.3573435502508122,6.3797659521948535,0.0,-1.0,-1.0,0.0,1.0,0.0,5.497123972767402,-1.0,-1.0,0.0,0.0,-1.0,0.0,0.0,-1.0,0.0,0.22165573235357916,-1.2163143901998148,0.2938060161481524,-0.8959683600089258,-1.1281470168020407,-0.8473627100914819,14,19,0.18565400843881852,0.0,1.0,0.0,0.0,0.0,0.0,0.0,1.0,0.0,0.0,0.0,0.0,0.0,0.0,-1.0,1.0,1.0,0.0,0
VAR_000617,0.0,0.0,0.0,0.0,0.0,0.0,0.0,0.0,0.0,0.0,0.0,8,0.0,0.0,0.0,0.0,0.0,0.0,0.0,-1.0,-1.0,-0.4417866077147916,1.0,0.0,0.0,0.0,-1.0,0.0,0.8217250065949496,-1.0,-0.28141136766689334,90.65150868380661,0.0,-1.0,0.0,0.0,0.0,0.0,0.0,0.0,0.0,0.0,0.0,0.0,0.0,0.0,0.0,7,0.0,0.0,1,1,0.17966463593452475,0.2099788302845515,-0.2627633937527378,0.0,0.0,0.0,0.0,0.0,0.0,0.0,0.0,0.0,0.0,0.0,0.0,0.0,0.0,0.0,0.0,0.0,0.0,0.0,0.0,0.0,0.0,0.0,0.0,0.0,0.0,0.0,0.0,0.0,0.0,0.0,1,-0.13142281951883594,0.0,0.0,0.0,0.0,0.0,0.0,0.0,0.0,0.0,0.0,0.0,0.0,0.0,0.0,0.0,0.0,0.0,0.0,0.0,0.0,0.0,0.0,0.0,0.0,0.0,0.0,0.0,0.0,0.0,0.0,0.0,0.0,0.0,0.0,0.0,0.0,0.0,0.0,0.0,0.0,0.0,0.0,0.0,0.0,0.0,0.0,0.0,0.0,0.0,0.0,0.0,0.0,0.0,0.0,0.0,0.0,0.0,0.0,0.0,0.0,0.0,0.0,0.0,0.0,0.0,0.0,0.0,0.0,0.0,0.0,0.0,0.0,0.0,0.0,0.0,0.0,0.0,-0.8041296541896853,-0.06084556714965089,-0.3945387582913576,0.6110618242316723,0.881954600185622,0.5779725109838256,4,7,0.5738396624472573,0.0,0.0,0.0,1.0,0.0,0.0,0.0,0.0,0.0,0.0,0.0,0.0,0.0,0.0,0.0,0.0,0.0,0.0,1
VAR_003648,47.471281585845695,13.411687434960388,-0.33495183423296804,0.9189375776014317,-0.636315251696312,3.943926037590433,175.75348178201702,135.12280962562423,43.91956355340855,-0.00039437101280144997,0.26398403614558236,26,0.0,0.0,0.0,0.0,0.0,0.0,0.0,0.0,0.0,0.19555464020512167,0.0,0.0,0.0,0.0,0.0,0.0,0.8217250065949496,0.0,-0.28141136766689334,0.4375640493646601,0.0,-1.0,0.0,0.0,0.0,-1.0,0.0,0.0,0.0,0.0,0.0,-1.0,0.0,-1.0,0.0,3,0.0,0.0,2,2,-0.0025671812140210474,-0.342028386679806,0.7342636270797498,-1.0,0.0,0.0,0.0,0.0,-1.0,1.0,0.0,-1.0,0.0,1.0,-1.0,1.0,0.0,-1.0,0.0,0.0,0.0,0.0002957467993983,0.0,0.0,-1.0,-1.0,-1.0,0.0,0.0,-0.8075817909366545,0.0,-1.0,-1.0,-0.0004204249545019,2,0.8157372052156169,-1.0,0.0,-1.0,1.0,1.0,-1.0,0.0863946503693293,1.0,0.0,1.0,0.0,-1.0,1.0,-1.0,0.0,-1.0,-1.0,0.0,1.0,0.0,-1.0,0.0,0.0,0.0,0.0,0.0,0.0,0.0,1.0,1.0,1.0,1.0,0.0,0.0,0.0,-1.0,1.0,0.0,-1.0,0.0,0.0,-1.0,0.0,-0.0800999856927399,1.0,0.0,0.0,1.599852435780005e-05,0.0,0.0,0.0,-1.0,1.0,0.0,-0.3550099373781297,0.0,-1.0,2128.139936858839,-1.0,0.3573435502508122,6.3797659521948535,1.0,-1.0,0.0,0.0,0.0,-5.403398540087705,5.497123972767402,0.0,0.0,-1.0,0.0,-1.0,0.0,0.0,0.0,-1.0,0.06405347107227444,0.34338647816014006,-0.0005905135147822066,-0.30556609467685786,-0.8532903336402339,-0.7561307674784117,19,9,0.9282700421940927,0.0,0.5,0.0,0.0,0.0,0.0,0.0,1.0,0.0,0.0,0.0,0.0,0.0,0.0,-1.0,1.0,0.0,0.0,0
VAR_001014,0.0,0.0,0.0,0.0,0.0,0.0,0.0,0.0,0.0,0.0,0.0,8,0.0,0.0,0.0,0.0,0.0,0.0,0.0,0.0,0.0,0.0,0.0,0.0,0.0,0.0,0.0,0.0,0.0,0.0,0.0,0.0,0.0,0.0,0.0,0.0,0.0,0.0,0.0,0.0,0.0,0.0,0.0,0.0,0.0,0.0,0.0,7,0.0,0.0,3,3,0.3377218403957584,0.5155330921347769,1.1635789400584438,0.0,0.0,0.0,0.0,0.0,0.0,0.0,0.0,0.0,0.0,0.0,0.0,0.0,0.0,0.0,0.0,0.0,0.0,0.0,0.0,0.0,0.0,0.0,0.0,0.0,0.0,0.0,0.0,0.0,0.0,0.0,3,0.0,0.0,0.0,0.0,0.0,0.0,0.0,0.0,0.0,0.0,0.0,0.0,0.0,0.0,0.0,0.0,0.0,0.0,0.0,0.0,0.0,0.0,0.0,0.0,0.0,0.0,0.0,0.0,0.0,0.0,0.0,0.0,0.0,0.0,0.0,0.0,0.0,0.0,0.0,0.0,0.0,0.0,0.0,0.0,0.0,0.0,0.0,0.0,0.0,0.0,0.0,0.0,0.0,0.0,0.0,0.0,0.0,0.0,0.0,0.0,0.0,0.0,0.0,0.0,0.0,0.0,0.0,0.0,0.0,0.0,0.0,0.0,0.0,0.0,0.0,0.0,0.0,0.0,0.0,0.2097875776966454,0.2938060161481524,0.8068825225372022,-0.07517231843101801,0.6204662562999298,16,14,0.5400843881856539,-0.5,1.0,0.0,0.0,0.0,0.0,0.0,0.0,0.0,1.0,0.0,0.0,0.0,0.0,0.0,0.0,0.0,0.0,1
VAR_003670,-0.8008137144302341,0.0,17.2038526065605,11.059681976478263,-0.6627843103665071,-0.04058587315646314,266.2979258205434,-1.0066484007417809,100.95353159022586,0.0,3.8226683101867374,16,0.0,0.0,0.0,0.0,0.0,0.0,0.0,0.0,0.0,0.0,0.0,0.0,0.0,0.0,0.0,0.0,0.0,0.0,0.0,0.0,0.0,0.0,0.0,0.0,0.0,0.0,0.0,0.0,0.0,0.0,0.0,0.0,0.0,0.0,0.0,7,0.0,0.0,1,1,-0.05375125802606794,0.08252896176929789,0.0,0.0,0.0,0.0,0.0,0.0,0.0,0.0,0.0,0.0,0.0,0.0,0.0,0.0,0.0,0.0,0.0,0.0,0.0,0.0,0.0,0.0,0.0,0.0,0.0,0.0,0.0,0.0,0.0,0.0,0.0,0.0,1,2.7872633639632007,0.0,0.0,0.0,0.0,0.0,0.0,0.0,0.0,0.0,0.0,0.0,0.0,0.0,0.0,0.0,0.0,0.0,0.0,0.0,0.0,0.0,0.0,0.0,0.0,0.0,0.0,0.0,0.0,0.0,0.0,0.0,0.0,0.0,0.0,0.0,0.0,0.0,0.0,0.0,0.0,0.0,0.0,0.0,0.0,0.0,0.0,0.0,0.0,0.0,0.0,0.0,0.0,0.0,0.0,0.0,0.0,-1.0,-13.877492284331801,0.0,0.3573435502508122,-1.2368655736119685,0.6758709901657848,0.0,0.0,-1.0,1.0,0.0,5.497123972767402,0.0,0.0,0.0,0.0,0.0,1.0,1.0,0.0,-1.0,0.25729155745059906,0.34338647816014006,0.2938060161481524,0.6789195094770862,0.4391720584981633,0.31388235493566824,19,1,0.47257383966244715,0.5,1.0,0.0,1.0,0.0,0.0,0.0,0.0,0.0,0.0,0.0,0.0,0.0,0.0,0.0,0.0,1.0,0.0,1
VAR_004444,-0.9485201329509146,32.53533703282994,4.011613526247545,374.19232770198164,120.44749393297455,-0.6206339231132634,38.44599071479789,-0.8728253534808466,-0.6055792535722873,0.0,-1.0567988144349032,16,0.0,0.0,0.0,0.0,0.0,0.0,0.0,0.0,0.0,-0.47075160550760514,0.0,-1.0,0.0,0.0,0.0,1.0,0.8217250065949496,0.0,0.7185886323331067,-0.19004194261011645,0.0,0.0,0.0,0.0,0.0,-1.0,-1.0,0.0,0.0,0.0,-1.0,0.0,0.0,0.0,0.0,0,0.0,-1.0,3,3,-2.9326818179675787,-4.523151758483871,-6.303996464502507,0.0,-1.0,0.0,0.0,-1.0,0.0,0.0,-1.0,0.0,-1.0,0.0,-1.0,0.0,1.0,-1.0,-1.0,0.0,0.0,-0.0003378126363638349,0.0,1.0,0.0,-1.0,-1.0,1.0,0.0,-0.8075817909366545,0.0,0.0,-1.0,-0.000730734657529863,3,-0.10970379557838233,0.0,0.0,0.0,0.0,0.0,0.0,0.0,0.0,0.0,0.0,0.0,0.0,0.0,0.0,0.0,0.0,0.0,0.0,0.0,0.0,0.0,0.0,0.0,0.0,0.0,0.0,0.0,0.0,0.0,0.0,0.0,0.0,0.0,0.0,0.0,0.0,0.0,0.0,0.0,0.0,0.0,0.0,0.0,0.0,0.0,0.0,0.0,0.0,0.0,0.0,0.0,0.0,0.0,0.0,0.0,0.0,0.0,1035.0203538483777,0.0,-0.6426564497491878,-1.2368655736119685,0.0,0.0,-1.0,-1.0,1.0,-3.9999999999999987,0.0,0.0,0.0,0.0,-1.0,-1.0,1.0,1.0,-1.0,0.0,-19.391134068209873,-11.361706113902903,-20.413604618804733,-1.0129925713956744,0.9798516408808384,-1.4295472241699796,0,7,-0.3206751054852321,0.5,1.0,0.0,0.0,0.0,0.0,1.0,0.0,0.0,0.0,0.0,0.0,0.0,0.0,0.0,1.0,1.0,1.0,0
VAR_000969,2.752756083795325,0.26510581860915167,83.71524342155412,0.5866423313415448,114.73699719769502,-0.6104643112042517,-0.9697513581947015,-1.0111629825408404,-0.6055795204869041,0.0,-0.9157873739343415,9,0.0,0.0,0.0,0.0,0.0,0.0,0.0,-1.0,-1.0,0.8441715072595704,1.0,-1.0,1.0,-1.0,0.0,1.0,-0.17827499340505035,-1.0,-0.28141136766689334,190.71490907349147,0.0,-1.0,-1.0,0.0,0.0,0.0,0.0,0.0,0.0,0.0,0.0,0.0,0.0,0.0,0.0,7,0.0,0.0,2,2,0.620901542827342,0.7558651961686087,0.9598211725013335,0.0,0.0,0.0,0.0,0.0,0.0,0.0,0.0,0.0,0.0,0.0,0.0,0.0,0.0,0.0,0.0,0.0,0.0,0.0,0.0,0.0,0.0,0.0,0.0,0.0,0.0,0.0,0.0,0.0,0.0,0.0,2,-0.033561277320584934,0.0,0.0,0.0,0.0,0.0,0.0,0.0,0.0,0.0,0.0,0.0,0.0,0.0,0.0,0.0,0.0,0.0,0.0,0.0,0.0,0.0,0.0,0.0,0.0,0.0,0.0,0.0,0.0,0.0,0.0,0.0,0.0,0.0,0.0,0.0,0.0,0.0,0.0,0.0,0.0,0.0,0.0,0.0,0.0,0.0,0.0,0.0,0.0,0.0,0.0,0.0,0.0,0.0,0.0,0.0,0.0,0.0,504.783543026754,-1.0,-0.6426564497491878,-1.2368655736119685,0.4617368805605508,-1.0,0.0,0.0,1.0,0.0,5.497123972767402,-1.0,0.0,0.0,-1.0,-1.0,1.0,1.0,-1.0,-1.0,0.25729155745059906,0.34338647816014006,-0.5132509665961308,0.2910442431695432,-0.12321870757027105,-0.19051628036810755,19,9,0.9282700421940927,0.0,0.5,0.0,0.0,0.0,0.0,0.0,1.0,0.0,0.0,0.0,0.0,0.0,0.0,0.0,0.0,0.0,1.0,1
VAR_000633,0.0,0.0,0.0,0.0,0.0,0.0,0.0,0.0,0.0,0.0,0.0,8,0.0,0.0,0.0,0.0,0.0,0.0,0.0,0.0,0.0,0.0,0.0,0.0,0.0,0.0,0.0,0.0,0.0,0.0,0.0,0.0,0.0,0.0,0.0,0.0,0.0,0.0,0.0,0.0,0.0,0.0,0.0,0.0,0.0,0.0,0.0,7,0.0,0.0,3,3,0.9445112373443637,0.09733473741535514,0.0,0.0,0.0,0.0,0.0,0.0,0.0,0.0,0.0,0.0,0.0,0.0,0.0,0.0,0.0,0.0,0.0,0.0,0.0,0.0,0.0,0.0,0.0,0.0,0.0,0.0,0.0,0.0,0.0,0.0,0.0,0.0,3,0.0,0.0,0.0,0.0,0.0,0.0,0.0,0.0,0.0,0.0,0.0,0.0,0.0,0.0,0.0,0.0,0.0,0.0,0.0,0.0,0.0,0.0,0.0,0.0,0.0,0.0,0.0,0.0,0.0,0.0,0.0,0.0,0.0,0.0,0.0,0.0,0.0,0.0,0.0,0.0,0.0,0.0,0.0,0.0,0.0,0.0,0.0,0.0,0.0,0.0,0.0,0.0,0.0,0.0,0.0,0.0,0.0,0.0,0.0,0.0,0.0,0.0,0.0,0.0,0.0,0.0,0.0,0.0,0.0,0.0,0.0,0.0,0.0,0.0,0.0,0.0,0.0,0.0,0.25729155745059906,0.053669724374566144,0.2384369833536277,0.728000503209539,0.596934950947584,0.7733924726466161,7,17,-0.6413502109704641,-0.5,2.0,0.0,0.0,0.0,0.0,0.0,0.0,0.0,0.0,0.0,0.0,0.0,0.0,0.0,0.0,0.0,0.0,1
VAR_000591,1.0324809996893538,-0.8120434917929833,-0.4609935193973347,-0.21931851889601672,31.29032395433745,11.199860057271621,-0.97136834475056,-1.0114136638323719,5.2932445959712195,0.0,-1.0749726556235286,16,0.0,0.0,0.0,0.0,0.0,0.0,0.0,-1.0,0.0,-0.47075160550760514,1.0,0.0,0.0,0.0,0.0,0.0,0.8217250065949496,-1.0,0.7185886323331067,-0.19200266140766423,0.0,0.0,-1.0,0.0,0.0,0.0,0.0,0.0,0.0,0.0,0.0,0.0,0.0,0.0,0.0,7,0.0,0.0,3,3,0.18999371876614593,0.5109975336210967,-0.2282541887919737,0.0,0.0,1.0,-1.0,0.0,0.0,1.0,-1.0,0.0,0.0,0.0,0.0,0.0,1.0,0.0,-1.0,0.0,0.0,-0.000337812672685282,0.0,1.0,0.0,0.0,0.0,0.0,0.0,-0.8075817909366545,0.0,-1.0,0.0,0.0,3,-0.13064174372965656,0.0,0.0,0.0,0.0,0.0,0.0,0.0,0.0,0.0,0.0,0.0,0.0,0.0,0.0,0.0,0.0,0.0,0.0,0.0,0.0,0.0,0.0,0.0,0.0,0.0,0.0,0.0,0.0,0.0,0.0,0.0,0.0,0.0,0.0,0.0,0.0,0.0,0.0,0.0,0.0,0.0,0.0,0.0,0.0,0.0,0.0,0.0,0.0,0.0,0.0,0.0,0.0,0.0,0.0,0.0,0.0,0.0,166.56508248348828,-1.0,-0.6426564497491878,-1.2368655736119685,0.0,-1.0,-1.0,0.0,0.0,-5.403398540087705,0.0,-1.0,-1.0,-1.0,0.0,0.0,1.0,0.0,0.0,0.0,0.25729155745059906,0.19865516951162726,-0.28521390727970825,0.795323786160521,0.7949703497123494,0.6571956423026474,7,5,-0.47257383966244726,-0.5,0.0,0.0,0.0,0.0,0.0,0.0,0.0,1.0,0.0,0.0,0.0,0.0,0.0,0.0,0.0,1.0,0.0,1
VAR_001119,0.0,0.0,0.0,0.0,0.0,0.0,0.0,0.0,0.0,0.0,0.0,8,0.0,0.0,0.0,0.0,0.0,0.0,0.0,0.0,0.0,0.0,0.0,0.0,0.0,0.0,0.0,0.0,0.0,0.0,0.0,0.0,0.0,0.0,0.0,0.0,0.0,0.0,0.0,0.0,0.0,0.0,0.0,0.0,0.0,0.0,0.0,7,0.0,0.0,1,1,-0.21250662493472786,-3.1534340295670256,-1.8749021596720865,0.0,0.0,0.0,0.0,0.0,0.0,0.0,0.0,0.0,0.0,0.0,0.0,0.0,0.0,0.0,0.0,0.0,0.0,0.0,0.0,0.0,0.0,0.0,0.0,0.0,0.0,0.0,0.0,0.0,0.0,0.0,1,0.0,0.0,0.0,0.0,0.0,0.0,0.0,0.0,0.0,0.0,0.0,0.0,0.0,0.0,0.0,0.0,0.0,0.0,0.0,0.0,0.0,0.0,0.0,0.0,0.0,0.0,0.0,0.0,0.0,0.0,0.0,0.0,0.0,0.0,0.0,0.0,0.0,0.0,0.0,0.0,0.0,0.0,0.0,0.0,0.0,0.0,0.0,0.0,0.0,0.0,0.0,0.0,0.0,0.0,0.0,0.0,0.0,0.0,0.0,0.0,0.0,0.0,0.0,0.0,0.0,0.0,0.0,0.0,0.0,0.0,0.0,0.0,0.0,0.0,0.0,0.0,0.0,0.0,0.25729155745059906,0.3374571416422821,-0.3135642278589602,-1.048931971775554,0.7731452086851105,-1.1115808883495475,16,7,0.7426160337552741,-0.5,2.0,0.0,0.0,0.0,0.0,0.0,0.0,0.0,0.0,0.0,0.0,0.0,0.0,0.0,0.0,0.0,0.0,1
VAR_004678,3.0735846912934996,-0.7419173767497724,-0.37722421850048404,104.8416538284658,650.4856107760573,-0.6216059097573361,67.43090516382185,-0.9978997224784774,-0.6049702892429433,-0.0003723589600126582,-1.0187728689050934,20,0.0,0.0,0.0,0.0,0.0,0.0,0.0,0.0,0.0,0.0,0.0,0.0,0.0,0.0,0.0,0.0,0.0,0.0,0.0,0.0,0.0,0.0,0.0,0.0,0.0,0.0,0.0,0.0,0.0,0.0,0.0,0.0,0.0,0.0,0.0,7,0.0,0.0,5,5,0.0,0.0,0.0,0.0,0.0,0.0,0.0,0.0,0.0,0.0,0.0,0.0,0.0,0.0,0.0,0.0,0.0,0.0,0.0,0.0,0.0,0.0,0.0,0.0,0.0,0.0,0.0,0.0,0.0,0.0,0.0,0.0,0.0,0.0,5,0.0,0.0,0.0,0.0,0.0,0.0,0.0,0.0,0.0,0.0,0.0,0.0,0.0,0.0,0.0,0.0,0.0,0.0,0.0,0.0,0.0,0.0,0.0,0.0,0.0,0.0,0.0,0.0,0.0,0.0,0.0,0.0,0.0,0.0,0.0,0.0,0.0,0.0,0.0,0.0,0.0,0.0,0.0,0.0,0.0,0.0,0.0,0.0,0.0,0.0,0.0,0.0,0.0,0.0,0.0,0.0,0.0,0.0,0.0,0.0,0.0,0.0,0.0,0.0,0.0,0.0,0.0,0.0,0.0,0.0,0.0,0.0,0.0,0.0,0.0,0.0,0.0,0.0,0.0,0.0,0.0,0.0,0.0,0.0,24,25,0.0,0.0,0.0,0.0,0.0,0.0,0.0,0.0,0.0,0.0,0.0,0.0,0.0,0.0,0.0,-1.0,0.0,0.0,1.0,0
VAR_003604,10.364724932299065,1.746796256181183,3.5219575130014777,4.5087004058893605,68.1799084312091,74.70933530646167,46.15781149105842,72.84801612762344,18.6951671052921,-4.733734459125001e-05,26.71238287586712,26,-1.0,0.0007202598092754002,0.0,-1.0,-1.0,0.0,0.4657266319660073,0.0,0.0,-0.47075160550760514,0.2062781034762932,0.0,1.0,0.0,0.0,1.0,-0.17827499340505035,0.0,-0.28141136766689334,6.992550635846713,0.0,0.0,-1.0,0.0,0.0,0.0,-1.0,0.0,0.0,0.0,0.0,-1.0,0.0,0.0,-1.0,4,0.0,0.0,0,0,0.6483540584461436,-3.377029765676504,-1.197940531329987,0.0,0.0,0.0,0.0,0.0,0.0,1.0,0.0,-1.0,-1.0,1.0,0.0,1.0,0.0,0.0,0.0,0.0,0.0,0.0060454135103091,1.0,1.0,0.0,0.0,0.0,1.0,-1.0,-0.8075817909366545,0.0,-1.0,-1.0,0.0034473558829913,0,3.777359255406004,0.0,0.0,-1.0,0.0,1.0,0.0,0.0,0.0,-1.0,1.0,-1.0,0.0,1.0,0.0,0.0,0.0,0.0,0.0,1.0,0.0,0.0,-1.0,0.0,-1.0,0.0,1.0,-1.0,1.0,1.0,0.0,1.0,1.0,-1.0,1.0,0.0,0.0,0.0,0.0,-1.0,1.0,-1.0,0.0,0.0,0.6987574618851957,1.0,0.0,0.0,0.0206152626885712,-1.0,0.0,0.0,-1.0,0.0,1.0,-1.0,0.0,0.0,185.8195969616553,-1.0,-0.6426564497491878,6.3797659521948535,0.4760552963812032,0.0,-1.0,0.0,0.0,0.0,0.0,0.0,0.0,0.0,-1.0,-1.0,1.0,1.0,0.0,-1.0,-5.854326266150208,-8.773407187276549,-0.769191703145672,-1.1147112556244017,0.059738937529175855,-1.1499897266762555,4,24,0.42194092827004215,-1.0,0.0,0.0,0.0,0.0,0.0,0.0,0.0,0.0,0.0,1.0,0.0,0.0,0.0,-1.0,1.0,0.0,0.0,0
VAR_000596,0.0,0.0,0.0,0.0,0.0,0.0,0.0,0.0,0.0,0.0,0.0,8,0.0,0.0,0.0,0.0,0.0,0.0,0.0,0.0,0.0,0.0,0.0,0.0,0.0,0.0,0.0,0.0,0.0,0.0,0.0,0.0,0.0,0.0,0.0,0.0,0.0,0.0,0.0,0.0,0.0,0.0,0.0,0.0,0.0,0.0,0.0,7,0.0,0.0,1,1,-0.4280540236758042,-4.98595838845494,-1.9226610592544136,0.0,0.0,0.0,0.0,0.0,0.0,0.0,0.0,0.0,0.0,0.0,0.0,0.0,0.0,0.0,0.0,0.0,0.0,0.0,0.0,0.0,0.0,0.0,0.0,0.0,0.0,0.0,0.0,0.0,0.0,0.0,1,0.0,0.0,0.0,0.0,0.0,0.0,0.0,0.0,0.0,0.0,0.0,0.0,0.0,0.0,0.0,0.0,0.0,0.0,0.0,0.0,0.0,0.0,0.0,0.0,0.0,0.0,0.0,0.0,0.0,0.0,0.0,0.0,0.0,0.0,0.0,0.0,0.0,0.0,0.0,0.0,0.0,0.0,0.0,0.0,0.0,0.0,0.0,0.0,0.0,0.0,0.0,0.0,0.0,0.0,0.0,0.0,0.0,0.0,0.0,0.0,0.0,0.0,0.0,0.0,0.0,0.0,0.0,0.0,0.0,0.0,0.0,0.0,0.0,0.0,0.0,0.0,0.0,0.0,0.25729155745059906,0.1638439763117091,-3.9107234193952047,-0.9382600843605879,1.0052495657684166,-1.5023047462204993,16,19,0.6751054852320675,0.0,2.0,0.0,0.0,0.0,0.0,0.0,0.0,0.0,0.0,0.0,0.0,0.0,0.0,0.0,0.0,0.0,0.0,1
