Variant_ID,AL_7,AL_8,AL_9,AL_10,AL_11,AL_12,AL_13,AL_14,AL_15,AL_21,AL_26,CAT_1,AL_27,AL_28,AL_29,AL_31,AL_33,AL_35,AL_37,AL_39,AL_42,AL_45,AL_48,AL_50,AL_51,AL_53,AL_54,AL_57,AL_60,AL_63,AL_66,AL_67,AL_68,AL_69,AL_72,AL_75,AL_77,AL_78,AL_81,AL_83,AL_84,AL_86,AL_87,AL_90,AL_92,AL_93,AL_95,CAT_2,AL_96,AL_98,CAT_3,CAT_4,EK_1,EK_2,EK_3,AL_99,AL_102,AL_105,AL_108,AL_111,AL_114,AL_117,AL_120,AL_123,AL_126,AL_129,AL_132,AL_135,AL_138,AL_141,AL_144,AL_147,AL_150,AL_151,AL_153,AL_156,AL_159,AL_162,AL_165,AL_168,AL_171,AL_174,AL_177,AL_180,AL_183,AL_184,CAT_5,AL_186,AL_187,AL_189,AL_192,AL_193,AL_196,AL_198,AL_201,AL_202,AL_205,AL_206,AL_209,AL_210,AL_213,AL_214,AL_216,AL_217,AL_218,AL_221,AL_222,AL_223,AL_225,AL_228,AL_229,AL_232,AL_234,AL_237,AL_238,AL_241,AL_242,AL_245,AL_246,AL_249,AL_250,AL_253,AL_254,AL_257,AL_258,AL_259,AL_261,AL_264,AL_265,AL_268,AL_270,AL_273,AL_274,AL_277,AL_278,AL_279,AL_281,AL_282,AL_285,AL_286,AL_289,AL_290,AL_293,AL_294,AL_295,AL_296,AL_297,AL_300,AL_301,AL_304,AL_305,AL_308,AL_310,AL_313,AL_314,AL_317,AL_318,AL_321,AL_322,AL_325,AL_326,AL_329,AL_330,AL_333,AL_334,EK_4,EK_5,EK_6,EK_7,EK_8,EK_9,AA_1,AA_2,DELTA_HIDRO,BLOSUM62,SNV_PATHWAY_COUNT,BAZ_A_C,BAZ_A_G,BAZ_A_T,BAZ_C_A,BAZ_C_G,BAZ_C_T,BAZ_G_A,BAZ_G_C,BAZ_G_T,BAZ_T_A,BAZ_T_C,BAZ_T_G,IS_EXOME,IS_ALLOFUS,POP_NFE,POP_AFR,Label
VAR_001979,0.001345143892082,0.0968923318854954,1.2426480987085976e-08,6.030437568248612e-11,4.935412240636176e-10,1.7911174347902127e-08,0.0002885445285012,7.453029738805984e-05,3.7326960492130527e-06,0.0002974181736794,0.0052895269877788,18,0.0,0.0032310266065212,1.0,0.1841691539343404,0.0,1.0,0.4069758117268689,1.0,0.0,0.9694542376382972,0.0,1.0,1.0,1.0,1.0,0.0,0.0,0.0,0.0,0.0002153775500585,1.0,0.0,1.0,0.0,1.0,0.0,1.0,0.0,1.0,1.0,0.0,1.0,0.0,1.0,1.0,3,1.0,0.0,4,4,5.676220856527633,5.436310528234492,3.4578737543513096,0.0,0.0,1.0,0.0,0.0,0.0,0.0,0.0,1.0,1.0,1.0,1.0,0.0,1.0,1.0,1.0,1.0,0.0,9.375913293201742e-07,0.0,1.0,1.0,1.0,0.0,0.0,0.0,1.0,1.0,0.0,1.0,0.0006465236547434001,4,7.626451521896152e-05,0.0,0.0,0.0,1.0,0.0,1.0,0.04705187608469375,0.0,0.9678947008137451,0.0,0.8946183211330718,1.0,1.0,1.0,1.0,0.0,1.0,0.4768751210496571,1.0,0.0,1.0,1.0,1.0,0.0,0.0,0.0152386644487343,1.0,0.0,0.0,1.0,1.0,1.0,1.0,0.0,0.14078878458100444,1.0,1.0,0.0,0.0,0.5,1.0,1.0,0.0,0.1689705936502219,1.0,0.9744909476039041,0.6294146850731079,0.00021146952761650001,0.0,1.0,0.0,1.0,1.0,1.0,0.0,0.0,1.0,0.0041959577553366,1.0,1.0,0.0,1.2465328668625385e-15,0.0,1.0,0.0,1.0,0.0,1.0,0.0,1.0,0.0,0.0,1.0,1.0,0.0,0.0,1.0,0.996890603119488,0.9909272806760436,0.985634718227865,7.425320601580931,0.6780527161913196,7.6683854408123535,11,14,-5.4,-3.0,4.0,0.0,0.0,0.0,0.0,0.0,0.0,0.0,0.0,0.0,0.0,1.0,0.0,1.0,1.0,0.0,0.0,1
VAR_001959,0.0105346317655825,1.016652503621542e-06,0.0270731269770175,1.7613779125309513e-07,0.0008098422414898,8.486350970982523e-08,2.773974824533947e-06,0.0015506751827007,0.0004330476992456,0.0002974181736794,0.0942092638929462,16,0.0,0.0032310266065212,1.0,0.1841691539343404,0.0,1.0,0.4069758117268689,1.0,0.0,0.9694542376382972,0.0,1.0,1.0,1.0,1.0,0.0,0.0,0.0,0.0,0.0002153775500585,1.0,0.0,1.0,1.0,1.0,1.0,1.0,0.0,1.0,0.0,0.0,0.0,1.0,0.0,1.0,5,0.0,1.0,2,2,5.75980285683495,5.6169181060947375,4.931367482470997,0.0,0.0,0.0,1.0,0.0,1.0,1.0,0.0,1.0,1.0,0.3124285772286614,0.0,1.0,0.0,0.0,0.0,1.0,0.0,1.5732515471723582e-05,1.0,0.0,1.0,1.0,1.0,0.0,1.0,1.0,1.0,0.0,1.0,0.0006465236547434001,2,5.987832529523896e-05,1.0,0.0,0.0,0.0,1.0,1.0,2.4668948942537276e-05,1.0,0.0,0.0,1.0,1.0,0.0,1.0,1.0,0.0,1.0,0.0,1.0,1.0,1.0,1.0,0.0,0.0,0.0,0.0,0.0,0.2827461235362261,1.0,0.0,1.0,0.0,1.0,0.0,0.0,0.0,0.0,0.0,1.0,1.0,0.0,0.0,1.0,0.0,1.0,1.0,0.0,0.0138530977044377,1.0,0.0,1.0,0.0,1.0,0.0,0.0,0.0,1.0,0.0070303434517423,1.0,0.0,0.0,0.0999999999999999,1.0,1.0,1.0,1.0,0.0,1.0,1.0,0.0,0.0,1.0,1.0,0.0,1.0,0.0,0.0,0.9952551217350972,1.0,0.9633068445136204,6.682952223274756,0.5763303171402341,7.8719678199395,17,6,3.5999999999999996,-2.0,2.0,0.0,0.0,0.0,0.0,0.0,1.0,0.0,0.0,0.0,0.0,0.0,0.0,1.0,1.0,1.0,0.0,1
VAR_001788,0.0002757016098805,0.0940846648107452,0.0246176697696258,0.0078962341813127,1.293841926918324e-09,0.0576096316023584,0.0003503661913672,0.0128299074510257,0.0007517119156974,2.4903870161912688e-06,0.0003677337728788,28,0.0,0.0032310266065212,1.0,0.1841691539343404,0.0,1.0,0.4069758117268689,0.0,0.0,1.0,1.0,1.0,0.0,1.0,1.0,0.0,1.0,1.0,0.0,0.0009693460130854,1.0,0.0,0.0,0.0,1.0,1.0,1.0,1.0,1.0,0.0,0.0,0.0,1.0,0.0,1.0,3,1.0,1.0,3,3,5.711172931129304,5.461034446597962,3.185344730746647,1.0,0.0,0.0,0.0,1.0,1.0,0.0,1.0,1.0,1.0,0.0,1.0,1.0,0.0,0.0,1.0,1.0,0.0,0.0001077608699711,0.0,1.0,0.0,1.0,1.0,0.0,1.0,0.0,0.0,1.0,0.0,0.0018486229370346,3,0.0002395894638067,0.0,1.0,0.0,0.0,1.0,0.0,0.0997337956880519,1.0,1.0,0.0,0.0,0.0,0.0,0.0,1.0,0.0,1.0,0.0,1.0,0.0,0.0,0.0,1.0,0.0,1.0,1.0,0.0,0.0,1.0,0.0,0.0,1.0,1.0,0.0,0.0,0.0,0.0,1.0,0.0,0.0,1.0,0.0,1.0,1.0,1.0,1.0,1.0,2.4387324986717268e-06,1.0,1.0,0.0,0.0,1.0,1.0,0.0,1.0,1.0,0.0543580945312232,0.0,1.0,0.0,0.1,1.0,0.0,1.0,0.0,0.0,0.0,0.0,1.0,1.0,1.0,1.0,1.0,1.0,1.0,1.0,1.0,0.9926476731184458,0.9874900941735928,7.887456668188998,0.605801645255783,11.896,7,5,-3.1,-2.0,2.0,0.0,0.0,0.0,0.0,0.0,0.0,1.0,0.0,0.0,0.0,0.0,0.0,0.0,1.0,1.0,0.0,1
VAR_001874,0.0001044575833635268,0.0016358823271088998,0.0007310017036708,3.7129679867508194e-05,8.876442443053392e-05,7.433055144873986e-05,0.00030621979965035,0.00017271774510524998,3.7521301764300893e-05,0.0002974181736794,0.0029526738013691,8,0.0,0.0032310266065212,1.0,0.1841691539343404,0.0,1.0,0.4069758117268689,1.0,0.0,0.9694542376382972,0.0,1.0,1.0,1.0,1.0,0.0,0.0,0.0,0.0,0.0002153775500585,1.0,0.0,1.0,1.0,1.0,1.0,1.0,1.0,1.0,1.0,0.0,1.0,1.0,1.0,1.0,7,0.0,1.0,4,4,5.04903477059814,2.802612145943014,0.9748403250002442,1.0,1.0,0.6375304039389164,0.0,1.0,1.0,0.0,0.0,1.0,0.0,0.3067220345285742,1.0,1.0,0.0,1.0,0.0,1.0,0.0,6.8481e-05,1.0,0.0,1.0,1.0,1.0,0.0,1.0,1.0,1.0,0.0,1.0,0.0006465236547434001,4,0.0009210086021386,0.0,0.0,0.0,1.0,0.0,1.0,0.04705187608469375,0.0,0.9678947008137451,0.0,0.8946183211330718,1.0,1.0,1.0,1.0,0.0,1.0,0.4768751210496571,1.0,0.0,1.0,1.0,1.0,0.0,0.0,0.0152386644487343,1.0,0.0,0.0,1.0,1.0,1.0,1.0,0.0,0.14078878458100444,1.0,1.0,0.0,0.0,0.5,1.0,1.0,0.0,0.1689705936502219,1.0,0.9744909476039041,0.6294146850731079,0.00021146952761650001,0.0,1.0,0.0,1.0,1.0,1.0,0.0,0.0,0.1646788067267648,0.00014081668782070002,1.0,0.0,0.49516481135734647,0.0367947255153128,1.0,0.0,0.0,0.994992128032371,0.0,1.0,1.0,0.0,1.0,1.0,1.0,1.0,1.0,0.0,1.0,1.0,0.9648788035337847,0.9946724550557412,1.491006547374454,0.6497747208396616,0.954652993314549,17,17,-3.7,-1.0,6.0,0.0,0.0,0.0,0.0,0.0,0.0,0.0,0.0,0.0,0.0,0.0,0.0,1.0,0.0,0.0,0.0,1
VAR_001775,0.0061821025920787,0.0069074654502584,4.454568681757278e-09,2.6467385411507256e-05,0.0098130867028157,2.3801172191752586e-07,0.0064905913455416,3.683123573016523e-05,3.617766851010469e-05,0.0002974181736794,1.0476002018715996e-05,19,0.0,0.0032310266065212,1.0,0.1841691539343404,0.0,1.0,0.4069758117268689,1.0,0.0,1.0,1.0,0.0,0.0,0.0,1.0,0.0,0.0,0.0,0.0,4.085148522837264e-15,1.0,0.0,0.0,1.0,1.0,1.0,1.0,1.0,1.0,1.0,0.0,1.0,1.0,1.0,1.0,7,0.0,1.0,3,3,5.681762218220271,5.414010128304121,3.4578737543513096,0.0,0.0,0.0,0.0,1.0,1.0,0.0,1.0,0.0,0.0,1.0,0.0,1.0,0.0,1.0,0.0,0.0,0.0,8.25125691441308e-16,0.0,1.0,0.0,1.0,0.0,0.0,0.0,1.0,1.0,0.0,1.0,0.0006465236547434001,3,0.0001540375873021,0.0,0.0,0.0,1.0,0.0,1.0,0.04705187608469375,0.0,0.9678947008137451,0.0,0.8946183211330718,1.0,1.0,1.0,1.0,0.0,1.0,0.4768751210496571,1.0,0.0,1.0,1.0,1.0,0.0,0.0,0.0152386644487343,1.0,0.0,0.0,1.0,1.0,1.0,1.0,0.0,0.14078878458100444,1.0,1.0,0.0,0.0,0.5,1.0,1.0,0.0,0.1689705936502219,1.0,0.9744909476039041,0.6294146850731079,0.00021146952761650001,0.0,1.0,0.0,1.0,1.0,1.0,0.0,0.0,1.0,0.0069915119382884,0.0,0.0,0.0,0.0998532805354307,0.0,0.0,0.0,1.0,0.0,1.0,0.0,0.0,0.0,0.0,0.0,1.0,0.0,1.0,1.0,0.9910735915547644,0.992799427862409,0.9810154556811288,7.1679477739199005,0.6621924931679805,11.762792865913106,22,3,3.4,-2.0,2.0,0.0,0.0,0.0,0.0,0.0,0.0,0.0,0.0,0.0,0.0,0.0,0.0,1.0,0.0,0.0,0.0,1
VAR_001781,1.0611019848920886e-05,0.0029686595467223,0.0064243097311634,4.44259842312895e-08,5.776463612257123e-07,0.0021199614658506,1.3977000483577256e-05,0.0008706392871969,1.7892152785969644e-05,0.0002974181736794,1.4851559135250338e-05,16,0.0,0.0032310266065212,1.0,0.1841691539343404,0.0,1.0,0.4069758117268689,1.0,0.0,0.0,1.0,0.0,1.0,1.0,0.0,0.0,0.0,0.0,0.0,0.0154193064487125,1.0,0.0,1.0,0.0,1.0,0.0,0.0,0.0,1.0,0.0,0.0,1.0,0.0,1.0,1.0,3,1.0,0.0,3,3,5.70132915180115,5.464111099934193,3.4578737543513096,0.0,1.0,0.0,0.0,1.0,0.0,0.0,0.0,1.0,1.0,1.0,0.0,0.0,1.0,0.0,1.0,1.0,0.0,3.847285829979434e-05,0.0,0.0,1.0,0.0,0.0,1.0,1.0,1.0,1.0,1.0,1.0,0.0034860316024651,3,8.505637339588658e-05,1.0,0.0,0.0,0.0,0.0,1.0,0.0999953556363161,0.0,0.0,0.0,1.0,0.0,0.0,1.0,1.0,0.0,1.0,1.0,1.0,0.0,1.0,1.0,0.0,0.0,0.0,1.0,1.0,1.0,0.0,1.0,1.0,1.0,1.0,0.0,0.0,0.0,1.0,1.0,0.0,0.0,0.0,1.0,0.0,0.0,1.0,1.0,1.0,3.956306703427494e-09,0.0,1.0,0.0,1.0,1.0,1.0,0.0,1.0,0.0,0.0012583853651237,1.0,1.0,1.0,3.222438166347035e-10,1.0,0.0,0.0,1.0,1.0,1.0,1.0,1.0,1.0,1.0,1.0,0.0,1.0,0.0,1.0,0.944121150938287,1.0,1.0,6.131981581632307,0.6338181868865409,11.185888062193012,5,10,-0.3999999999999999,1.0,2.0,0.0,0.0,0.0,0.0,0.0,0.0,1.0,0.0,0.0,0.0,0.0,0.0,1.0,1.0,1.0,0.0,1
VAR_001918,3.755700722218561e-05,0.0990504762686801,0.0112687250943882,3.884669325064845e-05,0.0029255457002288,0.0002332670737873,3.076202747134962e-05,4.510531251005277e-05,3.15760706559984e-05,4.618336257960494e-07,0.0386800693667333,14,0.0,0.0032310266065212,1.0,0.1841691539343404,0.0,1.0,0.4069758117268689,1.0,0.0,0.3437025300588586,0.0,1.0,1.0,1.0,0.0,1.0,1.0,0.0,1.0,0.0007234494567312,1.0,1.0,1.0,1.0,1.0,0.0,0.0,1.0,1.0,0.0,0.0,0.0,1.0,1.0,1.0,3,1.0,1.0,2,2,5.815203882042234,6.16,3.5649470010999043,0.0,0.0,1.0,0.0,1.0,0.0,1.0,1.0,1.0,0.0,0.1705106744944961,1.0,0.0,1.0,0.0,0.0,1.0,0.0,6.8481e-05,0.0,1.0,0.0,0.0,1.0,1.0,1.0,0.0,0.0,1.0,1.0,0.0414652277251714,2,0.0003546332713638,0.0,0.0,0.0,1.0,0.0,0.0,0.0999953385395903,1.0,0.0,0.0,0.0,0.0,0.0,0.0,1.0,1.0,0.0,1.0,0.0,1.0,0.0,1.0,0.0,1.0,1.0,0.0,0.0,0.0,1.0,0.0,1.0,1.0,1.0,0.0,1.0,0.0,0.0,0.0,1.0,0.0,1.0,1.0,1.0,0.0,1.0,1.0,1.0,0.0064510179833069,0.0,0.0,0.0,1.0,0.0,0.0,1.0,0.0,0.0,3.697446064445194e-05,1.0,1.0,0.0,0.0999799786706901,1.0,0.0,0.0,0.0,1.0,0.0,1.0,0.0,0.0,1.0,1.0,1.0,1.0,0.0,1.0,1.0,0.9989124933128548,1.0,8.087677905534175,0.6032079412070759,8.040315684575642,17,11,4.6,-2.0,2.0,0.0,0.0,0.0,0.0,0.0,1.0,0.0,0.0,0.0,0.0,0.0,0.0,1.0,1.0,0.0,0.0,1
VAR_001796,1.601100003576395e-05,0.099926227979419,0.0593019574456383,9.468360565444055e-10,0.0013385770143143,7.057916788908822e-06,0.000497222390638,1.490412684650182e-05,3.740000209095228e-06,0.0014493069089258,0.0398782817301337,15,0.0,0.0032310266065212,1.0,0.1841691539343404,0.0,1.0,0.4069758117268689,1.0,0.0,0.0,1.0,1.0,0.0,1.0,0.0,0.0,0.0,1.0,0.0,2.0693838676666035e-09,1.0,0.0,1.0,1.0,0.0,0.0,1.0,0.0,0.0,0.0,0.0,0.0,1.0,0.0,1.0,5,0.0,1.0,3,3,5.677340769711175,5.620219653088967,3.4578737543513096,0.0,0.0,1.0,1.0,0.0,1.0,1.0,0.0,0.0,1.0,1.0,0.0,1.0,1.0,1.0,0.0,1.0,1.0,0.0002684149104992,0.0,0.0,1.0,0.0,1.0,0.0,1.0,1.0,1.0,0.0,1.0,1.701433271296757e-05,3,0.0002969100854572,1.0,1.0,1.0,1.0,0.0,1.0,0.0998027080805423,0.0,1.0,1.0,0.0,0.0,1.0,0.0,1.0,0.0,1.0,0.2829897695256362,0.0,0.0,1.0,1.0,1.0,0.0,1.0,0.0,1.0,1.0,0.0,1.0,0.0,1.0,1.0,1.0,1.0,0.0,1.0,0.0,1.0,0.0,0.0,0.0,1.0,1.0,1.0,0.0,1.0,2.5139207079933776e-07,1.0,1.0,0.0,0.0,0.0,1.0,1.0,0.0,1.0,0.0204426327280796,1.0,0.0,0.0,0.0094123211157932,1.0,0.0,0.0,0.0,0.0,0.0,0.0,1.0,0.0,1.0,0.0,1.0,1.0,1.0,1.0,0.994452229263602,0.8609697254158815,1.0,9.612910696874172,0.694665158504855,11.896,4,8,0.2999999999999998,-1.0,2.0,0.0,0.0,0.0,0.0,0.0,0.0,0.0,1.0,0.0,0.0,0.0,0.0,1.0,1.0,0.0,0.0,1
VAR_001961,0.0001044575833635268,0.0016358823271088998,0.0007310017036708,3.7129679867508194e-05,8.876442443053392e-05,7.433055144873986e-05,0.00030621979965035,0.00017271774510524998,3.7521301764300893e-05,0.0002974181736794,0.0029526738013691,8,0.0,0.0032310266065212,1.0,0.1841691539343404,0.0,1.0,0.4069758117268689,1.0,0.0,0.9694542376382972,0.0,1.0,1.0,1.0,1.0,0.0,0.0,0.0,0.0,0.0002153775500585,1.0,0.0,1.0,1.0,1.0,1.0,1.0,1.0,1.0,1.0,0.0,1.0,1.0,1.0,1.0,7,0.0,1.0,2,2,5.858863593615361,5.948983318900659,3.4578737543513096,1.0,1.0,0.6375304039389164,0.0,1.0,1.0,0.0,0.0,1.0,0.0,0.3067220345285742,1.0,1.0,0.0,1.0,0.0,1.0,0.0,6.8481e-05,1.0,0.0,1.0,1.0,1.0,0.0,1.0,1.0,1.0,0.0,1.0,0.0006465236547434001,2,7.630205370972736e-07,0.0,0.0,0.0,1.0,0.0,1.0,0.04705187608469375,0.0,0.9678947008137451,0.0,0.8946183211330718,1.0,1.0,1.0,1.0,0.0,1.0,0.4768751210496571,1.0,0.0,1.0,1.0,1.0,0.0,0.0,0.0152386644487343,1.0,0.0,0.0,1.0,1.0,1.0,1.0,0.0,0.14078878458100444,1.0,1.0,0.0,0.0,0.5,1.0,1.0,0.0,0.1689705936502219,1.0,0.9744909476039041,0.6294146850731079,0.00021146952761650001,0.0,1.0,0.0,1.0,1.0,1.0,0.0,0.0,1.0,0.0018722111624716,0.0,0.0,0.0,0.0999999999998157,1.0,0.0,1.0,0.0,1.0,1.0,1.0,0.0,1.0,1.0,0.0,0.0,0.0,0.0,0.0,0.991435767718852,0.963884329106624,1.0,6.766762361896135,0.6069941112126607,7.210270981891192,14,19,0.8,-1.0,4.0,0.0,0.0,0.0,0.0,0.0,1.0,0.0,0.0,0.0,0.0,0.0,0.0,1.0,0.0,0.0,0.0,0
VAR_001834,6.164257651444898e-07,0.0935918189752502,0.0060735985113514,0.0099030785230394,0.0182369077388526,0.0235141841635207,0.0129586483011208,0.0043201740179224,2.74513404944533e-05,0.0002974181736794,0.001060522195929,16,0.0,0.0032310266065212,1.0,0.1841691539343404,0.0,1.0,0.4069758117268689,1.0,0.0,0.9694542376382972,0.0,1.0,1.0,1.0,1.0,0.0,0.0,0.0,0.0,0.0002153775500585,1.0,0.0,1.0,1.0,1.0,1.0,1.0,1.0,1.0,1.0,0.0,1.0,1.0,1.0,1.0,7,0.0,1.0,2,2,5.408970094071994,4.879280307538946,2.866634597509571,1.0,0.0,1.0,0.0,0.0,1.0,0.0,1.0,0.0,0.0,0.0,1.0,1.0,0.0,0.0,0.0,1.0,1.0,0.0012141529818859,1.0,1.0,1.0,0.0,1.0,1.0,1.0,1.0,1.0,0.0,1.0,0.0006465236547434001,2,2.112501802759924e-06,0.0,0.0,0.0,1.0,0.0,1.0,0.04705187608469375,0.0,0.9678947008137451,0.0,0.8946183211330718,1.0,1.0,1.0,1.0,0.0,1.0,0.4768751210496571,1.0,0.0,1.0,1.0,1.0,0.0,0.0,0.0152386644487343,1.0,0.0,0.0,1.0,1.0,1.0,1.0,0.0,0.14078878458100444,1.0,1.0,0.0,0.0,0.5,1.0,1.0,0.0,0.1689705936502219,1.0,0.9744909476039041,0.6294146850731079,0.00021146952761650001,0.0,1.0,0.0,1.0,1.0,1.0,0.0,0.0,1.0,0.0150855210939586,1.0,0.0,1.0,0.0013984844088406,1.0,0.0,1.0,0.0,0.0,1.0,0.0,1.0,1.0,1.0,0.0,0.0,0.0,0.0,1.0,0.9878440724148388,0.9994643483030112,1.0,2.356232150803299,0.612619094834115,3.581476458896671,6,11,1.0,0.0,6.0,0.0,0.0,0.0,0.0,0.0,0.0,0.0,0.0,0.0,0.0,0.0,0.0,1.0,0.0,1.0,0.0,1
VAR_001942,0.0399014062062026,0.0991210704449213,3.8678086228161043e-07,0.0007056563260059,6.461675881896406e-18,6.858326804646594e-08,0.0229595121485996,3.441834830193856e-08,2.4597777913768947e-08,5.398462621595141e-13,7.807302962154825e-05,9,0.0,0.0032310266065212,1.0,0.1841691539343404,0.0,1.0,0.4069758117268689,0.0,1.0,0.0,0.0,1.0,0.0,1.0,1.0,1.0,0.0,0.0,1.0,0.0003748395132019,0.0,1.0,1.0,1.0,1.0,0.0,1.0,0.0,0.0,0.0,0.0,0.0,1.0,1.0,1.0,0,1.0,1.0,3,3,5.6706615013247275,5.8629011725793125,3.1486212062419523,1.0,1.0,1.0,0.0793049142436441,1.0,0.0,0.0,0.0,0.0,1.0,1.0,0.0,1.0,1.0,1.0,1.0,0.0,1.0,0.0517387971221833,0.0,0.0,0.0,1.0,0.0,0.0,1.0,1.0,1.0,0.0,1.0,0.0592872697784407,3,0.0975629376266728,0.0,1.0,1.0,0.0,1.0,1.0,0.0404578194534045,1.0,0.0,0.0,0.7892366422661438,0.0,1.0,1.0,1.0,0.0,1.0,1.0,1.0,0.0,0.0,1.0,0.0,0.0,0.0,0.0,0.0,0.0,1.0,1.0,0.0,0.0,0.0,1.0,0.0,1.0,1.0,1.0,1.0,1.0,1.0,1.0,0.0,0.0,1.0,0.0,0.0,1.718203201236635e-06,0.0,0.0,0.0,1.0,1.0,1.0,0.0,1.0,1.0,3.458673000000007e-05,1.0,0.0,1.0,0.0155716735298621,1.0,1.0,0.0,1.0,1.0,1.0,1.0,0.0,1.0,0.0,1.0,1.0,0.0,1.0,1.0,0.9849751075202734,0.9958016633920004,1.0,9.63055457381872,0.6759125167523126,11.896,16,8,1.2999999999999998,0.0,2.0,0.0,0.0,0.0,0.0,0.0,0.0,1.0,0.0,0.0,0.0,0.0,0.0,1.0,1.0,0.0,1.0,1
VAR_001841,0.0014476655059502,2.4835180602042953e-06,6.16860429003955e-05,1.0386637489857748e-11,6.442561630914714e-11,0.0016564870347,0.0004526430642911,6.779015583804543e-08,1.1744514199626289e-08,0.0002974181736794,8.202644138519177e-07,16,0.0,0.0032310266065212,1.0,0.1841691539343404,0.0,1.0,0.4069758117268689,1.0,0.0,0.9694542376382972,0.0,1.0,1.0,1.0,1.0,0.0,0.0,0.0,0.0,0.0002153775500585,1.0,0.0,1.0,1.0,1.0,1.0,1.0,1.0,1.0,1.0,0.0,1.0,1.0,1.0,1.0,7,0.0,1.0,4,4,5.467363391034748,5.363049649012022,3.4578737543513096,1.0,1.0,0.0,0.0,1.0,0.0,0.0,0.0,1.0,0.0,1.0,0.0,1.0,0.0,1.0,0.0,0.0,1.0,0.0065934722458358,1.0,0.0,0.0,1.0,1.0,1.0,1.0,0.0,1.0,1.0,1.0,0.0006465236547434001,4,0.0001654381342402,0.0,0.0,0.0,1.0,0.0,1.0,0.04705187608469375,0.0,0.9678947008137451,0.0,0.8946183211330718,1.0,1.0,1.0,1.0,0.0,1.0,0.4768751210496571,1.0,0.0,1.0,1.0,1.0,0.0,0.0,0.0152386644487343,1.0,0.0,0.0,1.0,1.0,1.0,1.0,0.0,0.14078878458100444,1.0,1.0,0.0,0.0,0.5,1.0,1.0,0.0,0.1689705936502219,1.0,0.9744909476039041,0.6294146850731079,0.00021146952761650001,0.0,1.0,0.0,1.0,1.0,1.0,0.0,0.0,1.0,0.0013713528516713,0.0,1.0,0.5781307273307821,0.0973707033926073,1.0,0.0,1.0,1.0,1.0,1.0,1.0,0.0,0.0,1.0,0.0,1.0,1.0,0.0,0.0,1.0,0.9820441436506931,0.9665506804748856,7.063314063068856,0.651067271051595,8.518094292570868,17,14,-0.8,-1.0,4.0,0.0,0.0,0.0,0.0,0.0,0.0,0.0,0.0,0.0,0.0,1.0,0.0,1.0,0.0,1.0,0.0,1
VAR_001924,0.0083875885055771,4.824497514706035e-06,1.1723784136456948e-06,1.1926074968556033e-15,0.0054621080036375,0.0115062081517195,0.0079721236310438,1.5741573966370753e-05,7.347211468467041e-07,0.0487601682278461,0.0001739720198784,25,0.0,0.0032310266065212,1.0,0.1841691539343404,0.0,1.0,0.4069758117268689,0.0,0.0,0.0,1.0,1.0,0.0,1.0,0.0,1.0,1.0,0.0,0.4391189581134566,0.0127993962821984,1.0,1.0,0.0,1.0,1.0,1.0,0.0,1.0,0.0,1.0,0.0,1.0,0.0,0.0,1.0,2,0.0,1.0,3,3,5.401204105882452,5.52099392281238,3.7096537179546023,1.0,0.0,1.0,0.0,1.0,1.0,1.0,1.0,1.0,0.0,1.0,0.0,0.0,1.0,0.0,0.0,1.0,0.0,3.803131996962599e-10,1.0,0.0,0.0,1.0,0.0,1.0,1.0,0.0,0.0,1.0,0.0,1.3621842167848854e-05,3,0.0009496000393293,0.0,0.0,1.0,1.0,1.0,0.0,0.0692105585793726,0.0,0.0,1.0,1.0,1.0,1.0,1.0,1.0,0.0,0.0,0.0,1.0,0.996743174621738,1.0,0.0,0.0,0.0,0.0,0.0,1.0,0.0,0.0,0.0,1.0,0.0,1.0,0.0,0.0,0.0,0.0,0.0,1.0,1.0,0.0,0.0,1.0,1.0,0.0,0.0,1.0,5.583793158396463e-05,0.0,1.0,0.0,0.0,0.0,0.0,0.0,0.0,0.0,5.343908656120039e-06,1.0,1.0,0.0,0.0997771631175062,1.0,0.0,0.0,1.0,1.0,1.0,1.0,0.0,1.0,1.0,1.0,0.0,0.0,1.0,0.0,0.9837700153372984,0.9950387510461184,1.0,5.9189089042887835,0.7215166467321338,11.896,7,4,-3.1,-1.0,2.0,0.0,0.0,0.0,0.0,0.0,0.0,1.0,0.0,0.0,0.0,0.0,0.0,0.0,1.0,0.0,0.0,1
VAR_001875,5.5803917817329525e-06,9.765853965029796e-06,0.0002104998476337,0.0040672399451993,0.0035514866870234,0.0118057061791924,5.681804280933901e-06,7.845642085353425e-10,2.6287970493908757e-08,0.0463106205748221,0.0001180246405688,23,0.0,0.0032310266065212,1.0,0.1841691539343404,0.0,1.0,0.4069758117268689,0.0,1.0,0.0,0.0,1.0,1.0,1.0,0.0,1.0,1.0,0.0,1.0,0.0362258699525198,1.0,1.0,0.0,1.0,0.0,1.0,1.0,1.0,0.0,0.0,1.0,1.0,1.0,1.0,1.0,5,1.0,0.0,4,4,5.060872687088204,2.833490467788761,0.6724379540778931,0.0,1.0,0.0,1.0,1.0,1.0,0.0,1.0,0.0,0.0,1.0,1.0,0.0,1.0,1.0,1.0,0.0,1.0,2.7221011777299363e-05,0.0,1.0,0.0,1.0,1.0,0.0,1.0,1.0,0.0,0.0,0.0,1.3634261246707573e-05,4,6.202585450241989e-05,0.0,1.0,0.0,0.0,1.0,1.0,0.0005989660891282,0.0,0.7225470343173183,1.0,1.0,0.0,0.0,0.0,1.0,0.0,1.0,1.0,0.0,1.0,1.0,0.0,1.0,1.0,0.0,0.0,0.0,0.0,0.0,1.0,1.0,1.0,1.0,0.0,0.0,1.0,1.0,0.0,0.0,1.0,1.0,1.0,1.0,0.1997462685304957,0.0,0.9489818952078082,0.0,2.959964425224484e-12,0.0,1.0,0.0,0.0,1.0,0.0,0.0,1.0,1.0,0.0509353603317066,0.0,0.0,0.0728677034270891,0.0999242877098097,1.0,1.0,0.0,0.0,0.0,1.0,1.0,0.0,0.0,0.0,1.0,1.0,0.0,1.0,1.0,0.9979233299074336,1.0,0.9836327173253436,1.2971091990378156,0.6296328590412005,0.4039552594279046,17,17,-3.7,-1.0,6.0,0.0,0.0,0.0,0.0,0.0,0.0,0.0,0.0,0.0,0.0,0.0,0.0,0.0,1.0,0.0,0.0,1
VAR_001926,0.0001044575833635268,0.0016358823271088998,0.0007310017036708,3.7129679867508194e-05,8.876442443053392e-05,7.433055144873986e-05,0.00030621979965035,0.00017271774510524998,3.7521301764300893e-05,0.0002974181736794,0.0029526738013691,8,0.0,0.0032310266065212,1.0,0.1841691539343404,0.0,1.0,0.4069758117268689,1.0,0.0,0.9694542376382972,0.0,1.0,1.0,1.0,1.0,0.0,0.0,0.0,0.0,0.0002153775500585,1.0,0.0,1.0,1.0,1.0,1.0,1.0,1.0,1.0,1.0,0.0,1.0,1.0,1.0,1.0,7,0.0,1.0,1,1,5.379460499585456,5.430886043992196,3.999407292708404,1.0,1.0,0.6375304039389164,0.0,1.0,1.0,0.0,0.0,1.0,0.0,0.3067220345285742,1.0,1.0,0.0,1.0,0.0,1.0,0.0,6.8481e-05,1.0,0.0,1.0,1.0,1.0,0.0,1.0,1.0,1.0,0.0,1.0,0.0006465236547434001,1,0.0009210086021386,0.0,0.0,0.0,1.0,0.0,1.0,0.04705187608469375,0.0,0.9678947008137451,0.0,0.8946183211330718,1.0,1.0,1.0,1.0,0.0,1.0,0.4768751210496571,1.0,0.0,1.0,1.0,1.0,0.0,0.0,0.0152386644487343,1.0,0.0,0.0,1.0,1.0,1.0,1.0,0.0,0.14078878458100444,1.0,1.0,0.0,0.0,0.5,1.0,1.0,0.0,0.1689705936502219,1.0,0.9744909476039041,0.6294146850731079,0.00021146952761650001,0.0,1.0,0.0,1.0,1.0,1.0,0.0,0.0,0.1646788067267648,0.00014081668782070002,1.0,0.0,0.49516481135734647,0.0367947255153128,1.0,0.0,0.0,0.994992128032371,0.0,1.0,1.0,0.0,1.0,1.0,1.0,1.0,1.0,0.0,1.0,0.9715423077346012,1.0,1.0,8.804710270540598,0.756,10.820408195840578,4,22,7.7,-3.0,2.0,0.0,0.0,1.0,0.0,0.0,0.0,0.0,0.0,0.0,0.0,0.0,0.0,1.0,0.0,0.0,0.0,1
VAR_001958,0.0345125226435971,0.0001433647489284,1.5921134271794412e-14,7.999098643898023e-06,5.740556407709542e-23,0.0010206245500782,2.4353072823373463e-06,7.648657071695355e-07,2.5381167986061865e-05,0.0002974181736794,0.0320439358029863,16,0.0,0.0032310266065212,1.0,0.1841691539343404,0.0,1.0,0.4069758117268689,1.0,0.0,0.0,0.0,1.0,1.0,1.0,0.0,0.0,1.0,0.0,1.0,2.184700196528682e-08,1.0,1.0,1.0,0.0,1.0,1.0,1.0,1.0,0.0,1.0,1.0,1.0,0.0,1.0,1.0,3,1.0,0.0,4,4,5.788926709478792,5.548929256110195,3.4578737543513096,1.0,1.0,0.6375304039389164,0.0,1.0,1.0,0.0,0.0,1.0,0.0,0.3067220345285742,1.0,1.0,0.0,1.0,0.0,1.0,0.0,6.8481e-05,1.0,0.0,1.0,1.0,1.0,0.0,1.0,1.0,1.0,0.0,1.0,0.0006465236547434001,4,1.37332786486937e-05,1.0,0.0,1.0,0.0,0.0,1.0,0.0999999999999999,0.0,0.0,0.0,1.0,0.0,1.0,1.0,1.0,0.0,0.0,1.0,1.0,1.0,0.0,1.0,0.0,0.0,0.0,1.0,1.0,0.0,0.0,0.0,1.0,1.0,0.0,1.0,1.0,0.0,0.0,0.0,0.0,1.0,0.0,1.0,0.0,1.0,1.0,1.0,0.0,0.0030168995834481,1.0,0.0,1.0,1.0,0.0,0.0,0.0,1.0,1.0,1.7172868483596635e-06,0.0,0.0,0.0,2.6237729335233496e-06,1.0,0.0,1.0,0.0,0.0,0.0,0.0,1.0,0.0,0.0,1.0,0.0,0.0,0.0,1.0,1.0,0.9668757557492714,1.0,6.721876765378806,0.5978258607654704,7.106611192460562,17,14,-0.8,-1.0,4.0,0.0,0.0,0.0,0.0,0.0,0.0,0.0,0.0,0.0,0.0,1.0,0.0,1.0,1.0,1.0,0.0,1
VAR_001953,1.9746000053857916e-05,0.0147383913567979,0.0003766375600092,0.0006797039266916,0.0005042755979683,0.0437348583084584,0.0377717835981875,0.0004265952264664,0.0002613350547001,0.000110577394413,0.0001741526741866,19,0.0,0.0032310266065212,1.0,0.1841691539343404,0.0,1.0,0.4069758117268689,0.0,1.0,1.0,0.0,1.0,1.0,1.0,0.0,1.0,0.0,1.0,0.0,0.0049577376269653,1.0,0.689531499026542,0.0,0.0,1.0,0.0,0.0,0.0,0.0,1.0,1.0,1.0,0.0,0.0,1.0,0,0.0,0.0,2,2,5.3925777633512855,5.489862255977668,3.333875441579333,1.0,1.0,1.0,0.0,0.0,1.0,0.0,1.0,1.0,1.0,0.0,1.0,0.0,0.0,1.0,1.0,0.0,0.0,2.8238892586783355e-10,0.0,1.0,0.0,0.0,1.0,0.0,1.0,1.0,1.0,0.0,1.0,0.0006465236547434001,2,0.022468545319726,0.0,0.0,1.0,1.0,1.0,0.0,0.0022570344897182,0.0,0.0,0.0,1.0,1.0,1.0,1.0,1.0,0.0,0.0,0.0,1.0,0.0,1.0,0.0,1.0,0.0,1.0,0.0,0.0,1.0,1.0,1.0,1.0,1.0,0.0,1.0,1.0,1.0,0.0,1.0,0.0,0.0,1.0,1.0,0.0,0.0,1.0,0.0,1.0,0.0099481769143179,0.0,1.0,1.0,1.0,1.0,1.0,0.0,1.0,0.0,1.900440033415736e-05,1.0,0.0,0.0,0.0939274608544444,0.0,1.0,1.0,1.0,1.0,0.0,0.0,0.0,0.0,0.0,1.0,0.0,1.0,1.0,1.0,1.0,0.9995041205399864,1.0,8.130802049243174,0.5607474733040034,7.691975324581392,17,6,3.5999999999999996,-2.0,2.0,0.0,0.0,0.0,0.0,0.0,1.0,0.0,0.0,0.0,0.0,0.0,0.0,1.0,1.0,0.0,1.0,1
VAR_001869,2.8032222383390577e-05,0.0334661660415048,2.1995932683877635e-05,6.134737817308682e-09,0.0320563729924741,1.4701658396993195e-10,0.0090321902675223,0.0002732431355756,0.0031415838437172,3.386111776535005e-06,4.4730007531453265e-05,18,0.0,0.0032310266065212,1.0,0.1841691539343404,0.0,1.0,0.4069758117268689,1.0,0.0,1.0,0.0,1.0,1.0,1.0,1.0,0.422044520439583,1.0,0.0,0.0,0.0008946323130541,1.0,0.0,1.0,0.0,0.0,0.0,1.0,0.0,0.0,1.0,0.0,0.0,1.0,1.0,1.0,3,0.0,0.0,3,3,5.51372768341232,5.715361635587042,3.4578737543513096,0.0,0.0,0.0,1.0,1.0,1.0,0.0,0.0,0.0,1.0,1.0,1.0,1.0,1.0,0.0,1.0,1.0,1.0,7.104721568817747e-05,1.0,1.0,1.0,1.0,0.0,0.0,1.0,1.0,0.0,1.0,0.0,6.6786765117240795e-06,3,0.0240372394520317,1.0,1.0,0.0,0.0,0.0,0.0,0.0999999997488005,0.0,0.0,0.0,1.0,0.0,0.0,1.0,1.0,0.0,0.0,0.0,0.0,0.0,0.0,0.0,0.0,0.0,1.0,0.0,1.0,1.0,1.0,1.0,0.0,1.0,0.0,1.0,0.0,1.0,1.0,0.0,1.0,1.0,0.0,0.0,0.0,0.0,1.0,1.0,0.0,0.0001501233906575,1.0,1.0,0.0,0.0,1.0,0.0,1.0,0.0,0.0,0.0009284270171683,1.0,1.0,1.0,0.0082091314513638,1.0,1.0,1.0,1.0,0.0,1.0,1.0,1.0,0.0,1.0,1.0,1.0,1.0,1.0,1.0,1.0,0.8964420793956672,0.9744328589847372,5.004713922478518,0.7065097985902129,5.806046562537104,21,6,-1.4000000000000004,-1.0,2.0,0.0,0.0,0.0,0.0,0.0,0.0,0.0,0.0,1.0,0.0,0.0,0.0,1.0,1.0,0.0,0.0,1
VAR_001833,0.0001044575833635268,0.0016358823271088998,0.0007310017036708,3.7129679867508194e-05,8.876442443053392e-05,7.433055144873986e-05,0.00030621979965035,0.00017271774510524998,3.7521301764300893e-05,2.9469636564341328e-24,2.336241569315199e-05,20,0.0,0.0032310266065212,1.0,0.1841691539343404,0.0,1.0,0.4069758117268689,0.0,1.0,0.0,0.0,1.0,1.0,0.0,0.0,0.0,0.0,0.0,0.0,2.4349675130365886e-06,1.0,0.0,1.0,1.0,1.0,1.0,1.0,1.0,1.0,1.0,0.0,1.0,1.0,1.0,1.0,7,0.0,1.0,4,4,5.4281428076136935,2.6808858868728733,2.285866249297512,1.0,1.0,0.6375304039389164,0.0,1.0,1.0,0.0,0.0,1.0,0.0,0.3067220345285742,1.0,1.0,0.0,1.0,0.0,1.0,0.0,6.8481e-05,1.0,0.0,1.0,1.0,1.0,0.0,1.0,1.0,1.0,0.0,1.0,0.0006465236547434001,4,1.224772687755748e-05,0.0,0.0,0.0,1.0,0.0,1.0,0.04705187608469375,0.0,0.9678947008137451,0.0,0.8946183211330718,1.0,1.0,1.0,1.0,0.0,1.0,0.4768751210496571,1.0,0.0,1.0,1.0,1.0,0.0,0.0,0.0152386644487343,1.0,0.0,0.0,1.0,1.0,1.0,1.0,0.0,0.14078878458100444,1.0,1.0,0.0,0.0,0.5,1.0,1.0,0.0,0.1689705936502219,1.0,0.9744909476039041,0.6294146850731079,0.00021146952761650001,0.0,1.0,0.0,1.0,1.0,1.0,0.0,0.0,0.0,2.0887498462825657e-06,0.0,1.0,1.0,0.0952572813250513,1.0,0.0,1.0,0.0,1.0,0.0,1.0,0.0,1.0,1.0,0.0,1.0,1.0,1.0,1.0,0.996835921481666,0.9775898724853784,0.032241620223256,1.4862571957121111,0.6612184473394672,-1.186301333460351,13,10,-0.3999999999999999,0.0,4.0,0.0,0.0,0.0,0.0,0.0,0.0,0.0,0.0,0.0,0.0,0.0,0.0,0.0,0.0,0.0,1.0,0
VAR_001882,0.000154666051702,2.217016209215249e-13,4.3498960108750636e-11,4.72233688320687e-09,3.354931614283988e-07,4.84441994860932e-06,7.315528642655137e-05,0.000965572395206,8.84564633731511e-05,2.566604368610704e-07,0.0002167399557187,18,0.0,0.0032310266065212,1.0,0.1841691539343404,0.0,1.0,0.4069758117268689,0.0,0.0,0.0,1.0,1.0,0.0,1.0,1.0,1.0,0.0,1.0,0.0,0.0007674020300804,1.0,1.0,0.0,0.0,1.0,0.0,0.0,1.0,1.0,1.0,1.0,0.0,1.0,1.0,1.0,3,1.0,1.0,3,3,5.250459500776718,5.3933906526149125,3.4578737543513096,0.0,1.0,0.0,0.0,0.0,1.0,1.0,0.0,0.0,0.0,0.9792908640273006,0.0,1.0,0.0,0.0,0.0,1.0,0.0,2.5337719348315596e-06,0.0,0.0,0.0,1.0,0.0,0.0,0.0,1.0,1.0,1.0,0.0,0.0008770784266962,3,0.0002605074191532,0.0,1.0,0.0,1.0,1.0,1.0,0.0999703396069035,0.0,1.0,0.0,0.0,0.0,0.0,0.0,1.0,1.0,1.0,1.0,1.0,0.0,0.0,0.0,1.0,1.0,1.0,0.0,0.0,1.0,1.0,0.0,1.0,0.0,0.0,0.0,1.0,1.0,1.0,0.0,0.0,0.0,0.0,1.0,0.0,0.0,0.0,0.0,0.0,2.393376581042327e-06,1.0,1.0,1.0,1.0,1.0,1.0,1.0,0.0,0.0,5.908320460119049e-05,1.0,0.0,0.0,2.3726724299867705e-08,0.0,1.0,0.0,1.0,1.0,1.0,1.0,0.0,0.0,1.0,1.0,1.0,1.0,0.0,1.0,0.9877651860911654,0.9815530541058104,1.0,8.853123499037247,0.618968986166559,11.896,16,21,3.8,-1.0,2.0,0.0,0.0,0.0,0.0,0.0,0.0,0.0,1.0,0.0,0.0,0.0,0.0,1.0,1.0,0.0,0.0,1
VAR_001936,2.1009985719121553e-05,2.8088239346640187e-05,0.0003307695533937,1.9092899540937533e-08,7.362951167873383e-08,0.0051544113706181,0.0016539937534539,9.947606498232819e-11,8.290190288338242e-07,0.0618531205098276,0.0281809754213955,26,0.0,0.0032310266065212,1.0,0.1841691539343404,0.0,1.0,0.4069758117268689,1.0,1.0,1.0,1.0,1.0,1.0,0.0,0.0,0.0,0.0,0.0,0.0,1.0162930804976571e-05,1.0,0.0,0.0,1.0,0.0,0.0,0.0,1.0,1.0,1.0,0.0,1.0,1.0,0.0,1.0,1,0.0,1.0,2,2,6.092018775316353,5.971571940798304,4.028134405464798,1.0,1.0,1.0,0.0,1.0,0.0,1.0,0.0,0.0,0.0,0.0,1.0,1.0,0.0,0.0,0.0,0.0,1.0,0.0074674853295764,1.0,0.6536037301874006,1.0,0.0,1.0,0.0,1.0,1.0,1.0,1.0,0.0,0.0018481606185263,2,0.0098355127245777,1.0,1.0,1.0,0.0,0.0,1.0,0.0999982439799868,1.0,0.93578940162749,0.0,0.0,1.0,0.0,0.0,1.0,1.0,1.0,1.0,1.0,1.0,0.0,1.0,0.0,1.0,1.0,1.0,1.0,0.0,0.0,1.0,1.0,1.0,0.0,1.0,0.0,1.0,1.0,1.0,0.0,1.0,0.0,0.0,0.0,1.0,1.0,1.0,1.0,3.477857407256463e-07,1.0,0.0,1.0,0.0,1.0,1.0,1.0,1.0,1.0,2.0373427166334768e-06,0.0,0.0,0.0,0.089413997570821,1.0,1.0,0.0,1.0,0.0,1.0,0.0,1.0,1.0,0.0,0.0,0.0,1.0,1.0,0.0,1.0,0.9341572262864896,1.0,7.489456158347529,0.5536880862747942,7.619625488321373,19,13,-2.8,0.0,2.0,0.0,0.0,0.0,1.0,0.0,0.0,0.0,0.0,0.0,0.0,0.0,0.0,0.0,1.0,0.0,0.0,1
VAR_001880,1.4535e-05,0.0005687475942299,0.0173386873972128,0.004314713609352,2.3000072722045728e-05,3.7840334199330684e-09,5.2181039443625444e-12,0.0001821979422582,0.0004590707447716,6.968950087666464e-13,0.0146124355019161,9,0.0,0.0032310266065212,1.0,0.1841691539343404,0.0,1.0,0.4069758117268689,1.0,1.0,0.0,0.0,1.0,0.0,1.0,0.0,0.0,1.0,1.0,1.0,1.865166557915818e-11,1.0,0.0,0.0,0.0,1.0,1.0,0.0,1.0,0.0,0.0,1.0,0.0,1.0,1.0,1.0,0,1.0,1.0,3,3,5.199505306985667,5.5036869849885655,3.4578737543513096,1.0,0.0,1.0,1.0,0.0,0.0,1.0,0.0,0.0,1.0,0.0,0.0,1.0,0.0,1.0,0.0,0.0,1.0,0.0075084097330365,0.0,1.0,1.0,0.0,1.0,1.0,1.0,1.0,1.0,0.0,1.0,0.001262510852037,3,0.0776613691221008,0.0,1.0,0.0,1.0,0.0,0.0,0.0999999999676473,1.0,0.0,0.0,0.0,0.0,0.0,0.0,1.0,1.0,1.0,1.0,1.0,1.0,1.0,0.0,1.0,0.0,1.0,0.0,0.0,0.0,0.0,1.0,1.0,0.0,1.0,0.0,0.0,1.0,0.0,0.0,0.0,0.0,1.0,0.0,1.0,1.0,0.0,0.0,1.0,8.905551524887894e-05,0.0,0.0,1.0,1.0,0.0,0.0,1.0,0.0,0.0,1.8346847542045555e-05,0.0,0.0,1.0,0.0992048253550951,1.0,0.0,0.0,0.0,1.0,1.0,1.0,0.0,1.0,0.0,1.0,1.0,1.0,1.0,1.0,1.0,0.9805085049272176,1.0,8.423117522950717,0.6818086139519163,11.871484047253096,0,21,-2.5,0.0,4.0,0.0,0.0,0.0,0.0,0.0,0.0,1.0,0.0,0.0,0.0,0.0,0.0,1.0,1.0,0.0,1.0,1
VAR_001797,0.0001044575833635268,0.0016358823271088998,0.0007310017036708,3.7129679867508194e-05,8.876442443053392e-05,7.433055144873986e-05,0.00030621979965035,0.00017271774510524998,3.7521301764300893e-05,0.0002974181736794,0.0029526738013691,8,0.0,0.0032310266065212,1.0,0.1841691539343404,0.0,1.0,0.4069758117268689,1.0,0.0,1.0,0.0,1.0,1.0,1.0,1.0,0.0,0.0,0.0,1.0,4.801368300949846e-07,1.0,1.0,1.0,1.0,1.0,1.0,1.0,1.0,1.0,1.0,0.0,1.0,1.0,1.0,1.0,7,0.0,1.0,3,3,5.74499645868201,5.616335880669929,3.4578737543513096,1.0,1.0,0.6375304039389164,0.0,1.0,1.0,0.0,0.0,1.0,0.0,0.3067220345285742,1.0,1.0,0.0,1.0,0.0,1.0,0.0,6.8481e-05,1.0,0.0,1.0,1.0,1.0,0.0,1.0,1.0,1.0,0.0,1.0,0.0006465236547434001,3,2.2679153890820573e-06,0.0,0.0,0.0,1.0,0.0,1.0,0.04705187608469375,0.0,0.9678947008137451,0.0,0.8946183211330718,1.0,1.0,1.0,1.0,0.0,1.0,0.4768751210496571,1.0,0.0,1.0,1.0,1.0,0.0,0.0,0.0152386644487343,1.0,0.0,0.0,1.0,1.0,1.0,1.0,0.0,0.14078878458100444,1.0,1.0,0.0,0.0,0.5,1.0,1.0,0.0,0.1689705936502219,1.0,0.9744909476039041,0.6294146850731079,0.00021146952761650001,0.0,1.0,0.0,1.0,1.0,1.0,0.0,0.0,0.1646788067267648,0.00014081668782070002,1.0,0.0,0.49516481135734647,0.0367947255153128,1.0,0.0,0.0,0.994992128032371,0.0,1.0,1.0,0.0,1.0,1.0,1.0,1.0,1.0,0.0,1.0,1.0,0.5174616762719378,1.0,9.126725697613884,0.6993783806676312,11.896,5,10,-0.3999999999999999,1.0,2.0,0.0,0.0,0.0,0.0,0.0,0.0,1.0,0.0,0.0,0.0,0.0,0.0,1.0,0.0,0.0,0.0,1
VAR_001976,0.0001419300142047,3.202938024318966e-05,0.00010116,0.0399193233361074,0.0853510550576038,1.687501876381248e-05,0.0001547141789222,0.0062846895373573,5.2744386624824266e-05,0.0312314444449111,0.0009028668052105,6,0.0,0.0001799181084838,1.0,1.0,0.0165631501154365,1.0,0.0,1.0,0.0,0.0,1.0,1.0,0.0,1.0,0.0,1.0,1.0,0.0,1.0,0.0086256283517834,1.0,1.0,1.0,1.0,1.0,0.0,0.0,1.0,0.0,0.0,0.0,1.0,1.0,0.0,1.0,3,0.0,0.0,2,2,5.119164301868096,1.4037624196503125,3.4578737543513096,0.0,1.0,0.0,1.0,0.0,0.0,0.0,1.0,0.0,0.0,1.0,0.0,0.0,1.0,1.0,1.0,0.0,0.0,0.0006632102208067,0.0,0.0,1.0,1.0,0.0,0.0,1.0,1.0,0.0,1.0,1.0,0.000183611007,2,0.0008946000000019,1.0,1.0,0.0,1.0,0.0,0.0,9.110188022538248e-07,1.0,1.0,1.0,1.0,1.0,1.0,0.0,1.0,0.0,1.0,0.0,0.0,0.0,0.0,0.0,1.0,0.0,1.0,0.0,0.0,0.0,1.0,1.0,1.0,1.0,0.0,0.0,0.0,0.0,1.0,1.0,0.0,1.0,0.0,0.0,1.0,0.0,1.0,1.0,0.0,0.0060326266885833,0.0,1.0,1.0,1.0,0.0,0.0,0.0,0.0,0.0,0.0001419256758615,0.0,1.0,1.0,5.827071549636145e-11,1.0,1.0,1.0,0.0,0.0,0.0,1.0,0.0,1.0,1.0,0.0,1.0,1.0,0.0,1.0,0.8574647855536379,1.0,0.9125233410276452,0.631839704050239,0.604435634258955,-0.1100442563883278,13,10,-0.3999999999999999,0.0,4.0,0.0,0.0,0.0,0.0,0.0,0.0,0.0,0.0,0.0,0.0,0.0,0.0,1.0,1.0,0.0,0.0,1
VAR_001791,0.0032483717617833,1.255401952428983e-09,5.903652018425832e-10,2.7976189676492948e-12,5.864413258892184e-07,1.4949827468644526e-08,0.023494442175922,3.0264742968994486e-08,6.148955817548528e-07,0.0002974181736794,1.642425108479406e-06,16,0.0,0.0032310266065212,1.0,0.1841691539343404,0.0,1.0,0.4069758117268689,1.0,0.0,1.0,0.0,1.0,0.0,1.0,1.0,1.0,0.0,0.0,1.0,1.903419228470784e-06,1.0,0.0,1.0,1.0,1.0,0.0,1.0,1.0,1.0,0.0,1.0,1.0,1.0,1.0,1.0,3,0.0,1.0,3,3,5.779035168250077,5.8321846870978575,3.4578737543513096,1.0,0.0,0.0,1.0,0.0,1.0,1.0,1.0,1.0,0.0,1.0,1.0,0.0,1.0,0.0,0.0,1.0,1.0,0.0199034669765668,1.0,0.0,1.0,1.0,1.0,1.0,1.0,1.0,1.0,0.0,1.0,0.0006465236547434001,3,0.0002993048725076,0.0,0.0,0.0,1.0,0.0,1.0,0.04705187608469375,0.0,0.9678947008137451,0.0,0.8946183211330718,1.0,1.0,1.0,1.0,0.0,1.0,0.4768751210496571,1.0,0.0,1.0,1.0,1.0,0.0,0.0,0.0152386644487343,1.0,0.0,0.0,1.0,1.0,1.0,1.0,0.0,0.14078878458100444,1.0,1.0,0.0,0.0,0.5,1.0,1.0,0.0,0.1689705936502219,1.0,0.9744909476039041,0.6294146850731079,0.00021146952761650001,0.0,1.0,0.0,1.0,1.0,1.0,0.0,0.0,1.0,0.0001397076997799,0.0,1.0,0.0,0.003467449070493,0.0,0.0,0.0,0.0,1.0,0.0,1.0,0.0,0.0,1.0,1.0,0.0,0.0,0.0,1.0,0.9923548726291086,0.9135600179981492,1.0,9.589132557043994,0.6647269372085184,9.643460870684764,5,10,-0.3999999999999999,1.0,2.0,0.0,0.0,0.0,0.0,0.0,0.0,1.0,0.0,0.0,0.0,0.0,0.0,1.0,1.0,1.0,0.0,1
VAR_001795,8.361125411532223e-05,0.018370822403286,2.408160364989321e-05,0.0005641155326813,4.635943762366727e-08,0.0017594188911795,0.0058946313523692,0.0003421706366136,0.0009126401588467,0.0002974181736794,4.096464970141813e-05,11,0.0,0.0032310266065212,1.0,0.1841691539343404,0.0,1.0,0.4069758117268689,0.0,1.0,0.0,0.0,1.0,1.0,0.0,1.0,0.0,1.0,0.0,0.0,9.300916395497447e-09,0.0,1.0,1.0,1.0,0.0,1.0,0.0,1.0,1.0,1.0,1.0,0.0,1.0,0.0,1.0,3,1.0,0.0,4,4,5.751470229159106,5.745409811270302,3.996147446446512,1.0,0.0,0.0,0.0,0.0,1.0,0.0,1.0,0.0,1.0,0.0,0.0,1.0,1.0,1.0,0.0,1.0,0.0,3.737348977144283e-06,0.0,1.0,1.0,0.0,1.0,0.0,0.0,0.0,1.0,0.0,1.0,0.0006465236547434001,4,5.5383768921693456e-05,0.0,0.0,0.0,0.0,0.0,0.0,5.354079785831176e-06,0.0,1.0,0.0,1.0,1.0,1.0,1.0,1.0,1.0,1.0,0.0,0.0,1.0,0.0,0.0,0.0,0.0,1.0,1.0,1.0,1.0,0.0,0.0,1.0,1.0,0.0,0.0,0.0,1.0,0.0,1.0,0.0,1.0,1.0,1.0,0.0,1.0,0.0,1.0,0.0,0.0002191735411488,1.0,1.0,0.0,0.0,0.0,1.0,1.0,0.0,0.0,5.577594419680012e-07,0.0,0.0,0.0,4.91260296202912e-07,0.0,1.0,0.0,0.0,0.0,1.0,1.0,1.0,1.0,0.0,1.0,1.0,1.0,1.0,0.0,1.0,0.9779111654490372,1.0,4.898477012280497,0.6540435872375893,8.52778020105528,11,17,-8.3,-2.0,4.0,0.0,0.0,0.0,0.0,0.0,0.0,0.0,0.0,0.0,0.0,0.0,1.0,1.0,1.0,0.0,0.0,1
VAR_001824,2.5801486715174615e-06,0.0587862808627951,0.0009630251100897,2.7975980447892188e-05,0.0032693217575529,0.0029068652109911,0.0097598664014418,0.0003176422729078,4.084218410942261e-06,0.0002974181736794,1.7618834380001885e-05,16,0.0,0.0032310266065212,1.0,0.1841691539343404,0.0,1.0,0.4069758117268689,1.0,0.0,0.0,1.0,1.0,1.0,1.0,1.0,0.0,1.0,0.0,1.0,2.5467882373371473e-10,0.0,1.0,0.0,1.0,1.0,1.0,1.0,1.0,1.0,1.0,0.0,1.0,1.0,1.0,1.0,7,0.0,1.0,4,4,5.513976370523282,5.419523575016663,3.0467732524047744,1.0,1.0,0.6375304039389164,0.0,1.0,1.0,0.0,0.0,1.0,0.0,0.3067220345285742,1.0,1.0,0.0,1.0,0.0,1.0,0.0,6.8481e-05,1.0,0.0,1.0,1.0,1.0,0.0,1.0,1.0,1.0,0.0,1.0,0.0006465236547434001,4,0.0470183490303693,0.0,0.0,0.0,1.0,0.0,1.0,0.04705187608469375,0.0,0.9678947008137451,0.0,0.8946183211330718,1.0,1.0,1.0,1.0,0.0,1.0,0.4768751210496571,1.0,0.0,1.0,1.0,1.0,0.0,0.0,0.0152386644487343,1.0,0.0,0.0,1.0,1.0,1.0,1.0,0.0,0.14078878458100444,1.0,1.0,0.0,0.0,0.5,1.0,1.0,0.0,0.1689705936502219,1.0,0.9744909476039041,0.6294146850731079,0.00021146952761650001,0.0,1.0,0.0,1.0,1.0,1.0,0.0,0.0,0.1646788067267648,0.00014081668782070002,1.0,0.0,0.49516481135734647,0.0367947255153128,1.0,0.0,0.0,0.994992128032371,0.0,1.0,1.0,0.0,1.0,1.0,1.0,1.0,1.0,0.0,1.0,1.0,0.999142483137164,0.99062902667318,8.008440206538113,0.6595759069647603,7.765307715394656,11,17,-8.3,-2.0,4.0,0.0,0.0,0.0,0.0,0.0,0.0,0.0,0.0,0.0,0.0,0.0,1.0,1.0,0.0,1.0,0.0,1
VAR_001916,0.0824200515993662,0.0997459937317753,6.142335454133921e-05,2.520954264548008e-07,7.91764199574764e-05,3.5186485904050223e-06,1.6191011318482265e-06,7.292580937631528e-07,4.478831162843113e-09,0.0002974181736794,1.6191720861340451e-06,16,0.0,0.0032310266065212,1.0,0.1841691539343404,0.0,1.0,0.4069758117268689,0.0,0.0,0.0,1.0,1.0,1.0,1.0,1.0,0.0,1.0,1.0,1.0,0.0016241389397843,1.0,0.0,1.0,1.0,1.0,1.0,1.0,1.0,1.0,1.0,0.0,1.0,1.0,1.0,1.0,7,0.0,1.0,4,4,5.7937920708978226,5.505504858919088,3.2273589331247052,0.0,1.0,1.0,1.0,1.0,1.0,1.0,0.0,0.0,0.0,1.0,0.0,1.0,0.0,0.0,0.0,1.0,0.0,1.2456269429070614e-05,1.0,0.0,1.0,0.0,1.0,0.0,0.0,1.0,1.0,0.0,1.0,0.0006465236547434001,4,0.0395948874180531,0.0,0.0,0.0,1.0,0.0,1.0,0.04705187608469375,0.0,0.9678947008137451,0.0,0.8946183211330718,1.0,1.0,1.0,1.0,0.0,1.0,0.4768751210496571,1.0,0.0,1.0,1.0,1.0,0.0,0.0,0.0152386644487343,1.0,0.0,0.0,1.0,1.0,1.0,1.0,0.0,0.14078878458100444,1.0,1.0,0.0,0.0,0.5,1.0,1.0,0.0,0.1689705936502219,1.0,0.9744909476039041,0.6294146850731079,0.00021146952761650001,0.0,1.0,0.0,1.0,1.0,1.0,0.0,0.0,1.0,0.0222464242265317,0.0,1.0,1.0,2.1348559459586405e-05,0.0,1.0,1.0,1.0,0.0,1.0,1.0,1.0,0.0,1.0,1.0,1.0,1.0,0.0,1.0,1.0,1.0,1.0,7.851436020711156,0.626695436130624,5.989836725198156,11,14,-5.4,-3.0,4.0,0.0,0.0,0.0,0.0,0.0,0.0,0.0,0.0,0.0,0.0,1.0,0.0,1.0,0.0,1.0,0.0,1
VAR_001771,0.0638799080252965,1.0006083969508945e-07,0.0020196150394151,7.015475445718816e-05,4.1290264834340096e-14,1.0266191142927107e-10,5.801214810422646e-05,2.8491538589181167e-06,1.935392861652636e-05,0.0002974181736794,0.0427140208168427,16,0.0,0.0032310266065212,1.0,0.1841691539343404,0.0,1.0,0.4069758117268689,0.0,0.0,1.0,1.0,1.0,1.0,1.0,1.0,0.0,1.0,1.0,1.0,2.301930171753558e-08,1.0,0.0,0.0,1.0,1.0,1.0,1.0,1.0,0.0,1.0,0.0,0.0,1.0,0.0,1.0,0,0.0,0.0,1,1,4.18,3.9668756735491497,3.4578737543513096,1.0,0.0,1.0,0.0,1.0,0.0,0.0,1.0,0.0,0.0,0.8894388664100548,1.0,1.0,1.0,0.0,1.0,0.0,0.4965685658666589,2.1429164381749817e-05,0.0,0.0,0.0,0.0,0.0,1.0,0.0,0.0,1.0,0.0,0.0,0.0024992351872244,1,0.0257622485559935,0.0,0.0,1.0,0.0,1.0,1.0,0.099895531427233,0.0,0.0,0.0,0.0,1.0,0.0,0.0,1.0,1.0,1.0,0.0,0.0,0.0,1.0,1.0,0.0,0.0,1.0,0.0,0.0,0.0,1.0,1.0,1.0,1.0,1.0,1.0,1.0,1.0,0.0,1.0,1.0,0.0,0.0,1.0,0.0,1.0,1.0,0.0,1.0,0.006436920011026,1.0,0.0,1.0,0.0,1.0,1.0,0.0,1.0,0.0,0.0281897941702808,1.0,0.0,1.0,1.2348952328678388e-05,0.0,0.0,0.0,1.0,0.0,0.0,0.0,1.0,1.0,0.0,0.0,0.0,0.0,1.0,1.0,0.9696340069094634,0.9680967022446272,1.0,4.80938711727919,0.7099800099797887,11.351669966972484,12,22,2.3000000000000003,1.0,1.0,0.0,1.0,0.0,0.0,0.0,0.0,0.0,0.0,0.0,0.0,0.0,0.0,1.0,1.0,1.0,1.0,1
VAR_001825,1.846805435781392e-05,4.68571370625515e-14,0.0014077702239003,1.5914283915731153e-15,5.502694296039199e-07,2.548735617942019e-09,2.446833878543672e-05,1.4904000586442646e-05,0.0233118288520364,5.528441866029967e-05,0.0001329989560585,11,0.0,0.0032310266065212,1.0,0.1841691539343404,0.0,1.0,0.4069758117268689,1.0,0.0,0.0,1.0,1.0,0.0,1.0,0.0,1.0,0.0,0.0,0.0,4.6135903985341955e-15,1.0,0.0,1.0,1.0,1.0,0.0,0.0,1.0,0.0,1.0,1.0,1.0,1.0,0.0,1.0,1,1.0,1.0,4,4,5.349481634534249,5.260403344877787,2.9282681803906323,1.0,1.0,0.0,0.0,0.0,1.0,0.0,0.0,0.0,1.0,0.0,0.0,0.0,0.0,0.0,0.0,1.0,0.0,0.0004744350809209,1.0,0.0,0.0,0.0,0.0,1.0,1.0,1.0,0.0,0.0,1.0,1.0200618249201462e-05,4,0.0001051200185828,0.0,1.0,0.0,1.0,0.0,0.0,0.0981971397948446,0.0,1.0,1.0,0.0,1.0,0.0,1.0,1.0,0.0,0.0,1.0,0.0,0.0,1.0,0.0,0.0,1.0,0.0,1.0,1.0,0.0,1.0,1.0,1.0,1.0,0.0,0.0,0.0,0.0,1.0,0.0,0.0,1.0,0.0,1.0,1.0,0.0,0.0,1.0,0.0,1.797340151405137e-06,1.0,1.0,1.0,1.0,1.0,1.0,0.0,1.0,1.0,0.0189387652554272,0.0,0.0,1.0,0.0422003806723513,1.0,1.0,1.0,0.0,1.0,1.0,0.0,0.0,0.0,0.0,0.0,0.0,1.0,0.0,1.0,0.8948006198806173,0.9812515043440502,0.9980569167425992,5.934973820018299,0.6697652695342715,8.1553231046456,21,4,-7.7,-3.0,2.0,0.0,0.0,0.0,0.0,0.0,0.0,0.0,0.0,0.0,1.0,0.0,0.0,1.0,1.0,0.0,0.0,1
VAR_001881,0.0066104651694636,2.0886715746784062e-05,0.0005879948018664,1.3640940348366576e-07,8.503368800049814e-15,0.0002540608179142,1.40003535963466e-05,7.906940171180442e-05,0.0001232150576373,0.0002974181736794,0.0414054686859798,16,0.0,0.0032310266065212,1.0,0.1841691539343404,0.0,1.0,0.4069758117268689,0.0,1.0,1.0,0.0,1.0,0.0,1.0,1.0,0.0,1.0,0.0,0.0,0.0320514663646163,1.0,0.0,1.0,1.0,1.0,1.0,1.0,1.0,1.0,1.0,0.0,1.0,1.0,1.0,1.0,7,0.0,1.0,3,3,5.240859203443385,5.294714056739931,3.4578737543513096,1.0,1.0,1.0,0.0,0.0,0.0,0.0,0.0,0.0,1.0,0.0,1.0,1.0,0.0,1.0,0.0,1.0,0.0,7.048571958389432e-05,1.0,0.0,0.0,0.0,0.0,0.0,1.0,1.0,1.0,0.0,1.0,0.0006465236547434001,3,0.0637541610076502,0.0,0.0,0.0,1.0,0.0,1.0,0.04705187608469375,0.0,0.9678947008137451,0.0,0.8946183211330718,1.0,1.0,1.0,1.0,0.0,1.0,0.4768751210496571,1.0,0.0,1.0,1.0,1.0,0.0,0.0,0.0152386644487343,1.0,0.0,0.0,1.0,1.0,1.0,1.0,0.0,0.14078878458100444,1.0,1.0,0.0,0.0,0.5,1.0,1.0,0.0,0.1689705936502219,1.0,0.9744909476039041,0.6294146850731079,0.00021146952761650001,0.0,1.0,0.0,1.0,1.0,1.0,0.0,0.0,0.0,8.38955719979153e-06,0.0,0.0,1.0,0.0998350624797447,0.0,0.0,1.0,0.5011119429301197,0.0,0.0,1.0,1.0,1.0,1.0,0.0,1.0,0.0,1.0,1.0,1.0,0.9698681136567197,1.0,9.256066878740418,0.7010518881636427,11.84956597023834,16,10,0.6000000000000001,2.0,2.0,0.0,0.0,0.0,0.0,0.0,0.0,1.0,0.0,0.0,0.0,0.0,0.0,1.0,0.0,1.0,0.0,1
VAR_001846,0.0012066386341989,0.0999335418925073,0.0489114803612696,0.0006280134189761,4.336475819448724e-15,1.6867805449188265e-05,0.0001352156571564,0.0065633635331747,2.6270845344129485e-05,4.849853860254369e-06,0.0021843490967662,15,1.0,0.0032310266065212,0.0,0.0,0.0,0.0,0.0,0.0,0.0,1.0,0.0,0.0,0.0,1.0,1.0,1.0,0.0,1.0,1.0,0.0821864110920824,0.0,1.0,0.0,0.0,1.0,0.0,1.0,1.0,1.0,0.0,0.0,1.0,1.0,0.0,1.0,4,0.0,1.0,2,2,5.297747129986632,5.173426044886852,3.573371602628258,0.0,0.0,0.0,0.0,1.0,0.0,0.0,1.0,0.0,1.0,1.0,0.0,0.0,0.0,1.0,0.0,1.0,1.0,0.0332635370999745,1.0,1.0,1.0,0.0,1.0,1.0,0.0,0.0,1.0,1.0,1.0,0.0681980171683947,2,0.0428542685607109,0.0,0.0,0.0,0.0,1.0,0.0,0.0999998609401047,0.0,1.0,1.0,0.0,0.0,1.0,1.0,1.0,0.0,1.0,0.0,1.0,1.0,0.0,1.0,1.0,0.0,1.0,1.0,0.0,0.0,0.0,0.0,1.0,0.0,1.0,1.0,0.0,0.0,1.0,0.0,0.0,0.0,0.0,1.0,1.0,0.0,0.0,0.0,1.0,4.202715742298956e-05,1.0,0.0,0.0,0.0,0.0,1.0,0.0,0.0,1.0,0.0020353573769953,1.0,0.0,1.0,1.5576461484566668e-06,1.0,0.0,0.0,0.0,0.0,1.0,0.0,0.0,0.0,0.0,0.0,0.0,1.0,0.0,1.0,1.0,1.0,1.0,7.310407046990394,0.6412001689578729,7.408556878147454,19,19,-0.1,1.0,6.0,0.0,0.0,0.0,0.0,0.0,0.0,0.0,0.0,0.0,0.0,0.0,0.0,1.0,1.0,0.0,0.0,0
VAR_001790,9.966354212620909e-08,0.0031649591570443,2.066819189956068e-08,0.0017438053567044,1.436859597826977e-07,0.0006016307545356,0.0017590341167238,0.0106036065873984,2.402162433597785e-07,0.0002974181736794,2.0824131968044364e-05,10,0.0,0.0032310266065212,1.0,0.1841691539343404,0.0,1.0,0.4069758117268689,0.0,0.0,0.0,0.0,1.0,1.0,1.0,0.0,1.0,1.0,0.0,1.0,1.4685954366192811e-05,1.0,0.0,0.0,1.0,1.0,1.0,1.0,1.0,1.0,1.0,0.0,1.0,1.0,1.0,1.0,7,0.0,1.0,3,3,5.6979913406855385,5.628875126057854,3.4578737543513096,1.0,1.0,0.6375304039389164,0.0,1.0,1.0,0.0,0.0,1.0,0.0,0.3067220345285742,1.0,1.0,0.0,1.0,0.0,1.0,0.0,6.8481e-05,1.0,0.0,1.0,1.0,1.0,0.0,1.0,1.0,1.0,0.0,1.0,0.0006465236547434001,3,0.0009038834748841,0.0,1.0,1.0,0.0,1.0,1.0,0.0026829261032737,0.0,0.0,0.0,0.0,0.0,1.0,1.0,1.0,0.0,1.0,0.0,1.0,1.0,1.0,1.0,1.0,0.0,0.0,0.0,1.0,0.0,1.0,0.0,0.0,0.0,0.0,0.0,0.0,0.0,1.0,0.0,1.0,1.0,1.0,1.0,0.9400810578009716,1.0,1.0,0.0,1.0,4.348301719963216e-05,1.0,1.0,1.0,1.0,1.0,1.0,0.0,1.0,0.1646788067267648,0.00014081668782070002,1.0,0.0,0.49516481135734647,0.0367947255153128,1.0,0.0,0.0,0.994992128032371,0.0,1.0,1.0,0.0,1.0,1.0,1.0,1.0,1.0,0.0,1.0,1.0,1.0,1.0,7.68774903650526,0.620037654793701,11.592315517887066,7,17,-4.1,-2.0,6.0,0.0,0.0,0.0,0.0,0.0,0.0,0.0,0.0,0.0,0.0,0.0,0.0,1.0,0.0,1.0,1.0,1
VAR_001968,8.648295153691287e-06,0.0314914361186935,0.0003950992295475,0.0057681109901194,2.1277294330150255e-05,0.0005375578261627,6.601665743508761e-05,1.4904038070412913e-05,0.0001471654975706,9.101270085384036e-21,0.0004253401765382,29,0.0,0.0032310266065212,1.0,0.1841691539343404,0.0,1.0,0.4069758117268689,0.0,0.0,0.0,0.0,1.0,0.0,1.0,0.0,0.0,0.0,0.0,0.0,2.082270134733958e-05,1.0,1.0,1.0,0.0,1.0,1.0,0.0,0.0,1.0,0.0,1.0,1.0,0.0,1.0,1.0,3,1.0,0.0,0,0,5.197505296993441,5.236436248307747,4.940270458757966,1.0,0.0,1.0,1.0,0.0,0.0,1.0,1.0,0.0,1.0,0.0,1.0,0.0,1.0,1.0,0.0,1.0,0.0009055712964544,0.0010421809462976,0.0,0.0,1.0,1.0,0.0,0.0,0.0,0.0,0.0,1.0,0.0,0.021066333420857,0,0.0036231347586423,0.0,1.0,0.0,0.0,0.0,0.0,5.727435962276156e-05,0.0,0.0,1.0,1.0,1.0,1.0,1.0,1.0,0.0,1.0,0.0,1.0,1.0,1.0,1.0,1.0,1.0,1.0,1.0,1.0,0.0,0.0,1.0,1.0,1.0,0.0,1.0,1.0,0.0,1.0,0.0,1.0,1.0,0.0,0.0,0.0,0.0,1.0,0.0,1.0,0.0901642702769897,0.0,1.0,1.0,1.0,1.0,0.0,0.0,0.0,0.3293576134535296,8.923383068907958e-06,0.0,0.0,0.0334319275239214,0.0727230374281167,1.0,1.0,1.0,0.0,0.0,0.0,1.0,0.0,1.0,1.0,0.0,0.0,1.0,0.0,0.0,0.9796173953711224,0.9893791411137338,0.9914206753490438,9.175218827700096,0.6459524459273134,11.21312505674436,17,13,-2.7,1.0,2.0,0.0,0.0,0.0,0.0,0.0,0.0,1.0,0.0,0.0,0.0,0.0,0.0,0.0,1.0,0.0,0.0,1
VAR_001948,5.729738746679639e-06,0.1000269009282803,1.5761515447625317e-05,1.329886608257837e-11,0.0292735239181735,3.7536262551152583e-06,1.4735589548979172e-05,2.5490589675430843e-27,0.0002801713008109,0.0002974181736794,0.0018142736555601,9,0.0,0.0032310266065212,1.0,0.1841691539343404,0.0,1.0,0.4069758117268689,1.0,1.0,0.0,1.0,1.0,1.0,0.0,1.0,0.0,1.0,1.0,0.0,5.734255965361525e-09,0.0,0.0,0.0,0.0,1.0,1.0,1.0,0.0,1.0,0.0,1.0,1.0,0.0,0.0,1.0,3,0.0,0.0,4,4,5.692916294214185,5.4814029283784835,3.4578737543513096,1.0,0.0,1.0,1.0,1.0,1.0,1.0,0.0,1.0,1.0,0.0,1.0,1.0,0.0,0.0,1.0,1.0,0.0,6.606958504548859e-13,1.0,0.0,0.0,0.0,1.0,1.0,0.0,1.0,1.0,0.0,0.0,0.0137010374697716,4,0.0018185180313285,0.0,0.0,0.0,1.0,0.0,1.0,0.04705187608469375,0.0,0.9678947008137451,0.0,0.8946183211330718,1.0,1.0,1.0,1.0,0.0,1.0,0.4768751210496571,1.0,0.0,1.0,1.0,1.0,0.0,0.0,0.0152386644487343,1.0,0.0,0.0,1.0,1.0,1.0,1.0,0.0,0.14078878458100444,1.0,1.0,0.0,0.0,0.5,1.0,1.0,0.0,0.1689705936502219,1.0,0.9744909476039041,0.6294146850731079,0.00021146952761650001,0.0,1.0,0.0,1.0,1.0,1.0,0.0,0.0,1.0,5.0199763592648915e-06,0.0,0.0,1.0,0.0185728505099125,1.0,0.0,1.0,1.0,0.0,1.0,1.0,0.0,1.0,1.0,1.0,1.0,1.0,0.0,0.0,1.0,0.9802992172529932,0.997556354610202,7.803280169403191,0.6866311221978445,7.568289896450561,22,17,-3.6,-3.0,2.0,0.0,0.0,0.0,0.0,0.0,0.0,0.0,0.0,0.0,0.0,0.0,0.0,1.0,1.0,0.0,1.0,1
VAR_001893,6.368677967135684e-05,0.0749841091428767,0.0016880345931127,0.0002404395505407,0.001531493321035,2.390178241034768e-07,0.0008172114276885,1.2241291402395234e-10,0.0209313834970437,0.0001736100006226,0.0009087559783753,2,0.0,0.0327161457456601,0.0,0.8251784684306782,0.0,1.0,0.0,1.0,0.0,1.0,1.0,1.0,0.0,0.0,0.0,0.0,0.0,0.0,1.0,1.6408686493960462e-08,0.0,0.0,0.0,0.0,0.0,1.0,0.0,0.0,0.0,0.0,0.0,1.0,0.0,1.0,1.0,3,0.0,0.0,3,3,5.503799456810996,5.44064570104116,3.4578737543513096,0.0,0.0,0.3366398111166356,1.0,0.0,1.0,0.0,0.0,1.0,0.0,0.0,1.0,0.0,0.0,0.0,1.0,1.0,1.0,2.754788475647627e-05,0.0,0.0,1.0,0.0,1.0,0.0,1.0,1.0,0.0,1.0,1.0,0.0006465236547434001,3,0.000908119142725,0.0,0.0,0.0,1.0,0.0,1.0,0.04705187608469375,0.0,0.9678947008137451,0.0,0.8946183211330718,1.0,1.0,1.0,1.0,0.0,1.0,0.4768751210496571,1.0,0.0,1.0,1.0,1.0,0.0,0.0,0.0152386644487343,1.0,0.0,0.0,1.0,1.0,1.0,1.0,0.0,0.14078878458100444,1.0,1.0,0.0,0.0,0.5,1.0,1.0,0.0,0.1689705936502219,1.0,0.9744909476039041,0.6294146850731079,0.00021146952761650001,0.0,1.0,0.0,1.0,1.0,1.0,0.0,0.0,1.0,3.3897410696044225e-06,0.0,1.0,0.9848475303264864,0.0996841612503604,0.0,0.0,0.0,1.0,1.0,1.0,0.0,0.0,1.0,0.0,1.0,1.0,1.0,1.0,1.0,0.9864819925668764,0.9777296375894204,1.0,7.066105516321962,0.6569601347584942,11.78053973521722,0,21,-2.5,0.0,4.0,0.0,0.0,0.0,0.0,0.0,0.0,1.0,0.0,0.0,0.0,0.0,0.0,1.0,1.0,0.0,0.0,1
VAR_001844,3.9148947783428995e-05,0.0040119441919876,0.018779853184585,0.002065461267615,0.0010484760642472,5.2588680047391455e-09,4.857387248246917e-05,0.0003962105560927,1.393980594424751e-06,0.0031095270366891,4.8564658324166744e-05,16,0.0,0.0032310266065212,1.0,0.1841691539343404,0.0,1.0,0.4069758117268689,1.0,1.0,0.0,0.0,1.0,1.0,1.0,0.0,1.0,0.0,1.0,0.0,0.0002487077957005,1.0,0.0,0.0,1.0,1.0,1.0,1.0,1.0,0.0,1.0,1.0,1.0,1.0,1.0,1.0,3,0.0,1.0,3,3,5.460010230554426,5.072878687900533,3.417831291816096,1.0,1.0,1.0,1.0,1.0,1.0,1.0,0.0,0.0,0.0,1.0,0.0,0.0,0.0,1.0,0.0,0.0,0.0,0.0061970348648831,0.0,0.0,0.0,1.0,0.0,0.0,0.0,0.0,1.0,1.0,1.0,2.2779235629406333e-05,3,9.78016653947313e-05,1.0,1.0,1.0,0.0,1.0,1.0,0.0239752759790407,0.0,0.0,0.0,1.0,1.0,0.0,1.0,1.0,0.0,1.0,0.0,0.0,1.0,1.0,1.0,1.0,1.0,1.0,1.0,0.0,1.0,0.0,1.0,0.0,0.0,1.0,0.0,0.0,0.0,0.0,1.0,0.0,0.0,1.0,0.0,0.0,0.6146329434668711,0.0,0.0,0.0,1.7387875423702136e-07,0.0,1.0,1.0,0.0,0.0,1.0,1.0,1.0,1.0,7.683433592265677e-05,0.0,0.0,0.0,1.633803586121577e-08,0.0,0.0,1.0,0.0,0.0,0.0,1.0,1.0,0.0,0.0,0.0,1.0,1.0,1.0,1.0,0.9938603195584518,0.9796424897611734,1.0,8.966670690546009,0.6746205077948912,11.599682837708272,16,14,2.9,-2.0,4.0,0.0,0.0,0.0,0.0,0.0,0.0,0.0,1.0,0.0,0.0,0.0,0.0,1.0,1.0,1.0,0.0,1
VAR_001780,0.0151120888850795,1.8623239940057497e-07,0.0022074336833335,4.2149452037943523e-08,3.918659588278033e-06,0.0561897128883249,1.4211195339619436e-05,1.946544988229331e-09,4.047547902871273e-05,0.0002974181736794,0.0516641387756249,10,0.0,0.0032310266065212,1.0,0.1841691539343404,0.0,1.0,0.4069758117268689,1.0,0.0,0.9694542376382972,0.0,1.0,1.0,1.0,1.0,0.0,0.0,0.0,0.0,0.0002153775500585,1.0,0.0,1.0,0.0,0.0,1.0,0.0,0.0,1.0,0.0,1.0,0.0,0.0,1.0,1.0,3,0.0,1.0,2,2,5.6229252093501785,5.373679767027396,3.4578737543513096,1.0,1.0,0.6375304039389164,0.0,1.0,1.0,0.0,0.0,1.0,0.0,0.3067220345285742,1.0,1.0,0.0,1.0,0.0,1.0,0.0,6.8481e-05,1.0,0.0,1.0,1.0,1.0,0.0,1.0,1.0,1.0,0.0,1.0,0.0006465236547434001,2,0.0345532750654298,0.0,0.0,0.0,1.0,0.0,1.0,0.04705187608469375,0.0,0.9678947008137451,0.0,0.8946183211330718,1.0,1.0,1.0,1.0,0.0,1.0,0.4768751210496571,1.0,0.0,1.0,1.0,1.0,0.0,0.0,0.0152386644487343,1.0,0.0,0.0,1.0,1.0,1.0,1.0,0.0,0.14078878458100444,1.0,1.0,0.0,0.0,0.5,1.0,1.0,0.0,0.1689705936502219,1.0,0.9744909476039041,0.6294146850731079,0.00021146952761650001,0.0,1.0,0.0,1.0,1.0,1.0,0.0,0.0,0.1646788067267648,0.00014081668782070002,1.0,0.0,0.49516481135734647,0.0367947255153128,1.0,0.0,0.0,0.994992128032371,0.0,1.0,1.0,0.0,1.0,1.0,1.0,1.0,1.0,0.0,1.0,0.985745117636828,0.9947034415715732,0.979694103195192,6.552804010449369,0.5863481269094573,7.748721649615985,0,4,-5.3,-2.0,2.0,0.0,0.0,0.0,1.0,0.0,0.0,0.0,0.0,0.0,0.0,0.0,0.0,1.0,1.0,1.0,1.0,1
VAR_001847,3.920209397828028e-05,0.099289544203624,4.894402091811488e-05,0.0490585224879762,1.997902875071508e-06,0.0012535201296308,0.0060865125269944,2.59446222664835e-10,4.3462460636987895e-05,0.0002974181736794,0.0215047812677482,19,0.0,0.0032310266065212,1.0,0.1841691539343404,0.0,1.0,0.4069758117268689,0.0,0.0,0.0,1.0,1.0,0.0,0.0,0.0,0.0,0.0,1.0,1.0,0.01388285457431,1.0,1.0,0.0,1.0,1.0,0.0,0.0,1.0,1.0,0.0,0.0,0.0,0.0,0.0,1.0,1,0.0,1.0,3,3,5.245231606968561,4.944253663222015,3.630026883142905,1.0,1.0,1.0,0.0,1.0,0.0,1.0,1.0,1.0,0.0,1.0,0.0,1.0,0.0,1.0,1.0,0.0,1.0,1.3256512184336291e-14,0.0,0.0,0.0,0.0,1.0,0.0,0.0,0.0,1.0,1.0,1.0,0.0040765799299017,3,0.0005488201716245,1.0,0.0,0.0,1.0,1.0,0.0,0.0001765396204109,1.0,0.4637773935989429,0.0,0.0,1.0,1.0,1.0,1.0,0.0,0.0,1.0,1.0,0.0,1.0,1.0,1.0,0.0,1.0,1.0,0.0,1.0,1.0,0.0,0.0,1.0,1.0,1.0,0.0,1.0,1.0,0.0,0.0,1.0,1.0,1.0,1.0,1.0,1.0,0.0,0.0,0.0120984316228998,0.0,0.0,0.0,0.0,1.0,1.0,1.0,1.0,1.0,1.4500594059417693e-05,1.0,1.0,0.0,0.0012738706867698,1.0,1.0,1.0,1.0,0.0,0.0,1.0,1.0,0.0,1.0,0.0,0.0,0.0,1.0,0.0,0.9902747632200162,1.0,0.9892779507211116,9.16361409089094,0.6684814287978534,11.407888720462408,16,16,1.0,1.0,2.0,0.0,0.0,0.0,0.0,0.0,0.0,1.0,0.0,0.0,0.0,0.0,0.0,1.0,1.0,0.0,0.0,1
VAR_001816,1.3340045590987824e-05,5.714748369246863e-08,1.1360189594239447e-06,0.0093000887157555,1.9653181766736855e-05,1.9695782170233428e-10,0.0170662269784518,1.3321000171348198e-19,0.0001656422482897,0.0002974181736794,0.0034602761386196,16,0.0,0.0032310266065212,1.0,0.1841691539343404,0.0,1.0,0.4069758117268689,1.0,0.0,0.9694542376382972,0.0,1.0,1.0,1.0,1.0,0.0,0.0,0.0,0.0,0.0002153775500585,1.0,0.0,1.0,1.0,1.0,1.0,1.0,1.0,1.0,1.0,0.0,1.0,1.0,1.0,1.0,7,0.0,1.0,1,1,5.4450850102427975,5.545371702242941,3.5676431144084013,0.0,0.0,1.0,0.0,1.0,0.0,0.0,1.0,0.0,0.0,1.0,0.0,1.0,1.0,1.0,0.0,0.0,0.0,6.734606885235935e-06,0.0,1.0,1.0,1.0,0.0,1.0,0.0,0.0,0.0,0.0,1.0,0.0006465236547434001,1,1.4679021013850165e-05,0.0,0.0,0.0,1.0,0.0,1.0,0.04705187608469375,0.0,0.9678947008137451,0.0,0.8946183211330718,1.0,1.0,1.0,1.0,0.0,1.0,0.4768751210496571,1.0,0.0,1.0,1.0,1.0,0.0,0.0,0.0152386644487343,1.0,0.0,0.0,1.0,1.0,1.0,1.0,0.0,0.14078878458100444,1.0,1.0,0.0,0.0,0.5,1.0,1.0,0.0,0.1689705936502219,1.0,0.9744909476039041,0.6294146850731079,0.00021146952761650001,0.0,1.0,0.0,1.0,1.0,1.0,0.0,0.0,1.0,6.022355201986305e-07,0.0,0.0,0.0,0.0001071750701033,0.0,1.0,0.0,0.0,0.0,0.0,1.0,0.0,1.0,1.0,0.0,0.0,1.0,0.0,1.0,0.9710989495089988,0.995945019293782,1.0,8.439103221615037,0.7063181727520491,11.03376574361116,4,7,3.1,-1.0,2.0,0.0,1.0,0.0,0.0,0.0,0.0,0.0,0.0,0.0,0.0,0.0,0.0,1.0,0.0,1.0,0.0,1
VAR_001923,0.0001044575833635268,0.0016358823271088998,0.0007310017036708,3.7129679867508194e-05,8.876442443053392e-05,7.433055144873986e-05,0.00030621979965035,0.00017271774510524998,3.7521301764300893e-05,0.0002974181736794,0.0029526738013691,8,0.0,0.0032310266065212,1.0,0.1841691539343404,0.0,1.0,0.4069758117268689,1.0,0.0,0.9694542376382972,0.0,1.0,1.0,1.0,1.0,0.0,0.0,0.0,0.0,0.0002153775500585,1.0,0.0,1.0,1.0,1.0,1.0,1.0,1.0,1.0,1.0,0.0,1.0,1.0,1.0,1.0,7,0.0,1.0,3,3,5.90046618431456,6.118524821540357,3.4578737543513096,1.0,1.0,0.6375304039389164,0.0,1.0,1.0,0.0,0.0,1.0,0.0,0.3067220345285742,1.0,1.0,0.0,1.0,0.0,1.0,0.0,6.8481e-05,1.0,0.0,1.0,1.0,1.0,0.0,1.0,1.0,1.0,0.0,1.0,0.0006465236547434001,3,0.0009210086021386,0.0,0.0,0.0,1.0,0.0,1.0,0.04705187608469375,0.0,0.9678947008137451,0.0,0.8946183211330718,1.0,1.0,1.0,1.0,0.0,1.0,0.4768751210496571,1.0,0.0,1.0,1.0,1.0,0.0,0.0,0.0152386644487343,1.0,0.0,0.0,1.0,1.0,1.0,1.0,0.0,0.14078878458100444,1.0,1.0,0.0,0.0,0.5,1.0,1.0,0.0,0.1689705936502219,1.0,0.9744909476039041,0.6294146850731079,0.00021146952761650001,0.0,1.0,0.0,1.0,1.0,1.0,0.0,0.0,0.1646788067267648,0.00014081668782070002,1.0,0.0,0.49516481135734647,0.0367947255153128,1.0,0.0,0.0,0.994992128032371,0.0,1.0,1.0,0.0,1.0,1.0,1.0,1.0,1.0,0.0,1.0,0.974856379460584,0.7866471269195732,0.9895842172755462,9.938,0.6881314226966833,11.51205030502651,7,17,-4.1,-2.0,6.0,0.0,0.0,0.0,0.0,0.0,0.0,0.0,0.0,0.0,0.0,0.0,0.0,1.0,0.0,0.0,0.0,1
VAR_001842,0.0001044575833635268,0.0016358823271088998,0.0007310017036708,3.7129679867508194e-05,8.876442443053392e-05,7.433055144873986e-05,0.00030621979965035,0.00017271774510524998,3.7521301764300893e-05,0.0002974181736794,0.0029526738013691,8,0.0,0.0032310266065212,1.0,0.1841691539343404,0.0,1.0,0.4069758117268689,1.0,0.0,0.9694542376382972,0.0,1.0,1.0,1.0,1.0,0.0,0.0,0.0,0.0,0.0002153775500585,1.0,0.0,1.0,1.0,1.0,1.0,1.0,1.0,1.0,1.0,0.0,1.0,1.0,1.0,1.0,7,0.0,1.0,4,4,5.3682220185524265,4.403812919891162,3.4578737543513096,1.0,1.0,0.6375304039389164,0.0,1.0,1.0,0.0,0.0,1.0,0.0,0.3067220345285742,1.0,1.0,0.0,1.0,0.0,1.0,0.0,6.8481e-05,1.0,0.0,1.0,1.0,1.0,0.0,1.0,1.0,1.0,0.0,1.0,0.0006465236547434001,4,0.0009210086021386,0.0,0.0,0.0,1.0,0.0,1.0,0.04705187608469375,0.0,0.9678947008137451,0.0,0.8946183211330718,1.0,1.0,1.0,1.0,0.0,1.0,0.4768751210496571,1.0,0.0,1.0,1.0,1.0,0.0,0.0,0.0152386644487343,1.0,0.0,0.0,1.0,1.0,1.0,1.0,0.0,0.14078878458100444,1.0,1.0,0.0,0.0,0.5,1.0,1.0,0.0,0.1689705936502219,1.0,0.9744909476039041,0.6294146850731079,0.00021146952761650001,0.0,1.0,0.0,1.0,1.0,1.0,0.0,0.0,0.1646788067267648,0.00014081668782070002,1.0,0.0,0.49516481135734647,0.0367947255153128,1.0,0.0,0.0,0.994992128032371,0.0,1.0,1.0,0.0,1.0,1.0,1.0,1.0,1.0,0.0,1.0,1.0,0.9801873222894618,1.0,7.720014207379587,-0.1330381030310755,8.124996911539958,11,14,-5.4,-3.0,4.0,0.0,0.0,0.0,0.0,0.0,0.0,0.0,0.0,0.0,0.0,1.0,0.0,1.0,0.0,0.0,0.0,1
VAR_001822,0.0001685521407378,2.6907872517811973e-05,0.0160120053704686,0.0005683008680324,1.4052237438996814e-05,0.0146080269641549,0.00015057,0.0010078818257871,0.0084334992501657,0.0015037236289183,0.0944965899394323,11,0.0,0.0032310266065212,1.0,0.1841691539343404,0.0,1.0,0.4069758117268689,0.0,1.0,1.0,0.0,1.0,1.0,1.0,1.0,0.0,0.0,1.0,1.0,0.0001648991773056,1.0,1.0,0.0,0.0,1.0,0.0,0.0,1.0,0.0,1.0,1.0,1.0,1.0,1.0,1.0,1,0.0,1.0,4,4,5.532673305722275,5.187092910901905,2.9174109597868805,1.0,1.0,0.0,0.0,1.0,1.0,0.0,1.0,0.0,0.0,0.9135130318280562,0.0,1.0,0.0,1.0,0.0,1.0,0.0,5.373171379132335e-05,1.0,0.0,1.0,1.0,1.0,0.0,0.0,0.0,0.0,1.0,0.0,0.000119007135,4,0.1007167299244332,0.0,0.0,0.0,1.0,1.0,0.0,7.938487382959455e-18,0.0,1.0,0.0,0.0,1.0,1.0,0.0,1.0,0.0,1.0,0.0,1.0,1.0,1.0,0.0,1.0,1.0,1.0,1.0,0.0,0.0,0.0,0.0,1.0,1.0,1.0,0.0,0.0,0.0,0.0,0.0,1.0,1.0,1.0,1.0,0.0,0.0,1.0,1.0,1.0,0.0095240582682345,0.0,1.0,1.0,0.0,0.0,1.0,1.0,1.0,0.0,0.0001316462215875,0.0,1.0,0.0,0.0012122781805908,1.0,0.0,1.0,0.0,0.0,1.0,1.0,1.0,1.0,0.0,1.0,1.0,0.0,0.0,1.0,0.9923336477081878,0.5911994927353333,0.9883239023199434,7.830088691950482,0.6748656080102956,7.07025377619965,11,23,-4.7,-2.0,1.0,0.0,0.0,0.0,0.0,0.0,0.0,0.0,0.0,0.0,0.0,0.0,1.0,1.0,1.0,0.0,0.0,1
VAR_001892,3.6981620599441313e-05,0.000794356712621,0.0168405470346259,3.898948936495692e-18,0.0278049769665402,0.0128409301549526,0.01013146457858,0.0001232068901646,6.978767718552247e-16,1.0343254534672898e-05,0.0902567449944742,23,0.0,0.0032310266065212,1.0,0.1841691539343404,0.0,1.0,0.4069758117268689,1.0,0.0,0.4110686024542302,0.0,1.0,0.0,1.0,1.0,0.0,0.0,1.0,0.0,4.83068022516567e-21,1.0,0.0,0.0,0.0,0.0,0.0,1.0,1.0,0.0,0.0,0.0,0.0,0.0,1.0,1.0,1,0.0,1.0,1,1,5.527000984396832,5.180367570745357,3.524980493613821,0.0,1.0,0.0,0.0,0.0,1.0,0.0,1.0,1.0,1.0,0.0,1.0,0.0,0.0,0.0,0.0,1.0,1.0,9.76904047273666e-07,1.0,1.0,0.0,1.0,0.0,1.0,1.0,1.0,0.0,0.0,0.0,0.0263533058757891,1,0.0672928203750962,0.0,0.0,0.0,1.0,0.0,1.0,0.04705187608469375,0.0,0.9678947008137451,0.0,0.8946183211330718,1.0,1.0,1.0,1.0,0.0,1.0,0.4768751210496571,1.0,0.0,1.0,1.0,1.0,0.0,0.0,0.0152386644487343,1.0,0.0,0.0,1.0,1.0,1.0,1.0,0.0,0.14078878458100444,1.0,1.0,0.0,0.0,0.5,1.0,1.0,0.0,0.1689705936502219,1.0,0.9744909476039041,0.6294146850731079,0.00021146952761650001,0.0,1.0,0.0,1.0,1.0,1.0,0.0,0.0,0.0,0.0009076380995132,1.0,0.0,1.0,0.0999999994124602,1.0,0.0,0.0,0.0,0.0,1.0,0.0,0.0,1.0,1.0,0.0,1.0,0.0,1.0,0.0,0.9815846034257508,1.0,0.9718775999916832,8.781726756091189,0.756,11.166234264803052,8,17,-1.2999999999999998,0.0,2.0,0.0,1.0,0.0,0.0,0.0,0.0,0.0,0.0,0.0,0.0,0.0,0.0,0.0,1.0,0.0,0.0,1
VAR_001930,0.0054091702311942,0.0908789976182191,0.0034882934170297,1.3013911995609334e-05,1.2673278155478301e-12,0.0059855717840012,4.044683665188263e-06,1.6281352338718652e-07,5.7618598709691075e-06,0.0002974181736794,0.0555744871006694,16,0.0,0.0032310266065212,1.0,0.1841691539343404,0.0,1.0,0.4069758117268689,1.0,0.0,0.9694542376382972,0.0,1.0,1.0,1.0,1.0,0.0,0.0,0.0,0.0,0.0002153775500585,1.0,0.0,1.0,0.0,1.0,0.0,1.0,0.0,0.0,0.0,1.0,1.0,0.0,0.0,1.0,3,0.0,1.0,2,2,5.993025958913307,6.114595051900349,3.6674397272365975,1.0,1.0,0.6375304039389164,0.0,1.0,1.0,0.0,0.0,1.0,0.0,0.3067220345285742,1.0,1.0,0.0,1.0,0.0,1.0,0.0,6.8481e-05,1.0,0.0,1.0,1.0,1.0,0.0,1.0,1.0,1.0,0.0,1.0,0.0006465236547434001,2,1.850455995338758e-05,1.0,1.0,1.0,0.0,1.0,1.0,1.0261252443579405e-07,1.0,1.0,1.0,1.0,1.0,1.0,1.0,1.0,0.0,0.0,1.0,0.0,1.0,0.0,1.0,1.0,0.0,0.0,0.0,0.0,0.0,1.0,0.0,1.0,0.0,1.0,0.0,1.0,0.0,1.0,1.0,0.0,0.0,0.0,1.0,0.0,1.0,0.0,1.0,0.0,0.0791427086122082,0.0,0.0,1.0,0.0,0.0,0.0,1.0,1.0,1.0,0.0005045795757689,0.0,0.0,0.2156961809744897,0.0296404102423,0.0,1.0,1.0,1.0,1.0,0.0,1.0,1.0,1.0,1.0,1.0,0.0,0.0,1.0,1.0,1.0,1.0,1.0,4.552582854643481,0.5749488340755604,8.158820369139036,0,7,-2.2,0.0,4.0,0.0,0.0,0.0,0.0,1.0,0.0,0.0,0.0,0.0,0.0,0.0,0.0,1.0,1.0,1.0,0.0,0
VAR_001784,0.0001195058216124,0.0886156185403247,4.0702598833791666e-08,7.555121295909448e-23,0.0077705652252222,0.0490880923884778,0.0001287900250953,0.0008418288880177,4.79479102637738e-10,0.0005744439228152,0.000134317197125,18,0.0,0.0032310266065212,1.0,0.1841691539343404,0.0,1.0,0.4069758117268689,1.0,1.0,1.0,0.0,1.0,1.0,1.0,0.0,1.0,1.0,0.0,1.0,0.004984010822428,1.0,1.0,1.0,0.0,1.0,1.0,1.0,1.0,1.0,1.0,0.0,1.0,1.0,1.0,1.0,3,1.0,1.0,0,0,5.682998848974815,5.789006488970062,3.8467869567062905,0.0,0.0,0.6375304039389164,1.0,0.0,0.0,1.0,1.0,1.0,0.0,1.0,1.0,0.0,1.0,0.0,1.0,0.8153665055831409,0.0,4.0979596225632395e-06,1.0,1.0,0.0,0.0,1.0,0.0,1.0,1.0,0.0,1.0,1.0,0.0004397611500506,0,0.0008271909629763,1.0,1.0,0.0,0.0,1.0,1.0,2.037644387141673e-07,1.0,0.0,0.0,1.0,1.0,0.0,1.0,1.0,0.0,0.0,0.0,0.0,0.0,0.0,0.0,0.0,1.0,1.0,0.0,0.0,1.0,0.0,0.0,1.0,0.0,1.0,0.0,0.0,1.0,1.0,1.0,1.0,1.0,1.0,1.0,0.0,0.9325157031193564,0.0,1.0,1.0,6.136771049842711e-10,1.0,1.0,0.0,1.0,0.0,1.0,0.0,0.0,1.0,0.0005989592590154,1.0,1.0,1.0,0.0868805050360394,0.0,1.0,1.0,1.0,0.0,0.0,0.0,1.0,1.0,1.0,1.0,1.0,1.0,1.0,1.0,0.9944480505448834,0.9939688450480894,1.0,5.874700236654186,0.5764203085104662,7.698189760837258,14,11,5.4,-3.0,4.0,0.0,0.0,0.0,0.0,0.0,1.0,0.0,0.0,0.0,0.0,0.0,0.0,1.0,1.0,0.0,0.0,1
VAR_001951,1.847700000001294e-06,5.257403247574947e-06,0.0001801982715542,0.0030722369500257,0.0037167335641299,0.0008483915347611,0.0028399368527739,1.4962058993961592e-26,0.0003410722738497,1.292096392672128e-07,8.306446566182045e-05,28,0.0,0.0032310266065212,1.0,0.1841691539343404,0.0,1.0,0.4069758117268689,0.0,0.0,0.0,1.0,0.0,0.0,1.0,1.0,1.0,1.0,0.0,0.0,6.269519173086429e-11,1.0,0.0,1.0,0.0,0.0,1.0,1.0,1.0,1.0,1.0,0.0,0.0,1.0,0.0,1.0,3,0.0,1.0,4,4,5.733796200383121,5.5368714266364645,3.4578737543513096,1.0,1.0,0.0,0.0,0.0,1.0,0.0,1.0,1.0,0.0,1.0,1.0,0.0,1.0,1.0,1.0,1.0,0.0,1.3954874723390138e-05,1.0,1.0,1.0,1.0,1.0,0.5574950908018833,0.0,0.0,1.0,0.0,0.0,0.0007332259146311,4,0.0531876669579376,1.0,1.0,0.0,1.0,0.0,0.0,0.0792913374976181,1.0,1.0,0.0,0.0,0.0,1.0,1.0,1.0,0.0,1.0,0.0,0.0,0.0,1.0,1.0,0.0,0.0,1.0,1.0,0.0,1.0,0.0,1.0,0.0,1.0,0.0,1.0,1.0,0.0,0.0,1.0,1.0,0.0,0.0,1.0,0.0,0.0,0.0,1.0,1.0,7.307712269655941e-11,0.0,0.0,0.0,0.0,0.0,0.0,0.0,0.0,0.0,0.0229677969321259,1.0,1.0,0.0,0.0999999923779316,0.0,1.0,0.0,1.0,0.0,1.0,1.0,1.0,0.0,1.0,0.0,1.0,0.0,0.0,1.0,0.998607241353768,1.0,1.0,8.129508145919058,0.6286011973421634,7.365152620845808,12,10,-5.8,-1.0,1.0,0.0,0.0,0.0,0.0,0.0,0.0,0.0,0.0,0.0,1.0,0.0,0.0,0.0,1.0,1.0,0.0,1
VAR_001884,0.0002958014206507,0.0272946957797059,0.0415521521646177,0.0001079564653694,0.0026808610268062,1.398554320455248e-09,1.0494450990903276e-08,1.3462751420106504e-05,0.0150920667633094,0.0054982075068296,0.0025435922913856,23,0.0,0.0032310266065212,1.0,0.1841691539343404,0.0,1.0,0.4069758117268689,1.0,1.0,1.0,0.0,1.0,0.0,1.0,1.0,1.0,1.0,0.0,0.0,0.0096125103757599,1.0,0.0,1.0,0.0,1.0,1.0,0.0,1.0,0.0,0.0,0.0,1.0,0.0,1.0,1.0,1,0.0,0.0,2,2,4.893467530696734,4.645915835360849,3.268342690975377,1.0,0.0,1.0,0.0,0.0,1.0,1.0,0.0,1.0,0.0,0.0,0.0,0.0,1.0,0.0,0.0,0.0,0.0,0.0012686997721392,0.0,0.0,0.0,1.0,0.0,1.0,0.0,1.0,1.0,1.0,0.0,1.3691728135865226e-05,2,0.0517926816160575,0.0,1.0,1.0,1.0,0.0,0.8395386256354602,1.2093234985616122e-05,1.0,1.0,1.0,1.0,0.0,1.0,0.0,1.0,0.0,0.0,1.0,1.0,0.0,0.0,0.0,0.0,1.0,1.0,1.0,0.0,1.0,1.0,1.0,0.0,1.0,1.0,0.0,0.0,1.0,0.0,1.0,0.0,0.0,0.0,1.0,1.0,0.0,0.0,1.0,0.0,2.469512825120299e-07,1.0,0.0,0.0,1.0,0.0,1.0,0.0,1.0,1.0,0.000307410324682,1.0,0.0,1.0,7.141560283172576e-08,0.0,0.0,0.0,1.0,0.0,0.0,1.0,1.0,0.0,0.0,1.0,0.0,0.0,1.0,1.0,1.0,0.9946028920262882,0.9782084882533164,6.009083544960928,0.6372390510259941,7.408088761746755,0,5,-5.3,-1.0,2.0,0.0,0.0,0.0,1.0,0.0,0.0,0.0,0.0,0.0,0.0,0.0,0.0,0.0,1.0,0.0,0.0,1
VAR_001839,3.693600000087009e-06,0.006535039011619,0.0196255678051271,3.910804323291809e-09,1.3238876816970562e-20,8.284172051711647e-10,5.836116954091829e-06,5.854115742495777e-18,1.8171397819221854e-09,0.0002974181736794,0.0452959920237903,16,0.0,0.0032310266065212,1.0,0.1841691539343404,0.0,1.0,0.4069758117268689,1.0,0.0,0.9694542376382972,0.0,1.0,1.0,1.0,1.0,0.0,0.0,0.0,0.0,0.0002153775500585,1.0,0.0,1.0,1.0,1.0,0.0,1.0,0.0,1.0,1.0,0.0,0.0,1.0,0.0,1.0,3,0.0,1.0,4,4,5.34630022566939,5.626937285193711,3.726679472849108,0.0,1.0,1.0,1.0,0.0,1.0,1.0,0.0,0.0,0.0,0.0,1.0,0.0,1.0,1.0,0.0,1.0,0.0,0.0051645643982484,1.0,1.0,0.0,1.0,1.0,1.0,0.0,0.6024678165951645,0.0,1.0,1.0,0.0006465236547434001,4,2.1051000000001114e-05,0.0,0.0,0.0,1.0,0.0,1.0,0.0578641035072073,0.0,1.0,0.0,1.0,0.0,0.0,0.0,1.0,0.0,1.0,1.0,0.0,0.0,0.0,0.0,0.0,0.0,0.0,1.0,1.0,0.0,0.0,0.0,0.0,1.0,1.0,1.0,1.0,1.0,0.0,0.0,0.0,1.0,0.0,0.0,0.0,0.1381949187699481,0.0,1.0,1.0,2.433701437647313e-06,0.0,1.0,0.0,0.0,1.0,0.0,1.0,0.0,0.0,0.0238116827575879,1.0,0.0,0.0,0.0972709288330475,1.0,1.0,0.0,1.0,1.0,0.0,1.0,1.0,0.0,0.0,1.0,1.0,0.0,0.0,1.0,1.0,0.8270295909623391,0.9678524291994915,7.512577655582805,0.644299390281759,8.446466189277887,9,10,-8.4,-1.0,1.0,0.0,0.0,0.0,0.0,0.0,0.0,0.0,0.0,0.0,1.0,0.0,0.0,1.0,1.0,1.0,0.0,1
VAR_001838,4.825565422044046e-05,0.0907071513728065,0.01881976077036,2.3694556807144453e-05,1.3221510230468056e-05,7.134664326010715e-06,0.0008174298893613,1.6426100494587777e-06,5.1172005064812286e-17,0.0015953994777158,0.0053744575280152,28,0.0,0.0032310266065212,1.0,0.1841691539343404,0.0,1.0,0.4069758117268689,0.0,1.0,0.0,0.0,1.0,0.0,1.0,1.0,1.0,0.0,0.0,1.0,0.0028268099242965,1.0,1.0,0.0,0.0,1.0,0.0,1.0,1.0,1.0,1.0,1.0,1.0,0.0,0.0,1.0,3,1.0,0.0,3,3,5.41519727612953,4.359982757151749,3.914855068779451,1.0,0.0,0.0,0.0,1.0,0.0,1.0,0.0,0.0,0.0,0.0,1.0,1.0,0.0,0.0,1.0,1.0,1.0,9.804597869091176e-05,0.0,0.0,1.0,1.0,0.0,1.0,1.0,1.0,0.0,0.0,1.0,0.0006465236547434001,3,0.00013194,0.0,0.0,0.0,1.0,0.0,1.0,0.04705187608469375,0.0,0.9678947008137451,0.0,0.8946183211330718,1.0,1.0,1.0,1.0,0.0,1.0,0.4768751210496571,1.0,0.0,1.0,1.0,1.0,0.0,0.0,0.0152386644487343,1.0,0.0,0.0,1.0,1.0,1.0,1.0,0.0,0.14078878458100444,1.0,1.0,0.0,0.0,0.5,1.0,1.0,0.0,0.1689705936502219,1.0,0.9744909476039041,0.6294146850731079,0.00021146952761650001,0.0,1.0,0.0,1.0,1.0,1.0,0.0,0.0,1.0,0.0006807328408292,0.0,1.0,1.0,0.0999852736926179,0.0,0.0,0.0,0.0,1.0,1.0,0.0,1.0,0.0,0.0,1.0,1.0,0.0,0.0,1.0,1.0,0.6059332760674586,0.9629774936650174,7.666633199300337,0.6808474830852792,9.987865765454307,16,11,8.3,-2.0,4.0,0.0,0.0,0.0,0.0,0.0,0.0,0.0,0.0,1.0,0.0,0.0,0.0,0.0,1.0,1.0,0.0,1
VAR_001862,6.175810080164059e-07,0.0749472321122857,7.126125584091289e-06,0.0012194689089064,9.843715970567964e-06,0.005995432536464,0.0013949927325612,0.0001814547729525,0.0002450047762603,0.0002974181736794,2.422564332410974e-06,16,0.0,0.0032310266065212,1.0,0.1841691539343404,0.0,1.0,0.4069758117268689,1.0,0.0,0.9694542376382972,0.0,1.0,1.0,1.0,1.0,0.0,0.0,0.0,0.0,0.0002153775500585,1.0,0.0,1.0,1.0,1.0,1.0,1.0,1.0,1.0,1.0,0.0,1.0,1.0,1.0,1.0,7,0.0,1.0,3,3,5.544474747279834,5.512906221643582,3.4578737543513096,1.0,1.0,0.0,1.0,0.0,1.0,1.0,1.0,1.0,1.0,1.0,0.0,1.0,1.0,0.0,1.0,0.0,1.0,2.5215830867794092e-17,1.0,1.0,1.0,1.0,1.0,1.0,0.0,0.0,1.0,1.0,1.0,0.0006465236547434001,3,5.293652387095421e-06,0.0,0.0,0.0,1.0,0.0,1.0,0.04705187608469375,0.0,0.9678947008137451,0.0,0.8946183211330718,1.0,1.0,1.0,1.0,0.0,1.0,0.4768751210496571,1.0,0.0,1.0,1.0,1.0,0.0,0.0,0.0152386644487343,1.0,0.0,0.0,1.0,1.0,1.0,1.0,0.0,0.14078878458100444,1.0,1.0,0.0,0.0,0.5,1.0,1.0,0.0,0.1689705936502219,1.0,0.9744909476039041,0.6294146850731079,0.00021146952761650001,0.0,1.0,0.0,1.0,1.0,1.0,0.0,0.0,0.0,1.4962327871694604e-06,0.0,1.0,0.0,0.0824154928376048,0.0,0.0,0.0,0.0,0.0,0.0,1.0,0.0,1.0,1.0,0.0,0.0,0.0,1.0,0.0,1.0,0.9943853865827657,1.0,9.409026198356676,0.6981290890458652,11.368052797196418,5,10,-0.3999999999999999,1.0,2.0,0.0,0.0,0.0,0.0,0.0,0.0,1.0,0.0,0.0,0.0,0.0,0.0,1.0,0.0,1.0,0.0,1
VAR_001803,0.0001044575833635268,0.0016358823271088998,0.0007310017036708,3.7129679867508194e-05,8.876442443053392e-05,7.433055144873986e-05,0.00030621979965035,0.00017271774510524998,3.7521301764300893e-05,0.0002974181736794,0.0029526738013691,8,0.0,0.0032310266065212,1.0,0.1841691539343404,0.0,1.0,0.4069758117268689,1.0,0.0,0.9694542376382972,0.0,1.0,1.0,1.0,1.0,0.0,0.0,0.0,0.0,0.0002153775500585,1.0,0.0,1.0,0.0,1.0,0.0,1.0,0.0,1.0,0.0,1.0,1.0,0.0,0.0,1.0,3,1.0,1.0,1,1,5.700562696866929,5.677072340969347,4.006911695386157,0.0,0.0,1.0,0.0,1.0,1.0,0.0,0.0,0.4357954702550433,1.0,0.0,1.0,0.0,0.0,0.0,1.0,0.0,1.0,4.473663199096235e-15,1.0,1.0,0.0,0.0,1.0,0.0,1.0,0.0,1.0,1.0,1.0,0.0006465236547434001,1,0.0062720068772348,0.0,0.0,0.0,1.0,0.0,1.0,0.04705187608469375,0.0,0.9678947008137451,0.0,0.8946183211330718,1.0,1.0,1.0,1.0,0.0,1.0,0.4768751210496571,1.0,0.0,1.0,1.0,1.0,0.0,0.0,0.0152386644487343,1.0,0.0,0.0,1.0,1.0,1.0,1.0,0.0,0.14078878458100444,1.0,1.0,0.0,0.0,0.5,1.0,1.0,0.0,0.1689705936502219,1.0,0.9744909476039041,0.6294146850731079,0.00021146952761650001,0.0,1.0,0.0,1.0,1.0,1.0,0.0,0.0,0.1646788067267648,0.00014081668782070002,1.0,0.0,0.49516481135734647,0.0367947255153128,1.0,0.0,0.0,0.994992128032371,0.0,1.0,1.0,0.0,1.0,1.0,1.0,1.0,1.0,0.0,1.0,1.0,0.8549331063579477,1.0,8.649418831596073,0.756,10.984930431669047,8,17,-1.2999999999999998,0.0,2.0,0.0,1.0,0.0,0.0,0.0,0.0,0.0,0.0,0.0,0.0,0.0,0.0,1.0,1.0,0.0,0.0,1
VAR_001868,0.0006133237335693,2.2428181901512227e-05,0.0501377516957435,0.0003650107894473,0.0378124471928413,5.173958373262387e-05,0.0023242988677982,0.0017186563170386,0.0447809311526827,0.0002974181736794,0.004323479356366,16,0.0,0.0032310266065212,1.0,0.1841691539343404,0.0,1.0,0.4069758117268689,0.0,0.0,1.0,0.0,0.0,1.0,1.0,0.0,0.0,1.0,1.0,0.0,9.332335179492129e-12,0.0,0.0,1.0,1.0,1.0,1.0,0.0,1.0,1.0,1.0,1.0,1.0,1.0,0.0,1.0,0,1.0,0.0,1,1,5.434330808975917,5.354185783714284,3.549945598399448,0.0,1.0,0.0,0.0,0.0,1.0,0.0,0.0,1.0,0.0,0.4504421397445207,0.0,1.0,0.0,0.0,1.0,1.0,0.0,0.0139483201882815,0.0,1.0,1.0,1.0,1.0,1.0,0.0,0.0,1.0,1.0,1.0,3.400694087952107e-06,1,0.000784674516115,1.0,1.0,0.0,1.0,1.0,0.0,8.611774833714931e-09,0.0,0.0,0.0,0.0,1.0,1.0,0.0,1.0,0.0,0.0,1.0,1.0,1.0,0.0,0.0,1.0,0.0,1.0,0.0,1.0,0.0,0.0,1.0,1.0,1.0,1.0,1.0,1.0,0.0,1.0,0.0,0.0,1.0,1.0,1.0,0.0,1.0,1.0,1.0,1.0,1.9307544938626045e-08,0.0,1.0,0.0,0.0,1.0,1.0,0.0,1.0,0.0,7.252161474582e-06,0.0,1.0,0.0,6.868285056060726e-05,1.0,1.0,0.0,0.0,1.0,1.0,0.0,0.0,1.0,1.0,1.0,0.0,0.0,1.0,0.0,0.9921372701556246,0.9979221879602302,1.0,9.0398969522639,0.756,11.34793275066922,4,7,3.1,-1.0,2.0,0.0,1.0,0.0,0.0,0.0,0.0,0.0,0.0,0.0,0.0,0.0,0.0,1.0,1.0,1.0,1.0,1
VAR_001876,0.0010368790338103,1.0053776989071365e-07,2.0169e-05,7.016895514654508e-05,9.129283419705828e-05,2.32175857535388e-06,0.0153279073227681,0.0157330018828035,3.581101028428212e-07,0.0002974181736794,0.0934238745689107,11,0.0,0.0032310266065212,1.0,0.1841691539343404,0.0,1.0,0.4069758117268689,0.8060397602840114,0.0,1.0,0.0,1.0,1.0,1.0,1.0,0.0,1.0,1.0,1.0,0.0524324474551614,1.0,0.0,1.0,1.0,1.0,1.0,1.0,1.0,1.0,1.0,0.0,1.0,1.0,1.0,1.0,7,0.0,1.0,3,3,5.250522095141308,5.287023080338097,3.4578737543513096,0.0,1.0,1.0,0.0,1.0,1.0,0.0,0.0,0.0,0.0,0.0,1.0,1.0,1.0,1.0,1.0,1.0,0.0,0.0032548080429855,0.0,0.0,0.0,1.0,1.0,0.0,1.0,0.0,1.0,0.0,1.0,3.4041936082055385e-06,3,0.0001312301506044,0.0,0.0,0.0,0.0,1.0,1.0,0.0999999866194294,0.0,1.0,0.0,1.0,1.0,0.0745764562006654,0.0,1.0,1.0,1.0,0.0,1.0,1.0,1.0,1.0,1.0,1.0,0.0,0.0,0.0,1.0,0.0,1.0,0.0,1.0,0.0,0.0,0.0,0.0,1.0,1.0,0.0,1.0,0.0,1.0,1.0,0.4679426096207079,0.0,0.0,1.0,0.0190545999655604,1.0,0.0,1.0,0.0,1.0,1.0,0.0,1.0,1.0,6.509907695327827e-06,1.0,1.0,1.0,0.0968653027327363,1.0,0.0,0.0,1.0,0.0,0.0,1.0,0.0,0.0,0.0,1.0,1.0,1.0,0.0,0.0,1.0,1.0,1.0,8.328637129368936,0.6551724449631305,11.360276021442209,7,19,-0.4,0.0,2.0,0.0,0.0,0.0,0.0,0.0,0.0,1.0,0.0,0.0,0.0,0.0,0.0,1.0,0.0,0.0,0.0,1
VAR_001901,0.0001044575833635268,0.0016358823271088998,0.0007310017036708,3.7129679867508194e-05,8.876442443053392e-05,7.433055144873986e-05,0.00030621979965035,0.00017271774510524998,3.7521301764300893e-05,0.0002974181736794,0.0029526738013691,8,0.0,0.0032310266065212,1.0,0.1841691539343404,0.0,1.0,0.4069758117268689,1.0,0.0,0.9694542376382972,0.0,1.0,1.0,1.0,1.0,0.0,0.0,0.0,0.0,0.0002153775500585,1.0,0.0,1.0,1.0,1.0,1.0,1.0,1.0,1.0,1.0,0.0,1.0,1.0,1.0,1.0,7,0.0,1.0,4,4,5.655634028522021,4.029028565151379,3.3158090496146566,0.0,1.0,0.0,0.0,0.0,0.0,1.0,0.0,1.0,1.0,0.0,1.0,1.0,0.0,1.0,0.0,0.0,0.0,1.9278113642761755e-16,1.0,0.0,1.0,0.0,1.0,0.0,1.0,1.0,0.0,0.0,1.0,0.0006465236547434001,4,0.0069187070423067,0.0,0.0,0.0,1.0,0.0,1.0,0.04705187608469375,0.0,0.9678947008137451,0.0,0.8946183211330718,1.0,1.0,1.0,1.0,0.0,1.0,0.4768751210496571,1.0,0.0,1.0,1.0,1.0,0.0,0.0,0.0152386644487343,1.0,0.0,0.0,1.0,1.0,1.0,1.0,0.0,0.14078878458100444,1.0,1.0,0.0,0.0,0.5,1.0,1.0,0.0,0.1689705936502219,1.0,0.9744909476039041,0.6294146850731079,0.00021146952761650001,0.0,1.0,0.0,1.0,1.0,1.0,0.0,0.0,1.0,0.0136920256048216,0.0,1.0,0.0096314647547325,0.0008275985731713,0.0,0.0,1.0,0.0,1.0,1.0,1.0,1.0,0.0,0.0,1.0,1.0,1.0,1.0,0.0,0.97249326732086,0.9801679700814137,0.3392937030774617,5.465031527559985,0.7016319156670111,1.1602948154052792,21,1,-2.4000000000000004,0.0,4.0,0.0,0.0,0.0,0.0,0.0,0.0,0.0,0.0,0.0,0.0,1.0,0.0,1.0,0.0,0.0,0.0,0
VAR_001980,1.2432540142894876e-06,2.242713632135299e-05,3.304743866383559e-06,3.7249873147068383e-06,3.960471435374191e-05,4.716820579789199e-09,1.6191592478327843e-06,1.638619081476075e-08,1.0381153996436652e-05,0.0002974181736794,0.0190650169947805,16,0.0,0.0032310266065212,1.0,0.1841691539343404,0.0,1.0,0.4069758117268689,0.0,0.0,1.0,0.0,1.0,0.0,1.0,0.0,1.0,0.0,1.0,0.0,0.0001696005708515,1.0,1.0,1.0,1.0,1.0,1.0,1.0,1.0,1.0,1.0,0.0,1.0,1.0,1.0,1.0,7,0.0,1.0,3,3,5.619606077464983,5.584255227341349,3.4578737543513096,1.0,1.0,0.3813667261770906,0.0,1.0,0.0,1.0,0.0,1.0,1.0,1.0,0.0,0.0,1.0,0.0,0.0,0.0,0.0,0.0001438293126565,0.0,1.0,1.0,0.0,0.0,0.0,0.0,0.0,1.0,1.0,1.0,0.0006465236547434001,3,0.0010845204982221,0.0,0.0,0.0,1.0,0.0,1.0,0.04705187608469375,0.0,0.9678947008137451,0.0,0.8946183211330718,1.0,1.0,1.0,1.0,0.0,1.0,0.4768751210496571,1.0,0.0,1.0,1.0,1.0,0.0,0.0,0.0152386644487343,1.0,0.0,0.0,1.0,1.0,1.0,1.0,0.0,0.14078878458100444,1.0,1.0,0.0,0.0,0.5,1.0,1.0,0.0,0.1689705936502219,1.0,0.9744909476039041,0.6294146850731079,0.00021146952761650001,0.0,1.0,0.0,1.0,1.0,1.0,0.0,0.0,0.0,6.02215062294956e-05,1.0,0.0,1.0,0.0977391279292999,1.0,0.0,1.0,0.0,1.0,0.0,1.0,0.0,1.0,1.0,0.0,0.0,0.0,0.0,1.0,1.0,1.0,0.989982711250707,9.032331519072,0.6912850204866695,9.704205247584284,7,4,-3.1,-1.0,2.0,0.0,0.0,0.0,0.0,0.0,0.0,1.0,0.0,0.0,0.0,0.0,0.0,1.0,0.0,1.0,0.0,1
VAR_001857,0.0008538434271973,6.789543348401483e-08,8.367952439844032e-06,0.0001735200356257,3.038372151744011e-05,0.0015967868799099,0.0121490692025184,0.0017784795372045,9.9507756134229e-11,1.1839126853124925e-07,0.0668738415288039,24,0.0,0.0032310266065212,1.0,0.1841691539343404,0.0,1.0,0.4069758117268689,0.0,0.0,1.0,1.0,1.0,0.0,1.0,0.0,0.0,1.0,0.0,0.0,0.0141559690671656,1.0,0.0,1.0,1.0,1.0,1.0,1.0,1.0,1.0,1.0,0.0,1.0,1.0,1.0,1.0,7,0.0,1.0,0,0,4.850536288144416,5.130888871534081,2.797649869473264,1.0,1.0,1.0,1.0,0.0,0.0,1.0,0.0,1.0,0.0,1.0,0.0,0.0,1.0,1.0,1.0,1.0,0.0,0.0011098699524304,0.0,0.0,1.0,1.0,1.0,1.0,0.0,1.0,0.0,0.0,1.0,6.80040810376333e-05,0,0.0229706606049271,0.0,0.0,0.0,0.0,0.0,1.0,0.0999717404807722,1.0,1.0,1.0,1.0,1.0,1.0,0.0,1.0,0.0,0.0,1.0,0.0,0.0,0.0,0.0,0.0,1.0,1.0,0.5205448443679438,0.0,1.0,0.0,1.0,1.0,1.0,1.0,1.0,1.0,1.0,1.0,1.0,0.0,0.0,1.0,0.0,0.0,1.0,1.0,0.0,0.0,3.1121016022881583e-10,0.0,1.0,0.0,0.0,1.0,0.0,0.0,0.0,0.0,0.0007751080629215,0.0,0.0,1.0,0.0999687176674839,1.0,1.0,1.0,0.989984256064742,1.0,1.0,0.0,0.0,0.0,0.0,0.0,0.0,1.0,1.0,0.0,0.9993096752174848,0.8529251810447112,0.9479998136073616,7.415386034096486,0.6273071639291041,5.925785816378422,0,5,-5.3,-1.0,2.0,0.0,0.0,0.0,1.0,0.0,0.0,0.0,0.0,0.0,0.0,0.0,0.0,0.0,0.0,0.0,0.0,1
VAR_001848,0.0022428566680636,0.0007611476198683,0.0001007100007276,2.763864952230375e-10,0.0004468363918344,9.87266930572018e-07,0.0343044273387714,0.0001375063672073,0.0004945110104595,0.0011320438226916,0.0036144525030504,15,0.0,0.0032310266065212,1.0,0.1841691539343404,0.0,1.0,0.4069758117268689,1.0,0.0,1.0,1.0,1.0,0.0,1.0,0.0,0.0,0.0,0.0,0.0,0.0010895883777239,1.0,0.0,1.0,1.0,1.0,1.0,1.0,1.0,1.0,1.0,0.0,1.0,1.0,1.0,1.0,6,0.0,1.0,2,2,5.619952919125885,4.725211927774634,4.095523766529215,1.0,1.0,0.0,0.0,1.0,1.0,0.0,1.0,1.0,0.0,1.0,0.0,1.0,0.0,0.0,1.0,0.0,1.0,0.0007154151496681,1.0,1.0,1.0,1.0,0.0,0.0,0.0,1.0,1.0,0.0,1.0,0.0004469317055168,2,0.0019534692742969,0.0,1.0,0.0,1.0,0.0,1.0,1.2908276574127917e-18,0.0,1.0,0.0,0.0,0.0,0.0,0.0,1.0,0.0,0.0,0.0,0.0,0.0,0.0,1.0,0.0,0.0,0.0,1.0,1.0,0.0,0.0,1.0,1.0,1.0,0.0,0.0,1.0,0.0,1.0,1.0,1.0,0.0,0.0,0.0,0.0,0.0,0.3822346046319366,1.0,1.0,1.1010666118956424e-05,1.0,0.0,0.0,0.0,0.0,0.0,0.0,1.0,0.0,0.0001039488347213,0.0,0.0,0.0,1.7650695540347222e-09,0.0,0.0,0.0,1.0,0.0,1.0,0.0,0.0,1.0,1.0,0.0,1.0,1.0,1.0,0.0,0.9717982716417763,1.0,1.0,4.1935294222559705,0.5792388130504337,5.365326176536329,19,12,2.5999999999999996,-1.0,1.0,0.0,0.0,0.0,0.0,0.0,1.0,0.0,0.0,0.0,0.0,0.0,0.0,1.0,1.0,0.0,0.0,0
VAR_001782,0.0001044575833635268,0.0016358823271088998,0.0007310017036708,3.7129679867508194e-05,8.876442443053392e-05,7.433055144873986e-05,0.00030621979965035,0.00017271774510524998,3.7521301764300893e-05,0.0002974181736794,0.0029526738013691,8,0.0,0.0032310266065212,1.0,0.1841691539343404,0.0,1.0,0.4069758117268689,1.0,0.0,0.9694542376382972,0.0,1.0,1.0,1.0,1.0,0.0,0.0,0.0,0.0,0.0002153775500585,1.0,0.0,1.0,1.0,1.0,1.0,1.0,1.0,1.0,1.0,0.0,1.0,1.0,1.0,1.0,7,0.0,1.0,4,4,5.66856817807293,5.67364259261037,3.4578737543513096,1.0,1.0,0.6375304039389164,0.0,1.0,1.0,0.0,0.0,1.0,0.0,0.3067220345285742,1.0,1.0,0.0,1.0,0.0,1.0,0.0,6.8481e-05,1.0,0.0,1.0,1.0,1.0,0.0,1.0,1.0,1.0,0.0,1.0,0.0006465236547434001,4,0.0009210086021386,0.0,0.0,0.0,1.0,0.0,1.0,0.04705187608469375,0.0,0.9678947008137451,0.0,0.8946183211330718,1.0,1.0,1.0,1.0,0.0,1.0,0.4768751210496571,1.0,0.0,1.0,1.0,1.0,0.0,0.0,0.0152386644487343,1.0,0.0,0.0,1.0,1.0,1.0,1.0,0.0,0.14078878458100444,1.0,1.0,0.0,0.0,0.5,1.0,1.0,0.0,0.1689705936502219,1.0,0.9744909476039041,0.6294146850731079,0.00021146952761650001,0.0,1.0,0.0,1.0,1.0,1.0,0.0,0.0,0.1646788067267648,0.00014081668782070002,1.0,0.0,0.49516481135734647,0.0367947255153128,1.0,0.0,0.0,0.994992128032371,0.0,1.0,1.0,0.0,1.0,1.0,1.0,1.0,1.0,0.0,1.0,0.9821491734221434,1.0,1.0,5.952335085538501,0.623614451064136,8.941602712820853,22,7,0.5,-2.0,1.0,0.0,0.0,0.0,0.0,0.0,0.0,0.0,0.0,0.0,0.0,0.0,1.0,1.0,0.0,0.0,0.0,1
VAR_001982,1.846800741925268e-06,1.6499366825147183e-09,1.2606859434994216e-06,7.201843607582304e-10,2.267118156419001e-05,1.936368747435386e-11,0.0407466230162322,0.0275548128926864,0.0007324552953176,0.0002974181736794,0.0091618103304079,13,0.0,0.0032310266065212,1.0,0.1841691539343404,0.0,1.0,0.4069758117268689,1.0,0.0,0.9694542376382972,0.0,1.0,1.0,1.0,1.0,0.0,0.0,0.0,0.0,0.0002153775500585,1.0,0.0,1.0,1.0,1.0,1.0,1.0,1.0,1.0,1.0,0.0,1.0,1.0,1.0,1.0,7,0.0,1.0,4,4,5.848545691757335,5.926212351047461,3.4578737543513096,1.0,1.0,0.6375304039389164,0.0,1.0,1.0,0.0,0.0,1.0,0.0,0.3067220345285742,1.0,1.0,0.0,1.0,0.0,1.0,0.0,6.8481e-05,1.0,0.0,1.0,1.0,1.0,0.0,1.0,1.0,1.0,0.0,1.0,0.0006465236547434001,4,3.443039788157579e-05,1.0,0.0,0.0,1.0,0.0,1.0,0.0341266115220354,0.0,1.0,1.0,0.0,0.0,1.0,1.0,1.0,0.0,0.0,0.0,0.0,0.0,1.0,0.0,1.0,0.0,0.0,0.0,0.0,1.0,0.0,1.0,0.0,0.0,0.0,0.0,1.0,1.0,1.0,1.0,0.0,0.0,1.0,0.0,0.0,0.3112144178539718,1.0,0.0,1.0,0.0019586011915573,0.0,1.0,1.0,1.0,1.0,0.0,0.0,0.0,0.0,0.0153131972386214,1.0,1.0,1.0,0.0999038946341321,1.0,1.0,1.0,0.0,0.0,1.0,1.0,1.0,0.0,0.0,0.0,1.0,0.0,1.0,0.0,0.9849932342045044,0.9474981448679276,0.9709278599304688,7.758103132844985,0.6467247849494671,7.909170326362171,9,13,-8.0,-3.0,2.0,0.0,0.0,0.0,0.0,0.0,0.0,0.0,0.0,0.0,1.0,0.0,0.0,1.0,0.0,0.0,0.0,1
VAR_001879,4.6004871036829777e-05,2.884028596576187e-09,2.020208855751991e-05,0.0077465832760501,0.0002870848222068,8.357128958124595e-06,1.9017344253663433e-08,0.0002784351714566,9.461796749422448e-11,0.0005677303868783,4.2470643932148493e-05,11,0.0,0.0032310266065212,1.0,0.1841691539343404,0.0,1.0,0.4069758117268689,1.0,0.0,1.0,0.0,1.0,0.0,1.0,1.0,0.0,1.0,0.0,0.0,0.0009074940251534,0.0,1.0,0.0,1.0,1.0,0.0,1.0,1.0,0.0,0.0,1.0,1.0,1.0,0.0,1.0,1,1.0,0.0,4,4,5.261995495611431,5.0574907623027805,3.3405867925157344,1.0,1.0,0.0,1.0,1.0,1.0,0.0,0.0,1.0,1.0,1.0,0.0,1.0,1.0,0.0,1.0,0.0,0.0,1.8730046680707974e-11,1.0,0.0,1.0,0.0,0.0,1.0,1.0,1.0,1.0,1.0,0.0,0.0005790043048807,4,0.0097725832624525,1.0,1.0,0.0,0.0,0.0,0.0,4.9596536386896865e-05,0.0,1.0,0.0,1.0,1.0,0.0,1.0,1.0,0.0,1.0,0.0,1.0,0.0,1.0,0.0,0.0,1.0,0.0,1.0,1.0,1.0,1.0,1.0,1.0,1.0,1.0,1.0,1.0,0.0,1.0,0.0,0.0,0.0,0.0,0.0,0.0,0.0064692064971285,0.0,1.0,0.0,0.0002037655140842,1.0,0.0,1.0,0.0,1.0,1.0,0.0,0.0,1.0,0.0015316628593265,0.0,1.0,0.0,0.0999999999999999,0.0,1.0,1.0,1.0,1.0,1.0,1.0,0.0,1.0,1.0,1.0,1.0,1.0,1.0,0.0,0.9686405468126348,1.0,1.0,6.692500252228119,0.6397132478501961,7.84180665119617,11,19,-4.6,-2.0,2.0,0.0,0.0,0.0,0.0,0.0,0.0,0.0,0.0,0.0,0.0,1.0,0.0,1.0,1.0,0.0,0.0,1
VAR_001886,0.0009472181736121,0.0974970145113453,0.0330270683875225,0.0162879926347239,0.0001081709198485,2.459124744277691e-05,0.0104841520832185,1.5084179613112894e-05,1.0613915157015993e-05,3.5563289040372026e-12,0.022787747118616,18,0.0,0.0032310266065212,1.0,0.1841691539343404,0.0,1.0,0.4069758117268689,1.0,1.0,0.0,1.0,1.0,0.0,1.0,0.0,1.0,1.0,0.0,0.0,1.791337079208154e-08,1.0,1.0,0.0,0.0,0.0,0.0,1.0,0.0,1.0,0.0,1.0,0.0,0.0,1.0,1.0,3,1.0,0.0,4,4,4.804660746362689,4.775587007189824,3.4578737543513096,0.0,1.0,0.0,1.0,0.0,1.0,0.0,1.0,0.0,1.0,0.0,0.0,0.0,1.0,0.0,0.0,0.0,0.0,4.407112974940285e-07,1.0,1.0,0.0,0.0,0.0,0.0,1.0,0.0,0.0,1.0,1.0,2.310680235430839e-05,4,5.3144675353386894e-05,1.0,1.0,0.0,0.0,0.0,0.6764534783042995,0.0976312845931812,1.0,0.0005857133833254,1.0,0.0,1.0,1.0,1.0,1.0,1.0,0.0,1.0,1.0,0.0,0.0,0.0,1.0,0.0,0.0,1.0,0.0,0.0,0.0,1.0,1.0,0.0,0.0,0.0,1.0,0.0,0.0,0.0,1.0,0.0,0.0,0.0,0.0,0.0,0.0,0.0,0.0,6.842678251338542e-25,0.0,1.0,1.0,1.0,0.0,1.0,1.0,0.0,0.0,5.679334151459256e-06,0.0,0.0,0.5530770010518015,4.5368518597939304e-11,0.0,1.0,0.0,1.0,0.0,1.0,0.0,1.0,1.0,1.0,1.0,0.0,0.0,0.0,1.0,1.0,0.9760382325760892,0.9862213369468072,7.414666986298355,0.6808341514195164,8.099661561837715,23,13,-2.2,-2.0,2.0,0.0,0.0,0.0,0.0,0.0,0.0,0.0,0.0,0.0,1.0,0.0,0.0,1.0,1.0,0.0,0.0,1
VAR_001888,6.864655470987033e-05,0.0993993619829538,3.6094388951606473e-13,0.000702543139485,3.940042747643701e-08,0.0003140969254154,0.0003888351354349,0.0086021843796228,0.0409109620576756,0.000342171074322,0.0074546226329539,19,0.0,0.0032310266065212,1.0,0.1841691539343404,0.0,1.0,0.4069758117268689,1.0,0.0,1.0,0.0,1.0,1.0,0.0,0.0,0.0,0.0,1.0,1.0,1.9344081281474577e-06,0.0,1.0,0.0,1.0,1.0,1.0,1.0,1.0,1.0,1.0,0.0,1.0,1.0,1.0,1.0,7,0.0,1.0,4,4,4.746937881450694,4.860902252898324,3.4578737543513096,0.0,1.0,0.0,1.0,1.0,1.0,0.0,0.0,1.0,0.0,1.0,0.0,1.0,0.0,0.0,0.0,0.0,0.0,5.6367247866948345e-05,1.0,1.0,0.0,0.0,1.0,1.0,1.0,0.0,1.0,0.0,1.0,0.0006465236547434001,4,0.0008609400000985,0.0,0.0,0.0,1.0,1.0,1.0,0.0131339573140304,1.0,0.0,1.0,0.0,0.0,1.0,0.0,1.0,1.0,0.0,0.0,0.0,0.0,0.0,1.0,1.0,0.0,0.0,1.0,0.0,0.0,0.0,1.0,1.0,1.0,1.0,0.0,0.0,0.0,1.0,0.0,0.0,1.0,0.0,1.0,0.0,0.3663396716911674,1.0,0.0,0.0,7.711909014826718e-11,0.0,1.0,1.0,1.0,1.0,1.0,0.0,1.0,0.0,3.479805082088572e-05,1.0,1.0,0.0,0.0313890703582743,1.0,0.0,0.0,0.0,0.0,1.0,1.0,0.0,1.0,0.0,0.0,1.0,1.0,1.0,1.0,0.996782473415922,0.974715074115246,1.0,7.325981361219916,0.6949656641257441,7.941725320192397,23,4,-2.2,-3.0,2.0,0.0,0.0,0.0,0.0,0.0,0.0,0.0,0.0,0.0,0.0,0.0,1.0,1.0,0.0,0.0,0.0,1
VAR_001815,0.0275091685757534,0.0004181410854266,0.0198407238741022,0.0080020947264323,2.3880953113951813e-07,0.0104114927357203,1.5611959666636345e-08,4.66121613125347e-05,0.0280987396524396,7.822760756593973e-05,0.0003956817310945,9,0.0,0.0032310266065212,1.0,0.1841691539343404,0.0,1.0,0.4069758117268689,0.0,1.0,1.0,1.0,0.0,0.0,0.0,1.0,0.0,0.0,0.0,0.0,4.283898314400485e-05,1.0,1.0,1.0,1.0,1.0,1.0,1.0,1.0,1.0,1.0,0.0,1.0,1.0,0.0,1.0,0,0.0,0.0,4,4,5.530908468426295,5.731055734831288,3.4578737543513096,0.0,0.0,1.0,1.0,1.0,1.0,1.0,0.0,0.0,0.0,0.0,1.0,1.0,0.0,1.0,0.0,1.0,1.0,0.0003379408370028,1.0,0.0,0.0,0.0,0.0,1.0,0.0,1.0,1.0,1.0,1.0,0.0947038630550957,4,0.0216902419314328,1.0,0.0,1.0,1.0,0.0,1.0,0.0003154451335252,0.0,1.0,0.0,0.0,1.0,0.0,1.0,1.0,1.0,1.0,1.0,1.0,1.0,1.0,0.0,0.0,1.0,0.0,1.0,1.0,0.0,0.0,0.0,1.0,1.0,1.0,1.0,1.0,0.0,0.0,0.0,0.0,1.0,0.0,1.0,1.0,0.0,1.0,0.0,0.258829370146216,1.3904699424134906e-07,1.0,0.0,0.0,0.0,1.0,1.0,0.0,0.0,1.0,2.076865949533369e-05,1.0,1.0,0.6468365135502023,0.0002397334380748,1.0,0.0,1.0,0.0,0.0,1.0,1.0,0.0,1.0,0.0,0.0,1.0,1.0,0.0,0.0,0.9797688122886344,0.9991511061728088,1.0,5.142091180154897,0.6151930567481065,7.6988141181632015,6,22,1.4000000000000004,-1.0,2.0,0.0,0.0,0.0,0.0,0.0,0.0,0.0,0.0,0.0,0.0,0.0,1.0,1.0,1.0,0.0,1.0,1
VAR_001817,0.0001250565922388,0.0004099986100948,2.477875295215023e-27,2.80091666918043e-09,0.0004046768338384,1.2074264788395038e-10,0.0484585671914181,0.0086861822456634,1.406967712930514e-16,0.0002974181736794,0.0127792637153326,10,0.0,0.0032310266065212,1.0,0.1841691539343404,0.0,1.0,0.4069758117268689,1.0,0.0,0.9694542376382972,0.0,1.0,1.0,1.0,1.0,0.0,0.0,0.0,0.0,0.0002153775500585,1.0,0.0,1.0,1.0,1.0,1.0,1.0,1.0,1.0,1.0,0.0,1.0,1.0,1.0,1.0,7,0.0,1.0,3,3,5.521155824421004,5.376259061806312,3.4578737543513096,1.0,1.0,0.6375304039389164,0.0,1.0,1.0,0.0,0.0,1.0,0.0,0.3067220345285742,1.0,1.0,0.0,1.0,0.0,1.0,0.0,6.8481e-05,1.0,0.0,1.0,1.0,1.0,0.0,1.0,1.0,1.0,0.0,1.0,0.0006465236547434001,3,0.0009452099980935,0.0,0.0,0.0,1.0,1.0,0.0,0.0855606273334577,1.0,0.3182344469097052,0.0,0.0,0.0,1.0,1.0,1.0,0.0,0.0,0.0,1.0,0.0,1.0,1.0,0.0,1.0,1.0,1.0,0.0,1.0,1.0,1.0,1.0,1.0,1.0,0.0,0.0,1.0,0.0,1.0,0.0,1.0,1.0,1.0,0.0,0.7482099660765131,0.0,1.0,1.0,8.558330364829184e-07,0.0,0.0,1.0,1.0,0.0,0.0,1.0,0.0,0.1646788067267648,0.00014081668782070002,1.0,0.0,0.49516481135734647,0.0367947255153128,1.0,0.0,0.0,0.994992128032371,0.0,1.0,1.0,0.0,1.0,1.0,1.0,1.0,1.0,0.0,1.0,1.0,0.9857532171291262,0.9969520702991104,6.736919800809707,0.6047911559695004,11.63826525935212,5,10,-0.3999999999999999,1.0,2.0,0.0,0.0,0.0,0.0,0.0,0.0,1.0,0.0,0.0,0.0,0.0,0.0,1.0,0.0,1.0,1.0,1
VAR_001896,1.5441957319380734e-06,4.509010337947402e-13,0.0049254388015245,0.0002527780842174,0.0012538459675064,0.0660431306294073,6.702618539534023e-05,5.056855406262364e-06,0.009469628616936,0.0002974181736794,0.0185946062201955,19,0.0,0.0032310266065212,1.0,0.1841691539343404,0.0,1.0,0.4069758117268689,1.0,0.0,0.0,1.0,0.0,1.0,1.0,0.0,0.0,0.0,1.0,1.0,0.0042093246927184,1.0,0.0,1.0,1.0,1.0,1.0,1.0,1.0,1.0,1.0,0.0,1.0,1.0,1.0,1.0,7,0.0,1.0,3,3,5.628255362283226,5.792745674455517,3.4578737543513096,1.0,1.0,0.6375304039389164,0.0,1.0,1.0,0.0,0.0,1.0,0.0,0.3067220345285742,1.0,1.0,0.0,1.0,0.0,1.0,0.0,6.8481e-05,1.0,0.0,1.0,1.0,1.0,0.0,1.0,1.0,1.0,0.0,1.0,0.0006465236547434001,3,8.316223205588563e-05,1.0,1.0,0.0,1.0,0.0,1.0,9.486270287058087e-11,1.0,0.610978651014101,1.0,1.0,1.0,1.0,0.0,1.0,1.0,1.0,1.0,0.0,1.0,0.0,1.0,0.0,0.0,0.0,1.0,1.0,0.0,0.0,0.0,1.0,0.0,1.0,1.0,1.0,1.0,0.0,0.0,0.0,1.0,1.0,0.0,0.0,1.0,0.0,1.0,0.0,0.077719050515488,1.0,1.0,0.0,1.0,0.0,1.0,1.0,1.0,0.0,0.0006836822218586,0.0,1.0,1.0,0.0990211658688433,1.0,1.0,1.0,0.0,1.0,1.0,1.0,1.0,0.0,1.0,0.0,0.0,0.0,0.0,0.0,1.0,0.9929841173522632,1.0,9.283420030427283,0.6350394518001449,11.46395706878012,7,17,-4.1,-2.0,6.0,0.0,0.0,0.0,0.0,0.0,0.0,0.0,0.0,0.0,0.0,0.0,0.0,1.0,0.0,0.0,0.0,1
VAR_001889,2.6100829532616044e-05,5.438889705920044e-09,0.0500192446436243,0.0012680214844538,5.60248131059696e-05,0.0002362526070592,0.0036710577286447,0.052849169573031,0.0002867937652016,4.885723946197072e-05,0.0555965169821028,20,0.0,0.0032310266065212,1.0,0.1841691539343404,0.0,1.0,0.4069758117268689,0.0,1.0,0.9389084752765944,0.8647712046513725,1.0,1.0,0.0,1.0,1.0,0.0,1.0,1.0,7.289035145087993e-05,1.0,0.0,0.0,1.0,1.0,1.0,1.0,1.0,1.0,1.0,0.0,1.0,1.0,1.0,1.0,7,0.0,1.0,2,2,4.836578119798013,4.890144914914103,3.3217254582378595,0.0,1.0,1.0,1.0,1.0,0.0,1.0,1.0,1.0,1.0,0.0,0.0,0.0,0.0,1.0,0.0,1.0,0.0,2.003601780153921e-07,1.0,0.0,1.0,0.0,1.0,0.0,0.0,0.0,1.0,1.0,1.0,0.0006465236547434001,2,0.00026865,0.0,0.0,0.0,0.0,0.0,1.0,0.0999999991448602,0.0,0.0,0.0,0.0,1.0,0.0,1.0,1.0,0.0,0.0,0.0,1.0,0.0,0.0,0.0,0.0,1.0,0.0,0.0,1.0,1.0,1.0,0.0,0.0,0.0,1.0,1.0,0.0,1.0,0.0,0.0,0.0,0.0,1.0,1.0,0.0,0.0,0.0,1.0,0.0,0.0002396222858176,0.0,0.0,1.0,1.0,1.0,0.0,1.0,1.0,0.0,6.125083446549171e-05,1.0,1.0,1.0,0.0845151319086227,1.0,0.0,0.0,0.0,0.0,1.0,1.0,1.0,1.0,0.0,1.0,0.0,0.0,1.0,1.0,0.9798433402638131,1.0,1.0,6.937171223373096,0.6099672929301383,7.566503059497692,14,8,-1.6,-2.0,2.0,0.0,0.0,0.0,1.0,0.0,0.0,0.0,0.0,0.0,0.0,0.0,0.0,0.0,0.0,0.0,1.0,1
VAR_001785,0.0026725516474264,0.0112771106944843,0.0442171294746244,3.445200051838456e-05,0.00011349,1.686411451259022e-05,0.0007589308633931,0.001327507436449,0.021569657686744,0.0012164785433024,0.0762038615135632,0,1.0,0.0048780590516696,1.0,1.0,0.0,0.0,0.5321807748196615,1.0,1.0,1.0,1.0,1.0,1.0,1.0,0.0,1.0,0.0,0.0,1.0,0.0010839218754881,1.0,1.0,1.0,1.0,1.0,0.0,0.0,1.0,1.0,1.0,1.0,1.0,1.0,1.0,1.0,0,1.0,1.0,0,0,5.636405792811775,4.593995558647981,3.6797711348905096,1.0,1.0,0.0,0.0,0.0,1.0,1.0,1.0,1.0,1.0,1.0,1.0,1.0,1.0,1.0,1.0,0.0,1.0,0.0017498438615158,1.0,1.0,1.0,1.0,0.0,1.0,1.0,1.0,1.0,1.0,1.0,0.0049302958357441,0,0.0671687622777722,0.0,1.0,1.0,0.0,0.0,0.0,1.0645833085513417e-11,1.0,1.0,0.0,0.0,0.0,0.0,1.0,1.0,0.0,1.0,1.0,0.0,1.0,1.0,1.0,0.0,0.0,1.0,0.0,1.0,1.0,1.0,0.0,0.0,1.0,1.0,0.0,0.0,1.0,0.0,0.0,1.0,0.0,1.0,0.0,0.1085623481538356,1.0,1.0,0.0,0.0,0.0002770778808622,0.0,1.0,0.0,1.0,0.0,1.0,0.0,0.0,1.0,0.0008467303366875,1.0,0.0,1.0,3.218612886080159e-09,1.0,1.0,1.0,0.0,0.0,0.0,0.0,0.0,0.0,0.0,1.0,1.0,1.0,0.0,0.0,1.0,1.0,1.0,0.6392118233811634,0.5470263002892353,3.288145222966957,16,23,3.6,-3.0,2.0,0.0,0.0,0.0,0.0,0.0,0.0,0.0,0.0,0.0,0.0,0.0,0.0,1.0,1.0,0.0,1.0,0
VAR_001964,0.0072476585191089,0.000973680706188,0.0088065165500837,0.0065151001467881,7.941148390337432e-05,0.0259369138442748,0.0576462256462647,0.0116085510807536,0.0026005729658243,0.00432371729172,0.0167760008455879,22,1.0,0.0054971922792663,1.0,0.0,0.0,1.0,1.0,1.0,1.0,1.0,0.0,1.0,1.0,1.0,1.0,0.0,0.0,1.0,1.0,0.0004182156135964,1.0,1.0,1.0,1.0,1.0,1.0,0.0,1.0,0.0,1.0,1.0,0.0,1.0,1.0,1.0,3,1.0,1.0,4,4,5.902704769805573,4.518205205770187,3.7877431622600817,1.0,1.0,1.0,1.0,1.0,1.0,1.0,1.0,0.0,1.0,1.0,1.0,0.0,1.0,1.0,1.0,1.0,1.0,0.0028638005481856,0.0,0.0,1.0,1.0,1.0,1.0,1.0,1.0,1.0,1.0,1.0,0.0047346108436748,4,0.0213030000004755,1.0,0.0,0.0,0.0,0.0,1.0,0.0977321807029905,1.0,1.0,1.0,1.0,1.0,0.0,1.0,1.0,0.0,1.0,1.0,1.0,1.0,0.0,1.0,1.0,1.0,1.0,0.0,1.0,0.0,1.0,0.0,1.0,0.0,1.0,0.0,1.0,1.0,1.0,1.0,1.0,0.0,0.0,0.0,1.0,0.0,0.0,1.0,0.0,0.0038466721374035,0.0,1.0,1.0,1.0,0.0,1.0,0.5344185984271073,0.0,1.0,0.0078033826139896,1.0,0.0,1.0,0.9999999199809644,1.0,1.0,1.0,1.0,1.0,1.0,1.0,0.0,1.0,1.0,0.0,0.0,1.0,1.0,1.0,1.0,0.982296787745962,1.0,1.8970384419949085,0.6599851182370658,2.3555480420746964,17,17,-3.7,-1.0,6.0,0.0,0.0,0.0,0.0,0.0,0.0,0.0,0.0,0.0,0.0,0.0,0.0,0.0,1.0,0.0,0.0,0
VAR_001913,0.0005276741280128,0.0006237828374559,0.0002215800242933,0.016265568391846,0.0006756887039173,7.251017252525727e-12,0.0010954226675262,0.0010796864218125,0.0706046472745219,4.9755840475114353e-08,0.0162625874401569,12,1.0,0.0018382991720876,0.0,0.0,0.5573447848872577,1.0,1.0,1.0,1.0,1.0,1.0,1.0,0.0,1.0,1.0,0.0,1.0,0.0,1.0,5.406169999063405e-09,1.0,1.0,1.0,0.0,1.0,1.0,1.0,1.0,0.0,1.0,1.0,1.0,1.0,1.0,1.0,5,1.0,0.0,2,2,5.820624973453222,2.4644871201032763,1.8418483615798065,1.0,0.0,0.0,1.0,1.0,1.0,0.0,1.0,0.4541704745153128,0.0,0.0,1.0,1.0,1.0,0.0,0.0,1.0,1.0,0.0191420375946512,1.0,1.0,0.0,0.0,0.0,1.0,0.0,0.0,1.0,1.0,1.0,0.0007140430046061,2,0.0168254967838979,1.0,1.0,1.0,1.0,1.0,1.0,0.0825195112358975,1.0,0.0,1.0,1.0,1.0,0.0,0.0,1.0,1.0,1.0,1.0,1.0,1.0,0.0,1.0,1.0,1.0,1.0,0.6400542135616272,1.0,0.0,0.0,1.0,1.0,1.0,0.0,0.0,1.0,0.0,1.0,0.0,0.0,1.0,1.0,0.0,1.0,0.0,0.0,0.0,0.0,3.8587177596827782e-16,1.0,0.0,1.0,0.0,1.0,1.0,0.0,1.0,0.0,0.000541770772087,0.0,0.0,0.4372526216628914,1.705541451995716e-07,0.0,0.0,1.0,0.6786587066946423,1.0,1.0,1.0,1.0,1.0,0.0,1.0,0.0,0.0,0.0,0.0,0.0234963077838398,0.4766949536128935,0.0,0.4318018533112017,0.5290379107063812,-0.0620656886190396,17,11,4.6,-2.0,2.0,0.0,0.0,0.0,0.0,0.0,1.0,0.0,0.0,0.0,0.0,0.0,0.0,1.0,1.0,0.0,0.0,0
VAR_001799,0.009808065299991,0.0093492563178652,0.0086931173516869,0.0013483168067937,0.0073294094335848,0.0366010849393482,0.0024456781995027,0.0737673666509495,0.0516253843024136,0.0022988696457272,0.0484135310354573,16,0.0,0.0032310266065212,1.0,0.1841691539343404,0.0,1.0,0.4069758117268689,1.0,0.0,1.0,0.0,1.0,1.0,1.0,0.0,0.0,1.0,1.0,0.0,0.0133870538901412,1.0,1.0,1.0,0.0,1.0,1.0,1.0,1.0,0.0,1.0,1.0,0.0,1.0,1.0,1.0,3,0.3304222228699573,1.0,3,3,5.705276319741034,5.537337335582441,4.026887891511158,1.0,0.0,0.0,1.0,1.0,1.0,1.0,1.0,0.0,0.0,0.0,1.0,1.0,0.0,1.0,0.0,1.0,0.0,0.0003994729934668,1.0,0.0,1.0,0.0,1.0,0.0,0.0,1.0,0.0,1.0,1.0,0.00125807544,3,0.0345437993935582,1.0,1.0,1.0,1.0,0.0,0.0,0.0004390004399058,1.0,0.0,1.0,1.0,1.0,0.0,1.0,1.0,1.0,0.0,0.0,1.0,1.0,1.0,0.0,0.0,1.0,1.0,1.0,1.0,0.0,1.0,1.0,0.0,0.0,1.0,0.0,0.0,1.0,0.0,1.0,0.0,1.0,0.0,0.0,1.0,0.0,0.0,1.0,1.0,0.0017775658102153,1.0,1.0,0.0,1.0,1.0,1.0,1.0,1.0,1.0,0.0019215090094572,1.0,1.0,0.7795233608254326,0.0999991087191619,0.0,1.0,1.0,1.0,1.0,1.0,1.0,0.0,1.0,1.0,1.0,1.0,0.0,1.0,1.0,1.0,0.5609536974586606,0.9582589064089262,9.77378534498605,0.6906905696186041,11.737584580962803,16,8,1.2999999999999998,0.0,2.0,0.0,0.0,0.0,0.0,0.0,0.0,1.0,0.0,0.0,0.0,0.0,0.0,1.0,1.0,1.0,0.0,1
VAR_001843,4.7488871285583066e-05,2.8916155461731503e-05,0.0027940517533925,0.0239368553386534,2.1113805229029983e-09,0.0007755042737872,5.666403072938424e-05,2.9894964197273495e-05,0.0002489833241732,9.57323820103989e-05,0.0038651419885809,28,0.0,0.0032310266065212,1.0,0.1841691539343404,0.0,1.0,0.4069758117268689,1.0,0.0,1.0,0.0,1.0,0.0,1.0,1.0,0.0,1.0,0.0,1.0,2.115640881451174e-07,1.0,1.0,1.0,0.0,1.0,1.0,1.0,1.0,0.0,1.0,1.0,1.0,1.0,1.0,1.0,3,0.0,1.0,3,3,5.457497133293303,5.5773750067603,3.828148020560046,0.0,1.0,0.0,0.0,0.0,1.0,0.0,1.0,0.0,1.0,0.0,1.0,0.0,0.0,1.0,1.0,1.0,1.0,8.862378584596866e-06,0.0,1.0,1.0,0.0,1.0,0.5109597978277683,0.0,1.0,0.0,0.0,1.0,0.0002340948891352,3,0.0001883150148291,1.0,1.0,1.0,1.0,0.0,0.0,0.0998910272871295,0.0,1.0,1.0,1.0,0.0,1.0,1.0,1.0,1.0,0.0,0.0,1.0,0.0,1.0,1.0,0.0,0.0,0.0,1.0,0.0,0.0,0.0,0.0,0.0,0.0,1.0,0.0,1.0,1.0,1.0,0.0,0.0,1.0,1.0,0.0,1.0,0.0,1.0,1.0,0.0,0.0168675099691544,1.0,1.0,1.0,1.0,0.0,1.0,1.0,1.0,0.0,5.480070604573009e-05,1.0,1.0,1.0,6.536906831328137e-13,0.0,0.0,1.0,1.0,1.0,1.0,0.0,1.0,1.0,1.0,0.0,0.0,1.0,0.0,0.0,1.0,1.0,1.0,9.649048534266877,0.6761699955971465,11.896,16,8,1.2999999999999998,0.0,2.0,0.0,0.0,0.0,0.0,0.0,0.0,1.0,0.0,0.0,0.0,0.0,0.0,0.0,1.0,1.0,0.0,1
VAR_001804,0.00026172,0.092697229844245,2.251262170233982e-12,3.173857729761806e-06,0.0036964460024618,2.5348409181323663e-05,0.0030790833012559,0.0005752785009531,0.0022683461023478,0.001044000092388,0.0027003174725855,2,0.0,0.0005391487479432,0.0,1.0,1.0,0.0,1.0,0.0,0.0,1.0,1.0,1.0,1.0,1.0,0.0,0.0,1.0,1.0,1.0,8.615032005290103e-05,1.0,0.0,0.0,1.0,1.0,1.0,1.0,1.0,1.0,1.0,0.0,0.0,1.0,1.0,1.0,2,0.0,1.0,2,2,5.79270374742208,5.569436825789025,4.244372567553949,1.0,1.0,1.0,1.0,0.0,0.0,1.0,0.0,1.0,1.0,0.0,1.0,1.0,0.0,1.0,0.0,1.0,1.0,0.019718231821756,1.0,1.0,1.0,0.0,1.0,0.0,0.0,0.0,0.0,1.0,0.0,0.000163209780001,2,0.022235032911996,1.0,0.0,1.0,1.0,1.0,0.0,0.099999999999989,1.0,1.0,1.0,0.0,0.0,1.0,1.0,1.0,1.0,1.0,1.0,0.0,0.0,1.0,0.0,0.0,1.0,0.6266325402901579,1.0,0.0,1.0,1.0,0.0,0.0,0.0,1.0,1.0,0.0,1.0,0.0,0.0,1.0,0.0,0.0,1.0,0.0,1.0,1.0,1.0,0.0,0.0049448243104209,0.0,0.0,0.0,1.0,0.0,1.0,0.0,0.0,0.0,0.0014865892137481,1.0,0.0,0.1981024921274355,2.064501639640685e-11,0.0,1.0,0.0,1.0,0.0,1.0,1.0,0.0,0.0,1.0,1.0,0.0,0.0,0.0,1.0,0.9914467770511322,0.9401645304914876,0.9730999387053136,5.577281660669188,0.5895126155764888,7.34053809640203,14,19,0.8,-1.0,4.0,0.0,0.0,0.0,0.0,0.0,1.0,0.0,0.0,0.0,0.0,0.0,0.0,1.0,1.0,0.0,0.0,0
VAR_001965,7.010245488374464e-06,0.0143971277741506,0.000488053823413,2.1906950679963404e-10,0.0032272048049157,5.702958773668111e-10,0.0001313789243225,0.0003976023887242,8.182621091501147e-07,0.0002974181736794,0.000532332357237,16,0.0,0.0032310266065212,1.0,0.1841691539343404,0.0,1.0,0.4069758117268689,1.0,0.0,1.0,1.0,1.0,1.0,0.0,1.0,0.0,1.0,0.0,0.0,0.0014060478365604,1.0,1.0,0.0,1.0,1.0,1.0,0.0,1.0,1.0,0.0,1.0,1.0,1.0,1.0,1.0,3,0.0,0.0,4,4,4.774664899341587,5.091032414150725,5.07,1.0,1.0,0.0,0.0,1.0,1.0,1.0,1.0,0.0,0.0,0.0,1.0,0.0,0.0,0.0,1.0,0.0,0.0,7.079188681139974e-07,1.0,0.0,1.0,1.0,1.0,1.0,1.0,0.0,1.0,0.0,1.0,0.0006465236547434001,4,0.0003449750284792,0.0,0.0,0.0,1.0,0.0,1.0,0.0999994253127263,1.0,0.0,0.0,0.0,1.0,1.0,1.0,1.0,0.0,1.0,1.0,0.0,1.0,1.0,1.0,0.0,1.0,0.0,0.0,1.0,0.0,0.0,1.0,0.0,1.0,0.0,0.0,1.0,1.0,1.0,0.0,1.0,0.0,1.0,1.0,0.0,0.4792968010794175,1.0,0.0,0.0,7.230493821998808e-06,0.0,1.0,0.0,1.0,1.0,0.0,0.0,0.0,0.0,1.5502841407700273e-05,1.0,0.0,0.0,2.807544744568782e-07,0.0,0.0,1.0,1.0,1.0,1.0,0.0,1.0,0.0,1.0,1.0,0.0,0.0,0.0,1.0,0.9750885354256216,0.9694811827729763,0.99805856216842,7.138953381171867,0.5773889481514752,8.102459247164504,21,7,-4.6000000000000005,-3.0,4.0,0.0,0.0,0.0,0.0,0.0,0.0,0.0,0.0,0.0,0.0,0.0,1.0,1.0,1.0,1.0,0.0,1
VAR_001955,0.0059547260525371,0.0001357718733951,0.0007484177668619,0.0026600276039473,1.8256083218844992e-08,0.0101558120237937,0.0057164262764915,0.0004183296426234,2.090004361563198e-05,0.0161358116359874,0.0022121861357744,12,0.0,0.0032310266065212,1.0,0.1841691539343404,0.0,1.0,0.4069758117268689,0.0,0.0,0.0,0.0,1.0,1.0,1.0,1.0,0.0,0.0,1.0,0.0,8.601633817935826e-08,1.0,0.0,1.0,1.0,1.0,1.0,0.0,1.0,1.0,1.0,0.0,0.0,1.0,0.0,1.0,4,1.0,1.0,3,3,5.945226471286596,6.007637648549605,3.4578737543513096,0.0,1.0,0.0,1.0,0.0,1.0,0.0,1.0,0.0,1.0,1.0,1.0,1.0,1.0,0.0,0.0,0.0,1.0,0.0007883100417386,0.0,1.0,0.0,1.0,0.0,0.0,1.0,0.0,1.0,0.0,0.0,0.000340020387,3,0.0046483814414017,1.0,0.0,0.0,1.0,0.0,1.0,0.0522003555549281,0.0,0.0,0.0,0.0,1.0,1.0,1.0,1.0,0.0,1.0,0.0,1.0,1.0,1.0,0.0,1.0,0.0,1.0,1.0,1.0,0.0,1.0,1.0,0.0,0.0,1.0,0.0,1.0,1.0,1.0,1.0,1.0,0.0,1.0,0.0,1.0,0.0,1.0,1.0,1.0,0.0155263265801215,0.0,1.0,0.0,0.0,0.0,0.0,1.0,0.0,0.0,0.0287431457607331,1.0,0.0,1.0,0.084022162265269,1.0,0.0,1.0,1.0,0.0,0.0,0.0,1.0,1.0,0.0,0.0,1.0,1.0,0.0,1.0,0.9501727482111078,0.995677805184658,0.9587974040414936,5.258026602054877,0.6289071943623639,11.896,4,8,0.2999999999999998,-1.0,2.0,0.0,0.0,0.0,0.0,0.0,0.0,0.0,1.0,0.0,0.0,0.0,0.0,1.0,1.0,0.0,0.0,1
VAR_001793,0.0003260637064502,1.2523290328671381e-08,8.305820217235749e-05,2.1481506914720726e-06,5.0392697091016903e-05,1.4495263846850605e-12,0.0017385420393538,3.1946654882838285e-14,0.0080622616709905,5.171738427999323e-14,0.0052197306210891,11,0.0,0.0032310266065212,1.0,0.1841691539343404,0.0,1.0,0.4069758117268689,0.0,0.0,1.0,1.0,1.0,1.0,1.0,0.0,1.0,0.0,1.0,1.0,3.6804590129499995e-08,1.0,1.0,1.0,0.0,1.0,1.0,1.0,1.0,0.0,1.0,1.0,1.0,0.0,1.0,1.0,1,1.0,0.0,1,1,5.69697514482142,5.562264266616206,4.204143935928553,0.0,0.0,0.0,0.0,0.0,0.0,0.0,0.0,1.0,1.0,1.0,0.0,1.0,0.0,1.0,0.0,0.0,1.0,5.434150282519802e-07,1.0,1.0,0.0,1.0,1.0,1.0,1.0,1.0,1.0,0.0,0.0,8.521582080957004e-06,1,0.0018305316098828,0.0,0.0,0.0,0.0,0.0,1.0,0.0419033966144594,0.0623177940604665,1.0,0.0,1.0,0.0,1.0,0.0,1.0,1.0,0.0,1.0,0.0,0.0,1.0,0.0,0.0,1.0,0.0,0.0,1.0,0.0,1.0,1.0,1.0,1.0,0.0,0.0,1.0,1.0,0.0,1.0,0.0,1.0,1.0,0.0,0.0,0.0,1.0,0.0,1.0,0.004180057461876,0.0,0.0,1.0,0.0,1.0,0.0,0.0,0.0,1.0,1.2946323580150809e-05,1.0,0.0,1.0,5.02481204662345e-05,0.0,1.0,0.0,1.0,1.0,1.0,1.0,0.0,0.0,1.0,0.0,0.0,0.0,0.0,0.0,1.0,0.9791109499050036,0.9955317102968048,8.584057728844504,0.756,11.266370379206071,15,17,-1.0,1.0,2.0,0.0,1.0,0.0,0.0,0.0,0.0,0.0,0.0,0.0,0.0,0.0,0.0,1.0,1.0,0.0,0.0,1
VAR_001850,0.0001044575833635268,0.0016358823271088998,0.0007310017036708,3.7129679867508194e-05,8.876442443053392e-05,7.433055144873986e-05,0.00030621979965035,0.00017271774510524998,3.7521301764300893e-05,0.0002974181736794,0.0029526738013691,8,0.0,0.0032310266065212,1.0,0.1841691539343404,0.0,1.0,0.4069758117268689,1.0,0.0,0.9694542376382972,0.0,1.0,1.0,1.0,1.0,0.0,0.0,0.0,0.0,0.0002153775500585,1.0,0.0,1.0,1.0,1.0,1.0,1.0,1.0,1.0,1.0,0.0,1.0,1.0,1.0,1.0,7,0.0,1.0,0,0,5.55528610257896,5.771718658221016,3.4578737543513096,0.0,1.0,1.0,0.0,1.0,0.0,1.0,0.0,1.0,1.0,0.0,1.0,1.0,1.0,0.0,1.0,0.0,0.0,4.010639902822617e-16,1.0,1.0,0.0,1.0,1.0,0.0,1.0,1.0,0.6302734766177358,0.0,1.0,0.0006465236547434001,0,8.79390005578669e-05,0.0,0.0,0.0,1.0,0.0,1.0,0.04705187608469375,0.0,0.9678947008137451,0.0,0.8946183211330718,1.0,1.0,1.0,1.0,0.0,1.0,0.4768751210496571,1.0,0.0,1.0,1.0,1.0,0.0,0.0,0.0152386644487343,1.0,0.0,0.0,1.0,1.0,1.0,1.0,0.0,0.14078878458100444,1.0,1.0,0.0,0.0,0.5,1.0,1.0,0.0,0.1689705936502219,1.0,0.9744909476039041,0.6294146850731079,0.00021146952761650001,0.0,1.0,0.0,1.0,1.0,1.0,0.0,0.0,0.0,0.0041309552268119,1.0,0.0,1.0,0.0999999997124166,0.0,0.0,1.0,1.0,0.0,1.0,0.0,1.0,1.0,0.0,0.0,1.0,1.0,0.0,1.0,1.0,0.9935397052502788,0.9814756757851916,8.645701011334223,0.6294783021346196,11.886136438634423,0,21,-2.5,0.0,4.0,0.0,0.0,0.0,0.0,0.0,0.0,1.0,0.0,0.0,0.0,0.0,0.0,1.0,0.0,0.0,0.0,0
VAR_001823,0.00173407333976,0.0930352821680666,2.8017594001460845e-05,0.0002481598402797,0.0100737591887209,0.0306270000087577,0.0002897100000004,0.0021015918606158,0.0082745994182462,0.0664816154268997,0.032679,26,1.0,0.0097895603098394,0.0,0.0,1.0,1.0,1.0,1.0,1.0,0.0,1.0,1.0,1.0,1.0,1.0,1.0,0.0,1.0,1.0,0.0081777545995055,1.0,0.0,1.0,0.0,1.0,1.0,1.0,1.0,1.0,1.0,1.0,0.0,1.0,0.0,1.0,2,0.0,1.0,1,1,5.460674690859554,5.8000230918481,2.893676172003298,1.0,0.0,1.0,0.0,0.0,1.0,1.0,0.0,0.0,1.0,1.0,0.0,0.0,0.0,0.0,1.0,0.0,0.0,0.000810374314134,0.0,1.0,1.0,0.0,0.0,1.0,1.0,1.0,1.0,1.0,1.0,0.0005406417976828,1,0.0318524142770747,1.0,1.0,1.0,1.0,0.0,1.0,0.0895769225013969,1.0,0.0,1.0,1.0,1.0,0.0,1.0,1.0,0.0,0.0,0.0,1.0,1.0,1.0,0.0,1.0,0.0,1.0,1.0,1.0,0.0,1.0,1.0,0.0,0.0,1.0,1.0,0.0,1.0,0.0,1.0,0.0,0.0,1.0,1.0,0.0,1.0,1.0,1.0,1.0,0.0458507672025696,0.0,1.0,1.0,1.0,0.0,1.0,1.0,0.0,1.0,0.0019228079252175,0.0,1.0,0.6077749174484693,0.0999999999848515,0.0,1.0,0.0,1.0,1.0,0.0,1.0,0.0,1.0,1.0,1.0,1.0,1.0,1.0,1.0,0.9823785764502778,0.974246013813499,1.0,8.576024591673944,0.756,11.653775228180937,5,7,3.1,-2.0,2.0,0.0,1.0,0.0,0.0,0.0,0.0,0.0,0.0,0.0,0.0,0.0,0.0,0.0,1.0,0.0,0.0,0
VAR_001872,3.2837327124272244e-06,0.099991303014584,0.0007135856404797,2.1838840357165087e-11,0.0002755098562927,1.8779138151422253e-08,0.0001415934024759,6.639988608382458e-10,0.0019237915887882,0.0002974181736794,1.6235778333447487e-06,16,0.0,0.0032310266065212,1.0,0.1841691539343404,0.0,1.0,0.4069758117268689,1.0,1.0,1.0,1.0,1.0,0.0,0.0,1.0,1.0,0.0,0.0,1.0,0.0001820473044165,1.0,1.0,0.0,1.0,0.0,0.0,1.0,0.0,1.0,1.0,1.0,1.0,0.0,1.0,1.0,3,0.0,0.0,1,1,5.010000984771099,5.040537194071803,3.4578737543513096,0.0,0.0,1.0,0.0,1.0,1.0,0.0,1.0,1.0,0.0,0.0,1.0,1.0,0.0,1.0,0.0,1.0,0.0,1.329144236109866e-08,1.0,0.0,0.0,0.0,1.0,0.0,1.0,0.0,0.0,1.0,1.0,0.0006465236547434001,1,8.58923220420849e-05,1.0,1.0,1.0,0.0,1.0,0.0,0.0130568448442471,0.0,0.0,0.0,1.0,0.0,1.0,1.0,1.0,0.0,0.0,0.0,1.0,1.0,0.0,1.0,1.0,1.0,0.0,0.0304773288974686,1.0,0.0,1.0,1.0,1.0,0.0,0.0,1.0,1.0,0.0,1.0,0.0,1.0,0.0,1.0,0.0,0.0,0.5392861522968578,0.0,1.0,0.0,7.686904701215636e-08,0.0,0.0,0.0,0.0,1.0,0.0,1.0,0.0,0.0,5.715025222007117e-05,1.0,0.0,1.0,0.0997708466776866,0.0,0.0,0.0,0.0,1.0,1.0,0.0,0.0,0.0,1.0,0.0,0.0,0.0,1.0,1.0,1.0,1.0,1.0,7.952072577523808,0.756,11.212812692752156,17,17,-3.7,-1.0,6.0,0.0,0.0,0.0,0.0,0.0,0.0,0.0,0.0,0.0,0.0,0.0,0.0,1.0,1.0,1.0,0.0,1
VAR_001783,0.0001044575833635268,0.0016358823271088998,0.0007310017036708,3.7129679867508194e-05,8.876442443053392e-05,7.433055144873986e-05,0.00030621979965035,0.00017271774510524998,3.7521301764300893e-05,0.0002974181736794,0.0029526738013691,8,0.0,0.0032310266065212,1.0,0.1841691539343404,0.0,1.0,0.4069758117268689,1.0,0.0,0.9694542376382972,0.0,1.0,1.0,1.0,1.0,0.0,0.0,0.0,0.0,0.0002153775500585,1.0,0.0,1.0,1.0,1.0,1.0,1.0,1.0,1.0,1.0,0.0,1.0,1.0,1.0,1.0,7,0.0,1.0,3,3,5.675549134432475,5.813326853679984,3.4578737543513096,1.0,1.0,0.6375304039389164,0.0,1.0,1.0,0.0,0.0,1.0,0.0,0.3067220345285742,1.0,1.0,0.0,1.0,0.0,1.0,0.0,6.8481e-05,1.0,0.0,1.0,1.0,1.0,0.0,1.0,1.0,1.0,0.0,1.0,0.0006465236547434001,3,0.0009210086021386,0.0,0.0,0.0,1.0,0.0,1.0,0.04705187608469375,0.0,0.9678947008137451,0.0,0.8946183211330718,1.0,1.0,1.0,1.0,0.0,1.0,0.4768751210496571,1.0,0.0,1.0,1.0,1.0,0.0,0.0,0.0152386644487343,1.0,0.0,0.0,1.0,1.0,1.0,1.0,0.0,0.14078878458100444,1.0,1.0,0.0,0.0,0.5,1.0,1.0,0.0,0.1689705936502219,1.0,0.9744909476039041,0.6294146850731079,0.00021146952761650001,0.0,1.0,0.0,1.0,1.0,1.0,0.0,0.0,0.1646788067267648,0.00014081668782070002,1.0,0.0,0.49516481135734647,0.0367947255153128,1.0,0.0,0.0,0.994992128032371,0.0,1.0,1.0,0.0,1.0,1.0,1.0,1.0,1.0,0.0,1.0,1.0,0.9888924059764476,1.0,7.585337215596723,0.6057249336010171,11.896,5,10,-0.3999999999999999,1.0,2.0,0.0,0.0,0.0,0.0,0.0,0.0,1.0,0.0,0.0,0.0,0.0,0.0,1.0,0.0,0.0,0.0,1
VAR_001873,3.3312753404674905e-05,0.0076202518324964,0.0001412114371118,0.0132375031691567,0.003288998631819,0.001002246607235,1.8690264928459476e-05,1.4940019207405409e-05,0.0001983600015543,1.290816013274473e-07,0.0009030571740938,7,0.0,0.051371072162797,0.0,1.0,0.0,1.0,0.0,1.0,0.0,0.0,1.0,1.0,1.0,1.0,0.0,1.0,1.0,1.0,0.0,0.0003765461773865,1.0,0.0,1.0,0.0,1.0,1.0,0.0,1.0,1.0,1.0,0.0,1.0,0.0,0.0,1.0,6,0.0,1.0,3,3,5.07887572757755,4.687756217748339,3.072591911073745,0.0,1.0,1.0,1.0,0.0,0.0,0.0,0.0,0.0,1.0,1.0,0.0,0.0,0.0,1.0,1.0,0.0,1.0,0.0571566922993604,0.0,0.0,1.0,1.0,0.0,1.0,0.0,1.0,0.0,0.0,1.0,0.0282634828145104,3,0.0009338980615522,1.0,0.0,0.0,0.0,0.0,0.0,0.0972707709662184,0.0,0.0,1.0,1.0,0.0,1.0,1.0,1.0,0.9470401260927084,0.0,0.0,0.0,0.0,0.0,1.0,1.0,1.0,0.0,0.0,1.0,0.0,1.0,0.0,1.0,0.0,0.0,0.0,0.0,0.5845943191716872,1.0,0.0,1.0,0.0,1.0,0.0,0.0,0.6542664836225632,0.0,1.0,1.0,1.5073204758937549e-15,0.0,1.0,0.0,1.0,1.0,0.0,1.0,1.0,1.0,8.62021133236045e-05,0.0,1.0,0.7269543150000808,0.0999820541637429,1.0,0.0,0.0,0.0,0.0,0.0,1.0,0.0,0.0,0.065559902467888,1.0,1.0,0.0,1.0,1.0,0.9921189055435504,1.0,1.0,8.443764601084672,0.7196969037861249,11.474486758676834,17,13,-2.7,1.0,2.0,0.0,0.0,0.0,0.0,0.0,0.0,1.0,0.0,0.0,0.0,0.0,0.0,1.0,1.0,0.0,0.0,1
VAR_001871,0.0196095980420856,0.0999779135475056,0.002172051750602,0.0001490837584454,0.0319355323664865,2.2878938690704356e-16,2.7021296809599048e-06,0.0042218002305365,3.813638530063204e-12,0.0006833446160838,0.0007200000038221,0,0.0,0.0042386313032603,1.0,1.0,1.0,1.0,0.0,1.0,0.0,1.0,0.0,1.0,1.0,1.0,1.0,1.0,0.0,1.0,0.0,1.1781196676377956e-13,1.0,1.0,0.0,0.0,1.0,0.0,0.0,1.0,1.0,1.0,0.0,1.0,1.0,1.0,1.0,1,1.0,0.0,4,4,5.04180355357701,-1.644449995591865,-4.3650527681234745,1.0,1.0,0.0,1.0,1.0,0.0,1.0,0.0,1.0,1.0,1.0,1.0,1.0,0.0,1.0,1.0,1.0,0.0,6.60220056795798e-05,0.0,0.0,0.0,0.0,1.0,0.0,0.0,1.0,1.0,0.0,1.0,2.6388957701477772e-05,4,0.0006807600000167,0.0,0.0,1.0,1.0,0.0,0.0,0.0002127351598758,0.0,0.0,1.0,0.0,0.0,1.0,1.0,1.0,1.0,1.0,1.0,0.0,1.0,1.0,1.0,0.0,1.0,0.0,0.9461918515984924,0.0,1.0,0.0,1.0,0.0,1.0,1.0,0.0,0.0,0.0,0.0,1.0,0.0,0.0,1.0,0.0,1.0,1.0,0.0,0.0,0.0,0.0140698981820224,0.0,1.0,0.0,1.0,1.0,0.0,0.0,0.0,1.0,5.110394050145334e-06,0.0,1.0,1.0,0.0565243626999431,1.0,0.0,0.0,0.0,0.0,1.0,0.0,0.0,0.0,0.0,0.0,1.0,1.0,0.0,1.0,1.0,0.9827441457096986,0.0256331821956196,1.7671089868499716,-0.1281506851225004,0.3773375780004753,9,21,-5.2,-1.0,3.0,0.0,0.0,0.0,0.0,0.0,0.0,0.0,0.0,0.0,0.0,1.0,0.0,1.0,1.0,0.0,1.0,0
VAR_001812,0.0001171151477462,4.02403704850014e-07,0.0151723926106169,1.5113156304340464e-08,8.623601466400957e-05,0.0001102452798688,1.148027679628771e-05,0.0001995016523788,2.5819503037109866e-06,0.0002974181736794,0.0066453689999358,16,0.0,0.0032310266065212,1.0,0.1841691539343404,0.0,1.0,0.4069758117268689,0.0,0.0,1.0,0.0,1.0,0.0,0.0,1.0,0.0,1.0,1.0,1.0,0.0001690769958824,1.0,1.0,1.0,0.0,0.0,1.0,1.0,1.0,0.7081032027891587,1.0,1.0,1.0,0.0,1.0,1.0,3,0.0,1.0,3,3,5.4953110471880215,5.49691197104395,3.4578737543513096,1.0,1.0,1.0,0.0,1.0,0.0,0.0,1.0,1.0,1.0,1.0,0.0,0.0,1.0,0.0,1.0,1.0,0.0,6.194537426226471e-05,1.0,0.0,0.0,1.0,0.0,1.0,0.0,0.0,1.0,0.0,1.0,0.0006465236547434001,3,0.0613230139964202,0.0,0.0,0.0,0.0,1.0,1.0,0.0021442477721729,1.0,1.0,1.0,0.0,1.0,0.0,1.0,1.0,0.0,0.0,0.670760472573678,0.0,1.0,1.0,1.0,1.0,0.0,0.0,0.0,1.0,0.0,0.0,1.0,1.0,1.0,0.0,0.0,1.0,0.0,0.0,1.0,0.0,0.0,0.0,1.0,0.0,0.0,1.0,0.0,1.0,0.0733869333212523,1.0,0.0,1.0,1.0,0.0,1.0,0.0,0.0,0.0,0.011457480436452,1.0,0.0,1.0,0.0028786186159477,1.0,0.0,0.0,1.0,0.0,1.0,0.0,0.0,1.0,0.0,1.0,1.0,0.0,0.0,0.0,1.0,0.9998603978396686,0.992546975391828,9.298217667710585,0.6240092910144655,11.896,7,17,-4.1,-2.0,6.0,0.0,0.0,0.0,0.0,0.0,0.0,0.0,0.0,0.0,0.0,0.0,0.0,1.0,1.0,1.0,0.0,1
VAR_001856,0.0001044575833635268,0.0016358823271088998,0.0007310017036708,3.7129679867508194e-05,8.876442443053392e-05,7.433055144873986e-05,0.00030621979965035,0.00017271774510524998,3.7521301764300893e-05,0.0002974181736794,0.0029526738013691,8,0.0,0.0032310266065212,1.0,0.1841691539343404,0.0,1.0,0.4069758117268689,1.0,0.0,0.9694542376382972,0.0,1.0,1.0,1.0,1.0,0.0,0.0,0.0,0.0,0.0002153775500585,1.0,0.0,1.0,1.0,1.0,1.0,1.0,1.0,1.0,1.0,0.0,1.0,1.0,1.0,1.0,7,0.0,1.0,0,0,4.82159163507004,5.031356013190133,3.1309539295323665,1.0,1.0,0.6375304039389164,0.0,1.0,1.0,0.0,0.0,1.0,0.0,0.3067220345285742,1.0,1.0,0.0,1.0,0.0,1.0,0.0,6.8481e-05,1.0,0.0,1.0,1.0,1.0,0.0,1.0,1.0,1.0,0.0,1.0,0.0006465236547434001,0,0.0009210086021386,0.0,0.0,0.0,1.0,0.0,1.0,0.04705187608469375,0.0,0.9678947008137451,0.0,0.8946183211330718,1.0,1.0,1.0,1.0,0.0,1.0,0.4768751210496571,1.0,0.0,1.0,1.0,1.0,0.0,0.0,0.0152386644487343,1.0,0.0,0.0,1.0,1.0,1.0,1.0,0.0,0.14078878458100444,1.0,1.0,0.0,0.0,0.5,1.0,1.0,0.0,0.1689705936502219,1.0,0.9744909476039041,0.6294146850731079,0.00021146952761650001,0.0,1.0,0.0,1.0,1.0,1.0,0.0,0.0,0.1646788067267648,0.00014081668782070002,1.0,0.0,0.49516481135734647,0.0367947255153128,1.0,0.0,0.0,0.994992128032371,0.0,1.0,1.0,0.0,1.0,1.0,1.0,1.0,1.0,0.0,1.0,1.0,1.0,1.0,7.497950848070285,0.6273915787022398,8.355374017084404,11,19,-4.6,-2.0,2.0,0.0,0.0,0.0,0.0,0.0,0.0,0.0,0.0,0.0,0.0,1.0,0.0,1.0,0.0,0.0,0.0,1
VAR_001819,6.269557413280672e-07,7.872087671304268e-06,0.0904598684491121,0.0017505944552517,0.0002011953242157,0.0116814916658947,4.513978677555644e-05,2.7114138851284892e-08,4.0804025457884855e-05,4.754422060748216e-06,0.0395437356836237,23,0.0,0.0032310266065212,1.0,0.1841691539343404,0.0,1.0,0.4069758117268689,0.0,1.0,0.0,0.0,1.0,1.0,1.0,0.0,1.0,0.0,1.0,0.0,1.3680830963273428e-05,0.0,0.0,0.0,0.0,0.0,1.0,0.0,0.0,1.0,0.0,1.0,1.0,0.0,1.0,1.0,3,0.0,1.0,2,2,5.570445155523204,5.584033438046849,3.4578737543513096,1.0,1.0,1.0,0.0,0.0,1.0,1.0,1.0,0.0,1.0,0.3067220345285742,0.0,0.0,0.0,1.0,1.0,1.0,1.0,3.463132187529834e-07,0.0,1.0,1.0,0.0,0.0,1.0,0.0,0.0,1.0,1.0,1.0,0.0006465236547434001,2,3.5220598703252934e-05,0.0,0.0,0.0,1.0,0.0,1.0,0.04705187608469375,0.0,0.9678947008137451,0.0,0.8946183211330718,1.0,1.0,1.0,1.0,0.0,1.0,0.4768751210496571,1.0,0.0,1.0,1.0,1.0,0.0,0.0,0.0152386644487343,1.0,0.0,0.0,1.0,1.0,1.0,1.0,0.0,0.14078878458100444,1.0,1.0,0.0,0.0,0.5,1.0,1.0,0.0,0.1689705936502219,1.0,0.9744909476039041,0.6294146850731079,0.00021146952761650001,0.0,1.0,0.0,1.0,1.0,1.0,0.0,0.0,0.0,3.1084314292486145e-06,1.0,1.0,0.3252942682929638,0.0001041512524198,0.0,0.0,0.0,0.594071227692388,1.0,0.0,0.0,1.0,1.0,0.0,1.0,1.0,1.0,1.0,1.0,0.9989725830231996,0.9952504724734684,1.0,7.133872084556063,0.6090086689263695,7.473888029678853,8,24,1.9,2.0,2.0,0.0,0.0,0.0,0.0,0.0,1.0,0.0,0.0,0.0,0.0,0.0,0.0,0.0,1.0,0.0,0.0,1
VAR_001971,6.163405011568951e-07,6.2003623970660786e-06,5.936999973440649e-06,8.756347451554958e-08,0.0678716236035645,1.942092555985919e-06,9.647477401078004e-07,2.1528362515553612e-06,2.3972675379650412e-08,0.0002974181736794,0.0062969837748982,16,0.0,0.0032310266065212,1.0,0.1841691539343404,0.0,1.0,0.4069758117268689,1.0,0.0,0.9694542376382972,0.0,1.0,1.0,1.0,1.0,0.0,0.0,0.0,0.0,0.0002153775500585,1.0,0.0,1.0,1.0,1.0,1.0,1.0,1.0,1.0,1.0,0.0,1.0,1.0,1.0,1.0,7,0.0,1.0,1,1,5.199706238648751,3.898502936092149,2.3298372138506016,1.0,1.0,0.6375304039389164,0.0,1.0,1.0,0.0,0.0,1.0,0.0,0.3067220345285742,1.0,1.0,0.0,1.0,0.0,1.0,0.0,6.8481e-05,1.0,0.0,1.0,1.0,1.0,0.0,1.0,1.0,1.0,0.0,1.0,0.0006465236547434001,1,0.0014068203693838,1.0,0.0,0.3665518544441168,1.0,1.0,1.0,0.0983463623483805,0.0,0.0,1.0,1.0,1.0,0.0,1.0,1.0,0.0,0.0,1.0,0.0,0.0,1.0,0.0,1.0,1.0,0.0,0.5739791353351759,1.0,0.0,0.0,0.0,1.0,0.0,0.0,1.0,0.0,1.0,0.0,1.0,1.0,0.0,1.0,1.0,0.0,1.0,1.0,1.0,0.0,2.4766542639409648e-12,0.0,0.0,0.0,0.0,0.0,1.0,1.0,0.0,0.0,5.57733603488558e-07,0.0,1.0,0.1642908946898346,0.0017000698026737,1.0,1.0,1.0,1.0,1.0,0.0,0.0,0.0,0.0,0.0,1.0,0.0,1.0,1.0,1.0,0.947454050260506,0.999864131313602,1.0,1.4353542638966457,0.6986047734870069,4.740725281776002,15,17,-1.0,1.0,2.0,0.0,1.0,0.0,0.0,0.0,0.0,0.0,0.0,0.0,0.0,0.0,0.0,1.0,0.0,1.0,0.0,0
VAR_001938,0.0024706486255121,0.0148876608771771,0.0017319100195631,9.573484702540292e-05,7.711905040257573e-19,2.166119740178692e-11,0.0088416126294918,6.651055671143089e-05,1.0431354442363513e-06,0.0002974181736794,0.0189108802524553,16,0.0,0.0032310266065212,1.0,0.1841691539343404,0.0,1.0,0.4069758117268689,1.0,0.0,0.9694542376382972,0.0,1.0,1.0,1.0,1.0,0.0,0.0,0.0,0.0,0.0002153775500585,1.0,0.0,1.0,1.0,1.0,1.0,1.0,1.0,1.0,1.0,0.0,1.0,1.0,1.0,1.0,7,0.0,1.0,2,2,5.70273923327303,5.347265068453324,3.4578737543513096,0.0,0.0,0.8083762861889349,0.0,0.0,0.0,0.0,1.0,1.0,0.0,0.0,0.0,1.0,0.0,1.0,0.0,0.0,0.0,0.0031815042665518,1.0,1.0,1.0,1.0,1.0,1.0,1.0,1.0,0.0,1.0,1.0,0.0006465236547434001,2,4.61953087914269e-06,0.0,0.0,0.0,1.0,0.0,1.0,0.04705187608469375,0.0,0.9678947008137451,0.0,0.8946183211330718,1.0,1.0,1.0,1.0,0.0,1.0,0.4768751210496571,1.0,0.0,1.0,1.0,1.0,0.0,0.0,0.0152386644487343,1.0,0.0,0.0,1.0,1.0,1.0,1.0,0.0,0.14078878458100444,1.0,1.0,0.0,0.0,0.5,1.0,1.0,0.0,0.1689705936502219,1.0,0.9744909476039041,0.6294146850731079,0.00021146952761650001,0.0,1.0,0.0,1.0,1.0,1.0,0.0,0.0,1.0,1.6188820085045005e-06,1.0,1.0,0.0,2.3916320270911513e-06,1.0,1.0,0.0,0.0,0.0,0.0,1.0,1.0,1.0,0.0,1.0,1.0,0.0,1.0,0.0,1.0,1.0,0.9756446149064376,7.970893779617678,0.561207319388468,7.210275146199917,8,4,-0.2999999999999998,-1.0,2.0,0.0,0.0,0.0,0.0,1.0,0.0,0.0,0.0,0.0,0.0,0.0,0.0,1.0,0.0,1.0,0.0,1
VAR_001809,5.823751919700099e-06,3.62160829785417e-05,0.0003460939185104,4.941760290738424e-08,7.151380420442145e-10,2.525403966712948e-06,5.115813156429659e-06,0.0011218927874377,0.0072935042145648,0.0002974181736794,0.0004287888557327,16,0.0,0.0032310266065212,1.0,0.1841691539343404,0.0,1.0,0.4069758117268689,0.0,1.0,1.0,0.0,1.0,0.0,0.0,1.0,1.0,1.0,0.0,0.0,1.8928543625701102e-14,1.0,0.0,1.0,1.0,1.0,1.0,1.0,1.0,1.0,1.0,0.0,1.0,1.0,1.0,1.0,7,0.0,1.0,4,4,5.428133750127807,4.18646428799398,3.4578737543513096,0.0,0.0,1.0,1.0,1.0,0.0,1.0,0.0,0.0,0.0,0.0,1.0,0.0,0.0,0.0,1.0,1.0,0.0,3.33109846955603e-05,0.0,1.0,0.0,1.0,0.0,0.0,1.0,0.0,0.0,1.0,0.0,0.0962197267110816,4,0.0009905427245581,0.0,0.0,0.0,1.0,0.0,1.0,0.04705187608469375,0.0,0.9678947008137451,0.0,0.8946183211330718,1.0,1.0,1.0,1.0,0.0,1.0,0.4768751210496571,1.0,0.0,1.0,1.0,1.0,0.0,0.0,0.0152386644487343,1.0,0.0,0.0,1.0,1.0,1.0,1.0,0.0,0.14078878458100444,1.0,1.0,0.0,0.0,0.5,1.0,1.0,0.0,0.1689705936502219,1.0,0.9744909476039041,0.6294146850731079,0.00021146952761650001,0.0,1.0,0.0,1.0,1.0,1.0,0.0,0.0,1.0,3.484983312004998e-06,0.0,1.0,0.0,1.9214711196210948e-10,0.0,0.0,0.0,1.0,0.0,0.0,0.0,0.0,0.0,1.0,1.0,0.0,1.0,0.0,1.0,0.9839436575292536,1.0,0.9809820334547876,7.2294422184796066,0.609086547961906,7.862547695097256,11,19,-4.6,-2.0,2.0,0.0,0.0,0.0,0.0,0.0,0.0,0.0,0.0,0.0,0.0,1.0,0.0,1.0,0.0,1.0,0.0,1
VAR_001806,0.00139653442766,0.1002150999889903,0.0034678505776004,0.0004978317415421,0.0021861121137221,0.0018656591040227,0.0011784999243587,0.0014760808697465,0.0109265033690243,0.0011749688298591,0.0133439562159423,15,1.0,0.0012823931902809,1.0,1.0,0.099965216147566,1.0,0.4069758117268689,1.0,0.0,0.0,1.0,1.0,1.0,1.0,1.0,1.0,0.0,0.0,1.0,0.0005774947826579,1.0,1.0,0.0,1.0,1.0,1.0,1.0,1.0,0.0,0.0,1.0,0.0,1.0,1.0,1.0,4,1.0,1.0,4,4,5.744806570626215,5.858949428225442,3.7878947454414695,0.0,1.0,1.0,0.0,1.0,0.0,0.0,1.0,1.0,1.0,0.0,1.0,0.0,1.0,1.0,1.0,1.0,1.0,0.0047466,1.0,1.0,1.0,1.0,1.0,0.0,0.0,1.0,0.0,0.0,0.0,0.001069806531824,4,0.0084643715077133,0.0,0.0,0.0,1.0,0.0,0.9185449018584614,0.0004776638300283,1.0,1.0,1.0,1.0,0.0,1.0,1.0,1.0,0.0,1.0,0.0,1.0,1.0,1.0,0.0,1.0,0.0,0.0,0.692993358568052,1.0,1.0,1.0,1.0,1.0,1.0,1.0,1.0,1.0,0.0,0.0,0.0,1.0,1.0,0.0,1.0,0.0,1.0,1.0,0.9463964793915366,1.0,0.0013607941514982,1.0,0.0,1.0,1.0,0.0,0.0,0.0,1.0,0.0,0.0016447453360612,1.0,1.0,0.0908746994928512,2.8797544303810844e-08,0.0,1.0,0.0,1.0,0.0,1.0,1.0,1.0,0.0,0.0,1.0,1.0,1.0,0.0,1.0,0.9772559355409716,1.0,0.9685181292232242,7.643962650701743,0.6602910242530462,8.225763731435789,9,21,-5.2,-1.0,3.0,0.0,0.0,0.0,0.0,0.0,0.0,0.0,0.0,0.0,0.0,1.0,0.0,1.0,1.0,0.0,0.0,0
VAR_001883,1.2411000712214318e-06,0.0001938713225438,0.0123777308689406,4.9556616597765845e-09,7.983369515574125e-09,9.692151916485584e-05,0.0003227295993003,2.1607522820930754e-06,0.0145634427745059,0.0002974181736794,0.000227502247845,19,0.0,0.0032310266065212,1.0,0.1841691539343404,0.0,1.0,0.4069758117268689,0.0,1.0,0.0,1.0,1.0,1.0,1.0,0.0,0.0,1.0,1.0,0.0,4.2685728210116407e-10,1.0,1.0,1.0,1.0,1.0,1.0,1.0,0.0,1.0,1.0,1.0,1.0,1.0,1.0,1.0,6,1.0,1.0,1,1,4.7992954495277536,3.509749224970858,2.189812663319458,1.0,1.0,1.0,0.0,0.0,0.0,1.0,1.0,0.0,1.0,0.0,0.0,0.0,0.0,1.0,1.0,1.0,1.0,8.627592044379979e-05,1.0,0.0,1.0,0.0,0.0,0.0,1.0,1.0,0.0,0.0,1.0,0.0006465236547434001,1,0.0001935000324095,0.0,0.0,1.0,0.0,1.0,1.0,0.0300460791672548,1.0,1.0,1.0,1.0,0.0,0.0,0.0,1.0,1.0,0.0,1.0,0.0,1.0,1.0,1.0,1.0,0.0,0.0,0.0,1.0,0.0,0.0,1.0,1.0,1.0,1.0,0.0,0.0,1.0,0.0,0.0,0.0,1.0,1.0,1.0,1.0,1.0,0.0,0.0,1.0,0.0191049185804453,0.0,1.0,0.0,1.0,0.0,0.0,0.4696788846854549,1.0,0.0,4.65627696520898e-05,1.0,0.0,0.0,0.0999174330938377,1.0,1.0,1.0,0.0,0.0,0.0,0.0,0.0,0.0,1.0,0.0,0.0,1.0,0.0,0.0,1.0,1.0,1.0,2.76401305644088,0.756,6.115623272510893,16,19,3.7,-1.0,6.0,0.0,0.0,0.0,0.0,0.0,0.0,0.0,0.0,0.0,0.0,0.0,0.0,1.0,1.0,0.0,0.0,1
VAR_001978,0.0001044575833635268,0.0016358823271088998,0.0007310017036708,3.7129679867508194e-05,8.876442443053392e-05,7.433055144873986e-05,0.00030621979965035,0.00017271774510524998,3.7521301764300893e-05,0.0002974181736794,0.0029526738013691,8,0.0,0.0032310266065212,1.0,0.1841691539343404,0.0,1.0,0.4069758117268689,1.0,0.0,0.9694542376382972,0.0,1.0,1.0,1.0,1.0,0.0,0.0,0.0,0.0,0.0002153775500585,1.0,0.0,1.0,1.0,1.0,1.0,1.0,1.0,0.0,0.0,0.0,0.0,0.0,0.0,1.0,6,0.0,1.0,4,4,5.628874482545672,5.8503318399862385,3.4578737543513096,1.0,1.0,0.6375304039389164,0.0,1.0,1.0,0.0,0.0,1.0,0.0,0.3067220345285742,1.0,1.0,0.0,1.0,0.0,1.0,0.0,6.8481e-05,1.0,0.0,1.0,1.0,1.0,0.0,1.0,1.0,1.0,0.0,1.0,0.0006465236547434001,4,0.0001935007046451,0.0,0.0,0.0,1.0,0.0,1.0,0.04705187608469375,0.0,0.9678947008137451,0.0,0.8946183211330718,1.0,1.0,1.0,1.0,0.0,1.0,0.4768751210496571,1.0,0.0,1.0,1.0,1.0,0.0,0.0,0.0152386644487343,1.0,0.0,0.0,1.0,1.0,1.0,1.0,0.0,0.14078878458100444,1.0,1.0,0.0,0.0,0.5,1.0,1.0,0.0,0.1689705936502219,1.0,0.9744909476039041,0.6294146850731079,0.00021146952761650001,0.0,1.0,0.0,1.0,1.0,1.0,0.0,0.0,0.1646788067267648,0.00014081668782070002,1.0,0.0,0.49516481135734647,0.0367947255153128,1.0,0.0,0.0,0.994992128032371,0.0,1.0,1.0,0.0,1.0,1.0,1.0,1.0,1.0,0.0,1.0,1.0,0.9631416627638596,1.0,7.286754918940527,0.6528822193103629,8.196445005840385,11,14,-5.4,-3.0,4.0,0.0,0.0,0.0,0.0,0.0,0.0,0.0,0.0,0.0,0.0,1.0,0.0,1.0,1.0,0.0,0.0,1
VAR_001885,0.0673519971194157,0.0044516860926652,0.0004295865974519,0.0020614767139029,0.0050752070781807,0.0545470803854422,0.0075252023104697,0.0003924001368082,0.0042050701064613,0.0009596619683562,0.0160275633510686,27,0.0,0.0002447188389483,1.0,0.1841691539343404,1.0,1.0,1.0,1.0,0.0,1.0,1.0,1.0,1.0,1.0,0.0,0.0,0.0,1.0,0.0,0.0005541173711633,1.0,0.0,1.0,1.0,1.0,1.0,1.0,1.0,1.0,0.0,1.0,0.0,1.0,0.0,1.0,4,0.0,0.0,3,3,4.8348591143132795,3.682658784008888,3.4578737543513096,0.0,0.0,0.0,1.0,0.0,1.0,0.0,0.0,1.0,1.0,0.0,1.0,1.0,1.0,1.0,0.0,1.0,0.0,0.0192713437134906,0.0,1.0,1.0,1.0,0.0,0.0,0.0,1.0,1.0,1.0,0.0,0.0011789807193817,3,0.0013930255949142,1.0,1.0,0.0,1.0,0.0,1.0,1.6966697365032682e-11,1.0,1.0,1.0,1.0,1.0,1.0,1.0,1.0,0.9016766161394576,0.0,0.0,1.0,0.0,0.0,1.0,1.0,1.0,0.0,0.0,0.0,1.0,0.0,0.0,1.0,0.0,1.0,1.0,0.0,1.0,1.0,1.0,0.0,1.0,1.0,0.0,1.0,0.0,0.0,0.0,0.0,0.0772380447448319,1.0,1.0,0.0,0.0,1.0,0.0,0.0,1.0,1.0,0.000151606459453,1.0,0.0,1.0,0.0526736517932934,1.0,1.0,0.0,1.0,1.0,1.0,0.0,0.0,0.0,0.0,1.0,1.0,1.0,0.0,1.0,1.0,0.9984386819708578,1.0,7.469149708767341,0.681078510845615,6.135908197940666,21,9,0.2999999999999998,3.0,3.0,0.0,0.0,0.0,0.0,0.0,0.0,1.0,0.0,0.0,0.0,0.0,0.0,0.0,1.0,0.0,0.0,0
VAR_001776,6.170400000001133e-07,0.099858679091744,0.0415757278459607,1.2419828050547874e-07,0.0250306158307872,1.0670499119711515e-14,0.0013671576139797,7.968679662840447e-08,3.0086713475488055e-09,0.0002974181736794,0.0001487808587266,16,0.0,0.0032310266065212,1.0,0.1841691539343404,0.0,1.0,0.4069758117268689,1.0,0.0,0.9694542376382972,0.0,1.0,1.0,1.0,1.0,0.0,0.0,0.0,0.0,0.0002153775500585,1.0,0.0,1.0,1.0,1.0,1.0,1.0,1.0,1.0,1.0,0.0,1.0,1.0,1.0,1.0,7,0.0,1.0,3,3,5.7884456183944435,4.348020875660434,2.777169938798331,1.0,1.0,0.0,1.0,0.0,0.0,1.0,0.0,1.0,0.0,0.0,1.0,1.0,1.0,1.0,0.0,0.0,1.0,0.0001848525136107,0.0,0.0,0.0,1.0,0.0,0.0,0.0,0.0,0.0,1.0,1.0,0.0006465236547434001,3,0.0040917481629566,0.0,0.0,0.0,1.0,0.0,1.0,0.04705187608469375,0.0,0.9678947008137451,0.0,0.8946183211330718,1.0,1.0,1.0,1.0,0.0,1.0,0.4768751210496571,1.0,0.0,1.0,1.0,1.0,0.0,0.0,0.0152386644487343,1.0,0.0,0.0,1.0,1.0,1.0,1.0,0.0,0.14078878458100444,1.0,1.0,0.0,0.0,0.5,1.0,1.0,0.0,0.1689705936502219,1.0,0.9744909476039041,0.6294146850731079,0.00021146952761650001,0.0,1.0,0.0,1.0,1.0,1.0,0.0,0.0,0.0,5.619497455448988e-07,0.0,1.0,1.0,2.706416709246769e-06,1.0,0.0,1.0,1.0,0.0,0.0,0.0,1.0,1.0,0.0,1.0,0.0,1.0,0.0,1.0,0.9841621400832756,1.0,0.9671763466899244,7.136032581609869,0.690007341078986,11.896,7,17,-4.1,-2.0,6.0,0.0,0.0,0.0,0.0,0.0,0.0,0.0,0.0,0.0,0.0,0.0,0.0,1.0,0.0,1.0,0.0,1
VAR_001939,1.8572349426502072e-06,4.556917824309084e-07,0.0078866838947165,0.0040892663525812,0.0204466541059672,7.632804097776504e-19,1.6191680453405908e-06,0.0016778404478499,1.4789328246785027e-16,2.214568044214561e-12,0.0009000004745541,6,0.4013553454580906,0.000179712460316,1.0,0.0,0.0,0.691194494673552,0.0,0.0,0.0,1.0,1.0,1.0,1.0,1.0,1.0,0.0,1.0,0.0,0.0,0.0110392419089734,1.0,0.0,1.0,1.0,1.0,0.0,0.0,0.0,1.0,1.0,0.0,1.0,0.0,0.0,1.0,0,1.0,1.0,3,3,5.665758579614838,6.036900042679542,3.4578737543513096,1.0,1.0,0.0,0.0,1.0,0.0,0.0,0.0,1.0,0.0,1.0,0.0,1.0,0.0,0.0,1.0,1.0,1.0,4.606217142688211e-05,0.0,0.0,1.0,1.0,1.0,1.0,1.0,0.0,0.0,1.0,0.0,6.8004883905133155e-06,3,0.0009407770224231,0.0,0.0,1.0,1.0,1.0,1.0,0.0682716998355362,1.0,1.0,0.0,0.0,0.0,1.0,1.0,1.0,1.0,1.0,1.0,1.0,0.0,0.0,1.0,0.0,1.0,0.0,1.0,0.0,0.0,1.0,0.0,1.0,1.0,0.0,1.0,1.0,1.0,1.0,0.0,1.0,1.0,0.0,0.0,1.0,0.0,0.0,0.0,0.0,7.358114799242675e-06,1.0,1.0,1.0,0.0,0.0,1.0,0.0,0.0,1.0,1.673581376380416e-06,0.0,0.0,0.0,2.801072474531187e-06,0.0,1.0,0.0,0.0,1.0,1.0,1.0,0.0,1.0,1.0,1.0,1.0,0.0,1.0,1.0,0.9661069595606464,0.9773279158520436,1.0,9.75896024375445,0.6802056870405363,11.896,7,17,-4.1,-2.0,6.0,0.0,0.0,0.0,0.0,0.0,0.0,0.0,0.0,0.0,0.0,0.0,0.0,1.0,1.0,0.0,1.0,1
VAR_001949,7.897923223637637e-06,0.0433305027584184,0.0121645683514768,6.151951130957859e-07,2.373830668100554e-05,0.0009039704805004,1.473898365990425e-06,0.0011126662341075,0.0041905992551195,0.0002974181736794,0.0019524721602303,11,0.0,0.0032310266065212,1.0,0.1841691539343404,0.0,1.0,0.4069758117268689,1.0,0.0,0.9694542376382972,0.0,1.0,1.0,1.0,1.0,0.0,0.0,0.0,0.0,0.0002153775500585,1.0,0.0,1.0,1.0,1.0,0.0,0.0,1.0,0.0,0.0,0.0,0.0,1.0,1.0,1.0,1,0.0,1.0,3,3,5.657562996710324,5.662565014996413,3.4578737543513096,1.0,0.0,0.8481278248766966,0.0,0.0,1.0,1.0,0.0,1.0,1.0,0.0,1.0,1.0,0.0,1.0,1.0,0.0,0.0,0.0003974367220217,0.0,1.0,0.0,0.0,0.0,0.0,1.0,1.0,0.0,1.0,1.0,0.0006465236547434001,3,6.713109867855463e-05,0.0,1.0,1.0,1.0,0.0,0.0,0.000204955492425,0.0,1.0,0.0,0.0,0.0,1.0,1.0,1.0,0.0,1.0,0.0,0.0,1.0,1.0,0.0,0.0,1.0,1.0,0.0,0.0,1.0,1.0,0.0,0.0,0.0,0.0,0.0,1.0,1.0,0.0,1.0,0.0,1.0,0.0,1.0,1.0,0.0,0.0,1.0,0.0,0.0339822650045712,0.0,1.0,1.0,1.0,0.0,1.0,0.0,1.0,1.0,0.0001049064947674,1.0,1.0,1.0,5.920423635977424e-07,0.0,1.0,0.0,1.0,1.0,0.0,1.0,0.0,1.0,0.0,1.0,0.0,0.0,0.0,1.0,0.9692855878737836,1.0,0.9846545981194622,9.938,0.6543513503910718,11.547550828475073,22,3,3.4,-2.0,2.0,0.0,0.0,0.0,0.0,0.0,0.0,0.0,0.0,0.0,0.0,0.0,0.0,1.0,1.0,0.0,0.0,1
VAR_001840,0.0002400553099613,7.185765667392513e-08,9.476697254133223e-11,3.5555633325078303e-09,2.3984182726963802e-14,0.060418826550405,1.3761109380751292e-05,4.6161239611424836e-08,8.951379371228266e-08,0.0030238069588692,7.93890012035764e-05,28,0.0,0.0032310266065212,1.0,0.1841691539343404,0.0,1.0,0.4069758117268689,1.0,1.0,0.0,0.0,1.0,1.0,1.0,1.0,1.0,1.0,1.0,1.0,0.0003923217885162,1.0,0.0,1.0,1.0,1.0,1.0,1.0,0.0,1.0,1.0,0.0,0.0,1.0,0.0,1.0,3,0.0,1.0,2,2,5.390282517004386,5.273062445085914,3.796087511607253,0.0,1.0,1.0,0.0,1.0,0.0,0.0,1.0,1.0,1.0,0.0,1.0,1.0,0.0,1.0,0.0,0.0,1.0,3.374772432477956e-05,1.0,0.0,0.0,0.0,0.0,1.0,0.0,0.0,1.0,0.0,1.0,0.0207820097607592,2,0.0958616749389915,0.0,1.0,0.0,0.0,1.0,1.0,0.0980897475621011,1.0,0.0,0.0,1.0,0.0,0.0,1.0,1.0,0.0,1.0,1.0,0.0,0.0,0.0,0.0,0.0,1.0,1.0,0.0,1.0,0.0,0.0,1.0,0.0,0.0,1.0,0.0,1.0,0.0,1.0,1.0,1.0,1.0,1.0,1.0,1.0,0.0,1.0,0.0,1.0,0.0003137578731331,1.0,0.0,1.0,0.0,1.0,0.0,0.0,1.0,1.0,0.0212444204612903,1.0,0.0,1.0,1.4823663629324432e-07,1.0,0.0,1.0,0.0,1.0,0.0,0.0,0.0,0.0,1.0,0.0,1.0,1.0,0.0,1.0,1.0,0.9409174491717236,0.987274458731614,7.365081141878192,0.5938884429895249,7.702850615932914,19,9,5.2,-1.0,3.0,0.0,0.0,0.0,0.0,0.0,1.0,0.0,0.0,0.0,0.0,0.0,0.0,0.0,1.0,1.0,0.0,1
VAR_001820,0.0001244323488003,0.0659513510173275,0.0009319927886961,3.541266648436794e-05,0.0001134000052891,0.0422811812121908,8.98381213563947e-05,0.0005460726829344,0.0048128479366149,2.3978524998059033e-06,0.0880068478546768,23,0.0,0.0120713115521857,1.0,0.0,0.0,1.0,0.0,0.0,0.0,0.0,1.0,1.0,1.0,1.0,1.0,1.0,0.0,0.0,1.0,0.0009879253567507,1.0,0.0,1.0,1.0,1.0,0.0,1.0,1.0,1.0,1.0,0.0,0.0,1.0,1.0,1.0,1,0.0,1.0,3,3,5.538859242542778,4.408565770996803,2.1499489506258187,1.0,1.0,1.0,0.0,0.0,1.0,1.0,0.0,1.0,0.0,1.0,0.0,1.0,0.0,0.0,0.0,0.0,1.0,0.0004079848456896,0.0,0.0,0.0,1.0,1.0,1.0,0.0,0.0,1.0,0.0,0.0,0.0029440197421649,3,0.0140147260064986,0.0,0.0,1.0,0.0,1.0,0.0,1.7845508878116448e-08,1.0,1.0,0.0,0.0,0.0,0.0,1.0,1.0,1.0,1.0,1.0,0.0,0.0,1.0,0.0,1.0,0.0,0.0,0.0,0.0,1.0,1.0,0.0,0.0,1.0,1.0,0.0,1.0,1.0,1.0,1.0,0.0,0.0,1.0,0.0,1.0,0.4094464876814916,0.0,0.0,0.0,0.0659924037551911,1.0,1.0,1.0,1.0,1.0,0.0,1.0,1.0,0.0,0.0001516689000501,1.0,1.0,0.0,0.0999999999999718,1.0,1.0,1.0,1.0,0.0,0.0,0.0,0.0,1.0,1.0,0.0,0.0,0.0,0.0,0.0,1.0,0.9745540353268932,0.9654605612677688,2.655857695037425,0.6508365601397142,8.995406908594811,21,12,-2.3000000000000003,1.0,1.0,0.0,0.0,0.0,0.0,0.0,0.0,1.0,0.0,0.0,0.0,0.0,0.0,0.0,1.0,0.0,0.0,1
VAR_001972,8.006400282518964e-06,1.5543378901876094e-08,0.001119147270823,7.38839906413942e-08,1.995980871889306e-09,3.898174613604549e-12,0.018714089279729,0.0005671712908827,3.886493501849709e-05,0.0002974181736794,1.108022826416595e-05,16,0.0,0.0032310266065212,1.0,0.1841691539343404,0.0,1.0,0.4069758117268689,1.0,0.0,0.9694542376382972,0.0,1.0,1.0,1.0,1.0,0.0,0.0,0.0,0.0,0.0002153775500585,1.0,0.0,1.0,1.0,0.0,1.0,1.0,0.0,0.0,0.0,1.0,0.0,0.0,0.0,1.0,3,0.0,1.0,4,4,5.135468582304591,5.221795234278074,4.989870400440565,0.0,0.0,0.0,1.0,0.0,1.0,0.0,0.0,1.0,0.0,0.0,1.0,0.0,0.0,1.0,1.0,0.0,0.0,4.4787329579623473e-13,1.0,1.0,1.0,1.0,0.0,1.0,0.0,0.0,0.0,0.0,1.0,0.0006465236547434001,4,1.2987000025134994e-05,0.0,0.0,0.0,1.0,0.0,1.0,0.04705187608469375,0.0,0.9678947008137451,0.0,0.8946183211330718,1.0,1.0,1.0,1.0,0.0,1.0,0.4768751210496571,1.0,0.0,1.0,1.0,1.0,0.0,0.0,0.0152386644487343,1.0,0.0,0.0,1.0,1.0,1.0,1.0,0.0,0.14078878458100444,1.0,1.0,0.0,0.0,0.5,1.0,1.0,0.0,0.1689705936502219,1.0,0.9744909476039041,0.6294146850731079,0.00021146952761650001,0.0,1.0,0.0,1.0,1.0,1.0,0.0,0.0,1.0,3.691361779999679e-05,0.0,0.0,0.9710908204454352,3.9528253326170127e-10,0.0,0.0,1.0,1.0,0.0,0.0,1.0,0.0,1.0,1.0,1.0,0.0,0.0,0.0,1.0,1.0,0.9730993659177376,1.0,7.441699848650131,0.5677502945025028,7.821174101365738,9,13,-8.0,-3.0,2.0,0.0,0.0,0.0,0.0,0.0,0.0,0.0,0.0,0.0,1.0,0.0,0.0,1.0,1.0,1.0,0.0,1
VAR_001772,0.0019686033183684,0.0998897548777867,0.0027845105537588,1.3846775890460362e-08,0.0153968334407821,0.0006148737146928,0.0001983600000168,0.000163980717258,1.043100041801689e-05,0.0290017733126705,0.0030728222519121,27,0.0,0.0032310266065212,1.0,0.1841691539343404,0.0,1.0,0.4069758117268689,1.0,0.0,1.0,0.0,1.0,0.0,1.0,1.0,1.0,0.0,1.0,1.0,3.9579849101417645e-09,1.0,0.0,0.0,1.0,1.0,1.0,1.0,1.0,0.0,1.0,1.0,0.0,1.0,1.0,0.0,4,0.0,0.0,0,0,4.205813024356058,2.1648563478476044,1.6359096183378408,0.0,1.0,0.0,1.0,0.0,1.0,1.0,1.0,0.0,1.0,0.0,1.0,1.0,0.0,1.0,1.0,0.0,0.0,0.0026366959003048,1.0,1.0,1.0,1.0,1.0,1.0,1.0,0.0,0.0,0.0,1.0,0.0009042444265979,0,0.0352021931923154,0.0,0.0,0.0,1.0,0.0,0.0,0.0995920218583991,1.0,1.0,0.0,0.0,1.0,1.0,1.0,1.0,1.0,0.0,1.0,1.0,0.0,1.0,1.0,1.0,0.0,0.0,0.0,0.0,1.0,0.0,1.0,1.0,1.0,1.0,1.0,1.0,1.0,0.0,1.0,0.0,0.0,1.0,0.996756941487146,1.0,1.0,1.0,0.0,1.0,0.0518097662751954,1.0,0.0,0.0,1.0,0.0,1.0,1.0,0.0,0.0,0.0001923849437208,1.0,1.0,0.0,0.0999999539019552,1.0,0.0,0.0,0.0,1.0,0.0,0.0,1.0,0.0,1.0,1.0,1.0,0.0,1.0,0.0,1.0,0.9829432617348324,1.0,1.080764773267178,0.6242371555465732,1.2501021166944932,21,9,0.2999999999999998,3.0,3.0,0.0,0.0,0.0,0.0,0.0,0.0,1.0,0.0,0.0,0.0,0.0,0.0,0.0,1.0,0.0,0.0,0
VAR_001897,0.00063944525444,6.7721558960354534e-09,7.64514025176928e-08,0.0308274837720769,0.0005773863522862,0.0007774842330472,2.4354e-06,5.363350902672671e-09,2.0701856708145465e-05,0.0002974181736794,0.096023848682646,16,0.0,0.0032310266065212,1.0,0.1841691539343404,0.0,1.0,0.4069758117268689,1.0,0.0,0.9694542376382972,0.0,1.0,1.0,1.0,1.0,0.0,0.0,0.0,0.0,0.0002153775500585,1.0,0.0,1.0,0.0,1.0,1.0,0.0,1.0,1.0,1.0,0.0,1.0,0.0,0.0,1.0,1,1.0,0.0,3,3,5.590637659380603,5.465060455520427,3.4578737543513096,1.0,1.0,0.0,1.0,1.0,1.0,1.0,1.0,1.0,0.0,1.0,1.0,0.0,0.0,0.0,0.0,0.0,0.0,1.1111608393373517e-13,1.0,0.0,0.0,0.0,1.0,0.0,0.0,1.0,0.0,0.0,1.0,0.0006465236547434001,3,0.0024502057895374,0.0,0.0,0.0,1.0,0.0,1.0,0.04705187608469375,0.0,0.9678947008137451,0.0,0.8946183211330718,1.0,1.0,1.0,1.0,0.0,1.0,0.4768751210496571,1.0,0.0,1.0,1.0,1.0,0.0,0.0,0.0152386644487343,1.0,0.0,0.0,1.0,1.0,1.0,1.0,0.0,0.14078878458100444,1.0,1.0,0.0,0.0,0.5,1.0,1.0,0.0,0.1689705936502219,1.0,0.9744909476039041,0.6294146850731079,0.00021146952761650001,0.0,1.0,0.0,1.0,1.0,1.0,0.0,0.0,1.0,0.0001744827664528,1.0,1.0,0.0,0.0974119314410514,0.0,1.0,0.0,0.0,1.0,1.0,1.0,1.0,1.0,0.0,0.0,0.0,1.0,0.0,1.0,0.9926132091232668,0.9832579940249762,1.0,8.579809359624972,0.6412673323481305,11.896,7,17,-4.1,-2.0,6.0,0.0,0.0,0.0,0.0,0.0,0.0,0.0,0.0,0.0,0.0,0.0,0.0,1.0,1.0,1.0,0.0,1
VAR_001821,4.5230977723510265e-06,0.0018289987963399,0.0011990491348842,1.1473469079405545e-15,9.807575612706646e-07,0.0007317171440235,0.000100955098394,0.0449630993916121,2.7259388268576224e-18,0.0004142433762336,0.0029526738013691,11,0.0,0.0032310266065212,1.0,0.1841691539343404,0.0,1.0,0.4069758117268689,0.0,1.0,0.0,0.0,1.0,1.0,1.0,0.0,1.0,0.0,0.0,0.0,1.07587635931117e-11,1.0,1.0,1.0,0.0,1.0,0.0,1.0,1.0,1.0,1.0,0.0,0.0,1.0,0.0,1.0,5,1.0,1.0,2,2,5.507381520407888,5.481231812411932,3.4578737543513096,1.0,0.0,1.0,1.0,0.0,1.0,0.0,1.0,1.0,1.0,1.0,0.0,0.0,1.0,1.0,1.0,0.0,0.0,0.0009079284585881,1.0,0.0,0.0,0.0,1.0,0.0,1.0,1.0,0.0,1.0,1.0,9.83962582657864e-06,2,0.0766566729732892,1.0,1.0,1.0,1.0,0.0,1.0,0.0999999999997619,0.0,0.0,0.0,1.0,1.0,0.0,1.0,1.0,1.0,1.0,0.0,0.0,0.0,0.0,1.0,1.0,0.0,1.0,1.0,1.0,1.0,1.0,1.0,1.0,1.0,0.0,1.0,1.0,1.0,1.0,0.0,1.0,1.0,0.0,1.0,1.0,1.0,1.0,0.0,0.0,8.433572029173585e-09,0.0,1.0,0.0,0.0,0.0,0.0,1.0,1.0,0.0,0.004483111129547,1.0,0.0,0.0,0.0999953156478105,0.0,1.0,1.0,1.0,0.0,0.0,0.0,1.0,0.0,1.0,1.0,1.0,1.0,0.0,1.0,1.0,0.4582165160580883,1.0,6.924527688031738,0.5740378640417235,7.694352572637331,14,19,0.8,-1.0,4.0,0.0,0.0,0.0,0.0,0.0,1.0,0.0,0.0,0.0,0.0,0.0,0.0,1.0,1.0,0.0,0.0,1
VAR_001858,8.937567619970404e-05,0.0014427658578779,0.0001354313442636,9.539030209079776e-09,1.5123384089018088e-05,1.3488462566202417e-07,0.0140974440673559,1.526584198866596e-05,0.0014553125553091,0.0493981030400474,0.0027900129770373,7,0.0,0.0014643771912774,0.0,0.0,0.0,1.0,1.0,1.0,0.0,1.0,0.0,1.0,1.0,1.0,1.0,1.0,1.0,1.0,1.0,0.0043162491792486,1.0,0.0,0.0,0.0,0.0,1.0,0.0,1.0,0.0,1.0,0.0,0.0,0.0,1.0,0.0,6,0.0,1.0,0,0,4.822997355739287,4.718450477431121,2.5735384990800174,1.0,1.0,0.0,0.0,0.0,0.0,0.0,0.0,0.0,1.0,1.0,0.0,1.0,0.0,1.0,1.0,0.0,1.0,2.240722544887383e-05,1.0,0.0,1.0,1.0,1.0,1.0,0.0,1.0,0.0,0.0,1.0,0.0045393407793578,0,0.0027782110506161,0.0,1.0,0.0,1.0,1.0,0.0,0.0999447813305888,0.0,1.0,1.0,1.0,1.0,1.0,1.0,1.0,0.0,0.0,1.0,0.0,0.0,1.0,1.0,1.0,1.0,1.0,1.0,1.0,0.0,0.0,1.0,0.0,0.0,0.0,1.0,1.0,1.0,0.0,0.0,1.0,0.0,0.0,0.0,0.0,0.0,1.0,1.0,0.0,1.549835963789047e-11,1.0,1.0,0.0,1.0,1.0,0.0,0.0,0.0,0.0,0.0011221190738373,0.0,1.0,0.0,0.0999816145519209,1.0,1.0,0.0,1.0,1.0,1.0,1.0,1.0,1.0,1.0,1.0,1.0,1.0,0.0,0.0,0.9867016461987504,0.8273429639488532,1.0,7.361041401889468,0.6418799749430247,7.672400053507341,21,1,-2.4000000000000004,0.0,4.0,0.0,0.0,0.0,0.0,0.0,0.0,0.0,0.0,0.0,0.0,1.0,0.0,1.0,1.0,0.0,0.0,1
VAR_001977,0.0013310478754894,0.0902806799471591,0.0001966088137447,0.0199742805797408,0.0060419505845589,1.8930594085488625e-17,8.056655376819687e-05,0.0003539793902197,1.215192379790608e-09,0.0002974181736794,4.0824e-06,16,0.0,0.0032310266065212,1.0,0.1841691539343404,0.0,1.0,0.4069758117268689,1.0,0.0,0.9694542376382972,0.0,1.0,1.0,1.0,1.0,0.0,0.0,0.0,0.0,0.0002153775500585,1.0,0.0,1.0,1.0,1.0,1.0,1.0,1.0,1.0,1.0,0.0,1.0,1.0,1.0,1.0,7,0.0,1.0,4,4,5.102785438186024,5.602336916114945,3.4578737543513096,1.0,1.0,1.0,1.0,1.0,1.0,0.0,1.0,0.0,1.0,1.0,0.0,1.0,0.0,0.0,1.0,0.0,0.0,2.9946224059397807e-16,1.0,0.0,0.0,0.0,0.0,1.0,0.0,0.0,0.0,0.0,1.0,0.0006465236547434001,4,0.0056236733829373,0.0,0.0,0.0,1.0,0.0,1.0,0.04705187608469375,0.0,0.9678947008137451,0.0,0.8946183211330718,1.0,1.0,1.0,1.0,0.0,1.0,0.4768751210496571,1.0,0.0,1.0,1.0,1.0,0.0,0.0,0.0152386644487343,1.0,0.0,0.0,1.0,1.0,1.0,1.0,0.0,0.14078878458100444,1.0,1.0,0.0,0.0,0.5,1.0,1.0,0.0,0.1689705936502219,1.0,0.9744909476039041,0.6294146850731079,0.00021146952761650001,0.0,1.0,0.0,1.0,1.0,1.0,0.0,0.0,0.0,0.0005727894081979,0.0,0.0,1.0,0.076147221041516,0.0,0.0,1.0,1.0,0.0,1.0,0.0,1.0,0.0,0.0,1.0,1.0,1.0,1.0,0.0,1.0,1.0,0.9620165887135784,3.009531380832572,0.6603731643028612,5.0095718764758175,4,5,0.0,2.0,4.0,0.0,0.0,0.0,0.0,0.0,0.0,0.0,0.0,0.0,0.0,0.0,0.0,1.0,0.0,1.0,0.0,0
VAR_001970,0.0001044575833635268,0.0016358823271088998,0.0007310017036708,3.7129679867508194e-05,8.876442443053392e-05,7.433055144873986e-05,0.00030621979965035,0.00017271774510524998,3.7521301764300893e-05,0.0002974181736794,0.0029526738013691,8,0.0,0.0032310266065212,1.0,0.1841691539343404,0.0,1.0,0.4069758117268689,0.0,0.0,1.0,0.0,1.0,1.0,1.0,0.0,0.0,1.0,1.0,1.0,0.0003029603903448,1.0,0.0,0.0,1.0,1.0,0.0,1.0,1.0,1.0,1.0,0.0,1.0,0.0,1.0,1.0,0,0.0,0.0,0,0,5.202345076449563,2.5407449116019625,1.900688053746285,0.0,0.0,1.0,0.0,0.0,0.0,0.0,1.0,1.0,0.0,0.0,1.0,0.0,0.0,1.0,0.0,0.0,0.0,3.3230172844351503e-06,1.0,0.0,1.0,1.0,1.0,0.0,1.0,1.0,1.0,0.0,1.0,3.290552894798957e-05,0,0.0152804461020265,0.0,0.0,0.0,1.0,0.0,1.0,0.04705187608469375,0.0,0.9678947008137451,0.0,0.8946183211330718,1.0,1.0,1.0,1.0,0.0,1.0,0.4768751210496571,1.0,0.0,1.0,1.0,1.0,0.0,0.0,0.0152386644487343,1.0,0.0,0.0,1.0,1.0,1.0,1.0,0.0,0.14078878458100444,1.0,1.0,0.0,0.0,0.5,1.0,1.0,0.0,0.1689705936502219,1.0,0.9744909476039041,0.6294146850731079,0.00021146952761650001,0.0,1.0,0.0,1.0,1.0,1.0,0.0,0.0,0.1646788067267648,0.00014081668782070002,1.0,0.0,0.49516481135734647,0.0367947255153128,1.0,0.0,0.0,0.994992128032371,0.0,1.0,1.0,0.0,1.0,1.0,1.0,1.0,1.0,0.0,1.0,0.4087696357423727,0.9793864363855732,1.0,2.863523614721672,0.5846964738794079,2.331330024927741,17,14,-0.8,-1.0,4.0,0.0,0.0,0.0,0.0,0.0,0.0,0.0,0.0,0.0,0.0,1.0,0.0,1.0,1.0,0.0,1.0,1
VAR_001859,0.0296387375662666,0.0993537075398547,0.0402203106879293,0.0003727940695845,5.19025835911485e-09,0.0306572096097545,1.2270570816495614e-09,0.0005117392213473,2.6971493858913893e-08,2.78367523354928e-07,0.0125630538587724,9,0.0,0.0032310266065212,1.0,0.1841691539343404,0.0,1.0,0.4069758117268689,0.0,1.0,0.0,1.0,1.0,0.9916633672366788,1.0,1.0,1.0,0.0,1.0,0.0,0.0052462200061083,1.0,1.0,1.0,0.0,1.0,1.0,0.0,1.0,1.0,0.0,0.0,0.0,0.0,0.0,1.0,0,1.0,1.0,4,4,5.464323606609145,5.380588995693642,3.919941772646209,0.0,0.0,0.0,0.0,1.0,0.0,0.0,0.0,0.0,0.0,1.0,0.0,0.0,1.0,0.0,1.0,1.0,0.325912572949313,1.7211112196719665e-07,1.0,1.0,0.0,1.0,0.0,1.0,0.0,0.0,0.0,0.0,1.0,6.837938094804417e-06,4,0.0002027687226474,1.0,0.0,0.0,1.0,1.0,0.0,1.5126511451491532e-06,0.0,0.0,0.0,1.0,1.0,1.0,1.0,1.0,0.0,0.0,1.0,0.0,0.0,0.0,0.0,0.0,0.0,1.0,0.0,1.0,1.0,0.0,0.0,1.0,0.0,0.0,0.5173435203509166,0.0,1.0,0.0,0.0,0.0,0.0,0.0,0.0,1.0,0.0,0.0,1.0,1.0,0.0665434522704407,0.0,0.0,1.0,1.0,0.0,0.0,0.0,1.0,0.0,7.054425875436214e-06,0.0,1.0,1.0,0.0617599740549085,0.0,1.0,1.0,0.0,1.0,0.0,1.0,0.0,0.0,1.0,1.0,1.0,1.0,1.0,0.0,1.0,1.0,0.9836355927150864,7.1019282162054935,0.6923742155400601,7.88925651286325,11,14,-5.4,-3.0,4.0,0.0,0.0,0.0,0.0,0.0,0.0,0.0,0.0,0.0,0.0,1.0,0.0,1.0,1.0,0.0,1.0,1
VAR_001945,2.4584581279420855e-05,0.0008430387692993,0.0066050191644133,2.4793150121101257e-06,0.0223379438116052,0.0001839262565835,0.0016437402356866,0.0012358989691844,2.0119492101209327e-10,6.962907442059153e-12,2.663890741550023e-05,18,0.0,0.0032310266065212,1.0,0.1841691539343404,0.0,1.0,0.4069758117268689,1.0,0.0,0.0,0.0,1.0,0.4784266843477351,1.0,0.0,0.0,0.0,0.0,0.0,0.0032271412755517,1.0,1.0,0.0,0.0,1.0,0.0,0.0,1.0,1.0,0.0,0.0,0.0,1.0,1.0,1.0,3,1.0,1.0,4,4,5.632504380331452,5.625860882981218,3.174761032397138,0.0,0.0,1.0,0.0,1.0,1.0,1.0,0.0,0.0,0.0,0.0,0.0,1.0,1.0,1.0,0.0,1.0,1.0,0.0273404517291641,1.0,1.0,1.0,1.0,1.0,1.0,0.0,0.0,1.0,0.0,0.0,6.8008581040819894e-06,4,0.0001900430359972,0.0,0.0,0.0,0.0,1.0,1.0,0.0006172690875269,0.0,1.0,1.0,0.0,1.0,0.0,0.0,1.0,0.0,0.0,0.0,0.0,1.0,0.0,1.0,1.0,0.0,0.0,0.0,1.0,0.0,0.0,1.0,1.0,0.0,0.0,1.0,0.0,1.0,1.0,0.0,0.0,1.0,1.0,1.0,1.0,0.0,1.0,0.0,1.0,0.0680742804321791,0.0,1.0,0.0,1.0,1.0,1.0,0.0,0.0,0.0,8.505277368697367e-06,1.0,1.0,0.0,1.0048839631537431e-09,1.0,0.0,0.0,0.0,1.0,1.0,0.0,0.0,0.0,1.0,1.0,1.0,1.0,1.0,0.0,0.994185109858318,0.9940004775091508,0.9980432628050834,8.153326144691341,0.6138749129079272,7.798526306777113,11,14,-5.4,-3.0,4.0,0.0,0.0,0.0,0.0,0.0,0.0,0.0,0.0,0.0,0.0,1.0,0.0,1.0,1.0,0.0,0.0,1
VAR_001934,0.0056233933919453,0.0005500974049953,6.04350126814803e-05,1.3456706291912386e-10,7.593733901700986e-08,2.080724780635871e-06,0.0118465102817352,0.0118093125141621,2.9177460848616723e-09,0.0002974181736794,0.0043531350807297,28,0.0,0.0032310266065212,1.0,0.1841691539343404,0.0,1.0,0.4069758117268689,0.0,0.0,0.2725761714248297,0.0,1.0,0.0,1.0,1.0,1.0,1.0,1.0,0.0,1.9685005885686765e-07,1.0,0.0,1.0,1.0,1.0,1.0,0.0,1.0,0.0,1.0,1.0,0.0,1.0,1.0,1.0,3,0.0,1.0,4,4,6.16,5.920897708919692,3.67522397857169,1.0,1.0,1.0,0.0,0.0,1.0,1.0,1.0,0.0,0.0,0.037801505428781,0.0,1.0,0.0,0.0,0.0,1.0,0.0,0.0478506349377039,0.0,0.0,1.0,0.0,1.0,1.0,0.0,0.0,1.0,1.0,1.0,0.0002992605532405,4,0.0058581531894839,1.0,0.0,1.0,0.0,1.0,0.0,0.0886453466236559,0.0,1.0,0.0,0.0,1.0,1.0,0.0,1.0,1.0,1.0,1.0,1.0,0.0,0.0,1.0,1.0,0.0,0.0,0.0,1.0,1.0,0.0,0.0,1.0,0.6391308662069847,1.0,1.0,0.2815775691620089,1.0,1.0,0.0,0.0,0.0,1.0,0.0,1.0,0.0,1.0,0.0,1.0,0.0177126963315842,0.0,1.0,0.0,0.0,0.0,0.0,0.0,1.0,1.0,0.0005883440698905,0.0,1.0,0.0,0.1,1.0,1.0,1.0,1.0,0.0,1.0,0.0,0.0,1.0,0.0,1.0,1.0,0.0,0.0,0.0,0.9910018585027288,0.6394968386000348,0.9580799600288415,7.426630130249476,0.6969638857312382,7.589198677330624,9,21,-5.2,-1.0,3.0,0.0,0.0,0.0,0.0,0.0,0.0,0.0,0.0,0.0,0.0,1.0,0.0,0.0,1.0,1.0,0.0,0
VAR_001798,9.18000189808536e-05,0.0013967848594835,0.0233253974712266,0.0083697861111633,0.0102655896002415,5.056200000160556e-05,0.0136168684879528,4.472100001611254e-05,0.0290537955202823,0.0028978778904999,0.0003129631479989,15,0.0,0.0032310266065212,1.0,0.1841691539343404,0.0,1.0,0.4069758117268689,1.0,1.0,0.0,1.0,1.0,1.0,1.0,1.0,1.0,1.0,0.0,0.0,0.0137187505697747,1.0,1.0,0.0,1.0,1.0,1.0,0.0,1.0,0.0,0.0,0.0,1.0,1.0,1.0,1.0,3,1.0,0.0,2,2,5.802729321616849,6.036317761018395,3.4578737543513096,0.0,1.0,0.0,1.0,1.0,0.0,0.0,0.0,1.0,0.0,0.0,0.0,0.0,1.0,1.0,0.0,1.0,0.0,0.0002286900000851,1.0,0.0,0.0,0.0,0.0,0.0,0.0,0.0,0.0,0.0,0.0,0.0927629664907451,2,0.0070673238962125,1.0,0.0,0.0,1.0,1.0,1.0,5.994557442094551e-05,1.0,1.0,0.0,0.0,0.0,0.0,1.0,1.0,1.0,1.0,0.0,1.0,1.0,0.0,0.0,1.0,1.0,0.0,0.0,0.0,1.0,1.0,1.0,1.0,0.0,1.0,0.0,0.0,0.0,0.0,0.0,1.0,1.0,1.0,1.0,1.0,1.0,1.0,1.0,1.0,6.441197820745286e-18,1.0,1.0,1.0,1.0,1.0,1.0,0.0,0.0,0.0,0.0016618416524396,1.0,0.0,1.0,0.0109254922627811,1.0,0.0,1.0,0.0,1.0,1.0,1.0,1.0,0.0,1.0,0.0,0.0,0.0,1.0,0.0,0.9722675271557006,0.5704704419610368,1.0,3.7232906823385594,0.5997793541294557,5.621555528488907,16,3,7.0,-3.0,2.0,0.0,0.0,0.0,0.0,0.0,1.0,0.0,0.0,0.0,0.0,0.0,0.0,1.0,1.0,0.0,0.0,1
VAR_001912,0.0001044575833635268,0.0016358823271088998,0.0007310017036708,3.7129679867508194e-05,8.876442443053392e-05,7.433055144873986e-05,0.00030621979965035,0.00017271774510524998,3.7521301764300893e-05,0.0002974181736794,0.0029526738013691,8,0.0,0.0032310266065212,1.0,0.1841691539343404,0.0,1.0,0.4069758117268689,1.0,0.0,0.9694542376382972,0.0,1.0,1.0,1.0,1.0,0.0,0.0,0.0,0.0,0.0002153775500585,1.0,0.0,1.0,1.0,1.0,1.0,1.0,1.0,1.0,1.0,0.0,1.0,1.0,1.0,1.0,7,0.0,1.0,4,4,5.862072599044433,5.928549478235653,3.497916216886523,0.0,1.0,0.0,1.0,1.0,1.0,1.0,0.0,0.0,0.0,0.0,1.0,0.0,0.0,0.0,0.0,0.0,0.0,1.168955817718926e-10,0.0,0.0,1.0,0.0,0.0,0.0,1.0,0.0,0.0,0.0,1.0,0.0006465236547434001,4,7.629300001969213e-05,0.0,0.0,0.0,1.0,0.0,1.0,0.04705187608469375,0.0,0.9678947008137451,0.0,0.8946183211330718,1.0,1.0,1.0,1.0,0.0,1.0,0.4768751210496571,1.0,0.0,1.0,1.0,1.0,0.0,0.0,0.0152386644487343,1.0,0.0,0.0,1.0,1.0,1.0,1.0,0.0,0.14078878458100444,1.0,1.0,0.0,0.0,0.5,1.0,1.0,0.0,0.1689705936502219,1.0,0.9744909476039041,0.6294146850731079,0.00021146952761650001,0.0,1.0,0.0,1.0,1.0,1.0,0.0,0.0,0.0,7.939940007353839e-07,1.0,0.0,0.0,0.0999999686848988,1.0,1.0,0.0,0.0,0.0,0.0,0.0,0.0,0.0,0.0,1.0,1.0,1.0,0.0,0.0,0.968341234295348,0.7914874497222297,1.0,5.963446260283033,0.6407383753993895,8.083601198587454,9,19,-5.3,-2.0,2.0,0.0,0.0,0.0,0.0,0.0,0.0,0.0,0.0,0.0,0.0,0.0,1.0,1.0,0.0,0.0,0.0,0
VAR_001887,2.8275123869511768e-06,0.0113177776964989,0.0438729798351699,2.836107698042357e-06,0.0006458130700378,1.2590806766066966e-06,5.0461281822166187e-05,4.305436157259487e-07,1.7647878616786057e-06,0.0002974181736794,0.0899847757583308,9,0.0,0.0032310266065212,1.0,0.1841691539343404,0.0,1.0,0.4069758117268689,1.0,0.0,0.9694542376382972,0.0,1.0,1.0,1.0,1.0,0.0,0.0,0.0,0.0,0.0002153775500585,1.0,0.0,1.0,1.0,1.0,1.0,1.0,1.0,1.0,1.0,0.0,1.0,1.0,1.0,1.0,7,0.0,1.0,4,4,4.830091334985829,4.997845379544212,3.4578737543513096,1.0,1.0,0.6375304039389164,0.0,1.0,1.0,0.0,0.0,1.0,0.0,0.3067220345285742,1.0,1.0,0.0,1.0,0.0,1.0,0.0,6.8481e-05,1.0,0.0,1.0,1.0,1.0,0.0,1.0,1.0,1.0,0.0,1.0,0.0006465236547434001,4,1.223758579252325e-05,0.0,0.0,0.0,1.0,0.0,1.0,0.04705187608469375,0.0,0.9678947008137451,0.0,0.8946183211330718,1.0,1.0,1.0,1.0,0.0,1.0,0.4768751210496571,1.0,0.0,1.0,1.0,1.0,0.0,0.0,0.0152386644487343,1.0,0.0,0.0,1.0,1.0,1.0,1.0,0.0,0.14078878458100444,1.0,1.0,0.0,0.0,0.5,1.0,1.0,0.0,0.1689705936502219,1.0,0.9744909476039041,0.6294146850731079,0.00021146952761650001,0.0,1.0,0.0,1.0,1.0,1.0,0.0,0.0,1.0,2.1041710189141457e-06,0.0,0.0,0.6116922226441509,0.0083483256511095,0.0,1.0,1.0,1.0,0.0,0.0,1.0,1.0,1.0,0.0,0.0,1.0,0.0,0.0,1.0,0.9839926228530864,1.0,0.977524536553868,7.221406396076206,0.6321888057259412,7.609307868586933,23,4,-2.2,-3.0,2.0,0.0,0.0,0.0,0.0,0.0,0.0,0.0,0.0,0.0,0.0,0.0,1.0,1.0,0.0,0.0,1.0,1
VAR_001956,0.0001044575833635268,0.0016358823271088998,0.0007310017036708,3.7129679867508194e-05,8.876442443053392e-05,7.433055144873986e-05,0.00030621979965035,0.00017271774510524998,3.7521301764300893e-05,0.0002974181736794,0.0029526738013691,8,0.0,0.0032310266065212,1.0,0.1841691539343404,0.0,1.0,0.4069758117268689,1.0,0.0,0.9694542376382972,0.0,1.0,1.0,1.0,1.0,0.0,0.0,0.0,0.0,0.0002153775500585,1.0,0.0,1.0,1.0,1.0,1.0,1.0,1.0,1.0,1.0,0.0,1.0,1.0,1.0,1.0,7,0.0,1.0,4,4,5.910938765032354,2.2297241784836084,-1.3468949790742109,1.0,1.0,0.6375304039389164,0.0,1.0,1.0,0.0,0.0,1.0,0.0,0.3067220345285742,1.0,1.0,0.0,1.0,0.0,1.0,0.0,6.8481e-05,1.0,0.0,1.0,1.0,1.0,0.0,1.0,1.0,1.0,0.0,1.0,0.0006465236547434001,4,3.3291672252844866e-05,0.0,0.0,0.0,1.0,0.0,1.0,0.04705187608469375,0.0,0.9678947008137451,0.0,0.8946183211330718,1.0,1.0,1.0,1.0,0.0,1.0,0.4768751210496571,1.0,0.0,1.0,1.0,1.0,0.0,0.0,0.0152386644487343,1.0,0.0,0.0,1.0,1.0,1.0,1.0,0.0,0.14078878458100444,1.0,1.0,0.0,0.0,0.5,1.0,1.0,0.0,0.1689705936502219,1.0,0.9744909476039041,0.6294146850731079,0.00021146952761650001,0.0,1.0,0.0,1.0,1.0,1.0,0.0,0.0,1.0,0.0001302121380855,1.0,1.0,0.0,0.0272759251483844,0.0,0.0,0.0,0.0,0.0,0.0,0.0,0.0,1.0,1.0,1.0,0.0,0.0,1.0,1.0,0.8305990751171466,1.0,0.9519274806062776,-0.0357087866566202,0.6122600859546572,0.6581326827653252,4,5,0.0,2.0,4.0,0.0,0.0,0.0,0.0,0.0,0.0,0.0,0.0,0.0,0.0,0.0,0.0,1.0,0.0,0.0,0.0,0
