Variant_ID,AL_7,AL_8,AL_9,AL_10,AL_11,AL_12,AL_13,AL_14,AL_15,AL_21,AL_26,AL_27,AL_28,AL_29,AL_31,AL_33,AL_35,AL_37,AL_39,AL_42,AL_45,AL_48,AL_50,AL_51,AL_53,AL_54,AL_57,AL_60,AL_63,AL_66,AL_67,AL_68,AL_69,AL_72,AL_75,AL_77,AL_78,AL_81,AL_83,AL_84,AL_86,AL_87,AL_90,AL_92,AL_93,AL_95,AL_96,AL_98,EK_1,EK_2,EK_3,AL_99,AL_102,AL_105,AL_108,AL_111,AL_114,AL_117,AL_120,AL_123,AL_126,AL_129,AL_132,AL_135,AL_138,AL_141,AL_144,AL_147,AL_150,AL_151,AL_153,AL_156,AL_159,AL_162,AL_165,AL_168,AL_171,AL_174,AL_177,AL_180,AL_183,AL_184,AL_186,AL_187,AL_189,AL_192,AL_193,AL_196,AL_198,AL_201,AL_202,AL_205,AL_206,AL_209,AL_210,AL_213,AL_214,AL_216,AL_217,AL_218,AL_221,AL_222,AL_223,AL_225,AL_228,AL_229,AL_232,AL_234,AL_237,AL_238,AL_241,AL_242,AL_245,AL_246,AL_249,AL_250,AL_253,AL_254,AL_257,AL_258,AL_259,AL_261,AL_264,AL_265,AL_268,AL_270,AL_273,AL_274,AL_277,AL_278,AL_279,AL_281,AL_282,AL_285,AL_286,AL_289,AL_290,AL_293,AL_294,AL_295,AL_296,AL_297,AL_300,AL_301,AL_304,AL_305,AL_308,AL_310,AL_313,AL_314,AL_317,AL_318,AL_321,AL_322,AL_325,AL_326,AL_329,AL_330,AL_333,AL_334,EK_4,EK_5,EK_6,EK_7,EK_8,EK_9,DELTA_HIDRO,BLOSUM62,SNV_PATHWAY_COUNT,BAZ_A_C,BAZ_A_G,BAZ_A_T,BAZ_C_A,BAZ_C_G,BAZ_C_T,BAZ_G_A,BAZ_G_C,BAZ_G_T,BAZ_T_A,BAZ_T_C,BAZ_T_G,IS_EXOME,IS_ALLOFUS,POP_NFE,POP_AFR,CAT_1__AFR,CAT_1__AMR,CAT_1__EAS,CAT_1__EAS_EUR,CAT_1__EAS_EUR_SAS_gnomADe_ASJ_gnomADe_FIN_gnomADg_AMI_gnomADg_ASJ_gnomADg_EAS_gnomADg_FIN_gnomADg_MID_gnomADg_SAS,CAT_1__EAS_SAS,CAT_1__EUR,CAT_1__SAS,CAT_1__MISSING,CAT_1__gnomADe_AFR,CAT_1__gnomADe_AFR_gnomADe_AMR_gnomADe_ASJ_gnomADe_EAS_gnomADe_FIN_gnomADe_MID_gnomADe_NFE_gnomADe_REMAINING_gnomADe_SAS,CAT_1__gnomADe_AMR,CAT_1__gnomADe_ASJ,CAT_1__gnomADe_EAS,CAT_1__gnomADe_FIN,CAT_1__gnomADe_MID,CAT_1__gnomADe_NFE,CAT_1__gnomADe_NFE_gnomADg_NFE,CAT_1__gnomADe_REMAINING,CAT_1__gnomADe_SAS,CAT_1__gnomADg_AFR,CAT_1__gnomADg_AFR_gnomADg_AMI_gnomADg_AMR_gnomADg_ASJ_gnomADg_EAS_gnomADg_FIN_gnomADg_MID_gnomADg_NFE_gnomADg_REMAINING_gnomADg_SAS,CAT_1__gnomADg_AMI,CAT_1__gnomADg_AMR,CAT_1__gnomADg_ASJ,CAT_1__gnomADg_EAS,CAT_1__gnomADg_FIN,CAT_1__gnomADg_MID,CAT_1__gnomADg_NFE,CAT_1__gnomADg_REMAINING,CAT_1__gnomADg_SAS,CAT_2__AllofUs_AFR,CAT_2__AllofUs_AMR,CAT_2__AllofUs_EAS,CAT_2__AllofUs_EUR,CAT_2__AllofUs_MID,CAT_2__AllofUs_OTH,CAT_2__AllofUs_SAS,CAT_2__MISSING,CAT_3__blank,CAT_3__A_A,CAT_3__C_C,CAT_3__G_G,CAT_3__T_T,CAT_3__MISSING,CAT_4__blank,CAT_4__A_A,CAT_4__C_C,CAT_4__G_G,CAT_4__T_T,CAT_4__MISSING,CAT_5__blank,CAT_5__A_A,CAT_5__C_C,CAT_5__G_G,CAT_5__T_T,CAT_5__MISSING,AA_1__A,AA_1__AG,AA_1__C,AA_1__CG,AA_1__D,AA_1__E,AA_1__F,AA_1__G,AA_1__H,AA_1__I,AA_1__K,AA_1__L,AA_1__M,AA_1__N,AA_1__P,AA_1__Q,AA_1__R,AA_1__S,AA_1__SV,AA_1__T,AA_1__TH,AA_1__V,AA_1__W,AA_1__Y,AA_1__MISSING,AA_2__blank,AA_2__A,AA_2__AS,AA_2__C,AA_2__D,AA_2__E,AA_2__F,AA_2__G,AA_2__H,AA_2__I,AA_2__K,AA_2__L,AA_2__M,AA_2__N,AA_2__P,AA_2__PN,AA_2__Q,AA_2__R,AA_2__RI,AA_2__S,AA_2__SD,AA_2__T,AA_2__V,AA_2__W,AA_2__Y,AA_2__MISSING,Label
VAR_001979,-0.26901083415286153,1.70057507716471,-0.5664905676009111,-0.44724965291741836,-0.4664020967300939,-0.49287364460516614,-0.5292165546500358,-0.3463480478761413,-0.39841665802067616,-0.46136093108119086,-0.4609886734008302,-0.31442991535651627,0.5950852472060669,0.13757488045973346,0.3031324189188476,-1.0050108562619995,0.7153273288487508,-0.7687343907083706,0.1593848817150369,-0.387880592530983,-1.2427965579458726,0.7594168803049447,0.3911195523740682,0.7158404052613899,0.6008839649609465,0.5808178695515157,-0.1195269616231039,-0.2173545350801554,-0.12776798721953023,0.22276266241262635,-0.2433433443397304,-0.2433984670073505,0.7526308278861896,-0.3675305459638849,-1.186108106015113,0.6017555944725487,-1.3746156185349752,0.9882087304835168,-1.7940565495536767,1.010128788601319,1.0396470922239303,-1.1765898840784197,1.0597039412261138,-1.3300444161555385,1.0039433877244224,0.19561519910898906,1.3851815085649268,-1.454080642177539,0.609938280700585,0.3446368259700594,-0.04530400079503608,-1.0658754601968945,-1.298564435242429,1.1134560350208595,-0.9838229206248016,-1.1160535663217912,-1.2672905159110424,-1.016421815925668,-1.0172782175782764,1.0464693567588907,1.1591807924406405,1.1599643265355106,1.0763391081668667,-1.1914334140073664,1.2992260860127374,0.9971289059323633,1.1237856489113989,1.0146473970671759,-0.8633646136777833,-0.3863534235192294,-1.2177085566348373,1.1806612330787183,0.9879030973070977,1.009190918289187,-1.2414426379464678,-1.0664614009045903,-1.1010564321581946,1.0341904547202905,1.0075363498063885,-1.0187698200513067,-0.9012667192864244,0.410908123441577,-0.5517915114702202,-0.19211592692466128,-1.0768863120804655,-0.8570604384154882,0.6120134514540838,-0.2003449356756544,0.5395102020120627,-0.6216169853385523,-0.14770449011392464,0.1386463636547845,0.43879067442121883,-0.30047794876572487,0.16549292080205957,0.584836629609403,0.014589603651080134,0.0,-0.7063031176391064,-0.3027014626982011,-0.20883160585966384,-0.7847582680551756,0.3324635721604227,0.14019091321990693,-0.32133080443326034,0.15132102386527777,-0.6516561210304952,-0.5923213349632044,-0.8171119889996148,0.6313957676867452,0.40105474588425666,-0.6227123140721827,0.5264815139852691,-0.13773833244675973,-0.3951525851055374,-0.8652096828917023,0.09283716729271169,0.28756464762492934,0.5557844438376058,0.1866611360482732,-0.5458951403375171,0.07471535063062373,-0.2638704041841718,0.19252376611928598,0.1142231972871786,-0.1501544302083263,-0.17132885158787856,0.6459685848274638,-0.3824827406163465,0.6927326700019523,0.7054342426776613,-0.5562049722470762,0.05807160347899948,0.18622223318400533,1.080238369675639,0.2754586989700371,-0.8318940788971679,-0.9541254458708998,-0.2171861213815346,1.08229401958299,-0.008555647913314675,1.033553446742222,1.0248912165229476,-1.1246902141211947,-0.5671609289760151,-1.1499064780761865,1.111415624510702,-1.0244961742301215,1.0174663063384182,-0.9324988748360507,0.9209323689071074,-1.218545980178851,1.2149570402428211,-1.092379750480273,-1.165043332778669,0.8680084359979812,0.9014231033911361,-1.1669199319831562,-0.9928659691874683,0.8283742942329786,0.2129908427206709,0.3831358634331312,0.1623517809008462,0.28907140476844884,0.37266419823153574,-0.18620893546322062,-1.1252592110722839,-1.3840879488723994,0.6829249992655481,0.0,-0.2786932057166471,-0.0953462589245592,-0.2171861213815347,-0.13545709229571928,-0.3481553119113957,-0.511237358145545,-0.1933472978091327,-0.1354570922957193,-0.23904572186687878,2.3514701283890216,-0.2970442628930023,0.6089241120359331,0.7071067811865477,-0.7071067811865475,-0.43994134506405985,0.0,0.0,0.0,0.0,0.0,0.0,0.0,0.0,0.0,0.0,0.0,0.0,0.0,0.0,0.0,0.0,0.0,0.0,1.0,0.0,0.0,0.0,0.0,0.0,0.0,0.0,0.0,0.0,0.0,0.0,0.0,0.0,0.0,0.0,1.0,0.0,0.0,0.0,0.0,0.0,0.0,0.0,0.0,1.0,0.0,0.0,0.0,0.0,0.0,1.0,0.0,0.0,0.0,0.0,0.0,1.0,0.0,0.0,0.0,0.0,0.0,0.0,0.0,0.0,0.0,0.0,0.0,0.0,1.0,0.0,0.0,0.0,0.0,0.0,0.0,0.0,0.0,0.0,0.0,0.0,0.0,0.0,0.0,0.0,0.0,0.0,0.0,0.0,0.0,0.0,0.0,0.0,0.0,0.0,0.0,0.0,1.0,0.0,0.0,0.0,0.0,0.0,0.0,0.0,0.0,0.0,0.0,0.0,1
VAR_001959,0.42530871760116395,-0.7840264802088104,1.1740153737372352,-0.44722684062423235,-0.40683914289981665,-0.49286912139087774,-0.5571641805878196,-0.19885200427637595,-0.3596463008739861,-0.421260260678795,3.013667758929449,0.24870669994776531,-1.1445171997560366,-0.625965706091788,-1.2378543492771192,1.3796696963626436,-0.8503641156206425,1.4472167065932027,-0.3117450641853879,0.5688915357121086,0.3195931708832746,-0.16580136329202746,-0.4128484163948504,0.4947420173338754,0.005365035401437297,-0.3401933235944593,0.3480275285909173,0.24661379941786885,0.3297238379858845,0.22276266241262635,-0.32664400070342603,0.4493510160135705,0.1405461380288976,0.10138773681762345,1.1565609289969432,0.6017555944725487,1.047326185550457,0.9882087304835168,-1.7940565495536767,1.010128788601319,-1.2683694525131952,-1.1765898840784197,-1.2834661280188786,0.9839827028611506,-1.3977315268749497,0.19561519910898906,-1.029644141675261,0.919492170788738,0.841167785474816,0.5047833038356013,1.438877377061148,-1.0658754601968945,-1.298564435242429,-1.1326929475358645,1.2143629110381289,-1.1160535663217912,0.9514673274032434,1.178574712629763,-1.0172782175782764,1.0464693567588907,1.1591807924406405,-0.40182407269783266,-1.1118228150295109,1.0127184019062614,-0.9263000798424149,-1.1730928305086623,-1.0723447565316517,1.0146473970671759,-0.8633646136777833,-0.384852723279152,0.955372629642766,-1.0029915497650093,0.9879030973070977,1.009190918289187,0.9668928237852297,-1.0664614009045903,1.0506559616720805,1.0341904547202905,1.0075363498063885,-1.0187698200513067,0.5993423683254726,1.0454583498656875,-0.5524950791989791,1.2618523382097067,-1.0768863120804655,-0.8570604384154882,-1.32894349458601,1.2499781856285386,1.07225433678547,-1.3286250506508248,1.3233226924555272,-1.3253661969609918,-1.02238227140144,1.155236690820497,1.1323199844351433,-1.352539204905001,0.5544049387410508,0.0,0.8640501364838892,1.1581621181496393,-1.1733912533481388,1.098661575277246,1.2907517170528129,1.0832934203356452,1.0866054834124719,-1.2883904317672241,-1.137118063543146,-1.0585736667020706,-1.1586225279789357,-1.2756771632854644,-0.3557877981154802,1.3381690153466055,-1.4545167250779456,0.8486458547526188,-1.3764993760453141,1.114960931561472,-1.129815761937809,-1.1592911349996455,-1.4041276118605301,-1.2932950140487498,-1.0156188657442176,1.5382572188657846,1.153369024740493,-1.2645311001925834,-1.3470719221911818,1.2832204818413648,-1.1138648061882561,1.1414713241319605,1.1102318953630232,-1.1776162023132102,0.024430616703975477,1.388322647262387,-1.4294548548676875,1.1476486463665432,-1.3768612006931302,1.2461226858168353,-1.312832843259593,-0.9541254458708998,-1.1814925003155485,1.08229401958299,0.2958837653794675,1.033553446742222,-1.081829617440889,-1.1246902141211947,0.4198788205051115,0.9774205063647585,1.111415624510702,1.089241285612694,1.0174663063384182,-0.9324988748360507,0.9209323689071074,0.9148704835412195,-0.9324988748360505,-1.092379750480273,0.9736916784744738,0.8680084359979812,-1.2457435162744455,0.9634766543676719,-0.9928659691874683,-1.3713756258593799,0.19794299824434844,0.45961603869494483,0.03011342100107062,-0.010949141672291657,-0.5075164023260778,-0.12468214853558365,1.3755949643697887,-0.6982229384936658,-0.6829249992655481,0.0,-0.2786932057166471,-0.0953462589245592,-0.2171861213815347,-0.13545709229571928,2.8722813232690143,-0.511237358145545,-0.1933472978091327,-0.1354570922957193,-0.23904572186687878,-0.4252658742831209,-0.2970442628930023,0.6089241120359331,0.7071067811865477,1.4142135623730951,-0.43994134506405985,0.0,0.0,0.0,0.0,0.0,0.0,0.0,0.0,0.0,0.0,0.0,0.0,0.0,0.0,0.0,0.0,1.0,0.0,0.0,0.0,0.0,0.0,0.0,0.0,0.0,0.0,0.0,0.0,0.0,0.0,0.0,0.0,0.0,0.0,0.0,0.0,1.0,0.0,0.0,0.0,0.0,1.0,0.0,0.0,0.0,0.0,0.0,1.0,0.0,0.0,0.0,0.0,0.0,1.0,0.0,0.0,0.0,0.0,0.0,0.0,0.0,0.0,0.0,0.0,0.0,0.0,0.0,0.0,0.0,0.0,0.0,0.0,0.0,0.0,1.0,0.0,0.0,0.0,0.0,0.0,0.0,0.0,0.0,0.0,0.0,0.0,0.0,0.0,1.0,0.0,0.0,0.0,0.0,0.0,0.0,0.0,0.0,0.0,0.0,0.0,0.0,0.0,0.0,0.0,0.0,0.0,0.0,0.0,1
VAR_001788,-0.3498134529958742,1.6285775614974298,1.0161562604021521,0.575772716541784,-0.4664020378688733,3.399158297008213,-0.5231705548561395,0.9281661840963683,-0.3308685377170464,-0.48896686941647616,-0.653314258787914,-0.31442991535651627,0.5950852472060665,0.13757488045973346,0.3031324189188476,-1.0050108562619995,0.7153273288487508,-0.7687343907083706,-1.2540049559862378,-0.8662666566525289,1.0935203165125211,1.2220260021034306,0.3911195523740682,-1.3865859297887166,0.6008839649609465,1.041323466124503,-1.0546359420511466,1.1745504684139176,1.2447074883967142,-1.1559342360041547,-0.3518953024557316,0.4493510160135705,-1.1156618915576297,-1.3053671115269019,-1.186108106015113,0.6017555944725487,1.047326185550457,0.9882087304835168,0.7590239248111715,1.010128788601319,-1.2683694525131952,-1.1765898840784197,-1.2834661280188786,0.9839827028611506,-1.3977315268749497,0.19561519910898906,1.3851815085649268,0.919492170788738,0.7066331536548139,0.3665597623820004,-0.12426931810024483,1.085255014018656,-1.298564435242429,-1.1326929475358645,-0.9838229206248016,1.0649666073000195,0.9514673274032434,-1.016421815925668,1.1376431975207442,1.0464693567588907,1.1591807924406405,-1.1114919142407116,1.0763391081668667,1.0127184019062614,-0.9263000798424149,-1.1730928305086623,1.1237856489113989,1.0146473970671759,-0.8633646136777833,-0.37551796952429367,-1.2177085566348373,1.1806612330787183,-1.2052417787146594,1.009190918289187,0.9668928237852297,-1.0664614009045903,1.0506559616720805,-1.175254772026969,-1.1920792721084463,1.1475797972991728,-1.4014697484903902,-0.5426532509963723,-0.5447788890325174,-1.1614281036809067,1.3042766488942688,-0.8570604384154882,-1.32894349458601,1.2499781856285386,-1.3908351418665734,1.2803907436564468,1.3233226924555272,1.1146547373986353,-1.02238227140144,-1.2709543751565395,-1.284747674647566,-1.352539204905001,-1.6048564016188311,0.0,-1.2297542023467716,1.1581621181496393,-1.1733912533481388,1.098661575277246,-1.1049686451781622,-1.2744628474537005,-1.2599549963304153,1.1111286609536124,-1.137118063543146,1.2726879919922605,1.3054020889740467,-1.2756771632854644,-1.0303084622236034,1.3381690153466055,-1.4545167250779456,-1.6173146132458274,1.0768676013041276,1.114960931561472,-1.129815761937809,-1.1592911349996455,-1.4041276118605301,-1.2932950140487498,1.3329997612892854,-0.9009792281928168,-1.2086966901339484,1.1638936769938657,-1.3470719221911818,1.2832204818413648,1.5181654894997205,1.1414713241319605,1.1102318953630232,1.1603198880807428,-0.6622688717732123,1.388322647262387,1.0497559090434576,-1.2559173865898015,-1.3768612006931302,1.2461226858168353,1.091860978552533,-0.9541254458708998,1.2292734470194862,1.08229401958299,5.379324875520339,-1.0831335013829928,1.0248912165229476,-1.1246902141211947,0.4198788205051126,0.9774205063647585,-1.0010353056380639,1.089241285612694,-1.1486214361181755,-0.9324988748360507,-1.2266200039645088,-1.218545980178851,1.2149570402428211,1.0054429537292477,0.9736916784744738,0.8680084359979812,0.9014231033911361,0.9634766543676719,1.1429503598785975,0.8283742942329786,0.2415999856431615,0.39763823155627975,0.17334037189704188,0.475838944019081,-0.252507756030319,1.0914632349404012,-0.4861520329037543,-0.6982229384936658,-0.6829249992655481,0.0,-0.2786932057166471,-0.0953462589245592,-0.2171861213815347,-0.13545709229571928,-0.3481553119113957,1.956038587687303,-0.1933472978091327,-0.1354570922957193,-0.23904572186687878,-0.4252658742831209,-0.2970442628930023,-1.89443057077846,0.7071067811865477,1.4142135623730951,-0.43994134506405985,0.0,0.0,0.0,0.0,0.0,0.0,0.0,0.0,0.0,0.0,0.0,0.0,0.0,0.0,0.0,0.0,0.0,0.0,0.0,0.0,0.0,0.0,0.0,0.0,0.0,0.0,0.0,0.0,1.0,0.0,0.0,0.0,0.0,0.0,1.0,0.0,0.0,0.0,0.0,0.0,0.0,0.0,1.0,0.0,0.0,0.0,0.0,0.0,1.0,0.0,0.0,0.0,0.0,0.0,1.0,0.0,0.0,0.0,0.0,0.0,0.0,0.0,0.0,0.0,1.0,0.0,0.0,0.0,0.0,0.0,0.0,0.0,0.0,0.0,0.0,0.0,0.0,0.0,0.0,0.0,0.0,0.0,0.0,0.0,0.0,0.0,0.0,1.0,0.0,0.0,0.0,0.0,0.0,0.0,0.0,0.0,0.0,0.0,0.0,0.0,0.0,0.0,0.0,0.0,0.0,0.0,0.0,0.0,1
VAR_001874,-0.25887604117257884,-0.2988143489271618,-0.37108194787053445,1.1179392855397265,2.109139687341671,0.3350656922538158,0.8267157190878084,0.09015975515813321,-0.3503341462458315,1.279299708222989,-0.520125672366598,1.1893926495036014,-1.1114619476801382,1.6646560535627766,0.4672982554953217,0.2070030674700849,0.07542617603449672,0.19284521349700803,-0.3117450641853879,0.5688915357121086,-0.30826980816251504,-0.6284104850905136,0.3911195523740682,0.4947420173338754,0.005365035401437297,-0.8006989201674468,-0.1195269616231039,0.24661379941786885,-0.12776798721953023,0.6823282952182201,0.40667438637960845,0.4493510160135705,0.28555764802523464,0.10138773681762345,1.1565609289969432,0.0259377411410588,0.07854946391628402,0.03850163885000727,0.7590239248111715,-0.885246833097895,0.11644047432908003,0.24299138910315177,0.12243591352811678,0.521177279057813,0.5236084048045481,-1.2519372742975208,-0.0637138815791859,-0.9793660795842835,-1.12517128257303,-1.9906888822930167,-2.1032484883715,-0.6356493653537844,0.4592483978296398,-0.2342333545131748,0.3350885783729567,-0.24364549687306683,-0.379787378585328,-0.13842320450349557,0.7066589145009402,-0.26580355738885314,-0.15824993753455854,0.2513818302250218,0.6387067235275913,-0.7506030508246408,0.4090156196706764,0.9971289059323633,0.24533348673417857,-0.7185703406175962,0.03324415836745199,-0.3142775132875276,-0.34847608212379594,-0.5662609931962638,0.5492741221027464,0.5698960479750703,0.5252257314388903,-0.61950738941344,1.0506559616720805,1.0341904547202905,-0.31223302334251235,-0.15222997311111489,0.5993423683254726,-0.5788881950435582,-0.23259206202440044,0.29254016145346123,-0.12442112769057163,-0.6767518254342552,0.12677421494406022,-0.2003449356756544,0.08701854532465249,0.2211878491153836,0.34263790407589256,0.4912523416135287,0.9258483230287718,0.6699984776250898,0.6489064526186016,-0.383851287647799,0.014589603651080134,0.0,-0.1828520329314412,0.18425306425107899,0.7557280416288111,-0.31390330722207016,-0.14668050028577212,0.14019091321990693,-0.32133080443326034,1.1111286609536124,0.31926776399480616,-0.12606900322433817,-0.8757627841622836,-0.3221406977993596,-0.5531873928543166,-0.1324919817174857,0.031231954219465324,0.8486458547526188,0.09552081036435081,0.12487562433488468,-0.15843230207526035,-0.19472061324992884,0.5557844438376058,0.1866611360482732,0.8632760358825847,0.07471535063062373,-0.2638704041841718,0.19252376611928598,0.1126435087615065,0.8054288444914679,0.04409495813151275,0.15046584552296663,0.596455271412187,-0.7100289842344196,-0.050695427399757645,-0.5562049722470762,0.05807160347899948,-0.29449097340726355,0.09739854152813121,-0.6952052878767611,0.1299834498276825,0.2876038663187934,-0.6993393108485416,0.22220270119399596,1.0998009023523792,-0.6597961117579497,0.1822028829374129,0.27302035963470284,1.793856091521024,0.5519551094765696,0.2664352524511957,0.6664937936441311,-0.7154038876268566,0.3559746742112724,0.06191141975846085,0.9148704835412195,-0.5030076918202762,0.1663138720454394,0.11819767397321672,-0.42237910501687476,0.4719897794580199,0.5373973370975064,0.7157870940653843,0.38842431021450696,0.2415999856431615,0.1635553797866291,0.21587839568824926,-2.1092205986655888,0.12798118678694748,-2.2152371232533645,-0.6528756445998924,-0.012357928114932163,2.048774997796644,0.0,-0.2786932057166471,-0.0953462589245592,-0.2171861213815347,-0.13545709229571928,-0.3481553119113957,-0.511237358145545,-0.1933472978091327,-0.1354570922957193,-0.23904572186687878,-0.4252658742831209,-0.2970442628930023,-0.8930886976527027,-1.4142135623730951,-0.7071067811865475,-0.43994134506405985,0.0,0.0,0.0,0.0,0.0,0.0,0.0,0.0,1.0,0.0,0.0,0.0,0.0,0.0,0.0,0.0,0.0,0.0,0.0,0.0,0.0,0.0,0.0,0.0,0.0,0.0,0.0,0.0,0.0,0.0,0.0,0.0,0.0,0.0,0.0,0.0,0.0,0.0,1.0,0.0,0.0,0.0,0.0,1.0,0.0,0.0,0.0,0.0,0.0,1.0,0.0,0.0,0.0,0.0,0.0,1.0,0.0,0.0,0.0,0.0,0.0,0.0,0.0,0.0,0.0,0.0,0.0,0.0,0.0,0.0,0.0,0.0,0.0,0.0,1.0,0.0,0.0,0.0,0.0,0.0,0.0,0.0,0.0,0.0,0.0,0.0,0.0,0.0,0.0,0.0,0.0,0.0,0.0,0.0,0.0,0.0,0.0,0.0,0.0,1.0,0.0,0.0,0.0,0.0,0.0,0.0,0.0,0.0,1
VAR_001775,0.09644968363278833,-0.6069231619438206,-0.5664910801079115,-0.44382059227542114,0.2553394068366755,-0.49285877489320973,0.07732768953890073,-0.3501149290930791,-0.39548663423730546,0.901400367447016,-0.6672745791253759,0.24870669994776531,0.8529104111864753,-1.3895062926433095,0.3031324189188476,0.557375920473235,-0.8503641156206425,-0.261946753835081,1.1016447735158867,-0.8662666566525289,1.0935203165125211,1.2220260021034306,-3.628720291470526,-1.3865859297887166,-2.3767106828366003,1.041323466124503,-1.0546359420511466,-1.1452912040762042,-1.04275163763036,-1.1559342360041547,-0.44216608142775154,0.4493510160135705,-1.1156618915576297,-1.3053671115269019,0.21949331499212069,0.6017555944725487,0.07854946391628402,-0.4363519069667473,0.7590239248111715,0.06244097775171194,0.5780437832765053,0.24299138910315177,-0.8148321141698801,0.9839827028611506,0.04327342188467346,0.19561519910898906,-0.0637138815791859,0.919492170788738,0.6252684512546812,0.3248628466821836,-0.007707412447560827,-1.0658754601968945,-1.298564435242429,-1.1326929475358645,-0.9838229206248016,1.0649666073000195,0.9514673274032434,-1.016421815925668,1.1376431975207442,-1.1406521668206824,-1.036537090851358,1.1599643265355106,-1.1118228150295109,1.0127184019062614,-0.9263000798424149,0.9971289059323633,-1.0723447565316517,-1.1518747750387892,-0.8633646136777833,-0.3864485266450193,-1.2177085566348373,1.1806612330787183,-1.2052417787146594,1.009190918289187,-1.2414426379464678,-1.0664614009045903,-1.1010564321581946,1.0341904547202905,1.0075363498063885,-1.0187698200513067,0.09913933912150681,-0.6226122041842264,-0.5484521980643059,-0.19211592692466128,0.8280440566993222,0.6186539315582326,0.6120134514540838,0.28309610475907654,0.08701854532465249,0.23698012843434305,-0.14770449011392464,-0.19405808071833325,-0.5353246227938869,-0.30047794876572487,-0.31792061101448216,-0.383851287647799,0.014589603651080134,0.0,-0.7063031176391064,0.18425306425107899,-0.6911114296039013,0.15695165361103508,0.3324635721604227,0.6117421667777763,-0.32133080443326034,0.15132102386527777,0.804729706507457,1.2726879919922605,0.3197922421928535,-0.798908930542412,0.8781758152535435,0.8479486829919085,0.031231954219465324,-0.6309304260464489,-0.8858259805754257,0.12487562433488468,-0.6441240320065348,-0.19472061324992884,0.5557844438376058,-0.7999762973497422,0.8632760358825847,-0.9009792281928168,-0.2638704041841718,0.19252376611928598,0.6013215704466323,-0.6279460675582235,0.12995001818568644,-0.8405396330860272,0.1325577304590409,-0.24244176615562898,0.12924985296786193,-0.5562049722470762,0.5539137562612287,1.1476486463665432,0.5888184556018852,-0.6952052878767611,0.610922214190108,1.005660223253098,-0.2171861213815346,1.08229401958299,0.2917128992943868,-1.0831335013829928,-1.081829617440889,-1.1246902141211947,0.41843064106958766,-1.1499064780761865,-1.0010353056380639,-1.0244961742301215,1.0174663063384182,-0.9324988748360507,0.9209323689071074,-1.218545980178851,-0.9324988748360505,-1.092379750480273,-1.165043332778669,-1.2826374656934454,0.9014231033911361,-1.1669199319831562,1.1429503598785975,0.8283742942329786,0.1594693008808422,0.3989174764001573,0.13499388238598903,0.185056822991618,0.23542932414397513,1.051205296157365,1.3200204271377425,-0.6982229384936658,-0.6829249992655481,0.0,-0.2786932057166471,-0.0953462589245592,-0.2171861213815347,-0.13545709229571928,-0.3481553119113957,-0.511237358145545,-0.1933472978091327,-0.1354570922957193,-0.23904572186687878,-0.4252658742831209,-0.2970442628930023,0.6089241120359331,-1.4142135623730951,-0.7071067811865475,-0.43994134506405985,0.0,0.0,0.0,0.0,0.0,0.0,0.0,0.0,0.0,0.0,0.0,0.0,0.0,0.0,0.0,0.0,0.0,0.0,0.0,1.0,0.0,0.0,0.0,0.0,0.0,0.0,0.0,0.0,0.0,0.0,0.0,0.0,0.0,0.0,0.0,0.0,0.0,0.0,1.0,0.0,0.0,0.0,1.0,0.0,0.0,0.0,0.0,0.0,1.0,0.0,0.0,0.0,0.0,0.0,1.0,0.0,0.0,0.0,0.0,0.0,0.0,0.0,0.0,0.0,0.0,0.0,0.0,0.0,0.0,0.0,0.0,0.0,0.0,0.0,0.0,0.0,0.0,0.0,0.0,1.0,0.0,0.0,0.0,0.0,0.0,1.0,0.0,0.0,0.0,0.0,0.0,0.0,0.0,0.0,0.0,0.0,0.0,0.0,0.0,0.0,0.0,0.0,0.0,0.0,0.0,0.0,0.0,0.0,1
VAR_001781,-0.36984259740289804,-0.7079266756084335,-0.15347832969048592,-0.4472439049770416,-0.4663596477863863,-0.3496529649205875,-0.556068553461574,-0.26680102817682483,-0.3971379531289302,-0.22884438734317133,-0.6671035984386448,-0.691979249608071,1.0896954414041797,-0.625965706091788,-0.6359157355207451,-0.26491785541617374,1.0012164676896353,-0.261946753835081,1.1016447735158867,-0.8662666566525289,-1.2427965579458726,1.2220260021034306,-3.628720291470526,0.9650740041145233,0.6008839649609465,-1.2612045167404342,-1.0546359420511466,-1.1452912040762042,-1.04275163763036,-1.1559342360041547,0.9937636955036535,0.4493510160135705,-1.1156618915576297,1.0392243023806405,-1.186108106015113,0.6017555944725487,-1.3746156185349752,-1.3860589986002567,-1.7940565495536767,1.010128788601319,-1.2683694525131952,-1.1765898840784197,1.0597039412261138,-1.3300444161555385,1.0039433877244224,0.19561519910898906,1.3851815085649268,-1.454080642177539,0.6794003498120397,0.3692878605119249,0.23930089998391096,-1.0658754601968945,0.8987016060976569,-1.1326929475358645,-0.9838229206248016,1.0649666073000195,-1.2672905159110424,-1.016421815925668,-1.0172782175782764,1.0464693567588907,1.1591807924406405,1.1599643265355106,-1.1118228150295109,-1.1914334140073664,1.2992260860127374,-1.1730928305086623,1.1237856489113989,1.0146473970671759,-0.8633646136777833,-0.3825460917876312,-1.2177085566348373,-1.0029915497650093,0.9879030973070977,-1.1872834332813964,-1.2414426379464678,1.1683086565511613,1.0506559616720805,1.0341904547202905,1.0075363498063885,1.1475797972991728,1.0995453975294383,-0.45473164251152637,-0.551414018732866,1.2618523382097067,-1.0768863120804655,-0.8570604384154882,-1.32894349458601,-1.1672270165451164,1.07225433678547,1.2872347915234497,-1.1283892784935592,-1.3253661969609918,-1.02238227140144,1.155236690820497,-1.284747674647566,-1.352539204905001,0.014589603651080134,0.0,0.3128771483334708,1.1581621181496393,1.2380078653730484,1.098661575277246,-1.1049686451781622,1.0832934203356452,1.0866054834124719,-1.2883904317672241,-1.137118063543146,-1.0585736667020706,1.3054020889740467,1.1081640004297975,1.3552968846228302,-1.1129326464268798,1.0217310737510725,0.8486458547526188,1.0768676013041276,1.114960931561472,-1.129815761937809,-1.1592911349996455,-1.4041276118605301,1.1732985694462887,1.3329997612892854,-0.9009792281928168,-1.2086966901339484,-1.2645311001925834,1.0884199436060857,-1.1057377049081205,-1.1138648061882561,1.1414713241319605,1.1102318953630232,1.1603198880807428,-0.6623895851319751,-1.0423368771244421,1.0497559090434576,-1.2559173865898015,1.080238369675639,1.2461226858168353,1.091860978552533,-0.9541254458708998,1.2292734470194862,-1.0679342763894948,-0.324078272838911,1.033553446742222,1.0248912165229476,1.1424808336171925,-0.5671609257953528,0.9774205063647585,-1.0010353056380639,-1.0244961742301215,1.0174663063384182,1.2149570402428211,0.9209323689071074,0.9148704835412195,1.2149570402428211,1.0054429537292477,0.9736916784744738,0.8680084359979812,-1.2457435162744455,0.9634766543676719,-0.9928659691874683,0.8283742942329786,-0.2725337967537555,0.45961603869494483,0.24743114516800238,-0.23361826095177327,-0.01008704369808497,0.87685278545285,0.26410421972886755,1.3593720926425352,-0.6829249992655481,0.0,-0.2786932057166471,-0.0953462589245592,-0.2171861213815347,-0.13545709229571928,-0.3481553119113957,1.956038587687303,-0.1933472978091327,-0.1354570922957193,-0.23904572186687878,-0.4252658742831209,-0.2970442628930023,0.6089241120359331,0.7071067811865477,1.4142135623730951,-0.43994134506405985,0.0,0.0,0.0,0.0,0.0,0.0,0.0,0.0,0.0,0.0,0.0,0.0,0.0,0.0,0.0,0.0,1.0,0.0,0.0,0.0,0.0,0.0,0.0,0.0,0.0,0.0,0.0,0.0,0.0,0.0,0.0,0.0,0.0,0.0,1.0,0.0,0.0,0.0,0.0,0.0,0.0,0.0,1.0,0.0,0.0,0.0,0.0,0.0,1.0,0.0,0.0,0.0,0.0,0.0,1.0,0.0,0.0,0.0,0.0,0.0,0.0,0.0,1.0,0.0,0.0,0.0,0.0,0.0,0.0,0.0,0.0,0.0,0.0,0.0,0.0,0.0,0.0,0.0,0.0,0.0,0.0,0.0,0.0,0.0,0.0,0.0,0.0,0.0,0.0,0.0,0.0,0.0,1.0,0.0,0.0,0.0,0.0,0.0,0.0,0.0,0.0,0.0,0.0,0.0,0.0,0.0,0.0,0.0,1
VAR_001918,-0.36780667046854454,1.7559167647308604,0.1579647333624669,-0.44221675066639776,-0.25123152233611257,-0.4771156290053652,-0.5544270209468537,-0.3492881853217754,-0.3959021929550788,-0.48912865823096574,0.843790972762166,0.24870669994776531,-1.1445171997560366,-0.625965706091788,-1.2378543492771192,1.3796696963626436,-0.8503641156206425,1.4472167065932027,1.1016447735158867,-0.8662666566525289,-0.43979853717531797,-1.0910196068889997,0.3911195523740682,0.9650740041145233,0.6008839649609465,-1.2612045167404342,1.2831365090189601,1.1745504684139176,-1.04275163763036,1.1418939280238138,-0.3747945287269277,0.4493510160135705,1.2197040077471442,1.0392243023806405,1.1565609289969432,0.6017555944725487,-1.3746156185349752,-1.3860589986002567,0.7590239248111715,1.010128788601319,-1.2683694525131952,-1.1765898840784197,-1.2834661280188786,0.9839827028611506,1.0039433877244224,0.19561519910898906,1.3851815085649268,0.919492170788738,0.9944346560398106,0.9863392470129992,0.2155739249459566,-1.0658754601968945,-1.298564435242429,1.1134560350208595,-0.9838229206248016,1.0649666073000195,-1.2672905159110424,1.178574712629763,1.1376431975207442,1.0464693567588907,-1.036537090851358,-0.7241843785412253,1.0763391081668667,-1.1914334140073664,1.2992260860127374,-1.1730928305086623,-1.0723447565316517,1.0146473970671759,-0.8633646136777833,-0.3795022623620577,-1.2177085566348373,1.1806612330787183,-1.2052417787146594,-1.1872834332813964,0.9668928237852297,1.1683086565511613,1.0506559616720805,-1.175254772026969,-1.1920792721084463,1.1475797972991728,1.0995453975294383,1.5845833327709802,-0.5398392959503234,-1.1614281036809067,-1.0768863120804655,-0.8570604384154882,1.0972526879641071,-1.1672270165451164,-1.3908351418665734,1.2872343441659297,1.3233226924555272,-1.3253661969609918,-1.02238227140144,-1.2709543751565395,-1.284747674647566,-1.352539204905001,-1.6048564016188311,0.0,1.387501221191554,-1.2766105165967614,1.2380078653730484,-1.2556132288882809,1.2907517170528129,-1.2744628474537005,1.0866054834124719,-1.2883904317672241,1.2901916490201075,1.2726879919922605,-1.1586225279789357,-1.2756771632854644,-1.0303084622236034,1.3381690153466055,-1.4545167250779456,0.8486458547526188,1.0768676013041276,1.114960931561472,-1.129815761937809,1.252135169374646,-1.4041276118605301,-1.2932950140487498,-1.0156188657442176,1.5382572188657846,-1.2086966901339484,1.1638936769938657,1.0884199436060857,1.2832204818413648,-1.1138648061882561,1.1414713241319605,1.1102318953630232,1.1603198880807428,-0.3425558471506239,-1.0423368771244421,-1.4294548548676875,-1.2559173865898015,1.080238369675639,-1.1805372813001602,-1.312832843259593,1.4956066405340973,-1.1814925003155485,-1.0679342763894948,-0.45526917590499977,1.033553446742222,1.0248912165229476,-1.1246902141211947,0.41968120202644926,0.9774205063647585,-1.0010353056380639,-1.0244961742301215,-1.1486214361181755,1.2149570402428211,-1.2266200039645088,0.9148704835412195,-0.9324988748360505,-1.092379750480273,0.9736916784744738,0.8680084359979812,0.9014231033911361,0.9634766543676719,-0.9928659691874683,0.8283742942329786,0.2415999856431615,0.4504486987760693,0.24743114516800238,0.556756298250145,-0.27495048259355315,-0.07380395739939696,1.653467650530019,-0.6982229384936658,-0.6829249992655481,0.0,-0.2786932057166471,-0.0953462589245592,-0.2171861213815347,-0.13545709229571928,2.8722813232690143,-0.511237358145545,-0.1933472978091327,-0.1354570922957193,-0.23904572186687878,-0.4252658742831209,-0.2970442628930023,0.6089241120359331,0.7071067811865477,-0.7071067811865475,-0.43994134506405985,0.0,0.0,0.0,0.0,0.0,0.0,0.0,0.0,0.0,0.0,0.0,0.0,0.0,0.0,1.0,0.0,0.0,0.0,0.0,0.0,0.0,0.0,0.0,0.0,0.0,0.0,0.0,0.0,0.0,0.0,0.0,0.0,0.0,0.0,1.0,0.0,0.0,0.0,0.0,0.0,0.0,1.0,0.0,0.0,0.0,0.0,0.0,1.0,0.0,0.0,0.0,0.0,0.0,1.0,0.0,0.0,0.0,0.0,0.0,0.0,0.0,0.0,0.0,0.0,0.0,0.0,0.0,0.0,0.0,0.0,0.0,0.0,0.0,0.0,1.0,0.0,0.0,0.0,0.0,0.0,0.0,0.0,0.0,0.0,0.0,0.0,0.0,0.0,0.0,0.0,0.0,0.0,0.0,1.0,0.0,0.0,0.0,0.0,0.0,0.0,0.0,0.0,0.0,0.0,0.0,0.0,0.0,0.0,1
VAR_001796,-0.3694345973190608,1.7783738245730358,3.245977608015992,-0.4472495380599145,-0.3679512923512579,-0.492398030814942,-0.5088083958755865,-0.35230588056410406,-0.39841599840038533,-0.3735749201722749,0.8906127070665205,0.62625603419932,0.8441951364398322,-0.625965706091788,-0.6359157355207451,-0.26491785541617374,-0.21046296280638835,-1.116528484049223,1.1016447735158867,-0.8662666566525289,-1.2427965579458726,1.2220260021034306,0.3911195523740682,-1.3865859297887166,0.6008839649609465,-1.2612045167404342,-1.0546359420511466,-1.1452912040762042,1.2447074883967142,-1.1559342360041547,-0.4421658887158382,0.4493510160135705,-1.1156618915576297,1.0392243023806405,1.1565609289969432,-2.277333672184901,-1.3746156185349752,0.9882087304835168,-1.7940565495536767,-1.3590907385226985,-1.2683694525131952,-1.1765898840784197,-1.2834661280188786,0.9839827028611506,-1.3977315268749497,0.19561519910898906,-1.029644141675261,0.919492170788738,0.6130365191953381,0.5077108173369596,0.346814799430923,-1.0658754601968945,-1.298564435242429,1.1134560350208595,1.2143629110381289,-1.1160535663217912,0.9514673274032434,1.178574712629763,-1.0172782175782764,-1.1406521668206824,1.1591807924406405,1.1599643265355106,-1.1118228150295109,1.0127184019062614,1.2992260860127374,0.9971289059323633,-1.0723447565316517,1.0146473970671759,1.3781573164353047,-0.3592222754829208,-1.2177085566348373,-1.0029915497650093,0.9879030973070977,-1.1872834332813964,0.9668928237852297,-1.0664614009045903,1.0506559616720805,1.0341904547202905,1.0075363498063885,-1.0187698200513067,1.0995453975294383,-0.6410025378949502,-0.5423177348671241,1.2618523382097067,1.3042766488942688,1.602463511540713,1.0972526879641071,-1.1672270165451164,1.07225433678547,1.2821939238297262,-1.1283892784935592,1.1146547373986353,1.4129059716363248,-1.2709543751565395,-1.284747674647566,1.0691805882380039,-1.6048564016188311,0.0,-1.2297542023467716,1.1581621181496393,-0.49098997250690773,-1.2556132288882809,-1.1049686451781622,1.0832934203356452,1.0866054834124719,1.1111286609536124,-1.137118063543146,1.2726879919922605,-1.1586225279789357,1.1081640004297975,1.3552968846228302,-1.1129326464268798,1.0217310737510725,-1.6173146132458274,1.0768676013041276,1.114960931561472,1.2986428877185627,1.252135169374646,-1.4041276118605301,1.1732985694462887,-1.0156188657442176,1.5382572188657846,-1.2086966901339484,-1.2645311001925834,-1.3470719221911818,1.2832204818413648,1.5181654894997205,1.1414713241319605,-1.3339535168969323,1.1603198880807428,-0.6623773175558995,1.388322647262387,1.0497559090434576,-1.2559173865898015,-1.3768612006931302,-1.1805372813001602,1.091860978552533,1.4956066405340973,-1.1814925003155485,1.08229401958299,1.736488508544509,1.033553446742222,-1.081829617440889,-1.1246902141211947,-0.4742575782143418,0.9774205063647585,-1.0010353056380639,-1.0244961742301215,-1.1486214361181755,-0.9324988748360507,-1.2266200039645088,-1.218545980178851,1.2149570402428211,-1.092379750480273,0.9736916784744738,-1.2826374656934454,0.9014231033911361,0.9634766543676719,1.1429503598785975,0.8283742942329786,0.19055569248985876,-0.7123655235269828,0.24743114516800238,1.173163447152753,0.5164078534014566,1.0914632349404012,0.4586151000410287,-0.012357928114932163,-0.6829249992655481,0.0,-0.2786932057166471,-0.0953462589245592,-0.2171861213815347,-0.13545709229571928,-0.3481553119113957,-0.511237358145545,5.1720402163943,-0.1354570922957193,-0.23904572186687878,-0.4252658742831209,-0.2970442628930023,0.6089241120359331,0.7071067811865477,-0.7071067811865475,-0.43994134506405985,0.0,0.0,0.0,0.0,0.0,0.0,0.0,0.0,0.0,0.0,0.0,0.0,0.0,0.0,0.0,1.0,0.0,0.0,0.0,0.0,0.0,0.0,0.0,0.0,0.0,0.0,0.0,0.0,0.0,0.0,0.0,0.0,0.0,0.0,0.0,0.0,1.0,0.0,0.0,0.0,0.0,0.0,1.0,0.0,0.0,0.0,0.0,0.0,1.0,0.0,0.0,0.0,0.0,0.0,1.0,0.0,0.0,0.0,0.0,0.0,0.0,1.0,0.0,0.0,0.0,0.0,0.0,0.0,0.0,0.0,0.0,0.0,0.0,0.0,0.0,0.0,0.0,0.0,0.0,0.0,0.0,0.0,0.0,0.0,0.0,0.0,0.0,0.0,0.0,0.0,1.0,0.0,0.0,0.0,0.0,0.0,0.0,0.0,0.0,0.0,0.0,0.0,0.0,0.0,0.0,0.0,0.0,0.0,1
VAR_001961,-0.28917704664289223,0.28962701192143925,0.10088245007091529,-0.4284139070618935,-0.41201381239930324,-0.46003563467446396,-0.3107999368366535,0.6887341075077675,-0.3572904797144984,-0.463800318881905,-0.45863310611098107,0.24870669994776531,-1.1445171997560366,-0.625965706091788,-1.2378543492771192,1.3796696963626436,-0.8503641156206425,1.4472167065932027,-0.7828750100858128,0.09050547159056287,0.13044773470962692,-0.22835943755012325,-0.4128484163948504,0.4947420173338754,0.005365035401437297,-0.3401933235944593,0.3480275285909173,-0.2173545350801554,0.3297238379858845,0.6823282952182201,1.091525695977538,-0.2433984670073505,0.28555764802523464,-0.3675305459638849,-0.24904049201029047,0.6017555944725487,0.07854946391628402,0.9882087304835168,0.24840782993820204,0.5362848831765156,0.11644047432908003,-0.7033961263512292,-0.3461981003208816,0.521177279057813,-0.43706156103520083,0.19561519910898906,-0.0637138815791859,0.44477760819548273,1.115219196353761,0.7992287245791878,0.5581979358612474,0.22480282433243576,-0.41965801870639463,0.128913360036077,-0.10454858795962935,-0.24364549687306683,-0.8235389472481852,-0.5774225102145818,0.2756746314811359,0.6090450520429762,0.2808936391238411,0.2513818302250218,-0.6741904303902353,0.1310576755408102,-0.4811948466713844,0.9971289059323633,-0.6331186754430416,-0.28526590619640313,0.4815485443900695,0.9050970125632417,0.955372629642766,0.30720011994122726,0.11064514689839479,-0.3086936926531631,0.9668928237852297,0.2744006335688607,0.18997100413997042,-0.2914766813280652,-0.31223302334251235,1.1475797972991728,0.09913933912150681,1.1292120749090426,-0.5550332910039923,0.7771962498315841,-0.6006537198855185,0.6186539315582326,-0.35846502156596305,0.28309610475907654,0.08701854532465249,0.76415931588576,-0.14770449011392464,-0.3493578232171408,-0.04826697418633399,0.18476026442968232,-0.31792061101448216,0.10049267098080185,1.0942202738310212,0.0,0.34059905177622385,0.6712075912003593,-0.20883160585966384,0.15695165361103508,0.3324635721604227,-0.33136034033796213,0.6172933874638946,-0.32858279467888946,-0.6516561210304952,0.166099879829397,0.8125971655834502,-0.3221406977993596,0.058837809336594715,0.35772835063721126,-0.9592671653121418,0.35545376115292965,-0.3951525851055374,0.12487562433488468,0.8129511577872885,-0.19472061324992884,-0.42417158401146215,-0.3066575806507344,-1.0156188657442176,0.5625626400423439,0.20854273879071644,-1.2645311001925834,0.6013215704466323,0.32763720714157063,0.4653533712245298,0.6459685848274638,0.1325577304590409,-0.7100289842344196,-0.4456622929785638,0.41605883750765543,-0.9336127020854585,-0.29449097340726355,-0.39402137254562253,-0.6952052878767611,-0.3509553145347426,-0.46417902858990034,-0.2171861213815346,1.08229401958299,-0.25814766718931886,-1.0831335013829928,-1.081829617440889,-1.1246902141211947,0.4198788205032934,0.9774205063647585,-1.0010353056380639,1.089241285612694,-1.1486214361181755,1.2149570402428211,0.9209323689071074,0.9148704835412195,-0.9324988748360505,1.0054429537292477,0.9736916784744738,-1.2826374656934454,-1.2457435162744455,-1.1669199319831562,-0.9928659691874683,-1.3713756258593799,0.16280163510502654,0.15517227260928979,0.24743114516800238,0.022921864045694202,-0.24218962146153017,-0.3246605579629674,0.5975514431211439,-0.012357928114932163,0.6829249992655481,0.0,-0.2786932057166471,-0.0953462589245592,-0.2171861213815347,-0.13545709229571928,2.8722813232690143,-0.511237358145545,-0.1933472978091327,-0.1354570922957193,-0.23904572186687878,-0.4252658742831209,-0.2970442628930023,0.6089241120359331,-1.4142135623730951,-0.7071067811865475,-0.43994134506405985,0.0,0.0,0.0,0.0,0.0,0.0,0.0,0.0,1.0,0.0,0.0,0.0,0.0,0.0,0.0,0.0,0.0,0.0,0.0,0.0,0.0,0.0,0.0,0.0,0.0,0.0,0.0,0.0,0.0,0.0,0.0,0.0,0.0,0.0,0.0,0.0,0.0,0.0,1.0,0.0,0.0,1.0,0.0,0.0,0.0,0.0,0.0,1.0,0.0,0.0,0.0,0.0,0.0,1.0,0.0,0.0,0.0,0.0,0.0,0.0,0.0,0.0,0.0,0.0,0.0,0.0,0.0,0.0,0.0,0.0,0.0,1.0,0.0,0.0,0.0,0.0,0.0,0.0,0.0,0.0,0.0,0.0,0.0,0.0,0.0,0.0,0.0,0.0,0.0,0.0,0.0,0.0,0.0,0.0,0.0,0.0,0.0,0.0,0.0,0.0,0.0,1.0,0.0,0.0,0.0,0.0,0.0,0.0,0
VAR_001834,-0.3705977474373436,1.6159394264130689,-0.17602523542744106,0.8357759816611411,0.8749020123888956,1.0957134031247557,0.7098870418342937,0.07787565641178407,-0.3962746869520419,0.11276805447960443,-0.6262426340375777,1.1893926495036014,-1.1673939872202783,0.9011154670112548,0.4672982554953217,-0.2512980801671285,-1.7761544072757813,0.19284521349700803,-0.7828750100858128,0.09050547159056287,0.6262569416208426,-0.16580136329202746,-0.4128484163948504,0.4947420173338754,0.6008839649609465,-0.3401933235944593,-0.5870814518371252,0.24661379941786885,1.2447074883967142,0.6823282952182201,1.1035996748194825,-0.2433984670073505,0.28555764802523464,-0.3675305459638849,0.6880271219945321,0.6017555944725487,0.07854946391628402,0.5133551846667621,0.24840782993820204,0.5362848831765156,0.5780437832765053,-0.23020236862403864,0.12243591352811678,0.521177279057813,0.5236084048045481,0.19561519910898906,-0.0637138815791859,0.44477760819548273,-0.1294106368407291,-0.1492872328426085,-0.40959818394232816,1.085255014018656,-1.298564435242429,1.1134560350208595,-0.9838229206248016,-1.1160535663217912,0.9514673274032434,-1.016421815925668,1.1376431975207442,-1.1406521668206824,-1.036537090851358,-1.1114919142407116,1.0763391081668667,1.0127184019062614,-0.9263000798424149,-1.1730928305086623,-1.0723447565316517,1.0146473970671759,1.3781573164353047,-0.26329279743222633,0.955372629642766,1.1806612330787183,0.9879030973070977,-1.1872834332813964,0.9668928237852297,1.1683086565511613,1.0506559616720805,1.0341904547202905,1.0075363498063885,-1.0187698200513067,0.5993423683254726,0.14822158099602734,-0.5549753488299114,0.29254016145346123,-1.0768863120804655,0.30705775454822526,-0.35846502156596305,0.7665371451938077,0.08701854532465249,0.9007469935415459,0.34263790407589256,0.62665055052671,1.4129059716363248,0.18476026442968232,-0.31792061101448216,-0.383851287647799,0.014589603651080134,0.0,-0.1828520329314412,0.18425306425107899,0.7557280416288111,-0.31390330722207016,0.3324635721604227,0.14019091321990693,0.147981291515317,0.6312248424094452,0.31926776399480616,0.166099879829397,0.10984706261890934,0.15462753494369266,-0.5531873928543166,-0.1324919817174857,-0.9592671653121418,0.35545376115292965,-0.8858259805754257,0.6199182779481784,0.3272594278560139,-0.6770058741247872,0.5557844438376058,-0.3066575806507344,-0.07617141493081644,0.5625626400423439,-0.7362835471590601,-0.2931611893180037,0.6013215704466323,0.32763720714157063,0.4653533712245298,-0.34503689378153024,0.1325577304590409,-0.24244176615562898,-0.385358717295792,-0.5562049722470762,-0.43777054930322945,-0.7752041799985325,0.09739854152813121,-1.1805372813001602,0.610922214190108,0.02777493586196827,-0.6993393108485416,1.08229401958299,1.1610848417450654,1.033553446742222,-1.081829617440889,1.1424808336171925,-0.5533573319704743,0.9774205063647585,-1.0010353056380639,1.089241285612694,-1.1486214361181755,-0.9324988748360507,0.9209323689071074,-1.218545980178851,1.2149570402428211,1.0054429537292477,0.9736916784744738,-1.2826374656934454,-1.2457435162744455,-1.1669199319831562,-0.9928659691874683,0.8283742942329786,0.12975492918898102,0.45510066307246555,0.24743114516800238,-1.7595485680121215,-0.19351792763358552,-1.421356983153179,0.65312598035319,0.6735070822638015,2.048774997796644,0.0,-0.2786932057166471,-0.0953462589245592,-0.2171861213815347,-0.13545709229571928,-0.3481553119113957,-0.511237358145545,-0.1933472978091327,-0.1354570922957193,-0.23904572186687878,-0.4252658742831209,-0.2970442628930023,0.6089241120359331,-1.4142135623730951,1.4142135623730951,-0.43994134506405985,0.0,0.0,0.0,0.0,0.0,0.0,0.0,0.0,0.0,0.0,0.0,0.0,0.0,0.0,0.0,0.0,1.0,0.0,0.0,0.0,0.0,0.0,0.0,0.0,0.0,0.0,0.0,0.0,0.0,0.0,0.0,0.0,0.0,0.0,0.0,0.0,0.0,0.0,1.0,0.0,0.0,1.0,0.0,0.0,0.0,0.0,0.0,1.0,0.0,0.0,0.0,0.0,0.0,1.0,0.0,0.0,0.0,0.0,0.0,0.0,0.0,0.0,0.0,1.0,0.0,0.0,0.0,0.0,0.0,0.0,0.0,0.0,0.0,0.0,0.0,0.0,0.0,0.0,0.0,0.0,0.0,0.0,0.0,0.0,0.0,0.0,0.0,0.0,0.0,0.0,0.0,0.0,0.0,1.0,0.0,0.0,0.0,0.0,0.0,0.0,0.0,0.0,0.0,0.0,0.0,0.0,0.0,0.0,1
VAR_001942,2.6441402723900707,1.7577270239869,-0.5664665006977998,-0.3558260535283058,-0.4664021330294979,-0.49287022126321695,1.6879458315452929,-0.35379165827792364,-0.39875152704049366,-0.4891654920790773,-0.664633135786232,-0.31442991535651627,0.8013590746262416,-0.625965706091788,-0.6359157355207451,-0.26491785541617374,0.7153273288487508,-0.261946753835081,-1.2540049559862378,1.5256636639552004,-1.2427965579458726,-1.0910196068889997,0.3911195523740682,-1.3865859297887166,0.6008839649609465,1.041323466124503,1.2831365090189601,-1.1452912040762042,-1.04275163763036,1.1418939280238138,-0.4072589849016104,-3.0143963990910354,1.2197040077471442,1.0392243023806405,1.1565609289969432,0.6017555944725487,-1.3746156185349752,0.9882087304835168,-1.7940565495536767,-1.3590907385226985,-1.2683694525131952,-1.1765898840784197,-1.2834661280188786,0.9839827028611506,1.0039433877244224,0.19561519910898906,1.3851815085649268,0.919492170788738,0.5945583311216651,0.7228988567862799,-0.15714647042114105,1.085255014018656,0.8987016060976569,1.1134560350208595,-0.8094959817531794,1.0649666073000195,-1.2672905159110424,-1.016421815925668,-1.0172782175782764,-1.1406521668206824,1.1591807924406405,1.1599643265355106,-1.1118228150295109,1.0127184019062614,1.2992260860127374,0.9971289059323633,1.1237856489113989,-1.1518747750387892,1.3781573164353047,4.861596310573252,-1.2177085566348373,-1.0029915497650093,-1.2052417787146594,1.009190918289187,-1.2414426379464678,-1.0664614009045903,1.0506559616720805,1.0341904547202905,1.0075363498063885,-1.0187698200513067,1.0995453975294383,2.5415482230209223,3.6339574334995723,-1.1614281036809067,1.3042766488942688,1.602463511540713,-1.32894349458601,1.2499781856285386,1.07225433678547,-0.2706403733227143,1.3233226924555272,-1.3253661969609918,-1.02238227140144,0.6438845152512928,-1.284747674647566,1.0691805882380039,1.0942202738310212,0.0,-1.2297542023467716,1.1581621181496393,1.2380078653730484,1.098661575277246,-1.1049686451781622,-1.2744628474537005,1.0866054834124719,-1.2883904317672241,-1.137118063543146,-1.0585736667020706,-1.1586225279789357,-1.2756771632854644,-1.0303084622236034,1.3381690153466055,1.0217310737510725,-1.6173146132458274,-1.3764993760453141,-1.3602523365049959,1.2986428877185627,-1.1592911349996455,1.0457624577621396,1.1732985694462887,1.3329997612892854,1.5382572188657846,1.153369024740493,1.1638936769938657,1.0884199436060857,-1.1057377049081205,-1.1138648061882561,1.1414713241319605,-1.3339535168969323,-1.1776162023132102,-0.6623045947739001,-1.0423368771244421,-1.4294548548676875,-1.2559173865898015,1.080238369675639,1.2461226858168353,1.091860978552533,-0.9541254458708998,1.2292734470194862,1.08229401958299,-0.45552564040713855,1.033553446742222,-1.081829617440889,1.1424808336171925,-0.41346232157685553,0.9774205063647585,1.111415624510702,-1.0244961742301215,1.0174663063384182,1.2149570402428211,0.9209323689071074,0.9148704835412195,-0.9324988748360505,1.0054429537292477,-1.165043332778669,0.8680084359979812,0.9014231033911361,-1.1669199319831562,1.1429503598785975,0.8283742942329786,0.10335796866501118,0.4242253792770934,0.24743114516800238,1.1802940385908132,0.3541455430964733,1.0914632349404012,0.736487786201259,0.6735070822638015,-0.6829249992655481,0.0,-0.2786932057166471,-0.0953462589245592,-0.2171861213815347,-0.13545709229571928,-0.3481553119113957,1.956038587687303,-0.1933472978091327,-0.1354570922957193,-0.23904572186687878,-0.4252658742831209,-0.2970442628930023,0.6089241120359331,0.7071067811865477,-0.7071067811865475,2.273030282830976,0.0,0.0,0.0,0.0,0.0,0.0,0.0,0.0,0.0,1.0,0.0,0.0,0.0,0.0,0.0,0.0,0.0,0.0,0.0,0.0,0.0,0.0,0.0,0.0,0.0,0.0,0.0,0.0,0.0,0.0,0.0,1.0,0.0,0.0,0.0,0.0,0.0,0.0,0.0,0.0,0.0,0.0,1.0,0.0,0.0,0.0,0.0,0.0,1.0,0.0,0.0,0.0,0.0,0.0,1.0,0.0,0.0,0.0,0.0,0.0,0.0,0.0,0.0,0.0,0.0,0.0,0.0,0.0,0.0,0.0,0.0,0.0,0.0,1.0,0.0,0.0,0.0,0.0,0.0,0.0,0.0,0.0,0.0,0.0,0.0,0.0,0.0,0.0,0.0,0.0,1.0,0.0,0.0,0.0,0.0,0.0,0.0,0.0,0.0,0.0,0.0,0.0,0.0,0.0,0.0,0.0,0.0,0.0,1
VAR_001841,-0.2612647266476396,-0.7839888651094841,-0.5625256268253894,-0.44724965938467376,-0.4664021282910665,-0.3809647056975487,-0.5131681394575344,-0.3537883237749027,-0.39875268778638184,0.31463030148997967,-0.6676518898546399,0.24870669994776531,-0.563454253875642,-0.625965706091788,0.3031324189188476,-0.1827170803725909,-0.8503641156206425,0.08584733950577132,0.630514827615462,-0.387880592530983,0.6262569416208426,-0.6284104850905136,-0.4128484163948504,0.02441003055322729,-0.5901538941580723,0.12031227297852805,-0.5870814518371252,0.24661379941786885,-0.12776798721953023,0.22276266241262635,-0.3440390838759153,-0.9361479500282719,0.7526308278861896,-0.3675305459638849,-0.24904049201029047,0.0259377411410588,0.07854946391628402,0.5133551846667621,0.24840782993820204,-0.885246833097895,0.11644047432908003,0.24299138910315177,0.5910699273771154,-0.40443356854886275,-0.43706156103520083,-1.2519372742975208,-0.0637138815791859,-0.5046515169910281,0.03213434998881226,0.2796756991346721,-0.05995966945351655,1.085255014018656,0.8987016060976569,-1.1326929475358645,-0.9838229206248016,1.0649666073000195,-1.2672905159110424,-1.016421815925668,-1.0172782175782764,1.0464693567588907,-1.036537090851358,1.1599643265355106,-1.1118228150295109,1.0127184019062614,-0.9263000798424149,0.9971289059323633,-1.0723447565316517,-1.1518747750387892,1.3781573164353047,0.28235012936897197,0.955372629642766,-1.0029915497650093,-1.2052417787146594,1.009190918289187,0.9668928237852297,1.1683086565511613,1.0506559616720805,-1.175254772026969,1.0075363498063885,1.1475797972991728,0.5993423683254726,1.1625782366567703,-0.5479626970300089,-0.19211592692466128,-0.12442112769057163,0.12674914156699243,0.12677421494406022,0.7665371451938077,0.08701854532465249,0.23358556625115517,0.34263790407589256,-0.19405808071833325,0.43879067442121883,0.18476026442968232,-0.31792061101448216,1.0691805882380039,0.5544049387410508,0.0,-0.1828520329314412,-1.2766105165967614,0.2734482178845735,-0.31390330722207016,-0.14668050028577212,-0.33136034033796213,1.0866054834124719,0.15132102386527777,-0.16619417851784443,-0.12606900322433817,0.8125971655834502,-0.3221406977993596,-0.5531873928543166,-0.1324919817174857,0.031231954219465324,0.35545376115292965,0.09552081036435081,0.12487562433488468,0.8129511577872885,0.28756464762492934,-0.42417158401146215,-0.3066575806507344,-0.07617141493081644,-0.41313193878109655,0.20854273879071644,-0.7788461447552936,0.6013215704466323,-1.1057377049081205,0.5256529946174537,0.15046584552296663,0.6213948129110322,-0.7100289842344196,0.15229418140198153,-0.07007306736971035,-0.43777054930322945,0.6669354397752745,0.5888184556018852,-0.20987329445336192,-0.8318940788971679,0.02576738869109911,0.26496706808547227,1.08229401958299,-0.3119445130018768,-1.0831335013829928,1.0248912165229476,0.18603103269109042,0.3939266178583875,0.9774205063647585,-1.0010353056380639,1.089241285612694,1.0174663063384182,1.2149570402428211,0.9209323689071074,0.9148704835412195,-0.9324988748360505,-1.092379750480273,0.9736916784744738,-1.2826374656934454,0.9014231033911361,0.9634766543676719,-0.9928659691874683,-1.3713756258593799,0.2415999856431615,0.3082538074237925,0.049325261447299845,0.1427701846823746,0.1391653274718234,0.07059057585412212,0.15295514526477538,-0.012357928114932163,0.6829249992655481,0.0,-0.2786932057166471,-0.0953462589245592,-0.2171861213815347,-0.13545709229571928,-0.3481553119113957,-0.511237358145545,-0.1933472978091327,-0.1354570922957193,-0.23904572186687878,2.3514701283890216,-0.2970442628930023,0.6089241120359331,-1.4142135623730951,1.4142135623730951,-0.43994134506405985,0.0,0.0,0.0,0.0,0.0,0.0,0.0,0.0,0.0,0.0,0.0,0.0,0.0,0.0,0.0,0.0,1.0,0.0,0.0,0.0,0.0,0.0,0.0,0.0,0.0,0.0,0.0,0.0,0.0,0.0,0.0,0.0,0.0,0.0,0.0,0.0,0.0,0.0,1.0,0.0,0.0,0.0,0.0,1.0,0.0,0.0,0.0,0.0,0.0,1.0,0.0,0.0,0.0,0.0,0.0,1.0,0.0,0.0,0.0,0.0,0.0,0.0,0.0,0.0,0.0,0.0,0.0,0.0,0.0,0.0,0.0,0.0,0.0,0.0,1.0,0.0,0.0,0.0,0.0,0.0,0.0,0.0,0.0,0.0,0.0,0.0,0.0,0.0,0.0,0.0,0.0,0.0,0.0,0.0,0.0,0.0,1.0,0.0,0.0,0.0,0.0,0.0,0.0,0.0,0.0,0.0,0.0,0.0,1
VAR_001924,0.2630870427478521,-0.7839288349490465,-0.5664159953448564,-0.44724966073019395,-0.06467020495741421,0.2844698762616451,0.22221774065596986,-0.3522222030483441,-0.39868739758676675,3.3997387138237927,-0.6608857557899853,-0.31442991535651627,0.8522722657599782,0.9011154670112548,0.3031324189188476,-1.0050108562619995,0.7153273288487508,-1.6233161209225122,-1.2540049559862378,-0.8662666566525289,-1.2427965579458726,1.2220260021034306,0.3911195523740682,-1.3865859297887166,0.6008839649609465,-1.2612045167404342,1.2831365090189601,1.1745504684139176,-1.04275163763036,-0.14691432669243634,0.7497833949955179,0.4493510160135705,1.2197040077471442,-1.3053671115269019,1.1565609289969432,0.6017555944725487,1.047326185550457,-1.3860589986002567,0.7590239248111715,-1.3590907385226985,1.0396470922239303,-1.1765898840784197,1.0597039412261138,-1.3300444161555385,-1.3977315268749497,0.19561519910898906,-1.029644141675261,0.919492170788738,-0.15089523396149285,0.41972640712728404,0.3451242564039439,1.085255014018656,-1.298564435242429,1.1134560350208595,-0.9838229206248016,1.0649666073000195,0.9514673274032434,1.178574712629763,1.1376431975207442,1.0464693567588907,-1.036537090851358,1.1599643265355106,-1.1118228150295109,-1.1914334140073664,1.2992260860127374,-1.1730928305086623,-1.0723447565316517,1.0146473970671759,-0.8633646136777833,-0.386448488068622,0.955372629642766,-1.0029915497650093,-1.2052417787146594,1.009190918289187,-1.2414426379464678,1.1683086565511613,1.0506559616720805,-1.175254772026969,-1.1920792721084463,1.1475797972991728,-1.4014697484903902,-0.6411846996434456,-0.5142934296096341,-1.1614281036809067,-1.0768863120804655,1.602463511540713,1.0972526879641071,1.2499781856285386,-1.3908351418665734,0.4817115222618192,-1.1283892784935592,-1.3253661969609918,1.4129059716363248,1.155236690820497,1.1323199844351433,1.0691805882380039,1.0942202738310212,0.0,-1.2297542023467716,-1.2766105165967614,-1.1733912533481388,1.098661575277246,1.2829492741778796,1.0832934203356452,-1.2599549963304153,-1.2883904317672241,-1.137118063543146,-1.0585736667020706,-1.1586225279789357,1.1081640004297975,-1.0303084622236034,-1.1129326464268798,-1.4545167250779456,0.8486458547526188,-1.3764993760453141,1.114960931561472,-1.129815761937809,-1.1592911349996455,-1.4041276118605301,-1.2932950140487498,-1.0156188657442176,1.5382572188657846,1.153369024740493,-1.2645311001925834,-1.3470719221911818,1.2832204818413648,1.5181654894997205,-1.3360423723905241,-1.3339535168969323,1.1603198880807428,-0.6596214018751192,-1.0423368771244421,1.0497559090434576,-1.2559173865898015,-1.3768612006931302,-1.1805372813001602,-1.312832843259593,-0.9541254458708998,-1.1814925003155485,-1.0679342763894948,-0.45866659168425167,1.033553446742222,1.0248912165229476,-1.1246902141211947,0.4176793318983942,0.9774205063647585,-1.0010353056380639,-1.0244961742301215,1.0174663063384182,1.2149570402428211,0.9209323689071074,0.9148704835412195,-0.9324988748360505,1.0054429537292477,0.9736916784744738,0.8680084359979812,-1.2457435162744455,-1.1669199319831562,1.1429503598785975,-1.3713756258593799,0.0922700774043009,0.4177942677394103,0.24743114516800238,-0.31972939250892934,0.7487476257055166,1.0914632349404012,-0.4861520329037543,-0.012357928114932163,-0.6829249992655481,0.0,-0.2786932057166471,-0.0953462589245592,-0.2171861213815347,-0.13545709229571928,-0.3481553119113957,1.956038587687303,-0.1933472978091327,-0.1354570922957193,-0.23904572186687878,-0.4252658742831209,-0.2970442628930023,-1.89443057077846,0.7071067811865477,-0.7071067811865475,-0.43994134506405985,0.0,0.0,0.0,0.0,0.0,0.0,0.0,0.0,0.0,0.0,0.0,0.0,0.0,0.0,0.0,0.0,0.0,0.0,0.0,0.0,0.0,0.0,0.0,0.0,0.0,1.0,0.0,0.0,0.0,0.0,0.0,0.0,0.0,1.0,0.0,0.0,0.0,0.0,0.0,0.0,0.0,0.0,1.0,0.0,0.0,0.0,0.0,0.0,1.0,0.0,0.0,0.0,0.0,0.0,1.0,0.0,0.0,0.0,0.0,0.0,0.0,0.0,0.0,0.0,1.0,0.0,0.0,0.0,0.0,0.0,0.0,0.0,0.0,0.0,0.0,0.0,0.0,0.0,0.0,0.0,0.0,0.0,0.0,0.0,0.0,0.0,1.0,0.0,0.0,0.0,0.0,0.0,0.0,0.0,0.0,0.0,0.0,0.0,0.0,0.0,0.0,0.0,0.0,0.0,0.0,0.0,0.0,0.0,1
VAR_001875,-0.37022269077401215,-0.7838021228500056,-0.552958522500988,0.07969487791075926,-0.20519426358603346,0.304703580580914,-0.5568798023378817,-0.3537950189575794,-0.39875137440345676,3.2043731825566177,-0.6630719737001601,1.1893926495036014,-1.1114619476801382,1.6646560535627766,0.4672982554953217,0.2070030674700849,0.07542617603449672,0.19284521349700803,-1.2540049559862378,1.5256636639552004,-1.2427965579458726,-1.0910196068889997,0.3911195523740682,0.9650740041145233,0.6008839649609465,-1.2612045167404342,1.2831365090189601,1.1745504684139176,-1.04275163763036,1.1418939280238138,2.931384183825535,0.4493510160135705,1.2197040077471442,-1.3053671115269019,1.1565609289969432,-2.277333672184901,1.047326185550457,0.9882087304835168,0.7590239248111715,-1.3590907385226985,-1.2683694525131952,1.189378904557533,1.0597039412261138,0.9839827028611506,1.0039433877244224,0.19561519910898906,1.3851815085649268,-1.454080642177539,-1.0924217006356307,-1.9633087770694058,-2.373977644821157,-1.0658754601968945,0.8987016060976569,-1.1326929475358645,1.2143629110381289,1.0649666073000195,0.9514673274032434,-1.016421815925668,1.1376431975207442,-1.1406521668206824,-1.036537090851358,1.1599643265355106,1.0763391081668667,-1.1914334140073664,1.2992260860127374,0.9971289059323633,1.1237856489113989,-1.1518747750387892,1.3781573164353047,-0.3836874054310873,-1.2177085566348373,1.1806612330787183,-1.2052417787146594,1.009190918289187,0.9668928237852297,-1.0664614009045903,1.0506559616720805,1.0341904547202905,-1.1920792721084463,-1.0187698200513067,-1.4014697484903902,-0.6411840327937995,-0.5524028715379076,-1.1614281036809067,1.3042766488942688,-0.8570604384154882,-1.32894349458601,1.2499781856285386,1.07225433678547,-1.313597837411957,-1.1283892784935592,0.4376636928327287,1.4129059716363248,1.155236690820497,-1.284747674647566,-1.352539204905001,-1.6048564016188311,0.0,-1.2297542023467716,1.1581621181496393,1.2380078653730484,-1.2556132288882809,1.2907517170528129,1.0832934203356452,-1.2599549963304153,1.1111286609536124,1.2901916490201075,-1.0585736667020706,-1.1586225279789357,-1.2756771632854644,-1.0303084622236034,-1.1129326464268798,1.0217310737510725,0.8486458547526188,1.0768676013041276,1.114960931561472,-1.129815761937809,-1.1592911349996455,1.0457624577621396,1.1732985694462887,-1.0156188657442176,-0.9009792281928168,1.153369024740493,1.1638936769938657,1.0884199436060857,1.2832204818413648,-0.5881265759653654,-1.3360423723905241,0.9855341878687982,-1.1776162023132102,-0.6623897811342873,-1.0423368771244421,1.0497559090434576,-1.2559173865898015,-1.3768612006931302,1.2461226858168353,-1.312832843259593,-0.9541254458708998,1.2292734470194862,1.08229401958299,5.011691355184925,-1.0831335013829928,-1.081829617440889,-0.959486666596111,0.4191315101056917,0.9774205063647585,1.111415624510702,-1.0244961742301215,-1.1486214361181755,-0.9324988748360507,0.9209323689071074,0.9148704835412195,-0.9324988748360505,-1.092379750480273,-1.165043332778669,0.8680084359979812,0.9014231033911361,-1.1669199319831562,1.1429503598785975,0.8283742942329786,0.22249282314053806,0.45961603869494483,0.15049479356494982,-2.1875822181813604,-0.04630172611618438,-2.3816693178256405,-0.6528756445998924,-0.012357928114932163,2.048774997796644,0.0,-0.2786932057166471,-0.0953462589245592,-0.2171861213815347,-0.13545709229571928,-0.3481553119113957,-0.511237358145545,-0.1933472978091327,-0.1354570922957193,-0.23904572186687878,-0.4252658742831209,-0.2970442628930023,-1.89443057077846,0.7071067811865477,-0.7071067811865475,-0.43994134506405985,0.0,0.0,0.0,0.0,0.0,0.0,0.0,0.0,0.0,0.0,0.0,0.0,0.0,0.0,0.0,0.0,0.0,0.0,0.0,0.0,0.0,0.0,0.0,1.0,0.0,0.0,0.0,0.0,0.0,0.0,0.0,0.0,0.0,0.0,0.0,0.0,1.0,0.0,0.0,0.0,0.0,0.0,0.0,1.0,0.0,0.0,0.0,0.0,0.0,1.0,0.0,0.0,0.0,0.0,0.0,1.0,0.0,0.0,0.0,0.0,0.0,0.0,0.0,0.0,0.0,0.0,0.0,0.0,0.0,0.0,0.0,0.0,0.0,0.0,1.0,0.0,0.0,0.0,0.0,0.0,0.0,0.0,0.0,0.0,0.0,0.0,0.0,0.0,0.0,0.0,0.0,0.0,0.0,0.0,0.0,0.0,0.0,0.0,0.0,1.0,0.0,0.0,0.0,0.0,0.0,0.0,0.0,0.0,1
VAR_001926,-0.24082282237442754,0.19383675141259687,0.3205267097867484,-0.18908095150867457,0.38282512711031924,-0.07825193939621677,-0.029559027527862124,-0.276682581165042,0.5631537012414969,0.6449859654923689,-0.3093721143239578,0.24870669994776531,-0.3867535608425305,-0.625965706091788,-0.4629720314140015,1.3796696963626436,-0.8503641156206425,0.5926349763790606,0.1593848817150369,0.09050547159056287,-0.14767020400840422,-0.16580136329202746,-1.2168163851637694,0.02441003055322729,0.005365035401437297,0.12031227297852805,0.3480275285909173,-0.2173545350801554,-0.12776798721953023,0.22276266241262635,-0.22373077672306824,-0.2433984670073505,-0.18151553183572006,0.10138773681762345,-0.24904049201029047,0.6017555944725487,-0.40583889690080227,-0.4363519069667473,0.7590239248111715,1.010128788601319,0.5780437832765053,0.7161851468303425,-0.3461981003208816,0.521177279057813,-0.43706156103520083,0.19561519910898906,0.9022163785168893,-0.02993695439777282,-0.2110488950078194,0.3398268835748785,0.6045294344523394,-0.20542327051067424,-0.8591112269744119,-0.2342333545131748,-0.9838229206248016,0.1925585378512952,0.06396419007752904,-0.13842320450349557,-0.15530965153866813,-0.7032278621047678,-0.5973935141929583,0.4560137521112792,-0.6741904303902353,0.5718880387235359,-0.4811948466713844,-0.305004135932252,0.24533348673417857,-0.28526590619640313,-0.41506022765516565,-0.0849178068084882,-1.2177085566348373,0.7439306765099729,0.5492741221027464,0.5698960479750703,-0.7997755456001283,0.7213546450600111,-0.24037147462608446,0.1504123640213866,0.1276901010404545,-0.15222997311111489,0.5993423683254726,0.0418257579400913,-0.2722189131979277,-0.19211592692466128,0.8280440566993222,0.12674914156699243,1.0972526879641071,-0.2003449356756544,-0.40559935040575607,0.18705197737149973,-0.14770449011392464,-0.3493578232171408,-0.5353246227938869,-0.7857161619611321,-0.31792061101448216,-0.383851287647799,-0.5252257314388902,0.0,-0.1828520329314412,-0.3027014626982011,0.2734482178845735,0.15695165361103508,0.8116076446066178,-0.33136034033796213,-0.7906429003818378,0.15132102386527777,0.31926776399480616,1.2726879919922605,-0.6658176045883393,-0.3221406977993596,-0.07606632348502991,0.8479486829919085,-0.4640176055463382,-0.13773833244675973,-0.3951525851055374,0.12487562433488468,-0.15843230207526035,0.7698499084997878,0.0658064299130717,-0.3066575806507344,-0.07617141493081644,-0.41313193878109655,-0.2638704041841718,0.19252376611928598,1.0884199436060857,-0.1501544302083263,-0.06105268791306537,0.15046584552296663,0.6213948129110322,0.22514545192316152,0.19320662086155843,-0.5562049722470762,0.5539137562612287,0.18622223318400533,0.5888184556018852,-0.20987329445336192,0.610922214190108,0.5157138059720985,-0.2171861213815346,0.6522483603884931,-0.25295225115175757,-1.0831335013829928,0.1822028829374129,-0.39567006529736565,0.025091371410061538,-0.7244410811879975,0.2664352524511957,-1.0244961742301215,-0.2821863391355379,0.3559746742112724,0.06191141975846085,-0.36517939469082267,-0.5030076918202762,0.1663138720454394,0.11819767397321672,0.007750075321410467,0.04255645552490346,-0.31476129744282494,0.28862382825217103,0.38842431021450696,-0.020235417346945596,0.45961603869494483,0.24743114516800238,0.8465375554418405,1.0471241767078983,0.7663972442620114,2.514872977626733,-1.3840879488723994,-0.6829249992655481,0.0,-0.2786932057166471,10.488088481701512,-0.2171861213815347,-0.13545709229571928,-0.3481553119113957,-0.511237358145545,-0.1933472978091327,-0.1354570922957193,-0.23904572186687878,-0.4252658742831209,-0.2970442628930023,-0.39241776108982424,-1.4142135623730951,-0.7071067811865475,-0.43994134506405985,0.0,0.0,0.0,0.0,0.0,0.0,0.0,0.0,1.0,0.0,0.0,0.0,0.0,0.0,0.0,0.0,0.0,0.0,0.0,0.0,0.0,0.0,0.0,0.0,0.0,0.0,0.0,0.0,0.0,0.0,0.0,0.0,0.0,0.0,0.0,0.0,0.0,0.0,1.0,0.0,1.0,0.0,0.0,0.0,0.0,0.0,1.0,0.0,0.0,0.0,0.0,0.0,1.0,0.0,0.0,0.0,0.0,0.0,0.0,0.0,0.0,1.0,0.0,0.0,0.0,0.0,0.0,0.0,0.0,0.0,0.0,0.0,0.0,0.0,0.0,0.0,0.0,0.0,0.0,0.0,0.0,0.0,0.0,0.0,0.0,0.0,0.0,0.0,0.0,0.0,0.0,0.0,0.0,0.0,0.0,0.0,0.0,0.0,0.0,0.0,0.0,0.0,0.0,0.0,1.0,0.0,0.0,0.0,1
VAR_001958,2.236978603410403,-0.7803762221726213,-0.566491366487062,-0.44621331141207704,-0.46640213302949834,-0.4239227632517587,-0.5571973014033298,-0.3537186721526707,-0.3964616390196566,-0.45710988389742746,0.5844752687844544,0.24870669994776531,-0.5634542538756422,-0.625965706091788,0.3031324189188476,-0.1827170803725909,-0.8503641156206425,0.08584733950577132,1.1016447735158867,-0.8662666566525289,-1.2427965579458726,-1.0910196068889997,0.3911195523740682,0.9650740041145233,0.6008839649609465,-1.2612045167404342,-1.0546359420511466,1.1745504684139176,-1.04275163763036,1.1418939280238138,-0.4421640469163488,0.4493510160135705,1.2197040077471442,1.0392243023806405,-1.186108106015113,0.6017555944725487,1.047326185550457,0.9882087304835168,0.7590239248111715,-1.3590907385226985,1.0396470922239303,1.189378904557533,1.0597039412261138,-1.3300444161555385,1.0039433877244224,0.19561519910898906,1.3851815085649268,-1.454080642177539,0.9217388892913356,0.44449693607544805,0.6045347182516808,-0.20542327051067424,-0.8591112269744119,0.5781431565474217,-0.10454858795962935,-0.24364549687306683,-0.8235389472481852,-0.5774225102145818,-0.15530965153866813,0.6090450520429762,-0.15824993753455854,0.2513818302250218,-0.23655804575095973,-0.3097726876419153,-0.036089613500353945,0.5630845586441582,0.24533348673417857,-0.28526590619640313,-0.41506022765516565,-0.1690329488952376,0.08614015513172467,0.30720011994122726,-0.3279838283059565,0.5698960479750703,0.0835586390925506,-0.17255337792228959,0.6203134829060256,0.1504123640213866,-0.31223302334251235,0.714309873829077,0.09913933912150681,1.5559253039312861,-0.5544763918661529,1.2618523382097067,-1.0768863120804655,1.602463511540713,-1.32894349458601,-1.1672270165451164,1.07225433678547,1.2873563171911773,-1.1283892784935592,-1.3253661969609918,-1.02238227140144,1.155236690820497,-1.284747674647566,1.0691805882380039,0.5544049387410508,0.0,0.8640501364838892,-1.2766105165967614,1.2380078653730484,1.098661575277246,1.2907517170528129,-1.2744628474537005,1.0866054834124719,-1.2883904317672241,-1.137118063543146,-1.0585736667020706,1.3054020889740467,1.1081640004297975,-1.0303084622236034,-1.1129326464268798,-1.4545167250779456,0.8486458547526188,1.0768676013041276,-1.3602523365049959,1.2986428877185627,1.252135169374646,-1.4041276118605301,-1.2932950140487498,-1.0156188657442176,-0.9009792281928168,1.153369024740493,-1.2645311001925834,1.0884199436060857,-1.1057377049081205,1.5181654894997205,1.1414713241319605,1.1102318953630232,-1.1776162023132102,-0.5128154249317811,1.388322647262387,-1.4294548548676875,1.1476486463665432,1.080238369675639,-1.1805372813001602,-1.312832843259593,-0.9541254458708998,1.2292734470194862,1.08229401958299,-0.4590561246320045,-1.0831335013829928,-1.081829617440889,-1.1246902141211947,-0.5671350312942374,0.9774205063647585,-1.0010353056380639,1.089241285612694,-1.1486214361181755,-0.9324988748360507,-1.2266200039645088,-1.218545980178851,1.2149570402428211,-1.092379750480273,-1.165043332778669,0.8680084359979812,-1.2457435162744455,-1.1669199319831562,-0.9928659691874683,0.8283742942329786,0.2415999856431615,0.18038905996304702,0.24743114516800238,0.004781811764407781,-0.3215203908884082,-0.35598868078286433,0.15295514526477538,-0.012357928114932163,0.6829249992655481,0.0,-0.2786932057166471,-0.0953462589245592,-0.2171861213815347,-0.13545709229571928,-0.3481553119113957,-0.511237358145545,-0.1933472978091327,-0.1354570922957193,-0.23904572186687878,2.3514701283890216,-0.2970442628930023,0.6089241120359331,0.7071067811865477,1.4142135623730951,-0.43994134506405985,0.0,0.0,0.0,0.0,0.0,0.0,0.0,0.0,0.0,0.0,0.0,0.0,0.0,0.0,0.0,0.0,1.0,0.0,0.0,0.0,0.0,0.0,0.0,0.0,0.0,0.0,0.0,0.0,0.0,0.0,0.0,0.0,0.0,0.0,1.0,0.0,0.0,0.0,0.0,0.0,0.0,0.0,0.0,1.0,0.0,0.0,0.0,0.0,0.0,1.0,0.0,0.0,0.0,0.0,0.0,1.0,0.0,0.0,0.0,0.0,0.0,0.0,0.0,0.0,0.0,0.0,0.0,0.0,0.0,0.0,0.0,0.0,0.0,0.0,1.0,0.0,0.0,0.0,0.0,0.0,0.0,0.0,0.0,0.0,0.0,0.0,0.0,0.0,0.0,0.0,0.0,0.0,0.0,0.0,0.0,0.0,1.0,0.0,0.0,0.0,0.0,0.0,0.0,0.0,0.0,0.0,0.0,0.0,1
VAR_001953,-0.3691523962242813,-0.4061133096234382,-0.5422776798912428,-0.35918840127949897,-0.42931322740613875,2.461796329403719,3.1365479231043083,-0.3111698044354312,-0.3751532375197253,-0.4803463081479138,-0.6608786964837405,0.24870669994776531,-1.1445171997560366,-0.625965706091788,-1.2378543492771192,1.3796696963626436,-0.8503641156206425,1.4472167065932027,-1.2540049559862378,1.5256636639552004,1.0935203165125211,-1.0910196068889997,0.3911195523740682,0.9650740041145233,0.6008839649609465,-1.2612045167404342,1.2831365090189601,-1.1452912040762042,1.2447074883967142,-1.1559342360041547,0.019525442017076615,0.4493510160135705,0.4946464577654594,-1.3053671115269019,-1.186108106015113,0.6017555944725487,-1.3746156185349752,-1.3860589986002567,-1.7940565495536767,-1.3590907385226985,1.0396470922239303,1.189378904557533,1.0597039412261138,-1.3300444161555385,-1.3977315268749497,0.19561519910898906,-1.029644141675261,-1.454080642177539,-0.1747600003485196,0.3921216584631912,0.008704487389284067,1.085255014018656,0.8987016060976569,1.1134560350208595,-0.9838229206248016,-1.1160535663217912,0.9514673274032434,-1.016421815925668,1.1376431975207442,1.0464693567588907,1.1591807924406405,-1.1114919142407116,1.0763391081668667,-1.1914334140073664,-0.9263000798424149,0.9971289059323633,1.1237856489113989,-1.1518747750387892,-0.8633646136777833,-0.38644849800141917,-1.2177085566348373,1.1806612330787183,-1.2052417787146594,-1.1872834332813964,0.9668928237852297,-1.0664614009045903,1.0506559616720805,1.0341904547202905,1.0075363498063885,-1.0187698200513067,1.0995453975294383,0.03251237980514917,0.40965750265066886,-1.1614281036809067,-1.0768863120804655,1.602463511540713,1.0972526879641071,1.2499781856285386,-1.3908351418665734,-1.2702123742486904,-1.1283892784935592,-1.3253661969609918,-1.02238227140144,1.155236690820497,1.1323199844351433,1.0691805882380039,1.0942202738310212,0.0,-1.2297542023467716,-1.2766105165967614,-1.1733912533481388,1.098661575277246,-1.1049686451781622,1.0832934203356452,-1.2599549963304153,1.1111286609536124,-1.137118063543146,1.2726879919922605,-1.1586225279789357,-1.2756771632854644,1.3552968846228302,1.3381690153466055,1.0217310737510725,0.8486458547526188,1.0768676013041276,-1.3602523365049959,1.2986428877185627,1.252135169374646,1.0457624577621396,-1.2932950140487498,1.3329997612892854,-0.9009792281928168,-1.2086966901339484,1.1638936769938657,1.0884199436060857,-1.1057377049081205,-1.1138648061882561,1.1414713241319605,-1.3339535168969323,1.1603198880807428,-0.16917079349259687,-1.0423368771244421,1.0497559090434576,1.1476486463665432,1.080238369675639,1.2461226858168353,1.091860978552533,-0.9541254458708998,1.2292734470194862,-1.0679342763894948,-0.45719932769225985,1.033553446742222,-1.081829617440889,-1.1246902141211947,0.3599404453356763,-1.1499064780761865,1.111415624510702,1.089241285612694,1.0174663063384182,1.2149570402428211,-1.2266200039645088,-1.218545980178851,-0.9324988748360505,-1.092379750480273,-1.165043332778669,0.8680084359979812,-1.2457435162744455,0.9634766543676719,1.1429503598785975,0.8283742942329786,0.2415999856431615,0.45543593054253734,0.24743114516800238,0.5741844774916737,-0.642351177892872,-0.17907958685000447,1.3755949643697887,-0.6982229384936658,-0.6829249992655481,0.0,-0.2786932057166471,-0.0953462589245592,-0.2171861213815347,-0.13545709229571928,2.8722813232690143,-0.511237358145545,-0.1933472978091327,-0.1354570922957193,-0.23904572186687878,-0.4252658742831209,-0.2970442628930023,0.6089241120359331,0.7071067811865477,-0.7071067811865475,2.273030282830976,0.0,0.0,0.0,0.0,0.0,0.0,0.0,0.0,0.0,0.0,0.0,0.0,0.0,0.0,0.0,0.0,0.0,0.0,0.0,1.0,0.0,0.0,0.0,0.0,0.0,0.0,0.0,0.0,0.0,0.0,0.0,1.0,0.0,0.0,0.0,0.0,0.0,0.0,0.0,0.0,0.0,1.0,0.0,0.0,0.0,0.0,0.0,1.0,0.0,0.0,0.0,0.0,0.0,1.0,0.0,0.0,0.0,0.0,0.0,0.0,0.0,0.0,0.0,0.0,0.0,0.0,0.0,0.0,0.0,0.0,0.0,0.0,0.0,0.0,1.0,0.0,0.0,0.0,0.0,0.0,0.0,0.0,0.0,0.0,0.0,0.0,0.0,0.0,1.0,0.0,0.0,0.0,0.0,0.0,0.0,0.0,0.0,0.0,0.0,0.0,0.0,0.0,0.0,0.0,0.0,0.0,0.0,0.0,1
VAR_001869,-0.3685263236669449,0.07412641089094675,-0.5650772679568619,-0.44724886592437874,1.891308208964533,-0.4928748447289823,0.3258895341429444,-0.3264927086497787,-0.11504522035258981,-0.4888954302087279,-0.6659360585142,-0.691979249608071,-1.1364400704358901,0.9011154670112548,-0.29880619483752685,0.6395766955168181,0.07542617603449672,0.9404290697199132,1.1016447735158867,-0.8662666566525289,1.0935203165125211,-1.0910196068889997,0.3911195523740682,0.9650740041145233,0.6008839649609465,1.041323466124503,-0.0679918890423949,1.1745504684139176,-1.04275163763036,-1.1559342360041547,-0.35885304902990717,0.4493510160135705,-1.1156618915576297,1.0392243023806405,-1.186108106015113,-2.277333672184901,-1.3746156185349752,0.9882087304835168,-1.7940565495536767,-1.3590907385226985,1.0396470922239303,-1.1765898840784197,-1.2834661280188786,0.9839827028611506,1.0039433877244224,0.19561519910898906,-1.029644141675261,-1.454080642177539,0.16040110989231895,0.5920741290801794,-0.10501748311207061,-1.0658754601968945,-1.298564435242429,-1.1326929475358645,1.2143629110381289,1.0649666073000195,0.9514673274032434,-1.016421815925668,-1.0172782175782764,-1.1406521668206824,1.1591807924406405,1.1599643265355106,1.0763391081668667,1.0127184019062614,1.2992260860127374,-1.1730928305086623,1.1237856489113989,1.0146473970671759,1.3781573164353047,-0.379241962244107,0.955372629642766,1.1806612330787183,0.9879030973070977,1.009190918289187,-1.2414426379464678,-1.0664614009045903,1.0506559616720805,1.0341904547202905,-1.1920792721084463,1.1475797972991728,-1.4014697484903902,-0.641557516952497,0.4770119378745684,1.2618523382097067,1.3042766488942688,-0.8570604384154882,-1.32894349458601,-1.1672270165451164,-1.3908351418665734,1.2873563106182264,-1.1283892784935592,-1.3253661969609918,-1.02238227140144,1.155236690820497,-1.284747674647566,-1.352539204905001,1.0942202738310212,0.0,-0.1828520329314412,-1.2766105165967614,-1.1733912533481388,-1.2556132288882809,-1.1049686451781622,-1.2744628474537005,-1.2599549963304153,-1.2883904317672241,-1.137118063543146,1.2726879919922605,-1.1586225279789357,1.1081640004297975,1.3552968846228302,1.3381690153466055,1.0217310737510725,-1.6173146132458274,1.0768676013041276,-1.3602523365049959,1.2986428877185627,-1.1592911349996455,1.0457624577621396,1.1732985694462887,-1.0156188657442176,1.5382572188657846,1.153369024740493,-1.2645311001925834,-1.3470719221911818,-1.1057377049081205,-1.1138648061882561,1.1414713241319605,1.1102318953630232,-1.1776162023132102,-0.6549468389790284,1.388322647262387,1.0497559090434576,-1.2559173865898015,-1.3768612006931302,1.2461226858168353,-1.312832843259593,1.4956066405340973,-1.1814925003155485,-1.0679342763894948,-0.3595188714807902,1.033553446742222,1.0248912165229476,1.1424808336171925,-0.48613353846390867,0.9774205063647585,1.111415624510702,1.089241285612694,1.0174663063384182,-0.9324988748360507,0.9209323689071074,0.9148704835412195,1.2149570402428211,-1.092379750480273,0.9736916784744738,0.8680084359979812,0.9014231033911361,0.9634766543676719,1.1429503598785975,0.8283742942329786,0.2415999856431615,-0.41334471703519,0.09600800302492972,-0.6891918938911993,0.6188968088426609,-0.7490460918122627,-0.013768466431362869,-0.012357928114932163,-0.6829249992655481,0.0,-0.2786932057166471,-0.0953462589245592,-0.2171861213815347,-0.13545709229571928,-0.3481553119113957,-0.511237358145545,-0.1933472978091327,7.382411530116702,-0.23904572186687878,-0.4252658742831209,-0.2970442628930023,0.6089241120359331,0.7071067811865477,-0.7071067811865475,-0.43994134506405985,0.0,0.0,0.0,0.0,0.0,0.0,0.0,0.0,0.0,0.0,0.0,0.0,0.0,0.0,0.0,0.0,0.0,0.0,1.0,0.0,0.0,0.0,0.0,0.0,0.0,0.0,0.0,0.0,0.0,0.0,0.0,0.0,0.0,0.0,1.0,0.0,0.0,0.0,0.0,0.0,0.0,0.0,1.0,0.0,0.0,0.0,0.0,0.0,1.0,0.0,0.0,0.0,0.0,0.0,1.0,0.0,0.0,0.0,0.0,0.0,0.0,0.0,0.0,0.0,0.0,0.0,0.0,0.0,0.0,0.0,0.0,0.0,0.0,0.0,0.0,0.0,0.0,0.0,1.0,0.0,0.0,0.0,0.0,0.0,0.0,0.0,0.0,0.0,1.0,0.0,0.0,0.0,0.0,0.0,0.0,0.0,0.0,0.0,0.0,0.0,0.0,0.0,0.0,0.0,0.0,0.0,0.0,0.0,1
VAR_001833,-0.22913745606010852,0.2134520693956171,-0.3353555539251239,1.117937375418255,1.3372472746235844,0.3433474678066571,0.8305766687913705,0.09339371578490856,-0.350146179750641,-0.48916549212213306,-0.666771025451895,1.1893926495036014,-1.1114619476801382,1.6646560535627766,0.4672982554953217,0.2070030674700849,0.07542617603449672,0.19284521349700803,-1.2540049559862378,1.5256636639552004,-1.2427965579458726,-1.0910196068889997,0.3911195523740682,0.9650740041145233,-2.3767106828366003,-1.2612045167404342,-1.0546359420511466,-1.1452912040762042,-1.04275163763036,-1.1559342360041547,-0.44193932399455604,0.4493510160135705,-1.1156618915576297,1.0392243023806405,1.1565609289969432,0.0259377411410588,0.07854946391628402,0.03850163885000727,0.7590239248111715,-0.885246833097895,0.11644047432908003,0.24299138910315177,0.12243591352811678,0.521177279057813,0.5236084048045481,-1.2519372742975208,-0.0637138815791859,-0.9793660795842835,-0.07636934755446059,-2.0986247279800456,-0.9295376425006222,-1.0658754601968945,0.4592483978296398,-0.6834631510245196,0.3350885783729567,-0.679849531597429,-0.379787378585328,-0.13842320450349557,0.7066589145009402,-0.26580355738885314,-0.15824993753455854,-0.20290941793022257,0.6387067235275913,-0.3097726876419153,-0.036089613500353945,0.9971289059323633,0.24533348673417857,-1.1518747750387892,-0.41506022765516565,-0.3188847150050492,0.08614015513172467,-0.1295304366275182,0.5492741221027464,0.5698960479750703,0.5252257314388903,-0.61950738941344,1.0506559616720805,0.5923014093708386,-0.7521561477254793,-0.5854998965812108,0.5993423683254726,-0.5788881950435582,-0.5545401764488068,0.29254016145346123,-0.12442112769057163,-0.6767518254342552,0.12677421494406022,-0.2003449356756544,0.08701854532465249,0.2211878491153836,0.34263790407589256,0.4912523416135287,0.9258483230287718,0.6699984776250898,0.6489064526186016,-0.383851287647799,-0.5252257314388902,0.0,-0.1828520329314412,0.18425306425107899,0.7557280416288111,-0.31390330722207016,-0.14668050028577212,0.14019091321990693,-0.32133080443326034,1.1111286609536124,0.31926776399480616,-0.12606900322433817,-0.8757627841622836,-0.3221406977993596,-0.5531873928543166,-0.1324919817174857,0.031231954219465324,0.8486458547526188,0.09552081036435081,0.12487562433488468,-0.15843230207526035,-0.19472061324992884,0.5557844438376058,0.1866611360482732,0.8632760358825847,0.07471535063062373,-0.2638704041841718,0.19252376611928598,0.1126435087615065,0.8054288444914679,0.04409495813151275,0.15046584552296663,0.596455271412187,-0.7100289842344196,-0.050695427399757645,-0.5562049722470762,0.05807160347899948,-0.29449097340726355,0.09739854152813121,-0.6952052878767611,0.1299834498276825,0.2876038663187934,-0.6993393108485416,-1.0679342763894948,-0.4590162260475278,-1.0831335013829928,1.0248912165229476,1.1424808336171925,0.37306630197730367,0.9774205063647585,-1.0010353056380639,1.089241285612694,-1.1486214361181755,1.2149570402428211,-1.2266200039645088,0.9148704835412195,-0.9324988748360505,1.0054429537292477,0.9736916784744738,-1.2826374656934454,0.9014231033911361,0.9634766543676719,1.1429503598785975,0.8283742942329786,0.21248772431803495,0.27070570004573263,-5.484184079764776,-2.1111400003031244,0.22700112887617713,-2.8622776050968977,0.26410421972886755,0.6735070822638015,0.6829249992655481,0.0,-0.2786932057166471,-0.0953462589245592,-0.2171861213815347,-0.13545709229571928,-0.3481553119113957,-0.511237358145545,-0.1933472978091327,-0.1354570922957193,-0.23904572186687878,-0.4252658742831209,-0.2970442628930023,-1.89443057077846,-1.4142135623730951,-0.7071067811865475,2.273030282830976,0.0,0.0,0.0,0.0,0.0,0.0,0.0,0.0,0.0,0.0,0.0,0.0,0.0,0.0,0.0,0.0,0.0,0.0,0.0,0.0,1.0,0.0,0.0,0.0,0.0,0.0,0.0,0.0,0.0,0.0,0.0,0.0,0.0,0.0,0.0,0.0,0.0,0.0,1.0,0.0,0.0,0.0,0.0,1.0,0.0,0.0,0.0,0.0,0.0,1.0,0.0,0.0,0.0,0.0,0.0,1.0,0.0,0.0,0.0,0.0,0.0,0.0,0.0,0.0,0.0,0.0,0.0,0.0,0.0,0.0,1.0,0.0,0.0,0.0,0.0,0.0,0.0,0.0,0.0,0.0,0.0,0.0,0.0,0.0,0.0,0.0,0.0,0.0,0.0,0.0,0.0,0.0,1.0,0.0,0.0,0.0,0.0,0.0,0.0,0.0,0.0,0.0,0.0,0.0,0.0,0.0,0.0,0.0,0
VAR_001882,-0.35895839726889844,-0.7840525504075365,-0.5664913636915769,-0.44724904891258904,-0.4663774578831069,-0.49254757183514897,-0.5502810691392925,-0.25731533474842816,-0.39076546788404926,-0.4891450219742914,-0.659214542080441,-0.691979249608071,0.7805012149858214,-0.625965706091788,0.47607612302559116,1.3796696963626436,0.07542617603449672,0.5926349763790606,-1.2540049559862378,-0.8662666566525289,-1.2427965579458726,1.2220260021034306,0.3911195523740682,-1.3865859297887166,0.6008839649609465,1.041323466124503,1.2831365090189601,-1.1452912040762042,1.2447074883967142,-1.1559342360041547,-0.37070142576832055,0.4493510160135705,1.2197040077471442,-1.3053671115269019,-1.186108106015113,0.6017555944725487,-1.3746156185349752,-1.3860589986002567,0.7590239248111715,1.010128788601319,1.0396470922239303,1.189378904557533,-1.2834661280188786,0.9839827028611506,1.0039433877244224,0.19561519910898906,1.3851815085649268,0.919492170788738,-0.5679300052977108,0.30657935909997286,0.27567385665495403,-1.0658754601968945,0.8987016060976569,-1.1326929475358645,-0.9838229206248016,-1.1160535663217912,0.9514673274032434,1.178574712629763,-1.0172782175782764,-1.1406521668206824,-1.036537090851358,1.1129244303892394,-1.1118228150295109,1.0127184019062614,-0.9263000798424149,-1.1730928305086623,-1.0723447565316517,1.0146473970671759,-0.8633646136777833,-0.3861915174090769,-1.2177085566348373,-1.0029915497650093,-1.2052417787146594,1.009190918289187,-1.2414426379464678,-1.0664614009045903,-1.1010564321581946,1.0341904547202905,1.0075363498063885,1.1475797972991728,-1.4014697484903902,-0.5948208972700141,-0.5438807425810283,-1.1614281036809067,1.3042766488942688,-0.8570604384154882,1.0972526879641071,1.2499781856285386,1.07225433678547,1.286580215377987,-1.1283892784935592,1.1146547373986353,-1.02238227140144,-1.2709543751565395,-1.284747674647566,-1.352539204905001,-1.6048564016188311,0.0,1.387501221191554,1.1581621181496393,1.2380078653730484,1.098661575277246,-1.1049686451781622,-1.2744628474537005,-1.2599549963304153,1.1111286609536124,1.2901916490201075,1.2726879919922605,-1.1586225279789357,-1.2756771632854644,1.3552968846228302,1.3381690153466055,-1.4545167250779456,0.8486458547526188,-1.3764993760453141,-1.3602523365049959,-1.129815761937809,1.252135169374646,1.0457624577621396,1.1732985694462887,-1.0156188657442176,-0.9009792281928168,-1.2086966901339484,-1.2645311001925834,1.0884199436060857,-1.1057377049081205,-1.1138648061882561,-1.3360423723905241,-1.3339535168969323,-1.1776162023132102,-0.6622711204666137,1.388322647262387,1.0497559090434576,1.1476486463665432,1.080238369675639,1.2461226858168353,1.091860978552533,1.4956066405340973,-1.1814925003155485,-1.0679342763894948,-0.4528944909609693,1.033553446742222,-1.081829617440889,-1.1246902141211947,-0.5671606947838272,-1.1499064780761865,1.111415624510702,-1.0244961742301215,1.0174663063384182,1.2149570402428211,0.9209323689071074,0.9148704835412195,-0.9324988748360505,-1.092379750480273,0.9736916784744738,0.8680084359979812,0.9014231033911361,0.9634766543676719,-0.9928659691874683,0.8283742942329786,0.1290291067239399,0.30411407675200763,0.24743114516800238,0.8661032639135107,-0.13857377355735984,1.0914632349404012,1.4311695016018349,-0.012357928114932163,-0.6829249992655481,0.0,-0.2786932057166471,-0.0953462589245592,-0.2171861213815347,-0.13545709229571928,-0.3481553119113957,-0.511237358145545,5.1720402163943,-0.1354570922957193,-0.23904572186687878,-0.4252658742831209,-0.2970442628930023,0.6089241120359331,0.7071067811865477,-0.7071067811865475,-0.43994134506405985,0.0,0.0,0.0,0.0,0.0,0.0,0.0,0.0,0.0,0.0,0.0,0.0,0.0,0.0,0.0,0.0,0.0,0.0,1.0,0.0,0.0,0.0,0.0,0.0,0.0,0.0,0.0,0.0,0.0,0.0,0.0,0.0,0.0,0.0,1.0,0.0,0.0,0.0,0.0,0.0,0.0,0.0,1.0,0.0,0.0,0.0,0.0,0.0,1.0,0.0,0.0,0.0,0.0,0.0,1.0,0.0,0.0,0.0,0.0,0.0,0.0,0.0,0.0,0.0,0.0,0.0,0.0,0.0,0.0,0.0,0.0,0.0,0.0,1.0,0.0,0.0,0.0,0.0,0.0,0.0,0.0,0.0,0.0,0.0,0.0,0.0,0.0,0.0,0.0,0.0,0.0,0.0,0.0,0.0,0.0,0.0,0.0,0.0,0.0,0.0,0.0,0.0,0.0,1.0,0.0,0.0,0.0,0.0,1
VAR_001936,-0.3690568947150993,-0.7833322786008644,-0.5452264923702278,-0.4472471870874664,-0.46639671766135293,-0.14464940391965542,-0.3956791286100108,-0.35379508741142274,-0.39867888178243754,4.443977055244633,0.433524978051515,0.24870669994776531,-0.5634542538756422,-0.625965706091788,0.3031324189188476,-0.1827170803725909,-0.8503641156206425,0.08584733950577132,1.1016447735158867,1.5256636639552004,1.0935203165125211,1.2220260021034306,0.3911195523740682,0.9650740041145233,-2.3767106828366003,-1.2612045167404342,-1.0546359420511466,-1.1452912040762042,-1.04275163763036,-1.1559342360041547,-0.4412196539728957,0.4493510160135705,-1.1156618915576297,-1.3053671115269019,1.1565609289969432,-2.277333672184901,-1.3746156185349752,-1.3860589986002567,0.7590239248111715,1.010128788601319,1.0396470922239303,-1.1765898840784197,1.0597039412261138,0.9839827028611506,-1.3977315268749497,0.19561519910898906,-1.029644141675261,0.919492170788738,1.760242730153373,0.8192582730599473,0.630247708353604,1.085255014018656,0.8987016060976569,1.1134560350208595,-0.9838229206248016,1.0649666073000195,-1.2672905159110424,1.178574712629763,-1.0172782175782764,-1.1406521668206824,-1.036537090851358,-1.1114919142407116,1.0763391081668667,1.0127184019062614,-0.9263000798424149,-1.1730928305086623,-1.0723447565316517,-1.1518747750387892,1.3781573164353047,0.3710042942687491,0.955372629642766,0.42425205453574893,0.9879030973070977,-1.1872834332813964,0.9668928237852297,-1.0664614009045903,1.0506559616720805,1.0341904547202905,1.0075363498063885,1.1475797972991728,-1.4014697484903902,-0.5426780754569608,-0.13276230889071203,1.2618523382097067,1.3042766488942688,1.602463511540713,-1.32894349458601,-1.1672270165451164,1.07225433678547,1.2873103686998093,1.3233226924555272,0.9579795331619528,-1.02238227140144,-1.2709543751565395,1.1323199844351433,-1.352539204905001,-1.6048564016188311,0.0,1.387501221191554,1.1581621181496393,1.2380078653730484,1.098661575277246,1.2907517170528129,-1.2744628474537005,1.0866054834124719,-1.2883904317672241,1.2901916490201075,1.2726879919922605,1.3054020889740467,1.1081640004297975,-1.0303084622236034,-1.1129326464268798,1.0217310737510725,0.8486458547526188,1.0768676013041276,-1.3602523365049959,1.2986428877185627,-1.1592911349996455,1.0457624577621396,1.1732985694462887,1.3329997612892854,-0.9009792281928168,1.153369024740493,-1.2645311001925834,-1.3470719221911818,-1.1057377049081205,1.5181654894997205,1.1414713241319605,1.1102318953630232,1.1603198880807428,-0.6623725384703726,1.388322647262387,-1.4294548548676875,1.1476486463665432,-1.3768612006931302,1.2461226858168353,1.091860978552533,1.4956066405340973,1.2292734470194862,1.08229401958299,-0.45902174765187725,-1.0831335013829928,-1.081829617440889,-1.1246902141211947,0.3153907686480767,0.9774205063647585,1.111415624510702,-1.0244961742301215,1.0174663063384182,-0.9324988748360507,0.9209323689071074,-1.218545980178851,1.2149570402428211,1.0054429537292477,-1.165043332778669,-1.2826374656934454,-1.2457435162744455,0.9634766543676719,1.1429503598785975,-1.3713756258593799,0.2415999856431615,-0.09541787049219552,0.24743114516800238,0.3149911305403082,-0.7034344355912829,-0.20094519711993605,-0.4027902270556851,0.6735070822638015,-0.6829249992655481,0.0,-0.2786932057166471,-0.0953462589245592,4.604345773288536,-0.13545709229571928,-0.3481553119113957,-0.511237358145545,-0.1933472978091327,-0.1354570922957193,-0.23904572186687878,-0.4252658742831209,-0.2970442628930023,-1.89443057077846,0.7071067811865477,-0.7071067811865475,-0.43994134506405985,0.0,0.0,0.0,0.0,0.0,0.0,0.0,0.0,0.0,0.0,0.0,0.0,0.0,0.0,0.0,0.0,0.0,0.0,0.0,0.0,0.0,0.0,0.0,0.0,0.0,0.0,1.0,0.0,0.0,0.0,0.0,0.0,1.0,0.0,0.0,0.0,0.0,0.0,0.0,0.0,0.0,1.0,0.0,0.0,0.0,0.0,0.0,1.0,0.0,0.0,0.0,0.0,0.0,1.0,0.0,0.0,0.0,0.0,0.0,0.0,0.0,0.0,0.0,0.0,0.0,0.0,0.0,0.0,0.0,0.0,0.0,0.0,0.0,0.0,0.0,0.0,1.0,0.0,0.0,0.0,0.0,0.0,0.0,0.0,0.0,0.0,0.0,0.0,0.0,0.0,0.0,0.0,0.0,0.0,0.0,1.0,0.0,0.0,0.0,0.0,0.0,0.0,0.0,0.0,0.0,0.0,0.0,0.0,1
VAR_001880,-0.3695461177538584,-0.7694680527729741,0.5481970958800415,0.11175713574157399,-0.4647105034325969,-0.49287459901676883,-0.5574354676883477,-0.33558992257281994,-0.3572962251450322,-0.4891654920665517,-0.0966836814593686,-0.31442991535651627,0.5950852472060669,0.13757488045973346,0.3031324189188476,-1.0050108562619995,0.7153273288487508,-0.7687343907083706,1.1016447735158867,1.5256636639552004,-1.2427965579458726,-1.0910196068889997,0.3911195523740682,-1.3865859297887166,0.6008839649609465,-1.2612045167404342,-1.0546359420511466,1.1745504684139176,1.2447074883967142,1.1418939280238138,-0.4421660796911874,0.4493510160135705,-1.1156618915576297,-1.3053671115269019,-1.186108106015113,0.6017555944725487,1.047326185550457,-1.3860589986002567,0.7590239248111715,-1.3590907385226985,-1.2683694525131952,1.189378904557533,-1.2834661280188786,0.9839827028611506,1.0039433877244224,0.19561519910898906,1.3851815085649268,0.919492170788738,-0.7088947220208559,0.404380178757694,-0.009626604492758569,1.085255014018656,-1.298564435242429,1.1134560350208595,1.2143629110381289,-1.1160535663217912,-1.2672905159110424,1.178574712629763,-1.0172782175782764,-1.1406521668206824,1.1591807924406405,-1.1114919142407116,-1.1118228150295109,1.0127184019062614,-0.9263000798424149,0.9971289059323633,-1.0723447565316517,-1.1518747750387892,1.3781573164353047,0.37515539781659196,-1.2177085566348373,1.1806612330787183,0.9879030973070977,-1.1872834332813964,0.9668928237852297,1.1683086565511613,1.0506559616720805,1.0341904547202905,1.0075363498063885,-1.0187698200513067,1.0995453975294383,-0.574124879523419,2.779451204981359,-1.1614281036809067,1.3042766488942688,-0.8570604384154882,1.0972526879641071,-1.1672270165451164,-1.3908351418665734,1.2873563163446307,1.3233226924555272,-1.3253661969609918,-1.02238227140144,-1.2709543751565395,-1.284747674647566,-1.352539204905001,-1.6048564016188311,0.0,1.387501221191554,1.1581621181496393,1.2380078653730484,1.098661575277246,1.2907517170528129,1.0832934203356452,-1.2599549963304153,1.1111286609536124,-1.137118063543146,1.2726879919922605,-1.1586225279789357,-1.2756771632854644,-1.0303084622236034,-1.1129326464268798,1.0217310737510725,0.8486458547526188,-1.3764993760453141,1.114960931561472,-1.129815761937809,-1.1592911349996455,1.0457624577621396,-1.2932950140487498,-1.0156188657442176,-0.9009792281928168,-1.2086966901339484,1.1638936769938657,-1.3470719221911818,1.2832204818413648,1.5181654894997205,-1.3360423723905241,-1.3339535168969323,1.1603198880807428,-0.6579745128890169,-1.0423368771244421,-1.4294548548676875,1.1476486463665432,1.080238369675639,-1.1805372813001602,-1.312832843259593,1.4956066405340973,-1.1814925003155485,-1.0679342763894948,-0.4572699549842665,-1.0831335013829928,-1.081829617440889,1.1424808336171925,0.4120301306821057,0.9774205063647585,-1.0010353056380639,-1.0244961742301215,-1.1486214361181755,1.2149570402428211,0.9209323689071074,0.9148704835412195,-0.9324988748360505,1.0054429537292477,-1.165043332778669,0.8680084359979812,0.9014231033911361,0.9634766543676719,1.1429503598785975,0.8283742942329786,0.2415999856431615,0.2953088551424935,0.24743114516800238,0.6923207703587313,0.40516312056716386,1.0840540092134303,-0.3194284212076161,0.6735070822638015,0.6829249992655481,0.0,-0.2786932057166471,-0.0953462589245592,-0.2171861213815347,-0.13545709229571928,-0.3481553119113957,1.956038587687303,-0.1933472978091327,-0.1354570922957193,-0.23904572186687878,-0.4252658742831209,-0.2970442628930023,0.6089241120359331,0.7071067811865477,-0.7071067811865475,2.273030282830976,0.0,0.0,0.0,0.0,0.0,0.0,0.0,0.0,0.0,1.0,0.0,0.0,0.0,0.0,0.0,0.0,0.0,0.0,0.0,0.0,0.0,0.0,0.0,0.0,0.0,0.0,0.0,0.0,0.0,0.0,0.0,1.0,0.0,0.0,0.0,0.0,0.0,0.0,0.0,0.0,0.0,0.0,1.0,0.0,0.0,0.0,0.0,0.0,1.0,0.0,0.0,0.0,0.0,0.0,1.0,0.0,0.0,1.0,0.0,0.0,0.0,0.0,0.0,0.0,0.0,0.0,0.0,0.0,0.0,0.0,0.0,0.0,0.0,0.0,0.0,0.0,0.0,0.0,0.0,0.0,0.0,0.0,0.0,0.0,0.0,0.0,0.0,0.0,0.0,0.0,0.0,0.0,0.0,0.0,0.0,0.0,0.0,0.0,0.0,0.0,0.0,0.0,0.0,1.0,0.0,0.0,0.0,0.0,1
VAR_001797,-0.20409822573299424,-0.3974650829115784,-0.5585800727955317,-0.4138294054202675,-0.4589531049958566,-0.408401721762792,1.1772935939757028,0.13940361668534762,-0.3920855732224815,-0.4278507174744645,0.4859481707932934,-0.31442991535651627,0.8013590746262416,-0.625965706091788,-0.6359157355207451,-0.26491785541617374,0.7153273288487508,-0.261946753835081,1.1016447735158867,-0.8662666566525289,1.0935203165125211,-1.0910196068889997,0.3911195523740682,0.9650740041145233,0.6008839649609465,1.041323466124503,-1.0546359420511466,-1.1452912040762042,-1.04275163763036,1.1418939280238138,-0.44212136847209677,0.4493510160135705,1.2197040077471442,1.0392243023806405,-0.24904049201029047,0.6017555944725487,-0.40583889690080227,0.5133551846667621,0.24840782993820204,0.06244097775171194,-0.34516283461834496,0.7161851468303425,0.12243591352811678,0.058371855254474955,0.04327342188467346,0.19561519910898906,-0.38709659978807287,0.919492170788738,0.8002059025358326,0.5042670389467662,0.36165563460580463,0.22480282433243576,0.4592483978296398,-0.2342333545131748,-0.10454858795962935,-0.679849531597429,0.5077157587403863,-0.13842320450349557,0.2756746314811359,-0.26580355738885314,0.2808936391238411,-0.20290941793022257,0.6387067235275913,0.1310576755408102,0.4090156196706764,0.12904021135595298,0.24533348673417857,0.581342962645983,0.4815485443900695,0.08496594301945347,0.08614015513172467,-0.1295304366275182,0.11064514689839479,0.1306011776609535,0.5252257314388903,0.055822153427538754,0.18997100413997042,0.1504123640213866,0.5676132254234216,-0.5854998965812108,1.0995453975294383,0.05461675208891372,-0.5549686758946862,0.29254016145346123,-0.12442112769057163,0.12674914156699243,0.6120134514540838,0.28309610475907654,-0.8982172461361648,0.16779159696546952,0.34263790407589256,0.03226722913449974,-0.04826697418633399,0.18476026442968232,0.16549292080205957,0.13661332699752446,0.5544049387410508,0.0,0.34059905177622385,-0.7896559896474813,-0.6911114296039013,1.098661575277246,-0.14668050028577212,1.0832934203356452,0.6172933874638946,-0.32858279467888946,0.31926776399480616,0.3401833285145279,0.8125971655834502,-0.798908930542412,0.40105474588425666,0.35772835063721126,0.031231954219465324,-1.1241225196461382,0.09552081036435081,0.12487562433488468,-0.15843230207526035,-0.6770058741247872,0.5557844438376058,0.1866611360482732,0.393552310475884,-0.9009792281928168,1.153369024740493,0.19252376611928598,0.1142231972871786,0.8054288444914679,0.0527313376321495,-0.34503689378153024,0.1325577304590409,0.22514545192316152,-0.16859489937670405,0.41605883750765543,-0.43777054930322945,0.18622223318400533,0.09739854152813121,0.2754586989700371,0.610922214190108,1.005660223253098,0.7471202575524793,-0.2078429580005009,-0.45470996436113886,-0.2364587221329068,0.6035470497301804,0.23561241452183765,-0.009319015639040603,-0.7244410811879975,-1.0010353056380639,-0.17900119029299524,-0.06509585169962982,-0.07351650880450188,-0.7971095293901855,0.4881871907972055,-0.07351650880450177,0.1663138720454394,0.5459446762238453,-0.42237910501687476,-0.3868768684082127,-0.31476129744282494,-0.13853943756104198,-0.4914756578224365,0.2415999856431615,-3.6080305236557613,0.24743114516800238,0.9766767790619368,0.5571902843359695,1.0914632349404012,0.26410421972886755,1.3593720926425352,-0.6829249992655481,0.0,-0.2786932057166471,-0.0953462589245592,-0.2171861213815347,-0.13545709229571928,-0.3481553119113957,1.956038587687303,-0.1933472978091327,-0.1354570922957193,-0.23904572186687878,-0.4252658742831209,-0.2970442628930023,0.6089241120359331,-1.4142135623730951,-0.7071067811865475,-0.43994134506405985,0.0,0.0,0.0,0.0,0.0,0.0,0.0,0.0,1.0,0.0,0.0,0.0,0.0,0.0,0.0,0.0,0.0,0.0,0.0,0.0,0.0,0.0,0.0,0.0,0.0,0.0,0.0,0.0,0.0,0.0,0.0,0.0,0.0,0.0,0.0,0.0,0.0,0.0,1.0,0.0,0.0,0.0,1.0,0.0,0.0,0.0,0.0,0.0,1.0,0.0,0.0,0.0,0.0,0.0,1.0,0.0,0.0,0.0,0.0,0.0,0.0,0.0,1.0,0.0,0.0,0.0,0.0,0.0,0.0,0.0,0.0,0.0,0.0,0.0,0.0,0.0,0.0,0.0,0.0,0.0,0.0,0.0,0.0,0.0,0.0,0.0,0.0,0.0,0.0,0.0,0.0,0.0,1.0,0.0,0.0,0.0,0.0,0.0,0.0,0.0,0.0,0.0,0.0,0.0,0.0,0.0,0.0,0.0,1
VAR_001976,-0.3599206793860279,-0.7832312152105507,-0.5599878819814507,4.724628492915087,5.811072403988713,-0.4917347999405742,-0.5423048189972036,0.2741695768731324,-0.39399053563074826,2.00172205141632,-0.632403227135551,-1.6326651991639072,-1.4929291126659052,2.428196640114298,2.3453945643745064,-1.0191127550603556,1.0012164676896353,-1.9711102142633647,1.1016447735158867,-0.8662666566525289,-1.2427965579458726,1.2220260021034306,0.3911195523740682,-1.3865859297887166,0.6008839649609465,-1.2612045167404342,1.2831365090189601,1.1745504684139176,-1.04275163763036,1.1418939280238138,0.36109939852521755,0.4493510160135705,1.2197040077471442,1.0392243023806405,1.1565609289969432,0.6017555944725487,-1.3746156185349752,-1.3860589986002567,0.7590239248111715,-1.3590907385226985,-1.2683694525131952,-1.1765898840784197,1.0597039412261138,0.9839827028611506,-1.3977315268749497,0.19561519910898906,-1.029644141675261,-1.454080642177539,-0.9311580174444459,-3.2310624002984554,-2.1725889910051204,-1.0658754601968945,0.8987016060976569,-1.1326929475358645,1.2143629110381289,-1.1160535663217912,-1.2672905159110424,-1.016421815925668,1.1376431975207442,-1.1406521668206824,-1.036537090851358,1.1599643265355106,-1.1118228150295109,-1.1914334140073664,1.2992260860127374,0.9971289059323633,1.1237856489113989,-1.1518747750387892,-0.8633646136777833,-0.3191768239985268,-1.2177085566348373,-1.0029915497650093,0.9879030973070977,1.009190918289187,-1.2414426379464678,-1.0664614009045903,1.0506559616720805,1.0341904547202905,-1.1920792721084463,1.1475797972991728,1.0995453975294383,-0.6320570327924162,-0.5166549457968237,1.2618523382097067,1.3042766488942688,-0.8570604384154882,1.0972526879641071,-1.1672270165451164,-1.3908351418665734,-1.3292467070327751,1.3233226924555272,1.1146547373986353,1.4129059716363248,1.155236690820497,1.1323199844351433,1.0691805882380039,-1.6048564016188311,0.0,-1.2297542023467716,1.1581621181496393,-1.1733912533481388,-1.2556132288882809,-1.1049686451781622,-1.2744628474537005,-1.2599549963304153,1.1111286609536124,-1.137118063543146,1.2726879919922605,-1.1586225279789357,-1.2756771632854644,-1.0303084622236034,1.3381690153466055,1.0217310737510725,0.8486458547526188,1.0768676013041276,-1.3602523365049959,-1.129815761937809,-1.1592911349996455,-1.4041276118605301,1.1732985694462887,1.3329997612892854,-0.9009792281928168,1.153369024740493,-1.2645311001925834,-1.3470719221911818,1.2832204818413648,-1.1138648061882561,1.1414713241319605,1.1102318953630232,-1.1776162023132102,-0.363299198687333,-1.0423368771244421,1.0497559090434576,1.1476486463665432,1.080238369675639,-1.1805372813001602,-1.312832843259593,-0.9541254458708998,-1.1814925003155485,-1.0679342763894948,-0.4439964382442219,-1.0831335013829928,1.0248912165229476,1.1424808336171925,-0.5671609284008723,0.9774205063647585,1.111415624510702,1.089241285612694,-1.1486214361181755,-0.9324988748360507,-1.2266200039645088,0.9148704835412195,-0.9324988748360505,1.0054429537292477,0.9736916784744738,-1.2826374656934454,0.9014231033911361,0.9634766543676719,-0.9928659691874683,0.8283742942329786,-1.0698473716052033,0.45961603869494483,-0.2706553533522866,-2.4564440437240016,-0.2643275360470343,-2.537010555245716,0.26410421972886755,0.6735070822638015,0.6829249992655481,0.0,-0.2786932057166471,-0.0953462589245592,-0.2171861213815347,-0.13545709229571928,-0.3481553119113957,-0.511237358145545,-0.1933472978091327,-0.1354570922957193,-0.23904572186687878,-0.4252658742831209,-0.2970442628930023,-1.3937596342155811,0.7071067811865477,-0.7071067811865475,-0.43994134506405985,0.0,0.0,0.0,0.0,0.0,0.0,1.0,0.0,0.0,0.0,0.0,0.0,0.0,0.0,0.0,0.0,0.0,0.0,0.0,0.0,0.0,0.0,0.0,0.0,0.0,0.0,0.0,0.0,0.0,0.0,0.0,0.0,0.0,0.0,1.0,0.0,0.0,0.0,0.0,0.0,0.0,1.0,0.0,0.0,0.0,0.0,0.0,1.0,0.0,0.0,0.0,0.0,0.0,1.0,0.0,0.0,0.0,0.0,0.0,0.0,0.0,0.0,0.0,0.0,0.0,0.0,0.0,0.0,0.0,0.0,1.0,0.0,0.0,0.0,0.0,0.0,0.0,0.0,0.0,0.0,0.0,0.0,0.0,0.0,0.0,0.0,0.0,0.0,0.0,0.0,0.0,0.0,1.0,0.0,0.0,0.0,0.0,0.0,0.0,0.0,0.0,0.0,0.0,0.0,0.0,0.0,0.0,0.0,1
VAR_001791,-0.1252108379433444,-0.7840525182207219,-0.566491328534043,-0.4472496603678938,-0.46635900092658245,-0.49287384466998,1.7402606138563144,-0.35379207330517426,-0.3986982187318917,-0.42784865848286896,-0.6676197628371133,-0.691979249608071,0.8029352884632048,-0.625965706091788,-0.4629720314140015,0.557375920473235,1.0012164676896353,0.5926349763790606,1.1016447735158867,-0.8662666566525289,1.0935203165125211,-1.0910196068889997,0.3911195523740682,-1.3865859297887166,0.6008839649609465,1.041323466124503,1.2831365090189601,-1.1452912040762042,-1.04275163763036,1.1418939280238138,-0.4419888246651747,0.4493510160135705,-1.1156618915576297,1.0392243023806405,1.1565609289969432,0.6017555944725487,-1.3746156185349752,0.9882087304835168,0.7590239248111715,1.010128788601319,-1.2683694525131952,1.189378904557533,1.0597039412261138,0.9839827028611506,1.0039433877244224,0.19561519910898906,-1.029644141675261,0.919492170788738,0.8943739522072757,0.6956622534247668,0.5506493765198639,1.085255014018656,-1.298564435242429,-1.1326929475358645,1.2143629110381289,-1.1160535663217912,0.9514673274032434,1.178574712629763,1.1376431975207442,1.0464693567588907,-1.036537090851358,1.1599643265355106,1.0763391081668667,-1.1914334140073664,1.2992260860127374,-1.1730928305086623,-1.0723447565316517,1.0146473970671759,1.3781573164353047,1.6324288520161039,0.955372629642766,-1.0029915497650093,0.9879030973070977,1.009190918289187,0.9668928237852297,1.1683086565511613,1.0506559616720805,1.0341904547202905,1.0075363498063885,-1.0187698200513067,1.0995453975294383,-0.5882353671220962,-0.5422149107882043,0.29254016145346123,-0.12442112769057163,0.12674914156699243,0.12677421494406022,-0.2003449356756544,-0.40559935040575607,0.6901687876432395,-0.14770449011392464,-0.19405808071833325,-0.04826697418633399,0.6699984776250898,-0.31792061101448216,-0.34773063163107637,-0.5252257314388902,0.0,0.8640501364838892,-0.3027014626982011,-0.6911114296039013,1.098661575277246,-0.14668050028577212,1.0832934203356452,0.6172933874638946,-0.8084866132230568,0.31926776399480616,-0.12606900322433817,0.8125971655834502,-0.3221406977993596,0.40105474588425666,-0.1324919817174857,0.5264815139852691,-0.6309304260464489,0.09552081036435081,0.6199182779481784,-0.6441240320065348,-0.6770058741247872,0.0658064299130717,0.1866611360482732,0.8632760358825847,-0.9009792281928168,0.6809558817656048,-0.2931611893180037,0.1142231972871786,0.32763720714157063,-0.4736747215054458,-0.34503689378153024,0.6213948129110322,0.6927326700019523,-0.2885600809158557,0.41605883750765543,0.05807160347899948,0.18622223318400533,0.5888184556018852,0.2754586989700371,0.610922214190108,0.5157138059720985,0.7471202575524793,1.08229401958299,-0.44423466952581353,-1.0831335013829928,1.0248912165229476,-1.1246902141211947,-0.5329358283572472,-1.1499064780761865,-1.0010353056380639,-1.0244961742301215,-1.1486214361181755,1.2149570402428211,-1.2266200039645088,0.9148704835412195,-0.9324988748360505,-1.092379750480273,0.9736916784744738,0.8680084359979812,-1.2457435162744455,-1.1669199319831562,-0.9928659691874683,0.8283742942329786,0.17125819589438573,-0.26904586928158297,0.24743114516800238,1.1635537564470801,0.2573592874410464,0.41069952813163696,0.26410421972886755,1.3593720926425352,-0.6829249992655481,0.0,-0.2786932057166471,-0.0953462589245592,-0.2171861213815347,-0.13545709229571928,-0.3481553119113957,1.956038587687303,-0.1933472978091327,-0.1354570922957193,-0.23904572186687878,-0.4252658742831209,-0.2970442628930023,0.6089241120359331,0.7071067811865477,1.4142135623730951,-0.43994134506405985,0.0,0.0,0.0,0.0,0.0,0.0,0.0,0.0,0.0,0.0,0.0,0.0,0.0,0.0,0.0,0.0,1.0,0.0,0.0,0.0,0.0,0.0,0.0,0.0,0.0,0.0,0.0,0.0,0.0,0.0,0.0,0.0,0.0,0.0,1.0,0.0,0.0,0.0,0.0,0.0,0.0,0.0,1.0,0.0,0.0,0.0,0.0,0.0,1.0,0.0,0.0,0.0,0.0,0.0,1.0,0.0,0.0,0.0,0.0,0.0,0.0,0.0,1.0,0.0,0.0,0.0,0.0,0.0,0.0,0.0,0.0,0.0,0.0,0.0,0.0,0.0,0.0,0.0,0.0,0.0,0.0,0.0,0.0,0.0,0.0,0.0,0.0,0.0,0.0,0.0,0.0,0.0,1.0,0.0,0.0,0.0,0.0,0.0,0.0,0.0,0.0,0.0,0.0,0.0,0.0,0.0,0.0,0.0,1
VAR_001795,-0.36432700277656993,-0.31296622194634605,-0.5649431820650724,-0.3741638327206453,-0.466398723344767,-0.3740107609032776,0.019044333368091828,-0.31960548924504495,-0.3163355132118822,-0.47447908563086966,-0.6660831948560237,0.62625603419932,-0.5172216640375343,0.9011154670112548,-0.6359157355207451,-1.0050108562619995,0.7153273288487508,0.08584733950577132,-1.2540049559862378,1.5256636639552004,-1.2427965579458726,-1.0910196068889997,0.3911195523740682,0.9650740041145233,-2.3767106828366003,1.041323466124503,-1.0546359420511466,1.1745504684139176,-1.04275163763036,-1.1559342360041547,-0.4421652152761524,-3.0143963990910354,1.2197040077471442,1.0392243023806405,1.1565609289969432,-2.277333672184901,1.047326185550457,-1.3860589986002567,0.7590239248111715,1.010128788601319,1.0396470922239303,1.189378904557533,-1.2834661280188786,0.9839827028611506,-1.3977315268749497,0.19561519910898906,1.3851815085649268,-1.454080642177539,0.8181155808868771,0.6187181357103038,0.6016110200697213,1.085255014018656,-1.298564435242429,-1.1326929475358645,-0.9838229206248016,-1.1160535663217912,0.9514673274032434,-1.016421815925668,1.1376431975207442,-1.1406521668206824,1.1591807924406405,-1.1114919142407116,-1.1118228150295109,1.0127184019062614,1.2992260860127374,0.9971289059323633,-1.0723447565316517,1.0146473970671759,-0.8633646136777833,-0.3860694344339318,-1.2177085566348373,1.1806612330787183,0.9879030973070977,-1.1872834332813964,0.9668928237852297,-1.0664614009045903,-1.1010564321581946,-1.175254772026969,1.0075363498063885,-1.0187698200513067,0.09913933912150681,-0.6322283298814174,-0.5526880602906322,-1.1614281036809067,-1.0768863120804655,-0.8570604384154882,-1.32894349458601,-1.1672270165451164,-1.3908351418665734,-1.3291304487055753,-1.1283892784935592,1.1146547373986353,-1.02238227140144,1.155236690820497,1.1323199844351433,1.0691805882380039,1.0942202738310212,0.0,1.387501221191554,1.1581621181496393,-1.1733912533481388,-1.2556132288882809,1.2907517170528129,-1.2744628474537005,-1.2599549963304153,-1.2883904317672241,-1.137118063543146,1.2726879919922605,1.3054020889740467,1.1081640004297975,1.3552968846228302,-1.1129326464268798,-1.4545167250779456,0.8486458547526188,1.0768676013041276,-1.3602523365049959,-1.129815761937809,-1.1592911349996455,1.0457624577621396,-1.2932950140487498,1.3329997612892854,-0.9009792281928168,1.153369024740493,1.1638936769938657,1.0884199436060857,-1.1057377049081205,1.5181654894997205,-1.3360423723905241,1.1102318953630232,-1.1776162023132102,-0.65152341319707,1.388322647262387,1.0497559090434576,-1.2559173865898015,-1.3768612006931302,-1.1805372813001602,1.091860978552533,1.4956066405340973,-1.1814925003155485,-1.0679342763894948,-0.45918066867121077,-1.0831335013829928,-1.081829617440889,-1.1246902141211947,-0.5671560800416304,-1.1499064780761865,1.111415624510702,-1.0244961742301215,-1.1486214361181755,-0.9324988748360507,0.9209323689071074,0.9148704835412195,1.2149570402428211,1.0054429537292477,-1.165043332778669,0.8680084359979812,0.9014231033911361,0.9634766543676719,1.1429503598785975,-1.3713756258593799,0.2415999856431615,0.2734140988502816,0.24743114516800238,-0.7321264487310886,0.16491870915054435,0.07351785684020803,-1.931090000936952,-0.6982229384936658,0.6829249992655481,0.0,-0.2786932057166471,-0.0953462589245592,-0.2171861213815347,-0.13545709229571928,-0.3481553119113957,-0.511237358145545,-0.1933472978091327,-0.1354570922957193,-0.23904572186687878,-0.4252658742831209,3.3665016461206925,0.6089241120359331,0.7071067811865477,-0.7071067811865475,-0.43994134506405985,0.0,0.0,0.0,0.0,0.0,0.0,0.0,0.0,0.0,0.0,0.0,1.0,0.0,0.0,0.0,0.0,0.0,0.0,0.0,0.0,0.0,0.0,0.0,0.0,0.0,0.0,0.0,0.0,0.0,0.0,0.0,0.0,0.0,0.0,1.0,0.0,0.0,0.0,0.0,0.0,0.0,0.0,0.0,1.0,0.0,0.0,0.0,0.0,0.0,1.0,0.0,0.0,0.0,0.0,0.0,1.0,0.0,0.0,0.0,0.0,0.0,0.0,0.0,0.0,0.0,0.0,0.0,0.0,1.0,0.0,0.0,0.0,0.0,0.0,0.0,0.0,0.0,0.0,0.0,0.0,0.0,0.0,0.0,0.0,0.0,0.0,0.0,0.0,0.0,0.0,0.0,0.0,0.0,0.0,0.0,0.0,0.0,0.0,0.0,1.0,0.0,0.0,0.0,0.0,0.0,0.0,0.0,0.0,1
VAR_001824,-0.37044937668732025,0.7234147043419688,-0.5045793569688214,-0.4436251413243696,-0.22594717822540322,-0.2964907526641513,0.3970543904690613,-0.32205635747524264,-0.398384912921139,-0.46048114197406786,-0.6669954634951119,-0.31442991535651627,0.5950852472060669,0.13757488045973346,0.3031324189188476,-1.0050108562619995,0.7153273288487508,-0.7687343907083706,1.1016447735158867,-0.8662666566525289,-1.2427965579458726,1.2220260021034306,0.3911195523740682,0.9650740041145233,0.6008839649609465,1.041323466124503,-1.0546359420511466,1.1745504684139176,-1.04275163763036,1.1418939280238138,-0.4421660577110531,-3.0143963990910354,1.2197040077471442,-1.3053671115269019,0.6880271219945321,-0.5498801121904313,0.07854946391628402,0.5133551846667621,-0.7728243598077373,0.06244097775171194,0.11644047432908003,-0.23020236862403864,-0.8148321141698801,-0.40443356854886275,-0.9173965439550753,0.19561519910898906,-0.0637138815791859,-0.02993695439777282,0.16108910249000782,0.3297516729561071,-0.24832700761191226,-0.6356493653537844,-0.41965801870639463,0.21499644199816986,0.3350885783729567,-0.679849531597429,0.5077157587403863,-0.13842320450349557,-0.5862939345584723,-0.26580355738885314,-0.15824993753455854,-0.20290941793022257,0.20107433888831566,-0.3097726876419153,0.4090156196706764,0.5630845586441582,-0.19389259435443146,0.581342962645983,-0.8633646136777833,-0.2813290712327618,0.08614015513172467,0.7439306765099729,0.5492741221027464,0.1306011776609535,0.0835586390925506,-0.17255337792228959,-1.1010564321581946,-0.025252752999059193,0.1276901010404545,-0.5854998965812108,-0.40106369008245873,-0.6239533471872494,1.4637432735699287,-0.676772015302784,-1.0768863120804655,-0.8570604384154882,0.12677421494406022,-0.6837859761103854,0.5395102020120627,-0.8421017119342118,-0.6380468843037419,1.1146547373986353,0.43879067442121883,0.18476026442968232,-0.31792061101448216,0.10049267098080185,0.014589603651080134,0.0,-0.7063031176391064,0.18425306425107899,-0.6911114296039013,-0.7847582680551756,0.3324635721604227,-0.33136034033796213,-0.7906429003818378,0.15132102386527777,-1.137118063543146,-0.5923213349632044,0.1684978577815782,0.6313957676867452,0.40105474588425666,-0.6227123140721827,0.031231954219465324,-0.13773833244675973,0.09552081036435081,-0.3701670292784088,0.3272594278560139,0.28756464762492934,0.5557844438376058,-0.3066575806507344,-0.07617141493081644,-0.41313193878109655,0.6809558817656048,0.19252376611928598,0.1142231972871786,-0.6279460675582235,0.1755191099187733,0.15046584552296663,0.10635434183564448,0.6927326700019523,0.047730629814492234,-0.07007306736971035,0.5539137562612287,-0.29449097340726355,0.09739854152813121,0.2754586989700371,-0.3509553145347426,0.02576738869109911,-0.6993393108485416,0.22220270119399596,0.9500592758787092,0.18687866749213605,0.1822028829374129,0.2225040035418419,-0.17788000772407836,-0.29897568429980853,0.6889254384809491,0.24374630167556777,0.5842487578470996,-0.5030076918202763,0.06191141975846085,0.4881871907972055,0.785465857227047,-0.6728152096383688,-0.3095493282774117,0.43787925565969593,0.4719897794580199,-0.7408406147129906,-0.5657027033742551,0.38842431021450696,0.2415999856431615,0.4523874407831275,0.19193091441326446,0.5247331969890879,0.21278860354315196,-0.1569170283623467,-1.931090000936952,-0.6982229384936658,0.6829249992655481,0.0,-0.2786932057166471,-0.0953462589245592,-0.2171861213815347,-0.13545709229571928,-0.3481553119113957,-0.511237358145545,-0.1933472978091327,-0.1354570922957193,-0.23904572186687878,-0.4252658742831209,3.3665016461206925,0.6089241120359331,-1.4142135623730951,1.4142135623730951,-0.43994134506405985,0.0,0.0,0.0,0.0,0.0,0.0,0.0,0.0,0.0,0.0,0.0,0.0,0.0,0.0,0.0,0.0,1.0,0.0,0.0,0.0,0.0,0.0,0.0,0.0,0.0,0.0,0.0,0.0,0.0,0.0,0.0,0.0,0.0,0.0,0.0,0.0,0.0,0.0,1.0,0.0,0.0,0.0,0.0,1.0,0.0,0.0,0.0,0.0,0.0,1.0,0.0,0.0,0.0,0.0,0.0,1.0,0.0,0.0,0.0,0.0,0.0,0.0,0.0,0.0,0.0,0.0,0.0,0.0,1.0,0.0,0.0,0.0,0.0,0.0,0.0,0.0,0.0,0.0,0.0,0.0,0.0,0.0,0.0,0.0,0.0,0.0,0.0,0.0,0.0,0.0,0.0,0.0,0.0,0.0,0.0,0.0,0.0,0.0,0.0,1.0,0.0,0.0,0.0,0.0,0.0,0.0,0.0,0.0,1
VAR_001916,5.856672593772225,1.7737520450945474,-0.5625425148213681,-0.44721699968502615,-0.46057879599072515,-0.4926371392552859,-0.5572771242678219,-0.35372223005687903,-0.3987533439319257,-0.4513748120339935,-0.667620671479744,-0.31442991535651627,-0.6374396639132592,0.13757488045973346,0.3031324189188476,-0.1827170803725909,-0.21046296280638835,0.08584733950577132,-1.2540049559862378,-0.8662666566525289,-1.2427965579458726,1.2220260021034306,0.3911195523740682,0.9650740041145233,0.6008839649609465,1.041323466124503,-1.0546359420511466,1.1745504684139176,1.2447074883967142,1.1418939280238138,-0.2909174196762003,0.4493510160135705,-1.1156618915576297,1.0392243023806405,-0.24904049201029047,0.6017555944725487,0.07854946391628402,-0.4363519069667473,0.24840782993820204,0.06244097775171194,-0.34516283461834496,-0.7033961263512292,-0.8148321141698801,-0.40443356854886275,0.04327342188467346,0.19561519910898906,0.4192512484688516,0.44477760819548273,0.9351989058898083,0.4059921050712291,-0.08665562633577922,-1.0658754601968945,0.8987016060976569,1.1134560350208595,1.2143629110381289,1.0649666073000195,0.9514673274032434,1.178574712629763,-1.0172782175782764,-1.1406521668206824,-1.036537090851358,1.1599643265355106,-1.1118228150295109,1.0127184019062614,-0.9263000798424149,-1.1730928305086623,-1.0723447565316517,1.0146473970671759,-0.8633646136777833,-0.38518504422756905,0.955372629642766,-1.0029915497650093,0.9879030973070977,-1.1872834332813964,0.9668928237852297,-1.0664614009045903,-1.1010564321581946,1.0341904547202905,1.0075363498063885,-1.0187698200513067,-0.40106369008245873,0.5418959740922613,1.1450048694369692,0.7771962498315841,-0.6006537198855185,-0.36515564842424786,-0.35846502156596305,0.28309610475907654,-0.40559935040575607,-0.6832759446836888,-1.1283892784935592,0.62665055052671,-0.04826697418633399,-0.30047794876572487,0.6489064526186016,0.10049267098080185,-0.5252257314388902,0.0,-0.7063031176391064,-0.3027014626982011,-0.20883160585966384,-0.31390330722207016,-0.6258245727319671,-0.33136034033796213,-0.32133080443326034,0.15132102386527777,-0.6516561210304952,-0.5923213349632044,-0.6658176045883393,0.6313957676867452,0.8781758152535435,-0.6227123140721827,0.031231954219465324,0.35545376115292965,-0.5722214683040338,-0.3701670292784088,0.5785288972239859,-0.05891990185012114,0.5557844438376058,0.6799798527472811,-0.5458951403375171,-0.9009792281928168,-0.7362835471590601,0.19252376611928598,-0.8599735490317283,0.32763720714157063,-0.9466342214410451,0.15046584552296663,-0.3562793519929501,0.6927326700019523,0.869524678859776,-0.5562049722470762,0.05807160347899948,0.18622223318400533,0.09739854152813121,0.2754586989700371,-0.3509553145347426,-0.9541254458708998,-0.2171861213815346,1.08229401958299,1.9302325096476898,-1.0831335013829928,1.0248912165229476,1.1424808336171925,-0.5669502102082197,-1.1499064780761865,1.111415624510702,1.089241285612694,1.0174663063384182,-0.9324988748360507,0.9209323689071074,0.9148704835412195,1.2149570402428211,-1.092379750480273,0.9736916784744738,0.8680084359979812,0.9014231033911361,0.9634766543676719,-0.9928659691874683,0.8283742942329786,0.2415999856431615,0.45961603869494483,0.24743114516800238,0.4612815697352935,-0.07171857319845293,-0.6935009202412992,-1.1252592110722839,-1.3840879488723994,0.6829249992655481,0.0,-0.2786932057166471,-0.0953462589245592,-0.2171861213815347,-0.13545709229571928,-0.3481553119113957,-0.511237358145545,-0.1933472978091327,-0.1354570922957193,-0.23904572186687878,2.3514701283890216,-0.2970442628930023,0.6089241120359331,-1.4142135623730951,1.4142135623730951,-0.43994134506405985,0.0,0.0,0.0,0.0,0.0,0.0,0.0,0.0,0.0,0.0,0.0,0.0,0.0,0.0,0.0,0.0,1.0,0.0,0.0,0.0,0.0,0.0,0.0,0.0,0.0,0.0,0.0,0.0,0.0,0.0,0.0,0.0,0.0,0.0,0.0,0.0,0.0,0.0,1.0,0.0,0.0,0.0,0.0,1.0,0.0,0.0,0.0,0.0,0.0,1.0,0.0,0.0,0.0,0.0,0.0,1.0,0.0,0.0,0.0,0.0,0.0,0.0,0.0,0.0,0.0,0.0,0.0,0.0,1.0,0.0,0.0,0.0,0.0,0.0,0.0,0.0,0.0,0.0,0.0,0.0,0.0,0.0,0.0,0.0,0.0,0.0,0.0,0.0,0.0,0.0,0.0,0.0,0.0,0.0,0.0,0.0,1.0,0.0,0.0,0.0,0.0,0.0,0.0,0.0,0.0,0.0,0.0,0.0,1
VAR_001771,4.455856318370819,-0.7840499845349741,-0.4366521502148254,-0.4381605326683177,-0.46640213302646155,-0.49287484772552737,-0.5517620291609303,-0.3535104105794582,-0.3970059438336642,0.8300904287545313,1.00142296585701,-0.691979249608071,1.0672613679267962,-0.625965706091788,0.3031324189188476,0.557375920473235,0.07542617603449672,-0.261946753835081,-1.2540049559862378,-0.8662666566525289,1.0935203165125211,1.2220260021034306,0.3911195523740682,0.9650740041145233,0.6008839649609465,1.041323466124503,-1.0546359420511466,1.1745504684139176,1.2447074883967142,1.1418939280238138,-0.4421639377454125,0.4493510160135705,-1.1156618915576297,-1.3053671115269019,1.1565609289969432,0.6017555944725487,1.047326185550457,0.9882087304835168,0.7590239248111715,-1.3590907385226985,1.0396470922239303,-1.1765898840784197,-1.2834661280188786,0.9839827028611506,-1.3977315268749497,0.19561519910898906,-1.029644141675261,-1.454080642177539,-3.529354945301219,-0.9583252048524635,0.3323169045234123,1.085255014018656,-1.298564435242429,1.1134560350208595,-0.9838229206248016,1.0649666073000195,-1.2672905159110424,-1.016421815925668,1.1376431975207442,-1.1406521668206824,-1.036537090851358,0.908829549655336,1.0763391081668667,1.0127184019062614,1.2992260860127374,-1.1730928305086623,1.1237856489113989,-1.1518747750387892,0.24970471651713802,-0.3842748925106649,-1.2177085566348373,-1.0029915497650093,-1.2052417787146594,-1.1872834332813964,-1.2414426379464678,1.1683086565511613,-1.1010564321581946,-1.175254772026969,1.0075363498063885,-1.0187698200513067,-1.4014697484903902,-0.5077182486696363,0.5510780107696445,-1.1614281036809067,-1.0768863120804655,1.602463511540713,-1.32894349458601,1.2499781856285386,1.07225433678547,1.2846227644536157,-1.1283892784935592,-1.3253661969609918,-1.02238227140144,-1.2709543751565395,1.1323199844351433,-1.352539204905001,-1.6048564016188311,0.0,1.387501221191554,1.1581621181496393,-1.1733912533481388,-1.2556132288882809,-1.1049686451781622,1.0832934203356452,1.0866054834124719,-1.2883904317672241,-1.137118063543146,1.2726879919922605,-1.1586225279789357,-1.2756771632854644,-1.0303084622236034,1.3381690153466055,1.0217310737510725,0.8486458547526188,1.0768676013041276,1.114960931561472,1.2986428877185627,1.252135169374646,1.0457624577621396,-1.2932950140487498,1.3329997612892854,1.5382572188657846,-1.2086966901339484,-1.2645311001925834,1.0884199436060857,-1.1057377049081205,1.5181654894997205,1.1414713241319605,-1.3339535168969323,1.1603198880807428,-0.34325480814399423,1.388322647262387,-1.4294548548676875,1.1476486463665432,-1.3768612006931302,1.2461226858168353,1.091860978552533,-0.9541254458708998,1.2292734470194862,-1.0679342763894948,2.568605777249003,1.033553446742222,-1.081829617440889,1.1424808336171925,-0.5670390399078988,-1.1499064780761865,-1.0010353056380639,-1.0244961742301215,1.0174663063384182,-0.9324988748360507,-1.2266200039645088,-1.218545980178851,1.2149570402428211,1.0054429537292477,-1.165043332778669,-1.2826374656934454,-1.2457435162744455,-1.1669199319831562,1.1429503598785975,0.8283742942329786,-0.03779343684186486,0.19068125556790186,0.24743114516800238,-0.7681312136991576,0.6489237524994338,0.9269554906847893,1.0143604723614894,1.3593720926425352,-1.3658499985310961,0.0,3.588175023601831,-0.0953462589245592,-0.2171861213815347,-0.13545709229571928,-0.3481553119113957,-0.511237358145545,-0.1933472978091327,-0.1354570922957193,-0.23904572186687878,-0.4252658742831209,-0.2970442628930023,0.6089241120359331,0.7071067811865477,1.4142135623730951,2.273030282830976,0.0,0.0,0.0,0.0,0.0,0.0,0.0,0.0,0.0,0.0,0.0,0.0,0.0,0.0,0.0,0.0,1.0,0.0,0.0,0.0,0.0,0.0,0.0,0.0,0.0,0.0,0.0,0.0,0.0,0.0,0.0,1.0,0.0,0.0,0.0,0.0,0.0,0.0,0.0,0.0,1.0,0.0,0.0,0.0,0.0,0.0,1.0,0.0,0.0,0.0,0.0,0.0,1.0,0.0,0.0,0.0,0.0,0.0,0.0,0.0,0.0,0.0,0.0,0.0,0.0,0.0,0.0,0.0,0.0,1.0,0.0,0.0,0.0,0.0,0.0,0.0,0.0,0.0,0.0,0.0,0.0,0.0,0.0,0.0,0.0,0.0,0.0,0.0,0.0,0.0,0.0,0.0,0.0,0.0,0.0,0.0,0.0,0.0,0.0,0.0,0.0,0.0,0.0,0.0,1.0,0.0,0.0,0.0,1
VAR_001825,-0.3692489524954313,-0.78405255041202,-0.47598709760673336,-0.4472496607301422,-0.46636166132905477,-0.492874682471911,-0.5550425275303689,-0.3523058931799789,1.7064788281583705,-0.48475624137372125,-0.6624868324992644,-0.31442991535651627,0.09450862684647215,0.9011154670112548,-0.4717498989442704,-1.0050108562619995,0.7153273288487508,-0.7687343907083706,1.1016447735158867,-0.8662666566525289,-1.2427965579458726,1.2220260021034306,0.3911195523740682,-1.3865859297887166,0.6008839649609465,-1.2612045167404342,1.2831365090189601,-1.1452912040762042,-1.04275163763036,-1.1559342360041547,-0.44216608142770236,0.4493510160135705,-1.1156618915576297,1.0392243023806405,1.1565609289969432,0.6017555944725487,-1.3746156185349752,-1.3860589986002567,0.7590239248111715,-1.3590907385226985,1.0396470922239303,1.189378904557533,1.0597039412261138,0.9839827028611506,-1.3977315268749497,0.19561519910898906,1.3851815085649268,0.919492170788738,-0.2939853896358032,0.1886582331580612,-0.3544200189978335,1.085255014018656,0.8987016060976569,-1.1326929475358645,-0.9838229206248016,-1.1160535663217912,0.9514673274032434,-1.016421815925668,-1.0172782175782764,-1.1406521668206824,1.1591807924406405,-1.1114919142407116,-1.1118228150295109,-1.1914334140073664,-0.9263000798424149,-1.1730928305086623,-1.0723447565316517,1.0146473970671759,-0.8633646136777833,-0.3383249382450422,0.955372629642766,-1.0029915497650093,-1.2052417787146594,-1.1872834332813964,-1.2414426379464678,1.1683086565511613,1.0506559616720805,1.0341904547202905,-1.1920792721084463,-1.0187698200513067,1.0995453975294383,-0.6413684042471068,-0.5505525534782526,-1.1614281036809067,1.3042766488942688,-0.8570604384154882,1.0972526879641071,-1.1672270165451164,-1.3908351418665734,1.2401821927754102,-1.1283892784935592,1.1146547373986353,1.4129059716363248,-1.2709543751565395,1.1323199844351433,-1.352539204905001,1.0942202738310212,0.0,-1.2297542023467716,-1.2766105165967614,1.2380078653730484,-1.2556132288882809,-1.1049686451781622,1.0832934203356452,-1.2599549963304153,-1.2883904317672241,1.2901916490201075,-1.0585736667020706,1.3054020889740467,1.1081640004297975,-1.0303084622236034,1.3381690153466055,1.0217310737510725,0.8486458547526188,1.0768676013041276,-1.3602523365049959,-1.129815761937809,-1.1592911349996455,-1.4041276118605301,1.1732985694462887,-1.0156188657442176,-0.9009792281928168,1.153369024740493,-1.2645311001925834,1.0884199436060857,1.2832204818413648,-1.1138648061882561,-1.3360423723905241,1.1102318953630232,-1.1776162023132102,-0.6623006712563758,1.388322647262387,1.0497559090434576,1.1476486463665432,1.080238369675639,1.2461226858168353,1.091860978552533,-0.9541254458708998,1.2292734470194862,1.08229401958299,1.5749591402496503,-1.0831335013829928,-1.081829617440889,1.1424808336171925,-0.1506263973075637,0.9774205063647585,1.111415624510702,1.089241285612694,-1.1486214361181755,1.2149570402428211,0.9209323689071074,-1.218545980178851,-0.9324988748360505,-1.092379750480273,-1.165043332778669,-1.2826374656934454,-1.2457435162744455,0.9634766543676719,-0.9928659691874683,0.8283742942329786,-0.7263253763637697,0.30157210694052194,0.23592310161688426,-0.3132369220097268,0.30095482208885904,-0.039046346941754045,-1.7643663892408137,-1.3840879488723994,-0.6829249992655481,0.0,-0.2786932057166471,-0.0953462589245592,-0.2171861213815347,-0.13545709229571928,-0.3481553119113957,-0.511237358145545,-0.1933472978091327,-0.1354570922957193,4.183300132670379,-0.4252658742831209,-0.2970442628930023,0.6089241120359331,0.7071067811865477,-0.7071067811865475,-0.43994134506405985,0.0,0.0,0.0,0.0,0.0,0.0,0.0,0.0,0.0,0.0,0.0,1.0,0.0,0.0,0.0,0.0,0.0,0.0,0.0,0.0,0.0,0.0,0.0,0.0,0.0,0.0,0.0,0.0,0.0,0.0,0.0,0.0,1.0,0.0,0.0,0.0,0.0,0.0,0.0,0.0,0.0,0.0,0.0,1.0,0.0,0.0,0.0,0.0,0.0,1.0,0.0,0.0,0.0,0.0,0.0,1.0,0.0,0.0,0.0,0.0,0.0,0.0,0.0,0.0,0.0,0.0,0.0,0.0,0.0,0.0,0.0,0.0,0.0,0.0,0.0,0.0,0.0,0.0,1.0,0.0,0.0,0.0,0.0,0.0,0.0,0.0,1.0,0.0,0.0,0.0,0.0,0.0,0.0,0.0,0.0,0.0,0.0,0.0,0.0,0.0,0.0,0.0,0.0,0.0,0.0,0.0,0.0,0.0,1
VAR_001881,0.12881498154843676,-0.7835169485757599,-0.5286897148083702,-0.4472319877651058,-0.46640213302887296,-0.4757108302028345,-0.5560662695871449,-0.34589450165862545,-0.3876265067401233,-0.4276857306529508,0.9502895590702648,-0.691979249608071,0.8029352884632048,-0.625965706091788,-0.4629720314140015,0.557375920473235,1.0012164676896353,0.5926349763790606,-1.2540049559862378,1.5256636639552004,1.0935203165125211,-1.0910196068889997,0.3911195523740682,-1.3865859297887166,0.6008839649609465,1.041323466124503,-1.0546359420511466,1.1745504684139176,-1.04275163763036,-1.1559342360041547,2.542640991468655,0.4493510160135705,-1.1156618915576297,1.0392243023806405,0.21949331499212069,0.6017555944725487,-0.40583889690080227,0.5133551846667621,0.24840782993820204,-0.41140292767309145,-0.34516283461834496,0.24299138910315177,-0.3461981003208816,0.521177279057813,0.5236084048045481,0.19561519910898906,-0.38709659978807287,0.919492170788738,-0.5944892164904296,0.2190818716503158,0.27536475843003844,1.085255014018656,0.8987016060976569,1.1134560350208595,-0.9838229206248016,-1.1160535663217912,-1.2672905159110424,-1.016421815925668,-1.0172782175782764,-1.1406521668206824,1.1591807924406405,-1.1114919142407116,1.0763391081668667,1.0127184019062614,-0.9263000798424149,0.9971289059323633,-1.0723447565316517,1.0146473970671759,-0.8633646136777833,-0.37929891673271343,0.955372629642766,-1.0029915497650093,-1.2052417787146594,-1.1872834332813964,-1.2414426379464678,-1.0664614009045903,1.0506559616720805,1.0341904547202905,1.0075363498063885,-1.0187698200513067,1.0995453975294383,0.05461675208891372,2.1823225941200097,-0.19211592692466128,0.35181146450437517,0.6186539315582326,0.12677421494406022,0.28309610475907654,-0.40559935040575607,0.3785937546740064,0.34263790407589256,-0.19405808071833325,-0.04826697418633399,0.5677280425112489,-0.31792061101448216,0.13661332699752446,0.5544049387410508,0.0,0.34059905177622385,-0.3027014626982011,-0.6911114296039013,1.098661575277246,-0.14668050028577212,0.6117421667777763,0.6172933874638946,-0.8084866132230568,0.31926776399480616,-0.12606900322433817,0.3197922421928535,-0.798908930542412,-0.07606632348502991,0.35772835063721126,0.5264815139852691,-1.1241225196461382,-0.3951525851055374,0.12487562433488468,-0.15843230207526035,-0.6770058741247872,0.5557844438376058,0.1866611360482732,0.8632760358825847,-0.41313193878109655,1.153369024740493,0.19252376611928598,0.1142231972871786,0.32763720714157063,-0.4736747215054458,-0.34503689378153024,0.1325577304590409,0.22514545192316152,-0.2885430828442408,0.41605883750765543,-0.43777054930322945,0.18622223318400533,0.5888184556018852,0.2754586989700371,0.610922214190108,0.5157138059720985,0.7471202575524793,-1.0679342763894948,-0.45833946067420345,-1.0831335013829928,-1.081829617440889,1.1424808336171925,0.4182508216183843,-1.1499064780761865,-1.0010353056380639,1.089241285612694,-0.06316899893863497,-0.9324988748360507,-1.2266200039645088,0.9148704835412195,1.2149570402428211,1.0054429537292477,0.9736916784744738,-1.2826374656934454,0.9014231033911361,-1.1669199319831562,1.1429503598785975,0.8283742942329786,0.2415999856431615,0.20561369758667808,0.24743114516800238,1.0289486874201743,0.5716707610708655,1.0774299150254543,0.5419769058890979,2.045237103021269,-0.6829249992655481,0.0,-0.2786932057166471,-0.0953462589245592,-0.2171861213815347,-0.13545709229571928,-0.3481553119113957,1.956038587687303,-0.1933472978091327,-0.1354570922957193,-0.23904572186687878,-0.4252658742831209,-0.2970442628930023,0.6089241120359331,-1.4142135623730951,1.4142135623730951,-0.43994134506405985,0.0,0.0,0.0,0.0,0.0,0.0,0.0,0.0,0.0,0.0,0.0,0.0,0.0,0.0,0.0,0.0,1.0,0.0,0.0,0.0,0.0,0.0,0.0,0.0,0.0,0.0,0.0,0.0,0.0,0.0,0.0,0.0,0.0,0.0,0.0,0.0,0.0,0.0,1.0,0.0,0.0,0.0,1.0,0.0,0.0,0.0,0.0,0.0,1.0,0.0,0.0,0.0,0.0,0.0,1.0,0.0,0.0,0.0,0.0,0.0,0.0,0.0,0.0,0.0,0.0,0.0,0.0,0.0,0.0,0.0,0.0,0.0,0.0,1.0,0.0,0.0,0.0,0.0,0.0,0.0,0.0,0.0,0.0,0.0,0.0,0.0,0.0,0.0,0.0,0.0,0.0,0.0,1.0,0.0,0.0,0.0,0.0,0.0,0.0,0.0,0.0,0.0,0.0,0.0,0.0,0.0,0.0,0.0,1
VAR_001846,-0.27947571640666846,1.7785613765719535,2.5779832749323908,-0.36588533362361075,-0.4664021330291794,-0.4917352872628997,-0.5442117243296085,0.3020146158297919,-0.3963812944971945,-0.488778688348462,-0.5823276101550358,3.070764548615274,-1.1230269942994697,-1.3895062926433095,-2.349846207823455,-1.0872116313055824,-3.627734990586059,-1.9711102142633647,-1.2540049559862378,-0.8662666566525289,1.0935203165125211,-1.0910196068889997,-3.628720291470526,-1.3865859297887166,0.6008839649609465,1.041323466124503,1.2831365090189601,-1.1452912040762042,1.2447074883967142,1.1418939280238138,7.211480036755866,-3.0143963990910354,1.2197040077471442,-1.3053671115269019,-1.186108106015113,0.6017555944725487,-1.3746156185349752,0.9882087304835168,0.7590239248111715,1.010128788601319,-1.2683694525131952,-1.1765898840784197,1.0597039412261138,0.9839827028611506,-1.3977315268749497,0.19561519910898906,-1.029644141675261,0.919492170788738,-0.43710883514202786,0.11153462398934012,0.22311614512842104,-1.0658754601968945,-1.298564435242429,-1.1326929475358645,-0.9838229206248016,1.0649666073000195,-1.2672905159110424,-1.016421815925668,1.1376431975207442,-1.1406521668206824,1.1591807924406405,1.1599643265355106,-1.1118228150295109,-1.1914334140073664,-0.9263000798424149,0.9971289059323633,-1.0723447565316517,1.0146473970671759,1.3781573164353047,2.9875868946441004,0.955372629642766,1.1806612330787183,0.9879030973070977,-1.1872834332813964,0.9668928237852297,1.1683086565511613,-1.1010564321581946,-1.175254772026969,1.0075363498063885,1.1475797972991728,1.0995453975294383,3.0200159750655335,1.284951702616277,-1.1614281036809067,-1.0768863120804655,-0.8570604384154882,-1.32894349458601,1.2499781856285386,-1.3908351418665734,1.287352678512605,-1.1283892784935592,1.1146547373986353,1.4129059716363248,-1.2709543751565395,-1.284747674647566,1.0691805882380039,1.0942202738310212,0.0,-1.2297542023467716,1.1581621181496393,-1.1733912533481388,1.098661575277246,1.2907517170528129,-1.2744628474537005,1.0866054834124719,1.1111286609536124,-1.137118063543146,1.2726879919922605,1.3054020889740467,-1.2756771632854644,-1.0303084622236034,-1.1129326464268798,-1.4545167250779456,0.8486458547526188,-1.3764993760453141,1.114960931561472,1.2986428877185627,-1.1592911349996455,-1.4041276118605301,1.1732985694462887,-1.0156188657442176,-0.9009792281928168,-1.2086966901339484,-1.2645311001925834,1.0884199436060857,1.2832204818413648,-1.1138648061882561,-1.3360423723905241,-1.3339535168969323,1.1603198880807428,-0.6603061239212709,1.388322647262387,-1.4294548548676875,-1.2559173865898015,-1.3768612006931302,-1.1805372813001602,1.091860978552533,-0.9541254458708998,-1.1814925003155485,1.08229401958299,-0.24062424477947605,1.033553446742222,-1.081829617440889,1.1424808336171925,-0.5671455543893859,0.9774205063647585,-1.0010353056380639,-1.0244961742301215,-1.1486214361181755,-0.9324988748360507,0.9209323689071074,-1.218545980178851,-0.9324988748360505,-1.092379750480273,-1.165043332778669,-1.2826374656934454,-1.2457435162744455,0.9634766543676719,-0.9928659691874683,0.8283742942329786,0.2415999856431615,0.45961603869494483,0.24743114516800238,0.24263027331782883,0.053787554949430945,-0.264734477218547,0.34746602557693657,1.3593720926425352,2.048774997796644,0.0,-0.2786932057166471,-0.0953462589245592,-0.2171861213815347,-0.13545709229571928,-0.3481553119113957,-0.511237358145545,-0.1933472978091327,-0.1354570922957193,-0.23904572186687878,-0.4252658742831209,-0.2970442628930023,0.6089241120359331,0.7071067811865477,-0.7071067811865475,-0.43994134506405985,0.0,0.0,0.0,0.0,0.0,0.0,0.0,0.0,0.0,0.0,0.0,0.0,0.0,0.0,0.0,1.0,0.0,0.0,0.0,0.0,0.0,0.0,0.0,0.0,0.0,0.0,0.0,0.0,0.0,0.0,0.0,0.0,0.0,0.0,0.0,1.0,0.0,0.0,0.0,0.0,0.0,1.0,0.0,0.0,0.0,0.0,0.0,1.0,0.0,0.0,0.0,0.0,0.0,1.0,0.0,0.0,0.0,0.0,0.0,0.0,0.0,0.0,0.0,0.0,0.0,0.0,0.0,0.0,0.0,0.0,0.0,0.0,0.0,0.0,0.0,0.0,1.0,0.0,0.0,0.0,0.0,0.0,0.0,0.0,0.0,0.0,0.0,0.0,0.0,0.0,0.0,0.0,0.0,0.0,0.0,0.0,0.0,0.0,0.0,0.0,0.0,1.0,0.0,0.0,0.0,0.0,0.0,0.0,0
VAR_001790,-0.37063679184547477,-0.7028929291230541,-0.5664900377488032,-0.2213252693619249,-0.46639156508803287,-0.4522294490825504,-0.3854064509556238,0.7057147347061412,-0.39873205507969445,0.29142435311428805,-0.666870212248657,-0.31442991535651627,0.5950852472060669,0.13757488045973346,0.3031324189188476,-1.0050108562619995,0.7153273288487508,-0.7687343907083706,-1.2540049559862378,-0.8662666566525289,-1.2427965579458726,-1.0910196068889997,0.3911195523740682,0.9650740041145233,0.6008839649609465,-1.2612045167404342,1.2831365090189601,1.1745504684139176,-1.04275163763036,1.1418939280238138,-0.4407984453903361,0.4493510160135705,-1.1156618915576297,-1.3053671115269019,-0.24904049201029047,-1.1256979655219213,0.07854946391628402,-0.4363519069667473,-0.7728243598077373,0.3979713648051385,0.5780437832765053,-0.23020236862403864,1.0597039412261138,-1.3300444161555385,0.04327342188467346,0.19561519910898906,-0.0637138815791859,-0.5046515169910281,0.670166299317257,0.5153857085383695,0.23208154422353985,0.655028919175546,0.4592483978296398,-0.5322345171789759,0.3350885783729567,0.1925585378512952,-0.379787378585328,-0.13842320450349557,-0.15530965153866813,1.0464693567588907,-0.5973935141929583,0.2513818302250218,0.20107433888831566,-0.3097726876419153,-0.036089613500353945,-0.7390484832204571,0.24533348673417857,0.1480385282247898,0.4815485443900695,-0.37994850982708267,-0.34847608212379594,-1.0029915497650093,-0.3279838283059565,0.1306011776609535,0.0835586390925506,-0.17255337792228959,-0.24037147462608446,-0.2914766813280652,-0.7521561477254793,0.2810399503589809,-0.9012667192864244,-0.6082129525394415,-0.5162563446962466,-1.1614281036809067,1.3042766488942688,1.602463511540713,-1.32894349458601,1.2499781856285386,1.07225433678547,-1.2590683798845972,-1.1283892784935592,-1.3253661969609918,-1.02238227140144,-1.2709543751565395,-1.284747674647566,1.0691805882380039,1.0942202738310212,0.0,-1.2297542023467716,1.1581621181496393,-1.1733912533481388,1.098661575277246,1.2907517170528129,1.0832934203356452,1.0866054834124719,1.1111286609536124,-1.137118063543146,-1.0585736667020706,-1.1586225279789357,1.1081640004297975,-1.0303084622236034,1.3381690153466055,-1.4545167250779456,-1.6173146132458274,-1.3764993760453141,-1.3602523365049959,-1.129815761937809,-1.1592911349996455,-1.4041276118605301,1.1732985694462887,-1.0156188657442176,1.5382572188657846,1.153369024740493,1.1638936769938657,1.0884199436060857,1.1400766343336268,1.5181654894997205,1.1414713241319605,-1.3339535168969323,1.1603198880807428,-0.6602339440945968,1.388322647262387,1.0497559090434576,1.1476486463665432,0.09739854152813121,-0.6952052878767611,1.091860978552533,-0.9541254458708998,1.2292734470194862,0.22220270119399596,-0.2092435064701342,-0.2364587221329068,0.1822028829374129,0.22874176641273297,-0.17238407885178017,-0.29897568429980853,-0.15605493357855743,-0.6017486822615584,0.1510312093557807,0.3559746742112724,0.4914218943327842,-0.36517939469082267,-0.07351650880450177,1.0054429537292477,-0.7372963305280402,0.43787925565969593,0.04255645552490346,0.11131801982734062,-0.13853943756104198,0.38842431021450696,0.2415999856431615,0.45961603869494483,0.24743114516800238,0.3951291582347655,-0.12932682890397534,0.9996835312926564,-0.7640247190639844,-0.6982229384936658,2.048774997796644,0.0,-0.2786932057166471,-0.0953462589245592,-0.2171861213815347,-0.13545709229571928,-0.3481553119113957,-0.511237358145545,-0.1933472978091327,-0.1354570922957193,-0.23904572186687878,-0.4252658742831209,-0.2970442628930023,0.6089241120359331,-1.4142135623730951,1.4142135623730951,2.273030282830976,0.0,0.0,0.0,0.0,0.0,0.0,0.0,0.0,0.0,0.0,1.0,0.0,0.0,0.0,0.0,0.0,0.0,0.0,0.0,0.0,0.0,0.0,0.0,0.0,0.0,0.0,0.0,0.0,0.0,0.0,0.0,0.0,0.0,0.0,0.0,0.0,0.0,0.0,1.0,0.0,0.0,0.0,1.0,0.0,0.0,0.0,0.0,0.0,1.0,0.0,0.0,0.0,0.0,0.0,1.0,0.0,0.0,0.0,0.0,0.0,0.0,0.0,0.0,0.0,1.0,0.0,0.0,0.0,0.0,0.0,0.0,0.0,0.0,0.0,0.0,0.0,0.0,0.0,0.0,0.0,0.0,0.0,0.0,0.0,0.0,0.0,0.0,0.0,0.0,0.0,0.0,0.0,0.0,0.0,0.0,0.0,0.0,0.0,0.0,1.0,0.0,0.0,0.0,0.0,0.0,0.0,0.0,0.0,1
VAR_001968,-0.3699908927322317,0.023488053574702995,-0.5410907959271368,0.3000567744620881,-0.4648372118544289,-0.456558134311318,-0.55097920871384,-0.3523058894345896,-0.38546360280450276,-0.48916549212213306,-0.651063212305039,-0.31442991535651627,0.5950852472060669,0.13757488045973346,0.3031324189188476,-1.0050108562619995,0.7153273288487508,-0.7687343907083706,-1.2540049559862378,-0.8662666566525289,-1.2427965579458726,-1.0910196068889997,0.3911195523740682,-1.3865859297887166,0.6008839649609465,-1.2612045167404342,-1.0546359420511466,-1.1452912040762042,-1.04275163763036,-1.1559342360041547,-0.4402269580959474,0.4493510160135705,1.2197040077471442,1.0392243023806405,-1.186108106015113,0.6017555944725487,1.047326185550457,-1.3860589986002567,-1.7940565495536767,1.010128788601319,-1.2683694525131952,1.189378904557533,1.0597039412261138,-1.3300444161555385,1.0039433877244224,0.19561519910898906,1.3851815085649268,-1.454080642177539,-0.7144277472935896,0.1674063779157234,1.44684786767837,1.085255014018656,-1.298564435242429,1.1134560350208595,1.2143629110381289,-1.1160535663217912,-1.2672905159110424,1.178574712629763,1.1376431975207442,-1.1406521668206824,1.1591807924406405,-1.1114919142407116,1.0763391081668667,-1.1914334140073664,1.2992260860127374,0.9971289059323633,-1.0723447565316517,1.0146473970671759,-0.8613347557574998,-0.2807365147916342,-1.2177085566348373,-1.0029915497650093,0.9879030973070977,1.009190918289187,-1.2414426379464678,-1.0664614009045903,-1.1010564321581946,-1.175254772026969,-1.1920792721084463,1.1475797972991728,-1.4014697484903902,0.48925286554388464,-0.39950086593366957,-1.1614281036809067,1.3042766488942688,-0.8570604384154882,-1.32894349458601,-1.1672270165451164,-1.3908351418665734,-1.3277718887164398,-1.1283892784935592,-1.3253661969609918,1.4129059716363248,1.155236690820497,1.1323199844351433,1.0691805882380039,-0.5252257314388902,0.0,0.8363282330411359,1.1581621181496393,-1.1733912533481388,1.098661575277246,1.2907517170528129,1.0832934203356452,1.0866054834124719,1.1111286609536124,1.2901916490201075,1.2726879919922605,1.3054020889740467,1.1081640004297975,-1.0303084622236034,-1.1129326464268798,1.0217310737510725,0.8486458547526188,1.0768676013041276,-1.3602523365049959,1.2986428877185627,1.252135169374646,-1.4041276118605301,1.1732985694462887,-1.0156188657442176,1.5382572188657846,1.153369024740493,-1.2645311001925834,-1.3470719221911818,-1.1057377049081205,-1.1138648061882561,1.1414713241319605,-1.3339535168969323,1.1603198880807428,3.807849389545922,-1.0423368771244421,1.0497559090434576,1.1476486463665432,1.080238369675639,1.2461226858168353,-1.312832843259593,-0.9541254458708998,-1.1814925003155485,-0.35974021644774756,-0.4582821228056838,-1.0831335013829928,-1.081829617440889,-1.0488943159688722,0.1506443574695313,0.9774205063647585,1.111415624510702,1.089241285612694,-1.1486214361181755,-0.9324988748360507,-1.2266200039645088,0.9148704835412195,-0.9324988748360505,1.0054429537292477,0.9736916784744738,-1.2826374656934454,-1.2457435162744455,0.9634766543676719,-0.9928659691874683,-1.3713756258593799,0.054062379036907734,0.3700855330054541,0.1966195078661318,0.9962747789394142,0.0949079181732434,0.8850843660419705,-0.3750029584396622,1.3593720926425352,-0.6829249992655481,0.0,-0.2786932057166471,-0.0953462589245592,-0.2171861213815347,-0.13545709229571928,-0.3481553119113957,1.956038587687303,-0.1933472978091327,-0.1354570922957193,-0.23904572186687878,-0.4252658742831209,-0.2970442628930023,-1.89443057077846,0.7071067811865477,-0.7071067811865475,-0.43994134506405985,0.0,0.0,0.0,0.0,0.0,0.0,0.0,0.0,0.0,0.0,0.0,0.0,0.0,0.0,0.0,0.0,0.0,0.0,0.0,0.0,0.0,0.0,0.0,0.0,0.0,0.0,0.0,0.0,0.0,1.0,0.0,0.0,0.0,0.0,1.0,0.0,0.0,0.0,0.0,1.0,0.0,0.0,0.0,0.0,0.0,1.0,0.0,0.0,0.0,0.0,0.0,1.0,0.0,0.0,0.0,0.0,0.0,0.0,0.0,0.0,0.0,0.0,0.0,0.0,0.0,0.0,0.0,0.0,0.0,0.0,0.0,0.0,0.0,0.0,1.0,0.0,0.0,0.0,0.0,0.0,0.0,0.0,0.0,0.0,0.0,0.0,0.0,0.0,0.0,0.0,0.0,0.0,0.0,0.0,0.0,1.0,0.0,0.0,0.0,0.0,0.0,0.0,0.0,0.0,0.0,0.0,0.0,0.0,1
VAR_001948,-0.3702114067373841,1.780955399246934,-0.5654780729776593,-0.4472496590073705,1.6866327753392938,-0.4926212644642915,-0.5559943653999716,-0.35379509735104736,-0.37345218355333365,-0.4699029131149285,-0.5967887979294173,-0.691979249608071,0.6038005219527098,-0.625965706091788,1.2421805733584397,-0.1827170803725909,0.07542617603449672,0.08584733950577132,1.1016447735158867,1.5256636639552004,-1.2427965579458726,1.2220260021034306,0.3911195523740682,0.9650740041145233,-2.3767106828366003,1.041323466124503,-1.0546359420511466,1.1745504684139176,1.2447074883967142,-1.1559342360041547,-0.44216554742299263,-3.0143963990910354,-1.1156618915576297,-1.3053671115269019,-1.186108106015113,0.6017555944725487,1.047326185550457,0.9882087304835168,-1.7940565495536767,1.010128788601319,-1.2683694525131952,1.189378904557533,1.0597039412261138,-1.3300444161555385,-1.3977315268749497,0.19561519910898906,-1.029644141675261,-1.454080642177539,0.6561261892700874,0.38462069124924375,0.29472950809910736,1.085255014018656,-1.298564435242429,1.1134560350208595,1.2143629110381289,1.0649666073000195,0.9514673274032434,1.178574712629763,-1.0172782175782764,1.0464693567588907,1.1591807924406405,-1.1114919142407116,1.0763391081668667,1.0127184019062614,-0.9263000798424149,-1.1730928305086623,1.1237856489113989,1.0146473970671759,-0.8633646136777833,-0.3864485265780863,0.955372629642766,-1.0029915497650093,-1.2052417787146594,-1.1872834332813964,0.9668928237852297,1.1683086565511613,-1.1010564321581946,1.0341904547202905,1.0075363498063885,-1.0187698200513067,-1.4014697484903902,0.09376902534074522,-0.4769850216786571,0.29254016145346123,-0.12442112769057163,-0.8570604384154882,0.12677421494406022,-0.2003449356756544,-0.0723662613639763,-0.22601809795443153,0.34263790407589256,-0.8370761795056966,-0.04826697418633399,-0.30047794876572487,0.6489064526186016,0.584836629609403,0.014589603651080134,0.0,0.34059905177622385,-0.3027014626982011,0.2734482178845735,-0.31390330722207016,-0.6258245727319671,-0.33136034033796213,-0.32133080443326034,-0.32858279467888946,-0.16619417851784443,-0.5923213349632044,0.3197922421928535,0.15462753494369266,-0.07606632348502991,-0.6227123140721827,0.5264815139852691,0.35545376115292965,0.09552081036435081,-0.3701670292784088,-0.3928545626385627,0.28756464762492934,-0.42417158401146215,0.1866611360482732,-1.0156188657442176,0.07471535063062373,-0.7362835471590601,-0.7788461447552936,-0.3728751758722748,-0.6279460675582235,-0.6653112135961753,-0.34503689378153024,-0.3562793519929501,-0.7100289842344196,-0.0004682708006185527,-0.5562049722470762,0.05807160347899948,0.6669354397752745,0.5888184556018852,0.2754586989700371,0.1299834498276825,-0.46417902858990034,-0.2171861213815346,1.08229401958299,-0.45870138502889996,-1.0831335013829928,-1.081829617440889,1.1424808336171925,-0.3838395118314804,0.9774205063647585,-1.0010353056380639,1.089241285612694,1.0174663063384182,-0.9324988748360507,0.9209323689071074,0.9148704835412195,-0.9324988748360505,1.0054429537292477,0.9736916784744738,0.8680084359979812,0.9014231033911361,0.9634766543676719,-0.9928659691874683,-1.3713756258593799,0.2415999856431615,0.293544625760619,0.23295848813584707,0.4418198776078629,0.446891178926891,-0.21645987003210856,-0.6250883759838695,-1.3840879488723994,-0.6829249992655481,0.0,-0.2786932057166471,-0.0953462589245592,-0.2171861213815347,-0.13545709229571928,-0.3481553119113957,-0.511237358145545,-0.1933472978091327,-0.1354570922957193,-0.23904572186687878,-0.4252658742831209,-0.2970442628930023,0.6089241120359331,0.7071067811865477,-0.7071067811865475,2.273030282830976,0.0,0.0,0.0,0.0,0.0,0.0,0.0,0.0,0.0,1.0,0.0,0.0,0.0,0.0,0.0,0.0,0.0,0.0,0.0,0.0,0.0,0.0,0.0,0.0,0.0,0.0,0.0,0.0,0.0,0.0,0.0,0.0,0.0,0.0,1.0,0.0,0.0,0.0,0.0,0.0,0.0,0.0,0.0,1.0,0.0,0.0,0.0,0.0,0.0,1.0,0.0,0.0,0.0,0.0,0.0,1.0,0.0,0.0,0.0,0.0,0.0,0.0,0.0,0.0,0.0,0.0,0.0,0.0,0.0,0.0,0.0,0.0,0.0,0.0,0.0,0.0,0.0,0.0,0.0,1.0,0.0,0.0,0.0,0.0,0.0,0.0,0.0,0.0,0.0,0.0,0.0,0.0,0.0,0.0,0.0,0.0,0.0,0.0,0.0,1.0,0.0,0.0,0.0,0.0,0.0,0.0,0.0,0.0,1
VAR_001893,-0.3658324133451786,1.1387785506679602,-0.4579691559011713,-0.4160987304341679,-0.3537625139887941,-0.49285870692223066,-0.4775142901791772,-0.3537950851195783,1.4915068008727812,-0.4753190948238166,-0.6321730998979952,-1.6326651991639072,2.451610891200109,-1.3895062926433095,1.5245653814921338,-1.0872116313055824,1.0012164676896353,-1.9711102142633647,1.1016447735158867,-0.8662666566525289,1.0935203165125211,1.2220260021034306,0.3911195523740682,-1.3865859297887166,-2.3767106828366003,-1.2612045167404342,-1.0546359420511466,-1.1452912040762042,-1.04275163763036,1.1418939280238138,-0.4421645533618979,-3.0143963990910354,-1.1156618915576297,-1.3053671115269019,-1.186108106015113,-2.277333672184901,1.047326185550457,-1.3860589986002567,-1.7940565495536767,-1.3590907385226985,-1.2683694525131952,-1.1765898840784197,1.0597039412261138,-1.3300444161555385,1.0039433877244224,0.19561519910898906,-1.029644141675261,-1.454080642177539,0.1329346827684221,0.348480865429265,0.023439555730869546,-1.0658754601968945,-1.298564435242429,-0.3765497783081456,1.2143629110381289,-1.1160535663217912,0.9514673274032434,-1.016421815925668,-1.0172782175782764,1.0464693567588907,-1.036537090851358,-1.1114919142407116,1.0763391081668667,-1.1914334140073664,-0.9263000798424149,-1.1730928305086623,1.1237856489113989,1.0146473970671759,1.3781573164353047,-0.38365424957617356,-1.2177085566348373,-1.0029915497650093,0.9879030973070977,-1.1872834332813964,0.9668928237852297,-1.0664614009045903,1.0506559616720805,1.0341904547202905,-1.1920792721084463,1.1475797972991728,0.5993423683254726,-0.2675070272947793,-0.5160744794050183,-0.19211592692466128,-0.12442112769057163,-0.36515564842424786,-0.35846502156596305,-0.2003449356756544,-0.40559935040575607,0.6881994236826666,-0.14770449011392464,-1.170066454462184,-0.5353246227938869,-0.30047794876572487,-1.284747674647566,0.10049267098080185,-0.5252257314388902,0.0,0.3128771483334708,0.18425306425107899,-0.20883160585966384,0.6278066144441405,-0.14668050028577212,0.6117421667777763,0.6172933874638946,0.15132102386527777,-0.16619417851784443,-0.12606900322433817,-0.1730126811977428,0.15462753494369266,-0.07606632348502991,0.35772835063721126,0.031231954219465324,0.35545376115292965,-0.3951525851055374,0.12487562433488468,-1.129815761937809,-1.1592911349996455,-0.13773322055215367,0.1866611360482732,-0.07617141493081644,0.07471535063062373,-0.2638704041841718,0.678208721556576,0.1142231972871786,-0.17878319970987397,0.6772194130063112,-0.34503689378153024,0.1325577304590409,1.1603198880807428,-0.6610670346951226,-0.5562049722470762,0.05807160347899948,0.18622223318400533,0.5888184556018852,0.2754586989700371,-0.3509553145347426,0.5157138059720985,0.26496706808547227,1.08229401958299,-0.4588764874772868,-1.0831335013829928,1.0248912165229476,1.1081275930716687,0.41676136650190554,-1.1499064780761865,-1.0010353056380639,-1.0244961742301215,1.0174663063384182,1.2149570402428211,0.9209323689071074,-1.218545980178851,-0.9324988748360505,1.0054429537292477,-1.165043332778669,0.8680084359979812,0.9014231033911361,0.9634766543676719,1.1429503598785975,0.8283742942329786,0.11722261551540948,0.27188387598956393,0.24743114516800238,0.14389832181056372,0.1901549262713749,1.0565687654860385,-0.3194284212076161,0.6735070822638015,0.6829249992655481,0.0,-0.2786932057166471,-0.0953462589245592,-0.2171861213815347,-0.13545709229571928,-0.3481553119113957,1.956038587687303,-0.1933472978091327,-0.1354570922957193,-0.23904572186687878,-0.4252658742831209,-0.2970442628930023,0.10825317547305456,0.7071067811865477,-0.7071067811865475,-0.43994134506405985,0.0,0.0,1.0,0.0,0.0,0.0,0.0,0.0,0.0,0.0,0.0,0.0,0.0,0.0,0.0,0.0,0.0,0.0,0.0,0.0,0.0,0.0,0.0,0.0,0.0,0.0,0.0,0.0,0.0,0.0,0.0,0.0,0.0,0.0,1.0,0.0,0.0,0.0,0.0,0.0,0.0,0.0,1.0,0.0,0.0,0.0,0.0,0.0,1.0,0.0,0.0,0.0,0.0,0.0,1.0,0.0,0.0,1.0,0.0,0.0,0.0,0.0,0.0,0.0,0.0,0.0,0.0,0.0,0.0,0.0,0.0,0.0,0.0,0.0,0.0,0.0,0.0,0.0,0.0,0.0,0.0,0.0,0.0,0.0,0.0,0.0,0.0,0.0,0.0,0.0,0.0,0.0,0.0,0.0,0.0,0.0,0.0,0.0,0.0,0.0,0.0,0.0,0.0,1.0,0.0,0.0,0.0,0.0,1
VAR_001844,-0.3676863900489915,-0.6811735383620582,0.6408483352005974,-0.17965208856617867,-0.3892878924200203,-0.4928744993788274,-0.5526850682675873,-0.31420583342607766,-0.39862786152572854,-0.24116280445755475,-0.6657862144581289,0.24870669994776531,0.8529104111864753,-1.3895062926433095,0.3031324189188476,0.557375920473235,-0.8503641156206425,-0.261946753835081,1.1016447735158867,1.5256636639552004,-1.2427965579458726,-1.0910196068889997,0.3911195523740682,0.9650740041145233,0.6008839649609465,-1.2612045167404342,1.2831365090189601,-1.1452912040762042,1.2447074883967142,-1.1559342360041547,-0.4190050572413901,0.4493510160135705,-1.1156618915576297,-1.3053671115269019,1.1565609289969432,0.6017555944725487,1.047326185550457,0.9882087304835168,0.7590239248111715,-1.3590907385226985,1.0396470922239303,1.189378904557533,1.0597039412261138,0.9839827028611506,1.0039433877244224,0.19561519910898906,-1.029644141675261,0.919492170788738,0.01179184023624814,0.022378314653813732,0.0838669156608826,1.085255014018656,0.8987016060976569,1.1134560350208595,1.2143629110381289,1.0649666073000195,0.9514673274032434,1.178574712629763,-1.0172782175782764,-1.1406521668206824,-1.036537090851358,1.1599643265355106,-1.1118228150295109,-1.1914334140073664,-0.9263000798424149,0.9971289059323633,-1.0723447565316517,-1.1518747750387892,-0.8633646136777833,0.2421381169892495,-1.2177085566348373,-1.0029915497650093,-1.2052417787146594,1.009190918289187,-1.2414426379464678,-1.0664614009045903,-1.1010564321581946,-1.175254772026969,1.0075363498063885,1.1475797972991728,1.0995453975294383,-0.6406929880874566,-0.5508667788811531,1.2618523382097067,1.3042766488942688,1.602463511540713,-1.32894349458601,1.2499781856285386,1.07225433678547,-0.701927033444511,-1.1283892784935592,-1.3253661969609918,-1.02238227140144,1.155236690820497,1.1323199844351433,-1.352539204905001,1.0942202738310212,0.0,-1.2297542023467716,1.1581621181496393,-1.1733912533481388,-1.2556132288882809,1.2907517170528129,1.0832934203356452,1.0866054834124719,1.1111286609536124,1.2901916490201075,1.2726879919922605,1.3054020889740467,-1.2756771632854644,1.3552968846228302,-1.1129326464268798,1.0217310737510725,-1.6173146132458274,-1.3764993760453141,1.114960931561472,-1.129815761937809,-1.1592911349996455,-1.4041276118605301,-1.2932950140487498,1.3329997612892854,-0.9009792281928168,-1.2086966901339484,1.1638936769938657,-1.3470719221911818,-1.1057377049081205,0.5038677217444242,-1.3360423723905241,-1.3339535168969323,-1.1776162023132102,-0.6623811605755667,-1.0423368771244421,1.0497559090434576,1.1476486463665432,-1.3768612006931302,-1.1805372813001602,1.091860978552533,1.4956066405340973,1.2292734470194862,1.08229401958299,-0.45098785418544396,-1.0831335013829928,-1.081829617440889,-1.1246902141211947,-0.5671607677131192,-1.1499064780761865,-1.0010353056380639,1.089241285612694,-1.1486214361181755,-0.9324988748360507,-1.2266200039645088,0.9148704835412195,1.2149570402428211,-1.092379750480273,-1.165043332778669,-1.2826374656934454,0.9014231033911361,0.9634766543676719,1.1429503598785975,0.8283742942329786,0.18510961082110014,0.2880086192029153,0.24743114516800238,0.9119921937747176,0.34296608576281556,1.0019100870427688,1.1810840840576273,-0.6982229384936658,0.6829249992655481,0.0,-0.2786932057166471,-0.0953462589245592,-0.2171861213815347,-0.13545709229571928,-0.3481553119113957,-0.511237358145545,5.1720402163943,-0.1354570922957193,-0.23904572186687878,-0.4252658742831209,-0.2970442628930023,0.6089241120359331,0.7071067811865477,1.4142135623730951,-0.43994134506405985,0.0,0.0,0.0,0.0,0.0,0.0,0.0,0.0,0.0,0.0,0.0,0.0,0.0,0.0,0.0,0.0,1.0,0.0,0.0,0.0,0.0,0.0,0.0,0.0,0.0,0.0,0.0,0.0,0.0,0.0,0.0,0.0,0.0,0.0,1.0,0.0,0.0,0.0,0.0,0.0,0.0,0.0,1.0,0.0,0.0,0.0,0.0,0.0,1.0,0.0,0.0,0.0,0.0,0.0,1.0,0.0,0.0,0.0,0.0,0.0,0.0,0.0,0.0,0.0,0.0,0.0,0.0,0.0,0.0,0.0,0.0,0.0,0.0,1.0,0.0,0.0,0.0,0.0,0.0,0.0,0.0,0.0,0.0,0.0,0.0,0.0,0.0,0.0,0.0,0.0,0.0,0.0,0.0,0.0,0.0,0.0,1.0,0.0,0.0,0.0,0.0,0.0,0.0,0.0,0.0,0.0,0.0,0.0,1
VAR_001780,0.7711623733361457,-0.7840477748220506,-0.4245774602110641,-0.44724419992059605,-0.4661139200042691,3.303230401724328,-0.5560456498063548,-0.35379490285273807,-0.39509850978902245,-0.39671019779035027,1.3511606733444246,-0.691979249608071,0.6038005219527098,-0.625965706091788,1.2421805733584397,-0.1827170803725909,0.07542617603449672,0.08584733950577132,-0.3117450641853879,0.5688915357121086,0.28635842850418236,-0.16580136329202746,0.3911195523740682,-0.9162539430080685,-0.5901538941580723,0.5808178695515157,0.3480275285909173,1.1745504684139176,-0.12776798721953023,-1.1559342360041547,0.0005277374526097083,-0.2433984670073505,-1.1156618915576297,0.5703060195991321,-1.186108106015113,-2.277333672184901,1.047326185550457,-1.3860589986002567,-1.7940565495536767,1.010128788601319,-1.2683694525131952,1.189378904557533,-1.2834661280188786,-1.3300444161555385,1.0039433877244224,0.19561519910898906,-1.029644141675261,0.919492170788738,0.46249593595945354,0.2891015271072644,-0.04488416036578673,0.22480282433243576,-0.41965801870639463,0.6642262385095148,0.774725744705543,0.1925585378512952,0.06396419007752904,1.178574712629763,-1.0172782175782764,0.1716207473270614,-0.5973935141929583,-0.657200666085467,0.20107433888831566,-0.7506030508246408,-0.036089613500353945,-0.7390484832204571,0.24533348673417857,0.1480385282247898,-0.8633646136777833,-0.33751944663075867,-0.7830923193793167,-0.5662609931962638,-0.3279838283059565,0.1306011776609535,-0.3581084532537888,0.2744006335688607,-0.24037147462608446,0.1504123640213866,-0.31223302334251235,-0.15222997311111489,-0.40106369008245873,0.5426268462533451,0.9285350391267969,0.29254016145346123,-0.12442112769057163,0.12674914156699243,0.12677421494406022,-0.2003449356756544,-0.4846454949912251,0.07283341889843734,0.34263790407589256,0.62665055052671,-0.04826697418633399,0.18476026442968232,0.16549292080205957,1.0691805882380039,-0.5252257314388902,0.0,-0.7063031176391064,-0.3027014626982011,0.7557280416288111,-0.31390330722207016,-1.1049686451781622,-0.8029115938958313,-0.32133080443326034,-0.8084866132230568,-0.16619417851784443,0.8064356602533943,0.08351438095237147,-0.3221406977993596,1.3552968846228302,-0.6227123140721827,0.031231954219465324,-0.13773833244675973,0.4091253226357428,0.12487562433488468,0.5785288972239859,-0.05891990185012114,0.5557844438376058,-0.3066575806507344,0.393552310475884,-0.41313193878109655,-1.2086966901339484,-0.2931611893180037,-0.3728751758722748,0.32763720714157063,-0.5874587470506607,-0.34503689378153024,0.1325577304590409,0.22514545192316152,0.17307695150759925,-0.5562049722470762,-0.43777054930322945,-0.7752041799985325,-0.39402137254562253,-0.6952052878767611,-0.8318940788971679,-0.9541254458708998,0.26496706808547227,0.22220270119399596,-0.4357863076684103,-0.2364587221329068,-0.6604854506481217,0.23561241452183765,-0.13574242002506998,0.1264897125883804,-0.15605493357855743,-0.17900119029299524,0.5799097618131502,-0.5030076918202763,-0.3675990548158623,-0.36517939469082267,-0.5030076918202762,-0.6728152096383688,-0.3095493282774117,0.43787925565969593,-0.3868768684082127,0.5373973370975064,-0.13853943756104198,-0.4914756578224365,0.11044272828972906,0.4149677141489726,0.12716808187197515,-0.06354720359304623,-0.42083459083519265,-0.16192967896357952,-1.097471942456261,-0.6982229384936658,-0.6829249992655481,0.0,-0.2786932057166471,-0.0953462589245592,4.604345773288536,-0.13545709229571928,-0.3481553119113957,-0.511237358145545,-0.1933472978091327,-0.1354570922957193,-0.23904572186687878,-0.4252658742831209,-0.2970442628930023,0.6089241120359331,0.7071067811865477,1.4142135623730951,2.273030282830976,0.0,0.0,0.0,0.0,0.0,0.0,0.0,0.0,0.0,0.0,1.0,0.0,0.0,0.0,0.0,0.0,0.0,0.0,0.0,0.0,0.0,0.0,0.0,0.0,0.0,0.0,0.0,0.0,0.0,0.0,0.0,0.0,0.0,0.0,1.0,0.0,0.0,0.0,0.0,0.0,0.0,1.0,0.0,0.0,0.0,0.0,0.0,1.0,0.0,0.0,0.0,0.0,0.0,1.0,0.0,0.0,0.0,1.0,0.0,0.0,0.0,0.0,0.0,0.0,0.0,0.0,0.0,0.0,0.0,0.0,0.0,0.0,0.0,0.0,0.0,0.0,0.0,0.0,0.0,0.0,0.0,0.0,0.0,0.0,0.0,0.0,1.0,0.0,0.0,0.0,0.0,0.0,0.0,0.0,0.0,0.0,0.0,0.0,0.0,0.0,0.0,0.0,0.0,0.0,0.0,0.0,0.0,0.0,1
VAR_001847,-0.36768237454315544,1.7620472271159702,-0.5633447998438251,5.908687251561727,-0.46625518950996914,-0.4081886352720394,0.03780981925854916,-0.35379507142724287,-0.39482876299964587,-0.4276857306529508,0.17264385349087413,0.24870669994776531,0.8529104111864753,-1.3895062926433095,0.3031324189188476,0.557375920473235,-0.8503641156206425,-0.261946753835081,-1.2540049559862378,-0.8662666566525289,-1.2427965579458726,1.2220260021034306,0.3911195523740682,-1.3865859297887166,-2.3767106828366003,-1.2612045167404342,-1.0546359420511466,-1.1452912040762042,1.2447074883967142,1.1418939280238138,0.8506809307492489,0.4493510160135705,1.2197040077471442,-1.3053671115269019,1.1565609289969432,0.6017555944725487,-1.3746156185349752,-1.3860589986002567,0.7590239248111715,1.010128788601319,-1.2683694525131952,-1.1765898840784197,-1.2834661280188786,-1.3300444161555385,-1.3977315268749497,0.19561519910898906,-1.029644141675261,0.919492170788738,-0.5823929673209655,-0.09167473290752712,0.2738374283490727,1.085255014018656,0.8987016060976569,1.1134560350208595,-0.9838229206248016,1.0649666073000195,-1.2672905159110424,1.178574712629763,1.1376431975207442,1.0464693567588907,-1.036537090851358,1.1599643265355106,-1.1118228150295109,1.0127184019062614,-0.9263000798424149,0.9971289059323633,1.1237856489113989,-1.1518747750387892,1.3781573164353047,-0.3864485266437584,-1.2177085566348373,-1.0029915497650093,-1.2052417787146594,-1.1872834332813964,0.9668928237852297,-1.0664614009045903,-1.1010564321581946,-1.175254772026969,1.0075363498063885,1.1475797972991728,1.0995453975294383,-0.42302180737234923,-0.5315015653975134,1.2618523382097067,-1.0768863120804655,-0.8570604384154882,1.0972526879641071,1.2499781856285386,-1.3908351418665734,-1.3246511618654004,1.3233226924555272,-0.19373964769682656,-1.02238227140144,-1.2709543751565395,1.1323199844351433,1.0691805882380039,1.0942202738310212,0.0,-1.2297542023467716,-1.2766105165967614,1.2380078653730484,1.098661575277246,-1.1049686451781622,1.0832934203356452,1.0866054834124719,1.1111286609536124,-1.137118063543146,1.2726879919922605,1.3054020889740467,-1.2756771632854644,1.3552968846228302,1.3381690153466055,-1.4545167250779456,-1.6173146132458274,1.0768676013041276,1.114960931561472,1.2986428877185627,-1.1592911349996455,1.0457624577621396,1.1732985694462887,-1.0156188657442176,-0.9009792281928168,1.153369024740493,1.1638936769938657,1.0884199436060857,1.2832204818413648,1.5181654894997205,1.1414713241319605,-1.3339535168969323,-1.1776162023132102,-0.06256367743621619,-1.0423368771244421,-1.4294548548676875,-1.2559173865898015,-1.3768612006931302,1.2461226858168353,1.091860978552533,1.4956066405340973,1.2292734470194862,1.08229401958299,-0.45768307841877703,1.033553446742222,1.0248912165229476,-1.1246902141211947,-0.5545873189406211,0.9774205063647585,1.111415624510702,1.089241285612694,1.0174663063384182,-0.9324988748360507,-1.2266200039645088,0.9148704835412195,1.2149570402428211,-1.092379750480273,0.9736916784744738,-1.2826374656934454,-1.2457435162744455,-1.1669199319831562,1.1429503598785975,-1.3713756258593799,0.15211938870250907,0.45961603869494483,0.18392907463720148,0.99158484388759,0.28984604249909246,0.9439459555872141,0.65312598035319,1.3593720926425352,-0.6829249992655481,0.0,-0.2786932057166471,-0.0953462589245592,-0.2171861213815347,-0.13545709229571928,-0.3481553119113957,1.956038587687303,-0.1933472978091327,-0.1354570922957193,-0.23904572186687878,-0.4252658742831209,-0.2970442628930023,0.6089241120359331,0.7071067811865477,-0.7071067811865475,-0.43994134506405985,0.0,0.0,0.0,0.0,0.0,0.0,0.0,0.0,0.0,0.0,0.0,0.0,0.0,0.0,0.0,0.0,0.0,0.0,0.0,1.0,0.0,0.0,0.0,0.0,0.0,0.0,0.0,0.0,0.0,0.0,0.0,0.0,1.0,0.0,0.0,0.0,0.0,0.0,0.0,0.0,0.0,0.0,1.0,0.0,0.0,0.0,0.0,0.0,1.0,0.0,0.0,0.0,0.0,0.0,1.0,0.0,0.0,0.0,0.0,0.0,0.0,0.0,0.0,0.0,0.0,0.0,0.0,0.0,0.0,0.0,0.0,0.0,0.0,1.0,0.0,0.0,0.0,0.0,0.0,0.0,0.0,0.0,0.0,0.0,0.0,0.0,0.0,0.0,0.0,0.0,0.0,0.0,0.0,0.0,0.0,0.0,0.0,0.0,1.0,0.0,0.0,0.0,0.0,0.0,0.0,0.0,0.0,0.0,1
VAR_001816,-0.36963640354791494,-0.7840510849699397,-0.5664183328611395,0.7576536701954636,-0.4649566635150464,-0.492874841355016,1.11159768314113,-0.35379509735104736,-0.383795013961913,0.6575670920682317,-0.5324690719107281,0.24870669994776531,0.8529104111864753,-1.3895062926433095,0.3031324189188476,0.557375920473235,-0.8503641156206425,-0.261946753835081,0.1593848817150369,0.09050547159056287,-0.30826980816251504,0.29680775850645846,-1.2168163851637694,0.02441003055322729,0.005365035401437297,0.12031227297852805,0.3480275285909173,-0.6813228695781798,0.7872156631912995,-0.696368603198561,-0.27092953780458456,-0.2433984670073505,-0.6485887116966749,-0.3675305459638849,0.21949331499212069,0.6017555944725487,0.07854946391628402,-0.4363519069667473,0.7590239248111715,0.06244097775171194,0.5780437832765053,0.7161851468303425,-0.3461981003208816,0.9839827028611506,0.04327342188467346,0.19561519910898906,-0.0637138815791859,0.44477760819548273,-0.0294987640638977,0.4413424188153894,0.21798765100066905,-1.0658754601968945,-1.298564435242429,1.1134560350208595,-0.9838229206248016,1.0649666073000195,-1.2672905159110424,-1.016421815925668,1.1376431975207442,-1.1406521668206824,-1.036537090851358,1.1599643265355106,-1.1118228150295109,1.0127184019062614,1.2992260860127374,0.9971289059323633,-1.0723447565316517,-1.1518747750387892,-0.8633646136777833,-0.3857654122153011,-1.2177085566348373,1.1806612330787183,0.9879030973070977,1.009190918289187,-1.2414426379464678,1.1683086565511613,-1.1010564321581946,-1.175254772026969,-1.1920792721084463,-1.0187698200513067,0.5993423683254726,-0.6128993028650862,-0.5544357848787482,0.29254016145346123,1.3042766488942688,0.6186539315582326,0.6120134514540838,0.28309610475907654,0.08701854532465249,-0.2107802981505882,-0.6380468843037419,-0.3493578232171408,-0.5353246227938869,-0.30047794876572487,0.16549292080205957,-0.383851287647799,0.014589603651080134,0.0,-0.1828520329314412,0.18425306425107899,-0.20883160585966384,0.15695165361103508,0.8116076446066178,0.14019091321990693,-0.7906429003818378,0.6312248424094452,0.31926776399480616,1.2726879919922605,-0.1730126811977428,-0.3221406977993596,0.40105474588425666,0.35772835063721126,0.031231954219465324,-0.6309304260464489,-0.8858259805754257,0.12487562433488468,-0.15843230207526035,0.28756464762492934,0.0658064299130717,-0.3066575806507344,0.393552310475884,-0.9009792281928168,-0.2638704041841718,0.19252376611928598,0.6013215704466323,-0.6279460675582235,0.26249381767347074,-0.34503689378153024,0.1325577304590409,-0.24244176615562898,0.12924155817656993,-0.5562049722470762,1.0497559090434576,0.6669354397752745,0.09739854152813121,-0.20987329445336192,1.091860978552533,0.5157138059720985,0.26496706808547227,1.08229401958299,-0.459175891526315,-1.0831335013829928,-1.081829617440889,-1.1246902141211947,-0.5661030684325735,-1.1499064780761865,1.111415624510702,-1.0244961742301215,-1.1486214361181755,-0.9324988748360507,-1.2266200039645088,0.9148704835412195,-0.9324988748360505,1.0054429537292477,0.9736916784744738,-1.2826374656934454,-1.2457435162744455,0.9634766543676719,-0.9928659691874683,0.8283742942329786,-0.024314696811595808,0.42543382451843603,0.24743114516800238,0.6987812260956111,0.617238714392562,0.8308782884337426,1.2366586212896735,-0.012357928114932163,-0.6829249992655481,0.0,3.588175023601831,-0.0953462589245592,-0.2171861213815347,-0.13545709229571928,-0.3481553119113957,-0.511237358145545,-0.1933472978091327,-0.1354570922957193,-0.23904572186687878,-0.4252658742831209,-0.2970442628930023,0.6089241120359331,-1.4142135623730951,1.4142135623730951,-0.43994134506405985,0.0,0.0,0.0,0.0,0.0,0.0,0.0,0.0,0.0,0.0,0.0,0.0,0.0,0.0,0.0,0.0,1.0,0.0,0.0,0.0,0.0,0.0,0.0,0.0,0.0,0.0,0.0,0.0,0.0,0.0,0.0,0.0,0.0,0.0,0.0,0.0,0.0,0.0,1.0,0.0,1.0,0.0,0.0,0.0,0.0,0.0,1.0,0.0,0.0,0.0,0.0,0.0,1.0,0.0,0.0,0.0,0.0,0.0,0.0,0.0,0.0,1.0,0.0,0.0,0.0,0.0,0.0,0.0,0.0,0.0,0.0,0.0,0.0,0.0,0.0,0.0,0.0,0.0,0.0,0.0,0.0,0.0,0.0,0.0,0.0,0.0,0.0,0.0,0.0,1.0,0.0,0.0,0.0,0.0,0.0,0.0,0.0,0.0,0.0,0.0,0.0,0.0,0.0,0.0,0.0,0.0,0.0,0.0,1
VAR_001923,-0.3591589037842852,-0.7678161905613307,-0.2066703041321821,0.5092361995235567,-0.13742878629647598,0.4196069164411863,-0.5214148134223643,-0.10427525314616777,-0.22729320518132087,-0.4863564879638308,0.28722143515869936,-0.31442991535651627,0.5950852472060665,0.13757488045973346,0.3031324189188476,-1.0050108562619995,0.7153273288487508,-0.7687343907083706,-0.3117450641853879,-0.387880592530983,0.15899356672916362,0.29680775850645846,-0.4128484163948504,0.02441003055322729,-0.5901538941580723,0.12031227297852805,-0.1195269616231039,0.24661379941786885,-0.12776798721953023,0.6823282952182201,-0.15134692233230201,0.4493510160135705,-0.18151553183572006,0.10138773681762345,-0.24904049201029047,-0.5498801121904313,0.07854946391628402,-0.4363519069667473,-0.2622082649347678,0.3979713648051385,0.5780437832765053,0.24299138910315177,0.5910699273771154,-0.8672389923522006,0.04327342188467346,0.19561519910898906,0.4192512484688516,-0.02993695439777282,1.2303127142084493,0.9495628070216703,-0.0723341943957442,0.655028919175546,0.4592483978296398,-0.2342333545131748,-0.10454858795962935,0.6287625725756575,-0.379787378585328,-0.13842320450349557,0.2756746314811359,1.0464693567588907,-0.5973935141929583,0.2513818302250218,0.20107433888831566,0.1310576755408102,-0.036089613500353945,-0.305004135932252,-0.19389259435443146,0.1480385282247898,0.03324415836745199,-0.3805070956014902,0.08614015513172467,-1.0029915497650093,-0.7666128035103079,0.1306011776609535,0.0835586390925506,-0.17255337792228959,-0.24037147462608446,-0.7333657266775171,-0.7521561477254793,0.2810399503589809,-0.40106369008245873,-0.3048344168568288,0.00913018191601872,-0.19211592692466128,0.35181146450437517,0.6186539315582326,-0.35846502156596305,0.7665371451938077,0.5796364410550613,-0.8783958094938185,0.34263790407589256,-0.051197683432898676,-0.04826697418633399,-0.30047794876572487,-0.31792061101448216,0.584836629609403,0.014589603651080134,0.0,0.34059905177622385,0.18425306425107899,0.11466263662777083,0.15695165361103508,0.8116076446066178,-0.33136034033796213,1.0866054834124719,0.15132102386527777,-0.16619417851784443,-1.0585736667020706,-0.1579933034652758,0.6313957676867452,-1.0303084622236034,0.35772835063721126,-0.4640176055463382,0.35545376115292965,-0.3951525851055374,-0.8652096828917023,0.3272594278560139,0.7698499084997878,-0.42417158401146215,0.1866611360482732,-0.5458951403375171,0.5625626400423439,0.20854273879071644,0.19252376611928598,-0.3728751758722748,-0.17878319970987397,0.2228308102650006,-0.34503689378153024,-0.3562793519929501,-0.24244176615562898,0.836446734470281,0.9021907423850214,0.05807160347899948,0.18622223318400533,0.09739854152813121,-0.6952052878767611,0.610922214190108,0.02576738869109911,-0.2171861213815346,-0.2078429580005009,-0.1946295572125206,-0.2364587221329068,0.1822028829374129,0.23561241452183765,-0.17369288444233974,0.1264897125883804,0.2664352524511957,-0.17900119029299524,-0.2821863391355379,0.3559746742112724,0.4914218943327842,0.0615038980531913,0.3559746742112725,0.5858784128873437,-0.3095493282774117,0.007750075321410467,-0.3868768684082127,-0.31476129744282494,-0.5657027033742551,-0.051525673803964875,0.010256911328837836,-1.338881693150131,0.1857429592627114,1.3045449461713237,0.45987293522052314,0.9754257312288868,-0.7640247190639844,-0.6982229384936658,2.048774997796644,0.0,-0.2786932057166471,-0.0953462589245592,-0.2171861213815347,-0.13545709229571928,-0.3481553119113957,-0.511237358145545,-0.1933472978091327,-0.1354570922957193,-0.23904572186687878,-0.4252658742831209,-0.2970442628930023,0.6089241120359331,-1.4142135623730951,-0.7071067811865475,-0.43994134506405985,0.0,0.0,0.0,0.0,0.0,0.0,0.0,0.0,1.0,0.0,0.0,0.0,0.0,0.0,0.0,0.0,0.0,0.0,0.0,0.0,0.0,0.0,0.0,0.0,0.0,0.0,0.0,0.0,0.0,0.0,0.0,0.0,0.0,0.0,0.0,0.0,0.0,0.0,1.0,0.0,0.0,0.0,1.0,0.0,0.0,0.0,0.0,0.0,1.0,0.0,0.0,0.0,0.0,0.0,1.0,0.0,0.0,0.0,0.0,0.0,0.0,0.0,0.0,0.0,1.0,0.0,0.0,0.0,0.0,0.0,0.0,0.0,0.0,0.0,0.0,0.0,0.0,0.0,0.0,0.0,0.0,0.0,0.0,0.0,0.0,0.0,0.0,0.0,0.0,0.0,0.0,0.0,0.0,0.0,0.0,0.0,0.0,0.0,0.0,1.0,0.0,0.0,0.0,0.0,0.0,0.0,0.0,0.0,1
VAR_001842,1.3434812560914366,0.738492298428894,0.040820160399389245,-0.43751789296654303,-0.13665122011786776,-0.07607539508676578,-0.5195092156466279,-0.2949465443078133,-0.2669541577803017,-0.45661882971175083,-0.5245893539672918,-0.31442991535651627,0.5950852472060669,0.13757488045973346,0.3031324189188476,-1.0050108562619995,0.7153273288487508,-0.7687343907083706,-0.3117450641853879,0.09050547159056287,-0.30826980816251504,0.29680775850645846,0.3911195523740682,0.24550841848074212,-0.5901538941580723,0.5808178695515157,-0.1195269616231039,0.24661379941786885,-0.12776798721953023,-0.696368603198561,-0.22791147468787606,0.4493510160135705,0.28555764802523464,0.10138773681762345,-0.24904049201029047,0.6017555944725487,0.07854946391628402,-0.4363519069667473,0.24840782993820204,0.5362848831765156,-0.80676614356577,-0.7033961263512292,-0.3461981003208816,-0.40443356854886275,0.04327342188467346,0.19561519910898906,0.4192512484688516,-0.02993695439777282,-0.2421401394638866,-0.5708887424461742,0.37813790356336324,-1.0658754601968945,-0.8591112269744119,0.6642262385095148,-0.10454858795962935,0.6287625725756575,-0.379787378585328,0.3005761012075905,-1.0172782175782764,-0.7032278621047678,-0.5973935141929583,0.2513818302250218,-0.23655804575095973,-0.3097726876419153,0.4090156196706764,-0.305004135932252,0.24533348673417857,1.0146473970671759,-0.26895219174207224,0.16914973581537088,0.08614015513172467,0.7439306765099729,0.11064514689839479,0.5698960479750703,-0.3581084532537888,-0.17255337792228959,-0.6707139533921395,-0.2914766813280652,0.1276901010404545,-0.5854998965812108,-0.9012667192864244,0.40925191967538865,-0.2093621039887277,-0.19211592692466128,-0.6006537198855185,-0.8570604384154882,0.12677421494406022,-0.2003449356756544,0.04689230628165387,-0.7999506509277223,-0.14770449011392464,0.1386463636547845,-0.04826697418633399,0.18476026442968232,0.6489064526186016,0.10049267098080185,0.014589603651080134,0.0,-0.7063031176391064,0.18425306425107899,-0.20883160585966384,-0.31390330722207016,0.3324635721604227,0.14019091321990693,-0.32133080443326034,-0.32858279467888946,-0.16619417851784443,-0.5923213349632044,-0.3243070656090183,1.1081640004297975,0.40105474588425666,-0.1324919817174857,0.5264815139852691,0.35545376115292965,0.09552081036435081,-0.3701670292784088,0.5785288972239859,0.28756464762492934,0.0658064299130717,0.1866611360482732,-1.0156188657442176,0.07471535063062373,-0.2638704041841718,-0.2931611893180037,0.1142231972871786,-0.1501544302083263,-0.33174857733928786,0.15046584552296663,0.10635434183564448,0.22514545192316152,0.6880337021759612,-0.07007306736971035,-0.43777054930322945,0.18622223318400533,0.5888184556018852,0.2754586989700371,-0.3509553145347426,-0.9541254458708998,-0.2171861213815346,0.22220270119399596,0.10920014134017296,-0.2364587221329068,1.0248912165229476,-0.21782179502583973,-0.4451996842211917,-0.7244410811879975,0.2664352524511957,-0.17900119029299524,0.1510312093557807,-0.07351650880450188,0.06191141975846085,-0.36517939469082267,-0.07351650880450177,-1.092379750480273,0.5459446762238453,0.8680084359979812,0.4719897794580199,0.5373973370975064,-0.13853943756104198,-0.051525673803964875,0.2415999856431615,0.29260138635066657,0.24743114516800238,0.4081687952661896,-6.645518729320213,-0.04821154694352777,-1.1252592110722839,-1.3840879488723994,0.6829249992655481,0.0,-0.2786932057166471,-0.0953462589245592,-0.2171861213815347,-0.13545709229571928,-0.3481553119113957,-0.511237358145545,-0.1933472978091327,-0.1354570922957193,-0.23904572186687878,2.3514701283890216,-0.2970442628930023,0.6089241120359331,-1.4142135623730951,-0.7071067811865475,-0.43994134506405985,0.0,0.0,0.0,0.0,0.0,0.0,0.0,0.0,1.0,0.0,0.0,0.0,0.0,0.0,0.0,0.0,0.0,0.0,0.0,0.0,0.0,0.0,0.0,0.0,0.0,0.0,0.0,0.0,0.0,0.0,0.0,0.0,0.0,0.0,0.0,0.0,0.0,0.0,1.0,0.0,0.0,0.0,0.0,1.0,0.0,0.0,0.0,0.0,0.0,1.0,0.0,0.0,0.0,0.0,0.0,1.0,0.0,0.0,0.0,0.0,0.0,0.0,0.0,0.0,0.0,0.0,0.0,0.0,1.0,0.0,0.0,0.0,0.0,0.0,0.0,0.0,0.0,0.0,0.0,0.0,0.0,0.0,0.0,0.0,0.0,0.0,0.0,0.0,0.0,0.0,0.0,0.0,0.0,0.0,0.0,0.0,1.0,0.0,0.0,0.0,0.0,0.0,0.0,0.0,0.0,0.0,0.0,0.0,1
VAR_001822,-0.3579092220321852,-0.7833625469613891,0.46290591353364047,-0.37362158794645967,-0.46536860669930946,0.4940247946440136,-0.542710109048424,-0.2530877865722547,0.362854337712067,-0.3692348733893403,3.024895404560741,0.24870669994776531,-0.1111270551472059,-0.625965706091788,0.4672982554953217,-0.1827170803725909,-0.8503641156206425,0.08584733950577132,-1.2540049559862378,1.5256636639552004,1.0935203165125211,-1.0910196068889997,0.3911195523740682,0.9650740041145233,0.6008839649609465,1.041323466124503,-1.0546359420511466,-1.1452912040762042,1.2447074883967142,1.1418939280238138,-0.4268097721367736,0.4493510160135705,1.2197040077471442,-1.3053671115269019,-1.186108106015113,0.6017555944725487,-1.3746156185349752,-1.3860589986002567,0.7590239248111715,-1.3590907385226985,1.0396470922239303,1.189378904557533,1.0597039412261138,0.9839827028611506,1.0039433877244224,0.19561519910898906,-1.029644141675261,0.919492170788738,0.2128141515551542,0.12365316564579633,-0.3641400690307624,1.085255014018656,0.8987016060976569,-1.1326929475358645,-0.9838229206248016,1.0649666073000195,0.9514673274032434,-1.016421815925668,1.1376431975207442,-1.1406521668206824,-1.036537090851358,0.9635129629355346,-1.1118228150295109,1.0127184019062614,-0.9263000798424149,0.9971289059323633,-1.0723447565316517,1.0146473970671759,-0.8633646136777833,-0.3809983333889373,0.955372629642766,-1.0029915497650093,0.9879030973070977,1.009190918289187,0.9668928237852297,-1.0664614009045903,-1.1010564321581946,-1.175254772026969,-1.1920792721084463,1.1475797972991728,-1.4014697484903902,-0.635525975189332,3.7693706378040437,-1.1614281036809067,-1.0768863120804655,-0.8570604384154882,1.0972526879641071,1.2499781856285386,-1.3908351418665734,-1.329270544995474,-1.1283892784935592,1.1146547373986353,-1.02238227140144,-1.2709543751565395,1.1323199844351433,1.0691805882380039,-1.6048564016188311,0.0,-1.2297542023467716,1.1581621181496393,-1.1733912533481388,1.098661575277246,1.2907517170528129,1.0832934203356452,-1.2599549963304153,1.1111286609536124,1.2901916490201075,1.2726879919922605,1.3054020889740467,-1.2756771632854644,-1.0303084622236034,-1.1129326464268798,-1.4545167250779456,0.8486458547526188,1.0768676013041276,1.114960931561472,-1.129815761937809,-1.1592911349996455,-1.4041276118605301,-1.2932950140487498,-1.0156188657442176,1.5382572188657846,1.153369024740493,1.1638936769938657,1.0884199436060857,-1.1057377049081205,-1.1138648061882561,1.1414713241319605,1.1102318953630232,1.1603198880807428,-0.19019810041778754,-1.0423368771244421,1.0497559090434576,1.1476486463665432,-1.3768612006931302,-1.1805372813001602,1.091860978552533,1.4956066405340973,1.2292734470194862,-1.0679342763894948,-0.44510054733993,-1.0831335013829928,1.0248912165229476,-1.1246902141211947,-0.5551952614593094,0.9774205063647585,-1.0010353056380639,1.089241285612694,-1.1486214361181755,-0.9324988748360507,0.9209323689071074,0.9148704835412195,1.2149570402428211,1.0054429537292477,-1.165043332778669,0.8680084359979812,0.9014231033911361,-1.1669199319831562,-0.9928659691874683,0.8283742942329786,0.17106290824874995,-2.986443882961061,0.17827865769870915,0.4526542663277308,0.3450868817409272,-0.3669766406107996,-0.9307483307601228,-0.6982229384936658,-1.3658499985310961,0.0,-0.2786932057166471,-0.0953462589245592,-0.2171861213815347,-0.13545709229571928,-0.3481553119113957,-0.511237358145545,-0.1933472978091327,-0.1354570922957193,-0.23904572186687878,-0.4252658742831209,3.3665016461206925,0.6089241120359331,0.7071067811865477,-0.7071067811865475,-0.43994134506405985,0.0,0.0,0.0,0.0,0.0,0.0,0.0,0.0,0.0,0.0,0.0,1.0,0.0,0.0,0.0,0.0,0.0,0.0,0.0,0.0,0.0,0.0,0.0,0.0,0.0,0.0,0.0,0.0,0.0,0.0,0.0,0.0,1.0,0.0,0.0,0.0,0.0,0.0,0.0,0.0,0.0,0.0,0.0,1.0,0.0,0.0,0.0,0.0,0.0,1.0,0.0,0.0,0.0,0.0,0.0,1.0,0.0,0.0,0.0,0.0,0.0,0.0,0.0,0.0,0.0,0.0,0.0,0.0,1.0,0.0,0.0,0.0,0.0,0.0,0.0,0.0,0.0,0.0,0.0,0.0,0.0,0.0,0.0,0.0,0.0,0.0,0.0,0.0,0.0,0.0,0.0,0.0,0.0,0.0,0.0,0.0,0.0,0.0,0.0,0.0,0.0,0.0,0.0,0.0,0.0,1.0,0.0,0.0,1
VAR_001892,-0.3678501442929283,-0.7636827172600412,0.5161721044781692,-0.44724966073034794,1.5786227912908017,0.3746419905480558,0.433395737470023,-0.34148429437748934,-0.3987537484038296,-0.4883405580104397,2.8592178505909924,0.24870669994776531,0.8280958450923347,-0.625965706091788,0.3031324189188476,-0.1827170803725909,1.0012164676896353,0.08584733950577132,1.1016447735158867,-0.8662666566525289,-0.2824100454720255,-1.0910196068889997,0.3911195523740682,-1.3865859297887166,0.6008839649609465,1.041323466124503,-1.0546359420511466,-1.1452912040762042,1.2447074883967142,-1.1559342360041547,-0.44216608142813196,0.4493510160135705,-1.1156618915576297,-1.3053671115269019,-1.186108106015113,-2.277333672184901,-1.3746156185349752,0.9882087304835168,0.7590239248111715,-1.3590907385226985,-1.2683694525131952,-1.1765898840784197,-1.2834661280188786,-1.3300444161555385,1.0039433877244224,0.19561519910898906,-1.029644141675261,0.919492170788738,0.19712168133213986,0.11768974178906191,0.17979345528580135,-1.0658754601968945,0.8987016060976569,-1.1326929475358645,-0.9838229206248016,-1.1160535663217912,0.9514673274032434,-1.016421815925668,1.1376431975207442,1.0464693567588907,1.1591807924406405,-1.1114919142407116,1.0763391081668667,-1.1914334140073664,-0.9263000798424149,-1.1730928305086623,-1.0723447565316517,1.0146473970671759,1.3781573164353047,-0.3863494358945074,0.955372629642766,1.1806612330787183,-1.2052417787146594,1.009190918289187,-1.2414426379464678,1.1683086565511613,1.0506559616720805,1.0341904547202905,-1.1920792721084463,-1.0187698200513067,-1.4014697484903902,0.7731399195619428,2.334260692335347,-0.19211592692466128,-0.12442112769057163,0.12674914156699243,0.12677421494406022,-0.2003449356756544,0.08701854532465249,0.9061543198138677,-0.6074898279635049,0.7819502930255174,-0.04826697418633399,0.18476026442968232,-0.8013341428310241,0.6209572856261256,-1.0650410665288608,0.0,0.34059905177622385,-0.3027014626982011,-0.5546311734356552,0.15695165361103508,-0.6258245727319671,1.0832934203356452,0.6172933874638946,-0.32858279467888946,0.31926776399480616,-0.12606900322433817,-0.1730126811977428,-0.3221406977993596,0.40105474588425666,-0.1324919817174857,0.5264815139852691,-0.6309304260464489,0.5861942058342393,0.12487562433488468,-0.6441240320065348,0.28756464762492934,0.0658064299130717,0.1866611360482732,0.393552310475884,-0.41313193878109655,0.6809558817656048,0.19252376611928598,-0.3728751758722748,0.32763720714157063,0.0527313376321495,0.15046584552296663,-0.3562793519929501,0.6927326700019523,-0.264735081605404,0.41605883750765543,-0.43777054930322945,0.6669354397752745,-0.39402137254562253,-0.20987329445336192,0.1299834498276825,0.5157138059720985,-0.2171861213815346,-1.0679342763894948,-0.3617517947918048,1.033553446742222,-1.081829617440889,1.1424808336171925,0.41987881470586114,0.9774205063647585,-1.0010353056380639,-1.0244961742301215,-1.1486214361181755,-0.9324988748360507,0.9209323689071074,-1.218545980178851,-0.9324988748360505,1.0054429537292477,0.9736916784744738,-1.2826374656934454,0.9014231033911361,-1.1669199319831562,1.1429503598785975,-1.3713756258593799,0.07216239603566173,0.45961603869494483,0.08087430679011823,0.8372490044128035,1.0471241767078983,0.870913003191165,0.014018802184660308,0.6735070822638015,-0.6829249992655481,0.0,3.588175023601831,-0.0953462589245592,-0.2171861213815347,-0.13545709229571928,-0.3481553119113957,-0.511237358145545,-0.1933472978091327,-0.1354570922957193,-0.23904572186687878,-0.4252658742831209,-0.2970442628930023,-1.89443057077846,0.7071067811865477,-0.7071067811865475,-0.43994134506405985,0.0,0.0,0.0,0.0,0.0,0.0,0.0,0.0,0.0,0.0,0.0,0.0,0.0,0.0,0.0,0.0,0.0,0.0,0.0,0.0,0.0,0.0,0.0,1.0,0.0,0.0,0.0,0.0,0.0,0.0,0.0,0.0,1.0,0.0,0.0,0.0,0.0,0.0,0.0,0.0,1.0,0.0,0.0,0.0,0.0,0.0,1.0,0.0,0.0,0.0,0.0,0.0,1.0,0.0,0.0,0.0,0.0,0.0,0.0,0.0,0.0,0.0,0.0,0.0,0.0,1.0,0.0,0.0,0.0,0.0,0.0,0.0,0.0,0.0,0.0,0.0,0.0,0.0,0.0,0.0,0.0,0.0,0.0,0.0,0.0,0.0,0.0,0.0,0.0,0.0,0.0,0.0,0.0,0.0,0.0,0.0,0.0,0.0,0.0,1.0,0.0,0.0,0.0,0.0,0.0,0.0,0.0,0.0,1
VAR_001930,0.038050123425187814,1.5463740566753639,-0.3422321514599196,-0.44556360090972325,-0.46640213293628785,-0.08849726766628141,-0.5570399085279535,-0.3537788290627627,-0.3982334093443129,0.5234929596771255,1.5039627107004103,-0.691979249608071,-0.3018546575637972,-0.625965706091788,-0.6359157355207451,-0.26491785541617374,-0.8503641156206425,-0.261946753835081,0.630514827615462,0.09050547159056287,0.15899356672916362,0.7594168803049447,0.3911195523740682,0.02441003055322729,-0.5901538941580723,-1.2612045167404342,-0.5870814518371252,0.24661379941786885,-0.5852598124249451,0.22276266241262635,-0.44037119240241707,-0.2433984670073505,-0.18151553183572006,-0.8364488287453934,-1.186108106015113,0.6017555944725487,-1.3746156185349752,0.9882087304835168,-1.7940565495536767,-1.3590907385226985,-1.2683694525131952,1.189378904557533,1.0597039412261138,-1.3300444161555385,-1.3977315268749497,0.19561519910898906,-1.029644141675261,0.919492170788738,1.4863792209178972,0.9460782424528613,0.3073317018594769,0.22480282433243576,0.019795189561622437,0.28014199388162087,-0.10454858795962935,0.1925585378512952,-0.379787378585328,-0.5774225102145818,-0.15530965153866813,0.1716207473270614,-0.5973935141929583,-0.20290941793022257,-0.23655804575095973,0.5718880387235359,-0.9263000798424149,-0.305004135932252,-0.19389259435443146,-0.7185703406175962,0.4815485443900695,-0.03609718325769364,0.5207563923872455,-0.28081227233611206,0.11064514689839479,-0.3086936926531631,0.5252257314388903,0.2744006335688607,0.6203134829060256,0.1504123640213866,-0.31223302334251235,0.714309873829077,-0.40106369008245873,-0.6198149396389273,-0.5542715291392811,1.2618523382097067,1.3042766488942688,1.602463511540713,-1.32894349458601,1.2499781856285386,1.07225433678547,-1.3292678600085959,1.3233226924555272,1.1146547373986353,1.4129059716363248,1.155236690820497,1.1323199844351433,1.0691805882380039,0.014589603651080134,0.0,0.8640501364838892,-1.2766105165967614,1.2380078653730484,-1.2556132288882809,1.2907517170528129,-1.2744628474537005,1.0866054834124719,1.1111286609536124,-1.137118063543146,-1.0585736667020706,-1.1586225279789357,-1.2756771632854644,-1.0303084622236034,1.3381690153466055,-1.4545167250779456,0.8486458547526188,-1.3764993760453141,-0.8652096828917023,0.8129511577872885,1.252135169374646,-1.4041276118605301,1.1732985694462887,1.3329997612892854,-0.9009792281928168,-1.2086966901339484,-1.2645311001925834,1.0884199436060857,-1.1057377049081205,1.5181654894997205,-1.3360423723905241,1.1102318953630232,-1.1776162023132102,3.261413239990961,-1.0423368771244421,-1.4294548548676875,1.1476486463665432,-1.3768612006931302,-1.1805372813001602,-1.312832843259593,1.4956066405340973,1.2292734470194862,1.08229401958299,-0.4050440329113292,-1.0831335013829928,-1.081829617440889,-0.6356700775080921,-0.2745982979752474,-1.1499064780761865,1.111415624510702,1.089241285612694,1.0174663063384182,1.2149570402428211,-1.2266200039645088,0.9148704835412195,1.2149570402428211,1.0054429537292477,0.9736916784744738,0.8680084359979812,-1.2457435162744455,-1.1669199319831562,1.1429503598785975,0.8283742942329786,0.2415999856431615,0.45961603869494483,0.24743114516800238,-0.8719160157674655,-0.5194700585991074,-0.037989401599825105,-0.23606661535954707,0.6735070822638015,0.6829249992655481,0.0,-0.2786932057166471,-0.0953462589245592,-0.2171861213815347,7.3824115301167,-0.3481553119113957,-0.511237358145545,-0.1933472978091327,-0.1354570922957193,-0.23904572186687878,-0.4252658742831209,-0.2970442628930023,0.6089241120359331,0.7071067811865477,1.4142135623730951,-0.43994134506405985,0.0,0.0,0.0,0.0,0.0,0.0,0.0,0.0,0.0,0.0,0.0,0.0,0.0,0.0,0.0,0.0,1.0,0.0,0.0,0.0,0.0,0.0,0.0,0.0,0.0,0.0,0.0,0.0,0.0,0.0,0.0,0.0,0.0,0.0,1.0,0.0,0.0,0.0,0.0,0.0,0.0,1.0,0.0,0.0,0.0,0.0,0.0,1.0,0.0,0.0,0.0,0.0,0.0,1.0,0.0,0.0,0.0,1.0,0.0,0.0,0.0,0.0,0.0,0.0,0.0,0.0,0.0,0.0,0.0,0.0,0.0,0.0,0.0,0.0,0.0,0.0,0.0,0.0,0.0,0.0,0.0,0.0,0.0,0.0,0.0,0.0,0.0,0.0,0.0,1.0,0.0,0.0,0.0,0.0,0.0,0.0,0.0,0.0,0.0,0.0,0.0,0.0,0.0,0.0,0.0,0.0,0.0,0.0,0
VAR_001784,-0.3616149582798528,1.488333816759741,-0.5664887497549806,-0.44724966073034844,0.10511423904873818,2.8234539885238523,-0.5448401346362233,-0.2696797563665458,-0.39875370510334196,-0.44335028129108567,-0.6624353204844914,1.1893926495036014,-1.0617454364837446,0.13757488045973346,-0.29880619483752685,1.3796696963626436,-1.7761544072757813,1.0474269437111496,1.1016447735158867,1.5256636639552004,1.0935203165125211,-1.0910196068889997,0.3911195523740682,0.9650740041145233,0.6008839649609465,-1.2612045167404342,1.2831365090189601,1.1745504684139176,-1.04275163763036,1.1418939280238138,0.021972145040038474,0.4493510160135705,1.2197040077471442,1.0392243023806405,-1.186108106015113,0.6017555944725487,1.047326185550457,0.9882087304835168,0.7590239248111715,1.010128788601319,1.0396470922239303,-1.1765898840784197,1.0597039412261138,0.9839827028611506,1.0039433877244224,0.19561519910898906,1.3851815085649268,0.919492170788738,0.6286895887712571,0.6573757294999641,0.4678943455908007,-1.0658754601968945,-1.298564435242429,0.2992953206205098,1.2143629110381289,-1.1160535663217912,-1.2672905159110424,1.178574712629763,1.1376431975207442,1.0464693567588907,-1.036537090851358,1.1599643265355106,1.0763391081668667,-1.1914334140073664,1.2992260860127374,-1.1730928305086623,1.1237856489113989,0.6146348376996478,-0.8633646136777833,-0.38603285645104085,0.955372629642766,1.1806612330787183,-1.2052417787146594,-1.1872834332813964,0.9668928237852297,-1.0664614009045903,1.0506559616720805,1.0341904547202905,-1.1920792721084463,1.1475797972991728,1.0995453975294383,-0.6183029022163996,-0.5195492624926941,1.2618523382097067,1.3042766488942688,-0.8570604384154882,-1.32894349458601,1.2499781856285386,1.07225433678547,-1.3292652132404355,1.3233226924555272,-1.3253661969609918,-1.02238227140144,1.155236690820497,1.1323199844351433,-1.352539204905001,0.5544049387410508,0.0,0.8640501364838892,-1.2766105165967614,-1.1733912533481388,-1.2556132288882809,-1.1049686451781622,-1.2744628474537005,-1.2599549963304153,-1.2883904317672241,1.2901916490201075,1.2726879919922605,-1.1586225279789357,-1.2756771632854644,1.3552968846228302,-1.1129326464268798,-1.4545167250779456,0.8486458547526188,-1.3764993760453141,1.114960931561472,-1.129815761937809,-1.1592911349996455,1.0457624577621396,1.1732985694462887,1.3329997612892854,1.5382572188657846,1.153369024740493,1.1638936769938657,1.0884199436060857,-1.1057377049081205,1.3405447756266649,-1.3360423723905241,1.1102318953630232,1.1603198880807428,-0.662389750855645,1.388322647262387,1.0497559090434576,-1.2559173865898015,1.080238369675639,-1.1805372813001602,1.091860978552533,-0.9541254458708998,-1.1814925003155485,1.08229401958299,-0.39490677621025305,1.033553446742222,1.0248912165229476,1.1424808336171925,0.2903841902796451,-1.1499064780761865,1.111415624510702,1.089241285612694,1.0174663063384182,-0.9324988748360507,-1.2266200039645088,-1.218545980178851,1.2149570402428211,1.0054429537292477,0.9736916784744738,0.8680084359979812,0.9014231033911361,0.9634766543676719,1.1429503598785975,0.8283742942329786,0.19051724466037687,0.4087752961035454,0.24743114516800238,-0.33759587094300775,-0.5067377276287169,-0.17720145625231037,1.8757657994582033,-1.3840879488723994,0.6829249992655481,0.0,-0.2786932057166471,-0.0953462589245592,-0.2171861213815347,-0.13545709229571928,2.8722813232690143,-0.511237358145545,-0.1933472978091327,-0.1354570922957193,-0.23904572186687878,-0.4252658742831209,-0.2970442628930023,0.6089241120359331,0.7071067811865477,-0.7071067811865475,-0.43994134506405985,0.0,0.0,0.0,0.0,0.0,0.0,0.0,0.0,0.0,0.0,0.0,0.0,0.0,0.0,0.0,0.0,0.0,0.0,1.0,0.0,0.0,0.0,0.0,0.0,0.0,0.0,0.0,0.0,0.0,0.0,0.0,0.0,0.0,0.0,1.0,0.0,0.0,0.0,0.0,1.0,0.0,0.0,0.0,0.0,0.0,1.0,0.0,0.0,0.0,0.0,0.0,1.0,0.0,0.0,0.0,0.0,0.0,0.0,0.0,0.0,0.0,0.0,0.0,0.0,0.0,0.0,0.0,0.0,0.0,0.0,0.0,1.0,0.0,0.0,0.0,0.0,0.0,0.0,0.0,0.0,0.0,0.0,0.0,0.0,0.0,0.0,0.0,0.0,0.0,0.0,0.0,0.0,0.0,1.0,0.0,0.0,0.0,0.0,0.0,0.0,0.0,0.0,0.0,0.0,0.0,0.0,0.0,0.0,1
VAR_001951,-0.37050471746803515,-0.7839177338688775,-0.5549065833013008,-0.04921598087866019,-0.1930405407918895,-0.4355586058492786,-0.2796969404633894,-0.35379509735104736,-0.36795236999518705,-0.4891551869093363,-0.6644380888152498,-0.691979249608071,0.10322390159311509,0.13757488045973346,0.4672982554953217,-0.1827170803725909,0.07542617603449672,0.08584733950577132,-1.2540049559862378,-0.8662666566525289,-1.2427965579458726,1.2220260021034306,-3.628720291470526,-1.3865859297887166,0.6008839649609465,1.041323466124503,1.2831365090189601,1.1745504684139176,-1.04275163763036,-1.1559342360041547,-0.44216607558961435,0.4493510160135705,-1.1156618915576297,1.0392243023806405,-1.186108106015113,-2.277333672184901,1.047326185550457,0.9882087304835168,0.7590239248111715,1.010128788601319,1.0396470922239303,-1.1765898840784197,-1.2834661280188786,0.9839827028611506,-1.3977315268749497,0.19561519910898906,-1.029644141675261,0.919492170788738,0.7692204012284541,0.43380514260919917,0.3690999304180113,1.085255014018656,0.8987016060976569,-1.1326929475358645,-0.9838229206248016,-1.1160535663217912,0.9514673274032434,-1.016421815925668,1.1376431975207442,1.0464693567588907,-1.036537090851358,1.1599643265355106,1.0763391081668667,-1.1914334140073664,1.2992260860127374,0.9971289059323633,1.1237856489113989,1.0146473970671759,-0.8633646136777833,-0.3850330355181414,0.955372629642766,1.1806612330787183,0.9879030973070977,1.009190918289187,0.9668928237852297,0.17941193519803397,-1.1010564321581946,-1.175254772026969,1.0075363498063885,-1.0187698200513067,-1.4014697484903902,-0.6025451413835164,1.728632977796262,1.2618523382097067,1.3042766488942688,-0.8570604384154882,1.0972526879641071,-1.1672270165451164,-1.3908351418665734,0.7454878913542803,1.3233226924555272,1.1146547373986353,-1.02238227140144,-1.2709543751565395,-1.284747674647566,1.0691805882380039,-1.0650410665288608,0.0,-0.7063031176391064,1.1581621181496393,-1.1733912533481388,-1.2556132288882809,-1.1049686451781622,1.0832934203356452,1.0866054834124719,-1.2883904317672241,-1.137118063543146,1.2726879919922605,1.3054020889740467,-1.2756771632854644,1.3552968846228302,-1.1129326464268798,1.0217310737510725,-1.6173146132458274,1.0768676013041276,-1.3602523365049959,1.2986428877185627,1.252135169374646,-1.4041276118605301,-1.2932950140487498,1.3329997612892854,1.5382572188657846,-1.2086966901339484,-1.2645311001925834,1.0884199436060857,-1.1057377049081205,-1.1138648061882561,-1.3360423723905241,1.1102318953630232,1.1603198880807428,-0.6623897776579605,-1.0423368771244421,-1.4294548548676875,-1.2559173865898015,-1.3768612006931302,-1.1805372813001602,-1.312832843259593,-0.9541254458708998,-1.1814925003155485,-1.0679342763894948,2.007714654556556,1.033553446742222,1.0248912165229476,-1.1246902141211947,0.4198787452722677,-1.1499064780761865,1.111415624510702,-1.0244961742301215,1.0174663063384182,-0.9324988748360507,0.9209323689071074,0.9148704835412195,1.2149570402428211,-1.092379750480273,0.9736916784744738,-1.2826374656934454,0.9014231033911361,-1.1669199319831562,-0.9928659691874683,0.8283742942329786,0.22878540046868084,0.45961603869494483,0.24743114516800238,0.5736615597682266,-0.05522845830399639,-0.27785213751017207,-1.236408285536376,-0.012357928114932163,-1.3658499985310961,0.0,-0.2786932057166471,-0.0953462589245592,-0.2171861213815347,-0.13545709229571928,-0.3481553119113957,-0.511237358145545,-0.1933472978091327,-0.1354570922957193,4.183300132670379,-0.4252658742831209,-0.2970442628930023,-1.89443057077846,0.7071067811865477,1.4142135623730951,-0.43994134506405985,0.0,0.0,0.0,0.0,0.0,0.0,0.0,0.0,0.0,0.0,0.0,0.0,0.0,0.0,0.0,0.0,0.0,0.0,0.0,0.0,0.0,0.0,0.0,0.0,0.0,0.0,0.0,0.0,1.0,0.0,0.0,0.0,0.0,0.0,1.0,0.0,0.0,0.0,0.0,0.0,0.0,0.0,0.0,1.0,0.0,0.0,0.0,0.0,0.0,1.0,0.0,0.0,0.0,0.0,0.0,1.0,0.0,0.0,0.0,0.0,0.0,0.0,0.0,0.0,0.0,0.0,0.0,0.0,0.0,1.0,0.0,0.0,0.0,0.0,0.0,0.0,0.0,0.0,0.0,0.0,0.0,0.0,0.0,0.0,0.0,0.0,0.0,0.0,0.0,0.0,0.0,0.0,1.0,0.0,0.0,0.0,0.0,0.0,0.0,0.0,0.0,0.0,0.0,0.0,0.0,0.0,0.0,0.0,1
VAR_001884,-0.3482947947423985,-0.0841297195669537,2.1048587503558074,-0.4332630087000081,-0.269227806107559,-0.4928747601766909,-0.5574344418683207,-0.3524499024516915,0.96417280701289,-0.050651781534436696,-0.5682897067558564,-0.691979249608071,-0.3491032971353208,0.13757488045973346,0.3031324189188476,-0.1827170803725909,0.07542617603449672,0.08584733950577132,1.1016447735158867,1.5256636639552004,1.0935203165125211,-1.0910196068889997,0.3911195523740682,-1.3865859297887166,0.6008839649609465,1.041323466124503,1.2831365090189601,1.1745504684139176,-1.04275163763036,-1.1559342360041547,0.4530032263179968,0.4493510160135705,-1.1156618915576297,1.0392243023806405,-1.186108106015113,0.6017555944725487,1.047326185550457,-1.3860589986002567,0.7590239248111715,-1.3590907385226985,-1.2683694525131952,-1.1765898840784197,1.0597039412261138,-1.3300444161555385,1.0039433877244224,0.19561519910898906,-1.029644141675261,-1.454080642177539,-1.5555478673548466,-0.356213756751768,-0.0499644517355033,1.085255014018656,-1.298564435242429,1.1134560350208595,-0.9838229206248016,-1.1160535663217912,0.9514673274032434,1.178574712629763,-1.0172782175782764,1.0464693567588907,-1.036537090851358,-1.1114919142407116,-1.1118228150295109,-1.1914334140073664,1.2992260860127374,-1.1730928305086623,-1.0723447565316517,-1.1518747750387892,-0.8633646136777833,-0.25775992815620435,-1.2177085566348373,-1.0029915497650093,-1.2052417787146594,1.009190918289187,-1.2414426379464678,1.1683086565511613,-1.1010564321581946,1.0341904547202905,1.0075363498063885,1.1475797972991728,-1.4014697484903902,-0.641180947075838,1.6687370121564526,-1.1614281036809067,1.3042766488942688,1.602463511540713,1.0972526879641071,-1.1672270165451164,0.6770236138581253,-1.3289541101603333,1.3233226924555272,1.1146547373986353,1.4129059716363248,1.155236690820497,-1.284747674647566,1.0691805882380039,-1.6048564016188311,0.0,-1.2297542023467716,-1.2766105165967614,1.2380078653730484,1.098661575277246,-1.1049686451781622,-1.2744628474537005,-1.2599549963304153,-1.2883904317672241,1.2901916490201075,1.2726879919922605,1.3054020889740467,-1.2756771632854644,1.3552968846228302,1.3381690153466055,1.0217310737510725,-1.6173146132458274,1.0768676013041276,1.114960931561472,-1.129815761937809,-1.1592911349996455,1.0457624577621396,-1.2932950140487498,1.3329997612892854,-0.9009792281928168,-1.2086966901339484,-1.2645311001925834,1.0884199436060857,1.2832204818413648,-1.1138648061882561,-1.3360423723905241,1.1102318953630232,-1.1776162023132102,-0.6623775377249941,1.388322647262387,-1.4294548548676875,-1.2559173865898015,1.080238369675639,-1.1805372813001602,1.091860978552533,-0.9541254458708998,1.2292734470194862,1.08229401958299,-0.4262218462189508,1.033553446742222,-1.081829617440889,1.1424808336171925,-0.56716022407564,-1.1499064780761865,-1.0010353056380639,-1.0244961742301215,1.0174663063384182,-0.9324988748360507,-1.2266200039645088,0.9148704835412195,1.2149570402428211,-1.092379750480273,-1.165043332778669,0.8680084359979812,-1.2457435162744455,-1.1669199319831562,1.1429503598785975,0.8283742942329786,0.2415999856431615,0.41412011305261875,0.11836942572269316,-0.2832862387322522,0.019512909515540952,-0.2648759516338017,-1.097471942456261,-0.012357928114932163,-0.6829249992655481,0.0,-0.2786932057166471,-0.0953462589245592,4.604345773288536,-0.13545709229571928,-0.3481553119113957,-0.511237358145545,-0.1933472978091327,-0.1354570922957193,-0.23904572186687878,-0.4252658742831209,-0.2970442628930023,-1.89443057077846,0.7071067811865477,-0.7071067811865475,-0.43994134506405985,0.0,0.0,0.0,0.0,0.0,0.0,0.0,0.0,0.0,0.0,0.0,0.0,0.0,0.0,0.0,0.0,0.0,0.0,0.0,0.0,0.0,0.0,0.0,1.0,0.0,0.0,0.0,0.0,0.0,0.0,0.0,0.0,1.0,0.0,0.0,0.0,0.0,0.0,0.0,0.0,0.0,1.0,0.0,0.0,0.0,0.0,0.0,1.0,0.0,0.0,0.0,0.0,0.0,1.0,0.0,0.0,0.0,1.0,0.0,0.0,0.0,0.0,0.0,0.0,0.0,0.0,0.0,0.0,0.0,0.0,0.0,0.0,0.0,0.0,0.0,0.0,0.0,0.0,0.0,0.0,0.0,0.0,0.0,0.0,0.0,0.0,0.0,1.0,0.0,0.0,0.0,0.0,0.0,0.0,0.0,0.0,0.0,0.0,0.0,0.0,0.0,0.0,0.0,0.0,0.0,0.0,0.0,0.0,1
VAR_001839,-0.3703652489276459,-0.6164733606094637,0.6952185599112557,-0.4472491540533371,-0.46640213302949834,-0.49287479869442635,-0.5568647109549124,-0.35379509735104675,-0.39875358430257357,-0.44080918870253216,1.1023169088055826,-0.31442991535651627,0.5950852472060669,0.13757488045973346,0.3031324189188476,-1.0050108562619995,0.7153273288487508,-0.7687343907083706,0.1593848817150369,-0.387880592530983,-0.7755331830541938,0.7594168803049447,-0.4128484163948504,-0.4459219562274206,0.005365035401437297,0.5808178695515157,0.8155820188049387,0.24661379941786885,-1.04275163763036,-0.23680297039296724,-0.43141018377527646,-0.2433984670073505,-0.18151553183572006,0.10138773681762345,1.1565609289969432,0.6017555944725487,-1.3746156185349752,0.9882087304835168,-1.7940565495536767,1.010128788601319,1.0396470922239303,-1.1765898840784197,-1.2834661280188786,0.9839827028611506,-1.3977315268749497,0.19561519910898906,-1.029644141675261,0.919492170788738,-0.30278675348927486,0.5136674063899597,0.36036675680646807,-1.0658754601968945,0.8987016060976569,1.1134560350208595,1.2143629110381289,-1.1160535663217912,0.9514673274032434,1.178574712629763,-1.0172782175782764,-1.1406521668206824,-1.036537090851358,-1.1114919142407116,1.0763391081668667,-1.1914334140073664,1.2992260860127374,0.9971289059323633,-1.0723447565316517,1.0146473970671759,-0.8633646136777833,0.137411072616595,0.955372629642766,1.1806612330787183,-1.2052417787146594,1.009190918289187,0.9668928237852297,1.1683086565511613,-1.1010564321581946,0.15586486961806045,-1.1920792721084463,1.1475797972991728,-0.40106369008245873,0.41408499426319784,-0.554162193592192,-1.1614281036809067,-1.0768863120804655,-0.8570604384154882,1.0972526879641071,-1.1672270165451164,1.07225433678547,0.1848171309376018,-1.1283892784935592,1.1146547373986353,-1.02238227140144,1.155236690820497,-1.284747674647566,-1.352539204905001,-1.6048564016188311,0.0,-1.2297542023467716,1.1581621181496393,1.2380078653730484,-1.2556132288882809,-1.1049686451781622,-1.2744628474537005,-1.2599549963304153,-1.2883904317672241,-1.137118063543146,-1.0585736667020706,1.3054020889740467,1.1081640004297975,-1.0303084622236034,-1.1129326464268798,-1.4545167250779456,-1.6173146132458274,1.0768676013041276,1.114960931561472,1.2986428877185627,1.252135169374646,1.0457624577621396,-1.2932950140487498,-1.0156188657442176,-0.9009792281928168,1.153369024740493,-1.2645311001925834,-1.3470719221911818,-1.1057377049081205,-0.7501315932756136,-1.3360423723905241,1.1102318953630232,1.1603198880807428,-0.6622691212073395,-1.0423368771244421,1.0497559090434576,-1.2559173865898015,-1.3768612006931302,1.2461226858168353,-1.312832843259593,1.4956066405340973,-1.1814925003155485,-1.0679342763894948,2.0983558491955,1.033553446742222,-1.081829617440889,-1.1246902141211947,0.39294180329566253,0.9774205063647585,1.111415624510702,-1.0244961742301215,1.0174663063384182,1.2149570402428211,-1.2266200039645088,0.9148704835412195,1.2149570402428211,-1.092379750480273,-1.165043332778669,0.8680084359979812,0.9014231033911361,-1.1669199319831562,-0.9928659691874683,0.8283742942329786,0.2415999856431615,-0.9984702004965889,0.05703495734340739,0.324335445893399,0.08060440661205297,0.04894308814799969,-1.9588772695529748,-0.012357928114932163,-1.3658499985310961,0.0,-0.2786932057166471,-0.0953462589245592,-0.2171861213815347,-0.13545709229571928,-0.3481553119113957,-0.511237358145545,-0.1933472978091327,-0.1354570922957193,4.183300132670379,-0.4252658742831209,-0.2970442628930023,0.6089241120359331,0.7071067811865477,1.4142135623730951,-0.43994134506405985,0.0,0.0,0.0,0.0,0.0,0.0,0.0,0.0,0.0,0.0,0.0,0.0,0.0,0.0,0.0,0.0,1.0,0.0,0.0,0.0,0.0,0.0,0.0,0.0,0.0,0.0,0.0,0.0,0.0,0.0,0.0,0.0,0.0,0.0,1.0,0.0,0.0,0.0,0.0,0.0,0.0,0.0,0.0,1.0,0.0,0.0,0.0,0.0,0.0,1.0,0.0,0.0,0.0,0.0,0.0,1.0,0.0,0.0,0.0,0.0,0.0,0.0,0.0,0.0,0.0,0.0,1.0,0.0,0.0,0.0,0.0,0.0,0.0,0.0,0.0,0.0,0.0,0.0,0.0,0.0,0.0,0.0,0.0,0.0,0.0,0.0,0.0,0.0,0.0,0.0,0.0,0.0,1.0,0.0,0.0,0.0,0.0,0.0,0.0,0.0,0.0,0.0,0.0,0.0,0.0,0.0,0.0,0.0,1
VAR_001838,-0.3669983251188952,1.5419673722583525,0.6434139576381707,-0.4441798351303654,-0.46542970575538123,-0.49239284584933124,-0.47749292518885683,-0.35363096814809236,-0.398753748403888,-0.3619231965241924,-0.457669900109267,0.24870669994776531,-0.3867535608425305,-0.625965706091788,-0.4629720314140015,1.3796696963626436,-0.8503641156206425,0.5926349763790606,-1.2540049559862378,1.5256636639552004,-1.2427965579458726,-1.0910196068889997,0.3911195523740682,-1.3865859297887166,0.6008839649609465,1.041323466124503,1.2831365090189601,-1.1452912040762042,-1.04275163763036,1.1418939280238138,-0.17891814887520172,0.4493510160135705,1.2197040077471442,-1.3053671115269019,-1.186108106015113,0.6017555944725487,-1.3746156185349752,0.9882087304835168,0.7590239248111715,1.010128788601319,1.0396470922239303,1.189378904557533,1.0597039412261138,-1.3300444161555385,-1.3977315268749497,0.19561519910898906,1.3851815085649268,-1.454080642177539,-0.11218314506009752,-0.609753369668084,0.5288330958607824,1.085255014018656,-1.298564435242429,-1.1326929475358645,-0.9838229206248016,1.0649666073000195,-1.2672905159110424,1.178574712629763,-1.0172782175782764,-1.1406521668206824,-1.036537090851358,-1.1114919142407116,1.0763391081668667,1.0127184019062614,-0.9263000798424149,-1.1730928305086623,1.1237856489113989,1.0146473970671759,1.3781573164353047,-0.376503384490682,-1.2177085566348373,-1.0029915497650093,0.9879030973070977,1.009190918289187,-1.2414426379464678,1.1683086565511613,1.0506559616720805,1.0341904547202905,-1.1920792721084463,-1.0187698200513067,0.5993423683254726,0.04095049736358538,-0.5494009939333617,-0.19211592692466128,0.8280440566993222,-0.36515564842424786,-0.35846502156596305,0.7665371451938077,0.5796364410550613,0.3559988903249028,0.34263790407589256,-0.8373620100890663,-1.02238227140144,0.18476026442968232,-0.31792061101448216,-1.352539204905001,0.014589603651080134,0.0,-0.1828520329314412,0.18425306425107899,0.2734482178845735,-0.7847582680551756,-0.14668050028577212,-0.8029115938958313,-0.32133080443326034,-0.32858279467888946,1.2901916490201075,1.2726879919922605,-0.6658176045883393,-0.798908930542412,0.40105474588425666,-0.1324919817174857,-0.4640176055463382,-0.13773833244675973,-0.8858259805754257,0.6199182779481784,-1.129815761937809,0.28756464762492934,-0.42417158401146215,0.1866611360482732,0.393552310475884,0.5625626400423439,-0.2638704041841718,0.678208721556576,0.6013215704466323,-0.1501544302083263,-0.2994363842387357,-0.34503689378153024,-0.3562793519929501,0.22514545192316152,-0.5952863823159442,0.41605883750765543,0.05807160347899948,0.18622223318400533,0.09739854152813121,-0.20987329445336192,0.1299834498276825,0.5157138059720985,-0.2171861213815346,1.08229401958299,-0.38612353217193734,-1.0831335013829928,1.0248912165229476,1.1424808336171925,0.41973346599762035,-1.1499064780761865,-1.0010353056380639,-1.0244961742301215,-1.1486214361181755,1.2149570402428211,0.9209323689071074,-1.218545980178851,1.2149570402428211,-1.092379750480273,-1.165043332778669,0.8680084359979812,0.9014231033911361,-1.1669199319831562,-0.9928659691874683,0.8283742942329786,0.2415999856431615,-2.862242715562978,0.02816281806376223,0.38659540975907014,0.3968466755039067,0.5147857789563545,2.6815965893228713,-0.6982229384936658,0.6829249992655481,0.0,-0.2786932057166471,-0.0953462589245592,-0.2171861213815347,-0.13545709229571928,-0.3481553119113957,-0.511237358145545,-0.1933472978091327,7.382411530116702,-0.23904572186687878,-0.4252658742831209,-0.2970442628930023,-1.89443057077846,0.7071067811865477,1.4142135623730951,-0.43994134506405985,0.0,0.0,0.0,0.0,0.0,0.0,0.0,0.0,0.0,0.0,0.0,0.0,0.0,0.0,0.0,0.0,0.0,0.0,0.0,0.0,0.0,0.0,0.0,0.0,0.0,0.0,0.0,0.0,1.0,0.0,0.0,0.0,0.0,0.0,1.0,0.0,0.0,0.0,0.0,0.0,0.0,0.0,1.0,0.0,0.0,0.0,0.0,0.0,1.0,0.0,0.0,0.0,0.0,0.0,1.0,0.0,0.0,0.0,0.0,0.0,0.0,0.0,0.0,0.0,0.0,0.0,0.0,0.0,0.0,0.0,0.0,0.0,0.0,1.0,0.0,0.0,0.0,0.0,0.0,0.0,0.0,0.0,0.0,0.0,0.0,0.0,0.0,0.0,0.0,0.0,0.0,0.0,0.0,1.0,0.0,0.0,0.0,0.0,0.0,0.0,0.0,0.0,0.0,0.0,0.0,0.0,0.0,0.0,1
VAR_001862,-0.3705976601519884,1.1378329062888186,-0.5660332343476301,-0.2892573882682009,-0.4656781387412827,-0.08783108782068677,-0.42100876301875123,-0.3356641798719552,-0.37662798385447266,-0.42784865848286896,-0.6675892778641828,-0.31442991535651627,0.8013590746262416,-0.625965706091788,-0.6359157355207451,-0.26491785541617374,0.7153273288487508,-0.261946753835081,-0.3117450641853879,-0.387880592530983,0.6262569416208426,-0.6284104850905136,0.3911195523740682,-0.9162539430080685,0.005365035401437297,0.12031227297852805,-0.1195269616231039,-0.6813228695781798,-0.12776798721953023,0.22276266241262635,0.4165679552621288,0.4493510160135705,0.28555764802523464,0.5703060195991321,-0.24904049201029047,0.6017555944725487,0.07854946391628402,0.03850163885000727,0.7590239248111715,0.06244097775171194,0.11644047432908003,0.24299138910315177,0.12243591352811678,0.058371855254474955,0.04327342188467346,0.19561519910898906,-0.8700617298361104,0.919492170788738,0.24546282563501368,0.41255496464653546,0.38335729723515805,1.085255014018656,0.8987016060976569,-1.1326929475358645,1.2143629110381289,-1.1160535663217912,0.9514673274032434,1.178574712629763,1.1376431975207442,1.0464693567588907,1.1591807924406405,1.1599643265355106,-1.1118228150295109,1.0127184019062614,1.2992260860127374,-1.1730928305086623,1.1237856489113989,-1.1518747750387892,1.3781573164353047,-0.38644852664510043,0.955372629642766,1.1806612330787183,0.9879030973070977,1.009190918289187,0.9668928237852297,1.1683086565511613,-1.1010564321581946,-1.175254772026969,1.0075363498063885,1.1475797972991728,1.0995453975294383,-0.27855129676134716,-0.5548387609530541,0.29254016145346123,-0.12442112769057163,0.12674914156699243,0.6120134514540838,0.28309610475907654,-0.8982172461361648,0.16779159696546952,0.34263790407589256,0.03226722913449974,-0.04826697418633399,0.18476026442968232,0.16549292080205957,0.13661332699752446,0.5544049387410508,0.0,0.8363282330411359,-0.7896559896474813,-0.6911114296039013,1.098661575277246,-0.14668050028577212,1.0832934203356452,0.6172933874638946,-0.32858279467888946,0.31926776399480616,0.3401833285145279,0.8125971655834502,-0.798908930542412,0.40105474588425666,0.35772835063721126,0.031231954219465324,-1.1241225196461382,0.09552081036435081,0.12487562433488468,-0.6441240320065348,-0.6770058741247872,0.5557844438376058,0.1866611360482732,0.393552310475884,-0.9009792281928168,1.153369024740493,0.19252376611928598,0.1142231972871786,0.8054288444914679,0.0527313376321495,-0.34503689378153024,0.1325577304590409,0.22514545192316152,-0.16859489937670405,0.41605883750765543,-0.43777054930322945,0.18622223318400533,0.09739854152813121,0.2754586989700371,0.610922214190108,1.005660223253098,0.7471202575524793,-1.0679342763894948,-0.4590798678962963,-1.0831335013829928,1.0248912165229476,-1.1246902141211947,0.24631274506191383,-1.1499064780761865,-1.0010353056380639,-1.0244961742301215,-1.1486214361181755,-0.9324988748360507,-1.2266200039645088,0.9148704835412195,-0.9324988748360505,1.0054429537292477,0.9736916784744738,-1.2826374656934454,-1.2457435162744455,-1.1669199319831562,1.1429503598785975,-1.3713756258593799,0.2415999856431615,0.412286610455765,0.24743114516800238,1.0907656235876073,0.546380450315388,0.9319067193165665,0.26410421972886755,1.3593720926425352,-0.6829249992655481,0.0,-0.2786932057166471,-0.0953462589245592,-0.2171861213815347,-0.13545709229571928,-0.3481553119113957,1.956038587687303,-0.1933472978091327,-0.1354570922957193,-0.23904572186687878,-0.4252658742831209,-0.2970442628930023,0.6089241120359331,-1.4142135623730951,1.4142135623730951,-0.43994134506405985,0.0,0.0,0.0,0.0,0.0,0.0,0.0,0.0,0.0,0.0,0.0,0.0,0.0,0.0,0.0,0.0,1.0,0.0,0.0,0.0,0.0,0.0,0.0,0.0,0.0,0.0,0.0,0.0,0.0,0.0,0.0,0.0,0.0,0.0,0.0,0.0,0.0,0.0,1.0,0.0,0.0,0.0,1.0,0.0,0.0,0.0,0.0,0.0,1.0,0.0,0.0,0.0,0.0,0.0,1.0,0.0,0.0,0.0,0.0,0.0,0.0,0.0,1.0,0.0,0.0,0.0,0.0,0.0,0.0,0.0,0.0,0.0,0.0,0.0,0.0,0.0,0.0,0.0,0.0,0.0,0.0,0.0,0.0,0.0,0.0,0.0,0.0,0.0,0.0,0.0,0.0,0.0,1.0,0.0,0.0,0.0,0.0,0.0,0.0,0.0,0.0,0.0,0.0,0.0,0.0,0.0,0.0,0.0,1
VAR_001803,-0.3434339022948204,-0.2953492478178116,-0.032101870305495606,-0.24077125698976817,-0.04936026108815155,0.45906651737450066,0.929219409553708,0.3930511261267034,-0.23955372727736493,-0.48619150129817484,0.9113695737148556,0.62625603419932,0.7969464968683083,0.13757488045973346,0.3031324189188476,-0.1827170803725909,0.7153273288487508,-0.7687343907083706,0.06800440447080984,-0.8662666566525289,0.8183342441156121,-0.16580136329202746,0.3911195523740682,0.02441003055322729,0.6008839649609465,0.5808178695515157,-0.5870814518371252,-0.2173545350801554,0.7872156631912995,0.22276266241262635,0.5524567043534947,0.4493510160135705,-0.18151553183572006,0.10138773681762345,-1.186108106015113,0.6017555944725487,-1.3746156185349752,0.9882087304835168,-1.7940565495536767,1.010128788601319,-1.2683694525131952,1.189378904557533,1.0597039412261138,-1.3300444161555385,-1.3977315268749497,0.19561519910898906,1.3851815085649268,0.919492170788738,0.6772799531450546,0.5581226429596754,0.6112478361646342,-1.0658754601968945,-1.298564435242429,1.1134560350208595,-0.9838229206248016,1.0649666073000195,0.9514673274032434,-1.016421815925668,-1.0172782175782764,-0.18751451394739563,1.1591807924406405,-1.1114919142407116,1.0763391081668667,-1.1914334140073664,-0.9263000798424149,-1.1730928305086623,1.1237856489113989,-1.1518747750387892,1.3781573164353047,-0.3864485266446492,0.955372629642766,1.1806612330787183,-1.2052417787146594,-1.1872834332813964,0.9668928237852297,-1.0664614009045903,1.0506559616720805,-1.175254772026969,1.0075363498063885,1.1475797972991728,-0.9012667192864244,-0.11269047383425061,-0.2857672311517912,-1.1614281036809067,-0.12442112769057163,-0.8570604384154882,-0.8437042580759865,0.28309610475907654,-0.40559935040575607,0.38333832445317256,-0.1171474337736876,0.2939461061535922,-0.5353246227938869,0.18476026442968232,-0.31792061101448216,0.13661332699752446,-0.5252257314388902,0.0,0.34059905177622385,0.18425306425107899,-0.6911114296039013,0.6278066144441405,-0.14668050028577212,0.6117421667777763,0.147981291515317,0.15132102386527777,0.804729706507457,0.3401833285145279,0.3197922421928535,-0.3221406977993596,-0.07606632348502991,0.35772835063721126,0.5264815139852691,-0.13773833244675973,1.0768676013041276,-0.3701670292784088,-0.6441240320065348,-0.19472061324992884,-0.42417158401146215,-0.3066575806507344,0.8632760358825847,-0.41313193878109655,0.6809558817656048,0.19252376611928598,-0.3728751758722748,-0.1501544302083263,0.0527313376321495,0.15046584552296663,-0.3562793519929501,1.1603198880807428,0.46208015452096646,-0.07007306736971035,-0.43777054930322945,0.6669354397752745,-0.39402137254562253,0.7607906923934363,-0.3509553145347426,-0.46417902858990034,-0.2171861213815346,0.22220270119399596,0.8171288363952138,0.6102160571171791,-0.23914128385535433,0.6890466240695153,0.21638192105503715,0.1264897125883804,-0.5785451196083107,-0.17900119029299524,0.1510312093557807,-0.5030076918202763,0.06191141975846085,-0.36517939469082267,-0.07351650880450177,0.1663138720454394,0.11819767397321672,-0.42237910501687476,0.4719897794580199,0.11131801982734062,-0.13853943756104198,-0.4914756578224365,0.2415999856431615,-0.7632523268165449,0.24743114516800238,0.7837781172286871,1.0471241767078983,0.8161192515991724,0.014018802184660308,0.6735070822638015,-0.6829249992655481,0.0,3.588175023601831,-0.0953462589245592,-0.2171861213815347,-0.13545709229571928,-0.3481553119113957,-0.511237358145545,-0.1933472978091327,-0.1354570922957193,-0.23904572186687878,-0.4252658742831209,-0.2970442628930023,-0.39241776108982424,0.7071067811865477,-0.7071067811865475,-0.43994134506405985,0.0,0.0,0.0,0.0,0.0,0.0,0.0,0.0,1.0,0.0,0.0,0.0,0.0,0.0,0.0,0.0,0.0,0.0,0.0,0.0,0.0,0.0,0.0,0.0,0.0,0.0,0.0,0.0,0.0,0.0,0.0,0.0,0.0,0.0,1.0,0.0,0.0,0.0,0.0,0.0,1.0,0.0,0.0,0.0,0.0,0.0,1.0,0.0,0.0,0.0,0.0,0.0,1.0,0.0,0.0,0.0,0.0,0.0,0.0,0.0,0.0,0.0,0.0,0.0,0.0,1.0,0.0,0.0,0.0,0.0,0.0,0.0,0.0,0.0,0.0,0.0,0.0,0.0,0.0,0.0,0.0,0.0,0.0,0.0,0.0,0.0,0.0,0.0,0.0,0.0,0.0,0.0,0.0,0.0,0.0,0.0,0.0,0.0,0.0,1.0,0.0,0.0,0.0,0.0,0.0,0.0,0.0,0.0,1
VAR_001868,-0.32430412703464906,-0.7834774204797745,2.656819145085431,-0.3999594972199906,2.314661021669728,-0.4893793944484204,-0.33012501059869986,-0.1820673695425074,3.6452994088920105,0.6112574330713056,-0.49873826346097405,0.24870669994776531,0.8529104111864753,-1.3895062926433095,0.3031324189188476,0.557375920473235,-0.8503641156206425,-0.261946753835081,-1.2540049559862378,-0.8662666566525289,1.0935203165125211,-1.0910196068889997,-3.628720291470526,0.9650740041145233,0.6008839649609465,-1.2612045167404342,-1.0546359420511466,1.1745504684139176,1.2447074883967142,-1.1559342360041547,-0.4421660805590541,-3.0143963990910354,-1.1156618915576297,1.0392243023806405,1.1565609289969432,0.6017555944725487,1.047326185550457,-1.3860589986002567,0.7590239248111715,1.010128788601319,1.0396470922239303,1.189378904557533,1.0597039412261138,0.9839827028611506,-1.3977315268749497,0.19561519910898906,1.3851815085649268,-1.454080642177539,-0.05925024912096881,0.2718160244492289,0.20214374883236058,-1.0658754601968945,0.8987016060976569,-1.1326929475358645,-0.9838229206248016,-1.1160535663217912,0.9514673274032434,-1.016421815925668,-1.0172782175782764,1.0464693567588907,-1.036537090851358,-0.08833230480942478,-1.1118228150295109,1.0127184019062614,-0.9263000798424149,-1.1730928305086623,1.1237856489113989,1.0146473970671759,-0.8633646136777833,1.0283777511887464,-1.2177085566348373,1.1806612330787183,0.9879030973070977,1.009190918289187,0.9668928237852297,1.1683086565511613,-1.1010564321581946,-1.175254772026969,1.0075363498063885,1.1475797972991728,1.0995453975294383,-0.6417335301209672,-0.521374775323459,1.2618523382097067,1.3042766488942688,-0.8570604384154882,1.0972526879641071,1.2499781856285386,-1.3908351418665734,-1.3292703196574607,-1.1283892784935592,-1.3253661969609918,-1.02238227140144,-1.2709543751565395,1.1323199844351433,1.0691805882380039,-1.6048564016188311,0.0,-1.2297542023467716,-1.2766105165967614,1.2380078653730484,1.098661575277246,1.2907517170528129,-1.2744628474537005,-1.2599549963304153,1.1111286609536124,-1.137118063543146,1.2726879919922605,-1.1586225279789357,1.1081640004297975,-1.0303084622236034,-1.1129326464268798,1.0217310737510725,0.8486458547526188,1.0768676013041276,1.114960931561472,1.2986428877185627,1.252135169374646,-1.4041276118605301,1.1732985694462887,-1.0156188657442176,-0.9009792281928168,1.153369024740493,1.1638936769938657,1.0884199436060857,-1.1057377049081205,1.5181654894997205,1.1414713241319605,1.1102318953630232,1.1603198880807428,-0.6623888240355201,-1.0423368771244421,1.0497559090434576,-1.2559173865898015,-1.3768612006931302,1.2461226858168353,1.091860978552533,-0.9541254458708998,1.2292734470194862,-1.0679342763894948,-0.4584616275647941,-1.0831335013829928,1.0248912165229476,-1.1246902141211947,-0.5664830019399174,0.9774205063647585,1.111415624510702,-1.0244961742301215,-1.1486214361181755,1.2149570402428211,0.9209323689071074,-1.218545980178851,-0.9324988748360505,1.0054429537292477,0.9736916784744738,0.8680084359979812,-1.2457435162744455,-1.1669199319831562,1.1429503598785975,-1.3713756258593799,0.16925606477268523,0.4421007355880699,0.24743114516800238,0.9415858344744212,1.0471241767078983,0.9258260269650938,1.2366586212896735,-0.012357928114932163,-0.6829249992655481,0.0,3.588175023601831,-0.0953462589245592,-0.2171861213815347,-0.13545709229571928,-0.3481553119113957,-0.511237358145545,-0.1933472978091327,-0.1354570922957193,-0.23904572186687878,-0.4252658742831209,-0.2970442628930023,0.6089241120359331,0.7071067811865477,1.4142135623730951,2.273030282830976,0.0,0.0,0.0,0.0,0.0,0.0,0.0,0.0,0.0,0.0,0.0,0.0,0.0,0.0,0.0,0.0,1.0,0.0,0.0,0.0,0.0,0.0,0.0,0.0,0.0,0.0,0.0,0.0,0.0,0.0,0.0,1.0,0.0,0.0,0.0,0.0,0.0,0.0,0.0,0.0,1.0,0.0,0.0,0.0,0.0,0.0,1.0,0.0,0.0,0.0,0.0,0.0,1.0,0.0,0.0,0.0,0.0,0.0,0.0,0.0,0.0,1.0,0.0,0.0,0.0,0.0,0.0,0.0,0.0,0.0,0.0,0.0,0.0,0.0,0.0,0.0,0.0,0.0,0.0,0.0,0.0,0.0,0.0,0.0,0.0,0.0,0.0,0.0,0.0,1.0,0.0,0.0,0.0,0.0,0.0,0.0,0.0,0.0,0.0,0.0,0.0,0.0,0.0,0.0,0.0,0.0,0.0,0.0,1
VAR_001876,-0.2923020470216363,-0.7840499723049666,-0.5651947197995295,-0.43815869285168474,-0.4596876472894278,-0.4927179996164428,0.9415944869674865,1.2182426848140095,-0.39872140838204,-0.46311311144072337,2.9829776313871923,-0.691979249608071,0.8029352884632048,-0.625965706091788,-0.4629720314140015,0.557375920473235,1.0012164676896353,0.5926349763790606,0.6447423872947509,-0.8662666566525289,1.0935203165125211,-1.0910196068889997,0.3911195523740682,0.9650740041145233,0.6008839649609465,1.041323466124503,-1.0546359420511466,1.1745504684139176,1.2447074883967142,1.1418939280238138,4.440628928107727,0.4493510160135705,-1.1156618915576297,1.0392243023806405,-0.7175742990127018,-0.5498801121904313,-0.8902272577178887,0.03850163885000727,-0.7728243598077373,0.06244097775171194,-1.2683694525131952,-0.23020236862403864,0.5910699273771154,-0.8672389923522006,0.5236084048045481,0.19561519910898906,-0.0637138815791859,-0.02993695439777282,-0.5677568380622697,0.21226220883941296,0.3391108977055054,-1.0658754601968945,0.8987016060976569,1.1134560350208595,-0.9838229206248016,1.0649666073000195,0.9514673274032434,-1.016421815925668,-1.0172782175782764,-1.1406521668206824,-1.036537090851358,-1.1114919142407116,1.0763391081668667,1.0127184019062614,1.2992260860127374,0.9971289059323633,1.1237856489113989,1.0146473970671759,-0.8633646136777833,-0.05630210855601503,-1.2177085566348373,-1.0029915497650093,-1.2052417787146594,1.009190918289187,0.9668928237852297,-1.0664614009045903,1.0506559616720805,-1.175254772026969,1.0075363498063885,-1.0187698200513067,1.0995453975294383,-0.6417333422121965,-0.5494314724722623,-1.1614281036809067,-1.0768863120804655,-0.8570604384154882,-1.32894349458601,1.2499781856285386,1.07225433678547,1.2873559670715753,-1.1283892784935592,1.1146547373986353,-1.02238227140144,1.155236690820497,1.1323199844351433,-1.1719359248213872,-1.6048564016188311,0.0,1.387501221191554,1.1581621181496393,-1.1733912533481388,1.098661575277246,1.2907517170528129,1.0832934203356452,1.0866054834124719,1.1111286609536124,1.2901916490201075,-1.0585736667020706,-1.1586225279789357,-1.2756771632854644,1.3552968846228302,-1.1129326464268798,1.0217310737510725,-1.6173146132458274,1.0768676013041276,-1.3602523365049959,-1.129815761937809,-1.1592911349996455,-1.4041276118605301,1.1732985694462887,1.3329997612892854,-0.9009792281928168,1.153369024740493,-1.2645311001925834,1.0884199436060857,1.2832204818413648,0.11777431897673911,-1.3360423723905241,-1.3339535168969323,1.1603198880807428,0.2823150212844637,1.388322647262387,-1.4294548548676875,1.1476486463665432,-1.3768612006931302,1.2461226858168353,1.091860978552533,-0.9541254458708998,1.2292734470194862,1.08229401958299,-0.4585413525314269,1.033553446742222,1.0248912165229476,1.1424808336171925,0.3889381124513208,0.9774205063647585,-1.0010353056380639,-1.0244961742301215,1.0174663063384182,-0.9324988748360507,-1.2266200039645088,0.9148704835412195,-0.9324988748360505,-1.092379750480273,-1.165043332778669,0.8680084359979812,0.9014231033911361,0.9634766543676719,-0.9928659691874683,-1.3713756258593799,0.2415999856431615,0.45961603869494483,0.24743114516800238,0.6541374908189723,0.17468645627487273,0.9295564175524124,0.2641042197288675,0.6735070822638015,-0.6829249992655481,0.0,-0.2786932057166471,-0.0953462589245592,-0.2171861213815347,-0.13545709229571928,-0.3481553119113957,1.956038587687303,-0.1933472978091327,-0.1354570922957193,-0.23904572186687878,-0.4252658742831209,-0.2970442628930023,0.6089241120359331,-1.4142135623730951,-0.7071067811865475,-0.43994134506405985,0.0,0.0,0.0,0.0,0.0,0.0,0.0,0.0,0.0,0.0,0.0,1.0,0.0,0.0,0.0,0.0,0.0,0.0,0.0,0.0,0.0,0.0,0.0,0.0,0.0,0.0,0.0,0.0,0.0,0.0,0.0,0.0,0.0,0.0,0.0,0.0,0.0,0.0,1.0,0.0,0.0,0.0,1.0,0.0,0.0,0.0,0.0,0.0,1.0,0.0,0.0,0.0,0.0,0.0,1.0,0.0,0.0,0.0,0.0,0.0,0.0,0.0,0.0,0.0,1.0,0.0,0.0,0.0,0.0,0.0,0.0,0.0,0.0,0.0,0.0,0.0,0.0,0.0,0.0,0.0,0.0,0.0,0.0,0.0,0.0,0.0,0.0,0.0,0.0,0.0,0.0,0.0,0.0,0.0,0.0,0.0,0.0,0.0,0.0,0.0,0.0,1.0,0.0,0.0,0.0,0.0,0.0,0.0,1
VAR_001901,-0.2404927946701357,-0.1443244513503564,-0.4476650908703582,0.3445253008163285,1.1458017593899195,0.017120031738936375,0.7484659281020655,-0.10923294551107617,-0.295040873532377,1.1065211618662119,-0.5350885953524455,-0.691979249608071,-1.3225749466932237,0.9011154670112548,-0.29880619483752685,0.5709956957222801,0.07542617603449672,1.4472167065932027,-0.3117450641853879,0.5688915357121086,0.15899356672916362,-1.0910196068889997,0.3911195523740682,0.9650740041145233,0.005365035401437297,-0.3401933235944593,-0.38975264123537484,0.24661379941786885,-0.12776798721953023,0.22276266241262635,0.2626838968685834,0.4493510160135705,-0.18151553183572006,0.10138773681762345,0.21949331499212069,-0.5498801121904313,0.07854946391628402,0.5133551846667621,0.24840782993820204,-0.885246833097895,0.5780437832765053,0.24299138910315177,0.12243591352811678,0.058371855254474955,1.0039433877244224,0.19561519910898906,0.4192512484688516,-0.9793660795842835,0.5529848454261598,-0.9032136375684042,-0.007469655167096934,-1.0658754601968945,0.8987016060976569,-1.1326929475358645,-0.9838229206248016,-1.1160535663217912,-1.2672905159110424,1.178574712629763,-1.0172782175782764,1.0464693567588907,1.1591807924406405,-1.1114919142407116,1.0763391081668667,1.0127184019062614,-0.9263000798424149,0.9971289059323633,-1.0723447565316517,-1.1518747750387892,-0.8633646136777833,-0.38644852664508345,0.955372629642766,-1.0029915497650093,0.9879030973070977,-1.1872834332813964,0.9668928237852297,-1.0664614009045903,1.0506559616720805,1.0341904547202905,-1.1920792721084463,-1.0187698200513067,0.09913933912150681,-0.5417505702512029,-0.25800010722330563,0.7771962498315841,-0.12442112769057163,-0.1848470354430149,-0.8437042580759865,-0.2003449356756544,0.5796364410550613,0.7466435057745794,-0.6380468843037419,-0.4847560321303222,0.43879067442121883,1.155236690820497,-0.31792061101448216,-0.8681952462764,0.014589603651080134,0.0,-0.7063031176391064,-0.3027014626982011,0.7557280416288111,-0.31390330722207016,0.3324635721604227,-0.33136034033796213,-0.32133080443326034,0.15132102386527777,0.31926776399480616,-0.12606900322433817,-0.38295786077168714,0.6313957676867452,-0.5531873928543166,-0.1324919817174857,-0.4640176055463382,0.35545376115292965,0.09552081036435081,-0.3701670292784088,0.3272594278560139,-0.19472061324992884,0.5557844438376058,0.1866611360482732,-0.07617141493081644,0.5625626400423439,0.20854273879071644,-0.2931611893180037,0.1142231972871786,-0.1501544302083263,0.04409495813151275,0.15046584552296663,1.085292353864178,-1.1776162023132102,-0.5928436194861489,-0.07007306736971035,0.05807160347899948,-0.29449097340726355,-0.39402137254562253,-0.20987329445336192,-0.3509553145347426,0.2876038663187934,-0.2171861213815346,1.08229401958299,1.0114104520961968,-1.0831335013829928,1.0248912165229476,-1.1028540360819525,-0.5589922020926879,-1.1499064780761865,-1.0010353056380639,1.089241285612694,-1.1486214361181755,1.2149570402428211,0.9209323689071074,0.9148704835412195,1.2149570402428211,-1.092379750480273,-1.165043332778669,0.8680084359979812,0.9014231033911361,0.9634766543676719,1.1429503598785975,-1.3713756258593799,-0.011485765963647957,0.2924382533129985,-3.665647108438849,-0.5031592671676024,0.5766896060943527,-2.153087930256237,-0.2916411525915932,0.6735070822638015,0.6829249992655481,0.0,-0.2786932057166471,-0.0953462589245592,-0.2171861213815347,-0.13545709229571928,-0.3481553119113957,-0.511237358145545,-0.1933472978091327,-0.1354570922957193,-0.23904572186687878,2.3514701283890216,-0.2970442628930023,-0.8930886976527027,-1.4142135623730951,-0.7071067811865475,-0.43994134506405985,0.0,0.0,0.0,0.0,0.0,0.0,0.0,0.0,1.0,0.0,0.0,0.0,0.0,0.0,0.0,0.0,0.0,0.0,0.0,0.0,0.0,0.0,0.0,0.0,0.0,0.0,0.0,0.0,0.0,0.0,0.0,0.0,0.0,0.0,0.0,0.0,0.0,0.0,1.0,0.0,0.0,0.0,0.0,1.0,0.0,0.0,0.0,0.0,0.0,1.0,0.0,0.0,0.0,0.0,0.0,1.0,0.0,0.0,0.0,0.0,0.0,0.0,0.0,0.0,0.0,0.0,0.0,0.0,0.0,0.0,0.0,0.0,0.0,0.0,0.0,0.0,0.0,0.0,1.0,0.0,0.0,0.0,0.0,1.0,0.0,0.0,0.0,0.0,0.0,0.0,0.0,0.0,0.0,0.0,0.0,0.0,0.0,0.0,0.0,0.0,0.0,0.0,0.0,0.0,0.0,0.0,0.0,0.0,0
VAR_001980,-0.37055038689723907,-0.783477447291776,-0.5662789075069327,-0.44676705784769605,-0.4634892506318091,-0.49287453599885933,-0.557277118584228,-0.3537934600467834,-0.39781625252082303,0.28865713261950643,0.07730683474240581,-0.31442991535651627,0.5950852472060669,0.13757488045973346,0.3031324189188476,-1.0050108562619995,0.7153273288487508,-0.7687343907083706,-1.2540049559862378,-0.8662666566525289,1.0935203165125211,-1.0910196068889997,0.3911195523740682,-1.3865859297887166,0.6008839649609465,-1.2612045167404342,1.2831365090189601,-1.1452912040762042,1.2447074883967142,-1.1559342360041547,-0.426371952769989,0.4493510160135705,1.2197040077471442,1.0392243023806405,-0.7175742990127018,0.0259377411410588,0.5629378247333706,-0.4363519069667473,-0.7728243598077373,0.5362848831765156,-0.80676614356577,0.24299138910315177,0.12243591352811678,-0.8672389923522006,-0.43706156103520083,0.19561519910898906,0.4192512484688516,0.44477760819548273,0.45331356153347413,0.4758208148233625,0.42119746832667787,1.085255014018656,0.8987016060976569,-0.2760864635522036,-0.9838229206248016,1.0649666073000195,-1.2672905159110424,1.178574712629763,-1.0172782175782764,1.0464693567588907,1.1591807924406405,1.1599643265355106,-1.1118228150295109,-1.1914334140073664,1.2992260860127374,-1.1730928305086623,-1.0723447565316517,-1.1518747750387892,-0.8633646136777833,-0.37185942284462103,-1.2177085566348373,1.1806612330787183,0.9879030973070977,-1.1872834332813964,-1.2414426379464678,-1.0664614009045903,-1.1010564321581946,-1.175254772026969,1.0075363498063885,1.1475797972991728,-0.40106369008245873,-0.09212208970770244,-0.5085004001581138,-1.1614281036809067,0.35181146450437517,0.12674914156699243,-0.35846502156596305,0.7665371451938077,-0.8982172461361648,0.016958762116885333,-0.14770449011392464,-0.6820622675902587,-0.04826697418633399,-0.30047794876572487,-0.31792061101448216,0.584836629609403,0.014589603651080134,0.0,-0.21057393637419425,0.18425306425107899,-1.1733912533481388,1.098661575277246,0.3309030835854361,0.6117421667777763,0.147981291515317,0.15132102386527777,-0.16619417851784443,0.3401833285145279,0.3197922421928535,0.15462753494369266,-0.5531873928543166,0.35772835063721126,-0.4640176055463382,-0.13773833244675973,0.09552081036435081,0.12487562433488468,-0.15843230207526035,-0.6770058741247872,-0.9141495979359961,-0.3066575806507344,-0.07617141493081644,0.5625626400423439,0.6809558817656048,0.19252376611928598,-0.3728751758722748,0.29900843764002316,0.8592156308743412,0.15046584552296663,-0.3562793519929501,1.1603198880807428,0.2326755643447867,-0.07007306736971035,0.5539137562612287,0.18622223318400533,0.09739854152813121,-0.20987329445336192,-0.3509553145347426,-0.46417902858990034,-0.2171861213815346,-1.0679342763894948,-0.45277222676795176,1.033553446742222,-1.081829617440889,1.1424808336171925,0.3975631144823852,0.9774205063647585,-1.0010353056380639,1.089241285612694,-1.1486214361181755,1.2149570402428211,-1.2266200039645088,0.9148704835412195,-0.9324988748360505,1.0054429537292477,0.9736916784744738,-1.2826374656934454,-1.2457435162744455,-1.1669199319831562,-0.9928659691874683,0.8283742942329786,0.2415999856431615,0.45961603869494483,0.18810306709830818,0.9385283424440177,0.4871602939792688,0.42905772961534505,-0.4861520329037543,-0.012357928114932163,-0.6829249992655481,0.0,-0.2786932057166471,-0.0953462589245592,-0.2171861213815347,-0.13545709229571928,-0.3481553119113957,1.956038587687303,-0.1933472978091327,-0.1354570922957193,-0.23904572186687878,-0.4252658742831209,-0.2970442628930023,0.6089241120359331,-1.4142135623730951,1.4142135623730951,-0.43994134506405985,0.0,0.0,0.0,0.0,0.0,0.0,0.0,0.0,0.0,0.0,0.0,0.0,0.0,0.0,0.0,0.0,1.0,0.0,0.0,0.0,0.0,0.0,0.0,0.0,0.0,0.0,0.0,0.0,0.0,0.0,0.0,0.0,0.0,0.0,0.0,0.0,0.0,0.0,1.0,0.0,0.0,0.0,1.0,0.0,0.0,0.0,0.0,0.0,1.0,0.0,0.0,0.0,0.0,0.0,1.0,0.0,0.0,0.0,0.0,0.0,0.0,0.0,0.0,0.0,1.0,0.0,0.0,0.0,0.0,0.0,0.0,0.0,0.0,0.0,0.0,0.0,0.0,0.0,0.0,0.0,0.0,0.0,0.0,0.0,0.0,0.0,1.0,0.0,0.0,0.0,0.0,0.0,0.0,0.0,0.0,0.0,0.0,0.0,0.0,0.0,0.0,0.0,0.0,0.0,0.0,0.0,0.0,0.0,1
VAR_001857,-0.3061314575489669,-0.7840508093583153,-0.5659533984271445,-0.4247687064837967,-0.4641674443307254,-0.3849979719264782,0.6307122859901774,-0.17608984770324762,-0.3987537394175977,-0.48915604973670107,1.9454999431684876,-0.691979249608071,0.5966614610430302,0.13757488045973346,0.47607612302559116,-0.1827170803725909,1.0012164676896353,0.08584733950577132,-1.2540049559862378,-0.8662666566525289,1.0935203165125211,1.2220260021034306,0.3911195523740682,-1.3865859297887166,0.6008839649609465,-1.2612045167404342,-1.0546359420511466,1.1745504684139176,-1.04275163763036,-1.1559342360041547,0.8761148394731867,0.4493510160135705,-1.1156618915576297,1.0392243023806405,-0.24904049201029047,0.0259377411410588,0.5629378247333706,-0.4363519069667473,-0.2622082649347678,-0.41140292767309145,-0.34516283461834496,-0.23020236862403864,-0.3461981003208816,-0.8672389923522006,0.5236084048045481,0.19561519910898906,-0.5466790116272235,-0.02993695439777282,-1.6743170989862388,0.07381650290322772,-0.4713575450618017,1.085255014018656,0.8987016060976569,1.1134560350208595,1.2143629110381289,-1.1160535663217912,-1.2672905159110424,1.178574712629763,-1.0172782175782764,1.0464693567588907,-1.036537090851358,1.1599643265355106,-1.1118228150295109,-1.1914334140073664,1.2992260860127374,0.9971289059323633,1.1237856489113989,1.0146473970671759,-0.8633646136777833,-0.27387058518115676,-1.2177085566348373,-1.0029915497650093,0.9879030973070977,1.009190918289187,0.9668928237852297,1.1683086565511613,-1.1010564321581946,1.0341904547202905,-1.1920792721084463,-1.0187698200513067,1.0995453975294383,-0.6382646137691099,0.4312166394865404,-1.1614281036809067,-1.0768863120804655,-0.8570604384154882,-1.32894349458601,-1.1672270165451164,1.07225433678547,1.2866168710199406,1.3233226924555272,1.1146547373986353,1.4129059716363248,1.155236690820497,1.1323199844351433,1.0691805882380039,-1.6048564016188311,0.0,-1.2297542023467716,-1.2766105165967614,1.2380078653730484,-1.2556132288882809,-1.1049686451781622,-1.2744628474537005,-1.2599549963304153,-1.2883904317672241,1.2901916490201075,1.2726879919922605,0.12401278277163671,-1.2756771632854644,1.3552968846228302,-1.1129326464268798,1.0217310737510725,0.8486458547526188,1.0768676013041276,1.114960931561472,1.2986428877185627,1.252135169374646,1.0457624577621396,1.1732985694462887,1.3329997612892854,-0.9009792281928168,-1.2086966901339484,1.1638936769938657,-1.3470719221911818,-1.1057377049081205,1.5181654894997205,1.1414713241319605,-1.3339535168969323,-1.1776162023132102,-0.6623897658516027,-1.0423368771244421,1.0497559090434576,-1.2559173865898015,-1.3768612006931302,1.2461226858168353,-1.312832843259593,-0.9541254458708998,-1.1814925003155485,-1.0679342763894948,-0.3759867546403578,-1.0831335013829928,-1.081829617440889,1.1424808336171925,0.41957005144861376,0.9774205063647585,1.111415624510702,1.089241285612694,0.9957713261686719,1.2149570402428211,0.9209323689071074,-1.218545980178851,-0.9324988748360505,-1.092379750480273,-1.165043332778669,-1.2826374656934454,-1.2457435162744455,0.9634766543676719,1.1429503598785975,-1.3713756258593799,0.23524840007050798,-0.7801785067616772,-0.060543516953906175,0.28505645147513087,-0.06642543278821088,-0.712858423755943,-1.097471942456261,-0.012357928114932163,-0.6829249992655481,0.0,-0.2786932057166471,-0.0953462589245592,4.604345773288536,-0.13545709229571928,-0.3481553119113957,-0.511237358145545,-0.1933472978091327,-0.1354570922957193,-0.23904572186687878,-0.4252658742831209,-0.2970442628930023,-1.89443057077846,-1.4142135623730951,-0.7071067811865475,-0.43994134506405985,0.0,0.0,0.0,0.0,0.0,0.0,0.0,0.0,0.0,0.0,0.0,0.0,0.0,0.0,0.0,0.0,0.0,0.0,0.0,0.0,0.0,0.0,0.0,0.0,1.0,0.0,0.0,0.0,0.0,0.0,0.0,0.0,0.0,0.0,0.0,0.0,0.0,0.0,1.0,1.0,0.0,0.0,0.0,0.0,0.0,1.0,0.0,0.0,0.0,0.0,0.0,1.0,0.0,0.0,0.0,0.0,0.0,1.0,0.0,0.0,0.0,0.0,0.0,0.0,0.0,0.0,0.0,0.0,0.0,0.0,0.0,0.0,0.0,0.0,0.0,0.0,0.0,0.0,0.0,0.0,0.0,0.0,0.0,0.0,0.0,0.0,0.0,1.0,0.0,0.0,0.0,0.0,0.0,0.0,0.0,0.0,0.0,0.0,0.0,0.0,0.0,0.0,0.0,0.0,0.0,0.0,0.0,0.0,1
VAR_001848,-0.20118338383097797,-0.7645343040444079,-0.5600168120258955,-0.44724962492219444,-0.43353781670604546,-0.49280815616800633,2.7974493893875128,-0.34005549405420854,-0.35409570397092144,-0.3988784782872152,-0.5264444263705134,0.24870669994776531,-1.0064196675920747,0.9011154670112548,-0.29880619483752685,0.557375920473235,-1.7761544072757813,0.19284521349700803,1.1016447735158867,-0.8662666566525289,1.0935203165125211,1.2220260021034306,0.3911195523740682,-1.3865859297887166,0.6008839649609465,-1.2612045167404342,-1.0546359420511466,-1.1452912040762042,-1.04275163763036,-1.1559342360041547,-0.34069767872295154,0.4493510160135705,-1.1156618915576297,1.0392243023806405,1.1565609289969432,0.6017555944725487,1.047326185550457,0.9882087304835168,0.7590239248111715,1.010128788601319,1.0396470922239303,-1.1765898840784197,1.0597039412261138,0.9839827028611506,1.0039433877244224,0.19561519910898906,-1.029644141675261,0.919492170788738,0.45427309857722303,-0.2859011482830656,0.6905787990755602,1.085255014018656,0.8987016060976569,-1.1326929475358645,-0.9838229206248016,1.0649666073000195,0.9514673274032434,-1.016421815925668,1.1376431975207442,1.0464693567588907,-1.036537090851358,1.1599643265355106,-1.1118228150295109,1.0127184019062614,-0.9263000798424149,-1.1730928305086623,1.1237856489113989,-1.1518747750387892,1.3781573164353047,-0.31388149780952745,0.955372629642766,1.1806612330787183,0.9879030973070977,1.009190918289187,-1.2414426379464678,-1.0664614009045903,-1.1010564321581946,1.0341904547202905,1.0075363498063885,-1.0187698200513067,1.0995453975294383,-0.617917875079541,-0.47119067046275764,-1.1614281036809067,1.3042766488942688,-0.8570604384154882,1.0972526879641071,-1.1672270165451164,1.07225433678547,-1.3292705449954743,-1.1283892784935592,1.1146547373986353,-1.02238227140144,-1.2709543751565395,-1.284747674647566,-1.352539204905001,-1.6048564016188311,0.0,-1.2297542023467716,-1.2766105165967614,-1.1733912533481388,-1.2556132288882809,-1.1049686451781622,-1.2744628474537005,1.0866054834124719,-1.2883904317672241,-1.137118063543146,-1.0585736667020706,1.3054020889740467,1.1081640004297975,-1.0303084622236034,-1.1129326464268798,1.0217310737510725,0.8486458547526188,1.0768676013041276,-1.3602523365049959,-1.129815761937809,1.252135169374646,-1.4041276118605301,1.1732985694462887,1.3329997612892854,1.5382572188657846,-1.2086966901339484,-1.2645311001925834,-1.3470719221911818,-1.1057377049081205,-1.1138648061882561,-0.38905090413004445,1.1102318953630232,1.1603198880807428,-0.6618438853199153,1.388322647262387,-1.4294548548676875,-1.2559173865898015,-1.3768612006931302,-1.1805372813001602,-1.312832843259593,-0.9541254458708998,1.2292734470194862,-1.0679342763894948,-0.44807550456539935,-1.0831335013829928,-1.081829617440889,-1.1246902141211947,-0.5671609115540893,-1.1499064780761865,-1.0010353056380639,-1.0244961742301215,1.0174663063384182,-0.9324988748360507,0.9209323689071074,-1.218545980178851,-0.9324988748360505,1.0054429537292477,0.9736916784744738,-1.2826374656934454,0.9014231033911361,0.9634766543676719,1.1429503598785975,-1.3713756258593799,-0.01788032782805203,0.45961603869494483,0.24743114516800238,-1.0170237683796004,-0.48234985394696217,-0.8822408673149125,1.0977222782095584,-0.012357928114932163,-1.3658499985310961,0.0,-0.2786932057166471,-0.0953462589245592,-0.2171861213815347,-0.13545709229571928,2.8722813232690143,-0.511237358145545,-0.1933472978091327,-0.1354570922957193,-0.23904572186687878,-0.4252658742831209,-0.2970442628930023,0.6089241120359331,0.7071067811865477,-0.7071067811865475,-0.43994134506405985,0.0,0.0,0.0,0.0,0.0,0.0,0.0,0.0,0.0,0.0,0.0,0.0,0.0,0.0,0.0,1.0,0.0,0.0,0.0,0.0,0.0,0.0,0.0,0.0,0.0,0.0,0.0,0.0,0.0,0.0,0.0,0.0,0.0,0.0,0.0,0.0,0.0,1.0,0.0,0.0,0.0,1.0,0.0,0.0,0.0,0.0,0.0,1.0,0.0,0.0,0.0,0.0,0.0,1.0,0.0,0.0,0.0,0.0,0.0,0.0,0.0,0.0,0.0,0.0,0.0,0.0,0.0,0.0,0.0,0.0,0.0,0.0,0.0,0.0,0.0,0.0,1.0,0.0,0.0,0.0,0.0,0.0,0.0,0.0,0.0,0.0,0.0,0.0,0.0,0.0,0.0,0.0,0.0,0.0,1.0,0.0,0.0,0.0,0.0,0.0,0.0,0.0,0.0,0.0,0.0,0.0,0.0,0.0,0
VAR_001782,0.0823209419158319,0.28595933882172164,0.67817705327868,0.20042418212075522,-0.4553071040225426,-0.3252221133486123,-0.3349246574011248,-0.1806465611231537,0.8478885277989041,-0.22429554017353595,0.2750217990198151,-0.691979249608071,-0.14282946971514612,-0.625965706091788,-0.6359157355207451,0.557375920473235,0.07542617603449672,0.5926349763790606,0.1593848817150369,0.5688915357121086,0.13044773470962692,0.2342496842483627,-0.4128484163948504,0.02441003055322729,-1.1856728237175815,-0.3401933235944593,-0.1195269616231039,-0.2173545350801554,-0.12776798721953023,0.22276266241262635,-0.4399738432038435,-0.2433984670073505,0.7526308278861896,-0.3675305459638849,0.21949331499212069,0.0259377411410588,0.5629378247333706,0.5133551846667621,0.24840782993820204,0.5362848831765156,0.5780437832765053,-0.23020236862403864,-0.3461981003208816,0.058371855254474955,0.04327342188467346,0.19561519910898906,0.4192512484688516,-0.5046515169910281,0.5887671548269399,0.5550814520740951,0.6179554638967292,-0.6356493653537844,0.4592483978296398,-0.2342333545131748,0.774725744705543,0.6287625725756575,0.06396419007752904,-0.13842320450349557,-0.15530965153866813,0.1716207473270614,-0.15824993753455854,-0.20290941793022257,-0.6741904303902353,0.1310576755408102,-0.4811948466713844,0.12904021135595298,-1.0723447565316517,-0.28526590619640313,0.03324415836745199,-0.24467658411844648,0.955372629642766,-0.1295304366275182,-0.7666128035103079,-0.7479885629672798,0.0835586390925506,0.2744006335688607,0.18997100413997042,-0.7333657266775171,0.5676132254234216,0.714309873829077,0.09913933912150681,0.3808777070732428,-0.35942958416059795,0.29254016145346123,-0.6006537198855185,0.12674914156699243,-0.35846502156596305,-0.6837859761103854,0.9128695300968411,0.29869361456590526,-0.14770449011392464,-0.8370761795056966,-0.04826697418633399,-0.7857161619611321,0.16549292080205957,0.10049267098080185,0.5544049387410508,0.0,0.34059905177622385,-0.7896559896474813,0.2734482178845735,0.6278066144441405,-0.14668050028577212,-0.8029115938958313,-0.32133080443326034,-0.32858279467888946,-0.16619417851784443,-1.0585736667020706,0.8125971655834502,0.15462753494369266,-0.5531873928543166,-0.6227123140721827,-0.4640176055463382,0.35545376115292965,0.09552081036435081,0.12487562433488468,0.3272594278560139,0.28756464762492934,-0.9141495979359961,-0.7999762973497422,-1.0156188657442176,-0.41313193878109655,0.20854273879071644,-0.7788461447552936,0.6013215704466323,-0.6279460675582235,-0.3946153241699528,0.15046584552296663,-0.3562793519929501,-1.0565908971694555,-0.630097491898595,-0.07007306736971035,-0.43777054930322945,0.6669354397752745,0.5888184556018852,0.2754586989700371,0.1299834498276825,0.02576738869109911,0.26496706808547227,0.22220270119399596,-0.42842048379013725,-0.2364587221329068,0.1822028829374129,-0.041101949278490195,-0.29602538784999405,0.1264897125883804,-0.15605493357855743,0.24374630167556777,0.1510312093557807,-0.5030076918202763,0.4914218943327842,0.4881871907972055,-0.07351650880450177,0.5858784128873437,-0.3095493282774117,-0.8525082853551601,0.4719897794580199,0.11131801982734062,-0.5657027033742551,-0.051525673803964875,0.07735692871747375,0.45961603869494483,0.24743114516800238,-0.30622054507276936,-0.09837763070621455,0.19858354089608704,0.5141896372730748,-0.6982229384936658,-1.3658499985310961,0.0,-0.2786932057166471,-0.0953462589245592,-0.2171861213815347,-0.13545709229571928,-0.3481553119113957,-0.511237358145545,-0.1933472978091327,-0.1354570922957193,-0.23904572186687878,-0.4252658742831209,3.3665016461206925,0.6089241120359331,-1.4142135623730951,-0.7071067811865475,-0.43994134506405985,0.0,0.0,0.0,0.0,0.0,0.0,0.0,0.0,1.0,0.0,0.0,0.0,0.0,0.0,0.0,0.0,0.0,0.0,0.0,0.0,0.0,0.0,0.0,0.0,0.0,0.0,0.0,0.0,0.0,0.0,0.0,0.0,0.0,0.0,0.0,0.0,0.0,0.0,1.0,0.0,0.0,0.0,0.0,1.0,0.0,0.0,0.0,0.0,0.0,1.0,0.0,0.0,0.0,0.0,0.0,1.0,0.0,0.0,0.0,0.0,0.0,0.0,0.0,0.0,0.0,0.0,0.0,0.0,0.0,0.0,0.0,0.0,0.0,0.0,0.0,0.0,0.0,0.0,0.0,1.0,0.0,0.0,0.0,0.0,0.0,0.0,0.0,0.0,0.0,1.0,0.0,0.0,0.0,0.0,0.0,0.0,0.0,0.0,0.0,0.0,0.0,0.0,0.0,0.0,0.0,0.0,0.0,0.0,1
VAR_001982,-0.3705047854122419,-0.7840525081035963,-0.5664103181339804,-0.44724956742451427,-0.46473469300901743,-0.492874853353049,3.427479575126635,2.3994752111676627,-0.3326075546253876,-0.46953503446742545,-0.30967407562349814,-0.31442991535651627,0.5950852472060669,0.13757488045973346,0.3031324189188476,-1.0050108562619995,0.7153273288487508,-0.7687343907083706,0.1593848817150369,-0.8662666566525289,-1.2427965579458726,0.7594168803049447,-0.4128484163948504,-0.22090258324927242,0.6008839649609465,0.12031227297852805,-0.1195269616231039,0.24661379941786885,-0.5852598124249451,-0.23680297039296724,-0.3518105495973719,-0.2433984670073505,-0.18151553183572006,0.10138773681762345,0.21949331499212069,-0.5498801121904313,0.07854946391628402,0.5133551846667621,-1.283440454680707,0.06244097775171194,-0.34516283461834496,-0.23020236862403864,-0.8148321141698801,-0.8672389923522006,-0.43706156103520083,0.19561519910898906,-0.5466790116272235,0.44477760819548273,1.0866747330941082,0.7790374881843286,0.33444015115485926,-1.0658754601968945,0.019795189561622437,0.21499644199816986,0.774725744705543,-0.24364549687306683,0.5077157587403863,0.3005761012075905,-1.0172782175782764,-0.26580355738885314,-0.5973935141929583,-0.20290941793022257,0.6387067235275913,-0.7506030508246408,-0.036089613500353945,0.12904021135595298,-0.19389259435443146,0.1480385282247898,-0.8633646136777833,-0.28140488730357155,0.08614015513172467,0.30720011994122726,0.5492741221027464,0.1306011776609535,-0.3581084532537888,-0.17255337792228959,-0.6707139533921395,-0.025252752999059193,-0.31223302334251235,-0.5854998965812108,-0.9012667192864244,0.4109442356540303,-0.553587727372557,1.2618523382097067,-1.0768863120804655,-0.8570604384154882,1.0972526879641071,-1.1672270165451164,1.07225433678547,-0.43630446075581014,-1.1283892784935592,1.1146547373986353,1.4129059716363248,-1.2709543751565395,-1.284747674647566,1.0691805882380039,0.014589603651080134,0.0,-1.2297542023467716,-1.2766105165967614,-1.1733912533481388,-1.2556132288882809,-1.1049686451781622,1.0832934203356452,-1.2599549963304153,1.1111286609536124,-1.137118063543146,-1.0585736667020706,-1.1586225279789357,-1.2756771632854644,1.3552968846228302,-1.1129326464268798,1.0217310737510725,-1.6173146132458274,-1.3764993760453141,-1.3602523365049959,-1.129815761937809,1.252135169374646,1.0457624577621396,1.1732985694462887,1.3329997612892854,-0.9009792281928168,-1.2086966901339484,1.1638936769938657,-1.3470719221911818,-1.1057377049081205,-0.29473902994170514,1.1414713241319605,-1.3339535168969323,1.1603198880807428,-0.5652846226674253,-1.0423368771244421,1.0497559090434576,1.1476486463665432,1.080238369675639,1.2461226858168353,-1.312832843259593,-0.9541254458708998,-1.1814925003155485,-1.0679342763894948,1.1855393794566416,1.033553446742222,1.0248912165229476,1.1424808336171925,0.41893022234261207,0.9774205063647585,1.111415624510702,1.089241285612694,-1.1486214361181755,-0.9324988748360507,0.9209323689071074,0.9148704835412195,1.2149570402428211,-1.092379750480273,-1.165043332778669,-1.2826374656934454,0.9014231033911361,-1.1669199319831562,1.1429503598785975,-1.3713756258593799,0.10352474985113912,0.01704188438723077,0.0752494062898086,0.42356204283088617,0.1015907906840648,-0.11343878505955242,-1.8477281950888826,-1.3840879488723994,-0.6829249992655481,0.0,-0.2786932057166471,-0.0953462589245592,-0.2171861213815347,-0.13545709229571928,-0.3481553119113957,-0.511237358145545,-0.1933472978091327,-0.1354570922957193,4.183300132670379,-0.4252658742831209,-0.2970442628930023,0.6089241120359331,-1.4142135623730951,-0.7071067811865475,-0.43994134506405985,0.0,0.0,0.0,0.0,0.0,0.0,0.0,0.0,0.0,0.0,0.0,0.0,0.0,1.0,0.0,0.0,0.0,0.0,0.0,0.0,0.0,0.0,0.0,0.0,0.0,0.0,0.0,0.0,0.0,0.0,0.0,0.0,0.0,0.0,0.0,0.0,0.0,0.0,1.0,0.0,0.0,0.0,0.0,1.0,0.0,0.0,0.0,0.0,0.0,1.0,0.0,0.0,0.0,0.0,0.0,1.0,0.0,0.0,0.0,0.0,0.0,0.0,0.0,0.0,0.0,0.0,1.0,0.0,0.0,0.0,0.0,0.0,0.0,0.0,0.0,0.0,0.0,0.0,0.0,0.0,0.0,0.0,0.0,0.0,0.0,0.0,0.0,0.0,0.0,0.0,0.0,0.0,0.0,0.0,0.0,1.0,0.0,0.0,0.0,0.0,0.0,0.0,0.0,0.0,0.0,0.0,0.0,0.0,1
VAR_001879,-0.36716838495167936,-0.7840524764575536,-0.5651925925662241,0.5563842053417246,-0.4452873657878832,-0.49231025769970077,-0.5574336083512569,-0.32597392166735234,-0.3987537398591822,-0.4438857244425486,-0.666024346137809,-0.31442991535651627,0.5950852472060669,0.13757488045973346,0.3031324189188476,-1.0050108562619995,0.7153273288487508,-0.7687343907083706,1.1016447735158867,-0.8662666566525289,1.0935203165125211,-1.0910196068889997,0.3911195523740682,-1.3865859297887166,0.6008839649609465,1.041323466124503,-1.0546359420511466,1.1745504684139176,-1.04275163763036,-1.1559342360041547,-0.3576552963652761,-3.0143963990910354,1.2197040077471442,-1.3053671115269019,1.1565609289969432,0.6017555944725487,-1.3746156185349752,0.9882087304835168,0.7590239248111715,-1.3590907385226985,-1.2683694525131952,1.189378904557533,1.0597039412261138,0.9839827028611506,-1.3977315268749497,0.19561519910898906,1.3851815085649268,-1.454080642177539,-0.5360156892619511,0.008733692897997867,0.014712900524762151,1.085255014018656,0.8987016060976569,-1.1326929475358645,1.2143629110381289,1.0649666073000195,0.9514673274032434,-1.016421815925668,-1.0172782175782764,1.0464693567588907,1.1591807924406405,1.1599643265355106,-1.1118228150295109,1.0127184019062614,1.2992260860127374,-1.1730928305086623,1.1237856489113989,-1.1518747750387892,-0.8633646136777833,-0.3864485247452497,0.955372629642766,-1.0029915497650093,0.9879030973070977,-1.1872834332813964,-1.2414426379464678,1.1683086565511613,1.0506559616720805,1.0341904547202905,1.0075363498063885,1.1475797972991728,-1.4014697484903902,-0.6108261602144583,-0.1354642877488573,1.2618523382097067,1.3042766488942688,-0.8570604384154882,-1.32894349458601,-1.1672270165451164,-1.3908351418665734,-1.3279727887016606,-1.1283892784935592,1.1146547373986353,-1.02238227140144,1.155236690820497,1.1323199844351433,-1.352539204905001,1.0942202738310212,0.0,-1.2297542023467716,1.1581621181496393,-1.1733912533481388,1.098661575277246,-1.1049686451781622,1.0832934203356452,-1.2599549963304153,-1.2883904317672241,1.2901916490201075,-1.0585736667020706,1.3054020889740467,1.1081640004297975,1.3552968846228302,1.3381690153466055,1.0217310737510725,0.8486458547526188,1.0768676013041276,1.114960931561472,1.2986428877185627,1.252135169374646,-1.4041276118605301,1.1732985694462887,-1.0156188657442176,-0.9009792281928168,-1.2086966901339484,-1.2645311001925834,-1.3470719221911818,-1.1057377049081205,-1.0968376586987523,-1.3360423723905241,1.1102318953630232,-1.1776162023132102,-0.6522873251759252,1.388322647262387,-1.4294548548676875,1.1476486463665432,-1.3768612006931302,1.2461226858168353,1.091860978552533,-0.9541254458708998,-1.1814925003155485,1.08229401958299,-0.2947257256161657,-1.0831335013829928,1.0248912165229476,-1.1246902141211947,0.4198788205051115,-1.1499064780761865,1.111415624510702,1.089241285612694,1.0174663063384182,1.2149570402428211,0.9209323689071074,0.9148704835412195,-0.9324988748360505,1.0054429537292477,0.9736916784744738,0.8680084359979812,0.9014231033911361,0.9634766543676719,1.1429503598785975,-1.3713756258593799,-0.04693412971259356,0.45961603869494483,0.24743114516800238,-0.0070904039515983465,0.04092156746048586,-0.13379747477705758,-0.9029610621440995,-0.6982229384936658,-0.6829249992655481,0.0,-0.2786932057166471,-0.0953462589245592,-0.2171861213815347,-0.13545709229571928,-0.3481553119113957,-0.511237358145545,-0.1933472978091327,-0.1354570922957193,-0.23904572186687878,2.3514701283890216,-0.2970442628930023,0.6089241120359331,0.7071067811865477,-0.7071067811865475,-0.43994134506405985,0.0,0.0,0.0,0.0,0.0,0.0,0.0,0.0,0.0,0.0,0.0,1.0,0.0,0.0,0.0,0.0,0.0,0.0,0.0,0.0,0.0,0.0,0.0,0.0,0.0,0.0,0.0,0.0,0.0,0.0,0.0,0.0,1.0,0.0,0.0,0.0,0.0,0.0,0.0,0.0,0.0,0.0,0.0,1.0,0.0,0.0,0.0,0.0,0.0,1.0,0.0,0.0,0.0,0.0,0.0,1.0,0.0,0.0,0.0,0.0,0.0,0.0,0.0,0.0,0.0,0.0,0.0,0.0,1.0,0.0,0.0,0.0,0.0,0.0,0.0,0.0,0.0,0.0,0.0,0.0,0.0,0.0,0.0,0.0,0.0,0.0,0.0,0.0,0.0,0.0,0.0,0.0,0.0,0.0,0.0,0.0,0.0,0.0,0.0,0.0,0.0,1.0,0.0,0.0,0.0,0.0,0.0,0.0,1
VAR_001886,-0.2990764493735033,1.7160810633337553,1.5567888584805265,1.6629943573106805,-0.45844628298714674,-0.49121350138356057,0.46788766928648157,-0.352287889734763,-0.3977952324463827,-0.4891654918384954,0.2227774425154592,-0.691979249608071,0.6038005219527098,-0.625965706091788,1.2421805733584397,-0.1827170803725909,0.07542617603449672,0.08584733950577132,1.1016447735158867,1.5256636639552004,-1.2427965579458726,1.2220260021034306,0.3911195523740682,-1.3865859297887166,0.6008839649609465,-1.2612045167404342,1.2831365090189601,1.1745504684139176,-1.04275163763036,-1.1559342360041547,-0.4421644132375029,0.4493510160135705,1.2197040077471442,-1.3053671115269019,-1.186108106015113,-2.277333672184901,-1.3746156185349752,0.9882087304835168,-1.7940565495536767,1.010128788601319,-1.2683694525131952,1.189378904557533,-1.2834661280188786,-1.3300444161555385,1.0039433877244224,0.19561519910898906,1.3851815085649268,-1.454080642177539,-1.801231730945693,-0.24123308044162547,0.4343102005991902,-1.0658754601968945,0.8987016060976569,-1.1326929475358645,1.2143629110381289,-1.1160535663217912,0.9514673274032434,-1.016421815925668,1.1376431975207442,-1.1406521668206824,1.1591807924406405,-1.1114919142407116,-1.1118228150295109,-1.1914334140073664,1.2992260860127374,-1.1730928305086623,-1.0723447565316517,-1.1518747750387892,-0.8633646136777833,-0.38640382377649835,0.955372629642766,1.1806612330787183,-1.2052417787146594,-1.1872834332813964,-1.2414426379464678,-1.0664614009045903,1.0506559616720805,-1.175254772026969,-1.1920792721084463,1.1475797972991728,1.0995453975294383,-0.6406753992020748,-0.5527841994165464,1.2618523382097067,1.3042766488942688,-0.8570604384154882,-1.32894349458601,-1.1672270165451164,0.27533030334232483,1.2253758735676052,1.3233226924555272,-1.3239370440441431,1.4129059716363248,-1.2709543751565395,1.1323199844351433,1.0691805882380039,1.0942202738310212,0.0,1.387501221191554,-1.2766105165967614,1.2380078653730484,1.098661575277246,-1.1049686451781622,-1.2744628474537005,-1.2599549963304153,1.1111286609536124,-1.137118063543146,-1.0585736667020706,1.3054020889740467,-1.2756771632854644,-1.0303084622236034,-1.1129326464268798,1.0217310737510725,0.8486458547526188,-1.3764993760453141,-1.3602523365049959,-1.129815761937809,1.252135169374646,-1.4041276118605301,-1.2932950140487498,-1.0156188657442176,1.5382572188657846,-1.2086966901339484,-1.2645311001925834,-1.3470719221911818,-1.1057377049081205,-1.1138648061882561,-1.3360423723905241,-1.3339535168969323,-1.1776162023132102,-0.6623897812810389,-1.0423368771244421,1.0497559090434576,1.1476486463665432,1.080238369675639,-1.1805372813001602,1.091860978552533,1.4956066405340973,-1.1814925003155485,-1.0679342763894948,-0.458630563863079,-1.0831335013829928,-1.081829617440889,0.12922994983342317,-0.5671609285282221,-1.1499064780761865,1.111415624510702,-1.0244961742301215,1.0174663063384182,-0.9324988748360507,0.9209323689071074,-1.218545980178851,1.2149570402428211,1.0054429537292477,0.9736916784744738,0.8680084359979812,-1.2457435162744455,-1.1669199319831562,-0.9928659691874683,0.8283742942329786,0.2415999856431615,0.2576258627920532,0.16582607040428174,0.2847658557013663,0.3967313196561585,-0.05586841130256689,-0.23606661535954707,-0.6982229384936658,-0.6829249992655481,0.0,-0.2786932057166471,-0.0953462589245592,-0.2171861213815347,-0.13545709229571928,-0.3481553119113957,-0.511237358145545,-0.1933472978091327,-0.1354570922957193,4.183300132670379,-0.4252658742831209,-0.2970442628930023,0.6089241120359331,0.7071067811865477,-0.7071067811865475,-0.43994134506405985,0.0,0.0,0.0,0.0,0.0,0.0,0.0,0.0,0.0,0.0,0.0,0.0,0.0,0.0,0.0,0.0,0.0,0.0,1.0,0.0,0.0,0.0,0.0,0.0,0.0,0.0,0.0,0.0,0.0,0.0,0.0,0.0,0.0,0.0,1.0,0.0,0.0,0.0,0.0,0.0,0.0,0.0,0.0,1.0,0.0,0.0,0.0,0.0,0.0,1.0,0.0,0.0,0.0,0.0,0.0,1.0,0.0,0.0,0.0,0.0,0.0,0.0,0.0,0.0,0.0,0.0,0.0,0.0,0.0,0.0,0.0,0.0,0.0,0.0,0.0,0.0,0.0,0.0,0.0,0.0,1.0,0.0,0.0,0.0,0.0,0.0,0.0,0.0,0.0,0.0,0.0,0.0,0.0,0.0,0.0,1.0,0.0,0.0,0.0,0.0,0.0,0.0,0.0,0.0,0.0,0.0,0.0,0.0,1
VAR_001888,-0.36545767333475077,1.7648633043350066,-0.5664913664648807,-0.35622939256339176,-0.4663992351721718,-0.4716548674377073,-0.5194083909620876,0.5057331067800409,3.2958122424920893,-0.4618753785223211,-0.37638469489219883,0.24870669994776531,-0.5634542538756422,-0.625965706091788,0.3031324189188476,-0.1827170803725909,-0.8503641156206425,0.08584733950577132,1.1016447735158867,-0.8662666566525289,1.0935203165125211,-1.0910196068889997,0.3911195523740682,0.9650740041145233,-2.3767106828366003,-1.2612045167404342,-1.0546359420511466,-1.1452912040762042,1.2447074883967142,1.1418939280238138,-0.4419859388100976,-3.0143963990910354,1.2197040077471442,-1.3053671115269019,-0.7175742990127018,-0.5498801121904313,0.07854946391628402,0.03850163885000727,-0.7728243598077373,0.06244097775171194,-0.80676614356577,0.7161851468303425,-0.3461981003208816,-0.8672389923522006,0.04327342188467346,0.19561519910898906,-0.5466790116272235,-0.02993695439777282,-1.9609219683015224,-0.16558323080451873,-0.10349138654317948,-1.0658754601968945,0.8987016060976569,-1.1326929475358645,1.2143629110381289,1.0649666073000195,0.9514673274032434,-1.016421815925668,-1.0172782175782764,1.0464693567588907,-1.036537090851358,1.1599643265355106,-1.1118228150295109,1.0127184019062614,-0.9263000798424149,-1.1730928305086623,-1.0723447565316517,-1.1518747750387892,-0.8633646136777833,-0.38073100206760346,0.955372629642766,1.1806612330787183,-1.2052417787146594,-1.1872834332813964,0.9668928237852297,1.1683086565511613,1.0506559616720805,-1.175254772026969,1.0075363498063885,-1.0187698200513067,-0.9012667192864244,0.5401349249348857,-0.5181001926658214,-1.1614281036809067,-1.0768863120804655,-0.8570604384154882,1.0972526879641071,1.2499781856285386,1.07225433678547,-0.9856038898484261,1.3233226924555272,-1.3253661969609918,1.4129059716363248,-1.2709543751565395,-1.284747674647566,1.0691805882380039,-1.6048564016188311,0.0,1.387501221191554,-1.2766105165967614,-1.1733912533481388,-1.2556132288882809,-1.1049686451781622,-1.2744628474537005,1.0866054834124719,1.1111286609536124,-1.137118063543146,-1.0585736667020706,1.3054020889740467,-1.2756771632854644,-1.0303084622236034,-1.1129326464268798,1.0217310737510725,0.8486458547526188,1.0768676013041276,1.114960931561472,-1.129815761937809,-1.1592911349996455,-1.4041276118605301,1.1732985694462887,-1.0156188657442176,-0.9009792281928168,1.153369024740493,-1.2645311001925834,1.0884199436060857,-1.1057377049081205,-0.1496476917847165,1.1414713241319605,-1.3339535168969323,-1.1776162023132102,-0.6623897774575644,-1.0423368771244421,1.0497559090434576,1.1476486463665432,1.080238369675639,1.2461226858168353,1.091860978552533,-0.9541254458708998,1.2292734470194862,-1.0679342763894948,-0.4555029425834766,1.033553446742222,1.0248912165229476,-1.1246902141211947,-0.257338327547258,0.9774205063647585,-1.0010353056380639,-1.0244961742301215,-1.1486214361181755,-0.9324988748360507,0.9209323689071074,0.9148704835412195,-0.9324988748360505,1.0054429537292477,-1.165043332778669,-1.2826374656934454,0.9014231033911361,0.9634766543676719,1.1429503598785975,0.8283742942329786,0.21199595584634667,0.24647205241050266,0.24743114516800238,0.2489244722655832,0.5190080596523168,-0.10359999558567608,-0.23606661535954707,-1.3840879488723994,-0.6829249992655481,0.0,-0.2786932057166471,-0.0953462589245592,-0.2171861213815347,-0.13545709229571928,-0.3481553119113957,-0.511237358145545,-0.1933472978091327,-0.1354570922957193,-0.23904572186687878,-0.4252658742831209,3.3665016461206925,0.6089241120359331,-1.4142135623730951,-0.7071067811865475,-0.43994134506405985,0.0,0.0,0.0,0.0,0.0,0.0,0.0,0.0,0.0,0.0,0.0,0.0,0.0,0.0,0.0,0.0,0.0,0.0,0.0,1.0,0.0,0.0,0.0,0.0,0.0,0.0,0.0,0.0,0.0,0.0,0.0,0.0,0.0,0.0,0.0,0.0,0.0,0.0,1.0,0.0,0.0,0.0,0.0,1.0,0.0,0.0,0.0,0.0,0.0,1.0,0.0,0.0,0.0,0.0,0.0,1.0,0.0,0.0,0.0,0.0,0.0,0.0,0.0,0.0,0.0,0.0,0.0,0.0,0.0,0.0,0.0,0.0,0.0,0.0,0.0,0.0,0.0,0.0,0.0,0.0,1.0,0.0,0.0,0.0,0.0,0.0,1.0,0.0,0.0,0.0,0.0,0.0,0.0,0.0,0.0,0.0,0.0,0.0,0.0,0.0,0.0,0.0,0.0,0.0,0.0,0.0,0.0,0.0,1
VAR_001815,1.7078342458470146,-0.7733300827745635,0.7090507481386977,0.5894878247871643,-0.46638456885586377,0.21051230055414696,-0.5574339413891203,-0.3491376213501216,2.1387726915901206,-0.48292638993809806,-0.652222155322873,0.24870669994776531,-0.8873301812021248,0.13757488045973346,-1.2378543492771192,1.3796696963626436,-0.8503641156206425,0.5926349763790606,-1.2540049559862378,1.5256636639552004,1.0935203165125211,1.2220260021034306,-3.628720291470526,-1.3865859297887166,-2.3767106828366003,1.041323466124503,-1.0546359420511466,-1.1452912040762042,-1.04275163763036,-1.1559342360041547,-0.43817668205309773,0.4493510160135705,1.2197040077471442,1.0392243023806405,1.1565609289969432,0.6017555944725487,1.047326185550457,0.9882087304835168,0.7590239248111715,1.010128788601319,1.0396470922239303,-1.1765898840784197,1.0597039412261138,0.9839827028611506,-1.3977315268749497,0.19561519910898906,-1.029644141675261,-1.454080642177539,0.20793173126781914,0.60599023795565,0.7162736679495009,-1.0658754601968945,-1.298564435242429,1.1134560350208595,1.2143629110381289,1.0649666073000195,0.9514673274032434,1.178574712629763,-1.0172782175782764,-1.1406521668206824,-1.036537090851358,-1.1114919142407116,1.0763391081668667,1.0127184019062614,-0.9263000798424149,0.9971289059323633,-1.0723447565316517,1.0146473970671759,1.3781573164353047,-0.35217002069666486,0.955372629642766,-1.0029915497650093,-1.2052417787146594,-1.1872834332813964,-1.2414426379464678,1.1683086565511613,-1.1010564321581946,1.0341904547202905,1.0075363498063885,1.1475797972991728,1.0995453975294383,4.443262751396403,0.376239780182182,1.2618523382097067,-1.0768863120804655,1.602463511540713,1.0972526879641071,-1.1672270165451164,1.07225433678547,-1.3210165228961932,-1.1283892784935592,1.1146547373986353,-1.02238227140144,-1.2709543751565395,1.1323199844351433,-1.352539204905001,1.0942202738310212,0.0,1.387501221191554,1.1581621181496393,1.2380078653730484,1.098661575277246,1.2907517170528129,1.0832934203356452,-1.2599549963304153,-1.2883904317672241,1.2901916490201075,-1.0585736667020706,1.3054020889740467,1.1081640004297975,-1.0303084622236034,-1.1129326464268798,-1.4545167250779456,0.8486458547526188,1.0768676013041276,1.114960931561472,1.2986428877185627,1.252135169374646,-1.4041276118605301,-1.2932950140487498,-1.0156188657442176,-0.9009792281928168,1.153369024740493,-1.2645311001925834,1.0884199436060857,1.2832204818413648,-1.1138648061882561,1.1414713241319605,-1.3339535168969323,-0.5724896765944367,-0.6623828874935292,1.388322647262387,-1.4294548548676875,-1.2559173865898015,-1.3768612006931302,1.2461226858168353,1.091860978552533,-0.9541254458708998,-1.1814925003155485,1.08229401958299,-0.4570098298322453,1.033553446742222,1.0248912165229476,0.3417988020198631,-0.5647946646494314,0.9774205063647585,-1.0010353056380639,1.089241285612694,-1.1486214361181755,-0.9324988748360507,0.9209323689071074,0.9148704835412195,-0.9324988748360505,1.0054429537292477,-1.165043332778669,-1.2826374656934454,0.9014231033911361,0.9634766543676719,-0.9928659691874683,-1.3713756258593799,0.05545554575072805,0.4524601302661646,0.24743114516800238,-0.6336722878289933,-0.171246025236438,-0.17701276261229734,0.7642750548172822,-0.012357928114932163,-0.6829249992655481,0.0,-0.2786932057166471,-0.0953462589245592,-0.2171861213815347,-0.13545709229571928,-0.3481553119113957,-0.511237358145545,-0.1933472978091327,-0.1354570922957193,-0.23904572186687878,-0.4252658742831209,3.3665016461206925,0.6089241120359331,0.7071067811865477,-0.7071067811865475,2.273030282830976,0.0,0.0,0.0,0.0,0.0,0.0,0.0,0.0,0.0,1.0,0.0,0.0,0.0,0.0,0.0,0.0,0.0,0.0,0.0,0.0,0.0,0.0,0.0,0.0,0.0,0.0,0.0,0.0,0.0,0.0,0.0,1.0,0.0,0.0,0.0,0.0,0.0,0.0,0.0,0.0,0.0,0.0,0.0,1.0,0.0,0.0,0.0,0.0,0.0,1.0,0.0,0.0,0.0,0.0,0.0,1.0,0.0,0.0,0.0,0.0,0.0,0.0,0.0,1.0,0.0,0.0,0.0,0.0,0.0,0.0,0.0,0.0,0.0,0.0,0.0,0.0,0.0,0.0,0.0,0.0,0.0,0.0,0.0,0.0,0.0,0.0,0.0,0.0,0.0,0.0,0.0,0.0,0.0,0.0,0.0,0.0,0.0,0.0,0.0,0.0,0.0,0.0,0.0,0.0,1.0,0.0,0.0,0.0,1
VAR_001817,-0.36119556509643885,-0.7735388817452619,-0.5664913664880855,-0.44724929784845263,-0.4366386049931172,-0.49287484650401586,4.181687901660609,0.5141261534484832,-0.39875374840387995,-0.4862291668279832,-0.16831729578969387,-0.691979249608071,1.0672613679267966,-0.625965706091788,0.3031324189188476,0.557375920473235,0.07542617603449672,-0.261946753835081,0.630514827615462,-0.387880592530983,0.6262569416208426,-0.16580136329202746,-0.4128484163948504,-0.4459219562274206,0.005365035401437297,0.12031227297852805,-0.5870814518371252,-0.6813228695781798,-1.04275163763036,0.22276266241262635,0.4420259880946278,-0.2433984670073505,-0.6485887116966749,0.5703060195991321,-0.7175742990127018,-0.5498801121904313,-0.8902272577178887,0.03850163885000727,-0.7728243598077373,0.06244097775171194,-1.2683694525131952,-0.23020236862403864,0.5910699273771154,-0.8672389923522006,0.5236084048045481,0.19561519910898906,-0.0637138815791859,-0.02993695439777282,0.18095105318771462,0.2913886126167106,0.3254976797379536,0.22480282433243576,0.019795189561622437,-0.5322345171789759,0.3350885783729567,-0.679849531597429,0.06396419007752904,-0.13842320450349557,-0.15530965153866813,0.6090450520429762,0.2808936391238411,0.2513818302250218,0.20107433888831566,-0.3097726876419153,0.4090156196706764,-0.7390484832204571,0.24533348673417857,0.581342962645983,0.4815485443900695,0.020096213454897007,0.08614015513172467,-0.5662609931962638,0.5492741221027464,-0.3086936926531631,0.0835586390925506,0.2744006335688607,0.6203134829060256,0.5923014093708386,0.5676132254234216,0.2810399503589809,0.5993423683254726,-0.2640943504115097,-0.5144819231737761,-1.1614281036809067,-1.0768863120804655,-0.8570604384154882,1.0972526879641071,1.2499781856285386,-1.3908351418665734,0.909531813267197,1.3233226924555272,-0.5488674844669537,-1.02238227140144,-1.2709543751565395,-1.284747674647566,1.0691805882380039,-0.5252257314388902,0.0,0.8363282330411359,-1.2766105165967614,-1.1733912533481388,1.098661575277246,-1.1049686451781622,1.0832934203356452,1.0866054834124719,-1.2883904317672241,1.2901916490201075,1.2726879919922605,1.3054020889740467,-1.2756771632854644,1.3552968846228302,1.3381690153466055,1.0217310737510725,0.8486458547526188,1.0768676013041276,0.12487562433488468,-0.6441240320065348,-1.1592911349996455,1.0457624577621396,-1.2932950140487498,1.3329997612892854,-0.9009792281928168,1.153369024740493,1.1638936769938657,1.0884199436060857,-1.1057377049081205,0.8554464920607997,-1.3360423723905241,1.1102318953630232,1.1603198880807428,-0.6623473500790603,-1.0423368771244421,-1.4294548548676875,1.1476486463665432,1.080238369675639,-1.1805372813001602,-1.312832843259593,1.4956066405340973,-1.1814925003155485,-0.2078429580005009,-0.42892175168250224,-0.6597961117579497,0.6035470497301804,0.22874176641273297,-0.0037543641940792167,-0.7244410811879975,-1.0010353056380639,-0.6017486822615584,-0.06509585169962982,0.3559746742112724,-0.3675990548158623,0.4881871907972055,-0.07351650880450177,0.5858784128873437,0.5459446762238453,0.007750075321410467,-0.3868768684082127,-0.31476129744282494,0.28862382825217103,0.38842431021450696,0.2415999856431615,0.3395201322775195,0.22937957295410544,0.010861299848752108,-0.26125128818404403,1.0135704893124111,0.26410421972886755,1.3593720926425352,-0.6829249992655481,0.0,-0.2786932057166471,-0.0953462589245592,-0.2171861213815347,-0.13545709229571928,-0.3481553119113957,1.956038587687303,-0.1933472978091327,-0.1354570922957193,-0.23904572186687878,-0.4252658742831209,-0.2970442628930023,0.6089241120359331,-1.4142135623730951,1.4142135623730951,2.273030282830976,0.0,0.0,0.0,0.0,0.0,0.0,0.0,0.0,0.0,0.0,1.0,0.0,0.0,0.0,0.0,0.0,0.0,0.0,0.0,0.0,0.0,0.0,0.0,0.0,0.0,0.0,0.0,0.0,0.0,0.0,0.0,0.0,0.0,0.0,0.0,0.0,0.0,0.0,1.0,0.0,0.0,0.0,1.0,0.0,0.0,0.0,0.0,0.0,1.0,0.0,0.0,0.0,0.0,0.0,1.0,0.0,0.0,0.0,0.0,0.0,0.0,0.0,1.0,0.0,0.0,0.0,0.0,0.0,0.0,0.0,0.0,0.0,0.0,0.0,0.0,0.0,0.0,0.0,0.0,0.0,0.0,0.0,0.0,0.0,0.0,0.0,0.0,0.0,0.0,0.0,0.0,0.0,1.0,0.0,0.0,0.0,0.0,0.0,0.0,0.0,0.0,0.0,0.0,0.0,0.0,0.0,0.0,0.0,1
VAR_001896,-0.37052764899047225,-0.7840525504016591,-0.24983938018823285,-0.41450017145476703,-0.3741831659756965,3.9689147228851427,-0.5508804794730422,-0.35328981756929895,0.4564245723900347,-0.48622916679348316,0.0589249109914117,-0.31442991535651627,0.5950852472060665,0.13757488045973346,0.3031324189188476,-1.0050108562619995,0.7153273288487508,-0.7687343907083706,1.1016447735158867,-0.8662666566525289,-1.2427965579458726,1.2220260021034306,-3.628720291470526,0.9650740041145233,0.6008839649609465,-1.2612045167404342,-1.0546359420511466,-1.1452912040762042,1.2447074883967142,1.1418939280238138,-0.050170845640254945,0.4493510160135705,-1.1156618915576297,1.0392243023806405,-0.24904049201029047,-1.1256979655219213,0.07854946391628402,-0.4363519069667473,-0.7728243598077373,0.3979713648051385,0.5780437832765053,-0.23020236862403864,1.0597039412261138,-1.3300444161555385,0.04327342188467346,0.19561519910898906,-0.0637138815791859,-0.5046515169910281,0.47724179773050235,0.660691301264317,-0.019365400975372794,0.655028919175546,0.8987016060976569,-0.5121418542277875,-0.10454858795962935,0.6287625725756575,-0.8235389472481852,0.7395754069186768,-0.5862939345584723,1.0464693567588907,-0.15824993753455854,0.2513818302250218,0.20107433888831566,0.1310576755408102,0.4090156196706764,-0.7390484832204571,-0.19389259435443146,-0.7185703406175962,0.03324415836745199,-0.37884621112038036,-0.34847608212379594,-0.1295304366275182,-0.3279838283059565,0.1306011776609535,0.0835586390925506,-0.61950738941344,-0.24037147462608446,-0.2914766813280652,-0.47488427067609024,0.2810399503589809,-0.40106369008245873,-0.021896241676241723,-0.5514953467735354,1.2618523382097067,1.3042766488942688,-0.8570604384154882,1.0972526879641071,-1.1672270165451164,1.07225433678547,-1.3292705425132714,1.3233226924555272,0.1654345019602195,1.4129059716363248,1.155236690820497,1.1323199844351433,1.0691805882380039,-1.6048564016188311,0.0,1.387501221191554,1.1581621181496393,1.2380078653730484,-1.2556132288882809,1.2907517170528129,-1.2744628474537005,1.0866054834124719,-1.2883904317672241,-1.137118063543146,-1.0585736667020706,1.3054020889740467,1.1081640004297975,-1.0303084622236034,-1.1129326464268798,-1.4545167250779456,0.8486458547526188,-1.3764993760453141,1.114960931561472,1.2986428877185627,1.252135169374646,1.0457624577621396,-1.2932950140487498,-1.0156188657442176,-0.9009792281928168,1.153369024740493,1.1638936769938657,-1.3470719221911818,-1.1057377049081205,1.5181654894997205,-1.3360423723905241,1.1102318953630232,-1.1776162023132102,3.190829934982527,1.388322647262387,1.0497559090434576,-1.2559173865898015,1.080238369675639,-1.1805372813001602,1.091860978552533,1.4956066405340973,1.2292734470194862,-1.0679342763894948,-0.385806741189219,-1.0831335013829928,1.0248912165229476,1.1424808336171925,0.4102173385491075,0.9774205063647585,1.111415624510702,1.089241285612694,-1.1486214361181755,1.2149570402428211,0.9209323689071074,0.9148704835412195,1.2149570402428211,-1.092379750480273,0.9736916784744738,-1.2826374656934454,-1.2457435162744455,-1.1669199319831562,-0.9928659691874683,-1.3713756258593799,0.2415999856431615,0.4004743508110922,0.24743114516800238,1.0400031824064697,0.000480281641499747,0.9608909649496103,-0.7640247190639844,-0.6982229384936658,2.048774997796644,0.0,-0.2786932057166471,-0.0953462589245592,-0.2171861213815347,-0.13545709229571928,-0.3481553119113957,-0.511237358145545,-0.1933472978091327,-0.1354570922957193,-0.23904572186687878,-0.4252658742831209,-0.2970442628930023,0.6089241120359331,-1.4142135623730951,-0.7071067811865475,-0.43994134506405985,0.0,0.0,0.0,0.0,0.0,0.0,0.0,0.0,0.0,0.0,0.0,0.0,0.0,0.0,0.0,0.0,0.0,0.0,0.0,1.0,0.0,0.0,0.0,0.0,0.0,0.0,0.0,0.0,0.0,0.0,0.0,0.0,0.0,0.0,0.0,0.0,0.0,0.0,1.0,0.0,0.0,0.0,1.0,0.0,0.0,0.0,0.0,0.0,1.0,0.0,0.0,0.0,0.0,0.0,1.0,0.0,0.0,0.0,0.0,0.0,0.0,0.0,0.0,0.0,1.0,0.0,0.0,0.0,0.0,0.0,0.0,0.0,0.0,0.0,0.0,0.0,0.0,0.0,0.0,0.0,0.0,0.0,0.0,0.0,0.0,0.0,0.0,0.0,0.0,0.0,0.0,0.0,0.0,0.0,0.0,0.0,0.0,0.0,0.0,1.0,0.0,0.0,0.0,0.0,0.0,0.0,0.0,0.0,1
VAR_001889,-0.36867225169219175,-0.7840524109427871,2.64920043435605,-0.2829670009622195,-0.46228157075318477,-0.47691393018962114,-0.19841545414831804,4.926881276028263,-0.37285412546613184,-0.4852688459262724,1.504823557480779,0.24870669994776531,-0.1111270551472059,-0.625965706091788,0.4672982554953217,-0.1827170803725909,-0.8503641156206425,0.08584733950577132,-1.2540049559862378,1.5256636639552004,0.9507911564148365,0.9092356308129518,0.3911195523740682,0.9650740041145233,-2.3767106828366003,1.041323466124503,1.2831365090189601,-1.1452912040762042,1.2447074883967142,1.1418939280238138,-0.4353781350021706,0.4493510160135705,-1.1156618915576297,-1.3053671115269019,-0.24904049201029047,-1.1256979655219213,0.07854946391628402,0.03850163885000727,-0.7728243598077373,1.010128788601319,-0.34516283461834496,0.24299138910315177,-0.3461981003208816,-0.40443356854886275,0.04327342188467346,0.19561519910898906,-0.5466790116272235,-0.02993695439777282,-1.712932355170908,-0.13965348089743954,-0.0021729231643492614,-1.0658754601968945,0.8987016060976569,1.1134560350208595,1.2143629110381289,1.0649666073000195,-1.2672905159110424,1.178574712629763,1.1376431975207442,1.0464693567588907,1.1591807924406405,-1.1114919142407116,-1.1118228150295109,-1.1914334140073664,-0.9263000798424149,0.9971289059323633,-1.0723447565316517,1.0146473970671759,-0.8633646136777833,-0.3864282034204379,0.955372629642766,-1.0029915497650093,0.9879030973070977,-1.1872834332813964,0.9668928237852297,-1.0664614009045903,-1.1010564321581946,-1.175254772026969,1.0075363498063885,1.1475797972991728,-0.9012667192864244,0.5603841984465511,-0.5435311276223778,-1.1614281036809067,-1.0768863120804655,-0.8570604384154882,-1.32894349458601,-1.1672270165451164,1.07225433678547,1.2873562948153623,-1.1283892784935592,-1.3253661969609918,-1.02238227140144,-1.2709543751565395,1.1323199844351433,-1.352539204905001,1.0942202738310212,0.0,-1.2297542023467716,-1.2766105165967614,-1.1733912533481388,1.098661575277246,-1.1049686451781622,-1.2744628474537005,-1.2599549963304153,-1.2883904317672241,1.2901916490201075,-1.0585736667020706,-1.1586225279789357,1.1081640004297975,1.3552968846228302,1.3381690153466055,-1.4545167250779456,-1.6173146132458274,-1.3764993760453141,1.114960931561472,1.2986428877185627,-1.1592911349996455,1.0457624577621396,-1.2932950140487498,-1.0156188657442176,-0.9009792281928168,-1.2086966901339484,1.1638936769938657,1.0884199436060857,-1.1057377049081205,-1.1138648061882561,-1.3360423723905241,1.1102318953630232,-1.1776162023132102,-0.6505095883290608,-1.0423368771244421,-1.4294548548676875,1.1476486463665432,1.080238369675639,1.2461226858168353,-1.312832843259593,1.4956066405340973,1.2292734470194862,-1.0679342763894948,-0.45266166733186314,1.033553446742222,1.0248912165229476,1.1424808336171925,0.26703701728849705,0.9774205063647585,-1.0010353056380639,-1.0244961742301215,-1.1486214361181755,-0.9324988748360507,0.9209323689071074,0.9148704835412195,1.2149570402428211,1.0054429537292477,-1.165043332778669,0.8680084359979812,-1.2457435162744455,-1.1669199319831562,1.1429503598785975,0.8283742942329786,0.05614126763685162,0.45961603869494483,0.24743114516800238,0.09179085312536692,-0.2164633616203507,-0.2169998889519431,-0.06934300366340886,-0.6982229384936658,-0.6829249992655481,0.0,-0.2786932057166471,-0.0953462589245592,4.604345773288536,-0.13545709229571928,-0.3481553119113957,-0.511237358145545,-0.1933472978091327,-0.1354570922957193,-0.23904572186687878,-0.4252658742831209,-0.2970442628930023,-1.89443057077846,-1.4142135623730951,-0.7071067811865475,2.273030282830976,0.0,0.0,0.0,0.0,0.0,0.0,0.0,0.0,0.0,0.0,0.0,0.0,0.0,0.0,0.0,0.0,0.0,0.0,0.0,0.0,1.0,0.0,0.0,0.0,0.0,0.0,0.0,0.0,0.0,0.0,0.0,0.0,0.0,0.0,0.0,0.0,0.0,0.0,1.0,0.0,0.0,1.0,0.0,0.0,0.0,0.0,0.0,1.0,0.0,0.0,0.0,0.0,0.0,1.0,0.0,0.0,0.0,0.0,0.0,0.0,0.0,0.0,0.0,0.0,0.0,0.0,0.0,0.0,0.0,0.0,0.0,1.0,0.0,0.0,0.0,0.0,0.0,0.0,0.0,0.0,0.0,0.0,0.0,0.0,0.0,0.0,0.0,0.0,0.0,0.0,1.0,0.0,0.0,0.0,0.0,0.0,0.0,0.0,0.0,0.0,0.0,0.0,0.0,0.0,0.0,0.0,0.0,0.0,1
VAR_001785,-0.16871741515360844,-0.4948715569793677,2.276187720760732,-0.44278611941903445,-0.4580550705974596,-0.4917355366178635,-0.4832139796307842,-0.2211508720628064,1.549147736102047,-0.3921443230936388,2.3100828252387338,3.070764548615274,-0.9233484870059626,2.428196640114298,2.3453945643745064,-1.0872116313055824,-3.627734990586059,0.30284962239708,1.1016447735158867,1.5256636639552004,1.0935203165125211,1.2220260021034306,0.3911195523740682,0.9650740041145233,0.6008839649609465,-1.2612045167404342,1.2831365090189601,-1.1452912040762042,-1.04275163763036,1.1418939280238138,-0.3412253742661006,0.4493510160135705,1.2197040077471442,1.0392243023806405,1.1565609289969432,0.6017555944725487,-1.3746156185349752,-1.3860589986002567,0.7590239248111715,1.010128788601319,1.0396470922239303,1.189378904557533,1.0597039412261138,0.9839827028611506,1.0039433877244224,0.19561519910898906,1.3851815085649268,0.919492170788738,0.49978995412642246,-0.40225196591154244,0.31837153458895534,1.085255014018656,0.8987016060976569,-1.1326929475358645,-0.9838229206248016,-1.1160535663217912,0.9514673274032434,1.178574712629763,1.1376431975207442,1.0464693567588907,1.1591807924406405,1.1599643265355106,1.0763391081668667,1.0127184019062614,1.2992260860127374,0.9971289059323633,1.1237856489113989,-1.1518747750387892,1.3781573164353047,-0.2089558218634364,0.955372629642766,1.1806612330787183,0.9879030973070977,1.009190918289187,-1.2414426379464678,1.1683086565511613,1.0506559616720805,1.0341904547202905,1.0075363498063885,1.1475797972991728,1.0995453975294383,-0.3771810363935132,2.3289340560535323,-1.1614281036809067,1.3042766488942688,1.602463511540713,-1.32894349458601,-1.1672270165451164,-1.3908351418665734,-1.3292705447169126,1.3233226924555272,1.1146547373986353,-1.02238227140144,-1.2709543751565395,-1.284747674647566,-1.352539204905001,1.0942202738310212,0.0,-1.2297542023467716,1.1581621181496393,1.2380078653730484,-1.2556132288882809,1.2907517170528129,1.0832934203356452,1.0866054834124719,-1.2883904317672241,-1.137118063543146,1.2726879919922605,-1.1586225279789357,1.1081640004297975,1.3552968846228302,1.3381690153466055,-1.4545167250779456,-1.6173146132458274,1.0768676013041276,1.114960931561472,-1.129815761937809,-1.1592911349996455,1.0457624577621396,-1.2932950140487498,-1.0156188657442176,1.5382572188657846,-1.2086966901339484,1.1638936769938657,-1.3470719221911818,-0.8463867945132671,1.5181654894997205,1.1414713241319605,-1.3339535168969323,-1.1776162023132102,-0.6486525836905203,-1.0423368771244421,1.0497559090434576,-1.2559173865898015,1.080238369675639,-1.1805372813001602,1.091860978552533,-0.9541254458708998,-1.1814925003155485,1.08229401958299,-0.36829385559995315,1.033553446742222,-1.081829617440889,1.1424808336171925,-0.5671608972070389,0.9774205063647585,1.111415624510702,1.089241285612694,-1.1486214361181755,-0.9324988748360507,-1.2266200039645088,-1.218545980178851,-0.9324988748360505,-1.092379750480273,-1.165043332778669,0.8680084359979812,0.9014231033911361,0.9634766543676719,-0.9928659691874683,-1.3713756258593799,0.2415999856431615,0.45961603869494483,0.24743114516800238,-2.4534646775026965,-0.7610773426034426,-1.5100077226211381,1.3755949643697887,-1.3840879488723994,-0.6829249992655481,0.0,-0.2786932057166471,-0.0953462589245592,-0.2171861213815347,-0.13545709229571928,-0.3481553119113957,-0.511237358145545,-0.1933472978091327,-0.1354570922957193,-0.23904572186687878,-0.4252658742831209,-0.2970442628930023,0.6089241120359331,0.7071067811865477,-0.7071067811865475,2.273030282830976,1.0,0.0,0.0,0.0,0.0,0.0,0.0,0.0,0.0,0.0,0.0,0.0,0.0,0.0,0.0,0.0,0.0,0.0,0.0,0.0,0.0,0.0,0.0,0.0,0.0,0.0,0.0,0.0,0.0,0.0,0.0,1.0,0.0,0.0,0.0,0.0,0.0,0.0,0.0,1.0,0.0,0.0,0.0,0.0,0.0,1.0,0.0,0.0,0.0,0.0,0.0,1.0,0.0,0.0,0.0,0.0,0.0,0.0,0.0,0.0,0.0,0.0,0.0,0.0,0.0,0.0,0.0,0.0,0.0,0.0,0.0,0.0,0.0,1.0,0.0,0.0,0.0,0.0,0.0,0.0,0.0,0.0,0.0,0.0,0.0,0.0,0.0,0.0,0.0,0.0,0.0,0.0,0.0,0.0,0.0,0.0,0.0,0.0,0.0,0.0,0.0,0.0,0.0,0.0,0.0,1.0,0.0,0.0,0
VAR_001964,0.17695866561402593,-0.7590842795918188,-0.00032841728985085345,0.3968353913704177,-0.46056150730069134,1.2593899268719146,5.08021729328818,0.8061285479314394,-0.16390255075098062,-0.1443241395960245,-0.012139501507805817,3.070764548615274,-0.8482876713757147,2.428196640114298,-2.349846207823455,-1.0872116313055824,1.0012164676896353,2.3017984368073443,1.1016447735158867,1.5256636639552004,1.0935203165125211,-1.0910196068889997,0.3911195523740682,0.9650740041145233,0.6008839649609465,1.041323466124503,-1.0546359420511466,-1.1452912040762042,1.2447074883967142,1.1418939280238138,-0.4032195662435264,0.4493510160135705,1.2197040077471442,1.0392243023806405,1.1565609289969432,0.6017555944725487,1.047326185550457,-1.3860589986002567,0.7590239248111715,-1.3590907385226985,1.0396470922239303,1.189378904557533,-1.2834661280188786,0.9839827028611506,1.0039433877244224,0.19561519910898906,1.3851815085649268,0.919492170788738,1.2365057583157755,-0.46945600138649546,0.41503471815053317,1.085255014018656,0.8987016060976569,1.1134560350208595,1.2143629110381289,1.0649666073000195,0.9514673274032434,1.178574712629763,1.1376431975207442,-1.1406521668206824,1.1591807924406405,1.1599643265355106,1.0763391081668667,-1.1914334140073664,1.2992260860127374,0.9971289059323633,1.1237856489113989,1.0146473970671759,1.3781573164353047,-0.0959633488348015,-1.2177085566348373,-1.0029915497650093,0.9879030973070977,1.009190918289187,0.9668928237852297,1.1683086565511613,1.0506559616720805,1.0341904547202905,1.0075363498063885,1.1475797972991728,1.0995453975294383,-0.3876884555994288,0.35961291773812815,1.2618523382097067,-1.0768863120804655,-0.8570604384154882,-1.32894349458601,-1.1672270165451164,1.07225433678547,1.228015948279777,1.3233226924555272,1.1146547373986353,1.4129059716363248,1.155236690820497,1.1323199844351433,-1.352539204905001,1.0942202738310212,0.0,-1.2297542023467716,1.1581621181496393,1.2380078653730484,1.098661575277246,1.2907517170528129,-1.2744628474537005,1.0866054834124719,1.1111286609536124,1.2901916490201075,1.2726879919922605,-1.1586225279789357,1.1081640004297975,-1.0303084622236034,1.3381690153466055,-1.4545167250779456,0.8486458547526188,-1.3764993760453141,1.114960931561472,-1.129815761937809,1.252135169374646,1.0457624577621396,1.1732985694462887,1.3329997612892854,1.5382572188657846,-1.2086966901339484,-1.2645311001925834,-1.3470719221911818,1.2832204818413648,-1.1138648061882561,-1.3360423723905241,1.1102318953630232,-1.1776162023132102,-0.47167627122739875,-1.0423368771244421,1.0497559090434576,1.1476486463665432,1.080238369675639,-1.1805372813001602,1.091860978552533,0.355056942267572,-1.1814925003155485,1.08229401958299,0.37891536877252446,1.033553446742222,-1.081829617440889,1.1424808336171925,9.303235776015683,0.9774205063647585,1.111415624510702,1.089241285612694,1.0174663063384182,1.2149570402428211,0.9209323689071074,0.9148704835412195,-0.9324988748360505,1.0054429537292477,0.9736916784744738,-1.2826374656934454,-1.2457435162744455,0.9634766543676719,1.1429503598785975,0.8283742942329786,0.2415999856431615,0.31038351782208523,0.24743114516800238,-1.945126983613795,0.21632941487647436,-1.791857793752475,-0.6528756445998924,-0.012357928114932163,2.048774997796644,0.0,-0.2786932057166471,-0.0953462589245592,-0.2171861213815347,-0.13545709229571928,-0.3481553119113957,-0.511237358145545,-0.1933472978091327,-0.1354570922957193,-0.23904572186687878,-0.4252658742831209,-0.2970442628930023,-1.89443057077846,0.7071067811865477,-0.7071067811865475,-0.43994134506405985,0.0,0.0,0.0,0.0,0.0,0.0,0.0,0.0,0.0,0.0,0.0,0.0,0.0,0.0,0.0,0.0,0.0,0.0,0.0,0.0,0.0,0.0,1.0,0.0,0.0,0.0,0.0,0.0,0.0,0.0,0.0,0.0,0.0,0.0,1.0,0.0,0.0,0.0,0.0,0.0,0.0,0.0,0.0,1.0,0.0,0.0,0.0,0.0,0.0,1.0,0.0,0.0,0.0,0.0,0.0,1.0,0.0,0.0,0.0,0.0,0.0,0.0,0.0,0.0,0.0,0.0,0.0,0.0,0.0,0.0,0.0,0.0,0.0,0.0,1.0,0.0,0.0,0.0,0.0,0.0,0.0,0.0,0.0,0.0,0.0,0.0,0.0,0.0,0.0,0.0,0.0,0.0,0.0,0.0,0.0,0.0,0.0,0.0,0.0,1.0,0.0,0.0,0.0,0.0,0.0,0.0,0.0,0.0,0
VAR_001913,-0.33077545563930233,-0.7680567740561878,-0.5522461880087333,1.6600891113756289,-0.4167059853845864,-0.4928748541713655,-0.4503059457131884,-0.24591308852506216,5.977374201163958,-0.48916152380733174,-0.03220180998638336,3.070764548615274,-1.291874751970303,-1.3895062926433095,-2.349846207823455,1.2042941068804844,1.0012164676896353,2.3017984368073443,1.1016447735158867,1.5256636639552004,1.0935203165125211,1.2220260021034306,0.3911195523740682,-1.3865859297887166,0.6008839649609465,1.041323466124503,-1.0546359420511466,1.1745504684139176,-1.04275163763036,1.1418939280238138,-0.4421655779761443,0.4493510160135705,1.2197040077471442,1.0392243023806405,-1.186108106015113,0.6017555944725487,1.047326185550457,0.9882087304835168,0.7590239248111715,-1.3590907385226985,1.0396470922239303,1.189378904557533,1.0597039412261138,0.9839827028611506,1.0039433877244224,0.19561519910898906,1.3851815085649268,-1.454080642177539,1.009432099002284,-2.2905075975870695,-1.327049698453515,1.085255014018656,-1.298564435242429,-1.1326929475358645,1.2143629110381289,1.0649666073000195,0.9514673274032434,-1.016421815925668,1.1376431975207442,-0.14732614663389385,-1.036537090851358,-1.1114919142407116,1.0763391081668667,1.0127184019062614,1.2992260860127374,-1.1730928305086623,-1.0723447565316517,1.0146473970671759,1.3781573164353047,1.5551944407244813,0.955372629642766,1.1806612330787183,-1.2052417787146594,-1.1872834332813964,-1.2414426379464678,1.1683086565511613,-1.1010564321581946,-1.175254772026969,1.0075363498063885,1.1475797972991728,1.0995453975294383,-0.6035751788692255,0.16736403112916912,1.2618523382097067,1.3042766488942688,1.602463511540713,1.0972526879641071,1.2499781856285386,1.07225433678547,0.829957152548154,1.3233226924555272,-1.3253661969609918,1.4129059716363248,1.155236690820497,1.1323199844351433,-1.352539204905001,-1.6048564016188311,0.0,1.387501221191554,1.1581621181496393,1.2380078653730484,1.098661575277246,1.2907517170528129,-1.2744628474537005,1.0866054834124719,1.1111286609536124,1.2901916490201075,1.2726879919922605,0.41848681042139496,1.1081640004297975,-1.0303084622236034,-1.1129326464268798,1.0217310737510725,0.8486458547526188,1.0768676013041276,-1.3602523365049959,-1.129815761937809,1.252135169374646,-1.4041276118605301,1.1732985694462887,-1.0156188657442176,-0.9009792281928168,1.153369024740493,1.1638936769938657,-1.3470719221911818,1.2832204818413648,-1.1138648061882561,-1.3360423723905241,-1.3339535168969323,-1.1776162023132102,-0.6623897812810198,1.388322647262387,-1.4294548548676875,1.1476486463665432,-1.3768612006931302,1.2461226858168353,1.091860978552533,-0.9541254458708998,1.2292734470194862,-1.0679342763894948,-0.40104935215877774,-1.0831335013829928,-1.081829617440889,-0.1333637297393805,-0.5671592455388198,-1.1499064780761865,-1.0010353056380639,1.089241285612694,0.3214128697645339,1.2149570402428211,0.9209323689071074,0.9148704835412195,1.2149570402428211,1.0054429537292477,-1.165043332778669,0.8680084359979812,-1.2457435162744455,-1.1669199319831562,-0.9928659691874683,-1.3713756258593799,-8.743079284489578,-3.951681195795573,-5.6751372817311045,-2.5372872841439285,-0.9167267540781897,-2.522510444141353,1.653467650530019,-0.6982229384936658,-0.6829249992655481,0.0,-0.2786932057166471,-0.0953462589245592,-0.2171861213815347,-0.13545709229571928,2.8722813232690143,-0.511237358145545,-0.1933472978091327,-0.1354570922957193,-0.23904572186687878,-0.4252658742831209,-0.2970442628930023,0.6089241120359331,0.7071067811865477,-0.7071067811865475,-0.43994134506405985,0.0,0.0,0.0,0.0,0.0,0.0,0.0,0.0,0.0,0.0,0.0,0.0,1.0,0.0,0.0,0.0,0.0,0.0,0.0,0.0,0.0,0.0,0.0,0.0,0.0,0.0,0.0,0.0,0.0,0.0,0.0,0.0,0.0,0.0,0.0,0.0,1.0,0.0,0.0,0.0,0.0,1.0,0.0,0.0,0.0,0.0,0.0,1.0,0.0,0.0,0.0,0.0,0.0,1.0,0.0,0.0,0.0,0.0,0.0,0.0,0.0,0.0,0.0,0.0,0.0,0.0,0.0,0.0,0.0,0.0,0.0,0.0,0.0,0.0,1.0,0.0,0.0,0.0,0.0,0.0,0.0,0.0,0.0,0.0,0.0,0.0,0.0,0.0,0.0,0.0,0.0,0.0,0.0,1.0,0.0,0.0,0.0,0.0,0.0,0.0,0.0,0.0,0.0,0.0,0.0,0.0,0.0,0.0,0
VAR_001799,0.3704123719447622,-0.5443078761687493,-0.00761874874337402,-0.2725640785491027,0.0726677245095465,1.9798477094105142,-0.3182544238100634,7.017022520923537,4.263404742069633,-0.3058173996296138,1.2241388727131233,-0.691979249608071,0.7805012149858214,-0.625965706091788,0.47607612302559116,1.3796696963626436,0.07542617603449672,0.5926349763790606,1.1016447735158867,-0.8662666566525289,1.0935203165125211,-1.0910196068889997,0.3911195523740682,0.9650740041145233,0.6008839649609465,-1.2612045167404342,-1.0546359420511466,1.1745504684139176,1.2447074883967142,-1.1559342360041547,0.8045092713306388,0.4493510160135705,1.2197040077471442,1.0392243023806405,-1.186108106015113,0.6017555944725487,1.047326185550457,0.9882087304835168,0.7590239248111715,-1.3590907385226985,1.0396470922239303,1.189378904557533,-1.2834661280188786,0.9839827028611506,1.0039433877244224,0.19561519910898906,-0.23173208247950813,0.919492170788738,0.690320185238858,0.43421826855656065,0.6291317525820188,1.085255014018656,-1.298564435242429,-1.1326929475358645,1.2143629110381289,1.0649666073000195,0.9514673274032434,1.178574712629763,1.1376431975207442,-1.1406521668206824,-1.036537090851358,-1.1114919142407116,1.0763391081668667,1.0127184019062614,-0.9263000798424149,0.9971289059323633,-1.0723447565316517,1.0146473970671759,-0.8633646136777833,-0.3459286016066306,0.955372629642766,-1.0029915497650093,0.9879030973070977,-1.1872834332813964,0.9668928237852297,-1.0664614009045903,-1.1010564321581946,1.0341904547202905,-1.1920792721084463,1.1475797972991728,1.0995453975294383,-0.5743630415466323,0.9281281857357279,1.2618523382097067,1.3042766488942688,1.602463511540713,1.0972526879641071,-1.1672270165451164,-1.3908351418665734,-1.3177835415597816,1.3233226924555272,-1.3253661969609918,1.4129059716363248,1.155236690820497,1.1323199844351433,-1.352539204905001,1.0942202738310212,0.0,1.387501221191554,-1.2766105165967614,-1.1733912533481388,1.098661575277246,1.2907517170528129,1.0832934203356452,-1.2599549963304153,-1.2883904317672241,1.2901916490201075,1.2726879919922605,1.3054020889740467,1.1081640004297975,-1.0303084622236034,1.3381690153466055,1.0217310737510725,-1.6173146132458274,-1.3764993760453141,1.114960931561472,-1.129815761937809,-1.1592911349996455,1.0457624577621396,-1.2932950140487498,1.3329997612892854,-0.9009792281928168,1.153369024740493,-1.2645311001925834,-1.3470719221911818,1.2832204818413648,-1.1138648061882561,-1.3360423723905241,1.1102318953630232,1.1603198880807428,-0.5742601453494642,1.388322647262387,1.0497559090434576,-1.2559173865898015,1.080238369675639,1.2461226858168353,1.091860978552533,1.4956066405340973,1.2292734470194862,1.08229401958299,-0.2528526194363171,1.033553446742222,1.0248912165229476,0.6426225805779503,0.419870023208961,-1.1499064780761865,1.111415624510702,1.089241285612694,1.0174663063384182,1.2149570402428211,0.9209323689071074,0.9148704835412195,-0.9324988748360505,1.0054429537292477,0.9736916784744738,0.8680084359979812,0.9014231033911361,-1.1669199319831562,1.1429503598785975,0.8283742942329786,0.2415999856431615,-3.241406440612865,0.00021666216126800075,1.2381792819396726,0.48201664688741197,1.0435868333827465,0.736487786201259,0.6735070822638015,-0.6829249992655481,0.0,-0.2786932057166471,-0.0953462589245592,-0.2171861213815347,-0.13545709229571928,-0.3481553119113957,1.956038587687303,-0.1933472978091327,-0.1354570922957193,-0.23904572186687878,-0.4252658742831209,-0.2970442628930023,0.6089241120359331,0.7071067811865477,1.4142135623730951,-0.43994134506405985,0.0,0.0,0.0,0.0,0.0,0.0,0.0,0.0,0.0,0.0,0.0,0.0,0.0,0.0,0.0,0.0,1.0,0.0,0.0,0.0,0.0,0.0,0.0,0.0,0.0,0.0,0.0,0.0,0.0,0.0,0.0,0.0,0.0,0.0,1.0,0.0,0.0,0.0,0.0,0.0,0.0,0.0,1.0,0.0,0.0,0.0,0.0,0.0,1.0,0.0,0.0,0.0,0.0,0.0,1.0,0.0,0.0,0.0,0.0,0.0,0.0,0.0,0.0,0.0,0.0,0.0,0.0,0.0,0.0,0.0,0.0,0.0,0.0,1.0,0.0,0.0,0.0,0.0,0.0,0.0,0.0,0.0,0.0,0.0,0.0,0.0,0.0,0.0,0.0,0.0,1.0,0.0,0.0,0.0,0.0,0.0,0.0,0.0,0.0,0.0,0.0,0.0,0.0,0.0,0.0,0.0,0.0,0.0,1
VAR_001843,-0.36705626005400277,-0.7833110481978713,-0.3868643173686284,2.653967715892259,-0.4664019777398249,-0.4404827761339083,-0.5518938715765591,-0.35080799968432974,-0.37626869120837386,-0.4815302833733484,-0.5166484028583757,-0.691979249608071,0.8029352884632048,-0.625965706091788,-0.4629720314140015,0.557375920473235,1.0012164676896353,0.5926349763790606,1.1016447735158867,-0.8662666566525289,1.0935203165125211,-1.0910196068889997,0.3911195523740682,-1.3865859297887166,0.6008839649609465,1.041323466124503,-1.0546359420511466,1.1745504684139176,-1.04275163763036,1.1418939280238138,-0.44214637942824586,0.4493510160135705,1.2197040077471442,1.0392243023806405,-1.186108106015113,0.6017555944725487,1.047326185550457,0.9882087304835168,0.7590239248111715,-1.3590907385226985,1.0396470922239303,1.189378904557533,1.0597039412261138,0.9839827028611506,1.0039433877244224,0.19561519910898906,-1.029644141675261,0.919492170788738,0.00483935964231211,0.4697200570033022,0.45120762635443784,-1.0658754601968945,0.8987016060976569,-1.1326929475358645,-0.9838229206248016,-1.1160535663217912,0.9514673274032434,-1.016421815925668,1.1376431975207442,-1.1406521668206824,1.1591807924406405,-1.1114919142407116,1.0763391081668667,-1.1914334140073664,-0.9263000798424149,0.9971289059323633,1.1237856489113989,1.0146473970671759,1.3781573164353047,-0.38554958498500735,-1.2177085566348373,1.1806612330787183,0.9879030973070977,-1.1872834332813964,0.9668928237852297,0.07541625584455085,-1.1010564321581946,1.0341904547202905,-1.1920792721084463,-1.0187698200513067,1.0995453975294383,-0.6293462714451754,-0.5469804409355814,1.2618523382097067,1.3042766488942688,1.602463511540713,1.0972526879641071,-1.1672270165451164,-1.3908351418665734,1.284504907913757,-1.1283892784935592,1.1146547373986353,1.4129059716363248,1.155236690820497,-1.284747674647566,1.0691805882380039,1.0942202738310212,0.0,1.387501221191554,-1.2766105165967614,-1.1733912533481388,1.098661575277246,-1.1049686451781622,1.0832934203356452,1.0866054834124719,-1.2883904317672241,-1.137118063543146,-1.0585736667020706,1.3054020889740467,-1.2756771632854644,-1.0303084622236034,-1.1129326464268798,-1.4545167250779456,-1.6173146132458274,-1.3764993760453141,1.114960931561472,-1.129815761937809,1.252135169374646,1.0457624577621396,1.1732985694462887,-1.0156188657442176,-0.9009792281928168,1.153369024740493,1.1638936769938657,-1.3470719221911818,1.2832204818413648,-1.1138648061882561,1.1414713241319605,1.1102318953630232,-1.1776162023132102,0.1738816546967568,1.388322647262387,1.0497559090434576,1.1476486463665432,1.080238369675639,-1.1805372813001602,1.091860978552533,1.4956066405340973,1.2292734470194862,-1.0679342763894948,-0.4533544711779542,1.033553446742222,1.0248912165229476,1.1424808336171925,-0.5671609289695752,-1.1499064780761865,-1.0010353056380639,1.089241285612694,1.0174663063384182,1.2149570402428211,0.9209323689071074,-1.218545980178851,1.2149570402428211,1.0054429537292477,0.9736916784744738,-1.2826374656934454,-1.2457435162744455,0.9634766543676719,-0.9928659691874683,-1.3713756258593799,0.2415999856431615,0.45961603869494483,0.24743114516800238,1.1877681825355877,0.3563734485174123,1.0914632349404012,0.736487786201259,0.6735070822638015,-0.6829249992655481,0.0,-0.2786932057166471,-0.0953462589245592,-0.2171861213815347,-0.13545709229571928,-0.3481553119113957,1.956038587687303,-0.1933472978091327,-0.1354570922957193,-0.23904572186687878,-0.4252658742831209,-0.2970442628930023,-1.89443057077846,0.7071067811865477,1.4142135623730951,-0.43994134506405985,0.0,0.0,0.0,0.0,0.0,0.0,0.0,0.0,0.0,0.0,0.0,0.0,0.0,0.0,0.0,0.0,0.0,0.0,0.0,0.0,0.0,0.0,0.0,0.0,0.0,0.0,0.0,0.0,1.0,0.0,0.0,0.0,0.0,0.0,1.0,0.0,0.0,0.0,0.0,0.0,0.0,0.0,1.0,0.0,0.0,0.0,0.0,0.0,1.0,0.0,0.0,0.0,0.0,0.0,1.0,0.0,0.0,0.0,0.0,0.0,0.0,0.0,0.0,0.0,0.0,0.0,0.0,0.0,0.0,0.0,0.0,0.0,0.0,1.0,0.0,0.0,0.0,0.0,0.0,0.0,0.0,0.0,0.0,0.0,0.0,0.0,0.0,0.0,0.0,0.0,1.0,0.0,0.0,0.0,0.0,0.0,0.0,0.0,0.0,0.0,0.0,0.0,0.0,0.0,0.0,0.0,0.0,0.0,1
VAR_001804,-0.3508698453910393,1.5929993151888577,-0.566491366343354,-0.446838461238886,-0.1945326682378096,-0.4911623485032932,-0.2563090322253471,-0.2963134072386198,-0.19390512241702706,-0.4059004727865964,-0.5621654628262422,-1.6326651991639072,-1.449377670754339,-1.3895062926433095,2.3453945643745064,3.0242572481414607,-3.627734990586059,2.3017984368073443,-1.2540049559862378,-0.8662666566525289,1.0935203165125211,1.2220260021034306,0.3911195523740682,0.9650740041145233,0.6008839649609465,-1.2612045167404342,-1.0546359420511466,1.1745504684139176,1.2447074883967142,1.1418939280238138,-0.43414329452343997,0.4493510160135705,-1.1156618915576297,-1.3053671115269019,1.1565609289969432,0.6017555944725487,1.047326185550457,0.9882087304835168,0.7590239248111715,1.010128788601319,1.0396470922239303,-1.1765898840784197,-1.2834661280188786,0.9839827028611506,1.0039433877244224,0.19561519910898906,-1.029644141675261,0.919492170788738,0.9321880602842377,0.4626811955210193,0.8238373784215417,1.085255014018656,0.8987016060976569,1.1134560350208595,1.2143629110381289,-1.1160535663217912,-1.2672905159110424,1.178574712629763,-1.0172782175782764,1.0464693567588907,1.1591807924406405,-1.1114919142407116,1.0763391081668667,1.0127184019062614,-0.9263000798424149,0.9971289059323633,-1.0723447565316517,1.0146473970671759,1.3781573164353047,1.6136398106787015,0.955372629642766,1.1806612330787183,0.9879030973070977,-1.1872834332813964,0.9668928237852297,-1.0664614009045903,-1.1010564321581946,-1.175254772026969,-1.1920792721084463,1.1475797972991728,-1.4014697484903902,-0.6331524885150381,0.39963126744233707,1.2618523382097067,-1.0768863120804655,1.602463511540713,1.0972526879641071,1.2499781856285386,-1.3908351418665734,1.2873563171908922,1.3233226924555272,1.1146547373986353,1.4129059716363248,-1.2709543751565395,-1.284747674647566,1.0691805882380039,1.0942202738310212,0.0,1.387501221191554,1.1581621181496393,1.2380078653730484,-1.2556132288882809,-1.1049686451781622,1.0832934203356452,-1.2599549963304153,-1.2883904317672241,1.2901916490201075,0.40227074856660516,1.3054020889740467,-1.2756771632854644,1.3552968846228302,1.3381690153466055,-1.4545167250779456,-1.6173146132458274,-1.3764993760453141,1.114960931561472,1.2986428877185627,-1.1592911349996455,1.0457624577621396,-1.2932950140487498,-1.0156188657442176,1.5382572188657846,-1.2086966901339484,-1.2645311001925834,1.0884199436060857,-1.1057377049081205,1.5181654894997205,1.1414713241319605,1.1102318953630232,-1.1776162023132102,-0.4172311695893508,-1.0423368771244421,-1.4294548548676875,-1.2559173865898015,1.080238369675639,-1.1805372813001602,1.091860978552533,-0.9541254458708998,-1.1814925003155485,-1.0679342763894948,-0.2995670548086804,1.033553446742222,-1.081829617440889,-0.6755579794850511,-0.5671609287722529,-1.1499064780761865,1.111415624510702,-1.0244961742301215,1.0174663063384182,-0.9324988748360507,0.9209323689071074,0.9148704835412195,-0.9324988748360505,-1.092379750480273,0.9736916784744738,0.8680084359979812,-1.2457435162744455,-1.1669199319831562,-0.9928659691874683,0.8283742942329786,0.16290293049213464,-0.04477818220864652,0.08811369146244223,-0.45779453012113913,-0.3934529958139545,-0.28529115363362345,0.5975514431211439,-0.012357928114932163,0.6829249992655481,0.0,-0.2786932057166471,-0.0953462589245592,-0.2171861213815347,-0.13545709229571928,2.8722813232690143,-0.511237358145545,-0.1933472978091327,-0.1354570922957193,-0.23904572186687878,-0.4252658742831209,-0.2970442628930023,0.10825317547305456,0.7071067811865477,-0.7071067811865475,-0.43994134506405985,0.0,0.0,1.0,0.0,0.0,0.0,0.0,0.0,0.0,0.0,0.0,0.0,0.0,0.0,0.0,0.0,0.0,0.0,0.0,0.0,0.0,0.0,0.0,0.0,0.0,0.0,0.0,0.0,0.0,0.0,0.0,0.0,0.0,1.0,0.0,0.0,0.0,0.0,0.0,0.0,0.0,1.0,0.0,0.0,0.0,0.0,0.0,1.0,0.0,0.0,0.0,0.0,0.0,1.0,0.0,0.0,0.0,0.0,0.0,0.0,0.0,0.0,0.0,0.0,0.0,0.0,0.0,0.0,0.0,0.0,0.0,1.0,0.0,0.0,0.0,0.0,0.0,0.0,0.0,0.0,0.0,0.0,0.0,0.0,0.0,0.0,0.0,0.0,0.0,0.0,0.0,0.0,0.0,0.0,0.0,0.0,0.0,0.0,0.0,0.0,0.0,1.0,0.0,0.0,0.0,0.0,0.0,0.0,0
VAR_001965,-0.37011465696425744,-0.41486439352483245,-0.5351148295271287,-0.44724963234808385,-0.2290448329360379,-0.4928748161327737,-0.5445869469432945,-0.31406676184269733,-0.3986798532127739,-0.46022120075357614,-0.6468823512070062,-0.31442991535651627,-0.6374396639132592,0.13757488045973346,0.3031324189188476,-0.1827170803725909,-0.21046296280638835,0.08584733950577132,1.1016447735158867,-0.8662666566525289,1.0935203165125211,1.2220260021034306,0.3911195523740682,0.9650740041145233,-2.3767106828366003,1.041323466124503,-1.0546359420511466,1.1745504684139176,-1.04275163763036,-1.1559342360041547,-0.31122725074705565,0.4493510160135705,1.2197040077471442,-1.3053671115269019,1.1565609289969432,0.6017555944725487,1.047326185550457,-1.3860589986002567,0.7590239248111715,1.010128788601319,-1.2683694525131952,1.189378904557533,1.0597039412261138,0.9839827028611506,1.0039433877244224,0.19561519910898906,-1.029644141675261,-1.454080642177539,-1.884215206173262,0.038475398472484004,1.5629897125982146,1.085255014018656,0.8987016060976569,-1.1326929475358645,-0.9838229206248016,1.0649666073000195,0.9514673274032434,1.178574712629763,1.1376431975207442,-1.1406521668206824,-1.036537090851358,-1.1114919142407116,1.0763391081668667,-1.1914334140073664,-0.9263000798424149,-1.1730928305086623,1.1237856489113989,-1.1518747750387892,-0.8633646136777833,-0.38637671998998885,0.955372629642766,-1.0029915497650093,0.9879030973070977,1.009190918289187,0.9668928237852297,1.1683086565511613,1.0506559616720805,-1.175254772026969,1.0075363498063885,-1.0187698200513067,-0.9012667192864244,0.553311317189273,-0.5402539883249238,-1.1614281036809067,-1.0768863120804655,-0.8570604384154882,1.0972526879641071,-1.1672270165451164,1.07225433678547,1.2873412797696029,1.3233226924555272,-1.3253661969609918,-1.02238227140144,-1.2709543751565395,1.1323199844351433,1.0691805882380039,-0.5252257314388902,0.0,0.34059905177622385,1.1581621181496393,1.2380078653730484,-1.2556132288882809,1.2907517170528129,1.0832934203356452,1.0866054834124719,-1.2883904317672241,1.2901916490201075,-1.0585736667020706,-1.1586225279789357,1.1081640004297975,-1.0303084622236034,-1.1129326464268798,1.0217310737510725,-1.6173146132458274,1.0768676013041276,-1.3602523365049959,-1.129815761937809,1.252135169374646,1.0457624577621396,1.1732985694462887,-1.0156188657442176,1.5382572188657846,-1.2086966901339484,1.1638936769938657,1.0884199436060857,-1.1057377049081205,0.14765889487910452,1.1414713241319605,-1.3339535168969323,-1.1776162023132102,-0.6620313018455792,-1.0423368771244421,1.0497559090434576,-1.2559173865898015,1.080238369675639,1.2461226858168353,-1.312832843259593,-0.9541254458708998,-1.1814925003155485,-1.0679342763894948,-0.457575427722165,1.033553446742222,-1.081829617440889,-1.1246902141211947,-0.5671581578177661,-1.1499064780761865,-1.0010353056380639,1.089241285612694,1.0174663063384182,1.2149570402428211,0.9209323689071074,-1.218545980178851,1.2149570402428211,-1.092379750480273,0.9736916784744738,0.8680084359979812,-1.2457435162744455,-1.1669199319831562,-0.9928659691874683,0.8283742942329786,0.012392947170931624,0.20235199172471474,0.23593284676389945,0.17333903730706307,-0.4983563108621003,-0.05502289318980144,-0.9029610621440998,-1.3840879488723994,0.6829249992655481,0.0,-0.2786932057166471,-0.0953462589245592,-0.2171861213815347,-0.13545709229571928,-0.3481553119113957,-0.511237358145545,-0.1933472978091327,-0.1354570922957193,-0.23904572186687878,-0.4252658742831209,3.3665016461206925,0.6089241120359331,0.7071067811865477,1.4142135623730951,-0.43994134506405985,0.0,0.0,0.0,0.0,0.0,0.0,0.0,0.0,0.0,0.0,0.0,0.0,0.0,0.0,0.0,0.0,1.0,0.0,0.0,0.0,0.0,0.0,0.0,0.0,0.0,0.0,0.0,0.0,0.0,0.0,0.0,0.0,0.0,0.0,1.0,0.0,0.0,0.0,0.0,0.0,0.0,0.0,0.0,1.0,0.0,0.0,0.0,0.0,0.0,1.0,0.0,0.0,0.0,0.0,0.0,1.0,0.0,0.0,0.0,0.0,0.0,0.0,0.0,0.0,0.0,0.0,0.0,0.0,0.0,0.0,0.0,0.0,0.0,0.0,0.0,0.0,0.0,0.0,1.0,0.0,0.0,0.0,0.0,0.0,0.0,0.0,0.0,0.0,0.0,1.0,0.0,0.0,0.0,0.0,0.0,0.0,0.0,0.0,0.0,0.0,0.0,0.0,0.0,0.0,0.0,0.0,0.0,0.0,1
VAR_001955,0.0792700563034834,-0.7805709276560757,-0.5183762681164299,-0.10262110735742061,-0.46640079031501785,0.1932388381246452,0.0016163347980243726,-0.31199569959451406,-0.39686631808040873,0.797758405357507,-0.5812398410048635,-0.691979249608071,1.0672613679267962,-0.625965706091788,0.3031324189188476,0.557375920473235,0.07542617603449672,-0.261946753835081,-1.2540049559862378,-0.8662666566525289,-1.2427965579458726,-1.0910196068889997,0.3911195523740682,0.9650740041145233,0.6008839649609465,1.041323466124503,-1.0546359420511466,-1.1452912040762042,1.2447074883967142,-1.1559342360041547,-0.44215807111834887,0.4493510160135705,-1.1156618915576297,1.0392243023806405,1.1565609289969432,0.6017555944725487,1.047326185550457,-1.3860589986002567,0.7590239248111715,1.010128788601319,1.0396470922239303,-1.1765898840784197,-1.2834661280188786,0.9839827028611506,-1.3977315268749497,0.19561519910898906,1.3851815085649268,0.919492170788738,1.3541419950588902,0.8512380833011773,0.2459767761509608,-1.0658754601968945,0.8987016060976569,-1.1326929475358645,1.2143629110381289,-1.1160535663217912,0.9514673274032434,-1.016421815925668,1.1376431975207442,-1.1406521668206824,1.1591807924406405,1.1599643265355106,1.0763391081668667,1.0127184019062614,1.2992260860127374,-1.1730928305086623,-1.0723447565316517,-1.1518747750387892,1.3781573164353047,-0.30648751721336565,-1.2177085566348373,1.1806612330787183,-1.2052417787146594,1.009190918289187,-1.2414426379464678,-1.0664614009045903,1.0506559616720805,-1.175254772026969,1.0075363498063885,-1.0187698200513067,-1.4014697484903902,-0.6236585403683506,-0.3554802312794572,1.2618523382097067,-1.0768863120804655,-0.8570604384154882,1.0972526879641071,-1.1672270165451164,1.07225433678547,0.03661798061171776,-1.1283892784935592,-1.3253661969609918,-1.02238227140144,-1.2709543751565395,1.1323199844351433,1.0691805882380039,1.0942202738310212,0.0,-1.2297542023467716,1.1581621181496393,-1.1733912533481388,1.098661575277246,1.2907517170528129,1.0832934203356452,-1.2599549963304153,1.1111286609536124,-1.137118063543146,1.2726879919922605,1.3054020889740467,1.1081640004297975,-1.0303084622236034,1.3381690153466055,1.0217310737510725,-1.6173146132458274,-1.3764993760453141,1.114960931561472,-1.129815761937809,1.252135169374646,1.0457624577621396,1.1732985694462887,1.3329997612892854,1.5382572188657846,-1.2086966901339484,1.1638936769938657,-1.3470719221911818,1.2832204818413648,-1.1138648061882561,1.1414713241319605,1.1102318953630232,1.1603198880807428,0.10738734933057259,-1.0423368771244421,1.0497559090434576,-1.2559173865898015,-1.3768612006931302,-1.1805372813001602,-1.312832843259593,1.4956066405340973,-1.1814925003155485,-1.0679342763894948,2.628040890033955,1.033553446742222,-1.081829617440889,1.1424808336171925,0.2621712109557206,0.9774205063647585,-1.0010353056380639,1.089241285612694,1.0174663063384182,-0.9324988748360507,-1.2266200039645088,-1.218545980178851,1.2149570402428211,1.0054429537292477,-1.165043332778669,-1.2826374656934454,0.9014231033911361,0.9634766543676719,-0.9928659691874683,0.8283742942329786,-0.2168538633323989,0.4231812934780157,0.0034059512378716832,-0.5868181792129548,-0.05258073623372095,1.0914632349404012,0.4586151000410287,-0.012357928114932163,-0.6829249992655481,0.0,-0.2786932057166471,-0.0953462589245592,-0.2171861213815347,-0.13545709229571928,-0.3481553119113957,-0.511237358145545,5.1720402163943,-0.1354570922957193,-0.23904572186687878,-0.4252658742831209,-0.2970442628930023,0.6089241120359331,0.7071067811865477,-0.7071067811865475,-0.43994134506405985,0.0,0.0,0.0,0.0,0.0,0.0,0.0,0.0,0.0,0.0,0.0,0.0,1.0,0.0,0.0,0.0,0.0,0.0,0.0,0.0,0.0,0.0,0.0,0.0,0.0,0.0,0.0,0.0,0.0,0.0,0.0,0.0,0.0,0.0,0.0,1.0,0.0,0.0,0.0,0.0,0.0,0.0,1.0,0.0,0.0,0.0,0.0,0.0,1.0,0.0,0.0,0.0,0.0,0.0,1.0,0.0,0.0,0.0,0.0,0.0,0.0,1.0,0.0,0.0,0.0,0.0,0.0,0.0,0.0,0.0,0.0,0.0,0.0,0.0,0.0,0.0,0.0,0.0,0.0,0.0,0.0,0.0,0.0,0.0,0.0,0.0,0.0,0.0,0.0,0.0,1.0,0.0,0.0,0.0,0.0,0.0,0.0,0.0,0.0,0.0,0.0,0.0,0.0,0.0,0.0,0.0,0.0,0.0,1
VAR_001793,-0.34600830206722427,-0.784052229276218,-0.5611516301201844,-0.44697135006013944,-0.4626958065801413,-0.4928748545633068,-0.38741052347344135,-0.35379509734785525,0.3293288065199713,-0.48916549211800836,-0.46371605882629874,0.24870669994776531,0.8280958450923347,-0.625965706091788,0.3031324189188476,-0.1827170803725909,1.0012164676896353,0.08584733950577132,-1.2540049559862378,-0.8662666566525289,1.0935203165125211,1.2220260021034306,0.3911195523740682,0.9650740041145233,0.6008839649609465,-1.2612045167404342,1.2831365090189601,-1.1452912040762042,1.2447074883967142,1.1418939280238138,-0.4421626539842926,0.4493510160135705,1.2197040077471442,1.0392243023806405,-1.186108106015113,0.6017555944725487,1.047326185550457,0.9882087304835168,0.7590239248111715,-1.3590907385226985,1.0396470922239303,1.189378904557533,1.0597039412261138,-1.3300444161555385,1.0039433877244224,0.19561519910898906,1.3851815085649268,-1.454080642177539,0.6673549946637454,0.45632121825750727,0.7878222391491577,-1.0658754601968945,-1.298564435242429,-1.1326929475358645,-0.9838229206248016,-1.1160535663217912,-1.2672905159110424,-1.016421815925668,-1.0172782175782764,1.0464693567588907,1.1591807924406405,1.1599643265355106,-1.1118228150295109,1.0127184019062614,-0.9263000798424149,0.9971289059323633,-1.0723447565316517,-1.1518747750387892,1.3781573164353047,-0.38639340618246937,0.955372629642766,1.1806612330787183,-1.2052417787146594,1.009190918289187,0.9668928237852297,1.1683086565511613,1.0506559616720805,1.0341904547202905,1.0075363498063885,-1.0187698200513067,-1.4014697484903902,-0.6414585610685118,-0.4764691991343645,-1.1614281036809067,-1.0768863120804655,-0.8570604384154882,-1.32894349458601,-1.1672270165451164,1.07225433678547,-0.2328150130129165,-0.9756039967923736,1.1146547373986353,-1.02238227140144,1.155236690820497,-1.284747674647566,1.0691805882380039,-1.6048564016188311,0.0,1.387501221191554,-1.2766105165967614,1.2380078653730484,-1.2556132288882809,-1.1049686451781622,1.0832934203356452,-1.2599549963304153,-1.2883904317672241,1.2901916490201075,-1.0585736667020706,-1.1586225279789357,1.1081640004297975,-1.0303084622236034,1.3381690153466055,1.0217310737510725,0.8486458547526188,1.0768676013041276,-1.3602523365049959,-1.129815761937809,1.252135169374646,1.0457624577621396,-1.2932950140487498,1.3329997612892854,-0.9009792281928168,1.153369024740493,1.1638936769938657,-1.3470719221911818,-1.1057377049081205,-1.1138648061882561,1.1414713241319605,-1.3339535168969323,1.1603198880807428,-0.4551474163732808,-1.0423368771244421,-1.4294548548676875,1.1476486463665432,-1.3768612006931302,1.2461226858168353,-1.312832843259593,-0.9541254458708998,-1.1814925003155485,1.08229401958299,-0.4578500215392586,1.033553446742222,-1.081829617440889,1.1424808336171925,-0.5666649600536585,-1.1499064780761865,1.111415624510702,-1.0244961742301215,1.0174663063384182,1.2149570402428211,0.9209323689071074,0.9148704835412195,-0.9324988748360505,-1.092379750480273,0.9736916784744738,-1.2826374656934454,-1.2457435162744455,-1.1669199319831562,-0.9928659691874683,-1.3713756258593799,0.2415999856431615,0.28352790510751,0.2209673936496199,0.7573630996490894,1.0471241767078983,0.9011761988618876,0.09738060803272935,1.3593720926425352,-0.6829249992655481,0.0,3.588175023601831,-0.0953462589245592,-0.2171861213815347,-0.13545709229571928,-0.3481553119113957,-0.511237358145545,-0.1933472978091327,-0.1354570922957193,-0.23904572186687878,-0.4252658742831209,-0.2970442628930023,0.6089241120359331,0.7071067811865477,-0.7071067811865475,-0.43994134506405985,0.0,0.0,0.0,0.0,0.0,0.0,0.0,0.0,0.0,0.0,0.0,1.0,0.0,0.0,0.0,0.0,0.0,0.0,0.0,0.0,0.0,0.0,0.0,0.0,0.0,0.0,0.0,0.0,0.0,0.0,0.0,0.0,1.0,0.0,0.0,0.0,0.0,0.0,0.0,0.0,1.0,0.0,0.0,0.0,0.0,0.0,1.0,0.0,0.0,0.0,0.0,0.0,1.0,0.0,0.0,0.0,0.0,0.0,0.0,0.0,0.0,0.0,0.0,0.0,0.0,0.0,0.0,0.0,0.0,0.0,0.0,0.0,1.0,0.0,0.0,0.0,0.0,0.0,0.0,0.0,0.0,0.0,0.0,0.0,0.0,0.0,0.0,0.0,0.0,0.0,0.0,0.0,0.0,0.0,0.0,0.0,0.0,0.0,0.0,1.0,0.0,0.0,0.0,0.0,0.0,0.0,0.0,0.0,1
VAR_001850,-0.3519025870125174,-0.3782342570556593,-0.3215896368115096,-0.28221497095093123,-0.43623816695839374,-0.48471112022840174,0.7405852359609895,0.3497397130552472,-0.012399327227573018,-0.48619150128788347,0.28378666839829564,-0.31442991535651627,0.5950852472060669,0.13757488045973346,0.3031324189188476,-1.0050108562619995,0.7153273288487508,-0.7687343907083706,0.5391343503712346,-0.387880592530983,0.15899356672916362,-0.6284104850905136,0.3911195523740682,0.02441003055322729,0.005365035401437297,-0.3401933235944593,-0.5870814518371252,0.24661379941786885,-0.12776798721953023,1.1418939280238138,0.5346756962384417,-0.2433984670073505,-0.6485887116966749,-0.3675305459638849,-1.186108106015113,-0.5498801121904313,0.07854946391628402,-0.4363519069667473,-0.7728243598077373,-0.41140292767309145,-1.2683694525131952,0.24299138910315177,0.12243591352811678,-0.8672389923522006,0.5236084048045481,0.19561519910898906,0.4192512484688516,-0.02993695439777282,0.2753724272545433,0.6420464435575013,0.38813130810304936,-1.0658754601968945,0.8987016060976569,1.1134560350208595,-0.9838229206248016,1.0649666073000195,-1.2672905159110424,1.178574712629763,-1.0172782175782764,1.0464693567588907,1.1591807924406405,-1.1114919142407116,1.0763391081668667,1.0127184019062614,1.2992260860127374,-1.1730928305086623,1.1237856489113989,-1.1518747750387892,-0.8633646136777833,-0.3864485266450623,0.955372629642766,1.1806612330787183,-1.2052417787146594,1.009190918289187,0.9668928237852297,-1.0664614009045903,1.0506559616720805,1.0341904547202905,0.1942801131384997,-1.0187698200513067,-0.40106369008245873,-0.09922373752523204,-0.551290248444919,-0.676772015302784,0.35181146450437517,-0.36515564842424786,0.12677421494406022,0.28309610475907654,0.08701854532465249,0.17918103485710687,0.34263790407589256,-0.38390212780601646,-0.5353246227938869,-0.30047794876572487,-0.31792061101448216,0.13661332699752446,-0.5252257314388902,0.0,0.34059905177622385,0.6712075912003593,-0.20883160585966384,0.6278066144441405,0.8116076446066178,0.6117421667777763,0.6172933874638946,0.15132102386527777,-0.16619417851784443,-0.12606900322433817,-0.1730126811977428,-0.3221406977993596,-0.07606632348502991,-0.1324919817174857,0.031231954219465324,-0.13773833244675973,-0.3951525851055374,-0.3701670292784088,-0.15843230207526035,-0.6770058741247872,0.0658064299130717,-0.3066575806507344,-0.07617141493081644,-0.41313193878109655,0.6809558817656048,0.678208721556576,0.1142231972871786,0.29900843764002316,1.1055434559073398,-0.8405396330860272,-0.3562793519929501,0.6927326700019523,0.29851782984086345,0.41605883750765543,-0.43777054930322945,0.6669354397752745,0.5888184556018852,-0.20987329445336192,0.1299834498276825,0.5157138059720985,0.26496706808547227,-1.0679342763894948,-0.01553752468178052,1.033553446742222,-1.081829617440889,1.1424808336171925,0.4198788176665501,-1.1499064780761865,-1.0010353056380639,1.089241285612694,1.0174663063384182,-0.9324988748360507,0.9209323689071074,-1.218545980178851,1.2149570402428211,1.0054429537292477,-1.165043332778669,-1.2826374656934454,0.9014231033911361,0.9634766543676719,-0.9928659691874683,0.8283742942329786,0.2415999856431615,0.40515778234868816,0.1377195674437354,0.7822755983995936,-0.04763907159882808,1.0884822635955849,-0.3194284212076161,0.6735070822638015,0.6829249992655481,0.0,-0.2786932057166471,-0.0953462589245592,-0.2171861213815347,-0.13545709229571928,-0.3481553119113957,1.956038587687303,-0.1933472978091327,-0.1354570922957193,-0.23904572186687878,-0.4252658742831209,-0.2970442628930023,0.6089241120359331,-1.4142135623730951,-0.7071067811865475,-0.43994134506405985,0.0,0.0,0.0,0.0,0.0,0.0,0.0,0.0,1.0,0.0,0.0,0.0,0.0,0.0,0.0,0.0,0.0,0.0,0.0,0.0,0.0,0.0,0.0,0.0,0.0,0.0,0.0,0.0,0.0,0.0,0.0,0.0,0.0,0.0,0.0,0.0,0.0,0.0,1.0,1.0,0.0,0.0,0.0,0.0,0.0,1.0,0.0,0.0,0.0,0.0,0.0,1.0,0.0,0.0,0.0,0.0,0.0,1.0,0.0,0.0,0.0,0.0,0.0,0.0,0.0,0.0,0.0,0.0,0.0,0.0,0.0,0.0,0.0,0.0,0.0,0.0,0.0,0.0,0.0,0.0,0.0,0.0,0.0,0.0,0.0,0.0,0.0,0.0,0.0,0.0,0.0,0.0,0.0,0.0,0.0,0.0,0.0,0.0,0.0,0.0,0.0,0.0,0.0,1.0,0.0,0.0,0.0,0.0,0
VAR_001823,-0.23962493980346683,1.601668052198167,-0.564690140820809,-0.41509850311305924,0.2745115763156203,1.5762461595648936,-0.5291025745317846,-0.14380454169048393,0.3485044939185812,4.813126178481696,0.6092912429865563,3.070764548615274,-0.3279010550562148,-1.3895062926433095,-2.349846207823455,3.0242572481414607,1.0012164676896353,2.3017984368073443,1.1016447735158867,1.5256636639552004,-1.2427965579458726,1.2220260021034306,0.3911195523740682,0.9650740041145233,0.6008839649609465,1.041323466124503,1.2831365090189601,-1.1452912040762042,1.2447074883967142,1.1418939280238138,0.3193909559735937,0.4493510160135705,-1.1156618915576297,1.0392243023806405,-1.186108106015113,0.6017555944725487,1.047326185550457,0.9882087304835168,0.7590239248111715,1.010128788601319,1.0396470922239303,1.189378904557533,-1.2834661280188786,0.9839827028611506,-1.3977315268749497,0.19561519910898906,-1.029644141675261,0.919492170788738,0.013630068882749938,0.6671442573206869,-0.3853889073105749,1.085255014018656,-1.298564435242429,1.1134560350208595,-0.9838229206248016,-1.1160535663217912,0.9514673274032434,1.178574712629763,-1.0172782175782764,-1.1406521668206824,1.1591807924406405,1.1599643265355106,-1.1118228150295109,-1.1914334140073664,-0.9263000798424149,-1.1730928305086623,1.1237856489113989,-1.1518747750387892,-0.8633646136777833,-0.30424946188018487,-1.2177085566348373,1.1806612330787183,0.9879030973070977,-1.1872834332813964,-1.2414426379464678,1.1683086565511613,1.0506559616720805,1.0341904547202905,1.0075363498063885,1.1475797972991728,1.0995453975294383,-0.6128860573003603,0.8125691862102367,1.2618523382097067,1.3042766488942688,1.602463511540713,1.0972526879641071,-1.1672270165451164,1.07225433678547,1.0146232714961985,1.3233226924555272,-1.3253661969609918,1.4129059716363248,1.155236690820497,1.1323199844351433,-1.352539204905001,1.0942202738310212,0.0,-1.2297542023467716,-1.2766105165967614,-1.1733912533481388,1.098661575277246,1.2907517170528129,1.0832934203356452,-1.2599549963304153,1.1111286609536124,-1.137118063543146,1.2726879919922605,1.3054020889740467,1.1081640004297975,-1.0303084622236034,1.3381690153466055,1.0217310737510725,-1.6173146132458274,-1.3764993760453141,1.114960931561472,1.2986428877185627,-1.1592911349996455,1.0457624577621396,-1.2932950140487498,1.3329997612892854,-0.9009792281928168,-1.2086966901339484,1.1638936769938657,1.0884199436060857,-1.1057377049081205,1.5181654894997205,1.1414713241319605,1.1102318953630232,1.1603198880807428,1.6108376837861562,-1.0423368771244421,1.0497559090434576,1.1476486463665432,1.080238369675639,-1.1805372813001602,1.091860978552533,1.4956066405340973,-1.1814925003155485,1.08229401958299,-0.2527131037901282,-1.0831335013829928,1.0248912165229476,0.2532394822595634,0.4198788203555908,-1.1499064780761865,1.111415624510702,-1.0244961742301215,1.0174663063384182,1.2149570402428211,-1.2266200039645088,0.9148704835412195,-0.9324988748360505,1.0054429537292477,0.9736916784744738,0.8680084359979812,0.9014231033911361,0.9634766543676719,1.1429503598785975,0.8283742942329786,0.0794676351570036,0.2425180213416419,0.24743114516800238,0.7541165898650333,1.0471241767078983,1.0182579212575347,1.2366586212896735,-0.6982229384936658,-0.6829249992655481,0.0,3.588175023601831,-0.0953462589245592,-0.2171861213815347,-0.13545709229571928,-0.3481553119113957,-0.511237358145545,-0.1933472978091327,-0.1354570922957193,-0.23904572186687878,-0.4252658742831209,-0.2970442628930023,-1.89443057077846,0.7071067811865477,-0.7071067811865475,-0.43994134506405985,0.0,0.0,0.0,0.0,0.0,0.0,0.0,0.0,0.0,0.0,0.0,0.0,0.0,0.0,0.0,0.0,0.0,0.0,0.0,0.0,0.0,0.0,0.0,0.0,0.0,0.0,1.0,0.0,0.0,0.0,0.0,0.0,0.0,1.0,0.0,0.0,0.0,0.0,0.0,0.0,1.0,0.0,0.0,0.0,0.0,0.0,1.0,0.0,0.0,0.0,0.0,0.0,1.0,0.0,0.0,0.0,0.0,0.0,0.0,0.0,0.0,0.0,1.0,0.0,0.0,0.0,0.0,0.0,0.0,0.0,0.0,0.0,0.0,0.0,0.0,0.0,0.0,0.0,0.0,0.0,0.0,0.0,0.0,0.0,0.0,0.0,0.0,0.0,0.0,1.0,0.0,0.0,0.0,0.0,0.0,0.0,0.0,0.0,0.0,0.0,0.0,0.0,0.0,0.0,0.0,0.0,0.0,0.0,0
VAR_001872,-0.37039621679825674,1.7800425554941541,-0.5206155938801684,-0.4472496579009463,-0.44613869157106856,-0.49287358596663977,-0.5435879972232898,-0.3537950310044401,-0.22502097312746458,0.2915496153852039,-0.6676204993193394,0.62625603419932,0.6379213090196576,0.13757488045973346,0.3031324189188476,-1.0050108562619995,-0.21046296280638835,-1.6233161209225122,1.1016447735158867,1.5256636639552004,1.0935203165125211,1.2220260021034306,0.3911195523740682,-1.3865859297887166,-2.3767106828366003,1.041323466124503,1.2831365090189601,-1.1452912040762042,-1.04275163763036,1.1418939280238138,-0.42521284516609215,0.4493510160135705,1.2197040077471442,-1.3053671115269019,1.1565609289969432,-2.277333672184901,-1.3746156185349752,0.9882087304835168,-1.7940565495536767,1.010128788601319,1.0396470922239303,1.189378904557533,1.0597039412261138,-1.3300444161555385,1.0039433877244224,0.19561519910898906,-1.029644141675261,-1.454080642177539,-1.2331582047938878,-0.006299199251993554,0.3382750535960498,-1.0658754601968945,-1.298564435242429,1.1134560350208595,-0.9838229206248016,1.0649666073000195,0.9514673274032434,-1.016421815925668,1.1376431975207442,1.0464693567588907,-1.036537090851358,-1.1114919142407116,1.0763391081668667,1.0127184019062614,-0.9263000798424149,0.9971289059323633,-1.0723447565316517,1.0146473970671759,-0.8633646136777833,-0.38644717844821125,0.955372629642766,-1.0029915497650093,-1.2052417787146594,-1.1872834332813964,0.9668928237852297,-1.0664614009045903,1.0506559616720805,-1.175254772026969,-1.1920792721084463,1.1475797972991728,-1.4014697484903902,0.6747207225446181,-0.5513781259174463,1.2618523382097067,1.3042766488942688,1.602463511540713,-1.32894349458601,1.2499781856285386,-1.3908351418665734,-0.9876216354468714,-1.1283892784935592,-1.3253661969609918,-1.02238227140144,1.155236690820497,-1.284747674647566,1.0691805882380039,0.5544049387410508,0.0,-0.1828520329314412,-1.2766105165967614,-1.1733912533481388,1.098661575277246,1.2907517170528129,-1.2744628474537005,1.0866054834124719,1.1111286609536124,1.2901916490201075,-1.0585736667020706,-1.0835256393166006,1.1081640004297975,-1.0303084622236034,1.3381690153466055,1.0217310737510725,0.8486458547526188,-1.3764993760453141,-1.3602523365049959,1.2986428877185627,1.252135169374646,-1.4041276118605301,1.1732985694462887,-1.0156188657442176,1.5382572188657846,-1.2086966901339484,1.1638936769938657,-1.3470719221911818,-1.1057377049081205,0.3055526847020738,-1.3360423723905241,1.1102318953630232,-1.1776162023132102,-0.6623859702035031,-1.0423368771244421,-1.4294548548676875,-1.2559173865898015,-1.3768612006931302,1.2461226858168353,-1.312832843259593,1.4956066405340973,-1.1814925003155485,-1.0679342763894948,-0.45310210804342116,1.033553446742222,-1.081829617440889,1.1424808336171925,0.4176169861266226,-1.1499064780761865,-1.0010353056380639,-1.0244961742301215,-1.1486214361181755,1.2149570402428211,0.9209323689071074,-1.218545980178851,-0.9324988748360505,-1.092379750480273,0.9736916784744738,-1.2826374656934454,-1.2457435162744455,-1.1669199319831562,1.1429503598785975,0.8283742942329786,0.2415999856431615,0.45961603869494483,0.24743114516800238,0.5019527993419968,1.0471241767078983,0.8849899632116537,-0.6528756445998924,-0.012357928114932163,2.048774997796644,0.0,-0.2786932057166471,-0.0953462589245592,-0.2171861213815347,-0.13545709229571928,-0.3481553119113957,-0.511237358145545,-0.1933472978091327,-0.1354570922957193,-0.23904572186687878,-0.4252658742831209,-0.2970442628930023,0.6089241120359331,0.7071067811865477,1.4142135623730951,-0.43994134506405985,0.0,0.0,0.0,0.0,0.0,0.0,0.0,0.0,0.0,0.0,0.0,0.0,0.0,0.0,0.0,0.0,1.0,0.0,0.0,0.0,0.0,0.0,0.0,0.0,0.0,0.0,0.0,0.0,0.0,0.0,0.0,0.0,0.0,0.0,1.0,0.0,0.0,0.0,0.0,0.0,1.0,0.0,0.0,0.0,0.0,0.0,1.0,0.0,0.0,0.0,0.0,0.0,1.0,0.0,0.0,0.0,0.0,0.0,0.0,0.0,0.0,0.0,0.0,0.0,0.0,0.0,0.0,0.0,0.0,0.0,0.0,0.0,0.0,0.0,1.0,0.0,0.0,0.0,0.0,0.0,0.0,0.0,0.0,0.0,0.0,0.0,0.0,0.0,0.0,0.0,0.0,0.0,0.0,0.0,0.0,0.0,0.0,0.0,0.0,1.0,0.0,0.0,0.0,0.0,0.0,0.0,0.0,0.0,1
VAR_001783,-0.253024577624905,-0.3822399143891207,-0.47597747302682025,-0.41382825434209713,-0.45895323436781743,-0.3797575458129135,0.7180277605121251,0.15680182571101747,-0.3917735201018892,-0.48486711190307,0.4860514036729871,-0.691979249608071,1.0896954414041797,-0.625965706091788,-0.6359157355207451,-0.26491785541617374,1.0012164676896353,-0.261946753835081,0.06800440447080984,-0.387880592530983,0.15899356672916362,-0.16580136329202746,-0.4128484163948504,0.02441003055322729,0.005365035401437297,0.12031227297852805,-1.0546359420511466,-0.2173545350801554,-0.12776798721953023,0.22276266241262635,1.6771186354714374,0.4493510160135705,-0.18151553183572006,0.5703060195991321,0.21949331499212069,0.6017555944725487,-0.8902272577178887,-0.4363519069667473,-0.2622082649347678,0.5362848831765156,-0.80676614356577,-0.7033961263512292,0.12243591352811678,-0.40443356854886275,0.04327342188467346,0.19561519910898906,-0.0637138815791859,0.44477760819548273,0.6080799623205738,0.6789408310025885,0.1907867720376219,0.22480282433243576,0.8987016060976569,0.21499644199816986,-0.5441857542922155,0.1925585378512952,-0.379787378585328,-0.13842320450349557,-0.15530965153866813,0.1716207473270614,0.2808936391238411,0.2513818302250218,-0.23655804575095973,0.5718880387235359,0.4090156196706764,0.12904021135595298,0.6845595678227888,0.1480385282247898,0.03324415836745199,-0.31820883407304373,-0.34847608212379594,-0.5662609931962638,-0.3279838283059565,-0.3086936926531631,0.0835586390925506,-0.17255337792228959,0.18997100413997042,-0.2914766813280652,1.0075363498063885,0.2810399503589809,1.0995453975294383,0.37955388193889356,-0.5450269702453289,0.29254016145346123,-1.0768863120804655,-0.8570604384154882,-0.35846502156596305,0.28309610475907654,-0.40559935040575607,0.6750827974318949,-0.14770449011392464,-0.4557369577374257,-0.5353246227938869,0.18476026442968232,-0.31792061101448216,0.13661332699752446,0.5544049387410508,0.0,0.3128771483334708,-0.3027014626982011,-0.20883160585966384,0.6278066144441405,-0.6258245727319671,0.6117421667777763,1.0866054834124719,0.15132102386527777,0.31926776399480616,-0.12606900322433817,0.3197922421928535,-0.3221406977993596,0.8781758152535435,0.35772835063721126,0.031231954219465324,-0.13773833244675973,0.5861942058342393,-0.3701670292784088,-0.15843230207526035,-1.1592911349996455,-0.13773322055215367,0.6799798527472811,0.393552310475884,-0.41313193878109655,0.20854273879071644,0.19252376611928598,0.6013215704466323,-0.1501544302083263,0.397141178901715,-0.34503689378153024,0.1325577304590409,0.6927326700019523,-0.3534750745287504,-0.5562049722470762,-0.43777054930322945,-0.29449097340726355,0.09739854152813121,0.7607906923934363,0.1299834498276825,0.5157138059720985,0.7471202575524793,-0.2078429580005009,-0.43154440647192294,0.18687866749213605,0.6035470497301804,0.23561241452183765,-0.013649313120870987,0.1264897125883804,-0.5785451196083107,-0.17900119029299524,0.3681216967916888,-0.5030076918202763,-0.7971095293901855,0.9148704835412195,0.3559746742112725,0.1663138720454394,0.5459446762238453,-0.42237910501687476,-0.3868768684082127,-0.31476129744282494,0.28862382825217103,-0.4914756578224365,0.2415999856431615,0.3659825086225172,0.24743114516800238,0.35374047389845814,-0.2531715243939385,1.0914632349404012,0.26410421972886755,1.3593720926425352,-0.6829249992655481,0.0,-0.2786932057166471,-0.0953462589245592,-0.2171861213815347,-0.13545709229571928,-0.3481553119113957,1.956038587687303,-0.1933472978091327,-0.1354570922957193,-0.23904572186687878,-0.4252658742831209,-0.2970442628930023,0.6089241120359331,-1.4142135623730951,-0.7071067811865475,-0.43994134506405985,0.0,0.0,0.0,0.0,0.0,0.0,0.0,0.0,1.0,0.0,0.0,0.0,0.0,0.0,0.0,0.0,0.0,0.0,0.0,0.0,0.0,0.0,0.0,0.0,0.0,0.0,0.0,0.0,0.0,0.0,0.0,0.0,0.0,0.0,0.0,0.0,0.0,0.0,1.0,0.0,0.0,0.0,1.0,0.0,0.0,0.0,0.0,0.0,1.0,0.0,0.0,0.0,0.0,0.0,1.0,0.0,0.0,0.0,0.0,0.0,0.0,0.0,1.0,0.0,0.0,0.0,0.0,0.0,0.0,0.0,0.0,0.0,0.0,0.0,0.0,0.0,0.0,0.0,0.0,0.0,0.0,0.0,0.0,0.0,0.0,0.0,0.0,0.0,0.0,0.0,0.0,0.0,1.0,0.0,0.0,0.0,0.0,0.0,0.0,0.0,0.0,0.0,0.0,0.0,0.0,0.0,0.0,0.0,1
VAR_001873,-0.36812734866614044,-0.588645051556687,-0.5574130114721084,1.267778243749399,-0.22449996615415016,-0.42516435360420063,-0.55560760830835,-0.352302294207994,-0.3808403560308796,-0.4891551971210993,-0.632395788219424,-1.6326651991639072,4.71324688484229,-1.3895062926433095,2.3453945643745064,-1.0872116313055824,1.0012164676896353,-1.9711102142633647,1.1016447735158867,-0.8662666566525289,-1.2427965579458726,1.2220260021034306,0.3911195523740682,0.9650740041145233,0.6008839649609465,-1.2612045167404342,1.2831365090189601,1.1745504684139176,1.2447074883967142,-1.1559342360041547,-0.407100051039699,0.4493510160135705,-1.1156618915576297,1.0392243023806405,-1.186108106015113,0.6017555944725487,1.047326185550457,-1.3860589986002567,0.7590239248111715,1.010128788601319,1.0396470922239303,-1.1765898840784197,1.0597039412261138,-1.3300444161555385,-1.3977315268749497,0.19561519910898906,-1.029644141675261,0.919492170788738,-1.0426163104621973,-0.31911348692206676,-0.2252125602588958,-1.0658754601968945,0.8987016060976569,1.1134560350208595,1.2143629110381289,-1.1160535663217912,-1.2672905159110424,-1.016421815925668,-1.0172782175782764,-1.1406521668206824,1.1591807924406405,1.1599643265355106,-1.1118228150295109,-1.1914334140073664,-0.9263000798424149,0.9971289059323633,1.1237856489113989,-1.1518747750387892,1.3781573164353047,5.411152125449039,-1.2177085566348373,-1.0029915497650093,0.9879030973070977,1.009190918289187,-1.2414426379464678,1.1683086565511613,-1.1010564321581946,1.0341904547202905,-1.1920792721084463,-1.0187698200513067,1.0995453975294383,0.8757079787696176,-0.5149676195764954,1.2618523382097067,-1.0768863120804655,-0.8570604384154882,-1.32894349458601,-1.1672270165451164,-1.3908351418665734,1.2159425771626535,-1.1283892784935592,-1.3253661969609918,1.4129059716363248,1.155236690820497,-1.284747674647566,1.0691805882380039,1.0942202738310212,0.0,1.2488917039777894,-1.2766105165967614,-1.1733912533481388,-1.2556132288882809,-1.1049686451781622,-1.2744628474537005,1.0866054834124719,1.1111286609536124,1.2901916490201075,-1.0585736667020706,-1.1586225279789357,1.1081640004297975,-1.0303084622236034,1.3381690153466055,-1.4545167250779456,0.8486458547526188,-1.3764993760453141,-1.3602523365049959,-1.129815761937809,-1.1592911349996455,0.028064205436012,1.1732985694462887,-1.0156188657442176,1.5382572188657846,-1.2086966901339484,1.1638936769938657,-1.3470719221911818,-1.1057377049081205,0.6081844001595718,-1.3360423723905241,1.1102318953630232,1.1603198880807428,-0.6623897812809642,-1.0423368771244421,1.0497559090434576,-1.2559173865898015,1.080238369675639,1.2461226858168353,-1.312832843259593,1.4956066405340973,1.2292734470194862,1.08229401958299,-0.4499816676740533,-1.0831335013829928,1.0248912165229476,0.5234395618754801,0.4197016879678781,0.9774205063647585,-1.0010353056380639,-1.0244961742301215,-1.1486214361181755,-0.9324988748360507,-1.2266200039645088,0.9148704835412195,-0.9324988748360505,-1.092379750480273,-1.0248280740362554,0.8680084359979812,0.9014231033911361,-1.1669199319831562,1.1429503598785975,0.8283742942329786,0.1690870944444397,0.45961603869494483,0.24743114516800238,0.7006650746760671,0.7330018071442166,0.9640732540527581,-0.3750029584396622,1.3593720926425352,-0.6829249992655481,0.0,-0.2786932057166471,-0.0953462589245592,-0.2171861213815347,-0.13545709229571928,-0.3481553119113957,1.956038587687303,-0.1933472978091327,-0.1354570922957193,-0.23904572186687878,-0.4252658742831209,-0.2970442628930023,0.10825317547305456,0.7071067811865477,-0.7071067811865475,-0.43994134506405985,0.0,0.0,0.0,0.0,0.0,0.0,0.0,1.0,0.0,0.0,0.0,0.0,0.0,0.0,0.0,0.0,0.0,0.0,0.0,0.0,0.0,0.0,0.0,0.0,0.0,0.0,0.0,0.0,0.0,0.0,0.0,0.0,0.0,0.0,0.0,0.0,0.0,1.0,0.0,0.0,0.0,0.0,1.0,0.0,0.0,0.0,0.0,0.0,1.0,0.0,0.0,0.0,0.0,0.0,1.0,0.0,0.0,0.0,0.0,0.0,0.0,0.0,0.0,0.0,0.0,0.0,0.0,0.0,0.0,0.0,0.0,0.0,0.0,0.0,1.0,0.0,0.0,0.0,0.0,0.0,0.0,0.0,0.0,0.0,0.0,0.0,0.0,0.0,0.0,0.0,0.0,0.0,0.0,0.0,0.0,1.0,0.0,0.0,0.0,0.0,0.0,0.0,0.0,0.0,0.0,0.0,0.0,0.0,1
VAR_001871,1.1109754929450173,1.779699206963118,-0.42685213252555704,-0.42793462808625293,1.8824205162211622,-0.4928748546612195,-0.557171206858274,0.06804617112364335,-0.39875374805949254,-0.43466482388856525,-0.6395489894805467,-1.6326651991639072,-1.0008697153828043,2.428196640114298,2.3453945643745064,3.0242572481414607,1.0012164676896353,-1.9711102142633647,1.1016447735158867,-0.8662666566525289,1.0935203165125211,-1.0910196068889997,0.3911195523740682,0.9650740041145233,0.6008839649609465,1.041323466124503,1.2831365090189601,-1.1452912040762042,1.2447074883967142,-1.1559342360041547,-0.4421660814171607,0.4493510160135705,1.2197040077471442,-1.3053671115269019,-1.186108106015113,0.6017555944725487,-1.3746156185349752,-1.3860589986002567,0.7590239248111715,1.010128788601319,1.0396470922239303,-1.1765898840784197,1.0597039412261138,0.9839827028611506,1.0039433877244224,0.19561519910898906,1.3851815085649268,-1.454080642177539,-1.1451764358902865,-5.933941691801892,-6.883848416286563,1.085255014018656,0.8987016060976569,-1.1326929475358645,1.2143629110381289,1.0649666073000195,-1.2672905159110424,1.178574712629763,-1.0172782175782764,1.0464693567588907,1.1591807924406405,1.1599643265355106,1.0763391081668667,1.0127184019062614,-0.9263000798424149,0.9971289059323633,1.1237856489113989,1.0146473970671759,-0.8633646136777833,-0.37975168664645986,-1.2177085566348373,-1.0029915497650093,-1.2052417787146594,-1.1872834332813964,0.9668928237852297,-1.0664614009045903,-1.1010564321581946,1.0341904547202905,1.0075363498063885,-1.0187698200513067,1.0995453975294383,-0.6404991619660612,-0.5258365141667595,-1.1614281036809067,-1.0768863120804655,1.602463511540713,1.0972526879641071,-1.1672270165451164,-1.3908351418665734,-1.3237040596568483,-1.1283892784935592,-1.3253661969609918,1.4129059716363248,-1.2709543751565395,-1.284747674647566,1.0691805882380039,1.0942202738310212,0.0,1.387501221191554,1.1581621181496393,1.2380078653730484,-1.2556132288882809,1.2907517170528129,1.0832934203356452,1.0866054834124719,-1.2883904317672241,1.2901916490201075,-1.0585736667020706,1.1728174867200725,-1.2756771632854644,1.3552968846228302,-1.1129326464268798,1.0217310737510725,-1.6173146132458274,1.0768676013041276,1.114960931561472,-1.129815761937809,-1.1592911349996455,-1.4041276118605301,-1.2932950140487498,1.3329997612892854,-0.9009792281928168,-1.2086966901339484,1.1638936769938657,-1.3470719221911818,1.2832204818413648,1.5181654894997205,-1.3360423723905241,-1.3339535168969323,-1.1776162023132102,0.035179331069165036,-1.0423368771244421,1.0497559090434576,-1.2559173865898015,1.080238369675639,1.2461226858168353,-1.312832843259593,-0.9541254458708998,-1.1814925003155485,1.08229401958299,-0.45869167332706706,-1.0831335013829928,1.0248912165229476,1.1424808336171925,-0.009243000986698136,0.9774205063647585,-1.0010353056380639,-1.0244961742301215,-1.1486214361181755,-0.9324988748360507,0.9209323689071074,-1.218545980178851,-0.9324988748360505,-1.092379750480273,-1.165043332778669,-1.2826374656934454,0.9014231033911361,0.9634766543676719,-0.9928659691874683,0.8283742942329786,0.2415999856431615,0.3141546049955861,-5.523323006178376,-1.9976366368674447,-6.603229022529231,-2.389713729236465,-1.069684673840238,-0.012357928114932163,0.0,0.0,-0.2786932057166471,-0.0953462589245592,-0.2171861213815347,-0.13545709229571928,-0.3481553119113957,-0.511237358145545,-0.1933472978091327,-0.1354570922957193,-0.23904572186687878,2.3514701283890216,-0.2970442628930023,-1.3937596342155811,0.7071067811865477,-0.7071067811865475,2.273030282830976,1.0,0.0,0.0,0.0,0.0,0.0,0.0,0.0,0.0,0.0,0.0,0.0,0.0,0.0,0.0,0.0,0.0,0.0,0.0,0.0,0.0,0.0,0.0,0.0,0.0,0.0,0.0,0.0,0.0,0.0,0.0,0.0,1.0,0.0,0.0,0.0,0.0,0.0,0.0,0.0,0.0,0.0,0.0,1.0,0.0,0.0,0.0,0.0,0.0,1.0,0.0,0.0,0.0,0.0,0.0,1.0,0.0,0.0,0.0,0.0,0.0,0.0,0.0,0.0,0.0,0.0,1.0,0.0,0.0,0.0,0.0,0.0,0.0,0.0,0.0,0.0,0.0,0.0,0.0,0.0,0.0,0.0,0.0,0.0,0.0,0.0,0.0,0.0,0.0,0.0,0.0,0.0,0.0,0.0,0.0,0.0,0.0,0.0,0.0,0.0,0.0,0.0,0.0,1.0,0.0,0.0,0.0,0.0,0
VAR_001812,-0.3617955876718298,-0.7840422315020854,0.40892797190386077,-0.44724770269608355,-0.46005957070426534,-0.48542682432099443,-0.5563127266235204,-0.33386093999951033,-0.39852057897197296,-0.48619150125255856,-0.4080073518997409,-0.31442991535651627,0.5950852472060669,0.13757488045973346,0.3031324189188476,-1.0050108562619995,0.7153273288487508,-0.7687343907083706,-1.2540049559862378,-0.8662666566525289,1.0935203165125211,-1.0910196068889997,0.3911195523740682,-1.3865859297887166,-2.3767106828366003,1.041323466124503,-1.0546359420511466,1.1745504684139176,1.2447074883967142,1.1418939280238138,-0.42642071092205563,0.4493510160135705,1.2197040077471442,1.0392243023806405,-1.186108106015113,-2.277333672184901,1.047326185550457,0.9882087304835168,0.7590239248111715,0.3185611967444344,1.0396470922239303,1.189378904557533,1.0597039412261138,-1.3300444161555385,1.0039433877244224,0.19561519910898906,-1.029644141675261,0.919492170788738,0.10945150760840662,0.3983727086749067,0.2947891341265247,1.085255014018656,0.8987016060976569,1.1134560350208595,-0.9838229206248016,1.0649666073000195,-1.2672905159110424,-1.016421815925668,1.1376431975207442,1.0464693567588907,1.1591807924406405,1.1599643265355106,-1.1118228150295109,-1.1914334140073664,1.2992260860127374,-1.1730928305086623,1.1237856489113989,1.0146473970671759,-0.8633646136777833,-0.38016519344702115,0.955372629642766,-1.0029915497650093,-1.2052417787146594,1.009190918289187,-1.2414426379464678,1.1683086565511613,-1.1010564321581946,-1.175254772026969,1.0075363498063885,-1.0187698200513067,-0.40106369008245873,-0.3253845058726045,2.077937341115342,-1.1614281036809067,-1.0768863120804655,-0.8570604384154882,-1.32894349458601,1.2499781856285386,1.07225433678547,-1.2731635817969593,1.3233226924555272,1.1146547373986353,1.4129059716363248,-1.2709543751565395,1.1323199844351433,-1.352539204905001,1.0942202738310212,0.0,-1.2297542023467716,-1.2766105165967614,0.4440799590890354,-1.2556132288882809,1.2907517170528129,1.0832934203356452,1.0866054834124719,1.1111286609536124,-1.137118063543146,-1.0585736667020706,-1.1586225279789357,1.1081640004297975,-1.0303084622236034,-1.1129326464268798,1.0217310737510725,0.8486458547526188,1.0768676013041276,-1.3602523365049959,-1.129815761937809,1.252135169374646,-1.4041276118605301,-1.2932950140487498,1.3329997612892854,-0.9009792281928168,-1.2086966901339484,-1.2645311001925834,1.0884199436060857,-1.1057377049081205,-1.1138648061882561,1.1414713241319605,-1.3339535168969323,1.1603198880807428,2.9760486262136197,1.388322647262387,-1.4294548548676875,1.1476486463665432,1.080238369675639,-1.1805372813001602,1.091860978552533,-0.9541254458708998,-1.1814925003155485,-1.0679342763894948,0.7713994963193124,1.033553446742222,-1.081829617440889,1.1424808336171925,-0.5387478190006597,0.9774205063647585,-1.0010353056380639,-1.0244961742301215,1.0174663063384182,-0.9324988748360507,0.9209323689071074,-1.218545980178851,-0.9324988748360505,1.0054429537292477,-1.165043332778669,0.8680084359979812,0.9014231033911361,-1.1669199319831562,-0.9928659691874683,-1.3713756258593799,0.2415999856431615,0.4584392363154334,0.2032900969387409,1.0459834953528502,-0.09496117112752782,1.0914632349404012,-0.7640247190639844,-0.6982229384936658,2.048774997796644,0.0,-0.2786932057166471,-0.0953462589245592,-0.2171861213815347,-0.13545709229571928,-0.3481553119113957,-0.511237358145545,-0.1933472978091327,-0.1354570922957193,-0.23904572186687878,-0.4252658742831209,-0.2970442628930023,0.6089241120359331,0.7071067811865477,1.4142135623730951,-0.43994134506405985,0.0,0.0,0.0,0.0,0.0,0.0,0.0,0.0,0.0,0.0,0.0,0.0,0.0,0.0,0.0,0.0,1.0,0.0,0.0,0.0,0.0,0.0,0.0,0.0,0.0,0.0,0.0,0.0,0.0,0.0,0.0,0.0,0.0,0.0,1.0,0.0,0.0,0.0,0.0,0.0,0.0,0.0,1.0,0.0,0.0,0.0,0.0,0.0,1.0,0.0,0.0,0.0,0.0,0.0,1.0,0.0,0.0,0.0,0.0,0.0,0.0,0.0,0.0,0.0,1.0,0.0,0.0,0.0,0.0,0.0,0.0,0.0,0.0,0.0,0.0,0.0,0.0,0.0,0.0,0.0,0.0,0.0,0.0,0.0,0.0,0.0,0.0,0.0,0.0,0.0,0.0,0.0,0.0,0.0,0.0,0.0,0.0,0.0,0.0,1.0,0.0,0.0,0.0,0.0,0.0,0.0,0.0,0.0,1
VAR_001856,-0.3333082693335376,-0.26976165314806205,-0.31120555667076594,-0.21440015857257408,-0.42936830639479173,-0.24856419687067494,-0.29370955793303766,-0.2406305689377588,0.08264847559899738,-0.4373794201827036,0.7014382724416053,-0.31442991535651627,0.5950852472060669,0.13757488045973346,0.3031324189188476,-1.0050108562619995,0.7153273288487508,-0.7687343907083706,-0.3117450641853879,0.09050547159056287,0.6262569416208426,-0.16580136329202746,0.3911195523740682,-0.4459219562274206,0.005365035401437297,0.5808178695515157,-0.1195269616231039,0.24661379941786885,-0.5852598124249451,-0.23680297039296724,-0.1477805866353751,-0.2433984670073505,0.28555764802523464,-0.3675305459638849,0.21949331499212069,0.6017555944725487,-0.40583889690080227,0.5133551846667621,0.24840782993820204,-0.885246833097895,-0.34516283461834496,0.24299138910315177,0.12243591352811678,0.058371855254474955,0.04327342188467346,0.19561519910898906,0.4192512484688516,-0.02993695439777282,-1.7543924474062493,-0.014440240720273334,-0.17296330051331318,0.22480282433243576,0.4592483978296398,-0.2342333545131748,0.774725744705543,0.6287625725756575,0.06396419007752904,0.3005761012075905,-0.5862939345584723,-0.26580355738885314,-0.5973935141929583,0.21209155750502656,-0.23655804575095973,-0.3097726876419153,-0.036089613500353945,-0.305004135932252,0.24533348673417857,0.1480385282247898,-0.8633646136777833,-0.3621671273107379,-0.34847608212379594,-0.5662609931962638,0.5492741221027464,0.1306011776609535,-0.3581084532537888,-0.17255337792228959,0.18997100413997042,-0.2914766813280652,-0.7521561477254793,0.2810399503589809,-0.9012667192864244,0.4111137862137736,-0.2630662420783315,-0.676772015302784,-0.6006537198855185,-0.8570604384154882,-0.35846502156596305,-0.2003449356756544,0.04689230628165387,-0.8001034487648938,-0.14770449011392464,1.1146547373986353,0.43879067442121883,0.18476026442968232,0.6489064526186016,0.10049267098080185,-0.5252257314388902,0.0,-1.2297542023467716,0.18425306425107899,-0.6911114296039013,0.15695165361103508,0.3324635721604227,0.14019091321990693,-0.7906429003818378,0.15132102386527777,0.31926776399480616,-0.12606900322433817,0.4250249199316927,0.15462753494369266,0.40105474588425666,-0.1324919817174857,0.5264815139852691,0.8486458547526188,0.5861942058342393,0.6199182779481784,0.8129511577872885,0.28756464762492934,-0.42417158401146215,0.1866611360482732,-0.5458951403375171,0.07471535063062373,0.20854273879071644,0.19252376611928598,0.1142231972871786,-0.6279460675582235,-0.05764725841516456,0.6459685848274638,0.10635434183564448,0.22514545192316152,0.12257102293979605,-0.07007306736971035,0.05807160347899948,0.18622223318400533,-0.39402137254562253,0.2754586989700371,0.1299834498276825,-0.46417902858990034,-0.2171861213815346,-0.2078429580005009,-0.40676691601005927,-0.6597961117579497,0.1822028829374129,-0.6712560045735172,0.027394238965514513,0.1264897125883804,0.2664352524511957,0.24374630167556777,0.14669221332183158,-0.07351650880450188,0.06191141975846085,-0.36517939469082267,-0.5030076918202762,-0.25325066879646463,-0.3095493282774117,0.43787925565969593,0.04255645552490346,0.5373973370975064,-0.13853943756104198,-0.4914756578224365,0.2415999856431615,0.45961603869494483,0.24743114516800238,0.3184241720422651,-0.06569501110716892,0.021413158036397702,-0.9029610621440995,-0.6982229384936658,-0.6829249992655481,0.0,-0.2786932057166471,-0.0953462589245592,-0.2171861213815347,-0.13545709229571928,-0.3481553119113957,-0.511237358145545,-0.1933472978091327,-0.1354570922957193,-0.23904572186687878,2.3514701283890216,-0.2970442628930023,0.10825317547305456,-1.4142135623730951,-0.7071067811865475,-0.43994134506405985,0.0,0.0,0.0,0.0,0.0,0.0,0.0,0.0,1.0,0.0,0.0,0.0,0.0,0.0,0.0,0.0,0.0,0.0,0.0,0.0,0.0,0.0,0.0,0.0,0.0,0.0,0.0,0.0,0.0,0.0,0.0,0.0,0.0,0.0,0.0,0.0,0.0,0.0,1.0,1.0,0.0,0.0,0.0,0.0,0.0,1.0,0.0,0.0,0.0,0.0,0.0,1.0,0.0,0.0,0.0,0.0,0.0,0.0,0.0,0.0,0.0,0.0,0.0,0.0,0.0,0.0,0.0,0.0,1.0,0.0,0.0,0.0,0.0,0.0,0.0,0.0,0.0,0.0,0.0,0.0,0.0,0.0,0.0,0.0,0.0,0.0,0.0,0.0,0.0,0.0,0.0,0.0,0.0,0.0,0.0,0.0,0.0,0.0,0.0,0.0,0.0,1.0,0.0,0.0,0.0,0.0,0.0,0.0,1
VAR_001819,-0.37059695183606045,-0.7838506850423071,5.24909140269968,-0.22044568555324928,-0.45160444219979773,0.29631180666696066,-0.553020913026749,-0.3537923881127836,-0.39506883958811295,-0.48878629958402514,0.8775398774240267,0.24870669994776531,-1.1445171997560366,-0.625965706091788,-1.2378543492771192,1.3796696963626436,-0.8503641156206425,1.4472167065932027,-1.2540049559862378,1.5256636639552004,-1.2427965579458726,-1.0910196068889997,0.3911195523740682,0.9650740041145233,0.6008839649609465,-1.2612045167404342,1.2831365090189601,-1.1452912040762042,1.2447074883967142,-1.1559342360041547,-0.4408920479546631,-3.0143963990910354,-1.1156618915576297,-1.3053671115269019,-1.186108106015113,-2.277333672184901,1.047326185550457,-1.3860589986002567,-1.7940565495536767,1.010128788601319,-1.2683694525131952,1.189378904557533,1.0597039412261138,-1.3300444161555385,1.0039433877244224,0.19561519910898906,-1.029644141675261,0.919492170788738,0.3173099292556418,0.4756241521209265,0.29519803588627985,1.085255014018656,0.8987016060976569,1.1134560350208595,-0.9838229206248016,-1.1160535663217912,0.9514673274032434,1.178574712629763,1.1376431975207442,-1.1406521668206824,1.1591807924406405,-0.4147862347272017,-1.1118228150295109,-1.1914334140073664,-0.9263000798424149,0.9971289059323633,1.1237856489113989,1.0146473970671759,1.3781573164353047,-0.3864133988995653,-1.2177085566348373,1.1806612330787183,0.9879030973070977,-1.1872834332813964,-1.2414426379464678,1.1683086565511613,-1.1010564321581946,-1.175254772026969,1.0075363498063885,1.1475797972991728,0.09913933912150681,0.32817031235147714,-0.553553798814426,0.29254016145346123,0.35181146450437517,0.6186539315582326,0.6120134514540838,0.28309610475907654,0.08701854532465249,0.24252037086823505,0.34263790407589256,-0.3493578232171408,-0.04826697418633399,0.6699984776250898,0.16549292080205957,0.10049267098080185,1.0942202738310212,0.0,0.2891315698422951,0.18425306425107899,-0.20883160585966384,-0.31390330722207016,-1.1049686451781622,-0.33136034033796213,-0.32133080443326034,0.15132102386527777,0.31926776399480616,0.632352211568263,-0.1730126811977428,-0.3221406977993596,0.8781758152535435,0.35772835063721126,0.031231954219465324,-0.13773833244675973,-0.3951525851055374,0.12487562433488468,0.8129511577872885,0.28756464762492934,0.5557844438376058,0.1866611360482732,0.393552310475884,0.5625626400423439,0.20854273879071644,0.19252376611928598,0.6013215704466323,0.32763720714157063,-0.06105268791306537,0.6459685848274638,-0.8451164344449412,-0.24244176615562898,0.2542713744242639,-0.07007306736971035,0.05807160347899948,-0.29449097340726355,-0.39402137254562253,0.2754586989700371,-0.3509553145347426,-0.46417902858990034,0.7471202575524793,-1.0679342763894948,-0.4589067027517895,1.033553446742222,1.0248912165229476,-0.3871924670521439,-0.5661329147150616,-1.1499064780761865,-1.0010353056380639,-1.0244961742301215,0.13818896833244623,1.2149570402428211,-1.2266200039645088,-1.218545980178851,1.2149570402428211,1.0054429537292477,-1.165043332778669,0.8680084359979812,0.9014231033911361,0.9634766543676719,1.1429503598785975,0.8283742942329786,0.23214686008222118,0.4195790128959872,0.24743114516800238,0.17128548352992146,-0.2247581153738717,-0.24499005799501936,0.9032113978973971,2.045237103021269,-0.6829249992655481,0.0,-0.2786932057166471,-0.0953462589245592,-0.2171861213815347,-0.13545709229571928,2.8722813232690143,-0.511237358145545,-0.1933472978091327,-0.1354570922957193,-0.23904572186687878,-0.4252658742831209,-0.2970442628930023,-1.89443057077846,0.7071067811865477,-0.7071067811865475,-0.43994134506405985,0.0,0.0,0.0,0.0,0.0,0.0,0.0,0.0,0.0,0.0,0.0,0.0,0.0,0.0,0.0,0.0,0.0,0.0,0.0,0.0,0.0,0.0,0.0,1.0,0.0,0.0,0.0,0.0,0.0,0.0,0.0,0.0,0.0,0.0,1.0,0.0,0.0,0.0,0.0,0.0,0.0,1.0,0.0,0.0,0.0,0.0,0.0,1.0,0.0,0.0,0.0,0.0,0.0,1.0,0.0,0.0,0.0,0.0,0.0,0.0,0.0,0.0,0.0,0.0,0.0,1.0,0.0,0.0,0.0,0.0,0.0,0.0,0.0,0.0,0.0,0.0,0.0,0.0,0.0,0.0,0.0,0.0,0.0,0.0,0.0,0.0,0.0,0.0,0.0,0.0,0.0,0.0,0.0,0.0,0.0,0.0,0.0,0.0,0.0,0.0,0.0,0.0,0.0,0.0,0.0,0.0,1.0,0.0,1
VAR_001971,-0.37059775387953653,-0.7838935533965026,-0.5661096821529416,-0.44723831615877113,4.525479791217472,-0.49274364936793125,-0.5573411183483463,-0.3535799864681103,-0.39875158349192985,0.06056412823823437,-0.4216209657636319,0.24870669994776531,-0.9530430304799571,1.6646560535627766,0.4672982554953217,-0.2512980801671285,-0.8503641156206425,0.19284521349700803,0.1593848817150369,-0.387880592530983,0.6262569416208426,-0.6284104850905136,0.3911195523740682,0.4947420173338754,0.6008839649609465,0.5808178695515157,0.07780184897864635,-0.2173545350801554,0.3297238379858845,0.6823282952182201,-0.3936712362266807,0.4493510160135705,-0.6485887116966749,0.10138773681762345,0.21949331499212069,0.0259377411410588,-0.8902272577178887,0.9882087304835168,-0.2622082649347678,-0.41140292767309145,0.5780437832765053,-0.23020236862403864,-0.3461981003208816,0.058371855254474955,0.5236084048045481,-1.2519372742975208,-1.029644141675261,-0.5046515169910281,-0.7083388448131134,-1.0189519693298488,-0.890172137179262,-0.20542327051067424,-0.41965801870639463,0.21499644199816986,0.3350885783729567,-0.24364549687306683,0.5077157587403863,-0.5774225102145818,0.7066589145009402,-0.7032278621047678,0.2808936391238411,-0.20290941793022257,0.6387067235275913,0.5718880387235359,-0.4811948466713844,-0.305004135932252,0.24533348673417857,-0.28526590619640313,0.03324415836745199,-0.3068188210543909,0.955372629642766,0.30720011994122726,0.5492741221027464,0.1306011776609535,0.0835586390925506,0.2744006335688607,0.6203134829060256,0.1504123640213866,-0.31223302334251235,-0.5854998965812108,0.09913933912150681,-0.5493185420931975,-0.4946619307281781,1.2618523382097067,-1.0768863120804655,0.044482626490676594,1.0972526879641071,1.2499781856285386,1.07225433678547,1.2440867901956716,-1.1283892784935592,-1.3253661969609918,1.4129059716363248,1.155236690820497,1.1323199844351433,-1.352539204905001,0.5544049387410508,0.0,0.34059905177622385,-1.2766105165967614,1.2380078653730484,-1.2556132288882809,-1.1049686451781622,1.0832934203356452,-1.2599549963304153,1.1111286609536124,1.2901916490201075,-1.0585736667020706,0.2556761911043249,1.1081640004297975,-1.0303084622236034,-1.1129326464268798,-1.4545167250779456,0.8486458547526188,-1.3764993760453141,-1.3602523365049959,1.2986428877185627,-1.1592911349996455,1.0457624577621396,-1.2932950140487498,1.3329997612892854,1.5382572188657846,-1.2086966901339484,1.1638936769938657,1.0884199436060857,-1.1057377049081205,1.5181654894997205,1.1414713241319605,1.1102318953630232,-1.1776162023132102,-0.6623897811582492,-1.0423368771244421,-1.4294548548676875,-1.2559173865898015,-1.3768612006931302,-1.1805372813001602,1.091860978552533,1.4956066405340973,-1.1814925003155485,-1.0679342763894948,-0.459180671446504,-1.0831335013829928,1.0248912165229476,-0.7522146542733653,-0.5503805642547124,0.9774205063647585,1.111415624510702,1.089241285612694,1.0174663063384182,1.2149570402428211,-1.2266200039645088,-1.218545980178851,-0.9324988748360505,-1.092379750480273,-1.165043332778669,0.8680084359979812,-1.2457435162744455,0.9634766543676719,1.1429503598785975,0.8283742942329786,-0.24186823789465794,0.45847070832846076,0.24743114516800238,-2.1317118967698847,0.5504964387406088,-1.0710081188398048,0.09738060803272935,1.3593720926425352,-0.6829249992655481,0.0,3.588175023601831,-0.0953462589245592,-0.2171861213815347,-0.13545709229571928,-0.3481553119113957,-0.511237358145545,-0.1933472978091327,-0.1354570922957193,-0.23904572186687878,-0.4252658742831209,-0.2970442628930023,0.6089241120359331,-1.4142135623730951,1.4142135623730951,-0.43994134506405985,0.0,0.0,0.0,0.0,0.0,0.0,0.0,0.0,0.0,0.0,0.0,0.0,0.0,0.0,0.0,0.0,1.0,0.0,0.0,0.0,0.0,0.0,0.0,0.0,0.0,0.0,0.0,0.0,0.0,0.0,0.0,0.0,0.0,0.0,0.0,0.0,0.0,0.0,1.0,0.0,1.0,0.0,0.0,0.0,0.0,0.0,1.0,0.0,0.0,0.0,0.0,0.0,1.0,0.0,0.0,0.0,0.0,0.0,0.0,0.0,0.0,0.0,0.0,0.0,0.0,0.0,0.0,0.0,0.0,0.0,0.0,0.0,1.0,0.0,0.0,0.0,0.0,0.0,0.0,0.0,0.0,0.0,0.0,0.0,0.0,0.0,0.0,0.0,0.0,0.0,0.0,0.0,0.0,0.0,0.0,0.0,0.0,0.0,0.0,1.0,0.0,0.0,0.0,0.0,0.0,0.0,0.0,0.0,0
VAR_001938,-0.18397236924931695,-0.4022855642583275,-0.45514844459094816,-0.434846420332097,-0.4664021330294983,-0.49287485319783214,0.30725153078235645,-0.34714937844488714,-0.39865954546799637,0.5269610321198696,0.07128373748841957,0.24870669994776531,-1.3507910271762114,0.13757488045973346,-0.29880619483752685,0.6395766955168176,-0.8503641156206425,0.9404290697199132,0.1593848817150369,0.5688915357121086,0.13044773470962692,-0.22835943755012325,0.3911195523740682,0.9650740041145233,-1.1856728237175815,-0.8006989201674468,-0.1195269616231039,-0.6813228695781798,-0.12776798721953023,0.22276266241262635,-0.440582771025546,-0.2433984670073505,0.28555764802523464,-0.3675305459638849,-0.24904049201029047,0.0259377411410588,-0.40583889690080227,0.5133551846667621,0.24840782993820204,0.06244097775171194,0.5780437832765053,-0.23020236862403864,0.12243591352811678,0.058371855254474955,-0.43706156103520083,0.19561519910898906,-0.0637138815791859,0.44477760819548273,0.6833013385325207,0.26567935960667927,0.21744961424066866,-1.0658754601968945,-1.298564435242429,0.6830406252103947,-0.9838229206248016,-1.1160535663217912,-1.2672905159110424,-1.016421815925668,1.1376431975207442,1.0464693567588907,-1.036537090851358,-1.1114919142407116,-1.1118228150295109,1.0127184019062614,-0.9263000798424149,0.9971289059323633,-1.0723447565316517,-1.1518747750387892,-0.8633646136777833,-0.06373756370494317,0.955372629642766,1.1806612330787183,0.9879030973070977,1.009190918289187,0.9668928237852297,1.1683086565511613,1.0506559616720805,1.0341904547202905,-1.1920792721084463,1.1475797972991728,0.09913933912150681,-0.5712134692275398,-0.5548677054569605,0.29254016145346123,-0.12442112769057163,0.6186539315582326,-0.35846502156596305,-0.6837859761103854,1.07225433678547,0.832755081608574,-0.14770449011392464,-0.8686970509364027,-0.5353246227938869,-0.30047794876572487,0.16549292080205957,-0.383851287647799,0.014589603651080134,0.0,0.8640501364838892,-0.3027014626982011,-0.20883160585966384,0.15695165361103508,-0.14668050028577212,-1.2744628474537005,0.6172933874638946,-0.32858279467888946,-0.16619417851784443,-0.12606900322433817,0.8125971655834502,0.6313957676867452,-0.07606632348502991,-0.1324919817174857,0.031231954219465324,0.35545376115292965,0.5861942058342393,-0.3701670292784088,0.8129511577872885,-0.19472061324992884,0.0658064299130717,0.1866611360482732,-0.5458951403375171,-0.41313193878109655,0.6809558817656048,-0.7788461447552936,0.6013215704466323,-0.6279460675582235,0.6581967941052379,0.6459685848274638,0.1325577304590409,-0.7100289842344196,-0.6300953384686342,-0.07007306736971035,-0.43777054930322945,0.6669354397752745,0.09739854152813121,0.2754586989700371,-0.3509553145347426,0.5157138059720985,1.2292734470194862,1.08229401958299,-0.4590666942280015,1.033553446742222,1.0248912165229476,-1.1246902141211947,-0.5671373226172587,0.9774205063647585,1.111415624510702,-1.0244961742301215,-1.1486214361181755,-0.9324988748360507,-1.2266200039645088,0.9148704835412195,1.2149570402428211,1.0054429537292477,-1.165043332778669,0.8680084359979812,0.9014231033911361,-1.1669199319831562,1.1429503598785975,-1.3713756258593799,0.2415999856431615,0.45961603869494483,0.10318471038790064,0.5095591946329149,-0.6383722351372569,-0.3246592994231235,0.2918914883448906,-0.012357928114932163,-0.6829249992655481,0.0,-0.2786932057166471,-0.0953462589245592,-0.2171861213815347,7.3824115301167,-0.3481553119113957,-0.511237358145545,-0.1933472978091327,-0.1354570922957193,-0.23904572186687878,-0.4252658742831209,-0.2970442628930023,0.6089241120359331,-1.4142135623730951,1.4142135623730951,-0.43994134506405985,0.0,0.0,0.0,0.0,0.0,0.0,0.0,0.0,0.0,0.0,0.0,0.0,0.0,0.0,0.0,0.0,1.0,0.0,0.0,0.0,0.0,0.0,0.0,0.0,0.0,0.0,0.0,0.0,0.0,0.0,0.0,0.0,0.0,0.0,0.0,0.0,0.0,0.0,1.0,0.0,0.0,1.0,0.0,0.0,0.0,0.0,0.0,1.0,0.0,0.0,0.0,0.0,0.0,1.0,0.0,0.0,0.0,0.0,0.0,0.0,0.0,0.0,0.0,0.0,0.0,1.0,0.0,0.0,0.0,0.0,0.0,0.0,0.0,0.0,0.0,0.0,0.0,0.0,0.0,0.0,0.0,0.0,0.0,0.0,0.0,0.0,1.0,0.0,0.0,0.0,0.0,0.0,0.0,0.0,0.0,0.0,0.0,0.0,0.0,0.0,0.0,0.0,0.0,0.0,0.0,0.0,0.0,0.0,1
VAR_001809,-0.37020430349234484,-0.7831238548334983,-0.5442413028574711,-0.4472432582716011,-0.46640208043189607,-0.49270424159382903,-0.5569351548156939,-0.2416958385746119,0.25990425596176175,-0.38765819371735166,-0.650928450600121,-0.691979249608071,0.6038005219527098,-0.625965706091788,1.2421805733584397,-0.1827170803725909,0.07542617603449672,0.08584733950577132,-1.2540049559862378,1.5256636639552004,1.0935203165125211,-1.0910196068889997,0.3911195523740682,-1.3865859297887166,-2.3767106828366003,1.041323466124503,1.2831365090189601,1.1745504684139176,-1.04275163763036,-1.1559342360041547,-0.44216608142636926,0.4493510160135705,-1.1156618915576297,1.0392243023806405,-0.24904049201029047,0.0259377411410588,0.07854946391628402,0.03850163885000727,-0.2622082649347678,0.06244097775171194,-0.80676614356577,-0.23020236862403864,-0.3461981003208816,-0.8672389923522006,-0.43706156103520083,0.19561519910898906,0.4192512484688516,-0.02993695439777282,-0.07639440507842948,-0.7636138666054835,0.0888089706312127,-1.0658754601968945,-1.298564435242429,1.1134560350208595,1.2143629110381289,1.0649666073000195,-1.2672905159110424,1.178574712629763,-1.0172782175782764,-1.1406521668206824,-1.036537090851358,-1.1114919142407116,1.0763391081668667,-1.1914334140073664,-0.9263000798424149,-1.1730928305086623,1.1237856489113989,1.0146473970671759,-0.8633646136777833,-0.3830696784503652,-1.2177085566348373,1.1806612330787183,-1.2052417787146594,1.009190918289187,-1.2414426379464678,-1.0664614009045903,1.0506559616720805,-1.175254772026969,-1.1920792721084463,1.1475797972991728,-1.4014697484903902,4.524657930066083,-0.5125354887954598,0.29254016145346123,-0.12442112769057163,0.12674914156699243,0.12677421494406022,-0.2003449356756544,-0.4846454949912251,-0.34171383536281863,-0.14770449011392464,0.1386463636547845,-0.5353246227938869,0.18476026442968232,0.6489064526186016,0.584836629609403,0.014589603651080134,0.0,-0.1828520329314412,0.18425306425107899,0.7557280416288111,0.15695165361103508,-0.6258245727319671,-0.33136034033796213,-0.32133080443326034,-0.8084866132230568,0.31926776399480616,-0.12606900322433817,-0.1730126811977428,0.6313957676867452,0.8781758152535435,-0.1324919817174857,0.031231954219465324,-0.13773833244675973,0.4091253226357428,0.12487562433488468,0.09283716729271169,-0.05891990185012087,0.5557844438376058,0.1866611360482732,-0.5458951403375171,-0.41313193878109655,-1.2086966901339484,-0.2931611893180037,-0.3728751758722748,0.32763720714157063,-0.8581546364768832,-0.34503689378153024,0.1325577304590409,-0.24244176615562898,0.1751691348052108,-0.07007306736971035,-0.43777054930322945,-0.29449097340726355,0.09739854152813121,-0.20987329445336192,-0.3509553145347426,-0.9541254458708998,0.26496706808547227,1.08229401958299,-0.4588662575737017,-1.0831335013829928,1.0248912165229476,-1.1246902141211947,-0.567160927079459,-1.1499064780761865,-1.0010353056380639,-1.0244961742301215,1.0174663063384182,-0.9324988748360507,-1.2266200039645088,-1.218545980178851,-0.9324988748360505,-1.092379750480273,0.9736916784744738,0.8680084359979812,-1.2457435162744455,0.9634766543676719,-0.9928659691874683,0.8283742942329786,0.0938677358821098,0.45961603869494483,0.13479593696350411,0.2099091704231834,-0.22408424593204984,-0.1275291042322674,-0.9029610621440995,-0.6982229384936658,-0.6829249992655481,0.0,-0.2786932057166471,-0.0953462589245592,-0.2171861213815347,-0.13545709229571928,-0.3481553119113957,-0.511237358145545,-0.1933472978091327,-0.1354570922957193,-0.23904572186687878,2.3514701283890216,-0.2970442628930023,0.6089241120359331,-1.4142135623730951,1.4142135623730951,-0.43994134506405985,0.0,0.0,0.0,0.0,0.0,0.0,0.0,0.0,0.0,0.0,0.0,0.0,0.0,0.0,0.0,0.0,1.0,0.0,0.0,0.0,0.0,0.0,0.0,0.0,0.0,0.0,0.0,0.0,0.0,0.0,0.0,0.0,0.0,0.0,0.0,0.0,0.0,0.0,1.0,0.0,0.0,0.0,0.0,1.0,0.0,0.0,0.0,0.0,0.0,1.0,0.0,0.0,0.0,0.0,0.0,1.0,0.0,0.0,0.0,0.0,0.0,0.0,0.0,0.0,0.0,0.0,0.0,0.0,1.0,0.0,0.0,0.0,0.0,0.0,0.0,0.0,0.0,0.0,0.0,0.0,0.0,0.0,0.0,0.0,0.0,0.0,0.0,0.0,0.0,0.0,0.0,0.0,0.0,0.0,0.0,0.0,0.0,0.0,0.0,0.0,0.0,1.0,0.0,0.0,0.0,0.0,0.0,0.0,1
VAR_001806,-0.2651279786425115,1.7857814218704464,-0.34354640303663053,-0.3827514455027375,-0.3056160347241446,-0.36683330777738005,-0.44218120343999073,-0.2063054501713275,0.5879912635979379,-0.39545496177812695,-0.14625118878327356,3.070764548615274,-1.3592701921570884,2.428196640114298,2.3453945643745064,-0.6762077560876678,1.0012164676896353,-0.23213974755910238,1.1016447735158867,-0.8662666566525289,-1.2427965579458726,1.2220260021034306,0.3911195523740682,0.9650740041145233,0.6008839649609465,1.041323466124503,1.2831365090189601,-1.1452912040762042,-1.04275163763036,1.1418939280238138,-0.3883866227216433,0.4493510160135705,1.2197040077471442,-1.3053671115269019,1.1565609289969432,0.6017555944725487,1.047326185550457,0.9882087304835168,0.7590239248111715,-1.3590907385226985,-1.2683694525131952,1.189378904557533,-1.2834661280188786,0.9839827028611506,1.0039433877244224,0.19561519910898906,1.3851815085649268,0.919492170788738,0.7996805774545644,0.7193948070271543,0.4151704247149491,-1.0658754601968945,0.8987016060976569,1.1134560350208595,-0.9838229206248016,1.0649666073000195,-1.2672905159110424,-1.016421815925668,1.1376431975207442,1.0464693567588907,1.1591807924406405,-1.1114919142407116,1.0763391081668667,-1.1914334140073664,1.2992260860127374,0.9971289059323633,1.1237856489113989,1.0146473970671759,1.3781573164353047,0.09501550054350326,0.955372629642766,1.1806612330787183,0.9879030973070977,1.009190918289187,0.9668928237852297,-1.0664614009045903,-1.1010564321581946,1.0341904547202905,-1.1920792721084463,-1.0187698200513067,-1.4014697484903902,-0.5844722498243152,-0.19163448822268314,-1.1614281036809067,-1.0768863120804655,-0.8570604384154882,1.0972526879641071,-1.1672270165451164,0.8716231415704765,-1.3167718649080042,1.3233226924555272,1.1146547373986353,1.4129059716363248,1.155236690820497,-1.284747674647566,1.0691805882380039,1.0942202738310212,0.0,-1.2297542023467716,1.1581621181496393,-1.1733912533481388,1.098661575277246,1.2907517170528129,1.0832934203356452,-1.2599549963304153,1.1111286609536124,-1.137118063543146,-1.0585736667020706,0.5489301669176693,1.1081640004297975,1.3552968846228302,1.3381690153466055,1.0217310737510725,0.8486458547526188,1.0768676013041276,1.114960931561472,1.2986428877185627,1.252135169374646,-1.4041276118605301,-1.2932950140487498,-1.0156188657442176,1.5382572188657846,1.153369024740493,-1.2645311001925834,1.0884199436060857,-1.1057377049081205,1.5181654894997205,1.1414713241319605,0.979214952246041,1.1603198880807428,-0.594923197225382,1.388322647262387,-1.4294548548676875,1.1476486463665432,1.080238369675639,-1.1805372813001602,-1.312832843259593,-0.9541254458708998,1.2292734470194862,-1.0679342763894948,-0.2825796147624229,1.033553446742222,1.0248912165229476,-0.9186617264590762,-0.5671606447328182,-1.1499064780761865,1.111415624510702,-1.0244961742301215,1.0174663063384182,-0.9324988748360507,0.9209323689071074,0.9148704835412195,1.2149570402428211,-1.092379750480273,-1.165043332778669,0.8680084359979812,0.9014231033911361,0.9634766543676719,-0.9928659691874683,0.8283742942329786,0.032334904422802145,0.45961603869494483,0.06097761128575251,0.37743334066046386,0.2189763495080942,-0.017757739086049638,-1.069684673840238,-0.012357928114932163,0.0,0.0,-0.2786932057166471,-0.0953462589245592,-0.2171861213815347,-0.13545709229571928,-0.3481553119113957,-0.511237358145545,-0.1933472978091327,-0.1354570922957193,-0.23904572186687878,2.3514701283890216,-0.2970442628930023,0.6089241120359331,0.7071067811865477,-0.7071067811865475,-0.43994134506405985,0.0,0.0,0.0,0.0,0.0,0.0,0.0,0.0,0.0,0.0,0.0,0.0,0.0,0.0,0.0,1.0,0.0,0.0,0.0,0.0,0.0,0.0,0.0,0.0,0.0,0.0,0.0,0.0,0.0,0.0,0.0,0.0,0.0,0.0,0.0,1.0,0.0,0.0,0.0,0.0,0.0,0.0,0.0,1.0,0.0,0.0,0.0,0.0,0.0,1.0,0.0,0.0,0.0,0.0,0.0,1.0,0.0,0.0,0.0,0.0,0.0,0.0,0.0,0.0,0.0,0.0,1.0,0.0,0.0,0.0,0.0,0.0,0.0,0.0,0.0,0.0,0.0,0.0,0.0,0.0,0.0,0.0,0.0,0.0,0.0,0.0,0.0,0.0,0.0,0.0,0.0,0.0,0.0,0.0,0.0,0.0,0.0,0.0,0.0,0.0,0.0,0.0,0.0,1.0,0.0,0.0,0.0,0.0,0
VAR_001883,-0.37055054964023476,-0.7790810729514484,0.2292617071917492,-0.44724901868343653,-0.466401545861609,-0.486326960581587,-0.5258733425553744,-0.3535791955002338,0.9164341053844162,-0.41928015057372636,-0.6587939912683851,0.24870669994776531,-1.0064196675920747,0.9011154670112548,-0.29880619483752685,0.557375920473235,-1.7761544072757813,0.19284521349700803,-1.2540049559862378,1.5256636639552004,-1.2427965579458726,1.2220260021034306,0.3911195523740682,0.9650740041145233,0.6008839649609465,-1.2612045167404342,-1.0546359420511466,1.1745504684139176,1.2447074883967142,-1.1559342360041547,-0.4421660416768576,0.4493510160135705,1.2197040077471442,1.0392243023806405,1.1565609289969432,0.6017555944725487,1.047326185550457,0.9882087304835168,-1.7940565495536767,1.010128788601319,1.0396470922239303,1.189378904557533,1.0597039412261138,0.9839827028611506,1.0039433877244224,0.19561519910898906,1.3851815085649268,0.919492170788738,-1.8160748182796569,-1.3636636272283238,-1.0155307060685017,1.085255014018656,0.8987016060976569,1.1134560350208595,-0.9838229206248016,-1.1160535663217912,-1.2672905159110424,1.178574712629763,1.1376431975207442,-1.1406521668206824,1.1591807924406405,-1.1114919142407116,-1.1118228150295109,-1.1914334140073664,-0.9263000798424149,0.9971289059323633,1.1237856489113989,1.0146473970671759,1.3781573164353047,-0.3776972621386614,0.955372629642766,-1.0029915497650093,0.9879030973070977,-1.1872834332813964,-1.2414426379464678,-1.0664614009045903,1.0506559616720805,1.0341904547202905,-1.1920792721084463,-1.0187698200513067,0.5993423683254726,-0.5775884180298434,-0.5467578137684609,-1.1614281036809067,-1.0768863120804655,1.602463511540713,-1.32894349458601,1.2499781856285386,1.07225433678547,-0.5430767664712169,1.3233226924555272,1.1146547373986353,1.4129059716363248,1.155236690820497,-1.284747674647566,-1.352539204905001,-1.6048564016188311,0.0,1.387501221191554,-1.2766105165967614,1.2380078653730484,-1.2556132288882809,1.2907517170528129,1.0832934203356452,1.0866054834124719,1.1111286609536124,-1.137118063543146,-1.0585736667020706,-1.1586225279789357,1.1081640004297975,-1.0303084622236034,-1.1129326464268798,1.0217310737510725,0.8486458547526188,1.0768676013041276,1.114960931561472,-1.129815761937809,-1.1592911349996455,1.0457624577621396,-1.2932950140487498,-1.0156188657442176,-0.9009792281928168,1.153369024740493,1.1638936769938657,1.0884199436060857,1.2832204818413648,1.5181654894997205,-1.3360423723905241,-1.3339535168969323,1.1603198880807428,0.2848097594173097,-1.0423368771244421,1.0497559090434576,-1.2559173865898015,1.080238369675639,-1.1805372813001602,-1.312832843259593,0.19646198824997163,1.2292734470194862,-1.0679342763894948,-0.45423930224579495,1.033553446742222,-1.081829617440889,-1.1246902141211947,0.41906385232137383,0.9774205063647585,1.111415624510702,1.089241285612694,-1.1486214361181755,-0.9324988748360507,-1.2266200039645088,-1.218545980178851,-0.9324988748360505,-1.092379750480273,0.9736916784744738,-1.2826374656934454,-1.2457435162744455,0.9634766543676719,-0.9928659691874683,-1.3713756258593799,0.2415999856431615,0.45961603869494483,0.24743114516800238,-1.594748108142548,1.0471241767078983,-0.6554856355783747,1.4033822329858119,-0.012357928114932163,2.048774997796644,0.0,-0.2786932057166471,-0.0953462589245592,-0.2171861213815347,-0.13545709229571928,-0.3481553119113957,-0.511237358145545,-0.1933472978091327,-0.1354570922957193,-0.23904572186687878,-0.4252658742831209,-0.2970442628930023,0.6089241120359331,0.7071067811865477,-0.7071067811865475,-0.43994134506405985,0.0,0.0,0.0,0.0,0.0,0.0,0.0,0.0,0.0,0.0,0.0,0.0,0.0,0.0,0.0,0.0,0.0,0.0,0.0,1.0,0.0,0.0,0.0,0.0,0.0,0.0,0.0,0.0,0.0,0.0,0.0,0.0,0.0,0.0,0.0,0.0,0.0,1.0,0.0,0.0,1.0,0.0,0.0,0.0,0.0,0.0,1.0,0.0,0.0,0.0,0.0,0.0,1.0,0.0,0.0,0.0,0.0,0.0,0.0,0.0,0.0,0.0,0.0,0.0,0.0,0.0,0.0,0.0,0.0,0.0,0.0,0.0,0.0,1.0,0.0,0.0,0.0,0.0,0.0,0.0,0.0,0.0,0.0,0.0,0.0,0.0,0.0,0.0,0.0,0.0,0.0,0.0,0.0,0.0,0.0,0.0,0.0,0.0,0.0,0.0,0.0,1.0,0.0,0.0,0.0,0.0,0.0,0.0,1
VAR_001978,1.3644965210614033,1.2522733537696829,0.08095914036355739,-0.42461953041277034,-0.10449401097631748,-0.05090120832347592,-0.49655842537148726,-0.2878684666271564,-0.20133675625306646,-0.45661882971175083,-0.42365390160392224,-0.31442991535651627,0.5950852472060669,0.13757488045973346,0.3031324189188476,-1.0050108562619995,0.7153273288487508,-0.7687343907083706,-0.3117450641853879,0.09050547159056287,-0.7755331830541938,0.29680775850645846,0.3911195523740682,0.24550841848074212,0.005365035401437297,0.5808178695515157,0.3480275285909173,-0.2173545350801554,-0.12776798721953023,-0.23680297039296724,-0.24334334908279362,0.4493510160135705,0.28555764802523464,0.10138773681762345,1.1565609289969432,0.6017555944725487,1.047326185550457,0.9882087304835168,0.7590239248111715,-1.3590907385226985,-1.2683694525131952,-1.1765898840784197,-1.2834661280188786,-1.3300444161555385,-1.3977315268749497,0.19561519910898906,-1.029644141675261,0.919492170788738,0.4789545932026691,0.7117535085802429,0.1767442367260883,-1.0658754601968945,-0.41965801870639463,0.6642262385095148,-0.5441857542922155,0.6287625725756575,-0.379787378585328,-0.13842320450349557,-0.5862939345584723,-0.26580355738885314,-0.15824993753455854,0.2513818302250218,-0.23655804575095973,-0.3097726876419153,0.854120852841707,0.12904021135595298,0.24533348673417857,1.0146473970671759,0.17935219428054527,0.2647667716141446,0.5207563923872455,0.7439306765099729,0.5492741221027464,0.5698960479750703,0.0835586390925506,-0.17255337792228959,-1.1010564321581946,0.1504123640213866,0.1276901010404545,-1.0187698200513067,-0.9012667192864244,0.40925191967538865,-0.5467577849049314,0.29254016145346123,-0.6006537198855185,-0.36515564842424786,-0.35846502156596305,0.28309610475907654,-0.4457255894487547,-0.8593694255141276,-0.6380468843037419,0.62665055052671,-0.04826697418633399,0.18476026442968232,0.6489064526186016,0.10049267098080185,0.014589603651080134,0.0,-0.7063031176391064,0.18425306425107899,-0.20883160585966384,0.15695165361103508,-0.14668050028577212,-0.33136034033796213,-0.32133080443326034,0.15132102386527777,-0.6516561210304952,-0.5923213349632044,-0.3243070656090183,1.1081640004297975,0.8781758152535435,-0.1324919817174857,0.031231954219465324,0.8486458547526188,-0.08154807283414545,0.12487562433488468,1.0642206271552606,-0.05891990185012087,0.0658064299130717,0.1866611360482732,-1.0156188657442176,-0.41313193878109655,-0.2638704041841718,-0.2931611893180037,-0.3728751758722748,0.32763720714157063,-0.58405331755276,0.15046584552296663,0.10635434183564448,0.6927326700019523,0.8635969639481844,-0.07007306736971035,-0.43777054930322945,0.18622223318400533,0.09739854152813121,-0.20987329445336192,-0.3509553145347426,-0.9541254458708998,0.26496706808547227,-0.2078429580005009,0.14445746990242872,0.18687866749213605,1.0248912165229476,-0.17661609749341606,-0.44519962775186356,-0.7244410811879975,0.6889254384809491,-0.17900119029299524,0.1510312093557807,-0.07351650880450188,0.4914218943327842,0.0615038980531913,0.3559746742112725,-1.092379750480273,0.11819767397321672,0.8680084359979812,0.9014231033911361,0.5373973370975064,-0.13853943756104198,-0.051525673803964875,0.2415999856431615,0.14891182852107732,0.24743114516800238,0.23307150897741025,0.1548696587035425,-0.026618461661512213,-1.1252592110722839,-1.3840879488723994,0.6829249992655481,0.0,-0.2786932057166471,-0.0953462589245592,-0.2171861213815347,-0.13545709229571928,-0.3481553119113957,-0.511237358145545,-0.1933472978091327,-0.1354570922957193,-0.23904572186687878,2.3514701283890216,-0.2970442628930023,0.6089241120359331,0.7071067811865477,-0.7071067811865475,-0.43994134506405985,0.0,0.0,0.0,0.0,0.0,0.0,0.0,0.0,1.0,0.0,0.0,0.0,0.0,0.0,0.0,0.0,0.0,0.0,0.0,0.0,0.0,0.0,0.0,0.0,0.0,0.0,0.0,0.0,0.0,0.0,0.0,0.0,0.0,0.0,0.0,0.0,0.0,1.0,0.0,0.0,0.0,0.0,0.0,1.0,0.0,0.0,0.0,0.0,0.0,1.0,0.0,0.0,0.0,0.0,0.0,1.0,0.0,0.0,0.0,0.0,0.0,0.0,0.0,0.0,0.0,0.0,0.0,0.0,1.0,0.0,0.0,0.0,0.0,0.0,0.0,0.0,0.0,0.0,0.0,0.0,0.0,0.0,0.0,0.0,0.0,0.0,0.0,0.0,0.0,0.0,0.0,0.0,0.0,0.0,0.0,0.0,1.0,0.0,0.0,0.0,0.0,0.0,0.0,0.0,0.0,0.0,0.0,0.0,1
VAR_001885,4.7181929552611805,-0.6698971571029262,-0.5388736343727588,-0.18016832042016395,-0.09312633483494959,3.1922562472399325,0.17850998374985605,-0.3145865696088955,-0.019004453269669343,-0.41262692384673755,-0.04138568739454704,-1.6326651991639072,-1.4850729753027374,2.428196640114298,-1.4851276872897374,3.0242572481414607,1.0012164676896353,2.3017984368073443,1.1016447735158867,-0.8662666566525289,1.0935203165125211,1.2220260021034306,0.3911195523740682,0.9650740041145233,0.6008839649609465,-1.2612045167404342,-1.0546359420511466,-1.1452912040762042,1.2447074883967142,-1.1559342360041547,-0.3905636545735193,0.4493510160135705,-1.1156618915576297,1.0392243023806405,1.1565609289969432,0.6017555944725487,1.047326185550457,0.9882087304835168,0.7590239248111715,1.010128788601319,-1.2683694525131952,1.189378904557533,-1.2834661280188786,0.9839827028611506,-1.3977315268749497,0.19561519910898906,-1.029644141675261,-1.454080642177539,-1.717687981806757,-1.2103430567556288,0.15599857547554802,-1.0658754601968945,-1.298564435242429,-1.1326929475358645,1.2143629110381289,-1.1160535663217912,0.9514673274032434,-1.016421815925668,-1.0172782175782764,1.0464693567588907,1.1591807924406405,-1.1114919142407116,1.0763391081668667,1.0127184019062614,1.2992260860127374,0.9971289059323633,-1.0723447565316517,1.0146473970671759,-0.8633646136777833,1.568310406830019,-1.2177085566348373,1.1806612330787183,0.9879030973070977,1.009190918289187,-1.2414426379464678,-1.0664614009045903,-1.1010564321581946,1.0341904547202905,1.0075363498063885,1.1475797972991728,-1.4014697484903902,-0.578610078469203,-0.49525423181754047,1.2618523382097067,1.3042766488942688,-0.8570604384154882,1.0972526879641071,-1.1672270165451164,1.07225433678547,-1.3292705445515192,1.3233226924555272,1.1146547373986353,1.4129059716363248,1.155236690820497,1.1323199844351433,1.0691805882380039,1.0942202738310212,0.0,1.130163811521909,-1.2766105165967614,-1.1733912533481388,1.098661575277246,-1.1049686451781622,-1.2744628474537005,1.0866054834124719,1.1111286609536124,1.2901916490201075,-1.0585736667020706,-1.1586225279789357,-1.2756771632854644,1.3552968846228302,-1.1129326464268798,-1.4545167250779456,0.8486458547526188,-1.3764993760453141,1.114960931561472,1.2986428877185627,-1.1592911349996455,1.0457624577621396,1.1732985694462887,1.3329997612892854,-0.9009792281928168,1.153369024740493,1.1638936769938657,-1.3470719221911818,1.2832204818413648,-1.1138648061882561,-1.3360423723905241,-1.3339535168969323,-1.1776162023132102,3.1669822308889306,1.388322647262387,1.0497559090434576,-1.2559173865898015,-1.3768612006931302,1.2461226858168353,-1.312832843259593,-0.9541254458708998,1.2292734470194862,1.08229401958299,-0.44295663195372725,1.033553446742222,-1.081829617440889,1.1424808336171925,-0.04725104827293627,0.9774205063647585,1.111415624510702,-1.0244961742301215,1.0174663063384182,1.2149570402428211,0.9209323689071074,-1.218545980178851,-0.9324988748360505,-1.092379750480273,-1.165043332778669,0.8680084359979812,0.9014231033911361,0.9634766543676719,-0.9928659691874683,0.8283742942329786,0.2415999856431615,0.4464546179296267,0.24743114516800238,0.30678448775034967,0.3988457057542227,-0.6493551134275299,0.4586151000410287,2.7311021134000026,0.0,0.0,-0.2786932057166471,-0.0953462589245592,-0.2171861213815347,-0.13545709229571928,-0.3481553119113957,1.956038587687303,-0.1933472978091327,-0.1354570922957193,-0.23904572186687878,-0.4252658742831209,-0.2970442628930023,-1.89443057077846,0.7071067811865477,-0.7071067811865475,-0.43994134506405985,0.0,0.0,0.0,0.0,0.0,0.0,0.0,0.0,0.0,0.0,0.0,0.0,0.0,0.0,0.0,0.0,0.0,0.0,0.0,0.0,0.0,0.0,0.0,0.0,0.0,0.0,0.0,1.0,0.0,0.0,0.0,0.0,0.0,0.0,0.0,1.0,0.0,0.0,0.0,0.0,0.0,0.0,1.0,0.0,0.0,0.0,0.0,0.0,1.0,0.0,0.0,0.0,0.0,0.0,1.0,0.0,0.0,0.0,0.0,0.0,0.0,0.0,0.0,0.0,0.0,0.0,0.0,0.0,0.0,0.0,0.0,0.0,0.0,0.0,0.0,0.0,0.0,0.0,1.0,0.0,0.0,0.0,0.0,0.0,0.0,0.0,0.0,0.0,0.0,0.0,0.0,1.0,0.0,0.0,0.0,0.0,0.0,0.0,0.0,0.0,0.0,0.0,0.0,0.0,0.0,0.0,0.0,0.0,0
VAR_001776,-0.370597701028308,1.7766416562036356,2.106374409493288,-0.44723356981697654,1.3745716360423015,-0.4928748546605141,-0.4237309661010528,-0.35378713506540266,-0.3987534766983575,0.29142435311428805,-0.6618701337602813,-0.31442991535651627,0.5950852472060665,0.13757488045973346,0.3031324189188476,-1.0050108562619995,0.7153273288487508,-0.7687343907083706,-0.3117450641853879,-0.387880592530983,0.15899356672916362,0.29680775850645846,-0.4128484163948504,0.02441003055322729,-0.5901538941580723,0.12031227297852805,-0.1195269616231039,0.24661379941786885,-0.12776798721953023,0.6823282952182201,-0.151346922332302,0.4493510160135705,-0.18151553183572006,0.10138773681762345,-0.24904049201029047,-1.1256979655219213,0.07854946391628402,-0.4363519069667473,-0.7728243598077373,0.3979713648051385,0.5780437832765053,-0.23020236862403864,1.0597039412261138,-1.3300444161555385,0.04327342188467346,0.19561519910898906,-0.0637138815791859,-0.5046515169910281,0.920407951376758,-0.6203600851347043,-0.4896924355550901,1.085255014018656,0.8987016060976569,-1.1326929475358645,1.2143629110381289,-1.1160535663217912,-1.2672905159110424,1.178574712629763,-1.0172782175782764,1.0464693567588907,-1.036537090851358,-1.1114919142407116,1.0763391081668667,1.0127184019062614,1.2992260860127374,0.9971289059323633,-1.0723447565316517,-1.1518747750387892,1.3781573164353047,-0.3676982979258209,-1.2177085566348373,-1.0029915497650093,-1.2052417787146594,1.009190918289187,-1.2414426379464678,-1.0664614009045903,-1.1010564321581946,-1.175254772026969,-1.1920792721084463,1.1475797972991728,-0.40106369008245873,-0.30476116551731935,-0.3793801868695194,-0.19211592692466128,0.35181146450437517,0.6186539315582326,-0.35846502156596305,0.7665371451938077,0.5796364410550613,-0.8783958094938182,0.34263790407589256,-0.051197683432898676,-0.04826697418633399,-0.30047794876572487,-0.31792061101448216,0.584836629609403,0.014589603651080134,0.0,-0.1828520329314412,0.18425306425107899,0.11466263662777083,0.15695165361103508,0.8116076446066178,-0.33136034033796213,1.0866054834124719,0.15132102386527777,-0.16619417851784443,-1.0585736667020706,-0.1579933034652758,0.6313957676867452,-1.0303084622236034,0.35772835063721126,-0.4640176055463382,0.35545376115292965,-0.3951525851055374,-0.8652096828917023,0.3272594278560139,0.7698499084997878,-0.42417158401146215,0.1866611360482732,-0.5458951403375171,0.5625626400423439,0.20854273879071644,0.19252376611928598,-0.3728751758722748,-0.17878319970987397,0.2228308102650006,-0.34503689378153024,-0.3562793519929501,-0.24244176615562898,0.836446734470281,0.9021907423850214,0.05807160347899948,0.18622223318400533,-0.39402137254562253,-0.20987329445336192,0.610922214190108,0.02576738869109911,-0.2171861213815346,-1.0679342763894948,-0.4591802185935928,-1.0831335013829928,1.0248912165229476,1.1424808336171925,-0.5671342155673205,0.9774205063647585,-1.0010353056380639,1.089241285612694,1.0174663063384182,-0.9324988748360507,-1.2266200039645088,-1.218545980178851,1.2149570402428211,1.0054429537292477,-1.165043332778669,0.8680084359979812,-1.2457435162744455,0.9634766543676719,-0.9928659691874683,0.8283742942329786,0.0958779645065938,0.45961603869494483,0.05303081241826605,0.17215862619818198,0.4761048269546442,1.0914632349404012,-0.7640247190639844,-0.6982229384936658,2.048774997796644,0.0,-0.2786932057166471,-0.0953462589245592,-0.2171861213815347,-0.13545709229571928,-0.3481553119113957,-0.511237358145545,-0.1933472978091327,-0.1354570922957193,-0.23904572186687878,-0.4252658742831209,-0.2970442628930023,0.6089241120359331,-1.4142135623730951,1.4142135623730951,-0.43994134506405985,0.0,0.0,0.0,0.0,0.0,0.0,0.0,0.0,0.0,0.0,0.0,0.0,0.0,0.0,0.0,0.0,1.0,0.0,0.0,0.0,0.0,0.0,0.0,0.0,0.0,0.0,0.0,0.0,0.0,0.0,0.0,0.0,0.0,0.0,0.0,0.0,0.0,0.0,1.0,0.0,0.0,0.0,1.0,0.0,0.0,0.0,0.0,0.0,1.0,0.0,0.0,0.0,0.0,0.0,1.0,0.0,0.0,0.0,0.0,0.0,0.0,0.0,0.0,0.0,1.0,0.0,0.0,0.0,0.0,0.0,0.0,0.0,0.0,0.0,0.0,0.0,0.0,0.0,0.0,0.0,0.0,0.0,0.0,0.0,0.0,0.0,0.0,0.0,0.0,0.0,0.0,0.0,0.0,0.0,0.0,0.0,0.0,0.0,0.0,1.0,0.0,0.0,0.0,0.0,0.0,0.0,0.0,0.0,1
VAR_001939,-0.37050399704735476,-0.7840408650262539,-0.059463623130869454,0.08254858097036752,1.0374263835694084,-0.49287485466123493,-0.5572771177238544,-0.18614568142186183,-0.3987537484038792,-0.48916549194550857,-0.6325152328004247,0.25508147209386595,-1.492954044487555,2.428196640114298,-2.349846207823455,-1.0872116313055824,-0.4282292265147889,-1.9711102142633647,-1.2540049559862378,-0.8662666566525289,1.0935203165125211,1.2220260021034306,0.3911195523740682,0.9650740041145233,0.6008839649609465,1.041323466124503,-1.0546359420511466,1.1745504684139176,-1.04275163763036,-1.1559342360041547,0.5858682354572288,0.4493510160135705,-1.1156618915576297,1.0392243023806405,1.1565609289969432,0.6017555944725487,-1.3746156185349752,-1.3860589986002567,-1.7940565495536767,1.010128788601319,1.0396470922239303,-1.1765898840784197,1.0597039412261138,-1.3300444161555385,-1.3977315268749497,0.19561519910898906,1.3851815085649268,0.919492170788738,0.5809944040230542,0.8771853298638267,0.023439555730869147,1.085255014018656,0.8987016060976569,-1.1326929475358645,-0.9838229206248016,1.0649666073000195,-1.2672905159110424,-1.016421815925668,-1.0172782175782764,1.0464693567588907,-1.036537090851358,1.1599643265355106,-1.1118228150295109,1.0127184019062614,-0.9263000798424149,-1.1730928305086623,1.1237856489113989,1.0146473970671759,1.3781573164353047,-0.3817762815525655,-1.2177085566348373,-1.0029915497650093,0.9879030973070977,1.009190918289187,0.9668928237852297,1.1683086565511613,1.0506559616720805,-1.175254772026969,-1.1920792721084463,1.1475797972991728,-1.4014697484903902,-0.6415509761929775,-0.5146722601977325,-1.1614281036809067,-1.0768863120804655,1.602463511540713,1.0972526879641071,1.2499781856285386,1.07225433678547,0.45714509217260785,1.3233226924555272,1.1146547373986353,-1.02238227140144,-1.2709543751565395,-1.284747674647566,1.0691805882380039,1.0942202738310212,0.0,1.387501221191554,1.1581621181496393,1.2380078653730484,1.098661575277246,-1.1049686451781622,-1.2744628474537005,1.0866054834124719,-1.2883904317672241,1.2901916490201075,-1.0585736667020706,1.3054020889740467,-1.2756771632854644,-1.0303084622236034,1.3381690153466055,-1.4545167250779456,0.8486458547526188,1.0768676013041276,-1.3602523365049959,1.2986428877185627,1.252135169374646,1.0457624577621396,1.1732985694462887,-1.0156188657442176,1.5382572188657846,1.153369024740493,-1.2645311001925834,-1.3470719221911818,1.2832204818413648,-1.1138648061882561,-1.3360423723905241,-1.3339535168969323,-1.1776162023132102,-0.6620249745466421,1.388322647262387,1.0497559090434576,1.1476486463665432,-1.3768612006931302,-1.1805372813001602,1.091860978552533,-0.9541254458708998,-1.1814925003155485,1.08229401958299,-0.45906081900661405,-1.0831335013829928,-1.081829617440889,-1.1246902141211947,-0.567133281277292,-1.1499064780761865,1.111415624510702,-1.0244961742301215,-1.1486214361181755,1.2149570402428211,0.9209323689071074,0.9148704835412195,-0.9324988748360505,1.0054429537292477,0.9736916784744738,0.8680084359979812,0.9014231033911361,-1.1669199319831562,1.1429503598785975,0.8283742942329786,-0.07024532560817816,0.2684974878754804,0.24743114516800238,1.232187869720994,0.3912933614514765,1.0914632349404012,-0.7640247190639844,-0.6982229384936658,2.048774997796644,0.0,-0.2786932057166471,-0.0953462589245592,-0.2171861213815347,-0.13545709229571928,-0.3481553119113957,-0.511237358145545,-0.1933472978091327,-0.1354570922957193,-0.23904572186687878,-0.4252658742831209,-0.2970442628930023,0.6089241120359331,0.7071067811865477,-0.7071067811865475,2.273030282830976,0.0,0.0,0.0,0.0,0.0,0.0,1.0,0.0,0.0,0.0,0.0,0.0,0.0,0.0,0.0,0.0,0.0,0.0,0.0,0.0,0.0,0.0,0.0,0.0,0.0,0.0,0.0,0.0,0.0,0.0,0.0,1.0,0.0,0.0,0.0,0.0,0.0,0.0,0.0,0.0,0.0,0.0,1.0,0.0,0.0,0.0,0.0,0.0,1.0,0.0,0.0,0.0,0.0,0.0,1.0,0.0,0.0,0.0,0.0,0.0,0.0,0.0,0.0,0.0,1.0,0.0,0.0,0.0,0.0,0.0,0.0,0.0,0.0,0.0,0.0,0.0,0.0,0.0,0.0,0.0,0.0,0.0,0.0,0.0,0.0,0.0,0.0,0.0,0.0,0.0,0.0,0.0,0.0,0.0,0.0,0.0,0.0,0.0,0.0,1.0,0.0,0.0,0.0,0.0,0.0,0.0,0.0,0.0,1
VAR_001949,-0.3700475877199497,0.3270793851628344,0.21555768258003385,-0.44716995712067403,-0.46465620715147177,-0.43180376324161746,-0.5572913247252628,-0.24261775357483117,-0.020311279424267064,0.6094935962850729,-0.591388508410985,-0.31442991535651627,0.7789250011488585,-0.625965706091788,0.3031324189188476,0.557375920473235,-0.21046296280638835,-0.261946753835081,0.1593848817150369,0.09050547159056287,-0.30826980816251504,0.29680775850645846,-0.4128484163948504,-0.4459219562274206,0.005365035401437297,0.5808178695515157,0.3480275285909173,-0.6813228695781798,0.3297238379858845,-0.23680297039296724,-0.019245252958689958,-0.2433984670073505,0.28555764802523464,0.10138773681762345,1.1565609289969432,0.6017555944725487,-1.3746156185349752,-1.3860589986002567,0.7590239248111715,-1.3590907385226985,-1.2683694525131952,-1.1765898840784197,-1.2834661280188786,0.9839827028611506,1.0039433877244224,0.19561519910898906,-1.029644141675261,0.919492170788738,0.5583213336325488,0.5452588573680738,0.1511583304410818,1.085255014018656,-1.298564435242429,0.772328503388975,-0.9838229206248016,-1.1160535663217912,0.9514673274032434,1.178574712629763,-1.0172782175782764,1.0464693567588907,1.1591807924406405,-1.1114919142407116,1.0763391081668667,1.0127184019062614,-0.9263000798424149,0.9971289059323633,1.1237856489113989,-1.1518747750387892,-0.8633646136777833,-0.3461351476502001,-1.2177085566348373,1.1806612330787183,-1.2052417787146594,-1.1872834332813964,-1.2414426379464678,-1.0664614009045903,1.0506559616720805,1.0341904547202905,-1.1920792721084463,1.1475797972991728,0.5993423683254726,0.026026391091748032,-0.5521836695717103,-1.1614281036809067,1.3042766488942688,1.602463511540713,1.0972526879641071,-1.1672270165451164,-1.3908351418665734,-1.3239076245251546,-1.1283892784935592,1.1146547373986353,-1.02238227140144,-1.2709543751565395,-1.284747674647566,1.0691805882380039,0.5544049387410508,0.0,0.34059905177622385,1.1581621181496393,-1.1733912533481388,-1.2556132288882809,1.2907517170528129,1.0832934203356452,-1.2599549963304153,-1.2883904317672241,1.2901916490201075,1.2726879919922605,-1.1586225279789357,-1.2756771632854644,1.3552968846228302,1.3381690153466055,-1.4545167250779456,-1.6173146132458274,-1.3764993760453141,-1.3602523365049959,-1.129815761937809,1.252135169374646,1.0457624577621396,-1.2932950140487498,1.3329997612892854,-0.9009792281928168,1.153369024740493,-1.2645311001925834,1.0884199436060857,1.2832204818413648,-1.1138648061882561,-1.3360423723905241,1.1102318953630232,-1.1776162023132102,1.0224112121743942,-1.0423368771244421,1.0497559090434576,1.1476486463665432,1.080238369675639,-1.1805372813001602,1.091860978552533,-0.9541254458708998,1.2292734470194862,1.08229401958299,-0.44797264296017103,1.033553446742222,1.0248912165229476,1.1424808336171925,-0.5671550852825649,-1.1499064780761865,1.111415624510702,-1.0244961742301215,1.0174663063384182,1.2149570402428211,-1.2266200039645088,0.9148704835412195,-0.9324988748360505,1.0054429537292477,-1.165043332778669,0.8680084359979812,-1.2457435162744455,-1.1669199319831562,-0.9928659691874683,0.8283742942329786,-0.04099919357596159,0.45961603869494483,0.1565469524922511,1.3045449461713237,0.16758171316724826,0.9861547204046895,1.3200204271377425,-0.6982229384936658,-0.6829249992655481,0.0,-0.2786932057166471,-0.0953462589245592,-0.2171861213815347,-0.13545709229571928,-0.3481553119113957,-0.511237358145545,-0.1933472978091327,-0.1354570922957193,-0.23904572186687878,-0.4252658742831209,-0.2970442628930023,0.6089241120359331,0.7071067811865477,-0.7071067811865475,-0.43994134506405985,0.0,0.0,0.0,0.0,0.0,0.0,0.0,0.0,0.0,0.0,0.0,1.0,0.0,0.0,0.0,0.0,0.0,0.0,0.0,0.0,0.0,0.0,0.0,0.0,0.0,0.0,0.0,0.0,0.0,0.0,0.0,0.0,1.0,0.0,0.0,0.0,0.0,0.0,0.0,0.0,0.0,0.0,1.0,0.0,0.0,0.0,0.0,0.0,1.0,0.0,0.0,0.0,0.0,0.0,1.0,0.0,0.0,0.0,0.0,0.0,0.0,0.0,0.0,0.0,0.0,0.0,0.0,0.0,0.0,0.0,0.0,0.0,0.0,0.0,0.0,0.0,0.0,0.0,0.0,1.0,0.0,0.0,0.0,0.0,0.0,1.0,0.0,0.0,0.0,0.0,0.0,0.0,0.0,0.0,0.0,0.0,0.0,0.0,0.0,0.0,0.0,0.0,0.0,0.0,0.0,0.0,0.0,0.0,1
VAR_001840,-0.35250673942513855,-0.7840507077543079,-0.566491360395603,-0.4472492000777425,-0.46640213302773437,3.5889439207519365,-0.5560896670567554,-0.3537904849310348,-0.39874566463853167,-0.24799947429040095,-0.664581712454569,0.24870669994776531,-1.1445171997560366,-0.625965706091788,-1.2378543492771192,1.3796696963626436,-0.8503641156206425,1.4472167065932027,1.1016447735158867,1.5256636639552004,-1.2427965579458726,-1.0910196068889997,0.3911195523740682,0.9650740041145233,0.6008839649609465,1.041323466124503,1.2831365090189601,1.1745504684139176,1.2447074883967142,1.1418939280238138,-0.4056309402307415,0.4493510160135705,-1.1156618915576297,1.0392243023806405,1.1565609289969432,0.6017555944725487,1.047326185550457,0.9882087304835168,-1.7940565495536767,1.010128788601319,1.0396470922239303,-1.1765898840784197,-1.2834661280188786,0.9839827028611506,-1.3977315268749497,0.19561519910898906,-1.029644141675261,0.919492170788738,-0.18110979664649077,0.19988317917249301,0.4225050916565035,-1.0658754601968945,0.8987016060976569,1.1134560350208595,-0.9838229206248016,1.0649666073000195,-1.2672905159110424,-1.016421815925668,1.1376431975207442,1.0464693567588907,1.1591807924406405,-1.1114919142407116,1.0763391081668667,1.0127184019062614,-0.9263000798424149,0.9971289059323633,-1.0723447565316517,-1.1518747750387892,1.3781573164353047,-0.3830253784417871,0.955372629642766,-1.0029915497650093,-1.2052417787146594,-1.1872834332813964,-1.2414426379464678,1.1683086565511613,-1.1010564321581946,-1.175254772026969,1.0075363498063885,-1.0187698200513067,1.0995453975294383,0.4739859416208181,3.560910951628793,-1.1614281036809067,1.3042766488942688,-0.8570604384154882,-1.32894349458601,1.2499781856285386,1.07225433678547,1.237372138765542,1.3233226924555272,-1.3253661969609918,-1.02238227140144,1.155236690820497,-1.284747674647566,-1.352539204905001,0.014589603651080134,0.0,0.34059905177622385,1.1581621181496393,1.2380078653730484,-1.2556132288882809,-1.1049686451781622,-1.2744628474537005,-1.2599549963304153,-1.2883904317672241,1.2901916490201075,1.2726879919922605,-1.1586225279789357,1.1081640004297975,-1.0303084622236034,-1.1129326464268798,1.0217310737510725,-1.6173146132458274,-1.3764993760453141,1.114960931561472,-1.129815761937809,1.252135169374646,-1.4041276118605301,1.1732985694462887,1.3329997612892854,1.5382572188657846,1.153369024740493,1.1638936769938657,1.0884199436060857,1.2832204818413648,-1.1138648061882561,1.1414713241319605,-1.3339535168969323,1.1603198880807428,-0.6468340325312718,1.388322647262387,-1.4294548548676875,1.1476486463665432,-1.3768612006931302,1.2461226858168353,-1.312832843259593,-0.9541254458708998,1.2292734470194862,1.08229401958299,1.8226079761221061,1.033553446742222,-1.081829617440889,1.1424808336171925,-0.5671594658215039,0.9774205063647585,-1.0010353056380639,1.089241285612694,-1.1486214361181755,1.2149570402428211,-1.2266200039645088,-1.218545980178851,-0.9324988748360505,-1.092379750480273,0.9736916784744738,-1.2826374656934454,0.9014231033911361,0.9634766543676719,-0.9928659691874683,0.8283742942329786,0.2415999856431615,-0.03843131413456288,0.17206325623665794,0.26472624656202415,-0.355589964305935,-0.17579284987095006,1.8201912622261573,-0.012357928114932163,0.0,0.0,-0.2786932057166471,-0.0953462589245592,-0.2171861213815347,-0.13545709229571928,2.8722813232690143,-0.511237358145545,-0.1933472978091327,-0.1354570922957193,-0.23904572186687878,-0.4252658742831209,-0.2970442628930023,-1.89443057077846,0.7071067811865477,1.4142135623730951,-0.43994134506405985,0.0,0.0,0.0,0.0,0.0,0.0,0.0,0.0,0.0,0.0,0.0,0.0,0.0,0.0,0.0,0.0,0.0,0.0,0.0,0.0,0.0,0.0,0.0,0.0,0.0,0.0,0.0,0.0,1.0,0.0,0.0,0.0,0.0,0.0,1.0,0.0,0.0,0.0,0.0,0.0,0.0,1.0,0.0,0.0,0.0,0.0,0.0,1.0,0.0,0.0,0.0,0.0,0.0,1.0,0.0,0.0,0.0,0.0,0.0,0.0,0.0,0.0,0.0,0.0,0.0,0.0,0.0,0.0,0.0,0.0,0.0,0.0,0.0,0.0,0.0,0.0,1.0,0.0,0.0,0.0,0.0,0.0,0.0,0.0,0.0,0.0,0.0,0.0,0.0,0.0,0.0,1.0,0.0,0.0,0.0,0.0,0.0,0.0,0.0,0.0,0.0,0.0,0.0,0.0,0.0,0.0,0.0,0.0,1
VAR_001820,-0.3612427303389824,0.9071498969320678,-0.5065743967215715,-0.4426616572060709,-0.45806168960768456,2.363587760920798,-0.5486495307452822,-0.29923164558413334,0.03588243250291186,-0.4889742495770262,2.771300141419001,-1.6326651991639072,-0.05127221059786346,2.428196640114298,-2.349846207823455,-1.0872116313055824,1.0012164676896353,-1.9711102142633647,-1.2540049559862378,-0.8662666566525289,-1.2427965579458726,1.2220260021034306,0.3911195523740682,0.9650740041145233,0.6008839649609465,1.041323466124503,1.2831365090189601,-1.1452912040762042,-1.04275163763036,1.1418939280238138,-0.35016509280631636,0.4493510160135705,-1.1156618915576297,1.0392243023806405,1.1565609289969432,0.6017555944725487,-1.3746156185349752,0.9882087304835168,0.7590239248111715,1.010128788601319,1.0396470922239303,-1.1765898840784197,-1.2834661280188786,0.9839827028611506,1.0039433877244224,0.19561519910898906,-1.029644141675261,0.919492170788738,0.2299275384364254,-0.566674343618586,-1.0512191475234518,1.085255014018656,0.8987016060976569,1.1134560350208595,-0.9838229206248016,-1.1160535663217912,0.9514673274032434,1.178574712629763,-1.0172782175782764,1.0464693567588907,-1.036537090851358,1.1599643265355106,-1.1118228150295109,1.0127184019062614,-0.9263000798424149,-1.1730928305086623,-1.0723447565316517,-1.1518747750387892,1.3781573164353047,-0.34506521504571885,-1.2177085566348373,-1.0029915497650093,-1.2052417787146594,1.009190918289187,0.9668928237852297,1.1683086565511613,-1.1010564321581946,-1.175254772026969,1.0075363498063885,-1.0187698200513067,-1.4014697484903902,-0.4838352838819158,0.046679013982258835,-1.1614281036809067,-1.0768863120804655,1.602463511540713,-1.32894349458601,1.2499781856285386,-1.3908351418665734,-1.3292700780450954,1.3233226924555272,1.1146547373986353,-1.02238227140144,-1.2709543751565395,-1.284747674647566,-1.352539204905001,1.0942202738310212,0.0,1.387501221191554,1.1581621181496393,1.2380078653730484,-1.2556132288882809,-1.1049686451781622,1.0832934203356452,-1.2599549963304153,1.1111286609536124,-1.137118063543146,-1.0585736667020706,-1.1586225279789357,-1.2756771632854644,1.3552968846228302,1.3381690153466055,-1.4545167250779456,-1.6173146132458274,1.0768676013041276,1.114960931561472,-1.129815761937809,1.252135169374646,1.0457624577621396,1.1732985694462887,1.3329997612892854,-0.9009792281928168,-1.2086966901339484,1.1638936769938657,-1.3470719221911818,1.2832204818413648,-0.036189246147536235,-1.3360423723905241,-1.3339535168969323,-1.1776162023132102,2.6094364902256375,1.388322647262387,1.0497559090434576,1.1476486463665432,1.080238369675639,1.2461226858168353,-1.312832843259593,1.4956066405340973,1.2292734470194862,-1.0679342763894948,-0.4429499252522466,1.033553446742222,1.0248912165229476,-1.1246902141211947,0.41987882050483427,0.9774205063647585,1.111415624510702,1.089241285612694,1.0174663063384182,-0.9324988748360507,-1.2266200039645088,-1.218545980178851,-0.9324988748360505,1.0054429537292477,0.9736916784744738,-1.2826374656934454,-1.2457435162744455,-1.1669199319831562,-0.9928659691874683,-1.3713756258593799,0.2415999856431615,0.24511454598741145,0.04286895584967378,-1.6384579853099959,0.1371690388385557,0.21484427673869994,-0.26385388397557014,1.3593720926425352,-1.3658499985310961,0.0,-0.2786932057166471,-0.0953462589245592,-0.2171861213815347,-0.13545709229571928,-0.3481553119113957,1.956038587687303,-0.1933472978091327,-0.1354570922957193,-0.23904572186687878,-0.4252658742831209,-0.2970442628930023,-1.89443057077846,0.7071067811865477,-0.7071067811865475,-0.43994134506405985,0.0,0.0,0.0,0.0,0.0,0.0,0.0,0.0,0.0,0.0,0.0,0.0,0.0,0.0,0.0,0.0,0.0,0.0,0.0,0.0,0.0,0.0,0.0,1.0,0.0,0.0,0.0,0.0,0.0,0.0,0.0,0.0,1.0,0.0,0.0,0.0,0.0,0.0,0.0,0.0,0.0,0.0,1.0,0.0,0.0,0.0,0.0,0.0,1.0,0.0,0.0,0.0,0.0,0.0,1.0,0.0,0.0,0.0,0.0,0.0,0.0,0.0,0.0,0.0,0.0,0.0,0.0,0.0,0.0,0.0,0.0,0.0,0.0,0.0,0.0,0.0,0.0,0.0,1.0,0.0,0.0,0.0,0.0,0.0,0.0,0.0,0.0,0.0,0.0,0.0,0.0,0.0,0.0,0.0,1.0,0.0,0.0,0.0,0.0,0.0,0.0,0.0,0.0,0.0,0.0,0.0,0.0,0.0,1
VAR_001972,-0.3700393916437446,-0.7840521518315393,-0.4945424050760635,-0.44724008844892765,-0.46640198622734,-0.4928748543978793,1.2727543824600465,-0.297123477728254,-0.3952439539640725,-0.4647908721664924,-0.6672509681849548,-0.31442991535651627,0.5950852472060669,0.13757488045973346,0.3031324189188476,-1.0050108562619995,0.7153273288487508,-0.7687343907083706,0.1593848817150369,-0.387880592530983,-0.30826980816251504,0.7594168803049447,-0.4128484163948504,-0.4459219562274206,-0.5901538941580723,0.5808178695515157,0.3480275285909173,0.7105821339158933,-1.04275163763036,-0.696368603198561,-0.4159783093803589,-0.2433984670073505,-0.18151553183572006,0.10138773681762345,1.1565609289969432,-2.277333672184901,1.047326185550457,0.9882087304835168,-1.7940565495536767,-1.3590907385226985,-1.2683694525131952,1.189378904557533,-1.2834661280188786,-1.3300444161555385,-1.3977315268749497,0.19561519910898906,-1.029644141675261,0.919492170788738,-0.8860522449435608,0.1544240498372939,1.491252778693867,-1.0658754601968945,-1.298564435242429,-1.1326929475358645,1.2143629110381289,-1.1160535663217912,0.9514673274032434,-1.016421815925668,-1.0172782175782764,1.0464693567588907,-1.036537090851358,-1.1114919142407116,1.0763391081668667,-1.1914334140073664,-0.9263000798424149,0.9971289059323633,1.1237856489113989,-1.1518747750387892,-0.8633646136777833,-0.38644852659967366,0.955372629642766,1.1806612330787183,0.9879030973070977,1.009190918289187,-1.2414426379464678,1.1683086565511613,-1.1010564321581946,-1.175254772026969,-1.1920792721084463,-1.0187698200513067,-0.40106369008245873,0.5465928888933663,-0.5545084345532354,-0.19211592692466128,-0.12442112769057163,-0.8570604384154882,1.0972526879641071,-1.1672270165451164,0.08701854532465249,0.6043048068162169,-0.14770449011392464,0.62665055052671,-0.04826697418633399,-0.7857161619611321,-0.31792061101448216,0.10049267098080185,0.014589603651080134,0.0,-0.7063031176391064,0.18425306425107899,0.2734482178845735,-1.2556132288882809,-0.6258245727319671,0.6117421667777763,-0.32133080443326034,-0.8084866132230568,-0.16619417851784443,-0.5923213349632044,0.3197922421928535,0.15462753494369266,-0.07606632348502991,-0.6227123140721827,0.5264815139852691,-1.1241225196461382,0.5861942058342393,-0.8652096828917023,-0.15843230207526035,0.7698499084997878,0.0658064299130717,0.1866611360482732,-0.07617141493081644,0.07471535063062373,-0.2638704041841718,-0.2931611893180037,0.1142231972871786,-0.6279460675582235,-0.6249882681429453,-0.34503689378153024,0.1325577304590409,0.22514545192316152,-0.642855098926936,-0.5562049722470762,0.5539137562612287,-0.29449097340726355,0.09739854152813121,0.7607906923934363,-0.8318940788971679,-0.46417902858990034,-0.6993393108485416,1.08229401958299,-0.45527571099297054,-1.0831335013829928,-1.081829617440889,1.0769387787172127,-0.5671609250744316,-1.1499064780761865,-1.0010353056380639,1.089241285612694,1.0174663063384182,-0.9324988748360507,-1.2266200039645088,0.9148704835412195,-0.9324988748360505,1.0054429537292477,0.9736916784744738,0.8680084359979812,-1.2457435162744455,-1.1669199319831562,-0.9928659691874683,0.8283742942329786,0.2415999856431615,0.23285213960320228,0.24743114516800238,0.2956909090463677,-0.5817573713606715,-0.1400330561796995,-1.8477281950888826,-1.3840879488723994,-0.6829249992655481,0.0,-0.2786932057166471,-0.0953462589245592,-0.2171861213815347,-0.13545709229571928,-0.3481553119113957,-0.511237358145545,-0.1933472978091327,-0.1354570922957193,4.183300132670379,-0.4252658742831209,-0.2970442628930023,0.6089241120359331,0.7071067811865477,1.4142135623730951,-0.43994134506405985,0.0,0.0,0.0,0.0,0.0,0.0,0.0,0.0,0.0,0.0,0.0,0.0,0.0,0.0,0.0,0.0,1.0,0.0,0.0,0.0,0.0,0.0,0.0,0.0,0.0,0.0,0.0,0.0,0.0,0.0,0.0,0.0,0.0,0.0,1.0,0.0,0.0,0.0,0.0,0.0,0.0,0.0,0.0,1.0,0.0,0.0,0.0,0.0,0.0,1.0,0.0,0.0,0.0,0.0,0.0,1.0,0.0,0.0,0.0,0.0,0.0,0.0,0.0,0.0,0.0,0.0,1.0,0.0,0.0,0.0,0.0,0.0,0.0,0.0,0.0,0.0,0.0,0.0,0.0,0.0,0.0,0.0,0.0,0.0,0.0,0.0,0.0,0.0,0.0,0.0,0.0,0.0,0.0,0.0,0.0,1.0,0.0,0.0,0.0,0.0,0.0,0.0,0.0,0.0,0.0,0.0,0.0,0.0,1
VAR_001772,-0.2219048283171848,1.7774385382173916,-0.387477712425889,-0.4472478667661291,0.6660177276270388,-0.45133477160372504,-0.538036369830536,-0.3374101833342337,-0.39781175101597743,1.8238929388601652,-0.547609345448822,1.1893926495036014,-1.2083025996641246,1.6646560535627766,-0.29880619483752685,0.2070030674700849,0.07542617603449672,1.0474269437111496,1.1016447735158867,-0.8662666566525289,1.0935203165125211,-1.0910196068889997,0.3911195523740682,-1.3865859297887166,0.6008839649609465,1.041323466124503,1.2831365090189601,-1.1452912040762042,1.2447074883967142,1.1418939280238138,-0.44216571283902534,0.4493510160135705,-1.1156618915576297,-1.3053671115269019,1.1565609289969432,0.6017555944725487,1.047326185550457,0.9882087304835168,0.7590239248111715,-1.3590907385226985,1.0396470922239303,1.189378904557533,-1.2834661280188786,0.9839827028611506,1.0039433877244224,-7.042147167923561,-1.029644141675261,-1.454080642177539,-3.457943244018283,-2.5561930876721477,-1.5114186968451182,-1.0658754601968945,0.8987016060976569,-1.1326929475358645,1.2143629110381289,-1.1160535663217912,0.9514673274032434,1.178574712629763,1.1376431975207442,-1.1406521668206824,1.1591807924406405,-1.1114919142407116,1.0763391081668667,1.0127184019062614,-0.9263000798424149,0.9971289059323633,1.1237856489113989,-1.1518747750387892,-0.8633646136777833,-0.11899935742240952,0.955372629642766,1.1806612330787183,0.9879030973070977,1.009190918289187,0.9668928237852297,1.1683086565511613,1.0506559616720805,-1.175254772026969,-1.1920792721084463,-1.0187698200513067,1.0995453975294383,-0.5933622031407579,0.956397394854926,-1.1614281036809067,-1.0768863120804655,-0.8570604384154882,1.0972526879641071,-1.1672270165451164,-1.3908351418665734,1.276681051546201,1.3233226924555272,1.1146547373986353,-1.02238227140144,-1.2709543751565395,1.1323199844351433,1.0691805882380039,1.0942202738310212,0.0,1.387501221191554,-1.2766105165967614,1.2380078653730484,1.098661575277246,-1.1049686451781622,1.0832934203356452,1.0866054834124719,1.1111286609536124,-1.137118063543146,-1.0585736667020706,-1.1586225279789357,-1.2756771632854644,1.3552968846228302,-1.1129326464268798,1.0217310737510725,0.8486458547526188,1.0768676013041276,1.114960931561472,1.2986428877185627,1.252135169374646,1.0457624577621396,-1.2932950140487498,1.3329997612892854,-0.9009792281928168,-1.2086966901339484,1.1638936769938657,1.0805215009777251,1.2832204818413648,1.5181654894997205,1.1414713241319605,-1.3339535168969323,1.1603198880807428,1.9062778952084802,1.388322647262387,-1.4294548548676875,-1.2559173865898015,1.080238369675639,-1.1805372813001602,1.091860978552533,1.4956066405340973,-1.1814925003155485,-1.0679342763894948,-0.43857664307599586,1.033553446742222,1.0248912165229476,-1.1246902141211947,0.4198783654990866,0.9774205063647585,-1.0010353056380639,-1.0244961742301215,-1.1486214361181755,1.2149570402428211,-1.2266200039645088,-1.218545980178851,1.2149570402428211,-1.092379750480273,0.9736916784744738,0.8680084359979812,0.9014231033911361,-1.1669199319831562,1.1429503598785975,-1.3713756258593799,0.2415999856431615,0.31583309056930564,0.24743114516800238,-2.2750155932224847,-0.09298951156594323,-2.1259463145886226,0.4586151000410287,2.7311021134000026,0.0,0.0,-0.2786932057166471,-0.0953462589245592,-0.2171861213815347,-0.13545709229571928,-0.3481553119113957,1.956038587687303,-0.1933472978091327,-0.1354570922957193,-0.23904572186687878,-0.4252658742831209,-0.2970442628930023,-1.89443057077846,0.7071067811865477,-0.7071067811865475,-0.43994134506405985,0.0,0.0,0.0,0.0,0.0,0.0,0.0,0.0,0.0,0.0,0.0,0.0,0.0,0.0,0.0,0.0,0.0,0.0,0.0,0.0,0.0,0.0,0.0,0.0,0.0,0.0,0.0,1.0,0.0,0.0,0.0,0.0,0.0,0.0,0.0,1.0,0.0,0.0,0.0,1.0,0.0,0.0,0.0,0.0,0.0,1.0,0.0,0.0,0.0,0.0,0.0,1.0,0.0,0.0,0.0,0.0,0.0,0.0,0.0,0.0,0.0,0.0,0.0,0.0,0.0,0.0,0.0,0.0,0.0,0.0,0.0,0.0,0.0,0.0,0.0,0.0,0.0,0.0,1.0,0.0,0.0,0.0,0.0,0.0,0.0,0.0,0.0,0.0,0.0,0.0,0.0,1.0,0.0,0.0,0.0,0.0,0.0,0.0,0.0,0.0,0.0,0.0,0.0,0.0,0.0,0.0,0.0,0.0,0
VAR_001897,-0.3223304933662943,-0.7840523767536006,-0.5664864514968658,3.546705560160191,-0.42393601328379354,-0.4403490126144318,-0.5571972923357805,-0.35379456144630894,-0.3968842158410923,0.29142435311428805,3.084575061750907,-0.31442991535651627,0.5950852472060665,0.13757488045973346,0.3031324189188476,-1.0050108562619995,0.7153273288487508,-0.7687343907083706,-0.3117450641853879,-0.387880592530983,0.15899356672916362,0.29680775850645846,-0.4128484163948504,0.02441003055322729,-0.5901538941580723,0.12031227297852805,-0.1195269616231039,0.24661379941786885,-0.12776798721953023,0.6823282952182201,-0.15134692233230201,0.4493510160135705,-0.18151553183572006,0.10138773681762345,-1.186108106015113,0.6017555944725487,1.047326185550457,-1.3860589986002567,0.7590239248111715,1.010128788601319,1.0396470922239303,-1.1765898840784197,1.0597039412261138,-1.3300444161555385,-1.3977315268749497,0.19561519910898906,1.3851815085649268,-1.454080642177539,0.373172467241457,0.37012966324898916,0.2137879310175858,1.085255014018656,0.8987016060976569,-1.1326929475358645,1.2143629110381289,1.0649666073000195,0.9514673274032434,1.178574712629763,1.1376431975207442,1.0464693567588907,-1.036537090851358,1.1599643265355106,1.0763391081668667,-1.1914334140073664,-0.9263000798424149,-1.1730928305086623,-1.0723447565316517,-1.1518747750387892,-0.8633646136777833,-0.3864485266338321,0.955372629642766,-1.0029915497650093,-1.2052417787146594,-1.1872834332813964,0.9668928237852297,-1.0664614009045903,-1.1010564321581946,1.0341904547202905,-1.1920792721084463,-1.0187698200513067,-0.40106369008245873,-0.30476116551731935,-0.44986247986773364,-0.19211592692466128,0.35181146450437517,0.6186539315582326,-0.35846502156596305,0.7665371451938077,0.5796364410550613,-0.8783958094938182,0.34263790407589256,-0.051197683432898676,-0.04826697418633399,-0.30047794876572487,-0.31792061101448216,0.584836629609403,0.014589603651080134,0.0,-0.1828520329314412,0.18425306425107899,0.11466263662777083,0.15695165361103508,0.8116076446066178,-0.33136034033796213,1.0866054834124719,0.15132102386527777,-0.16619417851784443,-1.0585736667020706,-0.1579933034652758,0.6313957676867452,-1.0303084622236034,0.35772835063721126,-0.4640176055463382,0.35545376115292965,-0.3951525851055374,-0.8652096828917023,0.3272594278560139,0.7698499084997878,-0.42417158401146215,0.1866611360482732,-0.5458951403375171,0.5625626400423439,0.20854273879071644,0.19252376611928598,-0.3728751758722748,-0.17878319970987397,0.2228308102650006,-0.34503689378153024,-0.3562793519929501,-0.24244176615562898,0.836446734470281,0.9021907423850214,0.05807160347899948,0.18622223318400533,-0.39402137254562253,-0.20987329445336192,0.610922214190108,0.02576738869109911,-0.2171861213815346,1.08229401958299,-0.4404995035924897,1.033553446742222,1.0248912165229476,-1.1246902141211947,0.3943335550844661,-1.1499064780761865,1.111415624510702,-1.0244961742301215,-1.1486214361181755,1.2149570402428211,0.9209323689071074,0.9148704835412195,1.2149570402428211,1.0054429537292477,-1.165043332778669,-1.2826374656934454,-1.2457435162744455,0.9634766543676719,-0.9928659691874683,0.8283742942329786,0.17363511526733166,0.31848618495603376,0.24743114516800238,0.7556461649142963,0.05436870436906583,1.0914632349404012,-0.7640247190639844,-0.6982229384936658,2.048774997796644,0.0,-0.2786932057166471,-0.0953462589245592,-0.2171861213815347,-0.13545709229571928,-0.3481553119113957,-0.511237358145545,-0.1933472978091327,-0.1354570922957193,-0.23904572186687878,-0.4252658742831209,-0.2970442628930023,0.6089241120359331,0.7071067811865477,1.4142135623730951,-0.43994134506405985,0.0,0.0,0.0,0.0,0.0,0.0,0.0,0.0,0.0,0.0,0.0,0.0,0.0,0.0,0.0,0.0,1.0,0.0,0.0,0.0,0.0,0.0,0.0,0.0,0.0,0.0,0.0,0.0,0.0,0.0,0.0,0.0,1.0,0.0,0.0,0.0,0.0,0.0,0.0,0.0,0.0,0.0,1.0,0.0,0.0,0.0,0.0,0.0,1.0,0.0,0.0,0.0,0.0,0.0,1.0,0.0,0.0,0.0,0.0,0.0,0.0,0.0,0.0,0.0,1.0,0.0,0.0,0.0,0.0,0.0,0.0,0.0,0.0,0.0,0.0,0.0,0.0,0.0,0.0,0.0,0.0,0.0,0.0,0.0,0.0,0.0,0.0,0.0,0.0,0.0,0.0,0.0,0.0,0.0,0.0,0.0,0.0,0.0,0.0,1.0,0.0,0.0,0.0,0.0,0.0,0.0,0.0,0.0,1
VAR_001821,-0.37030257551979684,-0.7371512027858025,-0.489405586818123,-0.4472496607301998,-0.4663299994089624,-0.44344097871074606,-0.5475623189531342,4.138907031167456,-0.3987537484038924,-0.456127197410096,-0.5523043052074074,0.24870669994776531,-1.1445171997560366,-0.625965706091788,-1.2378543492771192,1.3796696963626436,-0.8503641156206425,1.4472167065932027,-1.2540049559862378,1.5256636639552004,-1.2427965579458726,-1.0910196068889997,0.3911195523740682,0.9650740041145233,0.6008839649609465,-1.2612045167404342,1.2831365090189601,-1.1452912040762042,-1.04275163763036,-1.1559342360041547,-0.44216608042621736,0.4493510160135705,1.2197040077471442,1.0392243023806405,-1.186108106015113,0.6017555944725487,-1.3746156185349752,0.9882087304835168,0.7590239248111715,1.010128788601319,1.0396470922239303,-1.1765898840784197,-1.2834661280188786,0.9839827028611506,-1.3977315268749497,0.19561519910898906,1.3851815085649268,0.919492170788738,0.1428444574631372,0.3844689610744942,0.6093290580644501,1.085255014018656,-1.298564435242429,1.1134560350208595,1.2143629110381289,-1.1160535663217912,0.9514673274032434,-1.016421815925668,1.1376431975207442,1.0464693567588907,1.1591807924406405,1.1599643265355106,-1.1118228150295109,-1.1914334140073664,1.2992260860127374,0.9971289059323633,1.1237856489113989,-1.1518747750387892,-0.8633646136777833,-0.29435420817062224,0.955372629642766,-1.0029915497650093,-1.2052417787146594,-1.1872834332813964,0.9668928237852297,-1.0664614009045903,1.0506559616720805,1.0341904547202905,-1.1920792721084463,1.1475797972991728,1.0995453975294383,-0.6413877879447248,2.736312940942997,1.2618523382097067,1.3042766488942688,1.602463511540713,1.0972526879641071,-1.1672270165451164,1.07225433678547,1.28735631718495,-1.1283892784935592,-1.3253661969609918,-1.02238227140144,1.155236690820497,1.1323199844351433,-1.352539204905001,1.0942202738310212,0.0,1.387501221191554,1.1581621181496393,-1.1733912533481388,-1.2556132288882809,-1.1049686451781622,-1.2744628474537005,1.0866054834124719,1.1111286609536124,-1.137118063543146,1.2726879919922605,1.3054020889740467,1.1081640004297975,1.3552968846228302,1.3381690153466055,1.0217310737510725,0.8486458547526188,1.0768676013041276,-1.3602523365049959,1.2986428877185627,1.252135169374646,1.0457624577621396,1.1732985694462887,-1.0156188657442176,1.5382572188657846,1.153369024740493,-1.2645311001925834,1.0884199436060857,1.2832204818413648,1.5181654894997205,1.1414713241319605,-1.3339535168969323,-1.1776162023132102,-0.6623893631543916,-1.0423368771244421,1.0497559090434576,-1.2559173865898015,-1.3768612006931302,-1.1805372813001602,-1.312832843259593,1.4956066405340973,1.2292734470194862,-1.0679342763894948,0.022287298013386785,1.033553446742222,-1.081829617440889,-1.1246902141211947,0.4198325840869965,-1.1499064780761865,1.111415624510702,1.089241285612694,1.0174663063384182,-0.9324988748360507,-1.2266200039645088,-1.218545980178851,1.2149570402428211,-1.092379750480273,0.9736916784744738,0.8680084359979812,0.9014231033911361,0.9634766543676719,-0.9928659691874683,0.8283742942329786,0.2415999856431615,-4.107448622549794,0.24743114516800238,0.08668109832854727,-0.5273524734748112,-0.17836113353769437,0.5975514431211439,-0.012357928114932163,0.6829249992655481,0.0,-0.2786932057166471,-0.0953462589245592,-0.2171861213815347,-0.13545709229571928,2.8722813232690143,-0.511237358145545,-0.1933472978091327,-0.1354570922957193,-0.23904572186687878,-0.4252658742831209,-0.2970442628930023,0.6089241120359331,0.7071067811865477,-0.7071067811865475,-0.43994134506405985,0.0,0.0,0.0,0.0,0.0,0.0,0.0,0.0,0.0,0.0,0.0,1.0,0.0,0.0,0.0,0.0,0.0,0.0,0.0,0.0,0.0,0.0,0.0,0.0,0.0,0.0,0.0,0.0,0.0,0.0,0.0,0.0,0.0,0.0,0.0,0.0,1.0,0.0,0.0,0.0,0.0,1.0,0.0,0.0,0.0,0.0,0.0,1.0,0.0,0.0,0.0,0.0,0.0,1.0,0.0,0.0,0.0,0.0,0.0,0.0,0.0,0.0,0.0,0.0,0.0,0.0,0.0,0.0,0.0,0.0,0.0,1.0,0.0,0.0,0.0,0.0,0.0,0.0,0.0,0.0,0.0,0.0,0.0,0.0,0.0,0.0,0.0,0.0,0.0,0.0,0.0,0.0,0.0,0.0,0.0,0.0,0.0,0.0,0.0,0.0,0.0,1.0,0.0,0.0,0.0,0.0,0.0,0.0,1
VAR_001858,-0.36389146697600694,-0.7470554440287253,-0.5577846083907044,-0.4472484248701729,-0.4652898250624992,-0.4928657420281539,0.8212583419378043,-0.3522697380736818,-0.2673281352543197,3.450617688701328,-0.5586604922500591,-1.6326651991639072,-1.337207303367422,-1.3895062926433095,-2.349846207823455,-1.0872116313055824,1.0012164676896353,2.3017984368073443,1.1016447735158867,-0.8662666566525289,1.0935203165125211,-1.0910196068889997,0.3911195523740682,0.9650740041145233,0.6008839649609465,1.041323466124503,1.2831365090189601,1.1745504684139176,1.2447074883967142,1.1418939280238138,-0.040213455234756196,0.4493510160135705,-1.1156618915576297,-1.3053671115269019,-1.186108106015113,-2.277333672184901,1.047326185550457,-1.3860589986002567,0.7590239248111715,-1.3590907385226985,1.0396470922239303,-1.1765898840784197,-1.2834661280188786,-1.3300444161555385,1.0039433877244224,-7.042147167923561,-1.029644141675261,0.919492170788738,-1.7505035228410828,-0.29189659139018825,-0.67199579426693,1.085255014018656,0.8987016060976569,-1.1326929475358645,-0.9838229206248016,-1.1160535663217912,-1.2672905159110424,-1.016421815925668,-1.0172782175782764,-1.1406521668206824,1.1591807924406405,1.1599643265355106,-1.1118228150295109,1.0127184019062614,-0.9263000798424149,0.9971289059323633,1.1237856489113989,-1.1518747750387892,1.3781573164353047,-0.38417568439955085,0.955372629642766,-1.0029915497650093,0.9879030973070977,1.009190918289187,0.9668928237852297,1.1683086565511613,-1.1010564321581946,1.0341904547202905,-1.1920792721084463,-1.0187698200513067,1.0995453975294383,-0.3981735950189006,-0.435779040237631,-1.1614281036809067,1.3042766488942688,-0.8570604384154882,1.0972526879641071,1.2499781856285386,-1.3908351418665734,1.2859114506544247,-1.1283892784935592,1.1146547373986353,1.4129059716363248,1.155236690820497,1.1323199844351433,1.0691805882380039,1.0942202738310212,0.0,-1.2297542023467716,-1.2766105165967614,1.2380078653730484,-1.2556132288882809,-1.1049686451781622,1.0832934203356452,1.0866054834124719,1.1111286609536124,1.2901916490201075,1.2726879919922605,1.3054020889740467,1.1081640004297975,-1.0303084622236034,-1.1129326464268798,1.0217310737510725,-1.6173146132458274,-1.3764993760453141,-1.3602523365049959,1.2986428877185627,1.252135169374646,1.0457624577621396,-1.2932950140487498,-1.0156188657442176,1.5382572188657846,-1.2086966901339484,-1.2645311001925834,-1.3470719221911818,-1.1057377049081205,-1.1138648061882561,1.1414713241319605,1.1102318953630232,-1.1776162023132102,-0.6623897805126483,1.388322647262387,1.0497559090434576,-1.2559173865898015,1.080238369675639,1.2461226858168353,-1.312832843259593,-0.9541254458708998,-1.1814925003155485,-1.0679342763894948,-0.33871454122800926,-1.0831335013829928,1.0248912165229476,-1.1246902141211947,0.41969734882445153,0.9774205063647585,1.111415624510702,-1.0244961742301215,1.0174663063384182,1.2149570402428211,0.9209323689071074,0.9148704835412195,1.2149570402428211,1.0054429537292477,0.9736916784744738,0.8680084359979812,0.9014231033911361,0.9634766543676719,-0.9928659691874683,-1.3713756258593799,0.11924361906986526,-0.9958285646126667,0.24743114516800238,0.2630936271855619,0.05966976030297456,-0.18499563684208978,-0.2916411525915932,0.6735070822638015,0.6829249992655481,0.0,-0.2786932057166471,-0.0953462589245592,-0.2171861213815347,-0.13545709229571928,-0.3481553119113957,-0.511237358145545,-0.1933472978091327,-0.1354570922957193,-0.23904572186687878,2.3514701283890216,-0.2970442628930023,0.10825317547305456,0.7071067811865477,-0.7071067811865475,-0.43994134506405985,0.0,0.0,0.0,0.0,0.0,0.0,0.0,1.0,0.0,0.0,0.0,0.0,0.0,0.0,0.0,0.0,0.0,0.0,0.0,0.0,0.0,0.0,0.0,0.0,0.0,0.0,0.0,0.0,0.0,0.0,0.0,0.0,0.0,0.0,0.0,0.0,0.0,1.0,0.0,1.0,0.0,0.0,0.0,0.0,0.0,1.0,0.0,0.0,0.0,0.0,0.0,1.0,0.0,0.0,0.0,0.0,0.0,0.0,0.0,0.0,0.0,0.0,0.0,0.0,0.0,0.0,0.0,0.0,0.0,0.0,0.0,0.0,0.0,0.0,0.0,0.0,0.0,0.0,1.0,0.0,0.0,0.0,0.0,1.0,0.0,0.0,0.0,0.0,0.0,0.0,0.0,0.0,0.0,0.0,0.0,0.0,0.0,0.0,0.0,0.0,0.0,0.0,0.0,0.0,0.0,0.0,0.0,0.0,1
VAR_001977,-0.270075870644211,1.5310312881955983,-0.5538515644511487,2.140583416883615,-0.022023432345682648,-0.4928748546612337,-0.5495562662345692,-0.3184255614113518,-0.398753638662928,-0.4465455937261467,-0.667524417588166,0.24870669994776531,-1.2485945230199367,0.13757488045973346,-1.2378543492771192,0.557375920473235,-0.8503641156206425,1.4472167065932027,0.1593848817150369,-0.387880592530983,0.6262569416208426,0.29680775850645846,-0.4128484163948504,0.02441003055322729,0.005365035401437297,-0.3401933235944593,-0.8573071314493962,0.24661379941786885,-0.5852598124249451,-0.23680297039296724,-0.4028069502491491,0.4493510160135705,-0.18151553183572006,0.5703060195991321,-0.24904049201029047,0.0259377411410588,0.07854946391628402,0.9882087304835168,-0.2622082649347678,-0.41140292767309145,0.5780437832765053,-0.23020236862403864,0.5910699273771154,0.058371855254474955,0.04327342188467346,0.19561519910898906,-0.5466790116272235,-0.5046515169910281,-0.9764701244058127,0.4918540223180836,0.10439551164699779,1.085255014018656,0.8987016060976569,1.1134560350208595,1.2143629110381289,1.0649666073000195,0.9514673274032434,-1.016421815925668,1.1376431975207442,-1.1406521668206824,1.1591807924406405,1.1599643265355106,-1.1118228150295109,1.0127184019062614,-0.9263000798424149,-1.1730928305086623,1.1237856489113989,-1.1518747750387892,-0.8633646136777833,-0.3864485266450726,0.955372629642766,-1.0029915497650093,-1.2052417787146594,-1.1872834332813964,-1.2414426379464678,1.1683086565511613,-1.1010564321581946,-1.175254772026969,-1.1920792721084463,-1.0187698200513067,0.09913933912150681,0.38184941658092036,-0.31360448472840846,0.7771962498315841,0.35181146450437517,0.30705775454822526,-0.35846502156596305,-0.2003449356756544,0.5796364410550613,0.232052202600201,-0.6380468843037419,-0.3493578232171408,-0.04826697418633399,0.6699984776250898,-0.31792061101448216,-0.383851287647799,0.5544049387410508,0.0,0.34059905177622385,-1.2766105165967614,0.2734482178845735,-0.7847582680551756,-0.14668050028577212,-0.8029115938958313,0.147981291515317,-0.32858279467888946,-0.6516561210304952,-0.5923213349632044,0.10984706261890934,0.6313957676867452,-0.5531873928543166,-0.1324919817174857,-0.4640176055463382,0.35545376115292965,0.09552081036435081,-0.8652096828917023,0.8129511577872885,0.28756464762492934,-0.42417158401146215,0.1866611360482732,0.393552310475884,0.5625626400423439,-0.2638704041841718,-0.7788461447552936,0.1142231972871786,-1.1057377049081205,0.4653533712245298,0.3398641391750625,1.1102318953630232,-0.7100289842344196,0.15388346192039737,0.41605883750765543,-0.9336127020854585,-0.29449097340726355,-0.8854412866193764,-0.6952052878767611,-0.8318940788971679,0.5157138059720985,0.26496706808547227,-1.0679342763894948,-0.39771766184199414,-1.0831335013829928,-1.081829617440889,1.1424808336171925,0.184442410829002,-1.1499064780761865,-1.0010353056380639,1.089241285612694,1.0174663063384182,-0.9324988748360507,0.9209323689071074,-1.218545980178851,1.2149570402428211,-1.092379750480273,-1.165043332778669,0.8680084359979812,0.9014231033911361,0.9634766543676719,1.1429503598785975,-1.3713756258593799,0.2415999856431615,0.45961603869494483,0.022471792737118784,-1.4955244019641167,0.21968708852969046,-0.9897571421136435,0.37525329419295966,2.045237103021269,0.6829249992655481,0.0,-0.2786932057166471,-0.0953462589245592,-0.2171861213815347,-0.13545709229571928,-0.3481553119113957,-0.511237358145545,-0.1933472978091327,-0.1354570922957193,-0.23904572186687878,-0.4252658742831209,-0.2970442628930023,0.6089241120359331,-1.4142135623730951,1.4142135623730951,-0.43994134506405985,0.0,0.0,0.0,0.0,0.0,0.0,0.0,0.0,0.0,0.0,0.0,0.0,0.0,0.0,0.0,0.0,1.0,0.0,0.0,0.0,0.0,0.0,0.0,0.0,0.0,0.0,0.0,0.0,0.0,0.0,0.0,0.0,0.0,0.0,0.0,0.0,0.0,0.0,1.0,0.0,0.0,0.0,0.0,1.0,0.0,0.0,0.0,0.0,0.0,1.0,0.0,0.0,0.0,0.0,0.0,1.0,0.0,0.0,0.0,0.0,0.0,1.0,0.0,0.0,0.0,0.0,0.0,0.0,0.0,0.0,0.0,0.0,0.0,0.0,0.0,0.0,0.0,0.0,0.0,0.0,0.0,0.0,0.0,0.0,0.0,0.0,0.0,1.0,0.0,0.0,0.0,0.0,0.0,0.0,0.0,0.0,0.0,0.0,0.0,0.0,0.0,0.0,0.0,0.0,0.0,0.0,0.0,0.0,0
VAR_001970,-0.338648739958821,0.2084902146346803,-0.448511806897742,0.9491226339124174,2.3344555343272173,-0.007079247441312126,-0.2969350135359347,-0.1385479910950014,-0.3971159862988308,1.279299708222989,-0.5789294395674955,0.24870669994776531,-1.2102300490338689,0.9011154670112548,0.4672982554953217,-0.2512980801671285,-0.8503641156206425,1.0474269437111496,-1.2540049559862378,-0.8662666566525289,1.0935203165125211,-1.0910196068889997,0.3911195523740682,0.9650740041145233,0.6008839649609465,-1.2612045167404342,-1.0546359420511466,1.1745504684139176,1.2447074883967142,1.1418939280238138,-0.4139527602146283,0.4493510160135705,-1.1156618915576297,-1.3053671115269019,1.1565609289969432,0.6017555944725487,-1.3746156185349752,0.9882087304835168,0.7590239248111715,1.010128788601319,1.0396470922239303,-1.1765898840784197,1.0597039412261138,-1.3300444161555385,1.0039433877244224,0.19561519910898906,-1.029644141675261,-1.454080642177539,-0.7010385031651778,-2.222889079787282,-1.2743727958968265,-1.0658754601968945,-1.298564435242429,1.1134560350208595,-0.9838229206248016,-1.1160535663217912,-1.2672905159110424,-1.016421815925668,1.1376431975207442,1.0464693567588907,-1.036537090851358,-1.1114919142407116,1.0763391081668667,-1.1914334140073664,-0.9263000798424149,0.9971289059323633,-1.0723447565316517,-1.1518747750387892,-0.8633646136777833,-0.38611146152813897,0.955372629642766,-1.0029915497650093,0.9879030973070977,1.009190918289187,0.9668928237852297,-1.0664614009045903,1.0506559616720805,1.0341904547202905,1.0075363498063885,-1.0187698200513067,1.0995453975294383,-0.6401492508913883,0.10102476592340803,0.29254016145346123,-0.12442112769057163,-0.6767518254342552,0.12677421494406022,-0.2003449356756544,0.08701854532465249,0.2211878491153836,0.34263790407589256,0.4912523416135287,0.9258483230287718,0.6699984776250898,0.6489064526186016,-0.383851287647799,0.014589603651080134,0.0,-0.7063031176391064,0.18425306425107899,0.7557280416288111,-0.31390330722207016,-0.14668050028577212,0.14019091321990693,-0.32133080443326034,1.1111286609536124,0.31926776399480616,-0.12606900322433817,-0.8757627841622836,-0.3221406977993596,-0.5531873928543166,-0.1324919817174857,0.031231954219465324,0.8486458547526188,0.09552081036435081,0.12487562433488468,-0.15843230207526035,-0.19472061324992884,0.5557844438376058,0.1866611360482732,0.8632760358825847,0.07471535063062373,-0.2638704041841718,0.19252376611928598,0.1126435087615065,0.8054288444914679,0.04409495813151275,0.15046584552296663,0.596455271412187,-0.7100289842344196,-0.050695427399757645,-0.5562049722470762,0.05807160347899948,-0.29449097340726355,0.09739854152813121,-0.6952052878767611,0.1299834498276825,0.2876038663187934,-0.6993393108485416,-0.2078429580005009,0.16206039162060173,-0.6597961117579497,0.6035470497301804,0.31447476209925174,-0.3713649449482886,0.5519551094765696,-0.15605493357855743,1.089241285612694,-0.7154038876268566,0.3559746742112724,-0.3675990548158623,0.0615038980531913,-0.07351650880450177,0.1663138720454394,0.11819767397321672,-0.42237910501687476,0.04255645552490346,0.5373973370975064,0.28862382825217103,0.38842431021450696,-5.198231158838223,0.2858501696418699,0.24743114516800238,-1.5545319392640384,-0.43512596588594754,-1.799176977206363,0.15295514526477538,-0.012357928114932163,0.6829249992655481,0.0,-0.2786932057166471,-0.0953462589245592,-0.2171861213815347,-0.13545709229571928,-0.3481553119113957,-0.511237358145545,-0.1933472978091327,-0.1354570922957193,-0.23904572186687878,2.3514701283890216,-0.2970442628930023,-0.8930886976527027,0.7071067811865477,-0.7071067811865475,2.273030282830976,0.0,0.0,0.0,0.0,0.0,0.0,0.0,0.0,1.0,0.0,0.0,0.0,0.0,0.0,0.0,0.0,0.0,0.0,0.0,0.0,0.0,0.0,0.0,0.0,0.0,0.0,0.0,0.0,0.0,0.0,0.0,1.0,0.0,0.0,0.0,0.0,0.0,0.0,0.0,1.0,0.0,0.0,0.0,0.0,0.0,1.0,0.0,0.0,0.0,0.0,0.0,1.0,0.0,0.0,0.0,0.0,0.0,0.0,0.0,0.0,0.0,0.0,0.0,0.0,0.0,0.0,0.0,0.0,0.0,0.0,0.0,0.0,0.0,0.0,1.0,0.0,0.0,0.0,0.0,0.0,0.0,0.0,0.0,0.0,0.0,0.0,0.0,0.0,0.0,0.0,0.0,0.0,0.0,0.0,0.0,0.0,1.0,0.0,0.0,0.0,0.0,0.0,0.0,0.0,0.0,0.0,0.0,0.0,1
VAR_001859,1.8687356374453652,1.7636925791760771,2.0192358716593186,-0.3989511089723652,-0.4664017512918073,1.5782870816348316,-0.5574353481956349,-0.3026622368476116,-0.39875131267618247,-0.4891432907091413,-0.17676598215536896,-0.31442991535651627,0.5950852472060669,0.13757488045973346,0.3031324189188476,-1.0050108562619995,0.7153273288487508,-0.7687343907083706,-1.2540049559862378,1.5256636639552004,-1.2427965579458726,1.2220260021034306,0.3911195523740682,0.9454690788613558,0.6008839649609465,1.041323466124503,1.2831365090189601,-1.1452912040762042,1.2447074883967142,-1.1559342360041547,0.0463904919925343,0.4493510160135705,1.2197040077471442,1.0392243023806405,-1.186108106015113,0.6017555944725487,1.047326185550457,-1.3860589986002567,0.7590239248111715,1.010128788601319,-1.2683694525131952,-1.1765898840784197,-1.2834661280188786,-1.3300444161555385,-1.3977315268749497,0.19561519910898906,1.3851815085649268,0.919492170788738,0.02372478997866438,0.2952280066757077,0.5333870252587438,-1.0658754601968945,-1.298564435242429,-1.1326929475358645,-0.9838229206248016,1.0649666073000195,-1.2672905159110424,-1.016421815925668,-1.0172782175782764,-1.1406521668206824,-1.036537090851358,1.1599643265355106,-1.1118228150295109,-1.1914334140073664,1.2992260860127374,-1.1730928305086623,1.1237856489113989,1.0146473970671759,-0.13282443411231667,-0.38643106881973194,0.955372629642766,1.1806612330787183,-1.2052417787146594,1.009190918289187,-1.2414426379464678,1.1683086565511613,-1.1010564321581946,-1.175254772026969,-1.1920792721084463,-1.0187698200513067,1.0995453975294383,-0.6415489653093734,-0.5463598474706451,1.2618523382097067,-1.0768863120804655,-0.8570604384154882,1.0972526879641071,1.2499781856285386,-1.3908351418665734,-1.3292309645592792,-1.1283892784935592,-1.3253661969609918,-1.02238227140144,1.155236690820497,1.1323199844351433,1.0691805882380039,1.0942202738310212,0.0,-1.2297542023467716,-1.2766105165967614,1.2380078653730484,-1.2556132288882809,-1.1049686451781622,-1.2744628474537005,-1.2599549963304153,-1.2883904317672241,-1.137118063543146,1.2726879919922605,-1.1586225279789357,1.1081640004297975,1.3552968846228302,-1.1129326464268798,-1.4545167250779456,0.8486458547526188,-1.3764993760453141,-1.3602523365049959,0.12653158490205146,-1.1592911349996455,1.0457624577621396,-1.2932950140487498,-1.0156188657442176,-0.9009792281928168,-1.2086966901339484,-1.2645311001925834,-1.3470719221911818,1.2832204818413648,-1.1138648061882561,-1.3360423723905241,1.1102318953630232,1.1603198880807428,2.6367568317570154,-1.0423368771244421,-1.4294548548676875,1.1476486463665432,1.080238369675639,-1.1805372813001602,-1.312832843259593,-0.9541254458708998,1.2292734470194862,-1.0679342763894948,-0.45848286620915624,-1.0831335013829928,1.0248912165229476,1.1424808336171925,0.04243456421515845,-1.1499064780761865,1.111415624510702,1.089241285612694,-1.1486214361181755,1.2149570402428211,-1.2266200039645088,0.9148704835412195,-0.9324988748360505,-1.092379750480273,0.9736916784744738,0.8680084359979812,0.9014231033911361,0.9634766543676719,1.1429503598785975,-1.3713756258593799,0.2415999856431615,0.45961603869494483,0.15051182325745527,0.15837569760957312,0.4965848490935876,-0.11945714954334484,-1.1252592110722839,-1.3840879488723994,0.6829249992655481,0.0,-0.2786932057166471,-0.0953462589245592,-0.2171861213815347,-0.13545709229571928,-0.3481553119113957,-0.511237358145545,-0.1933472978091327,-0.1354570922957193,-0.23904572186687878,2.3514701283890216,-0.2970442628930023,0.6089241120359331,0.7071067811865477,-0.7071067811865475,2.273030282830976,0.0,0.0,0.0,0.0,0.0,0.0,0.0,0.0,0.0,1.0,0.0,0.0,0.0,0.0,0.0,0.0,0.0,0.0,0.0,0.0,0.0,0.0,0.0,0.0,0.0,0.0,0.0,0.0,0.0,0.0,0.0,1.0,0.0,0.0,0.0,0.0,0.0,0.0,0.0,0.0,0.0,0.0,0.0,1.0,0.0,0.0,0.0,0.0,0.0,1.0,0.0,0.0,0.0,0.0,0.0,1.0,0.0,0.0,0.0,0.0,0.0,0.0,0.0,0.0,0.0,0.0,0.0,0.0,1.0,0.0,0.0,0.0,0.0,0.0,0.0,0.0,0.0,0.0,0.0,0.0,0.0,0.0,0.0,0.0,0.0,0.0,0.0,0.0,0.0,0.0,0.0,0.0,0.0,0.0,0.0,0.0,1.0,0.0,0.0,0.0,0.0,0.0,0.0,0.0,0.0,0.0,0.0,0.0,1
VAR_001945,-0.3687868131152002,-0.7624343544573671,-0.14186068438262212,-0.4469284449863045,1.1765286238551835,-0.4804490316143794,-0.396681896303953,-0.2303043681838226,-0.39875373023448585,-0.4891654915668011,-0.6666429922003947,0.62625603419932,-0.5721695286222853,0.13757488045973346,-0.6359157355207451,-1.0050108562619995,-0.21046296280638835,-0.7687343907083706,1.1016447735158867,-0.8662666566525289,-1.2427965579458726,-1.0910196068889997,0.3911195523740682,-0.26148906489797563,0.6008839649609465,-1.2612045167404342,-1.0546359420511466,-1.1452912040762042,-1.04275163763036,-1.1559342360041547,-0.1416371135822895,0.4493510160135705,1.2197040077471442,-1.3053671115269019,-1.186108106015113,0.6017555944725487,-1.3746156185349752,-1.3860589986002567,0.7590239248111715,1.010128788601319,-1.2683694525131952,-1.1765898840784197,-1.2834661280188786,0.9839827028611506,1.0039433877244224,0.19561519910898906,1.3851815085649268,0.919492170788738,0.4889967011242417,0.5127129501864065,-0.13374449422912482,-1.0658754601968945,-1.298564435242429,1.1134560350208595,-0.9838229206248016,1.0649666073000195,0.9514673274032434,1.178574712629763,-1.0172782175782764,-1.1406521668206824,-1.036537090851358,-1.1114919142407116,-1.1118228150295109,1.0127184019062614,1.2992260860127374,0.9971289059323633,-1.0723447565316517,1.0146473970671759,1.3781573164353047,2.38678789409375,0.955372629642766,1.1806612330787183,0.9879030973070977,1.009190918289187,0.9668928237852297,1.1683086565511613,-1.1010564321581946,-1.175254772026969,1.0075363498063885,-1.0187698200513067,-1.4014697484903902,-0.6415509563409929,-0.5469062455348112,-1.1614281036809067,-1.0768863120804655,-0.8570604384154882,-1.32894349458601,1.2499781856285386,1.07225433678547,-1.3131189162392711,-1.1283892784935592,1.1146547373986353,1.4129059716363248,-1.2709543751565395,1.1323199844351433,-1.352539204905001,-1.6048564016188311,0.0,-1.2297542023467716,-1.2766105165967614,-1.1733912533481388,-1.2556132288882809,1.2907517170528129,-1.2744628474537005,1.0866054834124719,1.1111286609536124,-1.137118063543146,-1.0585736667020706,-1.1586225279789357,1.1081640004297975,-1.0303084622236034,-1.1129326464268798,1.0217310737510725,0.8486458547526188,-1.3764993760453141,-1.3602523365049959,1.2986428877185627,-1.1592911349996455,1.0457624577621396,1.1732985694462887,-1.0156188657442176,-0.9009792281928168,1.153369024740493,1.1638936769938657,1.0884199436060857,1.2832204818413648,-1.1138648061882561,1.1414713241319605,-1.3339535168969323,1.1603198880807428,2.712653503369678,-1.0423368771244421,1.0497559090434576,-1.2559173865898015,1.080238369675639,1.2461226858168353,1.091860978552533,-0.9541254458708998,-1.1814925003155485,-1.0679342763894948,-0.45832703125065233,1.033553446742222,1.0248912165229476,-1.1246902141211947,-0.5671609190574233,0.9774205063647585,-1.0010353056380639,-1.0244961742301215,-1.1486214361181755,1.2149570402428211,0.9209323689071074,-1.218545980178851,-0.9324988748360505,-1.092379750480273,0.9736916784744738,0.8680084359979812,0.9014231033911361,0.9634766543676719,1.1429503598785975,-1.3713756258593799,0.1880979627317063,0.40904194781837927,0.23584223523765008,0.5832873590554887,-0.18265162171954621,-0.14687768604407966,-1.1252592110722839,-1.3840879488723994,0.6829249992655481,0.0,-0.2786932057166471,-0.0953462589245592,-0.2171861213815347,-0.13545709229571928,-0.3481553119113957,-0.511237358145545,-0.1933472978091327,-0.1354570922957193,-0.23904572186687878,2.3514701283890216,-0.2970442628930023,0.6089241120359331,0.7071067811865477,-0.7071067811865475,-0.43994134506405985,0.0,0.0,0.0,0.0,0.0,0.0,0.0,0.0,0.0,0.0,0.0,0.0,0.0,0.0,0.0,0.0,0.0,0.0,1.0,0.0,0.0,0.0,0.0,0.0,0.0,0.0,0.0,0.0,0.0,0.0,0.0,0.0,0.0,0.0,1.0,0.0,0.0,0.0,0.0,0.0,0.0,0.0,0.0,1.0,0.0,0.0,0.0,0.0,0.0,1.0,0.0,0.0,0.0,0.0,0.0,1.0,0.0,0.0,0.0,0.0,0.0,0.0,0.0,0.0,0.0,0.0,0.0,0.0,1.0,0.0,0.0,0.0,0.0,0.0,0.0,0.0,0.0,0.0,0.0,0.0,0.0,0.0,0.0,0.0,0.0,0.0,0.0,0.0,0.0,0.0,0.0,0.0,0.0,0.0,0.0,0.0,1.0,0.0,0.0,0.0,0.0,0.0,0.0,0.0,0.0,0.0,0.0,0.0,1
VAR_001934,0.05423593606192358,-0.7699463029557295,-0.5626060544217323,-0.44724964329607364,-0.4663965479232362,-0.49273428355184773,0.60112280088264,0.8261885823019138,-0.3987534849095891,-0.46544468006213613,-0.49757942677294337,-0.691979249608071,0.8834216139840051,0.13757488045973346,0.3031324189188476,-1.0050108562619995,1.0012164676896353,-0.7687343907083706,-1.2540049559862378,-0.8662666566525289,-0.6059722490707792,-1.0910196068889997,0.3911195523740682,-1.3865859297887166,0.6008839649609465,1.041323466124503,1.2831365090189601,1.1745504684139176,1.2447074883967142,-1.1559342360041547,-0.4421477496787733,0.4493510160135705,-1.1156618915576297,1.0392243023806405,1.1565609289969432,0.6017555944725487,1.047326185550457,-1.3860589986002567,0.7590239248111715,-1.3590907385226985,1.0396470922239303,1.189378904557533,-1.2834661280188786,0.9839827028611506,1.0039433877244224,0.19561519910898906,-1.029644141675261,0.919492170788738,1.9483127076574802,0.7743249438494689,0.3143006412600307,1.085255014018656,0.8987016060976569,1.1134560350208595,-0.9838229206248016,-1.1160535663217912,0.9514673274032434,1.178574712629763,1.1376431975207442,-1.1406521668206824,-1.036537090851358,-1.0256274488237707,-1.1118228150295109,1.0127184019062614,-0.9263000798424149,-1.1730928305086623,-1.0723447565316517,1.0146473970671759,-0.8633646136777833,4.467206595050161,-1.2177085566348373,-1.0029915497650093,0.9879030973070977,-1.1872834332813964,0.9668928237852297,1.1683086565511613,-1.1010564321581946,-1.175254772026969,1.0075363498063885,1.1475797972991728,1.0995453975294383,-0.6258471632951554,-0.30353671267768867,1.2618523382097067,-1.0768863120804655,1.602463511540713,-1.32894349458601,1.2499781856285386,-1.3908351418665734,0.9902474068375765,-1.1283892784935592,1.1146547373986353,-1.02238227140144,-1.2709543751565395,1.1323199844351433,1.0691805882380039,-1.6048564016188311,0.0,1.387501221191554,1.1581621181496393,1.2380078653730484,1.098661575277246,-1.1049686451781622,-1.2744628474537005,1.0866054834124719,1.1111286609536124,-1.137118063543146,-1.0585736667020706,-1.1586225279789357,1.1081640004297975,1.3552968846228302,-1.1129326464268798,-1.4545167250779456,0.8486458547526188,0.19152318531164625,1.114960931561472,1.2986428877185627,-0.48028757800060595,1.0457624577621396,1.1732985694462887,-1.0156188657442176,-0.9009792281928168,-1.2086966901339484,1.1638936769938657,-1.3470719221911818,1.2832204818413648,-1.1138648061882561,1.1414713241319605,-1.3339535168969323,1.1603198880807428,0.21578500701553738,-1.0423368771244421,1.0497559090434576,-1.2559173865898015,-1.3768612006931302,-1.1805372813001602,-1.312832843259593,-0.9541254458708998,1.2292734470194862,1.08229401958299,-0.39604694635480137,-1.0831335013829928,1.0248912165229476,-1.1246902141211947,0.4198788205051126,0.9774205063647585,1.111415624510702,1.089241285612694,1.0174663063384182,-0.9324988748360507,0.9209323689071074,-1.218545980178851,-0.9324988748360505,1.0054429537292477,-1.165043332778669,0.8680084359979812,0.9014231033911361,-1.1669199319831562,-0.9928659691874683,-1.3713756258593799,0.15880929470703598,-2.5793124216516157,-0.0008431600195291964,0.28960063731417396,0.5362982131404167,-0.2101408059184072,-1.069684673840238,-0.012357928114932163,0.0,0.0,-0.2786932057166471,-0.0953462589245592,-0.2171861213815347,-0.13545709229571928,-0.3481553119113957,-0.511237358145545,-0.1933472978091327,-0.1354570922957193,-0.23904572186687878,2.3514701283890216,-0.2970442628930023,-1.89443057077846,0.7071067811865477,1.4142135623730951,-0.43994134506405985,0.0,0.0,0.0,0.0,0.0,0.0,0.0,0.0,0.0,0.0,0.0,0.0,0.0,0.0,0.0,0.0,0.0,0.0,0.0,0.0,0.0,0.0,0.0,0.0,0.0,0.0,0.0,0.0,1.0,0.0,0.0,0.0,0.0,0.0,1.0,0.0,0.0,0.0,0.0,0.0,0.0,0.0,0.0,1.0,0.0,0.0,0.0,0.0,0.0,1.0,0.0,0.0,0.0,0.0,0.0,1.0,0.0,0.0,0.0,0.0,0.0,0.0,0.0,0.0,0.0,0.0,1.0,0.0,0.0,0.0,0.0,0.0,0.0,0.0,0.0,0.0,0.0,0.0,0.0,0.0,0.0,0.0,0.0,0.0,0.0,0.0,0.0,0.0,0.0,0.0,0.0,0.0,0.0,0.0,0.0,0.0,0.0,0.0,0.0,0.0,0.0,0.0,0.0,1.0,0.0,0.0,0.0,0.0,0
VAR_001798,-0.3637082937005995,-0.7482345431042781,0.9330772482333828,0.6371252815637384,0.2886204883019286,-0.4894589505016795,0.7742592849839243,-0.3493265857341781,2.2250213826808567,-0.2580430426666181,-0.6554544934609502,2.1300785990594377,-1.023105791817258,-0.625965706091788,-0.4717498989442704,1.0156770681104483,-1.7761544072757813,1.0474269437111496,1.1016447735158867,1.5256636639552004,-1.2427965579458726,1.2220260021034306,0.3911195523740682,0.9650740041145233,0.6008839649609465,1.041323466124503,1.2831365090189601,1.1745504684139176,-1.04275163763036,-1.1559342360041547,0.8353986722760954,0.4493510160135705,1.2197040077471442,-1.3053671115269019,1.1565609289969432,0.6017555944725487,1.047326185550457,-1.3860589986002567,0.7590239248111715,-1.3590907385226985,-1.2683694525131952,-1.1765898840784197,1.0597039412261138,0.9839827028611506,1.0039433877244224,0.19561519910898906,1.3851815085649268,-1.454080642177539,0.9599237994100067,0.8766690151096891,0.6470859076659932,-1.0658754601968945,0.8987016060976569,-1.1326929475358645,1.2143629110381289,1.0649666073000195,-1.2672905159110424,-1.016421815925668,-1.0172782175782764,1.0464693567588907,-1.036537090851358,-1.1114919142407116,-1.1118228150295109,-1.1914334140073664,1.2992260860127374,0.9971289059323633,-1.0723447565316517,1.0146473970671759,-0.8633646136777833,-0.3632517103094659,0.955372629642766,-1.0029915497650093,-1.2052417787146594,-1.1872834332813964,-1.2414426379464678,-1.0664614009045903,-1.1010564321581946,-1.175254772026969,-1.1920792721084463,-1.0187698200513067,-1.4014697484903902,4.3390451840638455,-0.25161900076447985,1.2618523382097067,-1.0768863120804655,-0.8570604384154882,1.0972526879641071,1.2499781856285386,1.07225433678547,-1.3277019929924838,1.3233226924555272,1.1146547373986353,-1.02238227140144,-1.2709543751565395,-1.284747674647566,-1.352539204905001,1.0942202738310212,0.0,1.387501221191554,1.1581621181496393,-1.1733912533481388,1.098661575277246,1.2907517170528129,-1.2744628474537005,-1.2599549963304153,1.1111286609536124,1.2901916490201075,-1.0585736667020706,-1.1586225279789357,-1.2756771632854644,1.3552968846228302,1.3381690153466055,1.0217310737510725,0.8486458547526188,-1.3764993760453141,1.114960931561472,-1.129815761937809,-1.1592911349996455,-1.4041276118605301,-1.2932950140487498,-1.0156188657442176,1.5382572188657846,1.153369024740493,1.1638936769938657,1.0884199436060857,1.2832204818413648,1.5181654894997205,1.1414713241319605,1.1102318953630232,1.1603198880807428,-0.6623897812810385,1.388322647262387,1.0497559090434576,1.1476486463665432,1.080238369675639,1.2461226858168353,1.091860978552533,-0.9541254458708998,-1.1814925003155485,-1.0679342763894948,-0.28074331120842594,1.033553446742222,-1.081829617440889,1.1424808336171925,-0.45932197751589154,0.9774205063647585,-1.0010353056380639,1.089241285612694,-1.1486214361181755,1.2149570402428211,0.9209323689071074,0.9148704835412195,1.2149570402428211,-1.092379750480273,0.9736916784744738,-1.2826374656934454,-1.2457435162744455,-1.1669199319831562,1.1429503598785975,-1.3713756258593799,-0.013562770893082653,-3.1611832725113485,0.24743114516800238,-1.2070659197297497,-0.30461726062076283,-0.804803081148032,2.3203620973145718,-1.3840879488723994,-0.6829249992655481,0.0,-0.2786932057166471,-0.0953462589245592,-0.2171861213815347,-0.13545709229571928,2.8722813232690143,-0.511237358145545,-0.1933472978091327,-0.1354570922957193,-0.23904572186687878,-0.4252658742831209,-0.2970442628930023,0.6089241120359331,0.7071067811865477,-0.7071067811865475,-0.43994134506405985,0.0,0.0,0.0,0.0,0.0,0.0,0.0,0.0,0.0,0.0,0.0,0.0,0.0,0.0,0.0,1.0,0.0,0.0,0.0,0.0,0.0,0.0,0.0,0.0,0.0,0.0,0.0,0.0,0.0,0.0,0.0,0.0,0.0,0.0,1.0,0.0,0.0,0.0,0.0,0.0,0.0,1.0,0.0,0.0,0.0,0.0,0.0,1.0,0.0,0.0,0.0,0.0,0.0,1.0,0.0,0.0,0.0,0.0,0.0,0.0,0.0,0.0,0.0,0.0,0.0,0.0,0.0,0.0,0.0,0.0,0.0,0.0,0.0,1.0,0.0,0.0,0.0,0.0,0.0,0.0,0.0,0.0,0.0,0.0,0.0,1.0,0.0,0.0,0.0,0.0,0.0,0.0,0.0,0.0,0.0,0.0,0.0,0.0,0.0,0.0,0.0,0.0,0.0,0.0,0.0,0.0,0.0,0.0,1
VAR_001912,-0.05715203123876749,-0.4795511472745812,-0.5204828985186137,-0.44652236204743095,-0.4179188839187644,0.30568525411229014,0.6625351923712576,0.4616233389133969,-0.2529880412566753,-0.43175529620917463,-0.15480334862944992,-0.691979249608071,0.8834216139840051,0.13757488045973346,0.3031324189188476,-1.0050108562619995,1.0012164676896353,-0.7687343907083706,0.1593848817150369,-0.387880592530983,-0.1809049463874963,-0.16580136329202746,0.3911195523740682,-0.9162539430080685,0.005365035401437297,0.5808178695515157,0.3480275285909173,0.7105821339158933,-0.5852598124249451,-0.696368603198561,-0.4252602533218348,-0.9361479500282719,-0.18151553183572006,0.10138773681762345,0.6880271219945321,0.0259377411410588,0.07854946391628402,-0.4363519069667473,0.24840782993820204,-0.885246833097895,-0.34516283461834496,0.7161851468303425,-0.3461981003208816,0.058371855254474955,-0.43706156103520083,0.19561519910898906,-0.0637138815791859,0.44477760819548273,1.1240969060694166,0.7811098413599102,0.15556385422165186,-1.0658754601968945,0.8987016060976569,-1.1326929475358645,1.2143629110381289,1.0649666073000195,0.9514673274032434,1.178574712629763,-1.0172782175782764,-1.1406521668206824,-1.036537090851358,-1.1114919142407116,1.0763391081668667,-1.1914334140073664,-0.9263000798424149,-1.1730928305086623,-1.0723447565316517,-1.1518747750387892,-0.8633646136777833,-0.38644851478798053,-1.2177085566348373,-1.0029915497650093,0.9879030973070977,-1.1872834332813964,-1.2414426379464678,-1.0664614009045903,1.0506559616720805,-1.175254772026969,-1.1920792721084463,-1.0187698200513067,-0.40106369008245873,0.4124287904970095,-0.551790288428949,0.29254016145346123,-0.12442112769057163,-0.36515564842424786,0.12677421494406022,-0.6837859761103854,-0.4457255894487547,-0.17012390295049756,-0.6380468843037419,1.1146547373986353,0.43879067442121883,-0.30047794876572487,0.16549292080205957,0.10049267098080185,0.014589603651080134,0.0,-0.7063031176391064,0.18425306425107899,-0.20883160585966384,0.15695165361103508,-0.6258245727319671,0.6117421667777763,-0.7906429003818378,0.15132102386527777,-0.16619417851784443,-1.0585736667020706,0.1684978577815782,0.6313957676867452,0.8781758152535435,0.35772835063721126,0.5264815139852691,0.35545376115292965,0.4091253226357428,0.12487562433488468,0.3272594278560139,0.4233653590247372,-0.42417158401146215,0.6799798527472811,-0.5458951403375171,-0.41313193878109655,-0.2638704041841718,-0.2931611893180037,-0.3728751758722748,-0.1501544302083263,-0.4202281623034498,0.15046584552296663,0.10635434183564448,0.22514545192316152,-0.45180216186191413,0.41605883750765543,0.05807160347899948,0.6669354397752745,0.09739854152813121,0.2754586989700371,-0.3509553145347426,-0.9541254458708998,0.26496706808547227,-1.0679342763894948,-0.45915529488014134,1.033553446742222,-1.081829617440889,-1.1246902141211947,0.4198785114126161,0.9774205063647585,1.111415624510702,-1.0244961742301215,-1.1486214361181755,-0.9324988748360507,-1.2266200039645088,-1.218545980178851,-0.9324988748360505,-1.092379750480273,-1.165043332778669,0.8680084359979812,0.9014231033911361,0.9634766543676719,-0.9928659691874683,-1.3713756258593799,-0.04968806396885273,-1.2980792916812076,0.24743114516800238,-0.3017300780541459,0.04979176114756198,-0.06072218377499754,-1.097471942456261,-0.6982229384936658,-0.6829249992655481,0.0,-0.2786932057166471,-0.0953462589245592,-0.2171861213815347,-0.13545709229571928,-0.3481553119113957,-0.511237358145545,-0.1933472978091327,-0.1354570922957193,-0.23904572186687878,-0.4252658742831209,3.3665016461206925,0.10825317547305456,-1.4142135623730951,-0.7071067811865475,-0.43994134506405985,0.0,0.0,0.0,0.0,0.0,0.0,0.0,0.0,1.0,0.0,0.0,0.0,0.0,0.0,0.0,0.0,0.0,0.0,0.0,0.0,0.0,0.0,0.0,0.0,0.0,0.0,0.0,0.0,0.0,0.0,0.0,0.0,0.0,0.0,0.0,0.0,0.0,0.0,1.0,0.0,0.0,0.0,0.0,1.0,0.0,0.0,0.0,0.0,0.0,1.0,0.0,0.0,0.0,0.0,0.0,1.0,0.0,0.0,0.0,0.0,0.0,0.0,0.0,0.0,0.0,0.0,1.0,0.0,0.0,0.0,0.0,0.0,0.0,0.0,0.0,0.0,0.0,0.0,0.0,0.0,0.0,0.0,0.0,0.0,0.0,0.0,0.0,0.0,0.0,0.0,0.0,0.0,0.0,0.0,0.0,0.0,0.0,0.0,0.0,0.0,0.0,1.0,0.0,0.0,0.0,0.0,0.0,0.0,0
VAR_001887,-0.37043068691196124,-0.49382872567610575,2.2540626530644454,-0.44688221954600293,-0.4189033048064643,-0.49278979277839213,-0.5525004844833636,-0.35375207753602206,-0.3985943748549228,-0.4498860628237955,2.8485902926533275,-0.691979249608071,0.6038005219527098,-0.625965706091788,1.2421805733584397,-0.1827170803725909,0.07542617603449672,0.08584733950577132,0.1593848817150369,1.0472775998336548,0.13044773470962692,0.2342496842483627,0.3911195523740682,0.4947420173338754,-1.1856728237175815,0.12031227297852805,-0.1195269616231039,-0.2173545350801554,0.7872156631912995,0.22276266241262635,-0.43770076132190744,-0.9361479500282719,0.28555764802523464,-1.3053671115269019,-0.24904049201029047,0.0259377411410588,-0.40583889690080227,0.03850163885000727,-0.2622082649347678,0.06244097775171194,-0.80676614356577,1.189378904557533,0.5910699273771154,0.058371855254474955,0.04327342188467346,0.19561519910898906,-0.0637138815791859,-0.9793660795842835,-1.730878037664546,-0.04415444215643626,0.20768526408291024,-0.20542327051067424,0.4592483978296398,-0.2342333545131748,0.774725744705543,0.6287625725756575,0.5077157587403863,-0.13842320450349557,0.2756746314811359,0.1716207473270614,0.2808936391238411,-0.24219969065021782,-0.6741904303902353,0.1310576755408102,-0.4811948466713844,-0.305004135932252,-0.6331186754430416,0.1480385282247898,-0.8633646136777833,-0.38420197784631266,0.955372629642766,-0.1295304366275182,-0.3279838283059565,-0.7479885629672798,0.5252257314388903,-0.17255337792228959,-0.24037147462608446,-0.7333657266775171,0.1276901010404545,0.2810399503589809,-0.9012667192864244,0.5462798841601926,-0.5545406118727948,-0.19211592692466128,-0.12442112769057163,-0.8570604384154882,-0.35846502156596305,-0.2003449356756544,-0.0723662613639763,-0.22602301103251865,-0.14770449011392464,-0.3490719926337711,-0.04826697418633399,-0.7857161619611321,0.6489064526186016,0.10049267098080185,0.014589603651080134,0.0,-0.1828520329314412,-0.3027014626982011,-0.6911114296039013,0.6278066144441405,-0.6258245727319671,-0.33136034033796213,-0.7906429003818378,0.15132102386527777,0.31926776399480616,-0.5923213349632044,0.8125971655834502,-0.3221406977993596,-0.07606632348502991,-0.1324919817174857,0.031231954219465324,0.35545376115292965,0.09552081036435081,0.6199182779481784,-0.15843230207526035,-0.19472061324992884,-0.9141495979359961,-0.3066575806507344,-1.0156188657442176,0.07471535063062373,-0.2638704041841718,-0.2931611893180037,0.1142231972871786,-1.1057377049081205,-0.9176159538096473,-0.34503689378153024,0.1325577304590409,-0.7100289842344196,-0.5635549145322755,-0.5562049722470762,0.05807160347899948,1.1476486463665432,0.09739854152813121,0.2754586989700371,0.610922214190108,0.5157138059720985,0.26496706808547227,1.08229401958299,-0.45901456967000853,-1.0831335013829928,-1.081829617440889,0.2621206831843678,-0.4847596363834464,-1.1499064780761865,1.111415624510702,1.089241285612694,1.0174663063384182,-0.9324988748360507,-1.2266200039645088,0.9148704835412195,1.2149570402428211,1.0054429537292477,-1.165043332778669,-1.2826374656934454,0.9014231033911361,-1.1669199319831562,-0.9928659691874683,0.8283742942329786,0.09431825924776908,0.45961603869494483,0.11431867498201573,0.20666157542988647,-0.024185705368005912,-0.2040633942533175,-0.23606661535954707,-1.3840879488723994,-0.6829249992655481,0.0,-0.2786932057166471,-0.0953462589245592,-0.2171861213815347,-0.13545709229571928,-0.3481553119113957,-0.511237358145545,-0.1933472978091327,-0.1354570922957193,-0.23904572186687878,-0.4252658742831209,3.3665016461206925,0.6089241120359331,-1.4142135623730951,-0.7071067811865475,2.273030282830976,0.0,0.0,0.0,0.0,0.0,0.0,0.0,0.0,0.0,1.0,0.0,0.0,0.0,0.0,0.0,0.0,0.0,0.0,0.0,0.0,0.0,0.0,0.0,0.0,0.0,0.0,0.0,0.0,0.0,0.0,0.0,0.0,0.0,0.0,0.0,0.0,0.0,0.0,1.0,0.0,0.0,0.0,0.0,1.0,0.0,0.0,0.0,0.0,0.0,1.0,0.0,0.0,0.0,0.0,0.0,1.0,0.0,0.0,0.0,0.0,0.0,0.0,0.0,0.0,0.0,0.0,0.0,0.0,0.0,0.0,0.0,0.0,0.0,0.0,0.0,0.0,0.0,0.0,0.0,0.0,1.0,0.0,0.0,0.0,0.0,0.0,1.0,0.0,0.0,0.0,0.0,0.0,0.0,0.0,0.0,0.0,0.0,0.0,0.0,0.0,0.0,0.0,0.0,0.0,0.0,0.0,0.0,0.0,1
VAR_001956,-0.3185443646001944,0.19150858699118617,-0.5240770727024836,1.2100841209569124,2.155070445380302,-0.32479689899851,-0.5488236751497073,-0.2178082346596286,-0.3976117766410081,1.2103322313807277,-0.6354759978649188,1.1893926495036014,-1.1114619476801382,1.6646560535627766,0.4672982554953217,0.2070030674700849,0.07542617603449672,0.19284521349700803,-0.3117450641853879,0.09050547159056287,-0.30826980816251504,-0.6284104850905136,0.3911195523740682,0.02441003055322729,0.005365035401437297,-0.8006989201674468,0.3480275285909173,0.24661379941786885,-0.12776798721953023,0.6823282952182201,0.39888515706050864,0.4493510160135705,-0.18151553183572006,-0.3675305459638849,0.6880271219945321,0.0259377411410588,0.07854946391628402,0.5133551846667621,0.7590239248111715,-0.885246833097895,0.11644047432908003,0.24299138910315177,0.5910699273771154,0.521177279057813,0.5236084048045481,-1.2519372742975208,-0.0637138815791859,-1.454080642177539,1.259285096350297,-2.498674157812111,-4.181808383435496,-0.6356493653537844,0.4592483978296398,-0.2342333545131748,0.774725744705543,-0.24364549687306683,0.06396419007752904,-0.5774225102145818,1.1376431975207442,-0.7032278621047678,-0.15824993753455854,0.2513818302250218,0.20107433888831566,-0.3097726876419153,-0.036089613500353945,0.5630845586441582,0.6845595678227888,-1.1518747750387892,-0.41506022765516565,-0.31888471500504706,0.08614015513172467,-0.1295304366275182,0.11064514689839479,0.5698960479750703,0.0835586390925506,-0.17255337792228959,0.6203134829060256,0.1504123640213866,-0.7521561477254793,-0.5854998965812108,0.5993423683254726,-0.6220655396975174,-0.5536366204104147,0.29254016145346123,0.35181146450437517,-0.1848470354430149,0.6120134514540838,0.28309610475907654,0.08701854532465249,0.14157608996905896,0.34263790407589256,0.0032481547416033864,0.9258483230287718,0.6699984776250898,0.6489064526186016,-0.383851287647799,-0.5252257314388902,0.0,-0.1828520329314412,0.18425306425107899,0.7557280416288111,-0.31390330722207016,-0.14668050028577212,0.14019091321990693,-0.32133080443326034,1.1111286609536124,0.31926776399480616,-0.12606900322433817,-0.5603409164822174,-0.3221406977993596,-0.5531873928543166,-0.6227123140721827,0.5264815139852691,0.8486458547526188,0.5861942058342393,-0.3701670292784088,-0.15843230207526035,-0.19472061324992884,0.0658064299130717,0.1866611360482732,0.393552310475884,-0.41313193878109655,0.20854273879071644,0.678208721556576,0.1126435087615065,0.8054288444914679,0.04409495813151275,0.15046584552296663,0.10761818896019608,-0.7100289842344196,-0.08883812941048179,-0.07007306736971035,-0.43777054930322945,-0.29449097340726355,-0.39402137254562253,-0.20987329445336192,0.1299834498276825,0.02576738869109911,-0.2171861213815346,1.08229401958299,-0.44525458126005435,1.033553446742222,1.0248912165229476,-1.1246902141211947,-0.29793670572275077,-1.1499064780761865,-1.0010353056380639,-1.0244961742301215,-1.1486214361181755,-0.9324988748360507,-1.2266200039645088,-1.218545980178851,-0.9324988748360505,1.0054429537292477,0.9736916784744738,0.8680084359979812,-1.2457435162744455,-1.1669199319831562,1.1429503598785975,0.8283742942329786,-1.3170351636844373,0.45961603869494483,-0.0372816403947527,-2.7262269019520535,-0.19662434916979035,-2.304851666737428,0.37525329419295966,2.045237103021269,0.6829249992655481,0.0,-0.2786932057166471,-0.0953462589245592,-0.2171861213815347,-0.13545709229571928,-0.3481553119113957,-0.511237358145545,-0.1933472978091327,-0.1354570922957193,-0.23904572186687878,-0.4252658742831209,-0.2970442628930023,-0.8930886976527027,-1.4142135623730951,-0.7071067811865475,-0.43994134506405985,0.0,0.0,0.0,0.0,0.0,0.0,0.0,0.0,1.0,0.0,0.0,0.0,0.0,0.0,0.0,0.0,0.0,0.0,0.0,0.0,0.0,0.0,0.0,0.0,0.0,0.0,0.0,0.0,0.0,0.0,0.0,0.0,0.0,0.0,0.0,0.0,0.0,0.0,1.0,0.0,0.0,0.0,0.0,1.0,0.0,0.0,0.0,0.0,0.0,1.0,0.0,0.0,0.0,0.0,0.0,1.0,0.0,0.0,0.0,0.0,0.0,1.0,0.0,0.0,0.0,0.0,0.0,0.0,0.0,0.0,0.0,0.0,0.0,0.0,0.0,0.0,0.0,0.0,0.0,0.0,0.0,0.0,0.0,0.0,0.0,0.0,0.0,1.0,0.0,0.0,0.0,0.0,0.0,0.0,0.0,0.0,0.0,0.0,0.0,0.0,0.0,0.0,0.0,0.0,0.0,0.0,0.0,0.0,0
