Variant_ID,AL_7,AL_8,AL_9,AL_10,AL_11,AL_12,AL_13,AL_14,AL_15,AL_21,AL_26,CAT_1,AL_27,AL_28,AL_29,AL_31,AL_33,AL_35,AL_37,AL_39,AL_42,AL_45,AL_48,AL_50,AL_51,AL_53,AL_54,AL_57,AL_60,AL_63,AL_66,AL_67,AL_68,AL_69,AL_72,AL_75,AL_77,AL_78,AL_81,AL_83,AL_84,AL_86,AL_87,AL_90,AL_92,AL_93,AL_95,CAT_2,AL_96,AL_98,CAT_3,CAT_4,EK_1,EK_2,EK_3,AL_99,AL_102,AL_105,AL_108,AL_111,AL_114,AL_117,AL_120,AL_123,AL_126,AL_129,AL_132,AL_135,AL_138,AL_141,AL_144,AL_147,AL_150,AL_151,AL_153,AL_156,AL_159,AL_162,AL_165,AL_168,AL_171,AL_174,AL_177,AL_180,AL_183,AL_184,CAT_5,AL_186,AL_187,AL_189,AL_192,AL_193,AL_196,AL_198,AL_201,AL_202,AL_205,AL_206,AL_209,AL_210,AL_213,AL_214,AL_216,AL_217,AL_218,AL_221,AL_222,AL_223,AL_225,AL_228,AL_229,AL_232,AL_234,AL_237,AL_238,AL_241,AL_242,AL_245,AL_246,AL_249,AL_250,AL_253,AL_254,AL_257,AL_258,AL_259,AL_261,AL_264,AL_265,AL_268,AL_270,AL_273,AL_274,AL_277,AL_278,AL_279,AL_281,AL_282,AL_285,AL_286,AL_289,AL_290,AL_293,AL_294,AL_295,AL_296,AL_297,AL_300,AL_301,AL_304,AL_305,AL_308,AL_310,AL_313,AL_314,AL_317,AL_318,AL_321,AL_322,AL_325,AL_326,AL_329,AL_330,AL_333,AL_334,EK_4,EK_5,EK_6,EK_7,EK_8,EK_9,AA_1,AA_2,DELTA_HIDRO,BLOSUM62,SNV_PATHWAY_COUNT,BAZ_A_C,BAZ_A_G,BAZ_A_T,BAZ_C_A,BAZ_C_G,BAZ_C_T,BAZ_G_A,BAZ_G_C,BAZ_G_T,BAZ_T_A,BAZ_T_C,BAZ_T_G,IS_EXOME,IS_ALLOFUS,POP_NFE,POP_AFR,Label
VAR_001979,-0.22557452027068328,1.782370661822258,-0.5129078733510107,-0.3686897373681969,-0.37247145734755194,-0.42341036968816387,-0.42619152601677945,-0.2899410182358371,-0.36147648056634135,-0.27628609734280557,-0.3874730994998663,18,-0.2524638143380212,-0.13390012800142995,0.2594372608313855,-0.19045630171289915,-0.21844944461841845,0.18142037231856797,-0.04374340862676541,0.697824141595846,-0.5946919678164199,0.6813100046641409,-0.706850021142412,0.2594372608313855,0.6474964831522124,0.3799077478904802,0.692820323027551,-0.7023478730193123,-0.7214900866993804,-0.7071067811865475,-0.7169777311937657,-0.30143249075645984,0.31465838776377636,-0.7201168211946403,0.6644986392449885,-1.4433756729740643,0.39528470752104716,-1.606438657804998,0.6364458273405843,-2.0701966780270626,0.6294646824620143,0.6364458273405843,-0.692820323027551,0.6644986392449885,-1.7217101133134212,0.6364458273405843,0.13545709229571956,3,1.567489267387442,-1.7217101133134212,4,4,0.609938280700585,0.3446368259700594,0.16528752228858734,-1.2575354264740253,-1.4142135623730951,1.061714561457424,-0.7236921049769731,-1.2339883600452934,-1.414213562373095,-0.7801894976054942,-0.7952062255644575,0.8044359715257337,1.2339883600452934,1.245970697341249,0.8103804155521328,-1.3322912594474225,1.4142135623730951,0.7653197277702214,1.2575354264740257,0.7702962057920756,-0.697100061399229,-0.3415608128703761,-1.3322912594474225,1.2959348548055658,0.7653197277702213,0.7801894976054942,-1.3322912594474225,-0.8038480050980997,-1.2339883600452934,0.774796559793369,0.744789942196904,-0.7801894976054942,0.5252257314388904,-0.2858108337269177,4,-0.5333580441869611,-0.650443635587991,-0.650443635587991,-0.5614075543151804,0.6364458273405843,-0.6504436355879909,0.6224942905893636,-0.04317640632301402,-0.6521390211351347,0.6143345887403254,-0.5946919678164198,0.5541574035725814,0.6504436355879909,0.6363702064530034,0.511237358145545,0.0,-0.5529034969755533,0.6364458273405843,-0.036104816082660626,0.6644986392449885,-0.6504434913084749,0.6504436355879908,0.6504436355879908,0.6504436355879909,-0.6364458273405841,-0.6625585964979888,-0.6404697126766912,0.6504436355879909,-0.6014526837662519,-0.6364458273405841,0.5946919678164199,0.5391638660171922,0.6168318932684945,0.5946919678164199,-0.6192793387082055,-0.512827177935708,0.6177633762829701,0.6644986392449885,-0.6224949798994368,-0.5808178695515155,0.0,0.6504436355879909,0.6505344596812522,-0.6532842835829492,-0.42273371085728334,0.6344296941043057,0.6263405403167476,0.19844947412329558,-0.40084958818085237,-0.6224949798994368,0.5808178695515155,-0.6644986392449885,0.6364458273405843,0.6644986392449885,0.6364458273405843,-0.5740400451217759,-0.6644986392449885,1.157779727107914,0.052182696041120157,0.8257228238447705,1.1669199319831565,-1.1205975460487723,-0.549840039421497,-1.2575354264740253,1.1887150534341144,-0.8569568250501305,0.8431093201460879,-0.7801894976054942,0.7653197277702213,-1.2817398889233116,1.2817398889233116,-1.1887150534341144,-1.2369409068906594,0.7359800721939873,0.7653197277702213,-1.2339883600452934,-0.8257228238447706,0.692820323027551,0.2129908427206709,0.3831358634331312,0.1623517809008462,0.28907140476844884,0.37266419823153574,-0.18620893546322062,11,14,-1.1252592110722839,-1.3840879488723994,0.6829249992655481,0.0,-0.2786932057166471,-0.0953462589245592,-0.2171861213815347,-0.13545709229571928,-0.3481553119113957,-0.511237358145545,-0.1933472978091327,-0.1354570922957193,-0.23904572186687878,2.3514701283890216,-0.2970442628930023,0.48304589153964783,0.7071067811865477,-0.7071067811865475,-0.43994134506405985,1
VAR_001959,0.47767292348973117,-0.659082500750917,1.2140036021872325,-0.3686664937724727,-0.30764073040533363,-0.42340588283044267,-0.45462766289804346,-0.1425264156738101,-0.3227229125033333,-0.27628609734280557,3.0845037189751405,16,-0.2524638143380212,-0.13390012800142995,0.2594372608313855,-0.19045630171289915,-0.21844944461841845,0.18142037231856797,-0.04374340862676541,0.697824141595846,-0.5946919678164199,0.6813100046641409,-0.706850021142412,0.2594372608313855,0.6474964831522124,0.3799077478904802,0.692820323027551,-0.7023478730193123,-0.7214900866993804,-0.7071067811865475,-0.7169777311937657,-0.30143249075645984,0.31465838776377636,-0.7201168211946403,0.6644986392449885,0.692820323027551,0.39528470752104716,0.6224949798994368,0.6364458273405843,-2.0701966780270626,0.6294646824620143,-1.5712256362470671,-0.692820323027551,-1.5048939771136507,0.5808178695515155,-1.5712256362470671,0.13545709229571956,5,-0.6441828121668849,0.5808178695515155,2,2,0.841167785474816,0.5047833038356013,1.5447233440801367,-1.2575354264740253,-1.4142135623730951,-1.2062824067924915,1.3858480726431406,-1.2339883600452934,0.7071067811865476,1.2817398889233116,-0.7952062255644575,0.8044359715257337,1.2339883600452934,-0.3080407296293708,-1.2339883600452934,0.7505866250408014,-0.7071067811865475,-1.3066434376564755,-0.7952062255644575,0.7702962057920756,-0.697100061399229,-0.3400631376583602,0.7505866250408014,-0.7784161803042005,0.7653197277702213,0.7801894976054942,0.7505866250408014,-0.8038480050980997,0.8103804155521328,0.774796559793369,0.744789942196904,-0.7801894976054942,0.5252257314388904,-0.2858108337269177,2,-0.5340579466629846,1.5374122295716148,-0.650443635587991,-0.5614075543151804,-1.5712256362470671,1.5374122295716146,0.6224942905893636,-1.348940412308023,1.5372849568475617,-1.607896063705626,-0.5946919678164198,0.7957229955396,0.6504436355879909,-1.5761953627828909,0.511237358145545,0.0,-0.5529034969755533,0.6364458273405843,-1.2514633102014774,0.6644986392449885,1.537627832978164,0.6504436355879908,0.6504436355879908,-1.537412229571615,-0.6364458273405841,-0.6625585964979888,-0.6750400534673922,-1.537412229571615,0.043175520363949574,1.5712256362470671,-1.681542805549877,0.5391638660171922,-1.6383189672381482,0.5946919678164199,-0.6192793387082055,-0.8409249421994665,-1.6367432867871978,-1.5048939771136507,-0.6224949798994368,1.7217101133134212,1.2592514783450863,-1.537412229571615,-1.537411885367203,1.5408921788809073,-0.862248612055567,0.6344296941043057,0.6829670909172587,-1.377046616992424,0.2701824204751022,1.6064386578049983,-1.7217101133134212,1.5048939771136507,-1.5712256362470671,0.6644986392449885,-1.5712256362470671,-0.5740400451217759,-0.6644986392449885,1.157779727107914,0.35876527857289997,0.8257228238447705,-0.8569568250501305,-1.1205975460487723,0.4529003848026396,0.7952062255644573,1.1887150534341144,1.1669199319831565,0.8431093201460879,-0.7801894976054942,0.7653197277702213,0.7801894976054942,-0.7801894976054942,-1.1887150534341144,0.8103161482138753,0.7359800721939873,-1.3066434376564753,0.8103804155521328,-0.8257228238447706,-1.4433756729740643,0.19794299824434844,0.45961603869494483,0.03011342100107062,-0.010949141672291657,-0.5075164023260778,-0.12468214853558365,17,6,1.3755949643697887,-0.6982229384936658,-0.6829249992655481,0.0,-0.2786932057166471,-0.0953462589245592,-0.2171861213815347,-0.13545709229571928,2.8722813232690143,-0.511237358145545,-0.1933472978091327,-0.1354570922957193,-0.23904572186687878,-0.4252658742831209,-0.2970442628930023,0.48304589153964783,0.7071067811865477,1.4142135623730951,-0.43994134506405985,1
VAR_001788,-0.307416137731899,1.711623478314449,1.0573774696001421,0.6736744904922533,-0.3724713932806198,3.437338304831332,-0.4200398450795126,0.9838694812220178,-0.29395761124536435,-0.300896820007416,-0.579650365675148,28,-0.2524638143380212,-0.13390012800142995,0.2594372608313855,-0.19045630171289915,-0.21844944461841845,0.18142037231856797,-0.04374340862676541,-1.442269929462533,-0.5946919678164199,0.747975444852206,1.421478726952682,0.2594372608313855,-1.5619197047151079,0.3799077478904802,0.692820323027551,-0.7023478730193123,1.3860204297119676,1.4142135623730951,-0.7169777311937657,-0.22962934970068266,0.31465838776377636,-0.7201168211946403,-1.5048939771136507,-1.4433756729740643,0.39528470752104716,0.6224949798994368,0.6364458273405843,0.48304589153964783,0.6294646824620143,-1.5712256362470671,-0.692820323027551,-1.5048939771136507,0.5808178695515155,-1.5712256362470671,0.13545709229571956,3,1.567489267387442,0.5808178695515155,3,3,0.7066331536548139,0.3665597623820004,-0.08984508565123431,0.7952062255644573,-1.4142135623730951,-1.2062824067924915,-0.7236921049769731,0.8103804155521328,0.7071067811865476,-0.7801894976054942,1.2575354264740257,0.8044359715257337,1.2339883600452934,-1.0141747588311316,0.8103804155521328,0.7505866250408014,-0.7071067811865475,-1.3066434376564755,1.2575354264740257,0.7702962057920756,-0.697100061399229,-0.3307472003808381,-1.3322912594474225,1.2959348548055658,-1.3066434376564753,0.7801894976054942,0.7505866250408014,-0.8038480050980997,0.8103804155521328,-1.302680371827691,-1.355089606998247,1.2817398889233116,-1.9039432764659776,-0.21880364401352267,3,-0.5263819541718266,-0.650443635587991,1.5374122295716148,-0.5614075543151804,-1.5712256362470671,1.5374122295716146,-1.6381247050570276,1.4195971363559678,1.5372849568475617,0.6880465120494014,-0.5946919678164198,-1.496569123587275,-1.537412229571615,-1.5761953627828909,-1.956038587687303,0.0,-0.5529034969755533,0.6364458273405843,-1.2514633102014774,0.6644986392449885,-0.6504434913084749,-1.5374122295716148,-1.5374122295716148,0.6504436355879909,-0.6364458273405841,1.5245174993067014,1.5935538188500968,-1.537412229571615,-0.6014526837662519,1.5712256362470671,-1.681542805549877,-1.854723699099141,0.6168318932684945,0.5946919678164199,-0.6192793387082055,-0.8409249421994665,-1.6367432867871978,-1.5048939771136507,1.6064386578049983,-0.5808178695515155,-1.2592514783450863,0.6504436355879909,-1.537411885367203,1.5408921788809073,1.7388838791286854,0.6344296941043057,0.6829670909172587,1.1260663997188436,-0.4111318178751932,1.6064386578049983,0.5808178695515155,-0.6644986392449885,-1.5712256362470671,0.6644986392449885,0.6364458273405843,-0.5740400451217759,1.5048939771136507,1.157779727107914,5.477992407671286,-1.2110601416389968,1.1669199319831565,-1.1205975460487723,0.4529003848026407,0.7952062255644573,-0.8412444993533732,1.1669199319831565,-1.2222728509796579,-0.7801894976054942,-1.3066434376564753,-1.2817398889233116,1.2817398889233116,0.8412444993533732,0.8103161482138753,0.7359800721939873,0.7653197277702213,0.8103804155521328,1.2110601416389966,0.692820323027551,0.2415999856431615,0.39763823155627975,0.17334037189704188,0.475838944019081,-0.252507756030319,1.0914632349404012,7,5,-0.4861520329037543,-0.6982229384936658,-0.6829249992655481,0.0,-0.2786932057166471,-0.0953462589245592,-0.2171861213815347,-0.13545709229571928,-0.3481553119113957,1.956038587687303,-0.1933472978091327,-0.1354570922957193,-0.23904572186687878,-0.4252658742831209,-0.2970442628930023,-2.0701966780270626,0.7071067811865477,1.4142135623730951,-0.43994134506405985,1
VAR_001874,-0.32052099466898415,-0.6178873950590471,-0.46628029494963774,-0.3637883392290882,-0.36536558736692926,-0.41843025597003786,-0.42443271488895634,-0.2801355691055888,-0.35842643800648516,-0.27628609734280557,-0.4787183097735646,8,-0.2524638143380212,-0.13390012800142995,0.2594372608313855,-0.19045630171289915,-0.21844944461841845,0.18142037231856797,-0.04374340862676541,0.697824141595846,-0.5946919678164199,0.6813100046641409,-0.706850021142412,0.2594372608313855,0.6474964831522124,0.3799077478904802,0.692820323027551,-0.7023478730193123,-0.7214900866993804,-0.7071067811865475,-0.7169777311937657,-0.30143249075645984,0.31465838776377636,-0.7201168211946403,0.6644986392449885,0.692820323027551,0.39528470752104716,0.6224949798994368,0.6364458273405843,0.48304589153964783,0.6294646824620143,0.6364458273405843,-0.692820323027551,0.6644986392449885,0.5808178695515155,0.6364458273405843,0.13545709229571956,7,-0.6441828121668849,0.5808178695515155,4,4,-1.12517128257303,-1.9906888822930167,-2.1592457918257693,0.7952062255644573,0.7071067811865477,0.23963461650811477,-0.7236921049769731,0.8103804155521328,0.7071067811865476,-0.7801894976054942,-0.7952062255644575,0.8044359715257337,-0.8103804155521329,-0.32093834618342654,0.8103804155521328,0.7505866250408014,-0.7071067811865475,0.7653197277702214,-0.7952062255644575,0.7702962057920756,-0.697100061399229,-0.3347234619027419,0.7505866250408014,-0.7784161803042005,0.7653197277702213,0.7801894976054942,0.7505866250408014,-0.8038480050980997,0.8103804155521328,0.774796559793369,0.744789942196904,-0.7801894976054942,0.5252257314388904,-0.2858108337269177,4,-0.4972765340376519,-0.650443635587991,-0.650443635587991,-0.5614075543151804,0.6364458273405843,-0.6504436355879909,0.6224942905893636,-0.04317640632301402,-0.6521390211351347,0.6143345887403254,-0.5946919678164198,0.5541574035725814,0.6504436355879909,0.6363702064530034,0.511237358145545,0.0,-0.5529034969755533,0.6364458273405843,-0.036104816082660626,0.6644986392449885,-0.6504434913084749,0.6504436355879908,0.6504436355879908,0.6504436355879909,-0.6364458273405841,-0.6625585964979888,-0.6404697126766912,0.6504436355879909,-0.6014526837662519,-0.6364458273405841,0.5946919678164199,0.5391638660171922,0.6168318932684945,0.5946919678164199,-0.6192793387082055,-0.512827177935708,0.6177633762829701,0.6644986392449885,-0.6224949798994368,-0.5808178695515155,0.0,0.6504436355879909,0.6505344596812522,-0.6532842835829492,-0.42273371085728334,0.6344296941043057,0.6263405403167476,0.19844947412329558,-0.40084958818085237,-0.6224949798994368,0.5808178695515155,-0.6644986392449885,0.6364458273405843,0.6644986392449885,0.6364458273405843,-0.5740400451217759,-0.6644986392449885,-0.5962935460936415,-0.3864434311603601,0.8257228238447705,-0.8569568250501305,0.010878735949195884,-0.18088445269715026,0.7952062255644573,-0.8412444993533732,-0.8569568250501305,0.8327661506688665,-0.7801894976054942,0.7653197277702213,0.7801894976054942,-0.7801894976054942,0.8412444993533732,0.8103161482138753,0.7359800721939873,0.7653197277702213,0.8103804155521328,-0.8257228238447706,0.692820323027551,0.2415999856431615,0.1635553797866291,0.21587839568824926,-2.1092205986655888,0.12798118678694748,-2.2152371232533645,17,17,-0.6528756445998924,-0.012357928114932163,2.048774997796644,0.0,-0.2786932057166471,-0.0953462589245592,-0.2171861213815347,-0.13545709229571928,-0.3481553119113957,-0.511237358145545,-0.1933472978091327,-0.1354570922957193,-0.23904572186687878,-0.4252658742831209,-0.2970442628930023,0.48304589153964783,-1.4142135623730951,-0.7071067811865475,-0.43994134506405985,1
VAR_001775,0.14458526318759043,-0.48505481603138273,-0.5129083818550034,-0.36519584490299933,0.41310117348490905,-0.4233956194955685,0.19095481731470565,-0.29370581954128816,-0.3585477255980683,-0.27628609734280557,-0.5935999199790383,19,-0.2524638143380212,-0.13390012800142995,0.2594372608313855,-0.19045630171289915,-0.21844944461841845,0.18142037231856797,-0.04374340862676541,0.697824141595846,-0.5946919678164199,0.747975444852206,1.421478726952682,-3.8544964466377265,-1.5619197047151079,-2.6322179675268975,0.692820323027551,-0.7023478730193123,-0.7214900866993804,-0.7071067811865475,-0.7169777311937657,-0.3219436730739796,0.31465838776377636,-0.7201168211946403,-1.5048939771136507,0.692820323027551,0.39528470752104716,0.6224949798994368,0.6364458273405843,0.48304589153964783,0.6294646824620143,0.6364458273405843,-0.692820323027551,0.6644986392449885,0.5808178695515155,0.6364458273405843,0.13545709229571956,7,-0.6441828121668849,0.5808178695515155,3,3,0.6252684512546812,0.3248628466821836,0.16528752228858734,-1.2575354264740253,-1.4142135623730951,-1.2062824067924915,-0.7236921049769731,0.8103804155521328,0.7071067811865476,-0.7801894976054942,1.2575354264740257,-1.266831073287107,-0.8103804155521329,1.245970697341249,-1.2339883600452934,0.7505866250408014,-0.7071067811865475,0.7653197277702214,-0.7952062255644575,-1.3057907127551411,-0.697100061399229,-0.3416557242925755,-1.3322912594474225,1.2959348548055658,-1.3066434376564753,0.7801894976054942,-1.3322912594474225,-0.8038480050980997,-1.2339883600452934,0.774796559793369,0.744789942196904,-0.7801894976054942,0.5252257314388904,-0.2858108337269177,3,-0.5300361270132719,-0.650443635587991,-0.650443635587991,-0.5614075543151804,0.6364458273405843,-0.6504436355879909,0.6224942905893636,-0.04317640632301402,-0.6521390211351347,0.6143345887403254,-0.5946919678164198,0.5541574035725814,0.6504436355879909,0.6363702064530034,0.511237358145545,0.0,-0.5529034969755533,0.6364458273405843,-0.036104816082660626,0.6644986392449885,-0.6504434913084749,0.6504436355879908,0.6504436355879908,0.6504436355879909,-0.6364458273405841,-0.6625585964979888,-0.6404697126766912,0.6504436355879909,-0.6014526837662519,-0.6364458273405841,0.5946919678164199,0.5391638660171922,0.6168318932684945,0.5946919678164199,-0.6192793387082055,-0.512827177935708,0.6177633762829701,0.6644986392449885,-0.6224949798994368,-0.5808178695515155,0.0,0.6504436355879909,0.6505344596812522,-0.6532842835829492,-0.42273371085728334,0.6344296941043057,0.6263405403167476,0.19844947412329558,-0.40084958818085237,-0.6224949798994368,0.5808178695515155,-0.6644986392449885,0.6364458273405843,0.6644986392449885,0.6364458273405843,-0.5740400451217759,-0.6644986392449885,1.157779727107914,0.3545650507445521,-1.2110601416389968,-0.8569568250501305,-1.1205975460487723,0.4514291694211991,-1.2575354264740253,-0.8412444993533732,-0.8569568250501305,0.8431093201460879,-0.7801894976054942,0.7653197277702213,-1.2817398889233116,-0.7801894976054942,-1.1887150534341144,-1.2369409068906594,-1.358732440973515,0.7653197277702213,-1.2339883600452934,1.2110601416389966,0.692820323027551,0.1594693008808422,0.3989174764001573,0.13499388238598903,0.185056822991618,0.23542932414397513,1.051205296157365,22,3,1.3200204271377425,-0.6982229384936658,-0.6829249992655481,0.0,-0.2786932057166471,-0.0953462589245592,-0.2171861213815347,-0.13545709229571928,-0.3481553119113957,-0.511237358145545,-0.1933472978091327,-0.1354570922957193,-0.23904572186687878,-0.4252658742831209,-0.2970442628930023,0.48304589153964783,-1.4142135623730951,-0.7071067811865475,-0.43994134506405985,1
VAR_001781,-0.3277028264321731,-0.5843042699873517,-0.10312152545903508,-0.36868388075390235,-0.3724252542011073,-0.2813408652362538,-0.4535128847411402,-0.21043792101522038,-0.36019832940391366,-0.27628609734280557,-0.5934290711505861,16,-0.2524638143380212,-0.13390012800142995,0.2594372608313855,-0.19045630171289915,-0.21844944461841845,0.18142037231856797,-0.04374340862676541,0.697824141595846,-0.5946919678164199,-1.4345020915948083,1.421478726952682,-3.8544964466377265,0.6474964831522124,0.3799077478904802,-1.4433756729740643,-0.7023478730193123,-0.7214900866993804,-0.7071067811865475,-0.7169777311937657,1.1464925947694475,0.31465838776377636,-0.7201168211946403,0.6644986392449885,-1.4433756729740643,0.39528470752104716,-1.606438657804998,-1.5712256362470671,-2.0701966780270626,0.6294646824620143,-1.5712256362470671,-0.692820323027551,0.6644986392449885,-1.7217101133134212,0.6364458273405843,0.13545709229571956,3,1.567489267387442,-1.7217101133134212,3,3,0.6794003498120397,0.3692878605119249,0.16528752228858734,-1.2575354264740253,0.7071067811865477,-1.2062824067924915,-0.7236921049769731,0.8103804155521328,-1.414213562373095,-0.7801894976054942,-0.7952062255644575,0.8044359715257337,1.2339883600452934,1.245970697341249,-1.2339883600452934,-1.3322912594474225,1.4142135623730951,-1.3066434376564755,1.2575354264740257,0.7702962057920756,-0.697100061399229,-0.33776115574628446,-1.3322912594474225,-0.7784161803042005,0.7653197277702213,-1.2817398889233116,-1.3322912594474225,1.2679033218677906,0.8103804155521328,0.774796559793369,0.744789942196904,1.2817398889233116,0.5252257314388904,-0.1275315214033703,3,-0.5329825180069568,1.5374122295716148,-0.650443635587991,-0.5614075543151804,-1.5712256362470671,-0.6504436355879909,0.6224942905893636,1.4268596464358205,-0.6521390211351347,-1.607896063705626,-0.5946919678164198,0.7957229955396,-1.537412229571615,-1.5761953627828909,0.511237358145545,0.0,-0.5529034969755533,0.6364458273405843,1.297125283482489,0.6644986392449885,-0.6504434913084749,0.6504436355879908,0.6504436355879908,-1.537412229571615,-0.6364458273405841,-0.6625585964979888,1.5935538188500968,0.6504436355879909,1.6784307539552568,-0.6364458273405841,0.5946919678164199,0.5391638660171922,0.6168318932684945,0.5946919678164199,-0.6192793387082055,-0.8409249421994665,-1.6367432867871978,0.6644986392449885,1.6064386578049983,-0.5808178695515155,-1.2592514783450863,-1.537412229571615,0.6505344596812522,-0.6532842835829492,-0.862248612055567,0.6344296941043057,0.6829670909172587,1.1260663997188436,-0.4112515845729471,-0.6224949798994368,0.5808178695515155,-0.6644986392449885,0.6364458273405843,0.6644986392449885,0.6364458273405843,-0.5740400451217759,1.5048939771136507,-0.9420990827761717,-0.2655611208669282,0.8257228238447705,1.1669199319831565,1.1644523121920904,-0.5498400361902405,0.7952062255644573,-0.8412444993533732,-0.8569568250501305,0.8431093201460879,1.2817398889233116,0.7653197277702213,0.7801894976054942,1.2817398889233116,0.8412444993533732,0.8103161482138753,0.7359800721939873,-1.3066434376564753,0.8103804155521328,-0.8257228238447706,0.692820323027551,-0.2725337967537555,0.45961603869494483,0.24743114516800238,-0.23361826095177327,-0.01008704369808497,0.87685278545285,5,10,0.26410421972886755,1.3593720926425352,-0.6829249992655481,0.0,-0.2786932057166471,-0.0953462589245592,-0.2171861213815347,-0.13545709229571928,-0.3481553119113957,1.956038587687303,-0.1933472978091327,-0.1354570922957193,-0.23904572186687878,-0.4252658742831209,-0.2970442628930023,0.48304589153964783,0.7071067811865477,1.4142135623730951,-0.43994134506405985,1
VAR_001918,-0.32564072057810334,1.8367512677304925,0.20588896786305247,-0.3635616801278108,-0.1382711053252932,-0.4077790134319329,-0.4518426590344005,-0.29287953226270813,-0.35896310436263507,-0.3010660959019196,0.9163003160656517,14,-0.2524638143380212,-0.13390012800142995,0.2594372608313855,-0.19045630171289915,-0.21844944461841845,0.18142037231856797,-0.04374340862676541,0.697824141595846,-0.5946919678164199,-0.6843790405213448,-0.706850021142412,0.2594372608313855,0.6474964831522124,0.3799077478904802,-1.4433756729740643,1.4381309202948076,1.3860204297119676,-0.7071067811865475,1.4087274236616798,-0.25304696726275905,0.31465838776377636,1.4007099435177204,0.6644986392449885,0.692820323027551,0.39528470752104716,-1.606438657804998,-1.5712256362470671,0.48304589153964783,0.6294646824620143,-1.5712256362470671,-0.692820323027551,-1.5048939771136507,0.5808178695515155,0.6364458273405843,0.13545709229571956,3,1.567489267387442,0.5808178695515155,2,2,0.9944346560398106,0.9863392470129992,0.2655259347784841,-1.2575354264740253,-1.4142135623730951,1.061714561457424,-0.7236921049769731,0.8103804155521328,-1.414213562373095,1.2817398889233116,1.2575354264740257,0.8044359715257337,-0.8103804155521329,-0.6287958326435085,0.8103804155521328,-1.3322912594474225,1.4142135623730951,-1.3066434376564755,-0.7952062255644575,0.7702962057920756,-0.697100061399229,-0.3347234619027419,-1.3322912594474225,1.2959348548055658,-1.3066434376564753,-1.2817398889233116,0.7505866250408014,1.2679033218677906,0.8103804155521328,-1.302680371827691,-1.355089606998247,1.2817398889233116,0.5252257314388904,1.989497610255275,2,-0.5214680940167078,-0.650443635587991,-0.650443635587991,-0.5614075543151804,0.6364458273405843,-0.6504436355879909,-1.6381247050570276,1.4268591717257424,1.5372849568475617,-1.607896063705626,-0.5946919678164198,-1.496569123587275,-1.537412229571615,-1.5761953627828909,-1.956038587687303,0.0,1.82138412342361,-1.5712256362470671,1.297125283482489,-1.5048939771136507,1.537627832978164,-1.5374122295716148,0.6504436355879908,-1.537412229571615,1.5712256362470671,1.5245174993067014,-0.6750400534673922,-1.537412229571615,-0.6014526837662519,1.5712256362470671,-1.681542805549877,0.5391638660171922,0.6168318932684945,0.5946919678164199,-0.6192793387082055,1.4895004907652145,-1.6367432867871978,-1.5048939771136507,-0.6224949798994368,1.7217101133134212,-1.2592514783450863,0.6504436355879909,0.6505344596812522,1.5408921788809073,-0.862248612055567,0.6344296941043057,0.6829670909172587,1.1260663997188436,-0.09392605390345524,-0.6224949798994368,-1.7217101133134212,-0.6644986392449885,0.6364458273405843,-1.5048939771136507,-1.5712256362470671,1.7855442753082797,-0.6644986392449885,-0.9420990827761717,-0.39767557159344147,0.8257228238447705,1.1669199319831565,-1.1205975460487723,0.4526996228401832,0.7952062255644573,-0.8412444993533732,-0.8569568250501305,-1.2222728509796579,1.2817398889233116,-1.3066434376564753,0.7801894976054942,-0.7801894976054942,-1.1887150534341144,0.8103161482138753,0.7359800721939873,0.7653197277702213,0.8103804155521328,-0.8257228238447706,0.692820323027551,0.2415999856431615,0.4504486987760693,0.24743114516800238,0.556756298250145,-0.27495048259355315,-0.07380395739939696,17,11,1.653467650530019,-0.6982229384936658,-0.6829249992655481,0.0,-0.2786932057166471,-0.0953462589245592,-0.2171861213815347,-0.13545709229571928,2.8722813232690143,-0.511237358145545,-0.1933472978091327,-0.1354570922957193,-0.23904572186687878,-0.4252658742831209,-0.2970442628930023,0.48304589153964783,0.7071067811865477,-0.7071067811865475,-0.43994134506405985,1
VAR_001796,-0.3272895800886304,1.8588183310030972,3.2697824847958783,-0.36868962033913,-0.2653136217218509,-0.4229385787733571,-0.4054266425273295,-0.2958955612621592,-0.3614758212316919,-0.18016489247304954,0.9630859420034918,15,-0.2524638143380212,-0.13390012800142995,0.2594372608313855,-0.19045630171289915,-0.21844944461841845,0.18142037231856797,-0.04374340862676541,0.697824141595846,-0.5946919678164199,-1.4345020915948083,1.421478726952682,0.2594372608313855,-1.5619197047151079,0.3799077478904802,-1.4433756729740643,-0.7023478730193123,-0.7214900866993804,1.4142135623730951,-0.7169777311937657,-0.3219434759994656,0.31465838776377636,-0.7201168211946403,0.6644986392449885,0.692820323027551,-2.529822128134703,-1.606438657804998,0.6364458273405843,-2.0701966780270626,-1.6034002731552304,-1.5712256362470671,-0.692820323027551,-1.5048939771136507,0.5808178695515155,-1.5712256362470671,0.13545709229571956,5,-0.6441828121668849,0.5808178695515155,3,3,0.6130365191953381,0.5077108173369596,0.16528752228858734,-1.2575354264740253,-1.4142135623730951,1.061714561457424,1.3858480726431406,-1.2339883600452934,0.7071067811865476,1.2817398889233116,-0.7952062255644575,-1.266831073287107,1.2339883600452934,1.245970697341249,-1.2339883600452934,0.7505866250408014,1.4142135623730951,0.7653197277702214,-0.7952062255644575,0.7702962057920756,1.4628885360348514,-0.314484354293001,-1.3322912594474225,-0.7784161803042005,0.7653197277702213,-1.2817398889233116,0.7505866250408014,-0.8038480050980997,0.8103804155521328,0.774796559793369,0.744789942196904,-0.7801894976054942,0.5252257314388904,-0.3209008227062354,3,-0.5239336214473101,1.5374122295716148,1.5374122295716148,1.802050469054741,0.6364458273405843,-0.6504436355879909,0.6224942905893636,1.4215105674772448,-0.6521390211351347,0.6880465120494014,1.6815428055498767,-1.496569123587275,-1.537412229571615,0.6363702064530034,-1.956038587687303,0.0,-0.5529034969755533,0.6364458273405843,-0.5302388114591865,-1.5048939771136507,-0.6504434913084749,0.6504436355879908,0.6504436355879908,0.6504436355879909,-0.6364458273405841,1.5245174993067014,-0.6750400534673922,0.6504436355879909,1.6784307539552568,-0.6364458273405841,0.5946919678164199,-1.854723699099141,0.6168318932684945,0.5946919678164199,1.6332105135219068,1.4895004907652145,-1.6367432867871978,0.6644986392449885,-0.6224949798994368,1.7217101133134212,-1.2592514783450863,-1.537412229571615,-1.537411885367203,1.5408921788809073,1.7388838791286854,0.6344296941043057,-1.5368939106296922,1.1260663997188436,-0.4112394132019317,1.6064386578049983,0.5808178695515155,-0.6644986392449885,-1.5712256362470671,-1.5048939771136507,0.6364458273405843,1.7855442753082797,-0.6644986392449885,1.157779727107914,1.80951148055141,0.8257228238447705,-0.8569568250501305,-1.1205975460487723,-0.4554588907356654,0.7952062255644573,-0.8412444993533732,-0.8569568250501305,-1.2222728509796579,-0.7801894976054942,-1.3066434376564753,-1.2817398889233116,1.2817398889233116,-1.1887150534341144,0.8103161482138753,-1.358732440973515,0.7653197277702213,0.8103804155521328,1.2110601416389966,0.692820323027551,0.19055569248985876,-0.7123655235269828,0.24743114516800238,1.173163447152753,0.5164078534014566,1.0914632349404012,4,8,0.4586151000410287,-0.012357928114932163,-0.6829249992655481,0.0,-0.2786932057166471,-0.0953462589245592,-0.2171861213815347,-0.13545709229571928,-0.3481553119113957,-0.511237358145545,5.1720402163943,-0.1354570922957193,-0.23904572186687878,-0.4252658742831209,-0.2970442628930023,0.48304589153964783,0.7071067811865477,-0.7071067811865475,-0.43994134506405985,1
VAR_001961,-0.32052099466898415,-0.6178873950590471,-0.46628029494963774,-0.3637883392290882,-0.36536558736692926,-0.41843025597003786,-0.42443271488895634,-0.2801355691055888,-0.35842643800648516,-0.27628609734280557,-0.4787183097735646,8,-0.2524638143380212,-0.13390012800142995,0.2594372608313855,-0.19045630171289915,-0.21844944461841845,0.18142037231856797,-0.04374340862676541,0.697824141595846,-0.5946919678164199,0.6813100046641409,-0.706850021142412,0.2594372608313855,0.6474964831522124,0.3799077478904802,0.692820323027551,-0.7023478730193123,-0.7214900866993804,-0.7071067811865475,-0.7169777311937657,-0.30143249075645984,0.31465838776377636,-0.7201168211946403,0.6644986392449885,0.692820323027551,0.39528470752104716,0.6224949798994368,0.6364458273405843,0.48304589153964783,0.6294646824620143,0.6364458273405843,-0.692820323027551,0.6644986392449885,0.5808178695515155,0.6364458273405843,0.13545709229571956,7,-0.6441828121668849,0.5808178695515155,2,2,1.115219196353761,0.7992287245791878,0.16528752228858734,0.7952062255644573,0.7071067811865477,0.23963461650811477,-0.7236921049769731,0.8103804155521328,0.7071067811865476,-0.7801894976054942,-0.7952062255644575,0.8044359715257337,-0.8103804155521329,-0.32093834618342654,0.8103804155521328,0.7505866250408014,-0.7071067811865475,0.7653197277702214,-0.7952062255644575,0.7702962057920756,-0.697100061399229,-0.3347234619027419,0.7505866250408014,-0.7784161803042005,0.7653197277702213,0.7801894976054942,0.7505866250408014,-0.8038480050980997,0.8103804155521328,0.774796559793369,0.744789942196904,-0.7801894976054942,0.5252257314388904,-0.2858108337269177,2,-0.5365829355935237,-0.650443635587991,-0.650443635587991,-0.5614075543151804,0.6364458273405843,-0.6504436355879909,0.6224942905893636,-0.04317640632301402,-0.6521390211351347,0.6143345887403254,-0.5946919678164198,0.5541574035725814,0.6504436355879909,0.6363702064530034,0.511237358145545,0.0,-0.5529034969755533,0.6364458273405843,-0.036104816082660626,0.6644986392449885,-0.6504434913084749,0.6504436355879908,0.6504436355879908,0.6504436355879909,-0.6364458273405841,-0.6625585964979888,-0.6404697126766912,0.6504436355879909,-0.6014526837662519,-0.6364458273405841,0.5946919678164199,0.5391638660171922,0.6168318932684945,0.5946919678164199,-0.6192793387082055,-0.512827177935708,0.6177633762829701,0.6644986392449885,-0.6224949798994368,-0.5808178695515155,0.0,0.6504436355879909,0.6505344596812522,-0.6532842835829492,-0.42273371085728334,0.6344296941043057,0.6263405403167476,0.19844947412329558,-0.40084958818085237,-0.6224949798994368,0.5808178695515155,-0.6644986392449885,0.6364458273405843,0.6644986392449885,0.6364458273405843,-0.5740400451217759,-0.6644986392449885,1.157779727107914,-0.19916638199487183,-1.2110601416389968,-0.8569568250501305,-1.1205975460487723,0.4529003848007926,0.7952062255644573,-0.8412444993533732,1.1669199319831565,-1.2222728509796579,1.2817398889233116,0.7653197277702213,0.7801894976054942,-0.7801894976054942,0.8412444993533732,0.8103161482138753,-1.358732440973515,-1.3066434376564753,-1.2339883600452934,-0.8257228238447706,-1.4433756729740643,0.16280163510502654,0.15517227260928979,0.24743114516800238,0.022921864045694202,-0.24218962146153017,-0.3246605579629674,14,19,0.5975514431211439,-0.012357928114932163,0.6829249992655481,0.0,-0.2786932057166471,-0.0953462589245592,-0.2171861213815347,-0.13545709229571928,2.8722813232690143,-0.511237358145545,-0.1933472978091327,-0.1354570922957193,-0.23904572186687878,-0.4252658742831209,-0.2970442628930023,0.48304589153964783,-1.4142135623730951,-0.7071067811865475,-0.43994134506405985,0
VAR_001834,-0.32846768654598935,1.699204821174365,-0.12549232542602137,0.9385935291938236,1.0874581608603004,1.1524079768436337,0.8345710002219362,0.1340484477778458,-0.359335437055103,-0.27628609734280557,-0.5525996182409373,16,-0.2524638143380212,-0.13390012800142995,0.2594372608313855,-0.19045630171289915,-0.21844944461841845,0.18142037231856797,-0.04374340862676541,0.697824141595846,-0.5946919678164199,0.6813100046641409,-0.706850021142412,0.2594372608313855,0.6474964831522124,0.3799077478904802,0.692820323027551,-0.7023478730193123,-0.7214900866993804,-0.7071067811865475,-0.7169777311937657,-0.30143249075645984,0.31465838776377636,-0.7201168211946403,0.6644986392449885,0.692820323027551,0.39528470752104716,0.6224949798994368,0.6364458273405843,0.48304589153964783,0.6294646824620143,0.6364458273405843,-0.692820323027551,0.6644986392449885,0.5808178695515155,0.6364458273405843,0.13545709229571956,7,-0.6441828121668849,0.5808178695515155,2,2,-0.1294106368407291,-0.1492872328426085,-0.3882109125056186,0.7952062255644573,-1.4142135623730951,1.061714561457424,-0.7236921049769731,-1.2339883600452934,0.7071067811865476,-0.7801894976054942,1.2575354264740257,-1.266831073287107,-0.8103804155521329,-1.0141747588311316,0.8103804155521328,0.7505866250408014,-0.7071067811865475,-1.3066434376564755,-0.7952062255644575,0.7702962057920756,1.4628885360348514,-0.2187482455477022,0.7505866250408014,1.2959348548055658,0.7653197277702213,-1.2817398889233116,0.7505866250408014,1.2679033218677906,0.8103804155521328,0.774796559793369,0.744789942196904,-0.7801894976054942,0.5252257314388904,-0.2858108337269177,2,-0.5365252952705699,-0.650443635587991,-0.650443635587991,-0.5614075543151804,0.6364458273405843,-0.6504436355879909,0.6224942905893636,-0.04317640632301402,-0.6521390211351347,0.6143345887403254,-0.5946919678164198,0.5541574035725814,0.6504436355879909,0.6363702064530034,0.511237358145545,0.0,-0.5529034969755533,0.6364458273405843,-0.036104816082660626,0.6644986392449885,-0.6504434913084749,0.6504436355879908,0.6504436355879908,0.6504436355879909,-0.6364458273405841,-0.6625585964979888,-0.6404697126766912,0.6504436355879909,-0.6014526837662519,-0.6364458273405841,0.5946919678164199,0.5391638660171922,0.6168318932684945,0.5946919678164199,-0.6192793387082055,-0.512827177935708,0.6177633762829701,0.6644986392449885,-0.6224949798994368,-0.5808178695515155,0.0,0.6504436355879909,0.6505344596812522,-0.6532842835829492,-0.42273371085728334,0.6344296941043057,0.6263405403167476,0.19844947412329558,-0.40084958818085237,-0.6224949798994368,0.5808178695515155,-0.6644986392449885,0.6364458273405843,0.6644986392449885,0.6364458273405843,-0.5740400451217759,-0.6644986392449885,1.157779727107914,1.2300571311371469,0.8257228238447705,-0.8569568250501305,1.1644523121920904,-0.5358168709275926,0.7952062255644573,-0.8412444993533732,1.1669199319831565,-1.2222728509796579,-0.7801894976054942,0.7653197277702213,-1.2817398889233116,1.2817398889233116,0.8412444993533732,0.8103161482138753,-1.358732440973515,-1.3066434376564753,-1.2339883600452934,-0.8257228238447706,0.692820323027551,0.12975492918898102,0.45510066307246555,0.24743114516800238,-1.7595485680121215,-0.19351792763358552,-1.421356983153179,6,11,0.65312598035319,0.6735070822638015,2.048774997796644,0.0,-0.2786932057166471,-0.0953462589245592,-0.2171861213815347,-0.13545709229571928,-0.3481553119113957,-0.511237358145545,-0.1933472978091327,-0.1354570922957193,-0.23904572186687878,-0.4252658742831209,-0.2970442628930023,0.48304589153964783,-1.4142135623730951,1.4142135623730951,-0.43994134506405985,1
VAR_001942,2.725035272855112,1.8385300894383911,-0.5128839944258222,-0.27553763001414966,-0.37247149685729075,-0.4234069738622583,1.8297257831026061,-0.297380518592761,-0.36181120457475296,-0.30110463430524953,-0.5909605136896883,9,-0.2524638143380212,-0.13390012800142995,0.2594372608313855,-0.19045630171289915,-0.21844944461841845,0.18142037231856797,-0.04374340862676541,-1.442269929462533,1.681542805549877,-1.4345020915948083,-0.706850021142412,0.2594372608313855,-1.5619197047151079,0.3799077478904802,0.692820323027551,1.4381309202948076,-0.7214900866993804,-0.7071067811865475,1.4087274236616798,-0.28624635182082087,-3.1780497164141424,1.4007099435177204,0.6644986392449885,0.692820323027551,0.39528470752104716,-1.606438657804998,0.6364458273405843,-2.0701966780270626,-1.6034002731552304,-1.5712256362470671,-0.692820323027551,-1.5048939771136507,0.5808178695515155,0.6364458273405843,0.13545709229571956,0,1.567489267387442,0.5808178695515155,3,3,0.5945583311216651,0.7228988567862799,-0.1242244279161379,0.7952062255644573,0.7071067811865477,1.061714561457424,-0.5563952020972882,0.8103804155521328,-1.414213562373095,-0.7801894976054942,-0.7952062255644575,-1.266831073287107,1.2339883600452934,1.245970697341249,-1.2339883600452934,0.7505866250408014,1.4142135623730951,0.7653197277702214,1.2575354264740257,-1.3057907127551411,1.4628885360348514,4.895810396086209,-1.3322912594474225,-0.7784161803042005,-1.3066434376564753,0.7801894976054942,-1.3322912594474225,-0.8038480050980997,0.8103804155521328,0.774796559793369,0.744789942196904,-0.7801894976054942,0.5252257314388904,2.9829304909965124,3,3.6305851425830733,-0.650443635587991,1.5374122295716148,1.802050469054741,-1.5712256362470671,1.5374122295716146,0.6224942905893636,-0.22626790435115277,1.5372849568475617,-1.607896063705626,-0.5946919678164198,0.31259181160556304,-1.537412229571615,0.6363702064530034,0.511237358145545,0.0,-0.5529034969755533,0.6364458273405843,1.297125283482489,0.6644986392449885,-0.6504434913084749,-1.5374122295716148,0.6504436355879908,-1.537412229571615,-0.6364458273405841,-0.6625585964979888,-0.6750400534673922,-1.537412229571615,-0.6014526837662519,1.5712256362470671,0.5946919678164199,-1.854723699099141,-1.6383189672381482,-1.681542805549877,1.6332105135219068,-0.8409249421994665,0.6177633762829701,0.6644986392449885,1.6064386578049983,1.7217101133134212,1.2592514783450863,0.6504436355879909,0.6505344596812522,-0.6532842835829492,-0.862248612055567,0.6344296941043057,-1.5368939106296922,-1.377046616992424,-0.411167260728164,-0.6224949798994368,-1.7217101133134212,-0.6644986392449885,0.6364458273405843,0.6644986392449885,0.6364458273405843,-0.5740400451217759,1.5048939771136507,1.157779727107914,-0.39793384153471817,0.8257228238447705,-0.8569568250501305,1.1644523121920904,-0.39369657420937054,0.7952062255644573,1.1887150534341144,-0.8569568250501305,0.8431093201460879,1.2817398889233116,0.7653197277702213,0.7801894976054942,-0.7801894976054942,0.8412444993533732,-1.2369409068906594,0.7359800721939873,0.7653197277702213,-1.2339883600452934,1.2110601416389966,0.692820323027551,0.10335796866501118,0.4242253792770934,0.24743114516800238,1.1802940385908132,0.3541455430964733,1.0914632349404012,16,8,0.736487786201259,0.6735070822638015,-0.6829249992655481,0.0,-0.2786932057166471,-0.0953462589245592,-0.2171861213815347,-0.13545709229571928,-0.3481553119113957,1.956038587687303,-0.1933472978091327,-0.1354570922957193,-0.23904572186687878,-0.4252658742831209,-0.2970442628930023,0.48304589153964783,0.7071067811865477,-0.7071067811865475,2.273030282830976,1
VAR_001841,-0.2177288096200483,-0.65904553888758,-0.5089739013015885,-0.368689743957726,-0.3724714916997904,-0.31240092936600483,-0.40986259231209726,-0.2973771859309107,-0.36181236481799267,-0.27628609734280557,-0.59397693973074,16,-0.2524638143380212,-0.13390012800142995,0.2594372608313855,-0.19045630171289915,-0.21844944461841845,0.18142037231856797,-0.04374340862676541,0.697824141595846,-0.5946919678164199,0.6813100046641409,-0.706850021142412,0.2594372608313855,0.6474964831522124,0.3799077478904802,0.692820323027551,-0.7023478730193123,-0.7214900866993804,-0.7071067811865475,-0.7169777311937657,-0.30143249075645984,0.31465838776377636,-0.7201168211946403,0.6644986392449885,0.692820323027551,0.39528470752104716,0.6224949798994368,0.6364458273405843,0.48304589153964783,0.6294646824620143,0.6364458273405843,-0.692820323027551,0.6644986392449885,0.5808178695515155,0.6364458273405843,0.13545709229571956,7,-0.6441828121668849,0.5808178695515155,4,4,0.03213434998881226,0.2796756991346721,0.16528752228858734,0.7952062255644573,0.7071067811865477,-1.2062824067924915,-0.7236921049769731,0.8103804155521328,-1.414213562373095,-0.7801894976054942,-0.7952062255644575,0.8044359715257337,-0.8103804155521329,1.245970697341249,-1.2339883600452934,0.7505866250408014,-0.7071067811865475,0.7653197277702214,-0.7952062255644575,-1.3057907127551411,1.4628885360348514,0.32579480459520943,0.7505866250408014,-0.7784161803042005,-1.3066434376564753,0.7801894976054942,0.7505866250408014,1.2679033218677906,0.8103804155521328,-1.302680371827691,0.744789942196904,1.2817398889233116,0.5252257314388904,-0.2858108337269177,4,-0.5295491760461989,-0.650443635587991,-0.650443635587991,-0.5614075543151804,0.6364458273405843,-0.6504436355879909,0.6224942905893636,-0.04317640632301402,-0.6521390211351347,0.6143345887403254,-0.5946919678164198,0.5541574035725814,0.6504436355879909,0.6363702064530034,0.511237358145545,0.0,-0.5529034969755533,0.6364458273405843,-0.036104816082660626,0.6644986392449885,-0.6504434913084749,0.6504436355879908,0.6504436355879908,0.6504436355879909,-0.6364458273405841,-0.6625585964979888,-0.6404697126766912,0.6504436355879909,-0.6014526837662519,-0.6364458273405841,0.5946919678164199,0.5391638660171922,0.6168318932684945,0.5946919678164199,-0.6192793387082055,-0.512827177935708,0.6177633762829701,0.6644986392449885,-0.6224949798994368,-0.5808178695515155,0.0,0.6504436355879909,0.6505344596812522,-0.6532842835829492,-0.42273371085728334,0.6344296941043057,0.6263405403167476,0.19844947412329558,-0.40084958818085237,-0.6224949798994368,0.5808178695515155,-0.6644986392449885,0.6364458273405843,0.6644986392449885,0.6364458273405843,-0.5740400451217759,-0.6644986392449885,1.157779727107914,-0.2533419427177417,-1.2110601416389968,1.1669199319831565,0.20045999048311824,0.4265353648475599,0.7952062255644573,-0.8412444993533732,1.1669199319831565,0.8431093201460879,1.2817398889233116,0.7653197277702213,0.7801894976054942,-0.7801894976054942,-1.1887150534341144,0.8103161482138753,-1.358732440973515,0.7653197277702213,0.8103804155521328,-0.8257228238447706,-1.4433756729740643,0.2415999856431615,0.3082538074237925,0.049325261447299845,0.1427701846823746,0.1391653274718234,0.07059057585412212,17,14,0.15295514526477538,-0.012357928114932163,0.6829249992655481,0.0,-0.2786932057166471,-0.0953462589245592,-0.2171861213815347,-0.13545709229571928,-0.3481553119113957,-0.511237358145545,-0.1933472978091327,-0.1354570922957193,-0.23904572186687878,2.3514701283890216,-0.2970442628930023,0.48304589153964783,-1.4142135623730951,1.4142135623730951,-0.43994134506405985,1
VAR_001924,0.3133653249568583,-0.6589865512303377,-0.5128338835520225,-0.36868974532868537,0.06478977475501593,0.34768504084661983,0.3383774762364473,-0.2958119299495621,-0.3617471028915921,3.767765887862071,-0.5872160236284766,25,-0.2524638143380212,-0.13390012800142995,0.2594372608313855,-0.19045630171289915,-0.21844944461841845,0.18142037231856797,-0.04374340862676541,-1.442269929462533,-0.5946919678164199,-1.4345020915948083,1.421478726952682,0.2594372608313855,-1.5619197047151079,0.3799077478904802,-1.4433756729740643,1.4381309202948076,1.3860204297119676,-0.7071067811865475,0.2164597016627613,0.89698908306492,0.31465838776377636,1.4007099435177204,-1.5048939771136507,0.692820323027551,0.39528470752104716,0.6224949798994368,-1.5712256362470671,0.48304589153964783,-1.6034002731552304,0.6364458273405843,-0.692820323027551,0.6644986392449885,-1.7217101133134212,-1.5712256362470671,0.13545709229571956,2,-0.6441828121668849,0.5808178695515155,3,3,-0.15089523396149285,0.41972640712728404,0.40099555034172274,0.7952062255644573,-1.4142135623730951,1.061714561457424,-0.7236921049769731,0.8103804155521328,0.7071067811865476,1.2817398889233116,1.2575354264740257,0.8044359715257337,-0.8103804155521329,1.245970697341249,-1.2339883600452934,-1.3322912594474225,1.4142135623730951,-1.3066434376564755,-0.7952062255644575,0.7702962057920756,-0.697100061399229,-0.34165568579393835,0.7505866250408014,-0.7784161803042005,-1.3066434376564753,0.7801894976054942,-1.3322912594474225,1.2679033218677906,0.8103804155521328,-1.302680371827691,-1.355089606998247,1.2817398889233116,-1.9039432764659776,-0.32108992626939903,3,-0.49605530947135584,-0.650443635587991,-0.650443635587991,1.802050469054741,0.6364458273405843,1.5374122295716146,-1.6381247050570276,0.5720846687835579,-0.6521390211351347,-1.607896063705626,1.6815428055498767,0.7957229955396,0.6504436355879909,0.6363702064530034,0.511237358145545,0.0,-0.5529034969755533,-1.5712256362470671,-1.2514633102014774,0.6644986392449885,1.5305016667597797,0.6504436355879908,-1.5374122295716148,-1.537412229571615,-0.6364458273405841,-0.6625585964979888,-0.6750400534673922,0.6504436355879909,-0.6014526837662519,-0.6364458273405841,-1.681542805549877,0.5391638660171922,-1.6383189672381482,0.5946919678164199,-0.6192793387082055,-0.8409249421994665,-1.6367432867871978,-1.5048939771136507,-0.6224949798994368,1.7217101133134212,1.2592514783450863,-1.537412229571615,-1.537411885367203,1.5408921788809073,1.7388838791286854,-1.592852821436611,-1.5368939106296922,1.1260663997188436,-0.4085051100249011,-0.6224949798994368,0.5808178695515155,-0.6644986392449885,-1.5712256362470671,-1.5048939771136507,-1.5712256362470671,-0.5740400451217759,-0.6644986392449885,-0.9420990827761717,-0.4010969042398014,0.8257228238447705,1.1669199319831565,-1.1205975460487723,0.4506659093017945,0.7952062255644573,-0.8412444993533732,-0.8569568250501305,0.8431093201460879,1.2817398889233116,0.7653197277702213,0.7801894976054942,-0.7801894976054942,0.8412444993533732,0.8103161482138753,0.7359800721939873,-1.3066434376564753,-1.2339883600452934,1.2110601416389966,-1.4433756729740643,0.0922700774043009,0.4177942677394103,0.24743114516800238,-0.31972939250892934,0.7487476257055166,1.0914632349404012,7,4,-0.4861520329037543,-0.012357928114932163,-0.6829249992655481,0.0,-0.2786932057166471,-0.0953462589245592,-0.2171861213815347,-0.13545709229571928,-0.3481553119113957,1.956038587687303,-0.1933472978091327,-0.1354570922957193,-0.23904572186687878,-0.4252658742831209,-0.2970442628930023,-2.0701966780270626,0.7071067811865477,-0.7071067811865475,-0.43994134506405985,1
VAR_001875,-0.3280878072251682,-0.6588620396546199,-0.4994815221875142,0.16821751451560965,-0.08816229172113191,0.36775611125485874,-0.45433831385425383,-0.2973838774167925,-0.36181105200381386,3.563359451207246,-0.5894005555533126,23,-0.2524638143380212,-0.13390012800142995,0.2594372608313855,-0.19045630171289915,-0.21844944461841845,0.18142037231856797,-0.04374340862676541,-1.442269929462533,1.681542805549877,-1.4345020915948083,-0.706850021142412,0.2594372608313855,0.6474964831522124,0.3799077478904802,-1.4433756729740643,1.4381309202948076,1.3860204297119676,-0.7071067811865475,1.4087274236616798,3.1279768177992913,0.31465838776377636,1.4007099435177204,-1.5048939771136507,0.692820323027551,-2.529822128134703,0.6224949798994368,0.6364458273405843,0.48304589153964783,-1.6034002731552304,-1.5712256362470671,1.4433756729740643,0.6644986392449885,0.5808178695515155,0.6364458273405843,0.13545709229571956,5,1.567489267387442,-1.7217101133134212,4,4,-1.0924217006356307,-1.9633087770694058,-2.4423448339759526,-1.2575354264740253,0.7071067811865477,-1.2062824067924915,1.3858480726431406,0.8103804155521328,0.7071067811865476,-0.7801894976054942,1.2575354264740257,-1.266831073287107,-0.8103804155521329,1.245970697341249,0.8103804155521328,-1.3322912594474225,1.4142135623730951,0.7653197277702214,1.2575354264740257,-1.3057907127551411,1.4628885360348514,-0.3389001687931882,-1.3322912594474225,1.2959348548055658,-1.3066434376564753,0.7801894976054942,0.7505866250408014,-0.8038480050980997,0.8103804155521328,0.774796559793369,-1.355089606998247,-0.7801894976054942,-1.9039432764659776,-0.3210892340074657,4,-0.5339662193599058,-0.650443635587991,1.5374122295716148,-0.5614075543151804,-1.5712256362470671,1.5374122295716146,0.6224942905893636,-1.3329943976482566,-0.6521390211351347,0.051030435369033816,1.6815428055498767,0.7957229955396,-1.537412229571615,-1.5761953627828909,-1.956038587687303,0.0,-0.5529034969755533,0.6364458273405843,1.297125283482489,-1.5048939771136507,1.537627832978164,0.6504436355879908,-1.5374122295716148,0.6504436355879909,1.5712256362470671,-0.6625585964979888,-0.6750400534673922,-1.537412229571615,-0.6014526837662519,-0.6364458273405841,0.5946919678164199,0.5391638660171922,0.6168318932684945,0.5946919678164199,-0.6192793387082055,-0.8409249421994665,0.6177633762829701,0.6644986392449885,-0.6224949798994368,-0.5808178695515155,1.2592514783450863,0.6504436355879909,0.6505344596812522,1.5408921788809073,-0.3426821029880801,-1.592852821436611,0.5697139897162364,-1.377046616992424,-0.41125177903816557,-0.6224949798994368,0.5808178695515155,-0.6644986392449885,-1.5712256362470671,0.6644986392449885,-1.5712256362470671,-0.5740400451217759,1.5048939771136507,1.157779727107914,5.1077708490674825,-1.2110601416389968,-0.8569568250501305,-0.954091210662365,0.4521411870627966,0.7952062255644573,1.1887150534341144,-0.8569568250501305,-1.2222728509796579,-0.7801894976054942,0.7653197277702213,0.7801894976054942,-0.7801894976054942,-1.1887150534341144,-1.2369409068906594,0.7359800721939873,0.7653197277702213,-1.2339883600452934,1.2110601416389966,0.692820323027551,0.22249282314053806,0.45961603869494483,0.15049479356494982,-2.1875822181813604,-0.04630172611618438,-2.3816693178256405,17,17,-0.6528756445998924,-0.012357928114932163,2.048774997796644,0.0,-0.2786932057166471,-0.0953462589245592,-0.2171861213815347,-0.13545709229571928,-0.3481553119113957,-0.511237358145545,-0.1933472978091327,-0.1354570922957193,-0.23904572186687878,-0.4252658742831209,-0.2970442628930023,-2.0701966780270626,0.7071067811865477,-0.7071067811865475,-0.43994134506405985,1
VAR_001926,-0.32052099466898415,-0.6178873950590471,-0.46628029494963774,-0.3637883392290882,-0.36536558736692926,-0.41843025597003786,-0.42443271488895634,-0.2801355691055888,-0.35842643800648516,-0.27628609734280557,-0.4787183097735646,8,-0.2524638143380212,-0.13390012800142995,0.2594372608313855,-0.19045630171289915,-0.21844944461841845,0.18142037231856797,-0.04374340862676541,0.697824141595846,-0.5946919678164199,0.6813100046641409,-0.706850021142412,0.2594372608313855,0.6474964831522124,0.3799077478904802,0.692820323027551,-0.7023478730193123,-0.7214900866993804,-0.7071067811865475,-0.7169777311937657,-0.30143249075645984,0.31465838776377636,-0.7201168211946403,0.6644986392449885,0.692820323027551,0.39528470752104716,0.6224949798994368,0.6364458273405843,0.48304589153964783,0.6294646824620143,0.6364458273405843,-0.692820323027551,0.6644986392449885,0.5808178695515155,0.6364458273405843,0.13545709229571956,7,-0.6441828121668849,0.5808178695515155,1,1,-0.2110488950078194,0.3398268835748785,0.6722532102013263,0.7952062255644573,0.7071067811865477,0.23963461650811477,-0.7236921049769731,0.8103804155521328,0.7071067811865476,-0.7801894976054942,-0.7952062255644575,0.8044359715257337,-0.8103804155521329,-0.32093834618342654,0.8103804155521328,0.7505866250408014,-0.7071067811865475,0.7653197277702214,-0.7952062255644575,0.7702962057920756,-0.697100061399229,-0.3347234619027419,0.7505866250408014,-0.7784161803042005,0.7653197277702213,0.7801894976054942,0.7505866250408014,-0.8038480050980997,0.8103804155521328,0.774796559793369,0.744789942196904,-0.7801894976054942,0.5252257314388904,-0.2858108337269177,1,-0.4972765340376519,-0.650443635587991,-0.650443635587991,-0.5614075543151804,0.6364458273405843,-0.6504436355879909,0.6224942905893636,-0.04317640632301402,-0.6521390211351347,0.6143345887403254,-0.5946919678164198,0.5541574035725814,0.6504436355879909,0.6363702064530034,0.511237358145545,0.0,-0.5529034969755533,0.6364458273405843,-0.036104816082660626,0.6644986392449885,-0.6504434913084749,0.6504436355879908,0.6504436355879908,0.6504436355879909,-0.6364458273405841,-0.6625585964979888,-0.6404697126766912,0.6504436355879909,-0.6014526837662519,-0.6364458273405841,0.5946919678164199,0.5391638660171922,0.6168318932684945,0.5946919678164199,-0.6192793387082055,-0.512827177935708,0.6177633762829701,0.6644986392449885,-0.6224949798994368,-0.5808178695515155,0.0,0.6504436355879909,0.6505344596812522,-0.6532842835829492,-0.42273371085728334,0.6344296941043057,0.6263405403167476,0.19844947412329558,-0.40084958818085237,-0.6224949798994368,0.5808178695515155,-0.6644986392449885,0.6364458273405843,0.6644986392449885,0.6364458273405843,-0.5740400451217759,-0.6644986392449885,-0.5962935460936415,-0.3864434311603601,0.8257228238447705,-0.8569568250501305,0.010878735949195884,-0.18088445269715026,0.7952062255644573,-0.8412444993533732,-0.8569568250501305,0.8327661506688665,-0.7801894976054942,0.7653197277702213,0.7801894976054942,-0.7801894976054942,0.8412444993533732,0.8103161482138753,0.7359800721939873,0.7653197277702213,0.8103804155521328,-0.8257228238447706,0.692820323027551,-0.020235417346945596,0.45961603869494483,0.24743114516800238,0.8465375554418405,1.0471241767078983,0.7663972442620114,4,22,2.514872977626733,-1.3840879488723994,-0.6829249992655481,0.0,-0.2786932057166471,10.488088481701512,-0.2171861213815347,-0.13545709229571928,-0.3481553119113957,-0.511237358145545,-0.1933472978091327,-0.1354570922957193,-0.23904572186687878,-0.4252658742831209,-0.2970442628930023,0.48304589153964783,-1.4142135623730951,-0.7071067811865475,-0.43994134506405985,1
VAR_001958,2.3126381249081467,-0.6554956342772106,-0.5129086659973493,-0.36763380218509245,-0.37247149685729125,-0.35501369982893116,-0.45466136264934126,-0.2973075727673401,-0.3595223081651476,-0.27628609734280557,0.6571845932851609,16,-0.2524638143380212,-0.13390012800142995,0.2594372608313855,-0.19045630171289915,-0.21844944461841845,0.18142037231856797,-0.04374340862676541,0.697824141595846,-0.5946919678164199,-1.4345020915948083,-0.706850021142412,0.2594372608313855,0.6474964831522124,0.3799077478904802,-1.4433756729740643,-0.7023478730193123,1.3860204297119676,-0.7071067811865475,1.4087274236616798,-0.3219415925054315,0.31465838776377636,1.4007099435177204,0.6644986392449885,-1.4433756729740643,0.39528470752104716,0.6224949798994368,0.6364458273405843,0.48304589153964783,-1.6034002731552304,0.6364458273405843,1.4433756729740643,0.6644986392449885,-1.7217101133134212,0.6364458273405843,0.13545709229571956,3,1.567489267387442,-1.7217101133134212,4,4,0.9217388892913356,0.44449693607544805,0.16528752228858734,0.7952062255644573,0.7071067811865477,0.23963461650811477,-0.7236921049769731,0.8103804155521328,0.7071067811865476,-0.7801894976054942,-0.7952062255644575,0.8044359715257337,-0.8103804155521329,-0.32093834618342654,0.8103804155521328,0.7505866250408014,-0.7071067811865475,0.7653197277702214,-0.7952062255644575,0.7702962057920756,-0.697100061399229,-0.3347234619027419,0.7505866250408014,-0.7784161803042005,0.7653197277702213,0.7801894976054942,0.7505866250408014,-0.8038480050980997,0.8103804155521328,0.774796559793369,0.744789942196904,-0.7801894976054942,0.5252257314388904,-0.2858108337269177,4,-0.5360289376349238,1.5374122295716148,-0.650443635587991,1.802050469054741,-1.5712256362470671,-0.6504436355879909,0.6224942905893636,1.4269886024869738,-0.6521390211351347,-1.607896063705626,-0.5946919678164198,0.7957229955396,-1.537412229571615,0.6363702064530034,0.511237358145545,0.0,-0.5529034969755533,-1.5712256362470671,1.297125283482489,0.6644986392449885,1.537627832978164,-1.5374122295716148,0.6504436355879908,-1.537412229571615,-0.6364458273405841,-0.6625585964979888,1.5935538188500968,0.6504436355879909,-0.6014526837662519,-0.6364458273405841,-1.681542805549877,0.5391638660171922,0.6168318932684945,-1.681542805549877,1.6332105135219068,1.4895004907652145,-1.6367432867871978,-1.5048939771136507,-0.6224949798994368,-0.5808178695515155,1.2592514783450863,-1.537412229571615,0.6505344596812522,-0.6532842835829492,1.7388838791286854,0.6344296941043057,0.6829670909172587,-1.377046616992424,-0.26285041820588406,1.6064386578049983,-1.7217101133134212,1.5048939771136507,0.6364458273405843,-1.5048939771136507,-1.5712256362470671,-0.5740400451217759,1.5048939771136507,1.157779727107914,-0.4014891793917326,-1.2110601416389968,-0.8569568250501305,-1.1205975460487723,-0.5498137297896651,0.7952062255644573,-0.8412444993533732,1.1669199319831565,-1.2222728509796579,-0.7801894976054942,-1.3066434376564753,-1.2817398889233116,1.2817398889233116,-1.1887150534341144,-1.2369409068906594,0.7359800721939873,-1.3066434376564753,-1.2339883600452934,-0.8257228238447706,0.692820323027551,0.2415999856431615,0.18038905996304702,0.24743114516800238,0.004781811764407781,-0.3215203908884082,-0.35598868078286433,17,14,0.15295514526477538,-0.012357928114932163,0.6829249992655481,0.0,-0.2786932057166471,-0.0953462589245592,-0.2171861213815347,-0.13545709229571928,-0.3481553119113957,-0.511237358145545,-0.1933472978091327,-0.1354570922957193,-0.23904572186687878,2.3514701283890216,-0.2970442628930023,0.48304589153964783,0.7071067811865477,1.4142135623730951,-0.43994134506405985,1
VAR_001953,-0.3270037503175564,-0.2877322925996123,-0.4888841037972006,-0.2789635482756667,-0.3321024325576046,2.5075106394206848,3.3036487364783036,-0.2547821987239437,-0.33822313403793713,-0.29187732614152184,-0.5872089697662852,19,-0.2524638143380212,-0.13390012800142995,0.2594372608313855,-0.19045630171289915,-0.21844944461841845,0.18142037231856797,-0.04374340862676541,-1.442269929462533,1.681542805549877,0.747975444852206,-0.706850021142412,0.2594372608313855,0.6474964831522124,0.3799077478904802,-1.4433756729740643,1.4381309202948076,-0.7214900866993804,1.4142135623730951,-0.7169777311937657,0.15019959498407687,0.31465838776377636,0.7422600370530851,-1.5048939771136507,-1.4433756729740643,0.39528470752104716,-1.606438657804998,-1.5712256362470671,-2.0701966780270626,-1.6034002731552304,0.6364458273405843,1.4433756729740643,0.6644986392449885,-1.7217101133134212,-1.5712256362470671,0.13545709229571956,0,-0.6441828121668849,-1.7217101133134212,2,2,-0.1747600003485196,0.3921216584631912,0.049204425893158786,0.7952062255644573,0.7071067811865477,1.061714561457424,-0.7236921049769731,-1.2339883600452934,0.7071067811865476,-0.7801894976054942,1.2575354264740257,0.8044359715257337,1.2339883600452934,-1.0141747588311316,0.8103804155521328,-1.3322912594474225,-0.7071067811865475,0.7653197277702214,1.2575354264740257,-1.3057907127551411,-0.697100061399229,-0.3416556957067136,-1.3322912594474225,1.2959348548055658,-1.3066434376564753,-1.2817398889233116,0.7505866250408014,-0.8038480050980997,0.8103804155521328,0.774796559793369,0.744789942196904,-0.7801894976054942,0.5252257314388904,-0.2858108337269177,2,0.42308227853868535,-0.650443635587991,-0.650443635587991,1.802050469054741,0.6364458273405843,1.5374122295716146,-1.6381247050570276,-1.2869562387012066,-0.6521390211351347,-1.607896063705626,-0.5946919678164198,0.7957229955396,0.6504436355879909,0.6363702064530034,0.511237358145545,0.0,-0.5529034969755533,-1.5712256362470671,-1.2514633102014774,0.6644986392449885,-0.6504434913084749,0.6504436355879908,-1.5374122295716148,0.6504436355879909,-0.6364458273405841,1.5245174993067014,-0.6750400534673922,-1.537412229571615,1.6784307539552568,1.5712256362470671,0.5946919678164199,0.5391638660171922,0.6168318932684945,-1.681542805549877,1.6332105135219068,1.4895004907652145,0.6177633762829701,-1.5048939771136507,1.6064386578049983,-0.5808178695515155,-1.2592514783450863,0.6504436355879909,0.6505344596812522,-0.6532842835829492,-0.862248612055567,0.6344296941043057,-1.5368939106296922,1.1260663997188436,0.07809927559883709,-0.6224949798994368,0.5808178695515155,1.5048939771136507,0.6364458273405843,0.6644986392449885,0.6364458273405843,-0.5740400451217759,1.5048939771136507,-0.9420990827761717,-0.39961931111526033,0.8257228238447705,-0.8569568250501305,-1.1205975460487723,0.39200858001331884,-1.2575354264740253,1.1887150534341144,1.1669199319831565,0.8431093201460879,1.2817398889233116,-1.3066434376564753,-1.2817398889233116,-0.7801894976054942,-1.1887150534341144,-1.2369409068906594,0.7359800721939873,-1.3066434376564753,0.8103804155521328,1.2110601416389966,0.692820323027551,0.2415999856431615,0.45543593054253734,0.24743114516800238,0.5741844774916737,-0.642351177892872,-0.17907958685000447,17,6,1.3755949643697887,-0.6982229384936658,-0.6829249992655481,0.0,-0.2786932057166471,-0.0953462589245592,-0.2171861213815347,-0.13545709229571928,2.8722813232690143,-0.511237358145545,-0.1933472978091327,-0.1354570922957193,-0.23904572186687878,-0.4252658742831209,-0.2970442628930023,0.48304589153964783,0.7071067811865477,-0.7071067811865475,2.273030282830976,1
VAR_001869,-0.3263696274206235,0.18416742949608578,-0.5115056124820785,-0.3686889354958072,2.1937557561799967,-0.4234115601656579,0.44386140238046234,-0.27009664228273783,-0.0782277538333673,-0.3008220748167032,-0.5922624316190921,18,-0.2524638143380212,-0.13390012800142995,0.2594372608313855,-0.19045630171289915,-0.21844944461841845,0.18142037231856797,-0.04374340862676541,0.697824141595846,-0.5946919678164199,0.747975444852206,-0.706850021142412,0.2594372608313855,0.6474964831522124,0.3799077478904802,0.692820323027551,0.20102947281604272,1.3860204297119676,-0.7071067811865475,-0.7169777311937657,-0.2367446053184167,0.31465838776377636,-0.7201168211946403,0.6644986392449885,-1.4433756729740643,-2.529822128134703,-1.606438657804998,0.6364458273405843,-2.0701966780270626,-1.6034002731552304,0.6364458273405843,-0.692820323027551,-1.5048939771136507,0.5808178695515155,0.6364458273405843,0.13545709229571956,3,-0.6441828121668849,-1.7217101133134212,3,3,0.16040110989231895,0.5920741290801794,0.16528752228858734,-1.2575354264740253,-1.4142135623730951,-1.2062824067924915,1.3858480726431406,0.8103804155521328,0.7071067811865476,-0.7801894976054942,-0.7952062255644575,-1.266831073287107,1.2339883600452934,1.245970697341249,0.8103804155521328,0.7505866250408014,1.4142135623730951,-1.3066434376564755,1.2575354264740257,0.7702962057920756,1.4628885360348514,-0.33446368648328884,0.7505866250408014,1.2959348548055658,0.7653197277702213,0.7801894976054942,-1.3322912594474225,-0.8038480050980997,0.8103804155521328,0.774796559793369,-1.355089606998247,1.2817398889233116,-1.9039432764659776,-0.32147695088973216,3,0.4900858292380989,1.5374122295716148,1.5374122295716148,-0.5614075543151804,-1.5712256362470671,-0.6504436355879909,-1.6381247050570276,1.4269885955121364,-0.6521390211351347,-1.607896063705626,-0.5946919678164198,0.7957229955396,-1.537412229571615,-1.5761953627828909,0.511237358145545,0.0,-0.5529034969755533,-1.5712256362470671,-1.2514633102014774,-1.5048939771136507,-0.6504434913084749,-1.5374122295716148,-1.5374122295716148,-1.537412229571615,-0.6364458273405841,1.5245174993067014,-0.6750400534673922,0.6504436355879909,1.6784307539552568,1.5712256362470671,0.5946919678164199,-1.854723699099141,0.6168318932684945,-1.681542805549877,1.6332105135219068,-0.8409249421994665,0.6177633762829701,0.6644986392449885,-0.6224949798994368,1.7217101133134212,1.2592514783450863,-1.537412229571615,-1.537411885367203,-0.6532842835829492,-0.862248612055567,0.6344296941043057,0.6829670909172587,-1.377046616992424,-0.40386720609077503,1.6064386578049983,0.5808178695515155,-0.6644986392449885,-1.5712256362470671,0.6644986392449885,-1.5712256362470671,1.7855442753082797,-0.6644986392449885,-0.9420990827761717,-0.3012512115177408,0.8257228238447705,1.1669199319831565,1.1644523121920904,-0.46752375988098593,0.7952062255644573,1.1887150534341144,1.1669199319831565,0.8431093201460879,-0.7801894976054942,0.7653197277702213,0.7801894976054942,1.2817398889233116,-1.1887150534341144,0.8103161482138753,0.7359800721939873,0.7653197277702213,0.8103804155521328,1.2110601416389966,0.692820323027551,0.2415999856431615,-0.41334471703519,0.09600800302492972,-0.6891918938911993,0.6188968088426609,-0.7490460918122627,21,6,-0.013768466431362869,-0.012357928114932163,-0.6829249992655481,0.0,-0.2786932057166471,-0.0953462589245592,-0.2171861213815347,-0.13545709229571928,-0.3481553119113957,-0.511237358145545,-0.1933472978091327,7.382411530116702,-0.23904572186687878,-0.4252658742831209,-0.2970442628930023,0.48304589153964783,0.7071067811865477,-0.7071067811865475,-0.43994134506405985,1
VAR_001833,-0.32052099466898415,-0.6178873950590471,-0.46628029494963774,-0.3637883392290882,-0.36536558736692926,-0.41843025597003786,-0.42443271488895634,-0.2801355691055888,-0.35842643800648516,-0.3011046343502979,-0.5930967546401817,20,-0.2524638143380212,-0.13390012800142995,0.2594372608313855,-0.19045630171289915,-0.21844944461841845,0.18142037231856797,-0.04374340862676541,-1.442269929462533,1.681542805549877,-1.4345020915948083,-0.706850021142412,0.2594372608313855,0.6474964831522124,-2.6322179675268975,-1.4433756729740643,-0.7023478730193123,-0.7214900866993804,-0.7071067811865475,-0.7169777311937657,-0.3217117823198099,0.31465838776377636,-0.7201168211946403,0.6644986392449885,0.692820323027551,0.39528470752104716,0.6224949798994368,0.6364458273405843,0.48304589153964783,0.6294646824620143,0.6364458273405843,-0.692820323027551,0.6644986392449885,0.5808178695515155,0.6364458273405843,0.13545709229571956,7,-0.6441828121668849,0.5808178695515155,4,4,-0.07636934755446059,-2.0986247279800456,-0.9319069245061181,0.7952062255644573,0.7071067811865477,0.23963461650811477,-0.7236921049769731,0.8103804155521328,0.7071067811865476,-0.7801894976054942,-0.7952062255644575,0.8044359715257337,-0.8103804155521329,-0.32093834618342654,0.8103804155521328,0.7505866250408014,-0.7071067811865475,0.7653197277702214,-0.7952062255644575,0.7702962057920756,-0.697100061399229,-0.3347234619027419,0.7505866250408014,-0.7784161803042005,0.7653197277702213,0.7801894976054942,0.7505866250408014,-0.8038480050980997,0.8103804155521328,0.774796559793369,0.744789942196904,-0.7801894976054942,0.5252257314388904,-0.2858108337269177,4,-0.5360923899302846,-0.650443635587991,-0.650443635587991,-0.5614075543151804,0.6364458273405843,-0.6504436355879909,0.6224942905893636,-0.04317640632301402,-0.6521390211351347,0.6143345887403254,-0.5946919678164198,0.5541574035725814,0.6504436355879909,0.6363702064530034,0.511237358145545,0.0,-0.5529034969755533,0.6364458273405843,-0.036104816082660626,0.6644986392449885,-0.6504434913084749,0.6504436355879908,0.6504436355879908,0.6504436355879909,-0.6364458273405841,-0.6625585964979888,-0.6404697126766912,0.6504436355879909,-0.6014526837662519,-0.6364458273405841,0.5946919678164199,0.5391638660171922,0.6168318932684945,0.5946919678164199,-0.6192793387082055,-0.512827177935708,0.6177633762829701,0.6644986392449885,-0.6224949798994368,-0.5808178695515155,0.0,0.6504436355879909,0.6505344596812522,-0.6532842835829492,-0.42273371085728334,0.6344296941043057,0.6263405403167476,0.19844947412329558,-0.40084958818085237,-0.6224949798994368,0.5808178695515155,-0.6644986392449885,0.6364458273405843,0.6644986392449885,0.6364458273405843,-0.5740400451217759,-0.6644986392449885,-0.9420990827761717,-0.4014489999322601,-1.2110601416389968,1.1669199319831565,1.1644523121920904,0.40534322744170215,0.7952062255644573,-0.8412444993533732,1.1669199319831565,-1.2222728509796579,1.2817398889233116,-1.3066434376564753,0.7801894976054942,-0.7801894976054942,0.8412444993533732,0.8103161482138753,-1.358732440973515,0.7653197277702213,0.8103804155521328,1.2110601416389966,0.692820323027551,0.21248772431803495,0.27070570004573263,-5.484184079764776,-2.1111400003031244,0.22700112887617713,-2.8622776050968977,13,10,0.26410421972886755,0.6735070822638015,0.6829249992655481,0.0,-0.2786932057166471,-0.0953462589245592,-0.2171861213815347,-0.13545709229571928,-0.3481553119113957,-0.511237358145545,-0.1933472978091327,-0.1354570922957193,-0.23904572186687878,-0.4252658742831209,-0.2970442628930023,-2.0701966780270626,-1.4142135623730951,-0.7071067811865475,2.273030282830976,0
VAR_001882,-0.31667867206078126,-0.6591081182061344,-0.5129086632236989,-0.3686891219436995,-0.37244463943039935,-0.42308691781687247,-0.4476242380005213,-0.20095746518301696,-0.35382860369482017,-0.30108321690807577,-0.5855460987391361,18,-0.2524638143380212,-0.13390012800142995,0.2594372608313855,-0.19045630171289915,-0.21844944461841845,0.18142037231856797,-0.04374340862676541,-1.442269929462533,-0.5946919678164199,-1.4345020915948083,1.421478726952682,0.2594372608313855,-1.5619197047151079,0.3799077478904802,0.692820323027551,1.4381309202948076,-0.7214900866993804,1.4142135623730951,-0.7169777311937657,-0.24886120488844551,0.31465838776377636,1.4007099435177204,-1.5048939771136507,-1.4433756729740643,0.39528470752104716,-1.606438657804998,-1.5712256362470671,0.48304589153964783,0.6294646824620143,0.6364458273405843,1.4433756729740643,-1.5048939771136507,0.5808178695515155,0.6364458273405843,0.13545709229571956,3,1.567489267387442,0.5808178695515155,3,3,-0.5679300052977108,0.30657935909997286,0.16528752228858734,-1.2575354264740253,0.7071067811865477,-1.2062824067924915,-0.7236921049769731,-1.2339883600452934,0.7071067811865476,1.2817398889233116,-0.7952062255644575,-1.266831073287107,-0.8103804155521329,1.1991650377712966,-1.2339883600452934,0.7505866250408014,-0.7071067811865475,-1.3066434376564755,-0.7952062255644575,0.7702962057920756,-0.697100061399229,-0.3413992331215538,-1.3322912594474225,-0.7784161803042005,-1.3066434376564753,0.7801894976054942,-1.3322912594474225,-0.8038480050980997,-1.2339883600452934,0.774796559793369,0.744789942196904,1.2817398889233116,-1.9039432764659776,-0.2729592934497084,3,-0.5254884866355344,-0.650443635587991,1.5374122295716148,-0.5614075543151804,0.6364458273405843,1.5374122295716146,0.6224942905893636,1.4261650478668402,-0.6521390211351347,0.6880465120494014,-0.5946919678164198,-1.496569123587275,-1.537412229571615,-1.5761953627828909,-1.956038587687303,0.0,1.82138412342361,0.6364458273405843,1.297125283482489,0.6644986392449885,-0.6504434913084749,-1.5374122295716148,-1.5374122295716148,0.6504436355879909,1.5712256362470671,1.5245174993067014,-0.6750400534673922,-1.537412229571615,1.6784307539552568,1.5712256362470671,-1.681542805549877,0.5391638660171922,-1.6383189672381482,-1.681542805549877,-0.6192793387082055,1.4895004907652145,0.6177633762829701,0.6644986392449885,-0.6224949798994368,-0.5808178695515155,-1.2592514783450863,-1.537412229571615,0.6505344596812522,-0.6532842835829492,-0.862248612055567,-1.592852821436611,-1.5368939106296922,-1.377046616992424,-0.4111340489338408,1.6064386578049983,0.5808178695515155,1.5048939771136507,0.6364458273405843,0.6644986392449885,0.6364458273405843,1.7855442753082797,-0.6644986392449885,-0.9420990827761717,-0.3952841695244195,0.8257228238447705,-0.8569568250501305,-1.1205975460487723,-0.5498398015040535,-1.2575354264740253,1.1887150534341144,-0.8569568250501305,0.8431093201460879,1.2817398889233116,0.7653197277702213,0.7801894976054942,-0.7801894976054942,-1.1887150534341144,0.8103161482138753,0.7359800721939873,0.7653197277702213,0.8103804155521328,-0.8257228238447706,0.692820323027551,0.1290291067239399,0.30411407675200763,0.24743114516800238,0.8661032639135107,-0.13857377355735984,1.0914632349404012,16,21,1.4311695016018349,-0.012357928114932163,-0.6829249992655481,0.0,-0.2786932057166471,-0.0953462589245592,-0.2171861213815347,-0.13545709229571928,-0.3481553119113957,-0.511237358145545,5.1720402163943,-0.1354570922957193,-0.23904572186687878,-0.4252658742831209,-0.2970442628930023,0.48304589153964783,0.7071067811865477,-0.7071067811865475,-0.43994134506405985,1
VAR_001936,-0.3269070208044124,-0.6584003548727769,-0.49180988416268134,-0.36868722491782374,-0.3724656025516709,-0.07798507620898404,-0.2903199305510595,-0.2973839458328385,-0.3617385907749398,4.860328311764129,0.5063507136272106,26,-0.2524638143380212,-0.13390012800142995,0.2594372608313855,-0.19045630171289915,-0.21844944461841845,0.18142037231856797,-0.04374340862676541,0.697824141595846,1.681542805549877,0.747975444852206,1.421478726952682,0.2594372608313855,0.6474964831522124,-2.6322179675268975,-1.4433756729740643,-0.7023478730193123,-0.7214900866993804,-0.7071067811865475,-0.7169777311937657,-0.320975820451992,0.31465838776377636,-0.7201168211946403,-1.5048939771136507,0.692820323027551,-2.529822128134703,-1.606438657804998,-1.5712256362470671,0.48304589153964783,0.6294646824620143,0.6364458273405843,-0.692820323027551,0.6644986392449885,0.5808178695515155,-1.5712256362470671,0.13545709229571956,1,-0.6441828121668849,0.5808178695515155,2,2,1.760242730153373,0.8192582730599473,0.6991465777376669,0.7952062255644573,0.7071067811865477,1.061714561457424,-0.7236921049769731,0.8103804155521328,-1.414213562373095,1.2817398889233116,-0.7952062255644575,-1.266831073287107,-0.8103804155521329,-1.0141747588311316,0.8103804155521328,0.7505866250408014,-0.7071067811865475,-1.3066434376564755,-0.7952062255644575,-1.3057907127551411,1.4628885360348514,0.4142702653611222,0.7505866250408014,0.5773873939616383,0.7653197277702213,-1.2817398889233116,0.7505866250408014,-0.8038480050980997,0.8103804155521328,0.774796559793369,0.744789942196904,1.2817398889233116,-1.9039432764659776,-0.21882941448394053,2,-0.11651178415613754,1.5374122295716148,1.5374122295716148,1.802050469054741,-1.5712256362470671,-0.6504436355879909,0.6224942905893636,1.426939844589864,1.5372849568475617,0.5406226654312493,-0.5946919678164198,-1.496569123587275,0.6504436355879909,-1.5761953627828909,-1.956038587687303,0.0,1.82138412342361,0.6364458273405843,1.297125283482489,0.6644986392449885,1.537627832978164,-1.5374122295716148,0.6504436355879908,-1.537412229571615,1.5712256362470671,1.5245174993067014,1.5935538188500968,0.6504436355879909,-0.6014526837662519,-0.6364458273405841,0.5946919678164199,0.5391638660171922,0.6168318932684945,-1.681542805549877,1.6332105135219068,-0.8409249421994665,0.6177633762829701,0.6644986392449885,1.6064386578049983,-0.5808178695515155,1.2592514783450863,-1.537412229571615,-1.537411885367203,-0.6532842835829492,1.7388838791286854,0.6344296941043057,0.6829670909172587,1.1260663997188436,-0.41123467159505644,1.6064386578049983,-1.7217101133134212,1.5048939771136507,-1.5712256362470671,0.6644986392449885,0.6364458273405843,1.7855442753082797,1.5048939771136507,1.157779727107914,-0.40145456040717653,-1.2110601416389968,-0.8569568250501305,-1.1205975460487723,0.3467502591359123,0.7952062255644573,1.1887150534341144,-0.8569568250501305,0.8431093201460879,-0.7801894976054942,0.7653197277702213,-1.2817398889233116,1.2817398889233116,0.8412444993533732,-1.2369409068906594,-1.358732440973515,-1.3066434376564753,0.8103804155521328,1.2110601416389966,-1.4433756729740643,0.2415999856431615,-0.09541787049219552,0.24743114516800238,0.3149911305403082,-0.7034344355912829,-0.20094519711993605,19,13,-0.4027902270556851,0.6735070822638015,-0.6829249992655481,0.0,-0.2786932057166471,-0.0953462589245592,4.604345773288536,-0.13545709229571928,-0.3481553119113957,-0.511237358145545,-0.1933472978091327,-0.1354570922957193,-0.23904572186687878,-0.4252658742831209,-0.2970442628930023,-2.0701966780270626,0.7071067811865477,-0.7071067811865475,-0.43994134506405985,1
VAR_001880,-0.327402534506377,-0.6447768996778468,0.5930733657743231,0.20088596011856055,-0.3706302588153265,-0.4234113164284233,-0.45490369196548247,-0.2791888331114348,-0.32037385444924693,-0.3011046342921444,-0.023449055250057856,9,-0.2524638143380212,-0.13390012800142995,0.2594372608313855,-0.19045630171289915,-0.21844944461841845,0.18142037231856797,-0.04374340862676541,0.697824141595846,1.681542805549877,-1.4345020915948083,-0.706850021142412,0.2594372608313855,-1.5619197047151079,0.3799077478904802,-1.4433756729740643,-0.7023478730193123,1.3860204297119676,1.4142135623730951,1.4087274236616798,-0.32194367129810314,0.31465838776377636,-0.7201168211946403,-1.5048939771136507,-1.4433756729740643,0.39528470752104716,0.6224949798994368,-1.5712256362470671,0.48304589153964783,-1.6034002731552304,-1.5712256362470671,1.4433756729740643,-1.5048939771136507,0.5808178695515155,0.6364458273405843,0.13545709229571956,0,1.567489267387442,0.5808178695515155,3,3,-0.7088947220208559,0.404380178757694,0.16528752228858734,0.7952062255644573,-1.4142135623730951,1.061714561457424,1.3858480726431406,-1.2339883600452934,-1.414213562373095,1.2817398889233116,-0.7952062255644575,-1.266831073287107,1.2339883600452934,-1.0141747588311316,-1.2339883600452934,0.7505866250408014,-0.7071067811865475,0.7653197277702214,-0.7952062255644575,-1.3057907127551411,1.4628885360348514,0.41841300134535503,-1.3322912594474225,1.2959348548055658,0.7653197277702213,-1.2817398889233116,0.7505866250408014,1.2679033218677906,0.8103804155521328,0.774796559793369,0.744789942196904,-0.7801894976054942,0.5252257314388904,-0.2514745924545632,3,2.7805304844873167,-0.650443635587991,1.5374122295716148,-0.5614075543151804,0.6364458273405843,-0.6504436355879909,-1.6381247050570276,1.4269886015886672,1.5372849568475617,-1.607896063705626,-0.5946919678164198,-1.496569123587275,-1.537412229571615,-1.5761953627828909,-1.956038587687303,0.0,1.82138412342361,0.6364458273405843,1.297125283482489,0.6644986392449885,1.537627832978164,0.6504436355879908,-1.5374122295716148,0.6504436355879909,-0.6364458273405841,1.5245174993067014,-0.6750400534673922,-1.537412229571615,-0.6014526837662519,-0.6364458273405841,0.5946919678164199,0.5391638660171922,-1.6383189672381482,0.5946919678164199,-0.6192793387082055,-0.8409249421994665,0.6177633762829701,-1.5048939771136507,-0.6224949798994368,-0.5808178695515155,-1.2592514783450863,0.6504436355879909,-1.537411885367203,1.5408921788809073,1.7388838791286854,-1.592852821436611,-1.5368939106296922,1.1260663997188436,-0.40687113630853494,-0.6224949798994368,-1.7217101133134212,1.5048939771136507,0.6364458273405843,-1.5048939771136507,-1.5712256362470671,1.7855442753082797,-0.6644986392449885,-0.9420990827761717,-0.39969043560386197,-1.2110601416389968,-0.8569568250501305,1.1644523121920904,0.4449268471949984,0.7952062255644573,-0.8412444993533732,-0.8569568250501305,-1.2222728509796579,1.2817398889233116,0.7653197277702213,0.7801894976054942,-0.7801894976054942,0.8412444993533732,-1.2369409068906594,0.7359800721939873,0.7653197277702213,0.8103804155521328,1.2110601416389966,0.692820323027551,0.2415999856431615,0.2953088551424935,0.24743114516800238,0.6923207703587313,0.40516312056716386,1.0840540092134303,0,21,-0.3194284212076161,0.6735070822638015,0.6829249992655481,0.0,-0.2786932057166471,-0.0953462589245592,-0.2171861213815347,-0.13545709229571928,-0.3481553119113957,1.956038587687303,-0.1933472978091327,-0.1354570922957193,-0.23904572186687878,-0.4252658742831209,-0.2970442628930023,0.48304589153964783,0.7071067811865477,-0.7071067811865475,2.273030282830976,1
VAR_001797,-0.32052099466898415,-0.6178873950590471,-0.46628029494963774,-0.3637883392290882,-0.36536558736692926,-0.41843025597003786,-0.42443271488895634,-0.2801355691055888,-0.35842643800648516,-0.27628609734280557,-0.4787183097735646,8,-0.2524638143380212,-0.13390012800142995,0.2594372608313855,-0.19045630171289915,-0.21844944461841845,0.18142037231856797,-0.04374340862676541,0.697824141595846,-0.5946919678164199,0.747975444852206,-0.706850021142412,0.2594372608313855,0.6474964831522124,0.3799077478904802,0.692820323027551,-0.7023478730193123,-0.7214900866993804,-0.7071067811865475,1.4087274236616798,-0.3218979479091555,0.31465838776377636,1.4007099435177204,0.6644986392449885,0.692820323027551,0.39528470752104716,0.6224949798994368,0.6364458273405843,0.48304589153964783,0.6294646824620143,0.6364458273405843,-0.692820323027551,0.6644986392449885,0.5808178695515155,0.6364458273405843,0.13545709229571956,7,-0.6441828121668849,0.5808178695515155,3,3,0.8002059025358326,0.5042670389467662,0.16528752228858734,0.7952062255644573,0.7071067811865477,0.23963461650811477,-0.7236921049769731,0.8103804155521328,0.7071067811865476,-0.7801894976054942,-0.7952062255644575,0.8044359715257337,-0.8103804155521329,-0.32093834618342654,0.8103804155521328,0.7505866250408014,-0.7071067811865475,0.7653197277702214,-0.7952062255644575,0.7702962057920756,-0.697100061399229,-0.3347234619027419,0.7505866250408014,-0.7784161803042005,0.7653197277702213,0.7801894976054942,0.7505866250408014,-0.8038480050980997,0.8103804155521328,0.774796559793369,0.744789942196904,-0.7801894976054942,0.5252257314388904,-0.2858108337269177,3,-0.5365186570981587,-0.650443635587991,-0.650443635587991,-0.5614075543151804,0.6364458273405843,-0.6504436355879909,0.6224942905893636,-0.04317640632301402,-0.6521390211351347,0.6143345887403254,-0.5946919678164198,0.5541574035725814,0.6504436355879909,0.6363702064530034,0.511237358145545,0.0,-0.5529034969755533,0.6364458273405843,-0.036104816082660626,0.6644986392449885,-0.6504434913084749,0.6504436355879908,0.6504436355879908,0.6504436355879909,-0.6364458273405841,-0.6625585964979888,-0.6404697126766912,0.6504436355879909,-0.6014526837662519,-0.6364458273405841,0.5946919678164199,0.5391638660171922,0.6168318932684945,0.5946919678164199,-0.6192793387082055,-0.512827177935708,0.6177633762829701,0.6644986392449885,-0.6224949798994368,-0.5808178695515155,0.0,0.6504436355879909,0.6505344596812522,-0.6532842835829492,-0.42273371085728334,0.6344296941043057,0.6263405403167476,0.19844947412329558,-0.40084958818085237,-0.6224949798994368,0.5808178695515155,-0.6644986392449885,0.6364458273405843,0.6644986392449885,0.6364458273405843,-0.5740400451217759,-0.6644986392449885,-0.5962935460936415,-0.3864434311603601,0.8257228238447705,-0.8569568250501305,0.010878735949195884,-0.18088445269715026,0.7952062255644573,-0.8412444993533732,-0.8569568250501305,0.8327661506688665,-0.7801894976054942,0.7653197277702213,0.7801894976054942,-0.7801894976054942,0.8412444993533732,0.8103161482138753,0.7359800721939873,0.7653197277702213,0.8103804155521328,-0.8257228238447706,0.692820323027551,0.2415999856431615,-3.6080305236557613,0.24743114516800238,0.9766767790619368,0.5571902843359695,1.0914632349404012,5,10,0.26410421972886755,1.3593720926425352,-0.6829249992655481,0.0,-0.2786932057166471,-0.0953462589245592,-0.2171861213815347,-0.13545709229571928,-0.3481553119113957,1.956038587687303,-0.1933472978091327,-0.1354570922957193,-0.23904572186687878,-0.4252658742831209,-0.2970442628930023,0.48304589153964783,-1.4142135623730951,-0.7071067811865475,-0.43994134506405985,1
VAR_001976,-0.3176533276604084,-0.6583010465820092,-0.506455977869729,4.900970957264372,6.460185573102894,-0.42228067879783565,-0.43950856687537576,0.33023398309072555,-0.3570522748608254,2.305053389432743,-0.5587554603625354,6,-0.2524638143380212,-0.693368521044521,0.2594372608313855,3.870754980951394,-0.1325204085108909,0.18142037231856797,-2.4116673894523633,0.697824141595846,-0.5946919678164199,-1.4345020915948083,1.421478726952682,0.2594372608313855,-1.5619197047151079,0.3799077478904802,-1.4433756729740643,1.4381309202948076,1.3860204297119676,-0.7071067811865475,1.4087274236616798,0.49950608193443985,0.31465838776377636,1.4007099435177204,0.6644986392449885,0.692820323027551,0.39528470752104716,-1.606438657804998,-1.5712256362470671,0.48304589153964783,-1.6034002731552304,-1.5712256362470671,-0.692820323027551,0.6644986392449885,0.5808178695515155,-1.5712256362470671,0.13545709229571956,3,-0.6441828121668849,-1.7217101133134212,2,2,-0.9311580174444459,-3.2310624002984554,0.16528752228858734,-1.2575354264740253,0.7071067811865477,-1.2062824067924915,1.3858480726431406,-1.2339883600452934,-1.414213562373095,-0.7801894976054942,1.2575354264740257,-1.266831073287107,-0.8103804155521329,1.245970697341249,-1.2339883600452934,-1.3322912594474225,1.4142135623730951,0.7653197277702214,1.2575354264740257,-1.3057907127551411,-0.697100061399229,-0.2745196242020217,-1.3322912594474225,-0.7784161803042005,0.7653197277702213,0.7801894976054942,-1.3322912594474225,-0.8038480050980997,0.8103804155521328,0.774796559793369,-1.355089606998247,1.2817398889233116,0.5252257314388904,-0.3116144225527515,2,-0.4984045232840745,1.5374122295716148,1.5374122295716148,-0.5614075543151804,0.6364458273405843,-0.6504436355879909,-1.6381247050570276,-1.3496000783167728,1.5372849568475617,0.6880465120494014,1.6815428055498767,0.7957229955396,0.6504436355879909,0.6363702064530034,-1.956038587687303,0.0,-0.5529034969755533,0.6364458273405843,-1.2514633102014774,-1.5048939771136507,-0.6504434913084749,-1.5374122295716148,-1.5374122295716148,0.6504436355879909,-0.6364458273405841,1.5245174993067014,-0.6750400534673922,-1.537412229571615,-0.6014526837662519,1.5712256362470671,0.5946919678164199,0.5391638660171922,0.6168318932684945,-1.681542805549877,-0.6192793387082055,-0.8409249421994665,-1.6367432867871978,0.6644986392449885,1.6064386578049983,-0.5808178695515155,1.2592514783450863,-1.537412229571615,-1.537411885367203,1.5408921788809073,-0.862248612055567,0.6344296941043057,0.6829670909172587,-1.377046616992424,-0.11450673146360002,-0.6224949798994368,0.5808178695515155,1.5048939771136507,0.6364458273405843,-1.5048939771136507,-1.5712256362470671,-0.5740400451217759,-0.6644986392449885,-0.9420990827761717,-0.3863234769784093,-1.2110601416389968,1.1669199319831565,1.1644523121920904,-0.5498400388372054,0.7952062255644573,1.1887150534341144,1.1669199319831565,-1.2222728509796579,-0.7801894976054942,-1.3066434376564753,0.7801894976054942,-0.7801894976054942,0.8412444993533732,0.8103161482138753,-1.358732440973515,0.7653197277702213,0.8103804155521328,-0.8257228238447706,0.692820323027551,-1.0698473716052033,0.45961603869494483,-0.2706553533522866,-2.4564440437240016,-0.2643275360470343,-2.537010555245716,13,10,0.26410421972886755,0.6735070822638015,0.6829249992655481,0.0,-0.2786932057166471,-0.0953462589245592,-0.2171861213815347,-0.13545709229571928,-0.3481553119113957,-0.511237358145545,-0.1933472978091327,-0.1354570922957193,-0.23904572186687878,-0.4252658742831209,-0.2970442628930023,0.48304589153964783,0.7071067811865477,-0.7071067811865475,-0.43994134506405985,1
VAR_001791,-0.0799254751132654,-0.6591080865782863,-0.5129086283407678,-0.3686897449595354,-0.3724245501327458,-0.4234105681449023,1.8829550024295518,-0.29738093339085125,-0.36175791935073726,-0.27628609734280557,-0.5939448374891886,16,-0.2524638143380212,-0.13390012800142995,0.2594372608313855,-0.19045630171289915,-0.21844944461841845,0.18142037231856797,-0.04374340862676541,0.697824141595846,-0.5946919678164199,0.747975444852206,-0.706850021142412,0.2594372608313855,-1.5619197047151079,0.3799077478904802,0.692820323027551,1.4381309202948076,-0.7214900866993804,-0.7071067811865475,1.4087274236616798,-0.3217624035835978,0.31465838776377636,-0.7201168211946403,0.6644986392449885,0.692820323027551,0.39528470752104716,-1.606438657804998,0.6364458273405843,0.48304589153964783,0.6294646824620143,-1.5712256362470671,1.4433756729740643,0.6644986392449885,0.5808178695515155,0.6364458273405843,0.13545709229571956,3,-0.6441828121668849,0.5808178695515155,3,3,0.8943739522072757,0.6956622534247668,0.16528752228858734,0.7952062255644573,-1.4142135623730951,-1.2062824067924915,1.3858480726431406,-1.2339883600452934,0.7071067811865476,1.2817398889233116,1.2575354264740257,0.8044359715257337,-0.8103804155521329,1.245970697341249,0.8103804155521328,-1.3322912594474225,1.4142135623730951,-1.3066434376564755,-0.7952062255644575,0.7702962057920756,1.4628885360348514,1.6731521136567309,0.7505866250408014,-0.7784161803042005,0.7653197277702213,0.7801894976054942,0.7505866250408014,1.2679033218677906,0.8103804155521328,0.774796559793369,0.744789942196904,-0.7801894976054942,0.5252257314388904,-0.2858108337269177,3,-0.5238313330328632,-0.650443635587991,-0.650443635587991,-0.5614075543151804,0.6364458273405843,-0.6504436355879909,0.6224942905893636,-0.04317640632301402,-0.6521390211351347,0.6143345887403254,-0.5946919678164198,0.5541574035725814,0.6504436355879909,0.6363702064530034,0.511237358145545,0.0,-0.5529034969755533,0.6364458273405843,-0.036104816082660626,0.6644986392449885,-0.6504434913084749,0.6504436355879908,0.6504436355879908,0.6504436355879909,-0.6364458273405841,-0.6625585964979888,-0.6404697126766912,0.6504436355879909,-0.6014526837662519,-0.6364458273405841,0.5946919678164199,0.5391638660171922,0.6168318932684945,0.5946919678164199,-0.6192793387082055,-0.512827177935708,0.6177633762829701,0.6644986392449885,-0.6224949798994368,-0.5808178695515155,0.0,0.6504436355879909,0.6505344596812522,-0.6532842835829492,-0.42273371085728334,0.6344296941043057,0.6263405403167476,0.19844947412329558,-0.40084958818085237,-0.6224949798994368,0.5808178695515155,-0.6644986392449885,0.6364458273405843,0.6644986392449885,0.6364458273405843,-0.5740400451217759,-0.6644986392449885,1.157779727107914,-0.3865633853423109,-1.2110601416389968,1.1669199319831565,-1.1205975460487723,-0.5150705259022916,-1.2575354264740253,-0.8412444993533732,-0.8569568250501305,-1.2222728509796579,1.2817398889233116,-1.3066434376564753,0.7801894976054942,-0.7801894976054942,-1.1887150534341144,0.8103161482138753,0.7359800721939873,-1.3066434376564753,-1.2339883600452934,-0.8257228238447706,0.692820323027551,0.17125819589438573,-0.26904586928158297,0.24743114516800238,1.1635537564470801,0.2573592874410464,0.41069952813163696,5,10,0.26410421972886755,1.3593720926425352,-0.6829249992655481,0.0,-0.2786932057166471,-0.0953462589245592,-0.2171861213815347,-0.13545709229571928,-0.3481553119113957,1.956038587687303,-0.1933472978091327,-0.1354570922957193,-0.23904572186687878,-0.4252658742831209,-0.2970442628930023,0.48304589153964783,0.7071067811865477,1.4142135623730951,-0.43994134506405985,1
VAR_001795,-0.32211630965904603,-0.1962028273946892,-0.5113725738869555,-0.29422211396986503,-0.3724677856185839,-0.30550287879758253,0.13165269635236918,-0.2632132257074344,-0.2794308801092204,-0.27628609734280557,-0.592409454491113,11,-0.2524638143380212,-0.13390012800142995,0.2594372608313855,-0.19045630171289915,-0.21844944461841845,0.18142037231856797,-0.04374340862676541,-1.442269929462533,1.681542805549877,-1.4345020915948083,-0.706850021142412,0.2594372608313855,0.6474964831522124,-2.6322179675268975,0.692820323027551,-0.7023478730193123,1.3860204297119676,-0.7071067811865475,-0.7169777311937657,-0.3219427873144932,-3.1780497164141424,1.4007099435177204,0.6644986392449885,0.692820323027551,-2.529822128134703,0.6224949798994368,-1.5712256362470671,0.48304589153964783,0.6294646824620143,0.6364458273405843,1.4433756729740643,-1.5048939771136507,0.5808178695515155,-1.5712256362470671,0.13545709229571956,3,1.567489267387442,-1.7217101133134212,4,4,0.8181155808868771,0.6187181357103038,0.6692014505491659,0.7952062255644573,-1.4142135623730951,-1.2062824067924915,-0.7236921049769731,-1.2339883600452934,0.7071067811865476,-0.7801894976054942,1.2575354264740257,-1.266831073287107,1.2339883600452934,-1.0141747588311316,-1.2339883600452934,0.7505866250408014,1.4142135623730951,0.7653197277702214,-0.7952062255644575,0.7702962057920756,-0.697100061399229,-0.34127739623447867,-1.3322912594474225,1.2959348548055658,0.7653197277702213,-1.2817398889233116,0.7505866250408014,-0.8038480050980997,-1.2339883600452934,-1.302680371827691,0.744789942196904,-0.7801894976054942,0.5252257314388904,-0.2858108337269177,4,-0.5342499224150731,-0.650443635587991,-0.650443635587991,-0.5614075543151804,-1.5712256362470671,-0.6504436355879909,-1.6381247050570276,-1.349476711664528,-0.6521390211351347,0.6880465120494014,-0.5946919678164198,0.7957229955396,0.6504436355879909,0.6363702064530034,0.511237358145545,0.0,1.82138412342361,0.6364458273405843,-1.2514633102014774,-1.5048939771136507,1.537627832978164,-1.5374122295716148,-1.5374122295716148,-1.537412229571615,-0.6364458273405841,1.5245174993067014,1.5935538188500968,0.6504436355879909,1.6784307539552568,-0.6364458273405841,-1.681542805549877,0.5391638660171922,0.6168318932684945,-1.681542805549877,-0.6192793387082055,-0.8409249421994665,0.6177633762829701,-1.5048939771136507,1.6064386578049983,-0.5808178695515155,1.2592514783450863,0.6504436355879909,0.6505344596812522,-0.6532842835829492,1.7388838791286854,-1.592852821436611,0.6829670909172587,-1.377046616992424,-0.40047062757524987,1.6064386578049983,0.5808178695515155,-0.6644986392449885,-1.5712256362470671,-1.5048939771136507,0.6364458273405843,1.7855442753082797,-0.6644986392449885,-0.9420990827761717,-0.40161460018651673,-1.2110601416389968,-0.8569568250501305,-1.1205975460487723,-0.5498351133559313,-1.2575354264740253,1.1887150534341144,-0.8569568250501305,-1.2222728509796579,-0.7801894976054942,0.7653197277702213,0.7801894976054942,1.2817398889233116,0.8412444993533732,-1.2369409068906594,0.7359800721939873,0.7653197277702213,0.8103804155521328,1.2110601416389966,-1.4433756729740643,0.2415999856431615,0.2734140988502816,0.24743114516800238,-0.7321264487310886,0.16491870915054435,0.07351785684020803,11,17,-1.931090000936952,-0.6982229384936658,0.6829249992655481,0.0,-0.2786932057166471,-0.0953462589245592,-0.2171861213815347,-0.13545709229571928,-0.3481553119113957,-0.511237358145545,-0.1933472978091327,-0.1354570922957193,-0.23904572186687878,-0.4252658742831209,3.3665016461206925,0.48304589153964783,0.7071067811865477,-0.7071067811865475,-0.43994134506405985,1
VAR_001824,-0.3283174079740852,0.8221799722973002,-0.45148022891400197,-0.36499669864211637,-0.11075060300726955,-0.22860595874458747,0.5162701858717668,-0.26566274067250606,-0.361444749213676,-0.27628609734280557,-0.59332101959944,16,-0.2524638143380212,-0.13390012800142995,0.2594372608313855,-0.19045630171289915,-0.21844944461841845,0.18142037231856797,-0.04374340862676541,0.697824141595846,-0.5946919678164199,-1.4345020915948083,1.421478726952682,0.2594372608313855,0.6474964831522124,0.3799077478904802,0.692820323027551,-0.7023478730193123,1.3860204297119676,-0.7071067811865475,1.4087274236616798,-0.32194364882038407,-3.1780497164141424,1.4007099435177204,-1.5048939771136507,0.692820323027551,0.39528470752104716,0.6224949798994368,0.6364458273405843,0.48304589153964783,0.6294646824620143,0.6364458273405843,-0.692820323027551,0.6644986392449885,0.5808178695515155,0.6364458273405843,0.13545709229571956,7,-0.6441828121668849,0.5808178695515155,4,4,0.16108910249000782,0.3297516729561071,-0.21957109496877397,0.7952062255644573,0.7071067811865477,0.23963461650811477,-0.7236921049769731,0.8103804155521328,0.7071067811865476,-0.7801894976054942,-0.7952062255644575,0.8044359715257337,-0.8103804155521329,-0.32093834618342654,0.8103804155521328,0.7505866250408014,-0.7071067811865475,0.7653197277702214,-0.7952062255644575,0.7702962057920756,-0.697100061399229,-0.3347234619027419,0.7505866250408014,-0.7784161803042005,0.7653197277702213,0.7801894976054942,0.7505866250408014,-0.8038480050980997,0.8103804155521328,0.774796559793369,0.744789942196904,-0.7801894976054942,0.5252257314388904,-0.2858108337269177,4,1.4716767646855766,-0.650443635587991,-0.650443635587991,-0.5614075543151804,0.6364458273405843,-0.6504436355879909,0.6224942905893636,-0.04317640632301402,-0.6521390211351347,0.6143345887403254,-0.5946919678164198,0.5541574035725814,0.6504436355879909,0.6363702064530034,0.511237358145545,0.0,-0.5529034969755533,0.6364458273405843,-0.036104816082660626,0.6644986392449885,-0.6504434913084749,0.6504436355879908,0.6504436355879908,0.6504436355879909,-0.6364458273405841,-0.6625585964979888,-0.6404697126766912,0.6504436355879909,-0.6014526837662519,-0.6364458273405841,0.5946919678164199,0.5391638660171922,0.6168318932684945,0.5946919678164199,-0.6192793387082055,-0.512827177935708,0.6177633762829701,0.6644986392449885,-0.6224949798994368,-0.5808178695515155,0.0,0.6504436355879909,0.6505344596812522,-0.6532842835829492,-0.42273371085728334,0.6344296941043057,0.6263405403167476,0.19844947412329558,-0.40084958818085237,-0.6224949798994368,0.5808178695515155,-0.6644986392449885,0.6364458273405843,0.6644986392449885,0.6364458273405843,-0.5740400451217759,-0.6644986392449885,-0.5962935460936415,-0.3864434311603601,0.8257228238447705,-0.8569568250501305,0.010878735949195884,-0.18088445269715026,0.7952062255644573,-0.8412444993533732,-0.8569568250501305,0.8327661506688665,-0.7801894976054942,0.7653197277702213,0.7801894976054942,-0.7801894976054942,0.8412444993533732,0.8103161482138753,0.7359800721939873,0.7653197277702213,0.8103804155521328,-0.8257228238447706,0.692820323027551,0.2415999856431615,0.4523874407831275,0.19193091441326446,0.5247331969890879,0.21278860354315196,-0.1569170283623467,11,17,-1.931090000936952,-0.6982229384936658,0.6829249992655481,0.0,-0.2786932057166471,-0.0953462589245592,-0.2171861213815347,-0.13545709229571928,-0.3481553119113957,-0.511237358145545,-0.1933472978091327,-0.1354570922957193,-0.23904572186687878,-0.4252658742831209,3.3665016461206925,0.48304589153964783,-1.4142135623730951,1.4142135623730951,-0.43994134506405985,1
VAR_001916,5.978875867293784,1.8542768148428967,-0.5089906573915055,-0.36865646677472236,-0.3661331414001563,-0.42317576531446793,-0.4547425807787812,-0.29731112870702514,-0.3618130206793998,-0.27628609734280557,-0.5939457454310849,16,-0.2524638143380212,-0.13390012800142995,0.2594372608313855,-0.19045630171289915,-0.21844944461841845,0.18142037231856797,-0.04374340862676541,-1.442269929462533,-0.5946919678164199,-1.4345020915948083,1.421478726952682,0.2594372608313855,0.6474964831522124,0.3799077478904802,0.692820323027551,-0.7023478730193123,1.3860204297119676,1.4142135623730951,1.4087274236616798,-0.16727105332136988,0.31465838776377636,-0.7201168211946403,0.6644986392449885,0.692820323027551,0.39528470752104716,0.6224949798994368,0.6364458273405843,0.48304589153964783,0.6294646824620143,0.6364458273405843,-0.692820323027551,0.6644986392449885,0.5808178695515155,0.6364458273405843,0.13545709229571956,7,-0.6441828121668849,0.5808178695515155,4,4,0.9351989058898083,0.4059921050712291,-0.05051278672231363,-1.2575354264740253,0.7071067811865477,1.061714561457424,1.3858480726431406,0.8103804155521328,0.7071067811865476,1.2817398889233116,-0.7952062255644575,-1.266831073287107,-0.8103804155521329,1.245970697341249,-1.2339883600452934,0.7505866250408014,-0.7071067811865475,-1.3066434376564755,-0.7952062255644575,0.7702962057920756,-0.697100061399229,-0.34039478873269613,0.7505866250408014,-0.7784161803042005,0.7653197277702213,-1.2817398889233116,0.7505866250408014,-0.8038480050980997,-1.2339883600452934,0.774796559793369,0.744789942196904,-0.7801894976054942,0.5252257314388904,-0.2858108337269177,4,1.1545988358130486,-0.650443635587991,-0.650443635587991,-0.5614075543151804,0.6364458273405843,-0.6504436355879909,0.6224942905893636,-0.04317640632301402,-0.6521390211351347,0.6143345887403254,-0.5946919678164198,0.5541574035725814,0.6504436355879909,0.6363702064530034,0.511237358145545,0.0,-0.5529034969755533,0.6364458273405843,-0.036104816082660626,0.6644986392449885,-0.6504434913084749,0.6504436355879908,0.6504436355879908,0.6504436355879909,-0.6364458273405841,-0.6625585964979888,-0.6404697126766912,0.6504436355879909,-0.6014526837662519,-0.6364458273405841,0.5946919678164199,0.5391638660171922,0.6168318932684945,0.5946919678164199,-0.6192793387082055,-0.512827177935708,0.6177633762829701,0.6644986392449885,-0.6224949798994368,-0.5808178695515155,0.0,0.6504436355879909,0.6505344596812522,-0.6532842835829492,-0.42273371085728334,0.6344296941043057,0.6263405403167476,0.19844947412329558,-0.40084958818085237,-0.6224949798994368,0.5808178695515155,-0.6644986392449885,0.6364458273405843,0.6644986392449885,0.6364458273405843,-0.5740400451217759,-0.6644986392449885,1.157779727107914,2.0046193858183576,-1.2110601416389968,1.1669199319831565,1.1644523121920904,-0.5496259687858186,-1.2575354264740253,1.1887150534341144,1.1669199319831565,0.8431093201460879,-0.7801894976054942,0.7653197277702213,0.7801894976054942,1.2817398889233116,-1.1887150534341144,0.8103161482138753,0.7359800721939873,0.7653197277702213,0.8103804155521328,-0.8257228238447706,0.692820323027551,0.2415999856431615,0.45961603869494483,0.24743114516800238,0.4612815697352935,-0.07171857319845293,-0.6935009202412992,11,14,-1.1252592110722839,-1.3840879488723994,0.6829249992655481,0.0,-0.2786932057166471,-0.0953462589245592,-0.2171861213815347,-0.13545709229571928,-0.3481553119113957,-0.511237358145545,-0.1933472978091327,-0.1354570922957193,-0.23904572186687878,2.3514701283890216,-0.2970442628930023,0.48304589153964783,-1.4142135623730951,1.4142135623730951,-0.43994134506405985,1
VAR_001771,4.560047227994542,-0.6591055968933452,-0.3840835771366757,-0.35942877290327235,-0.37247149685398584,-0.42341156313811745,-0.44913108448489614,-0.29709942618730456,-0.36006637727384466,-0.27628609734280557,1.0738107452358436,16,-0.2524638143380212,-0.13390012800142995,0.2594372608313855,-0.19045630171289915,-0.21844944461841845,0.18142037231856797,-0.04374340862676541,-1.442269929462533,-0.5946919678164199,0.747975444852206,1.421478726952682,0.2594372608313855,0.6474964831522124,0.3799077478904802,0.692820323027551,-0.7023478730193123,1.3860204297119676,1.4142135623730951,1.4087274236616798,-0.3219414808630902,0.31465838776377636,-0.7201168211946403,-1.5048939771136507,0.692820323027551,0.39528470752104716,0.6224949798994368,0.6364458273405843,0.48304589153964783,-1.6034002731552304,0.6364458273405843,-0.692820323027551,-1.5048939771136507,0.5808178695515155,-1.5712256362470671,0.13545709229571956,0,-0.6441828121668849,-1.7217101133134212,1,1,-3.529354945301219,-0.9583252048524635,0.16528752228858734,0.7952062255644573,-1.4142135623730951,1.061714561457424,-0.7236921049769731,0.8103804155521328,-1.414213562373095,-0.7801894976054942,1.2575354264740257,-1.266831073287107,-0.8103804155521329,0.9960864536286668,0.8103804155521328,0.7505866250408014,1.4142135623730951,-1.3066434376564755,1.2575354264740257,-1.3057907127551411,0.37548237871694823,-0.3394864716489921,-1.3322912594474225,-0.7784161803042005,-1.3066434376564753,-1.2817398889233116,-1.3322912594474225,1.2679033218677906,-1.2339883600452934,-1.302680371827691,0.744789942196904,-0.7801894976054942,-1.9039432764659776,-0.18253733962372762,1,0.5637660531733857,-0.650443635587991,-0.650443635587991,1.802050469054741,-1.5712256362470671,1.5374122295716146,0.6224942905893636,1.4240879134947086,-0.6521390211351347,-1.607896063705626,-0.5946919678164198,-1.496569123587275,0.6504436355879909,-1.5761953627828909,-1.956038587687303,0.0,1.82138412342361,0.6364458273405843,-1.2514633102014774,-1.5048939771136507,-0.6504434913084749,0.6504436355879908,0.6504436355879908,-1.537412229571615,-0.6364458273405841,1.5245174993067014,-0.6750400534673922,-1.537412229571615,-0.6014526837662519,1.5712256362470671,0.5946919678164199,0.5391638660171922,0.6168318932684945,0.5946919678164199,1.6332105135219068,1.4895004907652145,0.6177633762829701,-1.5048939771136507,1.6064386578049983,1.7217101133134212,-1.2592514783450863,-1.537412229571615,0.6505344596812522,-0.6532842835829492,1.7388838791286854,0.6344296941043057,-1.5368939106296922,1.1260663997188436,-0.09461953348925002,1.6064386578049983,-1.7217101133134212,1.5048939771136507,-1.5712256362470671,0.6644986392449885,0.6364458273405843,-0.5740400451217759,1.5048939771136507,-0.9420990827761717,2.6474866246020614,0.8257228238447705,-0.8569568250501305,1.1644523121920904,-0.5497162114845416,-1.2575354264740253,-0.8412444993533732,-0.8569568250501305,0.8431093201460879,-0.7801894976054942,-1.3066434376564753,-1.2817398889233116,1.2817398889233116,0.8412444993533732,-1.2369409068906594,-1.358732440973515,-1.3066434376564753,-1.2339883600452934,1.2110601416389966,0.692820323027551,-0.03779343684186486,0.19068125556790186,0.24743114516800238,-0.7681312136991576,0.6489237524994338,0.9269554906847893,12,22,1.0143604723614894,1.3593720926425352,-1.3658499985310961,0.0,3.588175023601831,-0.0953462589245592,-0.2171861213815347,-0.13545709229571928,-0.3481553119113957,-0.511237358145545,-0.1933472978091327,-0.1354570922957193,-0.23904572186687878,-0.4252658742831209,-0.2970442628930023,0.48304589153964783,0.7071067811865477,1.4142135623730951,2.273030282830976,1
VAR_001825,-0.3271015481553009,-0.65910811821054,-0.4231112934043686,-0.3686897453286327,-0.37242744582235054,-0.4234113992127721,-0.4524689243744019,-0.29589557387106813,1.7425075033965742,-0.29649133727606675,-0.5888158656063752,11,-0.2524638143380212,-0.13390012800142995,0.2594372608313855,-0.19045630171289915,-0.21844944461841845,0.18142037231856797,-0.04374340862676541,0.697824141595846,-0.5946919678164199,-1.4345020915948083,1.421478726952682,0.2594372608313855,-1.5619197047151079,0.3799077478904802,-1.4433756729740643,1.4381309202948076,-0.7214900866993804,-0.7071067811865475,-0.7169777311937657,-0.3219436730739293,0.31465838776377636,-0.7201168211946403,0.6644986392449885,0.692820323027551,0.39528470752104716,-1.606438657804998,-1.5712256362470671,0.48304589153964783,-1.6034002731552304,0.6364458273405843,1.4433756729740643,0.6644986392449885,0.5808178695515155,-1.5712256362470671,0.13545709229571956,1,1.567489267387442,0.5808178695515155,4,4,-0.2939853896358032,0.1886582331580612,-0.3305116020647204,0.7952062255644573,0.7071067811865477,-1.2062824067924915,-0.7236921049769731,-1.2339883600452934,0.7071067811865476,-0.7801894976054942,-0.7952062255644575,-1.266831073287107,1.2339883600452934,-1.0141747588311316,-1.2339883600452934,-1.3322912594474225,-0.7071067811865475,-1.3066434376564755,-0.7952062255644575,0.7702962057920756,-0.697100061399229,-0.29362914074502894,0.7505866250408014,-0.7784161803042005,-1.3066434376564753,-1.2817398889233116,-1.3322912594474225,1.2679033218677906,0.8103804155521328,0.774796559793369,-1.355089606998247,-0.7801894976054942,0.5252257314388904,-0.32128063148280855,4,-0.532125540575977,-0.650443635587991,1.5374122295716148,-0.5614075543151804,0.6364458273405843,-0.6504436355879909,-1.6381247050570276,1.376930134057857,-0.6521390211351347,0.6880465120494014,1.6815428055498767,-1.496569123587275,0.6504436355879909,-1.5761953627828909,0.511237358145545,0.0,-0.5529034969755533,-1.5712256362470671,1.297125283482489,-1.5048939771136507,-0.6504434913084749,0.6504436355879908,-1.5374122295716148,-1.537412229571615,1.5712256362470671,-0.6625585964979888,1.5935538188500968,0.6504436355879909,-0.6014526837662519,1.5712256362470671,0.5946919678164199,0.5391638660171922,0.6168318932684945,-1.681542805549877,-0.6192793387082055,-0.8409249421994665,-1.6367432867871978,0.6644986392449885,-0.6224949798994368,-0.5808178695515155,1.2592514783450863,-1.537412229571615,0.6505344596812522,1.5408921788809073,-0.862248612055567,-1.592852821436611,0.6829670909172587,-1.377046616992424,-0.4111633679797368,1.6064386578049983,0.5808178695515155,1.5048939771136507,0.6364458273405843,0.6644986392449885,0.6364458273405843,-0.5740400451217759,1.5048939771136507,1.157779727107914,1.6468449901947924,-1.2110601416389968,-0.8569568250501305,1.1644523121920904,-0.12667976324336772,0.7952062255644573,1.1887150534341144,1.1669199319831565,-1.2222728509796579,1.2817398889233116,0.7653197277702213,-1.2817398889233116,-0.7801894976054942,-1.1887150534341144,-1.2369409068906594,-1.358732440973515,-1.3066434376564753,0.8103804155521328,-0.8257228238447706,0.692820323027551,-0.7263253763637697,0.30157210694052194,0.23592310161688426,-0.3132369220097268,0.30095482208885904,-0.039046346941754045,21,4,-1.7643663892408137,-1.3840879488723994,-0.6829249992655481,0.0,-0.2786932057166471,-0.0953462589245592,-0.2171861213815347,-0.13545709229571928,-0.3481553119113957,-0.511237358145545,-0.1933472978091327,-0.1354570922957193,4.183300132670379,-0.4252658742831209,-0.2970442628930023,0.48304589153964783,0.7071067811865477,-0.7071067811865475,-0.43994134506405985,1
VAR_001881,0.17736672954299482,-0.6585818178091188,-0.4754022694216253,-0.3686717382281976,-0.3724714968566105,-0.40638550608250745,-0.453510560945694,-0.28948772244723936,-0.35069100184405516,-0.27628609734280557,1.0227167719263248,16,-0.2524638143380212,-0.13390012800142995,0.2594372608313855,-0.19045630171289915,-0.21844944461841845,0.18142037231856797,-0.04374340862676541,-1.442269929462533,1.681542805549877,0.747975444852206,-0.706850021142412,0.2594372608313855,-1.5619197047151079,0.3799077478904802,0.692820323027551,-0.7023478730193123,1.3860204297119676,-0.7071067811865475,-0.7169777311937657,2.730433280709354,0.31465838776377636,-0.7201168211946403,0.6644986392449885,0.692820323027551,0.39528470752104716,0.6224949798994368,0.6364458273405843,0.48304589153964783,0.6294646824620143,0.6364458273405843,-0.692820323027551,0.6644986392449885,0.5808178695515155,0.6364458273405843,0.13545709229571956,7,-0.6441828121668849,0.5808178695515155,3,3,-0.5944892164904296,0.2190818716503158,0.16528752228858734,0.7952062255644573,0.7071067811865477,1.061714561457424,-0.7236921049769731,-1.2339883600452934,-1.414213562373095,-0.7801894976054942,-0.7952062255644575,-1.266831073287107,1.2339883600452934,-1.0141747588311316,0.8103804155521328,0.7505866250408014,-0.7071067811865475,0.7653197277702214,-0.7952062255644575,0.7702962057920756,-0.697100061399229,-0.33452052616620537,0.7505866250408014,-0.7784161803042005,-1.3066434376564753,-1.2817398889233116,-1.3322912594474225,-0.8038480050980997,0.8103804155521328,0.774796559793369,0.744789942196904,-0.7801894976054942,0.5252257314388904,-0.2858108337269177,3,2.1865126292574644,-0.650443635587991,-0.650443635587991,-0.5614075543151804,0.6364458273405843,-0.6504436355879909,0.6224942905893636,-0.04317640632301402,-0.6521390211351347,0.6143345887403254,-0.5946919678164198,0.5541574035725814,0.6504436355879909,0.6363702064530034,0.511237358145545,0.0,-0.5529034969755533,0.6364458273405843,-0.036104816082660626,0.6644986392449885,-0.6504434913084749,0.6504436355879908,0.6504436355879908,0.6504436355879909,-0.6364458273405841,-0.6625585964979888,-0.6404697126766912,0.6504436355879909,-0.6014526837662519,-0.6364458273405841,0.5946919678164199,0.5391638660171922,0.6168318932684945,0.5946919678164199,-0.6192793387082055,-0.512827177935708,0.6177633762829701,0.6644986392449885,-0.6224949798994368,-0.5808178695515155,0.0,0.6504436355879909,0.6505344596812522,-0.6532842835829492,-0.42273371085728334,0.6344296941043057,0.6263405403167476,0.19844947412329558,-0.40084958818085237,-0.6224949798994368,0.5808178695515155,-0.6644986392449885,0.6364458273405843,0.6644986392449885,0.6364458273405843,-0.5740400451217759,-0.6644986392449885,-0.9420990827761717,-0.4007674703179512,-1.2110601416389968,-0.8569568250501305,1.1644523121920904,0.45124648961232794,-1.2575354264740253,-0.8412444993533732,1.1669199319831565,-0.18728517831360636,-0.7801894976054942,-1.3066434376564753,0.7801894976054942,1.2817398889233116,0.8412444993533732,0.8103161482138753,-1.358732440973515,0.7653197277702213,-1.2339883600452934,1.2110601416389966,0.692820323027551,0.2415999856431615,0.20561369758667808,0.24743114516800238,1.0289486874201743,0.5716707610708655,1.0774299150254543,16,10,0.5419769058890979,2.045237103021269,-0.6829249992655481,0.0,-0.2786932057166471,-0.0953462589245592,-0.2171861213815347,-0.13545709229571928,-0.3481553119113957,1.956038587687303,-0.1933472978091327,-0.1354570922957193,-0.23904572186687878,-0.4252658742831209,-0.2970442628930023,0.48304589153964783,-1.4142135623730951,1.4142135623730951,-0.43994134506405985,1
VAR_001846,-0.23617396497255258,1.8590026259132995,2.607005615152047,-0.2857870967339413,-0.3724714968569441,-0.4222811622031753,-0.44144880398791586,0.358063647201978,-0.3594419984350117,-0.3006999305084896,-0.5087184611042856,15,4.12527837918099,-0.13390012800142995,-3.8544964466377265,-1.1072515534294343,-0.21844944461841845,-5.904661536981884,-2.4116673894523633,-1.442269929462533,-0.5946919678164199,0.747975444852206,-0.706850021142412,-3.8544964466377265,-1.5619197047151079,0.3799077478904802,0.692820323027551,1.4381309202948076,-0.7214900866993804,1.4142135623730951,1.4087274236616798,7.504965220198988,-3.1780497164141424,1.4007099435177204,-1.5048939771136507,-1.4433756729740643,0.39528470752104716,-1.606438657804998,0.6364458273405843,0.48304589153964783,0.6294646824620143,-1.5712256362470671,-0.692820323027551,0.6644986392449885,0.5808178695515155,-1.5712256362470671,0.13545709229571956,4,-0.6441828121668849,0.5808178695515155,2,2,-0.43710883514202786,0.11153462398934012,0.27341276653810104,-1.2575354264740253,-1.4142135623730951,-1.2062824067924915,-0.7236921049769731,0.8103804155521328,-1.414213562373095,-0.7801894976054942,1.2575354264740257,-1.266831073287107,1.2339883600452934,1.245970697341249,-1.2339883600452934,-1.3322912594474225,-0.7071067811865475,0.7653197277702214,-0.7952062255644575,0.7702962057920756,1.4628885360348514,3.025578504088457,0.7505866250408014,1.2959348548055658,0.7653197277702213,-1.2817398889233116,0.7505866250408014,1.2679033218677906,-1.2339883600452934,-1.302680371827691,0.744789942196904,1.2817398889233116,0.5252257314388904,3.479631678363288,2,1.293816612652559,-0.650443635587991,-0.650443635587991,-0.5614075543151804,-1.5712256362470671,1.5374122295716146,-1.6381247050570276,1.4269847413304884,-0.6521390211351347,0.6880465120494014,1.6815428055498767,-1.496569123587275,-1.537412229571615,0.6363702064530034,0.511237358145545,0.0,-0.5529034969755533,0.6364458273405843,-1.2514633102014774,0.6644986392449885,1.537627832978164,-1.5374122295716148,0.6504436355879908,0.6504436355879909,-0.6364458273405841,1.5245174993067014,1.5935538188500968,-1.537412229571615,-0.6014526837662519,-0.6364458273405841,-1.681542805549877,0.5391638660171922,-1.6383189672381482,0.5946919678164199,1.6332105135219068,-0.8409249421994665,-1.6367432867871978,0.6644986392449885,-0.6224949798994368,-0.5808178695515155,-1.2592514783450863,-1.537412229571615,0.6505344596812522,1.5408921788809073,-0.862248612055567,-1.592852821436611,-1.5368939106296922,1.1260663997188436,-0.4091844623284684,1.6064386578049983,-1.7217101133134212,-0.6644986392449885,-1.5712256362470671,-1.5048939771136507,0.6364458273405843,-0.5740400451217759,-0.6644986392449885,1.157779727107914,-0.18151959953954563,0.8257228238447705,-0.8569568250501305,1.1644523121920904,-0.5498244202739125,0.7952062255644573,-0.8412444993533732,-0.8569568250501305,-1.2222728509796579,-0.7801894976054942,0.7653197277702213,-1.2817398889233116,-0.7801894976054942,-1.1887150534341144,-1.2369409068906594,-1.358732440973515,-1.3066434376564753,0.8103804155521328,-0.8257228238447706,0.692820323027551,0.2415999856431615,0.45961603869494483,0.24743114516800238,0.24263027331782883,0.053787554949430945,-0.264734477218547,19,19,0.34746602557693657,1.3593720926425352,2.048774997796644,0.0,-0.2786932057166471,-0.0953462589245592,-0.2171861213815347,-0.13545709229571928,-0.3481553119113957,-0.511237358145545,-0.1933472978091327,-0.1354570922957193,-0.23904572186687878,-0.4252658742831209,-0.2970442628930023,0.48304589153964783,0.7071067811865477,-0.7071067811865475,-0.43994134506405985,0
VAR_001790,-0.3285072330057455,-0.5793579411726374,-0.5129073476373872,-0.1384938954687089,-0.3724599942825626,-0.3830928629603536,-0.2798676914747405,0.7615408600544507,-0.3617917410460757,-0.27628609734280557,-0.5931958649452614,10,-0.2524638143380212,-0.13390012800142995,0.2594372608313855,-0.19045630171289915,-0.21844944461841845,0.18142037231856797,-0.04374340862676541,-1.442269929462533,-0.5946919678164199,-1.4345020915948083,-0.706850021142412,0.2594372608313855,0.6474964831522124,0.3799077478904802,-1.4433756729740643,1.4381309202948076,1.3860204297119676,-0.7071067811865475,1.4087274236616798,-0.3205450765751715,0.31465838776377636,-0.7201168211946403,-1.5048939771136507,0.692820323027551,0.39528470752104716,0.6224949798994368,0.6364458273405843,0.48304589153964783,0.6294646824620143,0.6364458273405843,-0.692820323027551,0.6644986392449885,0.5808178695515155,0.6364458273405843,0.13545709229571956,7,-0.6441828121668849,0.5808178695515155,3,3,0.670166299317257,0.5153857085383695,0.16528752228858734,0.7952062255644573,0.7071067811865477,0.23963461650811477,-0.7236921049769731,0.8103804155521328,0.7071067811865476,-0.7801894976054942,-0.7952062255644575,0.8044359715257337,-0.8103804155521329,-0.32093834618342654,0.8103804155521328,0.7505866250408014,-0.7071067811865475,0.7653197277702214,-0.7952062255644575,0.7702962057920756,-0.697100061399229,-0.3347234619027419,0.7505866250408014,-0.7784161803042005,0.7653197277702213,0.7801894976054942,0.7505866250408014,-0.8038480050980997,0.8103804155521328,0.774796559793369,0.744789942196904,-0.7801894976054942,0.5252257314388904,-0.2858108337269177,3,-0.4980079987053652,-0.650443635587991,1.5374122295716148,1.802050469054741,-1.5712256362470671,1.5374122295716146,0.6224942905893636,-1.2751308726354238,-0.6521390211351347,-1.607896063705626,-0.5946919678164198,-1.496569123587275,-1.537412229571615,0.6363702064530034,0.511237358145545,0.0,-0.5529034969755533,0.6364458273405843,-1.2514633102014774,0.6644986392449885,1.537627832978164,0.6504436355879908,0.6504436355879908,0.6504436355879909,-0.6364458273405841,-0.6625585964979888,-0.6750400534673922,0.6504436355879909,-0.6014526837662519,1.5712256362470671,-1.681542805549877,-1.854723699099141,-1.6383189672381482,-1.681542805549877,-0.6192793387082055,-0.8409249421994665,-1.6367432867871978,0.6644986392449885,-0.6224949798994368,1.7217101133134212,1.2592514783450863,0.6504436355879909,0.6505344596812522,1.4094194462520666,1.7388838791286854,0.6344296941043057,-1.5368939106296922,1.1260663997188436,-0.40911284855204966,1.6064386578049983,0.5808178695515155,1.5048939771136507,0.6364458273405843,0.6644986392449885,0.6364458273405843,-0.5740400451217759,1.5048939771136507,-0.5962935460936415,-0.3864434311603601,0.8257228238447705,-0.8569568250501305,0.010878735949195884,-0.18088445269715026,0.7952062255644573,-0.8412444993533732,-0.8569568250501305,0.8327661506688665,-0.7801894976054942,0.7653197277702213,0.7801894976054942,-0.7801894976054942,0.8412444993533732,0.8103161482138753,0.7359800721939873,0.7653197277702213,0.8103804155521328,-0.8257228238447706,0.692820323027551,0.2415999856431615,0.45961603869494483,0.24743114516800238,0.3951291582347655,-0.12932682890397534,0.9996835312926564,7,17,-0.7640247190639844,-0.6982229384936658,2.048774997796644,0.0,-0.2786932057166471,-0.0953462589245592,-0.2171861213815347,-0.13545709229571928,-0.3481553119113957,-0.511237358145545,-0.1933472978091327,-0.1354570922957193,-0.23904572186687878,-0.4252658742831209,-0.2970442628930023,0.48304589153964783,-1.4142135623730951,1.4142135623730951,2.273030282830976,1
VAR_001968,-0.32785302861359233,0.1344084742823795,-0.4877064901567835,0.39274570178292684,-0.37076817338417883,-0.38738675520226795,-0.44833458071615145,-0.29589557012774687,-0.3485290345305822,-0.3011046343502979,-0.5774010551726387,29,-0.2524638143380212,-0.13390012800142995,0.2594372608313855,-0.19045630171289915,-0.21844944461841845,0.18142037231856797,-0.04374340862676541,-1.442269929462533,-0.5946919678164199,-1.4345020915948083,-0.706850021142412,0.2594372608313855,-1.5619197047151079,0.3799077478904802,-1.4433756729740643,-0.7023478730193123,-0.7214900866993804,-0.7071067811865475,-0.7169777311937657,-0.31996065198618817,0.31465838776377636,1.4007099435177204,0.6644986392449885,-1.4433756729740643,0.39528470752104716,0.6224949798994368,-1.5712256362470671,-2.0701966780270626,0.6294646824620143,-1.5712256362470671,1.4433756729740643,0.6644986392449885,-1.7217101133134212,0.6364458273405843,0.13545709229571956,3,1.567489267387442,-1.7217101133134212,0,0,-0.7144277472935896,0.1674063779157234,1.55305801437865,0.7952062255644573,-1.4142135623730951,1.061714561457424,1.3858480726431406,-1.2339883600452934,-1.414213562373095,1.2817398889233116,1.2575354264740257,-1.266831073287107,1.2339883600452934,-1.0141747588311316,0.8103804155521328,-1.3322912594474225,1.4142135623730951,0.7653197277702214,-0.7952062255644575,0.7702962057920756,-0.6951440377247239,-0.23615680083203314,-1.3322912594474225,-0.7784161803042005,0.7653197277702213,0.7801894976054942,-1.3322912594474225,-0.8038480050980997,-1.2339883600452934,-1.302680371827691,-1.355089606998247,1.2817398889233116,-1.9039432764659776,0.8524263211123088,0,-0.3818607603728439,-0.650443635587991,1.5374122295716148,-0.5614075543151804,-1.5712256362470671,-0.6504436355879909,-1.6381247050570276,-1.3480350859180528,-0.6521390211351347,-1.607896063705626,1.6815428055498767,0.7957229955396,0.6504436355879909,0.6363702064530034,0.511237358145545,0.0,-0.5529034969755533,0.6364458273405843,-1.2514633102014774,0.6644986392449885,1.537627832978164,0.6504436355879908,0.6504436355879908,0.6504436355879909,1.5712256362470671,1.5245174993067014,1.5935538188500968,0.6504436355879909,-0.6014526837662519,-0.6364458273405841,0.5946919678164199,0.5391638660171922,0.6168318932684945,-1.681542805549877,1.6332105135219068,1.4895004907652145,-1.6367432867871978,0.6644986392449885,-0.6224949798994368,1.7217101133134212,1.2592514783450863,-1.537412229571615,-1.537411885367203,-0.6532842835829492,-0.862248612055567,0.6344296941043057,-1.5368939106296922,1.1260663997188436,4.023930781778347,-0.6224949798994368,0.5808178695515155,1.5048939771136507,0.6364458273405843,0.6644986392449885,-1.5712256362470671,-0.5740400451217759,-0.6644986392449885,-0.2504880094111112,-0.4007097288067012,-1.2110601416389968,-0.8569568250501305,-1.0442039247995167,0.1793832545938754,0.7952062255644573,1.1887150534341144,1.1669199319831565,-1.2222728509796579,-0.7801894976054942,-1.3066434376564753,0.7801894976054942,-0.7801894976054942,0.8412444993533732,0.8103161482138753,-1.358732440973515,-1.3066434376564753,0.8103804155521328,-0.8257228238447706,-1.4433756729740643,0.054062379036907734,0.3700855330054541,0.1966195078661318,0.9962747789394142,0.0949079181732434,0.8850843660419705,17,13,-0.3750029584396622,1.3593720926425352,-0.6829249992655481,0.0,-0.2786932057166471,-0.0953462589245592,-0.2171861213815347,-0.13545709229571928,-0.3481553119113957,1.956038587687303,-0.1933472978091327,-0.1354570922957193,-0.23904572186687878,-0.4252658742831209,-0.2970442628930023,-2.0701966780270626,0.7071067811865477,-0.7071067811865475,-0.43994134506405985,1
VAR_001948,-0.32807637809301443,1.8613550732156676,-0.5119032869590391,-0.3686897435732892,1.9709787396648595,-0.4231600181214311,-0.45343739990821097,-0.2973839557669749,-0.33652281669456086,-0.27628609734280557,-0.5231684965820651,9,-0.2524638143380212,-0.13390012800142995,0.2594372608313855,-0.19045630171289915,-0.21844944461841845,0.18142037231856797,-0.04374340862676541,0.697824141595846,1.681542805549877,-1.4345020915948083,1.421478726952682,0.2594372608313855,0.6474964831522124,-2.6322179675268975,0.692820323027551,-0.7023478730193123,1.3860204297119676,1.4142135623730951,-0.7169777311937657,-0.3219431269804534,-3.1780497164141424,-0.7201168211946403,-1.5048939771136507,-1.4433756729740643,0.39528470752104716,0.6224949798994368,0.6364458273405843,-2.0701966780270626,0.6294646824620143,-1.5712256362470671,1.4433756729740643,0.6644986392449885,-1.7217101133134212,-1.5712256362470671,0.13545709229571956,3,-0.6441828121668849,-1.7217101133134212,4,4,0.6561261892700874,0.38462069124924375,0.16528752228858734,0.7952062255644573,-1.4142135623730951,1.061714561457424,1.3858480726431406,0.8103804155521328,0.7071067811865476,1.2817398889233116,-0.7952062255644575,0.8044359715257337,1.2339883600452934,-1.0141747588311316,0.8103804155521328,0.7505866250408014,-0.7071067811865475,-1.3066434376564755,1.2575354264740257,0.7702962057920756,-0.697100061399229,-0.3416557242257775,0.7505866250408014,-0.7784161803042005,-1.3066434376564753,-1.2817398889233116,0.7505866250408014,1.2679033218677906,-1.2339883600452934,0.774796559793369,0.744789942196904,-0.7801894976054942,-1.9039432764659776,0.44187139411075804,4,-0.45894126057453416,-0.650443635587991,-0.650443635587991,-0.5614075543151804,0.6364458273405843,-0.6504436355879909,0.6224942905893636,-0.04317640632301402,-0.6521390211351347,0.6143345887403254,-0.5946919678164198,0.5541574035725814,0.6504436355879909,0.6363702064530034,0.511237358145545,0.0,-0.5529034969755533,0.6364458273405843,-0.036104816082660626,0.6644986392449885,-0.6504434913084749,0.6504436355879908,0.6504436355879908,0.6504436355879909,-0.6364458273405841,-0.6625585964979888,-0.6404697126766912,0.6504436355879909,-0.6014526837662519,-0.6364458273405841,0.5946919678164199,0.5391638660171922,0.6168318932684945,0.5946919678164199,-0.6192793387082055,-0.512827177935708,0.6177633762829701,0.6644986392449885,-0.6224949798994368,-0.5808178695515155,0.0,0.6504436355879909,0.6505344596812522,-0.6532842835829492,-0.42273371085728334,0.6344296941043057,0.6263405403167476,0.19844947412329558,-0.40084958818085237,-0.6224949798994368,0.5808178695515155,-0.6644986392449885,0.6364458273405843,0.6644986392449885,0.6364458273405843,-0.5740400451217759,-0.6644986392449885,1.157779727107914,-0.40113194251996953,-1.2110601416389968,-0.8569568250501305,1.1644523121920904,-0.36360255942789566,0.7952062255644573,-0.8412444993533732,1.1669199319831565,0.8431093201460879,-0.7801894976054942,0.7653197277702213,0.7801894976054942,-0.7801894976054942,0.8412444993533732,0.8103161482138753,0.7359800721939873,0.7653197277702213,0.8103804155521328,-0.8257228238447706,-1.4433756729740643,0.2415999856431615,0.293544625760619,0.23295848813584707,0.4418198776078629,0.446891178926891,-0.21645987003210856,22,17,-0.6250883759838695,-1.3840879488723994,-0.6829249992655481,0.0,-0.2786932057166471,-0.0953462589245592,-0.2171861213815347,-0.13545709229571928,-0.3481553119113957,-0.511237358145545,-0.1933472978091327,-0.1354570922957193,-0.23904572186687878,-0.4252658742831209,-0.2970442628930023,0.48304589153964783,0.7071067811865477,-0.7071067811865475,2.273030282830976,1
VAR_001893,-0.32364107751486904,1.230330475633195,-0.4052340833599192,-0.33694985735114613,-0.24986998173244268,-0.4233955520709247,-0.37358553104469866,-0.2973839435422595,1.5276285674214862,-0.2866174691175259,-0.5585255105963775,2,-0.2524638143380212,5.272656942672731,-3.8544964466377265,3.000492254448846,-0.21844944461841845,0.18142037231856797,-2.4116673894523633,0.697824141595846,-0.5946919678164199,0.747975444852206,1.421478726952682,0.2594372608313855,-1.5619197047151079,-2.6322179675268975,-1.4433756729740643,-0.7023478730193123,-0.7214900866993804,-0.7071067811865475,1.4087274236616798,-0.3219421104158642,-3.1780497164141424,-0.7201168211946403,-1.5048939771136507,-1.4433756729740643,-2.529822128134703,0.6224949798994368,-1.5712256362470671,-2.0701966780270626,-1.6034002731552304,-1.5712256362470671,-0.692820323027551,0.6644986392449885,-1.7217101133134212,0.6364458273405843,0.13545709229571956,3,-0.6441828121668849,-1.7217101133134212,3,3,0.1329346827684221,0.348480865429265,0.16528752228858734,-1.2575354264740253,-1.4142135623730951,-0.44278433578773774,1.3858480726431406,-1.2339883600452934,0.7071067811865476,-0.7801894976054942,-0.7952062255644575,0.8044359715257337,-0.8103804155521329,-1.0141747588311316,0.8103804155521328,-1.3322912594474225,-0.7071067811865475,-1.3066434376564755,1.2575354264740257,0.7702962057920756,1.4628885360348514,-0.33886707977200237,-1.3322912594474225,-0.7784161803042005,0.7653197277702213,-1.2817398889233116,0.7505866250408014,-0.8038480050980997,0.8103804155521328,0.774796559793369,-1.355089606998247,1.2817398889233116,0.5252257314388904,-0.2858108337269177,3,-0.49782708084567606,-0.650443635587991,-0.650443635587991,-0.5614075543151804,0.6364458273405843,-0.6504436355879909,0.6224942905893636,-0.04317640632301402,-0.6521390211351347,0.6143345887403254,-0.5946919678164198,0.5541574035725814,0.6504436355879909,0.6363702064530034,0.511237358145545,0.0,-0.5529034969755533,0.6364458273405843,-0.036104816082660626,0.6644986392449885,-0.6504434913084749,0.6504436355879908,0.6504436355879908,0.6504436355879909,-0.6364458273405841,-0.6625585964979888,-0.6404697126766912,0.6504436355879909,-0.6014526837662519,-0.6364458273405841,0.5946919678164199,0.5391638660171922,0.6168318932684945,0.5946919678164199,-0.6192793387082055,-0.512827177935708,0.6177633762829701,0.6644986392449885,-0.6224949798994368,-0.5808178695515155,0.0,0.6504436355879909,0.6505344596812522,-0.6532842835829492,-0.42273371085728334,0.6344296941043057,0.6263405403167476,0.19844947412329558,-0.40084958818085237,-0.6224949798994368,0.5808178695515155,-0.6644986392449885,0.6364458273405843,0.6644986392449885,0.6364458273405843,-0.5740400451217759,-0.6644986392449885,1.157779727107914,-0.40130827764114674,-1.2110601416389968,1.1669199319831565,1.1298281635126293,0.4497333419846404,-1.2575354264740253,-0.8412444993533732,-0.8569568250501305,0.8431093201460879,1.2817398889233116,0.7653197277702213,-1.2817398889233116,-0.7801894976054942,0.8412444993533732,-1.2369409068906594,0.7359800721939873,0.7653197277702213,0.8103804155521328,1.2110601416389966,0.692820323027551,0.11722261551540948,0.27188387598956393,0.24743114516800238,0.14389832181056372,0.1901549262713749,1.0565687654860385,0,21,-0.3194284212076161,0.6735070822638015,0.6829249992655481,0.0,-0.2786932057166471,-0.0953462589245592,-0.2171861213815347,-0.13545709229571928,-0.3481553119113957,1.956038587687303,-0.1933472978091327,-0.1354570922957193,-0.23904572186687878,-0.4252658742831209,-0.2970442628930023,0.48304589153964783,0.7071067811865477,-0.7071067811865475,-0.43994134506405985,1
VAR_001844,-0.3255188935355386,-0.5580157363811974,0.6850009395937467,-0.09603281717810438,-0.28853723982640006,-0.423411217591349,-0.4500702578673541,-0.2578165513485971,-0.36168759261200095,-0.0416251584287779,-0.592112703120981,16,-0.2524638143380212,-0.13390012800142995,0.2594372608313855,-0.19045630171289915,-0.21844944461841845,0.18142037231856797,-0.04374340862676541,0.697824141595846,1.681542805549877,-1.4345020915948083,-0.706850021142412,0.2594372608313855,0.6474964831522124,0.3799077478904802,-1.4433756729740643,1.4381309202948076,-0.7214900866993804,1.4142135623730951,-0.7169777311937657,-0.2982583310314651,0.31465838776377636,-0.7201168211946403,-1.5048939771136507,0.692820323027551,0.39528470752104716,0.6224949798994368,0.6364458273405843,0.48304589153964783,-1.6034002731552304,0.6364458273405843,1.4433756729740643,0.6644986392449885,0.5808178695515155,0.6364458273405843,0.13545709229571956,3,-0.6441828121668849,0.5808178695515155,3,3,0.01179184023624814,0.022378314653813732,0.1278011006230495,0.7952062255644573,0.7071067811865477,1.061714561457424,1.3858480726431406,0.8103804155521328,0.7071067811865476,1.2817398889233116,-0.7952062255644575,-1.266831073287107,-0.8103804155521329,1.245970697341249,-1.2339883600452934,-1.3322912594474225,-0.7071067811865475,0.7653197277702214,-0.7952062255644575,-1.3057907127551411,-0.697100061399229,0.2856638493530888,-1.3322912594474225,-0.7784161803042005,-1.3066434376564753,0.7801894976054942,-1.3322912594474225,-0.8038480050980997,-1.2339883600452934,-1.302680371827691,0.744789942196904,1.2817398889233116,0.5252257314388904,-0.3205794765835883,3,-0.5324381290142038,1.5374122295716148,1.5374122295716148,1.802050469054741,-1.5712256362470671,1.5374122295716146,0.6224942905893636,-0.6839245101066233,-0.6521390211351347,-1.607896063705626,-0.5946919678164198,0.7957229955396,0.6504436355879909,-1.5761953627828909,0.511237358145545,0.0,-0.5529034969755533,0.6364458273405843,-1.2514633102014774,-1.5048939771136507,1.537627832978164,0.6504436355879908,0.6504436355879908,0.6504436355879909,1.5712256362470671,1.5245174993067014,1.5935538188500968,-1.537412229571615,1.6784307539552568,-0.6364458273405841,0.5946919678164199,-1.854723699099141,-1.6383189672381482,0.5946919678164199,-0.6192793387082055,-0.8409249421994665,-1.6367432867871978,-1.5048939771136507,1.6064386578049983,-0.5808178695515155,-1.2592514783450863,0.6504436355879909,-1.537411885367203,-0.6532842835829492,0.7364931073483252,-1.592852821436611,-1.5368939106296922,-1.377046616992424,-0.41124322608378394,-0.6224949798994368,0.5808178695515155,1.5048939771136507,-1.5712256362470671,-1.5048939771136507,0.6364458273405843,1.7855442753082797,1.5048939771136507,1.157779727107914,-0.3933641105535119,-1.2110601416389968,-0.8569568250501305,-1.1205975460487723,-0.5498398755934193,-1.2575354264740253,-0.8412444993533732,1.1669199319831565,-1.2222728509796579,-0.7801894976054942,-1.3066434376564753,0.7801894976054942,1.2817398889233116,-1.1887150534341144,-1.2369409068906594,-1.358732440973515,0.7653197277702213,0.8103804155521328,1.2110601416389966,0.692820323027551,0.18510961082110014,0.2880086192029153,0.24743114516800238,0.9119921937747176,0.34296608576281556,1.0019100870427688,16,14,1.1810840840576273,-0.6982229384936658,0.6829249992655481,0.0,-0.2786932057166471,-0.0953462589245592,-0.2171861213815347,-0.13545709229571928,-0.3481553119113957,-0.511237358145545,5.1720402163943,-0.1354570922957193,-0.23904572186687878,-0.4252658742831209,-0.2970442628930023,0.48304589153964783,0.7071067811865477,1.4142135623730951,-0.43994134506405985,1
VAR_001780,0.8279737305120651,-0.6591034255550116,-0.3721031981929354,-0.3686841812738319,-0.3721577941488414,3.3421814561408305,-0.45348958074113876,-0.2973837613760593,-0.35815976922287823,-0.27628609734280557,1.4232787391487094,10,-0.2524638143380212,-0.13390012800142995,0.2594372608313855,-0.19045630171289915,-0.21844944461841845,0.18142037231856797,-0.04374340862676541,0.697824141595846,-0.5946919678164199,0.6813100046641409,-0.706850021142412,0.2594372608313855,0.6474964831522124,0.3799077478904802,0.692820323027551,-0.7023478730193123,-0.7214900866993804,-0.7071067811865475,-0.7169777311937657,-0.30143249075645984,0.31465838776377636,-0.7201168211946403,0.6644986392449885,-1.4433756729740643,-2.529822128134703,0.6224949798994368,-1.5712256362470671,-2.0701966780270626,0.6294646824620143,-1.5712256362470671,1.4433756729740643,-1.5048939771136507,-1.7217101133134212,0.6364458273405843,0.13545709229571956,3,-0.6441828121668849,0.5808178695515155,2,2,0.46249593595945354,0.2891015271072644,0.16528752228858734,0.7952062255644573,0.7071067811865477,0.23963461650811477,-0.7236921049769731,0.8103804155521328,0.7071067811865476,-0.7801894976054942,-0.7952062255644575,0.8044359715257337,-0.8103804155521329,-0.32093834618342654,0.8103804155521328,0.7505866250408014,-0.7071067811865475,0.7653197277702214,-0.7952062255644575,0.7702962057920756,-0.697100061399229,-0.3347234619027419,0.7505866250408014,-0.7784161803042005,0.7653197277702213,0.7801894976054942,0.7505866250408014,-0.8038480050980997,0.8103804155521328,0.774796559793369,0.744789942196904,-0.7801894976054942,0.5252257314388904,-0.2858108337269177,2,0.9392567102074213,-0.650443635587991,-0.650443635587991,-0.5614075543151804,0.6364458273405843,-0.6504436355879909,0.6224942905893636,-0.04317640632301402,-0.6521390211351347,0.6143345887403254,-0.5946919678164198,0.5541574035725814,0.6504436355879909,0.6363702064530034,0.511237358145545,0.0,-0.5529034969755533,0.6364458273405843,-0.036104816082660626,0.6644986392449885,-0.6504434913084749,0.6504436355879908,0.6504436355879908,0.6504436355879909,-0.6364458273405841,-0.6625585964979888,-0.6404697126766912,0.6504436355879909,-0.6014526837662519,-0.6364458273405841,0.5946919678164199,0.5391638660171922,0.6168318932684945,0.5946919678164199,-0.6192793387082055,-0.512827177935708,0.6177633762829701,0.6644986392449885,-0.6224949798994368,-0.5808178695515155,0.0,0.6504436355879909,0.6505344596812522,-0.6532842835829492,-0.42273371085728334,0.6344296941043057,0.6263405403167476,0.19844947412329558,-0.40084958818085237,-0.6224949798994368,0.5808178695515155,-0.6644986392449885,0.6364458273405843,0.6644986392449885,0.6364458273405843,-0.5740400451217759,-0.6644986392449885,-0.5962935460936415,-0.3864434311603601,0.8257228238447705,-0.8569568250501305,0.010878735949195884,-0.18088445269715026,0.7952062255644573,-0.8412444993533732,-0.8569568250501305,0.8327661506688665,-0.7801894976054942,0.7653197277702213,0.7801894976054942,-0.7801894976054942,0.8412444993533732,0.8103161482138753,0.7359800721939873,0.7653197277702213,0.8103804155521328,-0.8257228238447706,0.692820323027551,0.11044272828972906,0.4149677141489726,0.12716808187197515,-0.06354720359304623,-0.42083459083519265,-0.16192967896357952,0,4,-1.097471942456261,-0.6982229384936658,-0.6829249992655481,0.0,-0.2786932057166471,-0.0953462589245592,4.604345773288536,-0.13545709229571928,-0.3481553119113957,-0.511237358145545,-0.1933472978091327,-0.1354570922957193,-0.23904572186687878,-0.4252658742831209,-0.2970442628930023,0.48304589153964783,0.7071067811865477,1.4142135623730951,2.273030282830976,1
VAR_001847,-0.32551482639641294,1.8427752665216643,-0.5097866760542563,6.1074162223376565,-0.3723115575900468,-0.3394060391895274,0.1507461938327061,-0.29738392985748446,-0.3578901392444302,-0.27628609734280557,0.245670777497589,19,-0.2524638143380212,-0.13390012800142995,0.2594372608313855,-0.19045630171289915,-0.21844944461841845,0.18142037231856797,-0.04374340862676541,-1.442269929462533,-0.5946919678164199,-1.4345020915948083,1.421478726952682,0.2594372608313855,-1.5619197047151079,-2.6322179675268975,-1.4433756729740643,-0.7023478730193123,-0.7214900866993804,1.4142135623730951,1.4087274236616798,1.0001707310933008,0.31465838776377636,1.4007099435177204,-1.5048939771136507,0.692820323027551,0.39528470752104716,-1.606438657804998,-1.5712256362470671,0.48304589153964783,0.6294646824620143,-1.5712256362470671,-0.692820323027551,-1.5048939771136507,-1.7217101133134212,-1.5712256362470671,0.13545709229571956,1,-0.6441828121668849,0.5808178695515155,3,3,-0.5823929673209655,-0.09167473290752712,0.32645155587538754,0.7952062255644573,0.7071067811865477,1.061714561457424,-0.7236921049769731,0.8103804155521328,-1.414213562373095,1.2817398889233116,1.2575354264740257,0.8044359715257337,-0.8103804155521329,1.245970697341249,-1.2339883600452934,0.7505866250408014,-0.7071067811865475,0.7653197277702214,1.2575354264740257,-1.3057907127551411,1.4628885360348514,-0.34165572429131713,-1.3322912594474225,-0.7784161803042005,-1.3066434376564753,-1.2817398889233116,0.7505866250408014,-0.8038480050980997,-1.2339883600452934,-1.302680371827691,0.744789942196904,1.2817398889233116,0.5252257314388904,-0.0946132887794807,3,-0.5131737990685552,1.5374122295716148,-0.650443635587991,-0.5614075543151804,0.6364458273405843,1.5374122295716146,-1.6381247050570276,-1.3447235500181636,1.5372849568475617,-0.543089800069116,-0.5946919678164198,-1.496569123587275,0.6504436355879909,0.6363702064530034,0.511237358145545,0.0,-0.5529034969755533,-1.5712256362470671,1.297125283482489,0.6644986392449885,-0.6504434913084749,0.6504436355879908,0.6504436355879908,0.6504436355879909,-0.6364458273405841,1.5245174993067014,1.5935538188500968,-1.537412229571615,1.6784307539552568,1.5712256362470671,-1.681542805549877,-1.854723699099141,0.6168318932684945,0.5946919678164199,1.6332105135219068,-0.8409249421994665,0.6177633762829701,0.6644986392449885,-0.6224949798994368,-0.5808178695515155,1.2592514783450863,0.6504436355879909,0.6505344596812522,1.5408921788809073,1.7388838791286854,0.6344296941043057,-1.5368939106296922,-1.377046616992424,0.18387035493915238,-0.6224949798994368,-1.7217101133134212,-0.6644986392449885,-1.5712256362470671,0.6644986392449885,0.6364458273405843,1.7855442753082797,1.5048939771136507,1.157779727107914,-0.4001064673130507,0.8257228238447705,1.1669199319831565,-1.1205975460487723,-0.5370664230929268,0.7952062255644573,1.1887150534341144,1.1669199319831565,0.8431093201460879,-0.7801894976054942,-1.3066434376564753,0.7801894976054942,1.2817398889233116,-1.1887150534341144,0.8103161482138753,-1.358732440973515,-1.3066434376564753,-1.2339883600452934,1.2110601416389966,-1.4433756729740643,0.15211938870250907,0.45961603869494483,0.18392907463720148,0.99158484388759,0.28984604249909246,0.9439459555872141,16,16,0.65312598035319,1.3593720926425352,-0.6829249992655481,0.0,-0.2786932057166471,-0.0953462589245592,-0.2171861213815347,-0.13545709229571928,-0.3481553119113957,1.956038587687303,-0.1933472978091327,-0.1354570922957193,-0.23904572186687878,-0.4252658742831209,-0.2970442628930023,0.48304589153964783,0.7071067811865477,-0.7071067811865475,-0.43994134506405985,1
VAR_001816,-0.32749398123824236,-0.6591066782178012,-0.5128362028108069,0.8589941916811535,-0.370898189400751,-0.4234115568188108,1.2433033486615257,-0.2973839557669749,-0.34686116825233726,-0.27628609734280557,-0.45889837317369536,16,-0.2524638143380212,-0.13390012800142995,0.2594372608313855,-0.19045630171289915,-0.21844944461841845,0.18142037231856797,-0.04374340862676541,0.697824141595846,-0.5946919678164199,0.6813100046641409,-0.706850021142412,0.2594372608313855,0.6474964831522124,0.3799077478904802,0.692820323027551,-0.7023478730193123,-0.7214900866993804,-0.7071067811865475,-0.7169777311937657,-0.30143249075645984,0.31465838776377636,-0.7201168211946403,0.6644986392449885,0.692820323027551,0.39528470752104716,0.6224949798994368,0.6364458273405843,0.48304589153964783,0.6294646824620143,0.6364458273405843,-0.692820323027551,0.6644986392449885,0.5808178695515155,0.6364458273405843,0.13545709229571956,7,-0.6441828121668849,0.5808178695515155,1,1,-0.0294987640638977,0.4413424188153894,0.26804994638869684,-1.2575354264740253,-1.4142135623730951,1.061714561457424,-0.7236921049769731,0.8103804155521328,-1.414213562373095,-0.7801894976054942,1.2575354264740257,-1.266831073287107,-0.8103804155521329,1.245970697341249,-1.2339883600452934,0.7505866250408014,1.4142135623730951,0.7653197277702214,-0.7952062255644575,-1.3057907127551411,-0.697100061399229,-0.34097398684692376,-1.3322912594474225,1.2959348548055658,0.7653197277702213,0.7801894976054942,-1.3322912594474225,1.2679033218677906,-1.2339883600452934,-1.302680371827691,-1.355089606998247,-0.7801894976054942,0.5252257314388904,-0.2858108337269177,1,-0.535988542190581,-0.650443635587991,-0.650443635587991,-0.5614075543151804,0.6364458273405843,-0.6504436355879909,0.6224942905893636,-0.04317640632301402,-0.6521390211351347,0.6143345887403254,-0.5946919678164198,0.5541574035725814,0.6504436355879909,0.6363702064530034,0.511237358145545,0.0,-0.5529034969755533,0.6364458273405843,-0.036104816082660626,0.6644986392449885,-0.6504434913084749,0.6504436355879908,0.6504436355879908,0.6504436355879909,-0.6364458273405841,-0.6625585964979888,-0.6404697126766912,0.6504436355879909,-0.6014526837662519,-0.6364458273405841,0.5946919678164199,0.5391638660171922,0.6168318932684945,0.5946919678164199,-0.6192793387082055,-0.512827177935708,0.6177633762829701,0.6644986392449885,-0.6224949798994368,-0.5808178695515155,0.0,0.6504436355879909,0.6505344596812522,-0.6532842835829492,-0.42273371085728334,0.6344296941043057,0.6263405403167476,0.19844947412329558,-0.40084958818085237,-0.6224949798994368,0.5808178695515155,-0.6644986392449885,0.6364458273405843,0.6644986392449885,0.6364458273405843,-0.5740400451217759,-0.6644986392449885,1.157779727107914,-0.40160978941184267,-1.2110601416389968,-0.8569568250501305,-1.1205975460487723,-0.5487653516688931,-1.2575354264740253,1.1887150534341144,-0.8569568250501305,-1.2222728509796579,-0.7801894976054942,-1.3066434376564753,0.7801894976054942,-0.7801894976054942,0.8412444993533732,0.8103161482138753,-1.358732440973515,-1.3066434376564753,0.8103804155521328,-0.8257228238447706,0.692820323027551,-0.024314696811595808,0.42543382451843603,0.24743114516800238,0.6987812260956111,0.617238714392562,0.8308782884337426,4,7,1.2366586212896735,-0.012357928114932163,-0.6829249992655481,0.0,3.588175023601831,-0.0953462589245592,-0.2171861213815347,-0.13545709229571928,-0.3481553119113957,-0.511237358145545,-0.1933472978091327,-0.1354570922957193,-0.23904572186687878,-0.4252658742831209,-0.2970442628930023,0.48304589153964783,-1.4142135623730951,1.4142135623730951,-0.43994134506405985,1
VAR_001923,-0.32052099466898415,-0.6178873950590471,-0.46628029494963774,-0.3637883392290882,-0.36536558736692926,-0.41843025597003786,-0.42443271488895634,-0.2801355691055888,-0.35842643800648516,-0.27628609734280557,-0.4787183097735646,8,-0.2524638143380212,-0.13390012800142995,0.2594372608313855,-0.19045630171289915,-0.21844944461841845,0.18142037231856797,-0.04374340862676541,0.697824141595846,-0.5946919678164199,0.6813100046641409,-0.706850021142412,0.2594372608313855,0.6474964831522124,0.3799077478904802,0.692820323027551,-0.7023478730193123,-0.7214900866993804,-0.7071067811865475,-0.7169777311937657,-0.30143249075645984,0.31465838776377636,-0.7201168211946403,0.6644986392449885,0.692820323027551,0.39528470752104716,0.6224949798994368,0.6364458273405843,0.48304589153964783,0.6294646824620143,0.6364458273405843,-0.692820323027551,0.6644986392449885,0.5808178695515155,0.6364458273405843,0.13545709229571956,7,-0.6441828121668849,0.5808178695515155,3,3,1.2303127142084493,0.9495628070216703,0.16528752228858734,0.7952062255644573,0.7071067811865477,0.23963461650811477,-0.7236921049769731,0.8103804155521328,0.7071067811865476,-0.7801894976054942,-0.7952062255644575,0.8044359715257337,-0.8103804155521329,-0.32093834618342654,0.8103804155521328,0.7505866250408014,-0.7071067811865475,0.7653197277702214,-0.7952062255644575,0.7702962057920756,-0.697100061399229,-0.3347234619027419,0.7505866250408014,-0.7784161803042005,0.7653197277702213,0.7801894976054942,0.7505866250408014,-0.8038480050980997,0.8103804155521328,0.774796559793369,0.744789942196904,-0.7801894976054942,0.5252257314388904,-0.2858108337269177,3,-0.4972765340376519,-0.650443635587991,-0.650443635587991,-0.5614075543151804,0.6364458273405843,-0.6504436355879909,0.6224942905893636,-0.04317640632301402,-0.6521390211351347,0.6143345887403254,-0.5946919678164198,0.5541574035725814,0.6504436355879909,0.6363702064530034,0.511237358145545,0.0,-0.5529034969755533,0.6364458273405843,-0.036104816082660626,0.6644986392449885,-0.6504434913084749,0.6504436355879908,0.6504436355879908,0.6504436355879909,-0.6364458273405841,-0.6625585964979888,-0.6404697126766912,0.6504436355879909,-0.6014526837662519,-0.6364458273405841,0.5946919678164199,0.5391638660171922,0.6168318932684945,0.5946919678164199,-0.6192793387082055,-0.512827177935708,0.6177633762829701,0.6644986392449885,-0.6224949798994368,-0.5808178695515155,0.0,0.6504436355879909,0.6505344596812522,-0.6532842835829492,-0.42273371085728334,0.6344296941043057,0.6263405403167476,0.19844947412329558,-0.40084958818085237,-0.6224949798994368,0.5808178695515155,-0.6644986392449885,0.6364458273405843,0.6644986392449885,0.6364458273405843,-0.5740400451217759,-0.6644986392449885,-0.5962935460936415,-0.3864434311603601,0.8257228238447705,-0.8569568250501305,0.010878735949195884,-0.18088445269715026,0.7952062255644573,-0.8412444993533732,-0.8569568250501305,0.8327661506688665,-0.7801894976054942,0.7653197277702213,0.7801894976054942,-0.7801894976054942,0.8412444993533732,0.8103161482138753,0.7359800721939873,0.7653197277702213,0.8103804155521328,-0.8257228238447706,0.692820323027551,0.010256911328837836,-1.338881693150131,0.1857429592627114,1.3045449461713237,0.45987293522052314,0.9754257312288868,7,17,-0.7640247190639844,-0.6982229384936658,2.048774997796644,0.0,-0.2786932057166471,-0.0953462589245592,-0.2171861213815347,-0.13545709229571928,-0.3481553119113957,-0.511237358145545,-0.1933472978091327,-0.1354570922957193,-0.23904572186687878,-0.4252658742831209,-0.2970442628930023,0.48304589153964783,-1.4142135623730951,-0.7071067811865475,-0.43994134506405985,1
VAR_001842,-0.32052099466898415,-0.6178873950590471,-0.46628029494963774,-0.3637883392290882,-0.36536558736692926,-0.41843025597003786,-0.42443271488895634,-0.2801355691055888,-0.35842643800648516,-0.27628609734280557,-0.4787183097735646,8,-0.2524638143380212,-0.13390012800142995,0.2594372608313855,-0.19045630171289915,-0.21844944461841845,0.18142037231856797,-0.04374340862676541,0.697824141595846,-0.5946919678164199,0.6813100046641409,-0.706850021142412,0.2594372608313855,0.6474964831522124,0.3799077478904802,0.692820323027551,-0.7023478730193123,-0.7214900866993804,-0.7071067811865475,-0.7169777311937657,-0.30143249075645984,0.31465838776377636,-0.7201168211946403,0.6644986392449885,0.692820323027551,0.39528470752104716,0.6224949798994368,0.6364458273405843,0.48304589153964783,0.6294646824620143,0.6364458273405843,-0.692820323027551,0.6644986392449885,0.5808178695515155,0.6364458273405843,0.13545709229571956,7,-0.6441828121668849,0.5808178695515155,4,4,-0.2421401394638866,-0.5708887424461742,0.16528752228858734,0.7952062255644573,0.7071067811865477,0.23963461650811477,-0.7236921049769731,0.8103804155521328,0.7071067811865476,-0.7801894976054942,-0.7952062255644575,0.8044359715257337,-0.8103804155521329,-0.32093834618342654,0.8103804155521328,0.7505866250408014,-0.7071067811865475,0.7653197277702214,-0.7952062255644575,0.7702962057920756,-0.697100061399229,-0.3347234619027419,0.7505866250408014,-0.7784161803042005,0.7653197277702213,0.7801894976054942,0.7505866250408014,-0.8038480050980997,0.8103804155521328,0.774796559793369,0.744789942196904,-0.7801894976054942,0.5252257314388904,-0.2858108337269177,4,-0.4972765340376519,-0.650443635587991,-0.650443635587991,-0.5614075543151804,0.6364458273405843,-0.6504436355879909,0.6224942905893636,-0.04317640632301402,-0.6521390211351347,0.6143345887403254,-0.5946919678164198,0.5541574035725814,0.6504436355879909,0.6363702064530034,0.511237358145545,0.0,-0.5529034969755533,0.6364458273405843,-0.036104816082660626,0.6644986392449885,-0.6504434913084749,0.6504436355879908,0.6504436355879908,0.6504436355879909,-0.6364458273405841,-0.6625585964979888,-0.6404697126766912,0.6504436355879909,-0.6014526837662519,-0.6364458273405841,0.5946919678164199,0.5391638660171922,0.6168318932684945,0.5946919678164199,-0.6192793387082055,-0.512827177935708,0.6177633762829701,0.6644986392449885,-0.6224949798994368,-0.5808178695515155,0.0,0.6504436355879909,0.6505344596812522,-0.6532842835829492,-0.42273371085728334,0.6344296941043057,0.6263405403167476,0.19844947412329558,-0.40084958818085237,-0.6224949798994368,0.5808178695515155,-0.6644986392449885,0.6364458273405843,0.6644986392449885,0.6364458273405843,-0.5740400451217759,-0.6644986392449885,-0.5962935460936415,-0.3864434311603601,0.8257228238447705,-0.8569568250501305,0.010878735949195884,-0.18088445269715026,0.7952062255644573,-0.8412444993533732,-0.8569568250501305,0.8327661506688665,-0.7801894976054942,0.7653197277702213,0.7801894976054942,-0.7801894976054942,0.8412444993533732,0.8103161482138753,0.7359800721939873,0.7653197277702213,0.8103804155521328,-0.8257228238447706,0.692820323027551,0.2415999856431615,0.29260138635066657,0.24743114516800238,0.4081687952661896,-6.645518729320213,-0.04821154694352777,11,14,-1.1252592110722839,-1.3840879488723994,0.6829249992655481,0.0,-0.2786932057166471,-0.0953462589245592,-0.2171861213815347,-0.13545709229571928,-0.3481553119113957,-0.511237358145545,-0.1933472978091327,-0.1354570922957193,-0.23904572186687878,2.3514701283890216,-0.2970442628930023,0.48304589153964783,-1.4142135623730951,-0.7071067811865475,-0.43994134506405985,1
VAR_001822,-0.3156160060283883,-0.6584300975831562,0.5084483621716441,-0.2936696171992868,-0.3713465650164192,0.5555556044803798,-0.43992094120007774,-0.19673225127901892,0.39946485499835876,-0.17562400190724298,3.095722705979204,11,-0.2524638143380212,-0.13390012800142995,0.2594372608313855,-0.19045630171289915,-0.21844944461841845,0.18142037231856797,-0.04374340862676541,-1.442269929462533,1.681542805549877,0.747975444852206,-0.706850021142412,0.2594372608313855,0.6474964831522124,0.3799077478904802,0.692820323027551,-0.7023478730193123,-0.7214900866993804,1.4142135623730951,1.4087274236616798,-0.30623972858772347,0.31465838776377636,1.4007099435177204,-1.5048939771136507,-1.4433756729740643,0.39528470752104716,-1.606438657804998,-1.5712256362470671,0.48304589153964783,-1.6034002731552304,0.6364458273405843,1.4433756729740643,0.6644986392449885,0.5808178695515155,0.6364458273405843,0.13545709229571956,1,-0.6441828121668849,0.5808178695515155,4,4,0.2128141515551542,0.12365316564579633,-0.3406757708969966,0.7952062255644573,0.7071067811865477,-1.2062824067924915,-0.7236921049769731,0.8103804155521328,0.7071067811865476,-0.7801894976054942,1.2575354264740257,-1.266831073287107,-0.8103804155521329,1.050497569209305,-1.2339883600452934,0.7505866250408014,-0.7071067811865475,0.7653197277702214,-0.7952062255644575,0.7702962057920756,-0.697100061399229,-0.33621651723287044,0.7505866250408014,-0.7784161803042005,0.7653197277702213,0.7801894976054942,0.7505866250408014,-0.8038480050980997,-1.2339883600452934,-1.302680371827691,-1.355089606998247,1.2817398889233116,-1.9039432764659776,-0.315215559306675,4,3.765292908594675,-0.650443635587991,-0.650443635587991,-0.5614075543151804,0.6364458273405843,1.5374122295716146,-1.6381247050570276,-1.3496253737921624,-0.6521390211351347,0.6880465120494014,-0.5946919678164198,-1.496569123587275,0.6504436355879909,0.6363702064530034,-1.956038587687303,0.0,-0.5529034969755533,0.6364458273405843,-1.2514633102014774,0.6644986392449885,1.537627832978164,0.6504436355879908,-1.5374122295716148,0.6504436355879909,1.5712256362470671,1.5245174993067014,1.5935538188500968,-1.537412229571615,-0.6014526837662519,-0.6364458273405841,-1.681542805549877,0.5391638660171922,0.6168318932684945,0.5946919678164199,-0.6192793387082055,-0.8409249421994665,-1.6367432867871978,-1.5048939771136507,-0.6224949798994368,1.7217101133134212,1.2592514783450863,0.6504436355879909,0.6505344596812522,-0.6532842835829492,-0.862248612055567,0.6344296941043057,0.6829670909172587,1.1260663997188436,0.057236869491525566,-0.6224949798994368,0.5808178695515155,1.5048939771136507,-1.5712256362470671,-1.5048939771136507,0.6364458273405843,1.7855442753082797,1.5048939771136507,-0.9420990827761717,-0.3874353586966725,-1.2110601416389968,1.1669199319831565,-1.1205975460487723,-0.5376840360506765,0.7952062255644573,-0.8412444993533732,1.1669199319831565,-1.2222728509796579,-0.7801894976054942,0.7653197277702213,0.7801894976054942,1.2817398889233116,0.8412444993533732,-1.2369409068906594,0.7359800721939873,0.7653197277702213,-1.2339883600452934,-0.8257228238447706,0.692820323027551,0.17106290824874995,-2.986443882961061,0.17827865769870915,0.4526542663277308,0.3450868817409272,-0.3669766406107996,11,23,-0.9307483307601228,-0.6982229384936658,-1.3658499985310961,0.0,-0.2786932057166471,-0.0953462589245592,-0.2171861213815347,-0.13545709229571928,-0.3481553119113957,-0.511237358145545,-0.1933472978091327,-0.1354570922957193,-0.23904572186687878,-0.4252658742831209,3.3665016461206925,0.48304589153964783,0.7071067811865477,-0.7071067811865475,-0.43994134506405985,1
VAR_001892,-0.32568475340965924,-0.6390920341738874,0.56129851006002,-0.3686897453288423,1.8534163064310383,0.4371323721975461,0.5532467619884431,-0.28507995029486227,-0.3618134249761515,-0.3002415248695592,2.9301729205752896,23,-0.2524638143380212,-0.13390012800142995,0.2594372608313855,-0.19045630171289915,-0.21844944461841845,0.18142037231856797,-0.04374340862676541,0.697824141595846,-0.5946919678164199,-0.5373541007997829,-0.706850021142412,0.2594372608313855,-1.5619197047151079,0.3799077478904802,0.692820323027551,-0.7023478730193123,-0.7214900866993804,1.4142135623730951,-0.7169777311937657,-0.32194367307436866,0.31465838776377636,-0.7201168211946403,-1.5048939771136507,-1.4433756729740643,-2.529822128134703,-1.606438657804998,0.6364458273405843,0.48304589153964783,-1.6034002731552304,-1.5712256362470671,-0.692820323027551,-1.5048939771136507,-1.7217101133134212,0.6364458273405843,0.13545709229571956,1,-0.6441828121668849,0.5808178695515155,1,1,0.19712168133213986,0.11768974178906191,0.2281106197037768,-1.2575354264740253,0.7071067811865477,-1.2062824067924915,-0.7236921049769731,-1.2339883600452934,0.7071067811865476,-0.7801894976054942,1.2575354264740257,0.8044359715257337,1.2339883600452934,-1.0141747588311316,0.8103804155521328,-1.3322912594474225,-0.7071067811865475,-1.3066434376564755,-0.7952062255644575,0.7702962057920756,1.4628885360348514,-0.34155683328368613,0.7505866250408014,1.2959348548055658,-1.3066434376564753,0.7801894976054942,-1.3322912594474225,1.2679033218677906,0.8103804155521328,0.774796559793369,-1.355089606998247,-0.7801894976054942,-1.9039432764659776,1.147131734813164,1,2.3376592023539824,-0.650443635587991,-0.650443635587991,-0.5614075543151804,0.6364458273405843,-0.6504436355879909,0.6224942905893636,-0.04317640632301402,-0.6521390211351347,0.6143345887403254,-0.5946919678164198,0.5541574035725814,0.6504436355879909,0.6363702064530034,0.511237358145545,0.0,-0.5529034969755533,0.6364458273405843,-0.036104816082660626,0.6644986392449885,-0.6504434913084749,0.6504436355879908,0.6504436355879908,0.6504436355879909,-0.6364458273405841,-0.6625585964979888,-0.6404697126766912,0.6504436355879909,-0.6014526837662519,-0.6364458273405841,0.5946919678164199,0.5391638660171922,0.6168318932684945,0.5946919678164199,-0.6192793387082055,-0.512827177935708,0.6177633762829701,0.6644986392449885,-0.6224949798994368,-0.5808178695515155,0.0,0.6504436355879909,0.6505344596812522,-0.6532842835829492,-0.42273371085728334,0.6344296941043057,0.6263405403167476,0.19844947412329558,-0.40084958818085237,-0.6224949798994368,0.5808178695515155,-0.6644986392449885,0.6364458273405843,0.6644986392449885,0.6364458273405843,-0.5740400451217759,-0.6644986392449885,-0.9420990827761717,-0.3034998539910723,0.8257228238447705,-0.8569568250501305,1.1644523121920904,0.45290037891114154,0.7952062255644573,-0.8412444993533732,-0.8569568250501305,-1.2222728509796579,-0.7801894976054942,0.7653197277702213,-1.2817398889233116,-0.7801894976054942,0.8412444993533732,0.8103161482138753,-1.358732440973515,0.7653197277702213,-1.2339883600452934,1.2110601416389966,-1.4433756729740643,0.07216239603566173,0.45961603869494483,0.08087430679011823,0.8372490044128035,1.0471241767078983,0.870913003191165,8,17,0.014018802184660308,0.6735070822638015,-0.6829249992655481,0.0,3.588175023601831,-0.0953462589245592,-0.2171861213815347,-0.13545709229571928,-0.3481553119113957,-0.511237358145545,-0.1933472978091327,-0.1354570922957193,-0.23904572186687878,-0.4252658742831209,-0.2970442628930023,-2.0701966780270626,0.7071067811865477,-0.7071067811865475,-0.43994134506405985,1
VAR_001930,0.0854347735766094,1.6308475461627407,-0.29040105902657226,-0.3669718078765254,-0.37247149675583713,-0.022284278049093987,-0.45450121862285764,-0.29736769646134664,-0.3612933112438347,-0.27628609734280557,1.575962937384659,16,-0.2524638143380212,-0.13390012800142995,0.2594372608313855,-0.19045630171289915,-0.21844944461841845,0.18142037231856797,-0.04374340862676541,0.697824141595846,-0.5946919678164199,0.6813100046641409,-0.706850021142412,0.2594372608313855,0.6474964831522124,0.3799077478904802,0.692820323027551,-0.7023478730193123,-0.7214900866993804,-0.7071067811865475,-0.7169777311937657,-0.30143249075645984,0.31465838776377636,-0.7201168211946403,0.6644986392449885,-1.4433756729740643,0.39528470752104716,-1.606438657804998,0.6364458273405843,-2.0701966780270626,-1.6034002731552304,-1.5712256362470671,1.4433756729740643,0.6644986392449885,-1.7217101133134212,-1.5712256362470671,0.13545709229571956,3,-0.6441828121668849,0.5808178695515155,2,2,1.4863792209178972,0.9460782424528613,0.36147621621364306,0.7952062255644573,0.7071067811865477,0.23963461650811477,-0.7236921049769731,0.8103804155521328,0.7071067811865476,-0.7801894976054942,-0.7952062255644575,0.8044359715257337,-0.8103804155521329,-0.32093834618342654,0.8103804155521328,0.7505866250408014,-0.7071067811865475,0.7653197277702214,-0.7952062255644575,0.7702962057920756,-0.697100061399229,-0.3347234619027419,0.7505866250408014,-0.7784161803042005,0.7653197277702213,0.7801894976054942,0.7505866250408014,-0.8038480050980997,0.8103804155521328,0.774796559793369,0.744789942196904,-0.7801894976054942,0.5252257314388904,-0.2858108337269177,2,-0.5358251421452764,1.5374122295716148,1.5374122295716148,1.802050469054741,-1.5712256362470671,1.5374122295716146,0.6224942905893636,-1.3496225246384677,1.5372849568475617,0.6880465120494014,1.6815428055498767,0.7957229955396,0.6504436355879909,0.6363702064530034,0.511237358145545,0.0,-0.5529034969755533,-1.5712256362470671,1.297125283482489,-1.5048939771136507,1.537627832978164,-1.5374122295716148,0.6504436355879908,0.6504436355879909,-0.6364458273405841,-0.6625585964979888,-0.6750400534673922,-1.537412229571615,-0.6014526837662519,1.5712256362470671,-1.681542805549877,0.5391638660171922,-1.6383189672381482,0.5946919678164199,-0.6192793387082055,1.4895004907652145,-1.6367432867871978,0.6644986392449885,1.6064386578049983,-0.5808178695515155,-1.2592514783450863,-1.537412229571615,0.6505344596812522,-0.6532842835829492,1.7388838791286854,-1.592852821436611,0.6829670909172587,-1.377046616992424,3.481779906048557,-0.6224949798994368,-1.7217101133134212,1.5048939771136507,-1.5712256362470671,-1.5048939771136507,-1.5712256362470671,1.7855442753082797,1.5048939771136507,1.157779727107914,-0.34709685748910535,-1.2110601416389968,-0.8569568250501305,-0.627721018289919,-0.252623664016092,-1.2575354264740253,1.1887150534341144,1.1669199319831565,0.8431093201460879,1.2817398889233116,-1.3066434376564753,0.7801894976054942,1.2817398889233116,0.8412444993533732,0.8103161482138753,0.7359800721939873,-1.3066434376564753,-1.2339883600452934,1.2110601416389966,0.692820323027551,0.2415999856431615,0.45961603869494483,0.24743114516800238,-0.8719160157674655,-0.5194700585991074,-0.037989401599825105,0,7,-0.23606661535954707,0.6735070822638015,0.6829249992655481,0.0,-0.2786932057166471,-0.0953462589245592,-0.2171861213815347,7.3824115301167,-0.3481553119113957,-0.511237358145545,-0.1933472978091327,-0.1354570922957193,-0.23904572186687878,-0.4252658742831209,-0.2970442628930023,0.48304589153964783,0.7071067811865477,1.4142135623730951,-0.43994134506405985,0
VAR_001784,-0.3193693924004687,1.5738152518385362,-0.512906069703621,-0.3686897453288428,0.24959002760620974,2.8662613765739566,-0.4420881986018368,-0.21331505969375572,-0.36181338169441474,-0.25316923894138726,-0.5887643933170574,18,-0.2524638143380212,-0.13390012800142995,0.2594372608313855,-0.19045630171289915,-0.21844944461841845,0.18142037231856797,-0.04374340862676541,0.697824141595846,1.681542805549877,0.747975444852206,-0.706850021142412,0.2594372608313855,0.6474964831522124,0.3799077478904802,-1.4433756729740643,1.4381309202948076,1.3860204297119676,-0.7071067811865475,1.4087274236616798,0.15270168632118755,0.31465838776377636,1.4007099435177204,0.6644986392449885,-1.4433756729740643,0.39528470752104716,0.6224949798994368,0.6364458273405843,0.48304589153964783,0.6294646824620143,0.6364458273405843,-0.692820323027551,0.6644986392449885,0.5808178695515155,0.6364458273405843,0.13545709229571956,3,1.567489267387442,0.5808178695515155,0,0,0.6286895887712571,0.6573757294999641,0.5293751275888994,-1.2575354264740253,-1.4142135623730951,0.23963461650811477,1.3858480726431406,-1.2339883600452934,-1.414213562373095,1.2817398889233116,1.2575354264740257,0.8044359715257337,-0.8103804155521329,1.245970697341249,0.8103804155521328,-1.3322912594474225,1.4142135623730951,-1.3066434376564755,1.2575354264740257,0.38698102330757395,-0.697100061399229,-0.34124089198345076,0.7505866250408014,1.2959348548055658,-1.3066434376564753,-1.2817398889233116,0.7505866250408014,-0.8038480050980997,0.8103804155521328,0.774796559793369,-1.355089606998247,1.2817398889233116,0.5252257314388904,-0.2973361499646584,0,-0.5012837619686132,1.5374122295716148,1.5374122295716148,-0.5614075543151804,-1.5712256362470671,1.5374122295716146,0.6224942905893636,-1.3496197160402787,1.5372849568475617,-1.607896063705626,-0.5946919678164198,0.7957229955396,0.6504436355879909,-1.5761953627828909,0.511237358145545,0.0,-0.5529034969755533,-1.5712256362470671,-1.2514633102014774,-1.5048939771136507,-0.6504434913084749,-1.5374122295716148,-1.5374122295716148,-1.537412229571615,1.5712256362470671,1.5245174993067014,-0.6750400534673922,-1.537412229571615,1.6784307539552568,-0.6364458273405841,-1.681542805549877,0.5391638660171922,-1.6383189672381482,0.5946919678164199,-0.6192793387082055,-0.8409249421994665,0.6177633762829701,0.6644986392449885,1.6064386578049983,1.7217101133134212,1.2592514783450863,0.6504436355879909,0.6505344596812522,-0.6532842835829492,1.5633482818677191,-1.592852821436611,0.6829670909172587,1.1260663997188436,-0.4112517489969751,1.6064386578049983,0.5808178695515155,-0.6644986392449885,0.6364458273405843,-1.5048939771136507,0.6364458273405843,-0.5740400451217759,-0.6644986392449885,1.157779727107914,-0.33688823730557277,0.8257228238447705,1.1669199319831565,1.1644523121920904,0.3213459053449562,-1.2575354264740253,1.1887150534341144,1.1669199319831565,0.8431093201460879,-0.7801894976054942,-1.3066434376564753,-1.2817398889233116,1.2817398889233116,0.8412444993533732,0.8103161482138753,0.7359800721939873,0.7653197277702213,0.8103804155521328,1.2110601416389966,0.692820323027551,0.19051724466037687,0.4087752961035454,0.24743114516800238,-0.33759587094300775,-0.5067377276287169,-0.17720145625231037,14,11,1.8757657994582033,-1.3840879488723994,0.6829249992655481,0.0,-0.2786932057166471,-0.0953462589245592,-0.2171861213815347,-0.13545709229571928,2.8722813232690143,-0.511237358145545,-0.1933472978091327,-0.1354570922957193,-0.23904572186687878,-0.4252658742831209,-0.2970442628930023,0.48304589153964783,0.7071067811865477,-0.7071067811865475,-0.43994134506405985,1
VAR_001951,-0.3283734603529576,-0.6589756429351199,-0.5014143673856869,0.03686939174103778,-0.07493368848490298,-0.3665560161714507,-0.17231043002074795,-0.2973839557669749,-0.3310253847711698,-0.3010938522445032,-0.590765617136618,28,-0.2524638143380212,-0.13390012800142995,0.2594372608313855,-0.19045630171289915,-0.21844944461841845,0.18142037231856797,-0.04374340862676541,-1.442269929462533,-0.5946919678164199,-1.4345020915948083,1.421478726952682,-3.8544964466377265,-1.5619197047151079,0.3799077478904802,0.692820323027551,1.4381309202948076,1.3860204297119676,-0.7071067811865475,-0.7169777311937657,-0.321943667103679,0.31465838776377636,-0.7201168211946403,0.6644986392449885,-1.4433756729740643,-2.529822128134703,0.6224949798994368,0.6364458273405843,0.48304589153964783,0.6294646824620143,0.6364458273405843,-0.692820323027551,-1.5048939771136507,0.5808178695515155,-1.5712256362470671,0.13545709229571956,3,-0.6441828121668849,0.5808178695515155,4,4,0.7692204012284541,0.43380514260919917,0.16528752228858734,0.7952062255644573,0.7071067811865477,-1.2062824067924915,-0.7236921049769731,-1.2339883600452934,0.7071067811865476,-0.7801894976054942,1.2575354264740257,0.8044359715257337,-0.8103804155521329,1.245970697341249,0.8103804155521328,-1.3322912594474225,1.4142135623730951,0.7653197277702214,1.2575354264740257,0.7702962057920756,-0.697100061399229,-0.34024308643396883,0.7505866250408014,1.2959348548055658,0.7653197277702213,0.7801894976054942,0.7505866250408014,0.3511431890476715,-1.2339883600452934,-1.302680371827691,0.744789942196904,-0.7801894976054942,-1.9039432764659776,-0.2809778928355448,4,1.7351865197281664,1.5374122295716148,1.5374122295716148,-0.5614075543151804,0.6364458273405843,-0.6504436355879909,-1.6381247050570276,0.8519889851453636,1.5372849568475617,0.6880465120494014,-0.5946919678164198,-1.496569123587275,-1.537412229571615,0.6363702064530034,0.511237358145545,0.0,-0.5529034969755533,0.6364458273405843,-1.2514633102014774,-1.5048939771136507,-0.6504434913084749,0.6504436355879908,0.6504436355879908,-1.537412229571615,-0.6364458273405841,1.5245174993067014,1.5935538188500968,-1.537412229571615,1.6784307539552568,-0.6364458273405841,0.5946919678164199,-1.854723699099141,0.6168318932684945,-1.681542805549877,1.6332105135219068,1.4895004907652145,-1.6367432867871978,-1.5048939771136507,1.6064386578049983,1.7217101133134212,-1.2592514783450863,-1.537412229571615,0.6505344596812522,-0.6532842835829492,-0.862248612055567,-1.592852821436611,0.6829670909172587,1.1260663997188436,-0.41125177558910087,-0.6224949798994368,-1.7217101133134212,-0.6644986392449885,-1.5712256362470671,-1.5048939771136507,-1.5712256362470671,-0.5740400451217759,-0.6644986392449885,-0.9420990827761717,2.0826469835900587,0.8257228238447705,1.1669199319831565,-1.1205975460487723,0.45290030837307965,-1.2575354264740253,1.1887150534341144,-0.8569568250501305,0.8431093201460879,-0.7801894976054942,0.7653197277702213,0.7801894976054942,1.2817398889233116,-1.1887150534341144,0.8103161482138753,-1.358732440973515,0.7653197277702213,-1.2339883600452934,-0.8257228238447706,0.692820323027551,0.22878540046868084,0.45961603869494483,0.24743114516800238,0.5736615597682266,-0.05522845830399639,-0.27785213751017207,12,10,-1.236408285536376,-0.012357928114932163,-1.3658499985310961,0.0,-0.2786932057166471,-0.0953462589245592,-0.2171861213815347,-0.13545709229571928,-0.3481553119113957,-0.511237358145545,-0.1933472978091327,-0.1354570922957193,4.183300132670379,-0.4252658742831209,-0.2970442628930023,-2.0701966780270626,0.7071067811865477,1.4142135623730951,-0.43994134506405985,1
VAR_001884,-0.3058779518461575,0.028659626220186613,2.1375764960410186,-0.3544386534864763,-0.15785898813053198,-0.4234114762929786,-0.45490264821461907,-0.29603950362699,1.0005229298420855,0.1577021184280844,-0.49469138356981557,23,-0.2524638143380212,-0.13390012800142995,0.2594372608313855,-0.19045630171289915,-0.21844944461841845,0.18142037231856797,-0.04374340862676541,0.697824141595846,1.681542805549877,0.747975444852206,-0.706850021142412,0.2594372608313855,-1.5619197047151079,0.3799077478904802,0.692820323027551,1.4381309202948076,1.3860204297119676,-0.7071067811865475,-0.7169777311937657,0.5934904229883273,0.31465838776377636,-0.7201168211946403,0.6644986392449885,-1.4433756729740643,0.39528470752104716,0.6224949798994368,-1.5712256362470671,0.48304589153964783,-1.6034002731552304,-1.5712256362470671,-0.692820323027551,0.6644986392449885,-1.7217101133134212,0.6364458273405843,0.13545709229571956,1,-0.6441828121668849,-1.7217101133134212,2,2,-1.5555478673548466,-0.356213756751768,-0.012145155688695052,0.7952062255644573,-1.4142135623730951,1.061714561457424,-0.7236921049769731,-1.2339883600452934,0.7071067811865476,1.2817398889233116,-0.7952062255644575,0.8044359715257337,-0.8103804155521329,-1.0141747588311316,-1.2339883600452934,-1.3322912594474225,1.4142135623730951,-1.3066434376564755,-0.7952062255644575,-1.3057907127551411,-0.697100061399229,-0.21322652912177892,-1.3322912594474225,-0.7784161803042005,-1.3066434376564753,0.7801894976054942,-1.3322912594474225,1.2679033218677906,-1.2339883600452934,0.774796559793369,0.744789942196904,1.2817398889233116,-1.9039432764659776,-0.32108603069905284,2,1.6756025835390134,-0.650443635587991,1.5374122295716148,1.802050469054741,0.6364458273405843,-0.6504436355879909,0.2597522596333581,-1.3492895913393677,1.5372849568475617,0.6880465120494014,1.6815428055498767,0.7957229955396,-1.537412229571615,0.6363702064530034,-1.956038587687303,0.0,-0.5529034969755533,-1.5712256362470671,1.297125283482489,0.6644986392449885,-0.6504434913084749,-1.5374122295716148,-1.5374122295716148,-1.537412229571615,1.5712256362470671,1.5245174993067014,1.5935538188500968,-1.537412229571615,1.6784307539552568,1.5712256362470671,0.5946919678164199,-1.854723699099141,0.6168318932684945,0.5946919678164199,-0.6192793387082055,-0.8409249421994665,0.6177633762829701,-1.5048939771136507,1.6064386578049983,-0.5808178695515155,-1.2592514783450863,-1.537412229571615,0.6505344596812522,1.5408921788809073,-0.862248612055567,-1.592852821436611,0.6829670909172587,-1.377046616992424,-0.41123963164441124,1.6064386578049983,-1.7217101133134212,-0.6644986392449885,0.6364458273405843,-1.5048939771136507,0.6364458273405843,-0.5740400451217759,1.5048939771136507,1.157779727107914,-0.36842375674305444,0.8257228238447705,-0.8569568250501305,1.1644523121920904,-0.5498393233083906,-1.2575354264740253,-0.8412444993533732,-0.8569568250501305,0.8431093201460879,-0.7801894976054942,-1.3066434376564753,0.7801894976054942,1.2817398889233116,-1.1887150534341144,-1.2369409068906594,0.7359800721939873,-1.3066434376564753,-1.2339883600452934,1.2110601416389966,0.692820323027551,0.2415999856431615,0.41412011305261875,0.11836942572269316,-0.2832862387322522,0.019512909515540952,-0.2648759516338017,0,5,-1.097471942456261,-0.012357928114932163,-0.6829249992655481,0.0,-0.2786932057166471,-0.0953462589245592,4.604345773288536,-0.13545709229571928,-0.3481553119113957,-0.511237358145545,-0.1933472978091327,-0.1354570922957193,-0.23904572186687878,-0.4252658742831209,-0.2970442628930023,-2.0701966780270626,0.7071067811865477,-0.7071067811865475,-0.43994134506405985,1
VAR_001839,-0.3282321984595456,-0.4944391628560238,0.7389464980376563,-0.3686892290723,-0.37247149685729125,-0.42341151450111725,-0.4543229586812314,-0.29738395576697435,-0.3618132609459578,-0.27628609734280557,1.1746268799715172,16,-0.2524638143380212,-0.13390012800142995,0.2594372608313855,-0.19045630171289915,-0.21844944461841845,0.18142037231856797,-0.04374340862676541,0.697824141595846,-0.5946919678164199,0.6813100046641409,-0.706850021142412,0.2594372608313855,0.6474964831522124,0.3799077478904802,0.692820323027551,-0.7023478730193123,-0.7214900866993804,-0.7071067811865475,-0.7169777311937657,-0.30143249075645984,0.31465838776377636,-0.7201168211946403,0.6644986392449885,0.692820323027551,0.39528470752104716,-1.606438657804998,0.6364458273405843,-2.0701966780270626,0.6294646824620143,0.6364458273405843,-0.692820323027551,-1.5048939771136507,0.5808178695515155,-1.5712256362470671,0.13545709229571956,3,-0.6441828121668849,0.5808178695515155,4,4,-0.30278675348927486,0.5136674063899597,0.41693449581962067,-1.2575354264740253,0.7071067811865477,1.061714561457424,1.3858480726431406,-1.2339883600452934,0.7071067811865476,1.2817398889233116,-0.7952062255644575,-1.266831073287107,-0.8103804155521329,-1.0141747588311316,0.8103804155521328,-1.3322912594474225,1.4142135623730951,0.7653197277702214,-0.7952062255644575,0.7702962057920756,-0.697100061399229,0.18114790793062208,0.7505866250408014,1.2959348548055658,-1.3066434376564753,0.7801894976054942,0.7505866250408014,1.2679033218677906,-1.2339883600452934,-0.051067380807129116,-1.355089606998247,1.2817398889233116,0.5252257314388904,-0.2858108337269177,4,-0.5357163761843077,-0.650443635587991,-0.650443635587991,-0.5614075543151804,0.6364458273405843,-0.6504436355879909,0.6224942905893636,0.25703741143758285,-0.6521390211351347,0.6880465120494014,-0.5946919678164198,0.7957229955396,-1.537412229571615,-1.5761953627828909,-1.956038587687303,0.0,-0.5529034969755533,0.6364458273405843,1.297125283482489,-1.5048939771136507,-0.6504434913084749,-1.5374122295716148,-1.5374122295716148,-1.537412229571615,-0.6364458273405841,-0.6625585964979888,1.5935538188500968,0.6504436355879909,-0.6014526837662519,-0.6364458273405841,-1.681542805549877,-1.854723699099141,0.6168318932684945,0.5946919678164199,1.6332105135219068,1.4895004907652145,0.6177633762829701,-1.5048939771136507,-0.6224949798994368,-0.5808178695515155,1.2592514783450863,-1.537412229571615,-1.537411885367203,-0.6532842835829492,-0.5027853187264866,-1.592852821436611,0.6829670909172587,1.1260663997188436,-0.4111320653532025,-0.6224949798994368,0.5808178695515155,-0.6644986392449885,-1.5712256362470671,0.6644986392449885,-1.5712256362470671,1.7855442753082797,-0.6644986392449885,-0.9420990827761717,2.1739262671611645,0.8257228238447705,-0.8569568250501305,-1.1205975460487723,0.4255348850057622,0.7952062255644573,1.1887150534341144,-0.8569568250501305,0.8431093201460879,1.2817398889233116,-1.3066434376564753,0.7801894976054942,1.2817398889233116,-1.1887150534341144,-1.2369409068906594,0.7359800721939873,0.7653197277702213,-1.2339883600452934,-0.8257228238447706,0.692820323027551,0.2415999856431615,-0.9984702004965889,0.05703495734340739,0.324335445893399,0.08060440661205297,0.04894308814799969,9,10,-1.9588772695529748,-0.012357928114932163,-1.3658499985310961,0.0,-0.2786932057166471,-0.0953462589245592,-0.2171861213815347,-0.13545709229571928,-0.3481553119113957,-0.511237358145545,-0.1933472978091327,-0.1354570922957193,4.183300132670379,-0.4252658742831209,-0.2970442628930023,0.48304589153964783,0.7071067811865477,1.4142135623730951,-0.43994134506405985,1
VAR_001838,-0.32482198113834476,1.626517389653563,0.6875465228773853,-0.3655618798131708,-0.3714130676991421,-0.42293343548332,-0.373563792604712,-0.29721991718918034,-0.3618134249762099,-0.1679739635187798,-0.3841568856069279,28,-0.2524638143380212,-0.13390012800142995,0.2594372608313855,-0.19045630171289915,-0.21844944461841845,0.18142037231856797,-0.04374340862676541,-1.442269929462533,1.681542805549877,-1.4345020915948083,-0.706850021142412,0.2594372608313855,-1.5619197047151079,0.3799077478904802,0.692820323027551,1.4381309202948076,-0.7214900866993804,-0.7071067811865475,1.4087274236616798,-0.05273634984327626,0.31465838776377636,1.4007099435177204,-1.5048939771136507,-1.4433756729740643,0.39528470752104716,-1.606438657804998,0.6364458273405843,0.48304589153964783,0.6294646824620143,0.6364458273405843,1.4433756729740643,0.6644986392449885,-1.7217101133134212,-1.5712256362470671,0.13545709229571956,3,1.567489267387442,-1.7217101133134212,3,3,-0.11218314506009752,-0.609753369668084,0.5930982302554164,0.7952062255644573,-1.4142135623730951,-1.2062824067924915,-0.7236921049769731,0.8103804155521328,-1.414213562373095,1.2817398889233116,-0.7952062255644575,-1.266831073287107,-0.8103804155521329,-1.0141747588311316,0.8103804155521328,0.7505866250408014,-0.7071067811865475,-1.3066434376564755,1.2575354264740257,0.7702962057920756,1.4628885360348514,-0.33173062900255484,-1.3322912594474225,-0.7784161803042005,0.7653197277702213,0.7801894976054942,-1.3322912594474225,1.2679033218677906,0.8103804155521328,0.774796559793369,-1.355089606998247,-0.7801894976054942,0.5252257314388904,-0.2858108337269177,3,-0.5309799801077911,-0.650443635587991,-0.650443635587991,-0.5614075543151804,0.6364458273405843,-0.6504436355879909,0.6224942905893636,-0.04317640632301402,-0.6521390211351347,0.6143345887403254,-0.5946919678164198,0.5541574035725814,0.6504436355879909,0.6363702064530034,0.511237358145545,0.0,-0.5529034969755533,0.6364458273405843,-0.036104816082660626,0.6644986392449885,-0.6504434913084749,0.6504436355879908,0.6504436355879908,0.6504436355879909,-0.6364458273405841,-0.6625585964979888,-0.6404697126766912,0.6504436355879909,-0.6014526837662519,-0.6364458273405841,0.5946919678164199,0.5391638660171922,0.6168318932684945,0.5946919678164199,-0.6192793387082055,-0.512827177935708,0.6177633762829701,0.6644986392449885,-0.6224949798994368,-0.5808178695515155,0.0,0.6504436355879909,0.6505344596812522,-0.6532842835829492,-0.42273371085728334,0.6344296941043057,0.6263405403167476,0.19844947412329558,-0.40084958818085237,-0.6224949798994368,0.5808178695515155,-0.6644986392449885,0.6364458273405843,0.6644986392449885,0.6364458273405843,-0.5740400451217759,-0.6644986392449885,1.157779727107914,-0.32804316165932584,-1.2110601416389968,1.1669199319831565,1.1644523121920904,0.4527527181655248,-1.2575354264740253,-0.8412444993533732,-0.8569568250501305,-1.2222728509796579,1.2817398889233116,0.7653197277702213,-1.2817398889233116,1.2817398889233116,-1.1887150534341144,-1.2369409068906594,0.7359800721939873,0.7653197277702213,-1.2339883600452934,-0.8257228238447706,0.692820323027551,0.2415999856431615,-2.862242715562978,0.02816281806376223,0.38659540975907014,0.3968466755039067,0.5147857789563545,16,11,2.6815965893228713,-0.6982229384936658,0.6829249992655481,0.0,-0.2786932057166471,-0.0953462589245592,-0.2171861213815347,-0.13545709229571928,-0.3481553119113957,-0.511237358145545,-0.1933472978091327,7.382411530116702,-0.23904572186687878,-0.4252658742831209,-0.2970442628930023,-2.0701966780270626,0.7071067811865477,1.4142135623730951,-0.43994134506405985,1
VAR_001862,-0.3284675981382774,1.2294012536204046,-0.5124541121632559,-0.20771037868998662,-0.37168347220457204,-0.02162345280550542,-0.3160923146813888,-0.27926304940884983,-0.3396972417497405,-0.27628609734280557,-0.5939143760259078,16,-0.2524638143380212,-0.13390012800142995,0.2594372608313855,-0.19045630171289915,-0.21844944461841845,0.18142037231856797,-0.04374340862676541,0.697824141595846,-0.5946919678164199,0.6813100046641409,-0.706850021142412,0.2594372608313855,0.6474964831522124,0.3799077478904802,0.692820323027551,-0.7023478730193123,-0.7214900866993804,-0.7071067811865475,-0.7169777311937657,-0.30143249075645984,0.31465838776377636,-0.7201168211946403,0.6644986392449885,0.692820323027551,0.39528470752104716,0.6224949798994368,0.6364458273405843,0.48304589153964783,0.6294646824620143,0.6364458273405843,-0.692820323027551,0.6644986392449885,0.5808178695515155,0.6364458273405843,0.13545709229571956,7,-0.6441828121668849,0.5808178695515155,3,3,0.24546282563501368,0.41255496464653546,0.16528752228858734,0.7952062255644573,0.7071067811865477,-1.2062824067924915,1.3858480726431406,-1.2339883600452934,0.7071067811865476,1.2817398889233116,1.2575354264740257,0.8044359715257337,1.2339883600452934,1.245970697341249,-1.2339883600452934,0.7505866250408014,1.4142135623730951,-1.3066434376564755,1.2575354264740257,-1.3057907127551411,1.4628885360348514,-0.3416557242926565,0.7505866250408014,1.2959348548055658,0.7653197277702213,0.7801894976054942,0.7505866250408014,1.2679033218677906,-1.2339883600452934,-1.302680371827691,0.744789942196904,1.2817398889233116,0.5252257314388904,-0.2858108337269177,3,-0.53638941895149,-0.650443635587991,-0.650443635587991,-0.5614075543151804,0.6364458273405843,-0.6504436355879909,0.6224942905893636,-0.04317640632301402,-0.6521390211351347,0.6143345887403254,-0.5946919678164198,0.5541574035725814,0.6504436355879909,0.6363702064530034,0.511237358145545,0.0,-0.5529034969755533,0.6364458273405843,-0.036104816082660626,0.6644986392449885,-0.6504434913084749,0.6504436355879908,0.6504436355879908,0.6504436355879909,-0.6364458273405841,-0.6625585964979888,-0.6404697126766912,0.6504436355879909,-0.6014526837662519,-0.6364458273405841,0.5946919678164199,0.5391638660171922,0.6168318932684945,0.5946919678164199,-0.6192793387082055,-0.512827177935708,0.6177633762829701,0.6644986392449885,-0.6224949798994368,-0.5808178695515155,0.0,0.6504436355879909,0.6505344596812522,-0.6532842835829492,-0.42273371085728334,0.6344296941043057,0.6263405403167476,0.19844947412329558,-0.40084958818085237,-0.6224949798994368,0.5808178695515155,-0.6644986392449885,0.6364458273405843,0.6644986392449885,0.6364458273405843,-0.5740400451217759,-0.6644986392449885,-0.9420990827761717,-0.4015130898020359,-1.2110601416389968,1.1669199319831565,-1.1205975460487723,0.27657342308471294,-1.2575354264740253,-0.8412444993533732,-0.8569568250501305,-1.2222728509796579,-0.7801894976054942,-1.3066434376564753,0.7801894976054942,-0.7801894976054942,0.8412444993533732,0.8103161482138753,-1.358732440973515,-1.3066434376564753,-1.2339883600452934,1.2110601416389966,-1.4433756729740643,0.2415999856431615,0.412286610455765,0.24743114516800238,1.0907656235876073,0.546380450315388,0.9319067193165665,5,10,0.26410421972886755,1.3593720926425352,-0.6829249992655481,0.0,-0.2786932057166471,-0.0953462589245592,-0.2171861213815347,-0.13545709229571928,-0.3481553119113957,1.956038587687303,-0.1933472978091327,-0.1354570922957193,-0.23904572186687878,-0.4252658742831209,-0.2970442628930023,0.48304589153964783,-1.4142135623730951,1.4142135623730951,-0.43994134506405985,1
VAR_001803,-0.32052099466898415,-0.6178873950590471,-0.46628029494963774,-0.3637883392290882,-0.36536558736692926,-0.41843025597003786,-0.42443271488895634,-0.2801355691055888,-0.35842643800648516,-0.27628609734280557,-0.4787183097735646,8,-0.2524638143380212,-0.13390012800142995,0.2594372608313855,-0.19045630171289915,-0.21844944461841845,0.18142037231856797,-0.04374340862676541,0.697824141595846,-0.5946919678164199,0.6813100046641409,-0.706850021142412,0.2594372608313855,0.6474964831522124,0.3799077478904802,0.692820323027551,-0.7023478730193123,-0.7214900866993804,-0.7071067811865475,-0.7169777311937657,-0.30143249075645984,0.31465838776377636,-0.7201168211946403,0.6644986392449885,-1.4433756729740643,0.39528470752104716,-1.606438657804998,0.6364458273405843,-2.0701966780270626,0.6294646824620143,-1.5712256362470671,1.4433756729740643,0.6644986392449885,-1.7217101133134212,-1.5712256362470671,0.13545709229571956,3,1.567489267387442,0.5808178695515155,1,1,0.6772799531450546,0.5581226429596754,0.6792785824016215,-1.2575354264740253,-1.4142135623730951,1.061714561457424,-0.7236921049769731,0.8103804155521328,0.7071067811865476,-0.7801894976054942,-0.7952062255644575,-0.3641822774691214,1.2339883600452934,-1.0141747588311316,0.8103804155521328,-1.3322912594474225,-0.7071067811865475,-1.3066434376564755,1.2575354264740257,-1.3057907127551411,1.4628885360348514,-0.34165572429220614,0.7505866250408014,1.2959348548055658,-1.3066434376564753,-1.2817398889233116,0.7505866250408014,-0.8038480050980997,0.8103804155521328,-1.302680371827691,0.744789942196904,1.2817398889233116,0.5252257314388904,-0.2858108337269177,1,-0.2687196236532809,-0.650443635587991,-0.650443635587991,-0.5614075543151804,0.6364458273405843,-0.6504436355879909,0.6224942905893636,-0.04317640632301402,-0.6521390211351347,0.6143345887403254,-0.5946919678164198,0.5541574035725814,0.6504436355879909,0.6363702064530034,0.511237358145545,0.0,-0.5529034969755533,0.6364458273405843,-0.036104816082660626,0.6644986392449885,-0.6504434913084749,0.6504436355879908,0.6504436355879908,0.6504436355879909,-0.6364458273405841,-0.6625585964979888,-0.6404697126766912,0.6504436355879909,-0.6014526837662519,-0.6364458273405841,0.5946919678164199,0.5391638660171922,0.6168318932684945,0.5946919678164199,-0.6192793387082055,-0.512827177935708,0.6177633762829701,0.6644986392449885,-0.6224949798994368,-0.5808178695515155,0.0,0.6504436355879909,0.6505344596812522,-0.6532842835829492,-0.42273371085728334,0.6344296941043057,0.6263405403167476,0.19844947412329558,-0.40084958818085237,-0.6224949798994368,0.5808178695515155,-0.6644986392449885,0.6364458273405843,0.6644986392449885,0.6364458273405843,-0.5740400451217759,-0.6644986392449885,-0.5962935460936415,-0.3864434311603601,0.8257228238447705,-0.8569568250501305,0.010878735949195884,-0.18088445269715026,0.7952062255644573,-0.8412444993533732,-0.8569568250501305,0.8327661506688665,-0.7801894976054942,0.7653197277702213,0.7801894976054942,-0.7801894976054942,0.8412444993533732,0.8103161482138753,0.7359800721939873,0.7653197277702213,0.8103804155521328,-0.8257228238447706,0.692820323027551,0.2415999856431615,-0.7632523268165449,0.24743114516800238,0.7837781172286871,1.0471241767078983,0.8161192515991724,8,17,0.014018802184660308,0.6735070822638015,-0.6829249992655481,0.0,3.588175023601831,-0.0953462589245592,-0.2171861213815347,-0.13545709229571928,-0.3481553119113957,-0.511237358145545,-0.1933472978091327,-0.1354570922957193,-0.23904572186687878,-0.4252658742831209,-0.2970442628930023,0.48304589153964783,0.7071067811865477,-0.7071067811865475,-0.43994134506405985,1
VAR_001868,-0.28157880068879926,-0.6585429761708419,2.685225726682754,-0.3205054863678911,2.6545500727096614,-0.41994420551904266,-0.22361995835843054,-0.12575104870087547,3.680488498855019,-0.27628609734280557,-0.4251935775236042,16,-0.2524638143380212,-0.13390012800142995,0.2594372608313855,-0.19045630171289915,-0.21844944461841845,0.18142037231856797,-0.04374340862676541,-1.442269929462533,-0.5946919678164199,0.747975444852206,-0.706850021142412,-3.8544964466377265,0.6474964831522124,0.3799077478904802,-1.4433756729740643,-0.7023478730193123,1.3860204297119676,1.4142135623730951,-0.7169777311937657,-0.32194367218561665,-3.1780497164141424,-0.7201168211946403,0.6644986392449885,0.692820323027551,0.39528470752104716,0.6224949798994368,-1.5712256362470671,0.48304589153964783,0.6294646824620143,0.6364458273405843,1.4433756729740643,0.6644986392449885,0.5808178695515155,-1.5712256362470671,0.13545709229571956,0,1.567489267387442,-1.7217101133134212,1,1,-0.05925024912096881,0.2718160244492289,0.25148212049734914,-1.2575354264740253,0.7071067811865477,-1.2062824067924915,-0.7236921049769731,-1.2339883600452934,0.7071067811865476,-0.7801894976054942,-0.7952062255644575,0.8044359715257337,-0.8103804155521329,0.0038899965810113364,-1.2339883600452934,0.7505866250408014,-0.7071067811865475,-1.3066434376564755,1.2575354264740257,0.7702962057920756,-0.697100061399229,1.0703186254356747,-1.3322912594474225,1.2959348548055658,0.7653197277702213,0.7801894976054942,0.7505866250408014,1.2679033218677906,-1.2339883600452934,-1.302680371827691,0.744789942196904,1.2817398889233116,0.5252257314388904,-0.3216596715629599,1,-0.5030997647470788,1.5374122295716148,1.5374122295716148,-0.5614075543151804,0.6364458273405843,1.5374122295716146,-1.6381247050570276,-1.349625134676419,-0.6521390211351347,-1.607896063705626,-0.5946919678164198,-1.496569123587275,0.6504436355879909,0.6363702064530034,-1.956038587687303,0.0,-0.5529034969755533,-1.5712256362470671,1.297125283482489,0.6644986392449885,1.537627832978164,-1.5374122295716148,-1.5374122295716148,0.6504436355879909,-0.6364458273405841,1.5245174993067014,-0.6750400534673922,0.6504436355879909,-0.6014526837662519,-0.6364458273405841,0.5946919678164199,0.5391638660171922,0.6168318932684945,0.5946919678164199,1.6332105135219068,1.4895004907652145,-1.6367432867871978,0.6644986392449885,-0.6224949798994368,-0.5808178695515155,1.2592514783450863,0.6504436355879909,0.6505344596812522,-0.6532842835829492,1.7388838791286854,0.6344296941043057,0.6829670909172587,1.1260663997188436,-0.41125082944517977,-0.6224949798994368,0.5808178695515155,-0.6644986392449885,-1.5712256362470671,0.6644986392449885,0.6364458273405843,-0.5740400451217759,1.5048939771136507,-0.9420990827761717,-0.40089049722965114,-1.2110601416389968,1.1669199319831565,-1.1205975460487723,-0.5491513287144287,0.7952062255644573,1.1887150534341144,-0.8569568250501305,-1.2222728509796579,1.2817398889233116,0.7653197277702213,-1.2817398889233116,-0.7801894976054942,0.8412444993533732,0.8103161482138753,0.7359800721939873,-1.3066434376564753,-1.2339883600452934,1.2110601416389966,-1.4433756729740643,0.16925606477268523,0.4421007355880699,0.24743114516800238,0.9415858344744212,1.0471241767078983,0.9258260269650938,4,7,1.2366586212896735,-0.012357928114932163,-0.6829249992655481,0.0,3.588175023601831,-0.0953462589245592,-0.2171861213815347,-0.13545709229571928,-0.3481553119113957,-0.511237358145545,-0.1933472978091327,-0.1354570922957193,-0.23904572186687878,-0.4252658742831209,-0.2970442628930023,0.48304589153964783,0.7071067811865477,1.4142135623730951,2.273030282830976,1
VAR_001876,-0.2491652226650878,-0.6591055848757281,-0.5116221469506538,-0.3594268983019916,-0.3651631791265702,-0.42325597573844204,1.0703285790904735,1.2737858140418268,-0.36178109895885846,-0.27628609734280557,3.0538372592954723,11,-0.2524638143380212,-0.13390012800142995,0.2594372608313855,-0.19045630171289915,-0.21844944461841845,0.18142037231856797,-0.04374340862676541,0.28273098255859686,-0.5946919678164199,0.747975444852206,-0.706850021142412,0.2594372608313855,0.6474964831522124,0.3799077478904802,0.692820323027551,-0.7023478730193123,1.3860204297119676,1.4142135623730951,1.4087274236616798,4.671387752763084,0.31465838776377636,-0.7201168211946403,0.6644986392449885,0.692820323027551,0.39528470752104716,0.6224949798994368,0.6364458273405843,0.48304589153964783,0.6294646824620143,0.6364458273405843,-0.692820323027551,0.6644986392449885,0.5808178695515155,0.6364458273405843,0.13545709229571956,7,-0.6441828121668849,0.5808178695515155,3,3,-0.5677568380622697,0.21226220883941296,0.16528752228858734,-1.2575354264740253,0.7071067811865477,1.061714561457424,-0.7236921049769731,0.8103804155521328,0.7071067811865476,-0.7801894976054942,-0.7952062255644575,-1.266831073287107,-0.8103804155521329,-1.0141747588311316,0.8103804155521328,0.7505866250408014,1.4142135623730951,0.7653197277702214,1.2575354264740257,0.7702962057920756,-0.697100061399229,-0.012174796987446761,-1.3322912594474225,-0.7784161803042005,-1.3066434376564753,0.7801894976054942,0.7505866250408014,-0.8038480050980997,0.8103804155521328,-1.302680371827691,0.744789942196904,-0.7801894976054942,0.5252257314388904,-0.32165947649336707,3,-0.531010299868022,-0.650443635587991,-0.650443635587991,-0.5614075543151804,-1.5712256362470671,1.5374122295716146,0.6224942905893636,1.4269882309601833,-0.6521390211351347,0.6880465120494014,-0.5946919678164198,0.7957229955396,0.6504436355879909,-1.4111900635176697,-1.956038587687303,0.0,1.82138412342361,0.6364458273405843,-1.2514633102014774,0.6644986392449885,1.537627832978164,0.6504436355879908,0.6504436355879908,0.6504436355879909,1.5712256362470671,-0.6625585964979888,-0.6750400534673922,-1.537412229571615,1.6784307539552568,-0.6364458273405841,0.5946919678164199,-1.854723699099141,0.6168318932684945,-1.681542805549877,-0.6192793387082055,-0.8409249421994665,-1.6367432867871978,0.6644986392449885,1.6064386578049983,-0.5808178695515155,1.2592514783450863,-1.537412229571615,0.6505344596812522,1.5408921788809073,0.35493211383840495,-1.592852821436611,-1.5368939106296922,1.1260663997188436,0.5260444381952618,1.6064386578049983,-1.7217101133134212,1.5048939771136507,-1.5712256362470671,0.6644986392449885,0.6364458273405843,-0.5740400451217759,1.5048939771136507,1.157779727107914,-0.40097078343799125,0.8257228238447705,1.1669199319831565,1.1644523121920904,0.42146750812673783,0.7952062255644573,-0.8412444993533732,-0.8569568250501305,0.8431093201460879,-0.7801894976054942,-1.3066434376564753,0.7801894976054942,-0.7801894976054942,-1.1887150534341144,-1.2369409068906594,0.7359800721939873,0.7653197277702213,0.8103804155521328,-0.8257228238447706,-1.4433756729740643,0.2415999856431615,0.45961603869494483,0.24743114516800238,0.6541374908189723,0.17468645627487273,0.9295564175524124,7,19,0.2641042197288675,0.6735070822638015,-0.6829249992655481,0.0,-0.2786932057166471,-0.0953462589245592,-0.2171861213815347,-0.13545709229571928,-0.3481553119113957,1.956038587687303,-0.1933472978091327,-0.1354570922957193,-0.23904572186687878,-0.4252658742831209,-0.2970442628930023,0.48304589153964783,-1.4142135623730951,-0.7071067811865475,-0.43994134506405985,1
VAR_001901,-0.32052099466898415,-0.6178873950590471,-0.46628029494963774,-0.3637883392290882,-0.36536558736692926,-0.41843025597003786,-0.42443271488895634,-0.2801355691055888,-0.35842643800648516,-0.27628609734280557,-0.4787183097735646,8,-0.2524638143380212,-0.13390012800142995,0.2594372608313855,-0.19045630171289915,-0.21844944461841845,0.18142037231856797,-0.04374340862676541,0.697824141595846,-0.5946919678164199,0.6813100046641409,-0.706850021142412,0.2594372608313855,0.6474964831522124,0.3799077478904802,0.692820323027551,-0.7023478730193123,-0.7214900866993804,-0.7071067811865475,-0.7169777311937657,-0.30143249075645984,0.31465838776377636,-0.7201168211946403,0.6644986392449885,0.692820323027551,0.39528470752104716,0.6224949798994368,0.6364458273405843,0.48304589153964783,0.6294646824620143,0.6364458273405843,-0.692820323027551,0.6644986392449885,0.5808178695515155,0.6364458273405843,0.13545709229571956,7,-0.6441828121668849,0.5808178695515155,4,4,0.5529848454261598,-0.9032136375684042,0.03229127060039506,-1.2575354264740253,0.7071067811865477,-1.2062824067924915,-0.7236921049769731,-1.2339883600452934,-1.414213562373095,1.2817398889233116,-0.7952062255644575,0.8044359715257337,1.2339883600452934,-1.0141747588311316,0.8103804155521328,0.7505866250408014,-0.7071067811865475,0.7653197277702214,-0.7952062255644575,-1.3057907127551411,-0.697100061399229,-0.3416557242926395,0.7505866250408014,-0.7784161803042005,0.7653197277702213,-1.2817398889233116,0.7505866250408014,-0.8038480050980997,0.8103804155521328,0.774796559793369,-1.355089606998247,-0.7801894976054942,0.5252257314388904,-0.2858108337269177,4,-0.24109715321411052,-0.650443635587991,-0.650443635587991,-0.5614075543151804,0.6364458273405843,-0.6504436355879909,0.6224942905893636,-0.04317640632301402,-0.6521390211351347,0.6143345887403254,-0.5946919678164198,0.5541574035725814,0.6504436355879909,0.6363702064530034,0.511237358145545,0.0,-0.5529034969755533,0.6364458273405843,-0.036104816082660626,0.6644986392449885,-0.6504434913084749,0.6504436355879908,0.6504436355879908,0.6504436355879909,-0.6364458273405841,-0.6625585964979888,-0.6404697126766912,0.6504436355879909,-0.6014526837662519,-0.6364458273405841,0.5946919678164199,0.5391638660171922,0.6168318932684945,0.5946919678164199,-0.6192793387082055,-0.512827177935708,0.6177633762829701,0.6644986392449885,-0.6224949798994368,-0.5808178695515155,0.0,0.6504436355879909,0.6505344596812522,-0.6532842835829492,-0.42273371085728334,0.6344296941043057,0.6263405403167476,0.19844947412329558,-0.40084958818085237,-0.6224949798994368,0.5808178695515155,-0.6644986392449885,0.6364458273405843,0.6644986392449885,0.6364458273405843,-0.5740400451217759,-0.6644986392449885,1.157779727107914,1.0793290751962181,-1.2110601416389968,1.1669199319831565,-1.0985891688763187,-0.5415413739780185,-1.2575354264740253,-0.8412444993533732,1.1669199319831565,-1.2222728509796579,1.2817398889233116,0.7653197277702213,0.7801894976054942,1.2817398889233116,-1.1887150534341144,-1.2369409068906594,0.7359800721939873,0.7653197277702213,0.8103804155521328,1.2110601416389966,-1.4433756729740643,-0.011485765963647957,0.2924382533129985,-3.665647108438849,-0.5031592671676024,0.5766896060943527,-2.153087930256237,21,1,-0.2916411525915932,0.6735070822638015,0.6829249992655481,0.0,-0.2786932057166471,-0.0953462589245592,-0.2171861213815347,-0.13545709229571928,-0.3481553119113957,-0.511237358145545,-0.1933472978091327,-0.1354570922957193,-0.23904572186687878,2.3514701283890216,-0.2970442628930023,0.48304589153964783,-1.4142135623730951,-0.7071067811865475,-0.43994134506405985,0
VAR_001980,-0.3284197170214678,-0.6585430025172175,-0.5126978664578865,-0.36819801807423247,-0.36930099789450493,-0.42341125391703743,-0.4547425749958408,-0.29738231936676074,-0.36087633506559375,-0.27628609734280557,0.15040728152794328,16,-0.2524638143380212,-0.13390012800142995,0.2594372608313855,-0.19045630171289915,-0.21844944461841845,0.18142037231856797,-0.04374340862676541,-1.442269929462533,-0.5946919678164199,0.747975444852206,-0.706850021142412,0.2594372608313855,-1.5619197047151079,0.3799077478904802,-1.4433756729740643,1.4381309202948076,-0.7214900866993804,1.4142135623730951,-0.7169777311937657,-0.30579199789275546,0.31465838776377636,1.4007099435177204,0.6644986392449885,0.692820323027551,0.39528470752104716,0.6224949798994368,0.6364458273405843,0.48304589153964783,0.6294646824620143,0.6364458273405843,-0.692820323027551,0.6644986392449885,0.5808178695515155,0.6364458273405843,0.13545709229571956,7,-0.6441828121668849,0.5808178695515155,3,3,0.45331356153347413,0.4758208148233625,0.16528752228858734,0.7952062255644573,0.7071067811865477,-0.3413438280314543,-0.7236921049769731,0.8103804155521328,-1.414213562373095,1.2817398889233116,-0.7952062255644575,0.8044359715257337,1.2339883600452934,1.245970697341249,-1.2339883600452934,-1.3322912594474225,1.4142135623730951,-1.3066434376564755,-0.7952062255644575,-1.3057907127551411,-0.697100061399229,-0.3270960283960412,-1.3322912594474225,1.2959348548055658,0.7653197277702213,-1.2817398889233116,-1.3322912594474225,-0.8038480050980997,-1.2339883600452934,-1.302680371827691,0.744789942196904,1.2817398889233116,0.5252257314388904,-0.2858108337269177,3,-0.4902924589438764,-0.650443635587991,-0.650443635587991,-0.5614075543151804,0.6364458273405843,-0.6504436355879909,0.6224942905893636,-0.04317640632301402,-0.6521390211351347,0.6143345887403254,-0.5946919678164198,0.5541574035725814,0.6504436355879909,0.6363702064530034,0.511237358145545,0.0,-0.5529034969755533,0.6364458273405843,-0.036104816082660626,0.6644986392449885,-0.6504434913084749,0.6504436355879908,0.6504436355879908,0.6504436355879909,-0.6364458273405841,-0.6625585964979888,-0.6404697126766912,0.6504436355879909,-0.6014526837662519,-0.6364458273405841,0.5946919678164199,0.5391638660171922,0.6168318932684945,0.5946919678164199,-0.6192793387082055,-0.512827177935708,0.6177633762829701,0.6644986392449885,-0.6224949798994368,-0.5808178695515155,0.0,0.6504436355879909,0.6505344596812522,-0.6532842835829492,-0.42273371085728334,0.6344296941043057,0.6263405403167476,0.19844947412329558,-0.40084958818085237,-0.6224949798994368,0.5808178695515155,-0.6644986392449885,0.6364458273405843,0.6644986392449885,0.6364458273405843,-0.5740400451217759,-0.6644986392449885,-0.9420990827761717,-0.39516104462531054,0.8257228238447705,-0.8569568250501305,1.1644523121920904,0.43022970660973714,0.7952062255644573,-0.8412444993533732,1.1669199319831565,-1.2222728509796579,1.2817398889233116,-1.3066434376564753,0.7801894976054942,-0.7801894976054942,0.8412444993533732,0.8103161482138753,-1.358732440973515,-1.3066434376564753,-1.2339883600452934,-0.8257228238447706,0.692820323027551,0.2415999856431615,0.45961603869494483,0.18810306709830818,0.9385283424440177,0.4871602939792688,0.42905772961534505,7,4,-0.4861520329037543,-0.012357928114932163,-0.6829249992655481,0.0,-0.2786932057166471,-0.0953462589245592,-0.2171861213815347,-0.13545709229571928,-0.3481553119113957,1.956038587687303,-0.1933472978091327,-0.1354570922957193,-0.23904572186687878,-0.4252658742831209,-0.2970442628930023,0.48304589153964783,-1.4142135623730951,1.4142135623730951,-0.43994134506405985,1
VAR_001857,-0.2631724583499962,-0.6591064073925373,-0.512374899812426,-0.34578375303156733,-0.37003917133421804,-0.31640177711877765,0.7540123080548086,-0.11977682739476772,-0.361813415993811,-0.3010947550008181,2.0171596615726277,24,-0.2524638143380212,-0.13390012800142995,0.2594372608313855,-0.19045630171289915,-0.21844944461841845,0.18142037231856797,-0.04374340862676541,-1.442269929462533,-0.5946919678164199,0.747975444852206,1.421478726952682,0.2594372608313855,-1.5619197047151079,0.3799077478904802,-1.4433756729740643,-0.7023478730193123,1.3860204297119676,-0.7071067811865475,-0.7169777311937657,1.0261804110952453,0.31465838776377636,-0.7201168211946403,0.6644986392449885,0.692820323027551,0.39528470752104716,0.6224949798994368,0.6364458273405843,0.48304589153964783,0.6294646824620143,0.6364458273405843,-0.692820323027551,0.6644986392449885,0.5808178695515155,0.6364458273405843,0.13545709229571956,7,-0.6441828121668849,0.5808178695515155,0,0,-1.6743170989862388,0.07381650290322772,-0.4527921205513853,0.7952062255644573,0.7071067811865477,1.061714561457424,1.3858480726431406,-1.2339883600452934,-1.414213562373095,1.2817398889233116,-0.7952062255644575,0.8044359715257337,-0.8103804155521329,1.245970697341249,-1.2339883600452934,-1.3322912594474225,1.4142135623730951,0.7653197277702214,1.2575354264740257,0.7702962057920756,-0.697100061399229,-0.22930471118051984,-1.3322912594474225,-0.7784161803042005,0.7653197277702213,0.7801894976054942,0.7505866250408014,1.2679033218677906,-1.2339883600452934,0.774796559793369,-1.355089606998247,-0.7801894976054942,0.5252257314388904,-0.31805856184661907,0,0.4445291025409352,-0.650443635587991,-0.650443635587991,-0.5614075543151804,-1.5712256362470671,-0.6504436355879909,0.6224942905893636,1.4262039447264685,1.5372849568475617,0.6880465120494014,1.6815428055498767,0.7957229955396,0.6504436355879909,0.6363702064530034,-1.956038587687303,0.0,-0.5529034969755533,-1.5712256362470671,1.297125283482489,-1.5048939771136507,-0.6504434913084749,-1.5374122295716148,-1.5374122295716148,-1.537412229571615,1.5712256362470671,1.5245174993067014,0.5058647907321862,-1.537412229571615,1.6784307539552568,-0.6364458273405841,0.5946919678164199,0.5391638660171922,0.6168318932684945,0.5946919678164199,1.6332105135219068,1.4895004907652145,0.6177633762829701,0.6644986392449885,1.6064386578049983,-0.5808178695515155,-1.2592514783450863,0.6504436355879909,-1.537411885367203,-0.6532842835829492,1.7388838791286854,0.6344296941043057,-1.5368939106296922,-1.377046616992424,-0.4112517638753312,-0.6224949798994368,0.5808178695515155,-0.6644986392449885,-1.5712256362470671,0.6644986392449885,-1.5712256362470671,-0.5740400451217759,-0.6644986392449885,-0.9420990827761717,-0.3178350240185105,-1.2110601416389968,-0.8569568250501305,1.1644523121920904,0.45258670420886155,0.7952062255644573,1.1887150534341144,1.1669199319831565,0.8224229811916453,1.2817398889233116,0.7653197277702213,-1.2817398889233116,-0.7801894976054942,-1.1887150534341144,-1.2369409068906594,-1.358732440973515,-1.3066434376564753,0.8103804155521328,1.2110601416389966,-1.4433756729740643,0.23524840007050798,-0.7801785067616772,-0.060543516953906175,0.28505645147513087,-0.06642543278821088,-0.712858423755943,0,5,-1.097471942456261,-0.012357928114932163,-0.6829249992655481,0.0,-0.2786932057166471,-0.0953462589245592,4.604345773288536,-0.13545709229571928,-0.3481553119113957,-0.511237358145545,-0.1933472978091327,-0.1354570922957193,-0.23904572186687878,-0.4252658742831209,-0.2970442628930023,-2.0701966780270626,-1.4142135623730951,-0.7071067811865475,-0.43994134506405985,1
VAR_001848,-0.1568749122369613,-0.6399288320265359,-0.5064846819520036,-0.36868970884367896,-0.33670064634206004,-0.4233454076321598,2.958622924895133,-0.28365193889430923,-0.31717471922620216,-0.20663942006968003,-0.45287837376871076,15,-0.2524638143380212,-0.13390012800142995,0.2594372608313855,-0.19045630171289915,-0.21844944461841845,0.18142037231856797,-0.04374340862676541,0.697824141595846,-0.5946919678164199,0.747975444852206,1.421478726952682,0.2594372608313855,-1.5619197047151079,0.3799077478904802,-1.4433756729740643,-0.7023478730193123,-0.7214900866993804,-0.7071067811865475,-0.7169777311937657,-0.2181782348432295,0.31465838776377636,-0.7201168211946403,0.6644986392449885,0.692820323027551,0.39528470752104716,0.6224949798994368,0.6364458273405843,0.48304589153964783,0.6294646824620143,0.6364458273405843,-0.692820323027551,0.6644986392449885,0.5808178695515155,0.6364458273405843,0.13545709229571956,6,-0.6441828121668849,0.5808178695515155,2,2,0.45427309857722303,-0.2859011482830656,0.7622342562841687,0.7952062255644573,0.7071067811865477,-1.2062824067924915,-0.7236921049769731,0.8103804155521328,0.7071067811865476,-0.7801894976054942,1.2575354264740257,0.8044359715257337,-0.8103804155521329,1.245970697341249,-1.2339883600452934,0.7505866250408014,-0.7071067811865475,-1.3066434376564755,1.2575354264740257,-1.3057907127551411,1.4628885360348514,-0.2692349720369805,0.7505866250408014,1.2959348548055658,0.7653197277702213,0.7801894976054942,-1.3322912594474225,-0.8038480050980997,-1.2339883600452934,0.774796559793369,0.744789942196904,-0.7801894976054942,0.5252257314388904,-0.2969364502247515,2,-0.45317709516843835,-0.650443635587991,1.5374122295716148,-0.5614075543151804,0.6364458273405843,-0.6504436355879909,0.6224942905893636,-1.3496253737921626,-0.6521390211351347,0.6880465120494014,-0.5946919678164198,-1.496569123587275,-1.537412229571615,-1.5761953627828909,-1.956038587687303,0.0,-0.5529034969755533,-1.5712256362470671,-1.2514633102014774,-1.5048939771136507,-0.6504434913084749,-1.5374122295716148,0.6504436355879908,-1.537412229571615,-0.6364458273405841,-0.6625585964979888,1.5935538188500968,0.6504436355879909,-0.6014526837662519,-0.6364458273405841,0.5946919678164199,0.5391638660171922,0.6168318932684945,-1.681542805549877,-0.6192793387082055,1.4895004907652145,-1.6367432867871978,0.6644986392449885,1.6064386578049983,1.7217101133134212,-1.2592514783450863,-1.537412229571615,-1.537411885367203,-0.6532842835829492,-0.862248612055567,-0.7415083697052035,0.6829670909172587,1.1260663997188436,-0.41071016426019014,1.6064386578049983,-1.7217101133134212,-0.6644986392449885,-1.5712256362470671,-1.5048939771136507,-1.5712256362470671,-0.5740400451217759,1.5048939771136507,-0.9420990827761717,-0.3904312587979148,-1.2110601416389968,-0.8569568250501305,-1.1205975460487723,-0.5498400217224435,-1.2575354264740253,-0.8412444993533732,-0.8569568250501305,0.8431093201460879,-0.7801894976054942,0.7653197277702213,-1.2817398889233116,-0.7801894976054942,0.8412444993533732,0.8103161482138753,-1.358732440973515,0.7653197277702213,0.8103804155521328,1.2110601416389966,-1.4433756729740643,-0.01788032782805203,0.45961603869494483,0.24743114516800238,-1.0170237683796004,-0.48234985394696217,-0.8822408673149125,19,12,1.0977222782095584,-0.012357928114932163,-1.3658499985310961,0.0,-0.2786932057166471,-0.0953462589245592,-0.2171861213815347,-0.13545709229571928,2.8722813232690143,-0.511237358145545,-0.1933472978091327,-0.1354570922957193,-0.23904572186687878,-0.4252658742831209,-0.2970442628930023,0.48304589153964783,0.7071067811865477,-0.7071067811865475,-0.43994134506405985,0
VAR_001782,-0.32052099466898415,-0.6178873950590471,-0.46628029494963774,-0.3637883392290882,-0.36536558736692926,-0.41843025597003786,-0.42443271488895634,-0.2801355691055888,-0.35842643800648516,-0.27628609734280557,-0.4787183097735646,8,-0.2524638143380212,-0.13390012800142995,0.2594372608313855,-0.19045630171289915,-0.21844944461841845,0.18142037231856797,-0.04374340862676541,0.697824141595846,-0.5946919678164199,0.6813100046641409,-0.706850021142412,0.2594372608313855,0.6474964831522124,0.3799077478904802,0.692820323027551,-0.7023478730193123,-0.7214900866993804,-0.7071067811865475,-0.7169777311937657,-0.30143249075645984,0.31465838776377636,-0.7201168211946403,0.6644986392449885,0.692820323027551,0.39528470752104716,0.6224949798994368,0.6364458273405843,0.48304589153964783,0.6294646824620143,0.6364458273405843,-0.692820323027551,0.6644986392449885,0.5808178695515155,0.6364458273405843,0.13545709229571956,7,-0.6441828121668849,0.5808178695515155,4,4,0.5887671548269399,0.5550814520740951,0.16528752228858734,0.7952062255644573,0.7071067811865477,0.23963461650811477,-0.7236921049769731,0.8103804155521328,0.7071067811865476,-0.7801894976054942,-0.7952062255644575,0.8044359715257337,-0.8103804155521329,-0.32093834618342654,0.8103804155521328,0.7505866250408014,-0.7071067811865475,0.7653197277702214,-0.7952062255644575,0.7702962057920756,-0.697100061399229,-0.3347234619027419,0.7505866250408014,-0.7784161803042005,0.7653197277702213,0.7801894976054942,0.7505866250408014,-0.8038480050980997,0.8103804155521328,0.774796559793369,0.744789942196904,-0.7801894976054942,0.5252257314388904,-0.2858108337269177,4,-0.4972765340376519,-0.650443635587991,-0.650443635587991,-0.5614075543151804,0.6364458273405843,-0.6504436355879909,0.6224942905893636,-0.04317640632301402,-0.6521390211351347,0.6143345887403254,-0.5946919678164198,0.5541574035725814,0.6504436355879909,0.6363702064530034,0.511237358145545,0.0,-0.5529034969755533,0.6364458273405843,-0.036104816082660626,0.6644986392449885,-0.6504434913084749,0.6504436355879908,0.6504436355879908,0.6504436355879909,-0.6364458273405841,-0.6625585964979888,-0.6404697126766912,0.6504436355879909,-0.6014526837662519,-0.6364458273405841,0.5946919678164199,0.5391638660171922,0.6168318932684945,0.5946919678164199,-0.6192793387082055,-0.512827177935708,0.6177633762829701,0.6644986392449885,-0.6224949798994368,-0.5808178695515155,0.0,0.6504436355879909,0.6505344596812522,-0.6532842835829492,-0.42273371085728334,0.6344296941043057,0.6263405403167476,0.19844947412329558,-0.40084958818085237,-0.6224949798994368,0.5808178695515155,-0.6644986392449885,0.6364458273405843,0.6644986392449885,0.6364458273405843,-0.5740400451217759,-0.6644986392449885,-0.5962935460936415,-0.3864434311603601,0.8257228238447705,-0.8569568250501305,0.010878735949195884,-0.18088445269715026,0.7952062255644573,-0.8412444993533732,-0.8569568250501305,0.8327661506688665,-0.7801894976054942,0.7653197277702213,0.7801894976054942,-0.7801894976054942,0.8412444993533732,0.8103161482138753,0.7359800721939873,0.7653197277702213,0.8103804155521328,-0.8257228238447706,0.692820323027551,0.07735692871747375,0.45961603869494483,0.24743114516800238,-0.30622054507276936,-0.09837763070621455,0.19858354089608704,22,7,0.5141896372730748,-0.6982229384936658,-1.3658499985310961,0.0,-0.2786932057166471,-0.0953462589245592,-0.2171861213815347,-0.13545709229571928,-0.3481553119113957,-0.511237358145545,-0.1933472978091327,-0.1354570922957193,-0.23904572186687878,-0.4252658742831209,3.3665016461206925,0.48304589153964783,-1.4142135623730951,-0.7071067811865475,-0.43994134506405985,1
VAR_001982,-0.3283735291708234,-0.659108076636858,-0.5128282506837983,-0.36868965025891404,-0.3706565877282316,-0.4234115687204063,3.599665732641635,2.454366114068532,-0.2956958750912489,-0.27628609734280557,-0.23627519374679776,13,-0.2524638143380212,-0.13390012800142995,0.2594372608313855,-0.19045630171289915,-0.21844944461841845,0.18142037231856797,-0.04374340862676541,0.697824141595846,-0.5946919678164199,0.6813100046641409,-0.706850021142412,0.2594372608313855,0.6474964831522124,0.3799077478904802,0.692820323027551,-0.7023478730193123,-0.7214900866993804,-0.7071067811865475,-0.7169777311937657,-0.30143249075645984,0.31465838776377636,-0.7201168211946403,0.6644986392449885,0.692820323027551,0.39528470752104716,0.6224949798994368,0.6364458273405843,0.48304589153964783,0.6294646824620143,0.6364458273405843,-0.692820323027551,0.6644986392449885,0.5808178695515155,0.6364458273405843,0.13545709229571956,7,-0.6441828121668849,0.5808178695515155,4,4,1.0866747330941082,0.7790374881843286,0.16528752228858734,0.7952062255644573,0.7071067811865477,0.23963461650811477,-0.7236921049769731,0.8103804155521328,0.7071067811865476,-0.7801894976054942,-0.7952062255644575,0.8044359715257337,-0.8103804155521329,-0.32093834618342654,0.8103804155521328,0.7505866250408014,-0.7071067811865475,0.7653197277702214,-0.7952062255644575,0.7702962057920756,-0.697100061399229,-0.3347234619027419,0.7505866250408014,-0.7784161803042005,0.7653197277702213,0.7801894976054942,0.7505866250408014,-0.8038480050980997,0.8103804155521328,0.774796559793369,0.744789942196904,-0.7801894976054942,0.5252257314388904,-0.2858108337269177,4,-0.5351449026600407,1.5374122295716148,-0.650443635587991,-0.5614075543151804,0.6364458273405843,-0.6504436355879909,0.6224942905893636,-0.40206110864084055,-0.6521390211351347,0.6880465120494014,1.6815428055498767,-1.496569123587275,-1.537412229571615,0.6363702064530034,0.511237358145545,0.0,-0.5529034969755533,-1.5712256362470671,-1.2514633102014774,-1.5048939771136507,-0.6504434913084749,0.6504436355879908,-1.5374122295716148,0.6504436355879909,-0.6364458273405841,-0.6625585964979888,-0.6750400534673922,-1.537412229571615,1.6784307539552568,-0.6364458273405841,0.5946919678164199,-1.854723699099141,-1.6383189672381482,-1.681542805549877,-0.6192793387082055,1.4895004907652145,0.6177633762829701,0.6644986392449885,1.6064386578049983,-0.5808178695515155,-1.2592514783450863,0.6504436355879909,-1.537411885367203,-0.6532842835829492,-0.05273867805060851,0.6344296941043057,-1.5368939106296922,1.1260663997188436,-0.31490814082249124,-0.6224949798994368,0.5808178695515155,1.5048939771136507,0.6364458273405843,0.6644986392449885,-1.5712256362470671,-0.5740400451217759,-0.6644986392449885,-0.9420990827761717,1.2546838220282686,0.8257228238447705,1.1669199319831565,1.1644523121920904,0.45193669744923476,0.7952062255644573,1.1887150534341144,1.1669199319831565,-1.2222728509796579,-0.7801894976054942,0.7653197277702213,0.7801894976054942,1.2817398889233116,-1.1887150534341144,-1.2369409068906594,-1.358732440973515,0.7653197277702213,-1.2339883600452934,1.2110601416389966,-1.4433756729740643,0.10352474985113912,0.01704188438723077,0.0752494062898086,0.42356204283088617,0.1015907906840648,-0.11343878505955242,9,13,-1.8477281950888826,-1.3840879488723994,-0.6829249992655481,0.0,-0.2786932057166471,-0.0953462589245592,-0.2171861213815347,-0.13545709229571928,-0.3481553119113957,-0.511237358145545,-0.1933472978091327,-0.1354570922957193,4.183300132670379,-0.4252658742831209,-0.2970442628930023,0.48304589153964783,-1.4142135623730951,-0.7071067811865475,-0.43994134506405985,1
VAR_001879,-0.3249942276815822,-0.6591080455403908,-0.5116200363324025,0.6539194087758124,-0.34948933057000053,-0.42285151115844294,-0.4549018001280813,-0.2695781417524032,-0.3618134164352043,-0.2537294607262224,-0.5923506511563322,11,-0.2524638143380212,-0.13390012800142995,0.2594372608313855,-0.19045630171289915,-0.21844944461841845,0.18142037231856797,-0.04374340862676541,0.697824141595846,-0.5946919678164199,0.747975444852206,-0.706850021142412,0.2594372608313855,-1.5619197047151079,0.3799077478904802,0.692820323027551,-0.7023478730193123,1.3860204297119676,-0.7071067811865475,-0.7169777311937657,-0.23551973800184847,-3.1780497164141424,1.4007099435177204,-1.5048939771136507,0.692820323027551,0.39528470752104716,-1.606438657804998,0.6364458273405843,0.48304589153964783,-1.6034002731552304,-1.5712256362470671,1.4433756729740643,0.6644986392449885,0.5808178695515155,-1.5712256362470671,0.13545709229571956,1,1.567489267387442,-1.7217101133134212,4,4,-0.5360156892619511,0.008733692897997867,0.055487369429063925,0.7952062255644573,0.7071067811865477,-1.2062824067924915,1.3858480726431406,0.8103804155521328,0.7071067811865476,-0.7801894976054942,-0.7952062255644575,0.8044359715257337,1.2339883600452934,1.245970697341249,-1.2339883600452934,0.7505866250408014,1.4142135623730951,-1.3066434376564755,1.2575354264740257,-1.3057907127551411,-0.697100061399229,-0.3416557223966354,0.7505866250408014,-0.7784161803042005,0.7653197277702213,-1.2817398889233116,-1.3322912594474225,1.2679033218677906,0.8103804155521328,0.774796559793369,0.744789942196904,1.2817398889233116,-1.9039432764659776,-0.2895744844937261,4,-0.11919968699146918,1.5374122295716148,1.5374122295716148,-0.5614075543151804,-1.5712256362470671,-0.6504436355879909,-1.6381247050570276,-1.3482482694310935,-0.6521390211351347,0.6880465120494014,-0.5946919678164198,0.7957229955396,0.6504436355879909,-1.5761953627828909,0.511237358145545,0.0,-0.5529034969755533,0.6364458273405843,-1.2514633102014774,0.6644986392449885,-0.6504434913084749,0.6504436355879908,-1.5374122295716148,-1.537412229571615,1.5712256362470671,-0.6625585964979888,1.5935538188500968,0.6504436355879909,1.6784307539552568,1.5712256362470671,0.5946919678164199,0.5391638660171922,0.6168318932684945,0.5946919678164199,1.6332105135219068,1.4895004907652145,-1.6367432867871978,0.6644986392449885,-0.6224949798994368,-0.5808178695515155,-1.2592514783450863,-1.537412229571615,-1.537411885367203,-0.6532842835829492,-0.8454213488437058,-1.592852821436611,0.6829670909172587,-1.377046616992424,-0.4012285487864548,1.6064386578049983,-1.7217101133134212,1.5048939771136507,-1.5712256362470671,0.6644986392449885,0.6364458273405843,-0.5740400451217759,-0.6644986392449885,1.157779727107914,-0.23600193983283238,-1.2110601416389968,1.1669199319831565,-1.1205975460487723,0.4529003848026396,-1.2575354264740253,1.1887150534341144,1.1669199319831565,0.8431093201460879,1.2817398889233116,0.7653197277702213,0.7801894976054942,-0.7801894976054942,0.8412444993533732,0.8103161482138753,0.7359800721939873,0.7653197277702213,0.8103804155521328,1.2110601416389966,-1.4433756729740643,-0.04693412971259356,0.45961603869494483,0.24743114516800238,-0.0070904039515983465,0.04092156746048586,-0.13379747477705758,11,19,-0.9029610621440995,-0.6982229384936658,-0.6829249992655481,0.0,-0.2786932057166471,-0.0953462589245592,-0.2171861213815347,-0.13545709229571928,-0.3481553119113957,-0.511237358145545,-0.1933472978091327,-0.1354570922957193,-0.23904572186687878,2.3514701283890216,-0.2970442628930023,0.48304589153964783,0.7071067811865477,-0.7071067811865475,-0.43994134506405985,1
VAR_001886,-0.25602673351397537,1.7976073660168939,1.5937873809353513,1.7814517785806125,-0.36381202803446144,-0.42176357031999906,0.5883415960403768,-0.2958775803665884,-0.3608553240936692,-0.3011046340535343,0.2957657040925552,18,-0.2524638143380212,-0.13390012800142995,0.2594372608313855,-0.19045630171289915,-0.21844944461841845,0.18142037231856797,-0.04374340862676541,0.697824141595846,1.681542805549877,-1.4345020915948083,1.421478726952682,0.2594372608313855,-1.5619197047151079,0.3799077478904802,-1.4433756729740643,1.4381309202948076,1.3860204297119676,-0.7071067811865475,-0.7169777311937657,-0.3219419671193416,0.31465838776377636,1.4007099435177204,-1.5048939771136507,-1.4433756729740643,-2.529822128134703,-1.606438657804998,0.6364458273405843,-2.0701966780270626,0.6294646824620143,-1.5712256362470671,1.4433756729740643,-1.5048939771136507,-1.7217101133134212,0.6364458273405843,0.13545709229571956,3,1.567489267387442,-1.7217101133134212,4,4,-1.801231730945693,-0.24123308044162547,0.16528752228858734,-1.2575354264740253,0.7071067811865477,-1.2062824067924915,1.3858480726431406,-1.2339883600452934,0.7071067811865476,-0.7801894976054942,1.2575354264740257,-1.266831073287107,1.2339883600452934,-1.0141747588311316,-1.2339883600452934,-1.3322912594474225,1.4142135623730951,-1.3066434376564755,-0.7952062255644575,-1.3057907127551411,-0.697100061399229,-0.3416111115336101,0.7505866250408014,1.2959348548055658,-1.3066434376564753,-1.2817398889233116,-1.3322912594474225,-0.8038480050980997,0.8103804155521328,-1.302680371827691,-1.355089606998247,1.2817398889233116,0.5252257314388904,-0.32056121742146865,4,-0.5343455607019354,1.5374122295716148,1.5374122295716148,-0.5614075543151804,-1.5712256362470671,-0.6504436355879909,-0.10892112233125424,1.3612185194429687,1.5372849568475617,-1.60655129941166,1.6815428055498767,-1.496569123587275,0.6504436355879909,0.6363702064530034,0.511237358145545,0.0,1.82138412342361,-1.5712256362470671,1.297125283482489,0.6644986392449885,-0.6504434913084749,-1.5374122295716148,-1.5374122295716148,0.6504436355879909,-0.6364458273405841,-0.6625585964979888,1.5935538188500968,-1.537412229571615,-0.6014526837662519,-0.6364458273405841,0.5946919678164199,0.5391638660171922,-1.6383189672381482,-1.681542805549877,-0.6192793387082055,1.4895004907652145,-1.6367432867871978,-1.5048939771136507,-0.6224949798994368,1.7217101133134212,-1.2592514783450863,-1.537412229571615,-1.537411885367203,-0.6532842835829492,-0.862248612055567,-1.592852821436611,-1.5368939106296922,-1.377046616992424,-0.41125177918376626,-0.6224949798994368,0.5808178695515155,1.5048939771136507,0.6364458273405843,-1.5048939771136507,0.6364458273405843,1.7855442753082797,-0.6644986392449885,-0.9420990827761717,-0.40106062279273563,-1.2110601416389968,-0.8569568250501305,0.14321097680092823,-0.549840038966581,-1.2575354264740253,1.1887150534341144,-0.8569568250501305,0.8431093201460879,-0.7801894976054942,0.7653197277702213,-1.2817398889233116,1.2817398889233116,0.8412444993533732,0.8103161482138753,0.7359800721939873,-1.3066434376564753,-1.2339883600452934,-0.8257228238447706,0.692820323027551,0.2415999856431615,0.2576258627920532,0.16582607040428174,0.2847658557013663,0.3967313196561585,-0.05586841130256689,23,13,-0.23606661535954707,-0.6982229384936658,-0.6829249992655481,0.0,-0.2786932057166471,-0.0953462589245592,-0.2171861213815347,-0.13545709229571928,-0.3481553119113957,-0.511237358145545,-0.1933472978091327,-0.1354570922957193,4.183300132670379,-0.4252658742831209,-0.2970442628930023,0.48304589153964783,0.7071067811865477,-0.7071067811865475,-0.43994134506405985,1
VAR_001888,-0.32326151891862565,1.845542438832276,-0.5129086659753413,-0.2759485948125983,-0.3724683427122233,-0.40236214422313016,-0.41621192038568816,0.5616696534719295,3.331152674091191,-0.27255161969791136,-0.30293436657664397,19,-0.2524638143380212,-0.13390012800142995,0.2594372608313855,-0.19045630171289915,-0.21844944461841845,0.18142037231856797,-0.04374340862676541,0.697824141595846,-0.5946919678164199,0.747975444852206,-0.706850021142412,0.2594372608313855,0.6474964831522124,-2.6322179675268975,-1.4433756729740643,-0.7023478730193123,-0.7214900866993804,1.4142135623730951,1.4087274236616798,-0.32175945239870907,-3.1780497164141424,1.4007099435177204,-1.5048939771136507,0.692820323027551,0.39528470752104716,0.6224949798994368,0.6364458273405843,0.48304589153964783,0.6294646824620143,0.6364458273405843,-0.692820323027551,0.6644986392449885,0.5808178695515155,0.6364458273405843,0.13545709229571956,7,-0.6441828121668849,0.5808178695515155,4,4,-1.9609219683015224,-0.16558323080451873,0.16528752228858734,-1.2575354264740253,0.7071067811865477,-1.2062824067924915,1.3858480726431406,0.8103804155521328,0.7071067811865476,-0.7801894976054942,-0.7952062255644575,0.8044359715257337,-0.8103804155521329,1.245970697341249,-1.2339883600452934,0.7505866250408014,-0.7071067811865475,-1.3066434376564755,-0.7952062255644575,-1.3057907127551411,-0.697100061399229,-0.3359497247831428,0.7505866250408014,1.2959348548055658,-1.3066434376564753,-1.2817398889233116,0.7505866250408014,1.2679033218677906,0.8103804155521328,-1.302680371827691,0.744789942196904,-0.7801894976054942,0.5252257314388904,-0.2858108337269177,4,-0.4998422411053012,-0.650443635587991,-0.650443635587991,-0.5614075543151804,0.6364458273405843,1.5374122295716146,0.6224942905893636,-0.9849460793722583,1.5372849568475617,-1.607896063705626,1.6815428055498767,-1.496569123587275,-1.537412229571615,0.6363702064530034,-1.956038587687303,0.0,1.82138412342361,-1.5712256362470671,-1.2514633102014774,-1.5048939771136507,-0.6504434913084749,-1.5374122295716148,0.6504436355879908,0.6504436355879909,-0.6364458273405841,-0.6625585964979888,1.5935538188500968,-1.537412229571615,-0.6014526837662519,-0.6364458273405841,0.5946919678164199,0.5391638660171922,0.6168318932684945,0.5946919678164199,-0.6192793387082055,-0.8409249421994665,-1.6367432867871978,0.6644986392449885,-0.6224949798994368,-0.5808178695515155,1.2592514783450863,-1.537412229571615,0.6505344596812522,-0.6532842835829492,0.09064941079010028,0.6344296941043057,-1.5368939106296922,-1.377046616992424,-0.4112517753902764,-0.6224949798994368,0.5808178695515155,1.5048939771136507,0.6364458273405843,0.6644986392449885,0.6364458273405843,-0.5740400451217759,1.5048939771136507,-0.9420990827761717,-0.39791098392465757,0.8257228238447705,1.1669199319831565,-1.1205975460487723,-0.2350891421509328,0.7952062255644573,-0.8412444993533732,-0.8569568250501305,-1.2222728509796579,-0.7801894976054942,0.7653197277702213,0.7801894976054942,-0.7801894976054942,0.8412444993533732,-1.2369409068906594,-1.358732440973515,0.7653197277702213,0.8103804155521328,1.2110601416389966,0.692820323027551,0.21199595584634667,0.24647205241050266,0.24743114516800238,0.2489244722655832,0.5190080596523168,-0.10359999558567608,23,4,-0.23606661535954707,-1.3840879488723994,-0.6829249992655481,0.0,-0.2786932057166471,-0.0953462589245592,-0.2171861213815347,-0.13545709229571928,-0.3481553119113957,-0.511237358145545,-0.1933472978091327,-0.1354570922957193,-0.23904572186687878,-0.4252658742831209,3.3665016461206925,0.48304589153964783,-1.4142135623730951,-0.7071067811865475,-0.43994134506405985,1
VAR_001815,1.7766897767784813,-0.6485718604164613,0.7526706480186727,0.6876489045842694,-0.3724523793006282,0.27432191930321437,-0.45490213898728493,-0.29272905142607136,2.174614166648018,-0.2945768060425507,-0.5785591044273544,9,-0.2524638143380212,-0.13390012800142995,0.2594372608313855,-0.19045630171289915,-0.21844944461841845,0.18142037231856797,-0.04374340862676541,-1.442269929462533,1.681542805549877,0.747975444852206,1.421478726952682,-3.8544964466377265,-1.5619197047151079,-2.6322179675268975,0.692820323027551,-0.7023478730193123,-0.7214900866993804,-0.7071067811865475,-0.7169777311937657,-0.31786396191904237,0.31465838776377636,1.4007099435177204,0.6644986392449885,0.692820323027551,0.39528470752104716,0.6224949798994368,0.6364458273405843,0.48304589153964783,0.6294646824620143,0.6364458273405843,-0.692820323027551,0.6644986392449885,0.5808178695515155,-1.5712256362470671,0.13545709229571956,0,-0.6441828121668849,-1.7217101133134212,4,4,0.20793173126781914,0.60599023795565,0.16528752228858734,-1.2575354264740253,-1.4142135623730951,1.061714561457424,1.3858480726431406,0.8103804155521328,0.7071067811865476,1.2817398889233116,-0.7952062255644575,-1.266831073287107,-0.8103804155521329,-1.0141747588311316,0.8103804155521328,0.7505866250408014,-0.7071067811865475,0.7653197277702214,-0.7952062255644575,0.7702962057920756,1.4628885360348514,-0.3074463150496335,0.7505866250408014,-0.7784161803042005,-1.3066434376564753,-1.2817398889233116,-1.3322912594474225,1.2679033218677906,-1.2339883600452934,0.774796559793369,0.744789942196904,1.2817398889233116,0.5252257314388904,4.957115501878244,4,0.38983864648634975,1.5374122295716148,-0.650443635587991,1.802050469054741,0.6364458273405843,-0.6504436355879909,0.6224942905893636,-1.3408666801272096,-0.6521390211351347,0.6880465120494014,-0.5946919678164198,-1.496569123587275,0.6504436355879909,-1.5761953627828909,0.511237358145545,0.0,1.82138412342361,0.6364458273405843,1.297125283482489,0.6644986392449885,1.537627832978164,0.6504436355879908,-1.5374122295716148,-1.537412229571615,1.5712256362470671,-0.6625585964979888,1.5935538188500968,0.6504436355879909,-0.6014526837662519,-0.6364458273405841,-1.681542805549877,0.5391638660171922,0.6168318932684945,0.5946919678164199,1.6332105135219068,1.4895004907652145,-1.6367432867871978,-1.5048939771136507,-0.6224949798994368,-0.5808178695515155,1.2592514783450863,-1.537412229571615,0.6505344596812522,1.5408921788809073,-0.862248612055567,0.6344296941043057,-1.5368939106296922,-0.7291674514722521,-0.4112449394588717,1.6064386578049983,-1.7217101133134212,-0.6644986392449885,-1.5712256362470671,0.6644986392449885,0.6364458273405843,-0.5740400451217759,-0.6644986392449885,1.157779727107914,-0.3994284792427404,0.8257228238447705,1.1669199319831565,0.3574561375441315,-0.5474361353275511,0.7952062255644573,-0.8412444993533732,1.1669199319831565,-1.2222728509796579,-0.7801894976054942,0.7653197277702213,0.7801894976054942,-0.7801894976054942,0.8412444993533732,-1.2369409068906594,-1.358732440973515,0.7653197277702213,0.8103804155521328,-0.8257228238447706,-1.4433756729740643,0.05545554575072805,0.4524601302661646,0.24743114516800238,-0.6336722878289933,-0.171246025236438,-0.17701276261229734,6,22,0.7642750548172822,-0.012357928114932163,-0.6829249992655481,0.0,-0.2786932057166471,-0.0953462589245592,-0.2171861213815347,-0.13545709229571928,-0.3481553119113957,-0.511237358145545,-0.1933472978091327,-0.1354570922957193,-0.23904572186687878,-0.4252658742831209,3.3665016461206925,0.48304589153964783,0.7071067811865477,-0.7071067811865475,2.273030282830976,1
VAR_001817,-0.3189446064594401,-0.6487770333166557,-0.5129086659983649,-0.36868937558608994,-0.3400756696714536,-0.4234115619264242,4.367057254842961,0.5700580658572156,-0.36181342497620184,-0.27628609734280557,-0.09502742658608972,10,-0.2524638143380212,-0.13390012800142995,0.2594372608313855,-0.19045630171289915,-0.21844944461841845,0.18142037231856797,-0.04374340862676541,0.697824141595846,-0.5946919678164199,0.6813100046641409,-0.706850021142412,0.2594372608313855,0.6474964831522124,0.3799077478904802,0.692820323027551,-0.7023478730193123,-0.7214900866993804,-0.7071067811865475,-0.7169777311937657,-0.30143249075645984,0.31465838776377636,-0.7201168211946403,0.6644986392449885,0.692820323027551,0.39528470752104716,0.6224949798994368,0.6364458273405843,0.48304589153964783,0.6294646824620143,0.6364458273405843,-0.692820323027551,0.6644986392449885,0.5808178695515155,0.6364458273405843,0.13545709229571956,7,-0.6441828121668849,0.5808178695515155,3,3,0.18095105318771462,0.2913886126167106,0.16528752228858734,0.7952062255644573,0.7071067811865477,0.23963461650811477,-0.7236921049769731,0.8103804155521328,0.7071067811865476,-0.7801894976054942,-0.7952062255644575,0.8044359715257337,-0.8103804155521329,-0.32093834618342654,0.8103804155521328,0.7505866250408014,-0.7071067811865475,0.7653197277702214,-0.7952062255644575,0.7702962057920756,-0.697100061399229,-0.3347234619027419,0.7505866250408014,-0.7784161803042005,0.7653197277702213,0.7801894976054942,0.7505866250408014,-0.8038480050980997,0.8103804155521328,0.774796559793369,0.744789942196904,-0.7801894976054942,0.5252257314388904,-0.2858108337269177,3,-0.4962428210738141,-0.650443635587991,-0.650443635587991,-0.5614075543151804,0.6364458273405843,1.5374122295716146,-1.6381247050570276,1.0260629629407336,1.5372849568475617,-0.877248047973781,-0.5946919678164198,-1.496569123587275,-1.537412229571615,0.6363702064530034,0.511237358145545,0.0,-0.5529034969755533,-1.5712256362470671,-1.2514633102014774,0.6644986392449885,-0.6504434913084749,0.6504436355879908,0.6504436355879908,-1.537412229571615,1.5712256362470671,1.5245174993067014,1.5935538188500968,-1.537412229571615,1.6784307539552568,1.5712256362470671,0.5946919678164199,0.5391638660171922,0.6168318932684945,0.5946919678164199,-0.6192793387082055,-0.8409249421994665,0.6177633762829701,-1.5048939771136507,1.6064386578049983,-0.5808178695515155,1.2592514783450863,0.6504436355879909,0.6505344596812522,-0.6532842835829492,1.0839446409339184,-1.592852821436611,0.6829670909172587,1.1260663997188436,-0.4112096807367113,-0.6224949798994368,-1.7217101133134212,1.5048939771136507,0.6364458273405843,-1.5048939771136507,-1.5712256362470671,1.7855442753082797,-0.6644986392449885,-0.5962935460936415,-0.3864434311603601,0.8257228238447705,-0.8569568250501305,0.010878735949195884,-0.18088445269715026,0.7952062255644573,-0.8412444993533732,-0.8569568250501305,0.8327661506688665,-0.7801894976054942,0.7653197277702213,0.7801894976054942,-0.7801894976054942,0.8412444993533732,0.8103161482138753,0.7359800721939873,0.7653197277702213,0.8103804155521328,-0.8257228238447706,0.692820323027551,0.2415999856431615,0.3395201322775195,0.22937957295410544,0.010861299848752108,-0.26125128818404403,1.0135704893124111,5,10,0.26410421972886755,1.3593720926425352,-0.6829249992655481,0.0,-0.2786932057166471,-0.0953462589245592,-0.2171861213815347,-0.13545709229571928,-0.3481553119113957,1.956038587687303,-0.1933472978091327,-0.1354570922957193,-0.23904572186687878,-0.4252658742831209,-0.2970442628930023,0.48304589153964783,-1.4142135623730951,1.4142135623730951,2.273030282830976,1
VAR_001896,-0.32839668673984923,-0.6591081182003591,-0.198729934455066,-0.335321075082061,-0.2720966449150194,4.002515158208203,-0.44823412573611987,-0.2968789549792169,0.4929945700985931,-0.27628609734280557,0.13203953369866372,19,-0.2524638143380212,-0.13390012800142995,0.2594372608313855,-0.19045630171289915,-0.21844944461841845,0.18142037231856797,-0.04374340862676541,0.697824141595846,-0.5946919678164199,-1.4345020915948083,1.421478726952682,-3.8544964466377265,0.6474964831522124,0.3799077478904802,-1.4433756729740643,-0.7023478730193123,-0.7214900866993804,1.4142135623730951,1.4087274236616798,0.07892552700786629,0.31465838776377636,-0.7201168211946403,0.6644986392449885,0.692820323027551,0.39528470752104716,0.6224949798994368,0.6364458273405843,0.48304589153964783,0.6294646824620143,0.6364458273405843,-0.692820323027551,0.6644986392449885,0.5808178695515155,0.6364458273405843,0.13545709229571956,7,-0.6441828121668849,0.5808178695515155,3,3,0.47724179773050235,0.660691301264317,0.16528752228858734,0.7952062255644573,0.7071067811865477,0.23963461650811477,-0.7236921049769731,0.8103804155521328,0.7071067811865476,-0.7801894976054942,-0.7952062255644575,0.8044359715257337,-0.8103804155521329,-0.32093834618342654,0.8103804155521328,0.7505866250408014,-0.7071067811865475,0.7653197277702214,-0.7952062255644575,0.7702962057920756,-0.697100061399229,-0.3347234619027419,0.7505866250408014,-0.7784161803042005,0.7653197277702213,0.7801894976054942,0.7505866250408014,-0.8038480050980997,0.8103804155521328,0.774796559793369,0.744789942196904,-0.7801894976054942,0.5252257314388904,-0.2858108337269177,3,-0.5330634223672734,1.5374122295716148,1.5374122295716148,-0.5614075543151804,0.6364458273405843,-0.6504436355879909,0.6224942905893636,-1.3496253711581916,1.5372849568475617,-0.20512416596497907,1.6815428055498767,0.7957229955396,0.6504436355879909,0.6363702064530034,-1.956038587687303,0.0,1.82138412342361,0.6364458273405843,1.297125283482489,-1.5048939771136507,1.537627832978164,-1.5374122295716148,0.6504436355879908,-1.537412229571615,-0.6364458273405841,-0.6625585964979888,1.5935538188500968,0.6504436355879909,-0.6014526837662519,-0.6364458273405841,-1.681542805549877,0.5391638660171922,-1.6383189672381482,0.5946919678164199,1.6332105135219068,1.4895004907652145,0.6177633762829701,-1.5048939771136507,-0.6224949798994368,-0.5808178695515155,1.2592514783450863,0.6504436355879909,-1.537411885367203,-0.6532842835829492,1.7388838791286854,-1.592852821436611,0.6829670909172587,-1.377046616992424,3.4117501310174005,1.6064386578049983,0.5808178695515155,-0.6644986392449885,0.6364458273405843,-1.5048939771136507,0.6364458273405843,1.7855442753082797,1.5048939771136507,-0.9420990827761717,-0.327724140555737,-1.2110601416389968,1.1669199319831565,1.1644523121920904,0.4430852192834292,0.7952062255644573,1.1887150534341144,1.1669199319831565,-1.2222728509796579,1.2817398889233116,0.7653197277702213,0.7801894976054942,1.2817398889233116,-1.1887150534341144,0.8103161482138753,-1.358732440973515,-1.3066434376564753,-1.2339883600452934,-0.8257228238447706,-1.4433756729740643,0.2415999856431615,0.4004743508110922,0.24743114516800238,1.0400031824064697,0.000480281641499747,0.9608909649496103,7,17,-0.7640247190639844,-0.6982229384936658,2.048774997796644,0.0,-0.2786932057166471,-0.0953462589245592,-0.2171861213815347,-0.13545709229571928,-0.3481553119113957,-0.511237358145545,-0.1933472978091327,-0.1354570922957193,-0.23904572186687878,-0.4252658742831209,-0.2970442628930023,0.48304589153964783,-1.4142135623730951,-0.7071067811865475,-0.43994134506405985,1
VAR_001889,-0.3265174318580308,-0.659107981163375,2.67766652296222,-0.20130106164777117,-0.3679865102908879,-0.40757893582537214,-0.08960818275604722,4.980376652868333,-0.3359250175899429,-0.2970276635631061,1.576823120290194,20,-0.2524638143380212,-0.13390012800142995,0.2594372608313855,-0.19045630171289915,-0.21844944461841845,0.18142037231856797,-0.04374340862676541,-1.442269929462533,1.681542805549877,0.6146445644760758,1.13366739424193,0.2594372608313855,0.6474964831522124,-2.6322179675268975,0.692820323027551,1.4381309202948076,-0.7214900866993804,1.4142135623730951,1.4087274236616798,-0.3150020615302715,0.31465838776377636,-0.7201168211946403,-1.5048939771136507,0.692820323027551,0.39528470752104716,0.6224949798994368,0.6364458273405843,0.48304589153964783,0.6294646824620143,0.6364458273405843,-0.692820323027551,0.6644986392449885,0.5808178695515155,0.6364458273405843,0.13545709229571956,7,-0.6441828121668849,0.5808178695515155,2,2,-1.712932355170908,-0.13965348089743954,0.03783001558142529,-1.2575354264740253,0.7071067811865477,1.061714561457424,1.3858480726431406,0.8103804155521328,-1.414213562373095,1.2817398889233116,1.2575354264740257,0.8044359715257337,1.2339883600452934,-1.0141747588311316,-1.2339883600452934,-1.3322912594474225,-0.7071067811865475,0.7653197277702214,-0.7952062255644575,0.7702962057920756,-0.697100061399229,-0.34163544203441965,0.7505866250408014,-0.7784161803042005,0.7653197277702213,-1.2817398889233116,0.7505866250408014,-0.8038480050980997,-1.2339883600452934,-1.302680371827691,0.744789942196904,1.2817398889233116,0.5252257314388904,-0.2858108337269177,2,-0.525140693004286,-0.650443635587991,-0.650443635587991,-0.5614075543151804,-1.5712256362470671,-0.6504436355879909,0.6224942905893636,1.4269885787430456,-0.6521390211351347,-1.607896063705626,-0.5946919678164198,-1.496569123587275,0.6504436355879909,-1.5761953627828909,0.511237358145545,0.0,-0.5529034969755533,-1.5712256362470671,-1.2514633102014774,0.6644986392449885,-0.6504434913084749,-1.5374122295716148,-1.5374122295716148,-1.537412229571615,1.5712256362470671,-0.6625585964979888,-0.6750400534673922,0.6504436355879909,1.6784307539552568,1.5712256362470671,-1.681542805549877,-1.854723699099141,-1.6383189672381482,0.5946919678164199,1.6332105135219068,-0.8409249421994665,0.6177633762829701,-1.5048939771136507,-0.6224949798994368,-0.5808178695515155,-1.2592514783450863,0.6504436355879909,0.6505344596812522,-0.6532842835829492,-0.862248612055567,-1.592852821436611,0.6829670909172587,-1.377046616992424,-0.3994647533473544,-0.6224949798994368,-1.7217101133134212,1.5048939771136507,0.6364458273405843,0.6644986392449885,-1.5712256362470671,1.7855442753082797,1.5048939771136507,-0.9420990827761717,-0.39504970688138075,0.8257228238447705,1.1669199319831565,1.1644523121920904,0.2976273528126139,0.7952062255644573,-0.8412444993533732,-0.8569568250501305,-1.2222728509796579,-0.7801894976054942,0.7653197277702213,0.7801894976054942,1.2817398889233116,0.8412444993533732,-1.2369409068906594,0.7359800721939873,-1.3066434376564753,-1.2339883600452934,1.2110601416389966,0.692820323027551,0.05614126763685162,0.45961603869494483,0.24743114516800238,0.09179085312536692,-0.2164633616203507,-0.2169998889519431,14,8,-0.06934300366340886,-0.6982229384936658,-0.6829249992655481,0.0,-0.2786932057166471,-0.0953462589245592,4.604345773288536,-0.13545709229571928,-0.3481553119113957,-0.511237358145545,-0.1933472978091327,-0.1354570922957193,-0.23904572186687878,-0.4252658742831209,-0.2970442628930023,-2.0701966780270626,-1.4142135623730951,-0.7071067811865475,2.273030282830976,1
VAR_001785,-0.12399148064715884,-0.3749491355048625,2.3075672774898566,-0.36414181369861803,-0.3633862166537081,-0.4222814095538806,-0.3793848483028946,-0.1648129709745047,1.585244541867404,-0.1995936292483858,2.3814613816456474,0,4.12527837918099,0.16810899293600345,0.2594372608313855,3.870754980951394,-0.21844944461841845,-5.904661536981884,0.6847417398340464,0.697824141595846,1.681542805549877,0.747975444852206,1.421478726952682,0.2594372608313855,0.6474964831522124,0.3799077478904802,-1.4433756729740643,1.4381309202948076,-0.7214900866993804,-0.7071067811865475,1.4087274236616798,-0.2187178763259735,0.31465838776377636,1.4007099435177204,0.6644986392449885,0.692820323027551,0.39528470752104716,-1.606438657804998,-1.5712256362470671,0.48304589153964783,0.6294646824620143,0.6364458273405843,1.4433756729740643,0.6644986392449885,0.5808178695515155,0.6364458273405843,0.13545709229571956,0,1.567489267387442,0.5808178695515155,0,0,0.49978995412642246,-0.40225196591154244,0.3730204699327461,0.7952062255644573,0.7071067811865477,-1.2062824067924915,-0.7236921049769731,-1.2339883600452934,0.7071067811865476,1.2817398889233116,1.2575354264740257,0.8044359715257337,1.2339883600452934,1.245970697341249,0.8103804155521328,0.7505866250408014,1.4142135623730951,0.7653197277702214,1.2575354264740257,-1.3057907127551411,1.4628885360348514,-0.1645207994315533,0.7505866250408014,1.2959348548055658,0.7653197277702213,0.7801894976054942,-1.3322912594474225,1.2679033218677906,0.8103804155521328,0.774796559793369,0.744789942196904,1.2817398889233116,0.5252257314388904,-0.04702561901971532,0,2.332360315309952,-0.650443635587991,1.5374122295716148,1.802050469054741,-1.5712256362470671,-0.6504436355879909,-1.6381247050570276,-1.349625373496569,1.5372849568475617,0.6880465120494014,-0.5946919678164198,-1.496569123587275,-1.537412229571615,-1.5761953627828909,0.511237358145545,0.0,-0.5529034969755533,0.6364458273405843,1.297125283482489,-1.5048939771136507,1.537627832978164,0.6504436355879908,0.6504436355879908,-1.537412229571615,-0.6364458273405841,1.5245174993067014,-0.6750400534673922,0.6504436355879909,1.6784307539552568,1.5712256362470671,-1.681542805549877,-1.854723699099141,0.6168318932684945,0.5946919678164199,-0.6192793387082055,-0.8409249421994665,0.6177633762829701,-1.5048939771136507,-0.6224949798994368,1.7217101133134212,-1.2592514783450863,0.6504436355879909,-1.537411885367203,-0.4150793345539967,1.7388838791286854,0.6344296941043057,-1.5368939106296922,-1.377046616992424,-0.39762231175223106,-0.6224949798994368,0.5808178695515155,-0.6644986392449885,0.6364458273405843,-1.5048939771136507,0.6364458273405843,-0.5740400451217759,-0.6644986392449885,1.157779727107914,-0.3100879690972895,0.8257228238447705,-0.8569568250501305,1.1644523121920904,-0.549840007147177,0.7952062255644573,1.1887150534341144,1.1669199319831565,-1.2222728509796579,-0.7801894976054942,-1.3066434376564753,-1.2817398889233116,-0.7801894976054942,-1.1887150534341144,-1.2369409068906594,0.7359800721939873,0.7653197277702213,0.8103804155521328,-0.8257228238447706,-1.4433756729740643,0.2415999856431615,0.45961603869494483,0.24743114516800238,-2.4534646775026965,-0.7610773426034426,-1.5100077226211381,16,23,1.3755949643697887,-1.3840879488723994,-0.6829249992655481,0.0,-0.2786932057166471,-0.0953462589245592,-0.2171861213815347,-0.13545709229571928,-0.3481553119113957,-0.511237358145545,-0.1933472978091327,-0.1354570922957193,-0.23904572186687878,-0.4252658742831209,-0.2970442628930023,0.48304589153964783,0.7071067811865477,-0.7071067811865475,2.273030282830976,0
VAR_001964,0.22612946806418938,-0.6345734544625209,0.04883218806807712,0.49135407174494483,-0.3661143236909815,1.3147689059383862,5.2812925043428915,0.8618992290457698,-0.12706392709344658,0.05969489678447255,0.06102992523203425,22,4.12527837918099,0.2816367393750166,0.2594372608313855,-1.1072515534294343,-0.21844944461841845,0.18142037231856797,3.4066734371881338,0.697824141595846,1.681542805549877,0.747975444852206,-0.706850021142412,0.2594372608313855,0.6474964831522124,0.3799077478904802,0.692820323027551,-0.7023478730193123,-0.7214900866993804,1.4142135623730951,1.4087274236616798,-0.2821154890489589,0.31465838776377636,1.4007099435177204,0.6644986392449885,0.692820323027551,0.39528470752104716,0.6224949798994368,-1.5712256362470671,0.48304589153964783,-1.6034002731552304,0.6364458273405843,1.4433756729740643,-1.5048939771136507,0.5808178695515155,0.6364458273405843,0.13545709229571956,3,1.567489267387442,0.5808178695515155,4,4,1.2365057583157755,-0.46945600138649546,0.4741002909477341,0.7952062255644573,0.7071067811865477,1.061714561457424,1.3858480726431406,0.8103804155521328,0.7071067811865476,1.2817398889233116,1.2575354264740257,-1.266831073287107,1.2339883600452934,1.245970697341249,0.8103804155521328,-1.3322912594474225,1.4142135623730951,0.7653197277702214,1.2575354264740257,0.7702962057920756,1.4628885360348514,-0.05175609034439357,-1.3322912594474225,-0.7784161803042005,0.7653197277702213,0.7801894976054942,0.7505866250408014,1.2679033218677906,0.8103804155521328,0.774796559793369,0.744789942196904,1.2817398889233116,0.5252257314388904,-0.05793345465427267,4,0.3732984020757332,1.5374122295716148,-0.650443635587991,-0.5614075543151804,-1.5712256362470671,-0.6504436355879909,0.6224942905893636,1.3640200149294557,1.5372849568475617,0.6880465120494014,1.6815428055498767,0.7957229955396,0.6504436355879909,-1.5761953627828909,0.511237358145545,0.0,-0.5529034969755533,0.6364458273405843,1.297125283482489,0.6644986392449885,1.537627832978164,-1.5374122295716148,0.6504436355879908,0.6504436355879909,1.5712256362470671,1.5245174993067014,-0.6750400534673922,0.6504436355879909,-0.6014526837662519,1.5712256362470671,-1.681542805549877,0.5391638660171922,-1.6383189672381482,0.5946919678164199,-0.6192793387082055,1.4895004907652145,0.6177633762829701,0.6644986392449885,1.6064386578049983,1.7217101133134212,-1.2592514783450863,-1.537412229571615,-1.537411885367203,1.5408921788809073,-0.862248612055567,-1.592852821436611,0.6829670909172587,-1.377046616992424,-0.22203388689517506,-0.6224949798994368,0.5808178695515155,1.5048939771136507,0.6364458273405843,-1.5048939771136507,0.6364458273405843,0.6869657002730327,-0.6644986392449885,1.157779727107914,0.44238140148112726,0.8257228238447705,-0.8569568250501305,1.1644523121920904,9.477563400436773,0.7952062255644573,1.1887150534341144,1.1669199319831565,0.8431093201460879,1.2817398889233116,0.7653197277702213,0.7801894976054942,-0.7801894976054942,0.8412444993533732,0.8103161482138753,-1.358732440973515,-1.3066434376564753,0.8103804155521328,1.2110601416389966,0.692820323027551,0.2415999856431615,0.31038351782208523,0.24743114516800238,-1.945126983613795,0.21632941487647436,-1.791857793752475,17,17,-0.6528756445998924,-0.012357928114932163,2.048774997796644,0.0,-0.2786932057166471,-0.0953462589245592,-0.2171861213815347,-0.13545709229571928,-0.3481553119113957,-0.511237358145545,-0.1933472978091327,-0.1354570922957193,-0.23904572186687878,-0.4252658742831209,-0.2970442628930023,-2.0701966780270626,0.7071067811865477,-0.7071067811865475,-0.43994134506405985,0
VAR_001913,-0.2881333407236567,-0.6433901296840244,-0.4987747514837321,1.778491604369138,-0.31838020065952416,-0.42341156953214537,-0.3459015979167174,-0.18956151479472771,6.011553411370324,-0.3011004823943065,0.04098308856795547,12,4.12527837918099,-0.38927845367906433,-3.8544964466377265,-1.1072515534294343,2.673035557397287,0.18142037231856797,3.4066734371881338,0.697824141595846,1.681542805549877,0.747975444852206,1.421478726952682,0.2594372608313855,-1.5619197047151079,0.3799077478904802,0.692820323027551,-0.7023478730193123,1.3860204297119676,-0.7071067811865475,1.4087274236616798,-0.3219431582252655,0.31465838776377636,1.4007099435177204,0.6644986392449885,-1.4433756729740643,0.39528470752104716,0.6224949798994368,0.6364458273405843,0.48304589153964783,-1.6034002731552304,0.6364458273405843,1.4433756729740643,0.6644986392449885,0.5808178695515155,0.6364458273405843,0.13545709229571956,5,1.567489267387442,-1.7217101133134212,2,2,1.009432099002284,-2.2905075975870695,-1.3475817035332534,0.7952062255644573,-1.4142135623730951,-1.2062824067924915,1.3858480726431406,0.8103804155521328,0.7071067811865476,-0.7801894976054942,1.2575354264740257,-0.32612273669652964,-0.8103804155521329,-1.0141747588311316,0.8103804155521328,0.7505866250408014,1.4142135623730951,-1.3066434376564755,-0.7952062255644575,0.7702962057920756,1.4628885360348514,1.5960733871949184,0.7505866250408014,1.2959348548055658,-1.3066434376564753,-1.2817398889233116,-1.3322912594474225,1.2679033218677906,-1.2339883600452934,-1.302680371827691,0.744789942196904,1.2817398889233116,0.5252257314388904,-0.28204718296010933,2,0.1820510405918311,1.5374122295716148,1.5374122295716148,1.802050469054741,0.6364458273405843,1.5374122295716146,0.6224942905893636,0.9416229083410022,1.5372849568475617,-1.607896063705626,1.6815428055498767,0.7957229955396,0.6504436355879909,-1.5761953627828909,-1.956038587687303,0.0,1.82138412342361,0.6364458273405843,1.297125283482489,0.6644986392449885,1.537627832978164,-1.5374122295716148,0.6504436355879908,0.6504436355879909,1.5712256362470671,1.5245174993067014,0.7769830133695047,0.6504436355879909,-0.6014526837662519,-0.6364458273405841,0.5946919678164199,0.5391638660171922,0.6168318932684945,-1.681542805549877,-0.6192793387082055,1.4895004907652145,-1.6367432867871978,0.6644986392449885,-0.6224949798994368,-0.5808178695515155,1.2592514783450863,0.6504436355879909,-1.537411885367203,1.5408921788809073,-0.862248612055567,-1.592852821436611,-1.5368939106296922,-1.377046616992424,-0.41125177918374733,1.6064386578049983,-1.7217101133134212,1.5048939771136507,-1.5712256362470671,0.6644986392449885,0.6364458273405843,-0.5740400451217759,1.5048939771136507,-0.9420990827761717,-0.34307405528928164,-1.2110601416389968,-0.8569568250501305,-0.12145350490253658,-0.5498383292061503,-1.2575354264740253,-0.8412444993533732,1.1669199319831565,0.1794167421067132,1.2817398889233116,0.7653197277702213,0.7801894976054942,1.2817398889233116,0.8412444993533732,-1.2369409068906594,0.7359800721939873,-1.3066434376564753,-1.2339883600452934,-0.8257228238447706,-1.4433756729740643,-8.743079284489578,-3.951681195795573,-5.6751372817311045,-2.5372872841439285,-0.9167267540781897,-2.522510444141353,17,11,1.653467650530019,-0.6982229384936658,-0.6829249992655481,0.0,-0.2786932057166471,-0.0953462589245592,-0.2171861213815347,-0.13545709229571928,2.8722813232690143,-0.511237358145545,-0.1933472978091327,-0.1354570922957193,-0.23904572186687878,-0.4252658742831209,-0.2970442628930023,0.48304589153964783,0.7071067811865477,-0.7071067811865475,-0.43994134506405985,0
VAR_001799,0.42207069443378,-0.42352692757486393,0.04159879877100456,-0.19070145550780684,0.2142739294437345,2.029435812764985,-0.2115418794713708,7.069363810726085,4.2983261682057705,-0.10927176592786296,1.2963548962244564,16,-0.2524638143380212,-0.13390012800142995,0.2594372608313855,-0.19045630171289915,-0.21844944461841845,0.18142037231856797,-0.04374340862676541,0.697824141595846,-0.5946919678164199,0.747975444852206,-0.706850021142412,0.2594372608313855,0.6474964831522124,0.3799077478904802,-1.4433756729740643,-0.7023478730193123,1.3860204297119676,1.4142135623730951,-0.7169777311937657,0.9529538404583762,0.31465838776377636,1.4007099435177204,0.6644986392449885,-1.4433756729740643,0.39528470752104716,0.6224949798994368,0.6364458273405843,0.48304589153964783,-1.6034002731552304,0.6364458273405843,1.4433756729740643,-1.5048939771136507,0.5808178695515155,0.6364458273405843,0.13545709229571956,3,0.08660279261887693,0.5808178695515155,3,3,0.690320185238858,0.43421826855656065,0.6979796328316922,0.7952062255644573,-1.4142135623730951,-1.2062824067924915,1.3858480726431406,0.8103804155521328,0.7071067811865476,1.2817398889233116,1.2575354264740257,-1.266831073287107,-0.8103804155521329,-1.0141747588311316,0.8103804155521328,0.7505866250408014,-0.7071067811865475,0.7653197277702214,-0.7952062255644575,0.7702962057920756,-0.697100061399229,-0.3012174770649971,0.7505866250408014,-0.7784161803042005,0.7653197277702213,-1.2817398889233116,0.7505866250408014,-0.8038480050980997,-1.2339883600452934,0.774796559793369,-1.355089606998247,1.2817398889233116,0.5252257314388904,-0.25172183034930173,3,0.9388519763287226,1.5374122295716148,1.5374122295716148,1.802050469054741,0.6364458273405843,-0.6504436355879909,-1.6381247050570276,-1.3374360262218112,1.5372849568475617,-1.607896063705626,1.6815428055498767,0.7957229955396,0.6504436355879909,-1.5761953627828909,0.511237358145545,0.0,1.82138412342361,-1.5712256362470671,-1.2514633102014774,0.6644986392449885,1.537627832978164,0.6504436355879908,-1.5374122295716148,-1.537412229571615,1.5712256362470671,1.5245174993067014,1.5935538188500968,0.6504436355879909,-0.6014526837662519,1.5712256362470671,0.5946919678164199,-1.854723699099141,-1.6383189672381482,0.5946919678164199,-0.6192793387082055,-0.8409249421994665,0.6177633762829701,-1.5048939771136507,1.6064386578049983,-0.5808178695515155,1.2592514783450863,-1.537412229571615,-1.537411885367203,1.5408921788809073,-0.862248612055567,-1.592852821436611,0.6829670909172587,1.1260663997188436,-0.3238132754592884,1.6064386578049983,0.5808178695515155,-0.6644986392449885,0.6364458273405843,0.6644986392449885,0.6364458273405843,1.7855442753082797,1.5048939771136507,1.157779727107914,-0.1938340585706929,0.8257228238447705,1.1669199319831565,0.6606521991008234,0.4528914475693837,-1.2575354264740253,1.1887150534341144,1.1669199319831565,0.8431093201460879,1.2817398889233116,0.7653197277702213,0.7801894976054942,-0.7801894976054942,0.8412444993533732,0.8103161482138753,0.7359800721939873,0.7653197277702213,-1.2339883600452934,1.2110601416389966,0.692820323027551,0.2415999856431615,-3.241406440612865,0.00021666216126800075,1.2381792819396726,0.48201664688741197,1.0435868333827465,16,8,0.736487786201259,0.6735070822638015,-0.6829249992655481,0.0,-0.2786932057166471,-0.0953462589245592,-0.2171861213815347,-0.13545709229571928,-0.3481553119113957,1.956038587687303,-0.1933472978091327,-0.1354570922957193,-0.23904572186687878,-0.4252658742831209,-0.2970442628930023,0.48304589153964783,0.7071067811865477,1.4142135623730951,-0.43994134506405985,1
VAR_001843,-0.3248806610284845,-0.6583794931638335,-0.33468461914278663,2.7911610582459367,-0.37247132783373266,-0.3714406070958541,-0.449265231441991,-0.29439850744845586,-0.3393381046914346,-0.2931160920351211,-0.4430899048337927,28,-0.2524638143380212,-0.13390012800142995,0.2594372608313855,-0.19045630171289915,-0.21844944461841845,0.18142037231856797,-0.04374340862676541,0.697824141595846,-0.5946919678164199,0.747975444852206,-0.706850021142412,0.2594372608313855,-1.5619197047151079,0.3799077478904802,0.692820323027551,-0.7023478730193123,1.3860204297119676,-0.7071067811865475,1.4087274236616798,-0.321923525061808,0.31465838776377636,1.4007099435177204,0.6644986392449885,-1.4433756729740643,0.39528470752104716,0.6224949798994368,0.6364458273405843,0.48304589153964783,-1.6034002731552304,0.6364458273405843,1.4433756729740643,0.6644986392449885,0.5808178695515155,0.6364458273405843,0.13545709229571956,3,-0.6441828121668849,0.5808178695515155,3,3,0.00483935964231211,0.4697200570033022,0.5119259754754224,-1.2575354264740253,0.7071067811865477,-1.2062824067924915,-0.7236921049769731,-1.2339883600452934,0.7071067811865476,-0.7801894976054942,1.2575354264740257,-1.266831073287107,1.2339883600452934,-1.0141747588311316,0.8103804155521328,-1.3322912594474225,-0.7071067811865475,0.7653197277702214,1.2575354264740257,0.7702962057920756,1.4628885360348514,-0.3407585946691546,-1.3322912594474225,1.2959348548055658,0.7653197277702213,-1.2817398889233116,0.7505866250408014,0.25473363407780236,-1.2339883600452934,0.774796559793369,-1.355089606998247,-0.7801894976054942,0.5252257314388904,-0.30880035959011964,3,-0.5285720370381439,1.5374122295716148,1.5374122295716148,1.802050469054741,0.6364458273405843,-0.6504436355879909,-1.6381247050570276,1.4239628509110838,-0.6521390211351347,0.6880465120494014,1.6815428055498767,0.7957229955396,-1.537412229571615,0.6363702064530034,0.511237358145545,0.0,1.82138412342361,-1.5712256362470671,-1.2514633102014774,0.6644986392449885,-0.6504434913084749,0.6504436355879908,0.6504436355879908,-1.537412229571615,-0.6364458273405841,-0.6625585964979888,1.5935538188500968,-1.537412229571615,-0.6014526837662519,-0.6364458273405841,-1.681542805549877,-1.854723699099141,-1.6383189672381482,0.5946919678164199,-0.6192793387082055,1.4895004907652145,0.6177633762829701,0.6644986392449885,-0.6224949798994368,-0.5808178695515155,1.2592514783450863,0.6504436355879909,-1.537411885367203,1.5408921788809073,-0.862248612055567,0.6344296941043057,0.6829670909172587,-1.377046616992424,0.4184614301864884,1.6064386578049983,0.5808178695515155,1.5048939771136507,0.6364458273405843,-1.5048939771136507,0.6364458273405843,1.7855442753082797,1.5048939771136507,-0.9420990827761717,-0.39574738787486724,0.8257228238447705,1.1669199319831565,1.1644523121920904,-0.5498400394149546,-1.2575354264740253,-0.8412444993533732,1.1669199319831565,0.8431093201460879,1.2817398889233116,0.7653197277702213,-1.2817398889233116,1.2817398889233116,0.8412444993533732,0.8103161482138753,-1.358732440973515,-1.3066434376564753,0.8103804155521328,-0.8257228238447706,-1.4433756729740643,0.2415999856431615,0.45961603869494483,0.24743114516800238,1.1877681825355877,0.3563734485174123,1.0914632349404012,16,8,0.736487786201259,0.6735070822638015,-0.6829249992655481,0.0,-0.2786932057166471,-0.0953462589245592,-0.2171861213815347,-0.13545709229571928,-0.3481553119113957,1.956038587687303,-0.1933472978091327,-0.1354570922957193,-0.23904572186687878,-0.4252658742831209,-0.2970442628930023,-2.0701966780270626,0.7071067811865477,1.4142135623730951,-0.43994134506405985,1
VAR_001804,-0.3084861137244101,1.6766630953463673,-0.5129086658547638,-0.3682707714596385,-0.07655778032032605,-0.4217128285949432,-0.1485137124926132,-0.23993400459736544,-0.15705350647044933,-0.21398637049905425,-0.4885718625845289,2,-0.2524638143380212,-0.6274979731044952,-3.8544964466377265,3.870754980951394,4.969515133897569,-5.904661536981884,3.4066734371881338,-1.442269929462533,-0.5946919678164199,0.747975444852206,1.421478726952682,0.2594372608313855,0.6474964831522124,0.3799077478904802,-1.4433756729740643,-0.7023478730193123,1.3860204297119676,1.4142135623730951,1.4087274236616798,-0.31373926680792497,0.31465838776377636,-0.7201168211946403,-1.5048939771136507,0.692820323027551,0.39528470752104716,0.6224949798994368,0.6364458273405843,0.48304589153964783,0.6294646824620143,0.6364458273405843,-0.692820323027551,-1.5048939771136507,0.5808178695515155,0.6364458273405843,0.13545709229571956,2,-0.6441828121668849,0.5808178695515155,2,2,0.9321880602842377,0.4626811955210193,0.9015815532870931,0.7952062255644573,0.7071067811865477,1.061714561457424,1.3858480726431406,-1.2339883600452934,-1.414213562373095,1.2817398889233116,-0.7952062255644575,0.8044359715257337,1.2339883600452934,-1.0141747588311316,0.8103804155521328,0.7505866250408014,-0.7071067811865475,0.7653197277702214,-0.7952062255644575,0.7702962057920756,1.4628885360348514,1.6544009462236415,0.7505866250408014,1.2959348548055658,0.7653197277702213,-1.2817398889233116,0.7505866250408014,-0.8038480050980997,-1.2339883600452934,-1.302680371827691,-1.355089606998247,1.2817398889233116,-1.9039432764659776,-0.3127516238705183,2,0.4131082752399786,1.5374122295716148,-0.650443635587991,1.802050469054741,0.6364458273405843,1.5374122295716146,-1.6381247050570276,1.4269886024866714,1.5372849568475617,0.6880465120494014,1.6815428055498767,-1.496569123587275,-1.537412229571615,0.6363702064530034,0.511237358145545,0.0,1.82138412342361,0.6364458273405843,1.297125283482489,-1.5048939771136507,-0.6504434913084749,0.6504436355879908,-1.5374122295716148,-1.537412229571615,1.5712256362470671,0.707934453223985,1.5935538188500968,-1.537412229571615,1.6784307539552568,1.5712256362470671,-1.681542805549877,-1.854723699099141,-1.6383189672381482,0.5946919678164199,1.6332105135219068,-0.8409249421994665,0.6177633762829701,-1.5048939771136507,-0.6224949798994368,1.7217101133134212,-1.2592514783450863,-1.537412229571615,0.6505344596812522,-0.6532842835829492,1.7388838791286854,0.6344296941043057,0.6829670909172587,-1.377046616992424,-0.16801575585405468,-0.6224949798994368,-1.7217101133134212,-0.6644986392449885,0.6364458273405843,-1.5048939771136507,0.6364458273405843,-0.5740400451217759,-0.6644986392449885,-0.9420990827761717,-0.2408773506433906,0.8257228238447705,-0.8569568250501305,-0.6679234744958141,-0.5498400392144935,-1.2575354264740253,1.1887150534341144,-0.8569568250501305,0.8431093201460879,-0.7801894976054942,0.7653197277702213,0.7801894976054942,-0.7801894976054942,-1.1887150534341144,0.8103161482138753,0.7359800721939873,-1.3066434376564753,-1.2339883600452934,-0.8257228238447706,0.692820323027551,0.16290293049213464,-0.04477818220864652,0.08811369146244223,-0.45779453012113913,-0.3934529958139545,-0.28529115363362345,14,19,0.5975514431211439,-0.012357928114932163,0.6829249992655481,0.0,-0.2786932057166471,-0.0953462589245592,-0.2171861213815347,-0.13545709229571928,2.8722813232690143,-0.511237358145545,-0.1933472978091327,-0.1354570922957193,-0.23904572186687878,-0.4252658742831209,-0.2970442628930023,0.48304589153964783,0.7071067811865477,-0.7071067811865475,-0.43994134506405985,0
VAR_001965,-0.3279783842651525,-0.2963314023456384,-0.4817771998806063,-0.36868971640996656,-0.1141222156253857,-0.42341153179929913,-0.44183058531086156,-0.2576775565546261,-0.36173956178460875,-0.27628609734280557,-0.5732234183051287,16,-0.2524638143380212,-0.13390012800142995,0.2594372608313855,-0.19045630171289915,-0.21844944461841845,0.18142037231856797,-0.04374340862676541,0.697824141595846,-0.5946919678164199,0.747975444852206,1.421478726952682,0.2594372608313855,0.6474964831522124,-2.6322179675268975,0.692820323027551,-0.7023478730193123,1.3860204297119676,-0.7071067811865475,-0.7169777311937657,-0.18804065711212825,0.31465838776377636,1.4007099435177204,-1.5048939771136507,0.692820323027551,0.39528470752104716,0.6224949798994368,-1.5712256362470671,0.48304589153964783,0.6294646824620143,-1.5712256362470671,1.4433756729740643,0.6644986392449885,0.5808178695515155,0.6364458273405843,0.13545709229571956,3,-0.6441828121668849,-1.7217101133134212,4,4,-1.884215206173262,0.038475398472484004,1.6745064962545844,0.7952062255644573,0.7071067811865477,-1.2062824067924915,-0.7236921049769731,0.8103804155521328,0.7071067811865476,1.2817398889233116,1.2575354264740257,-1.266831073287107,-0.8103804155521329,-1.0141747588311316,0.8103804155521328,-1.3322912594474225,-0.7071067811865475,-1.3066434376564755,1.2575354264740257,-1.3057907127551411,-0.697100061399229,-0.3415840623814057,0.7505866250408014,-0.7784161803042005,0.7653197277702213,0.7801894976054942,0.7505866250408014,1.2679033218677906,0.8103804155521328,-1.302680371827691,0.744789942196904,-0.7801894976054942,0.5252257314388904,-0.2858108337269177,4,-0.5218806260415675,-0.650443635587991,-0.650443635587991,-0.5614075543151804,0.6364458273405843,-0.6504436355879909,0.6224942905893636,1.4269726456398155,1.5372849568475617,-1.607896063705626,-0.5946919678164198,-1.496569123587275,0.6504436355879909,0.6363702064530034,0.511237358145545,0.0,-0.5529034969755533,0.6364458273405843,1.297125283482489,-1.5048939771136507,1.537627832978164,0.6504436355879908,0.6504436355879908,-1.537412229571615,1.5712256362470671,-0.6625585964979888,-0.6750400534673922,0.6504436355879909,-0.6014526837662519,-0.6364458273405841,0.5946919678164199,-1.854723699099141,0.6168318932684945,-1.681542805549877,-0.6192793387082055,1.4895004907652145,0.6177633762829701,0.6644986392449885,-0.6224949798994368,1.7217101133134212,-1.2592514783450863,0.6504436355879909,0.6505344596812522,-0.6532842835829492,0.3844658701527813,0.6344296941043057,-1.5368939106296922,-1.377046616992424,-0.4108961110237738,-0.6224949798994368,0.5808178695515155,-0.6644986392449885,0.6364458273405843,0.6644986392449885,-1.5712256362470671,-0.5740400451217759,-0.6644986392449885,-0.9420990827761717,-0.3999980587853187,0.8257228238447705,-0.8569568250501305,-1.1205975460487723,-0.5498372241829013,-1.2575354264740253,-0.8412444993533732,1.1669199319831565,0.8431093201460879,1.2817398889233116,0.7653197277702213,-1.2817398889233116,1.2817398889233116,-1.1887150534341144,0.8103161482138753,0.7359800721939873,-1.3066434376564753,-1.2339883600452934,-0.8257228238447706,0.692820323027551,0.012392947170931624,0.20235199172471474,0.23593284676389945,0.17333903730706307,-0.4983563108621003,-0.05502289318980144,21,7,-0.9029610621440998,-1.3840879488723994,0.6829249992655481,0.0,-0.2786932057166471,-0.0953462589245592,-0.2171861213815347,-0.13545709229571928,-0.3481553119113957,-0.511237358145545,-0.1933472978091327,-0.1354570922957193,-0.23904572186687878,-0.4252658742831209,3.3665016461206925,0.48304589153964783,0.7071067811865477,1.4142135623730951,-0.43994134506405985,1
VAR_001955,0.12718473201492034,-0.6556869584422218,-0.4651693773517652,-0.01754544324956971,-0.3724700353925678,0.2571872970340517,0.11392006482194263,-0.25560763785887036,-0.35992681198401094,1.0453740736568309,-0.5076315308287886,12,-0.2524638143380212,-0.13390012800142995,0.2594372608313855,-0.19045630171289915,-0.21844944461841845,0.18142037231856797,-0.04374340862676541,-1.442269929462533,-0.5946919678164199,-1.4345020915948083,-0.706850021142412,0.2594372608313855,0.6474964831522124,0.3799077478904802,0.692820323027551,-0.7023478730193123,-0.7214900866993804,1.4142135623730951,-0.7169777311937657,-0.32193548142768014,0.31465838776377636,-0.7201168211946403,0.6644986392449885,0.692820323027551,0.39528470752104716,0.6224949798994368,-1.5712256362470671,0.48304589153964783,0.6294646824620143,0.6364458273405843,-0.692820323027551,-1.5048939771136507,0.5808178695515155,-1.5712256362470671,0.13545709229571956,4,1.567489267387442,0.5808178695515155,3,3,1.3541419950588902,0.8512380833011773,0.16528752228858734,-1.2575354264740253,0.7071067811865477,-1.2062824067924915,1.3858480726431406,-1.2339883600452934,0.7071067811865476,-0.7801894976054942,1.2575354264740257,-1.266831073287107,1.2339883600452934,1.245970697341249,0.8103804155521328,0.7505866250408014,1.4142135623730951,-1.3066434376564755,-0.7952062255644575,-1.3057907127551411,1.4628885360348514,-0.2618558958155848,-1.3322912594474225,1.2959348548055658,-1.3066434376564753,0.7801894976054942,-1.3322912594474225,-0.8038480050980997,0.8103804155521328,-1.302680371827691,0.744789942196904,-0.7801894976054942,-1.9039432764659776,-0.3028958806211412,3,-0.3380694522567707,1.5374122295716148,-0.650443635587991,-0.5614075543151804,0.6364458273405843,-0.6504436355879909,0.6224942905893636,0.0997769942133751,-0.6521390211351347,-1.607896063705626,-0.5946919678164198,-1.496569123587275,0.6504436355879909,0.6363702064530034,0.511237358145545,0.0,-0.5529034969755533,0.6364458273405843,-1.2514633102014774,0.6644986392449885,1.537627832978164,0.6504436355879908,-1.5374122295716148,0.6504436355879909,-0.6364458273405841,1.5245174993067014,1.5935538188500968,0.6504436355879909,-0.6014526837662519,1.5712256362470671,0.5946919678164199,-1.854723699099141,-1.6383189672381482,0.5946919678164199,-0.6192793387082055,1.4895004907652145,0.6177633762829701,0.6644986392449885,1.6064386578049983,1.7217101133134212,-1.2592514783450863,0.6504436355879909,-1.537411885367203,1.5408921788809073,-0.862248612055567,0.6344296941043057,0.6829670909172587,1.1260663997188436,0.3524885879528965,-0.6224949798994368,0.5808178695515155,-0.6644986392449885,-1.5712256362470671,-1.5048939771136507,-1.5712256362470671,1.7855442753082797,-0.6644986392449885,-0.9420990827761717,2.7073401441368463,0.8257228238447705,-0.8569568250501305,1.1644523121920904,0.2926841469195527,0.7952062255644573,-0.8412444993533732,1.1669199319831565,0.8431093201460879,-0.7801894976054942,-1.3066434376564753,-1.2817398889233116,1.2817398889233116,0.8412444993533732,-1.2369409068906594,-1.358732440973515,0.7653197277702213,0.8103804155521328,-0.8257228238447706,0.692820323027551,-0.2168538633323989,0.4231812934780157,0.0034059512378716832,-0.5868181792129548,-0.05258073623372095,1.0914632349404012,4,8,0.4586151000410287,-0.012357928114932163,-0.6829249992655481,0.0,-0.2786932057166471,-0.0953462589245592,-0.2171861213815347,-0.13545709229571928,-0.3481553119113957,-0.511237358145545,5.1720402163943,-0.1354570922957193,-0.23904572186687878,-0.4252658742831209,-0.2970442628930023,0.48304589153964783,0.7071067811865477,-0.7071067811865475,-0.43994134506405985,1
VAR_001793,-0.3035620583574447,-0.6591078026516862,-0.5076106363903833,-0.3684061727545587,-0.36843738131154996,-0.4234115699209364,-0.2819067942079566,-0.29738395576378457,0.3659538416748125,-0.3011046343459823,-0.39019838159802256,11,-0.2524638143380212,-0.13390012800142995,0.2594372608313855,-0.19045630171289915,-0.21844944461841845,0.18142037231856797,-0.04374340862676541,-1.442269929462533,-0.5946919678164199,0.747975444852206,1.421478726952682,0.2594372608313855,0.6474964831522124,0.3799077478904802,-1.4433756729740643,1.4381309202948076,-0.7214900866993804,1.4142135623730951,1.4087274236616798,-0.3219401680402642,0.31465838776377636,1.4007099435177204,0.6644986392449885,-1.4433756729740643,0.39528470752104716,0.6224949798994368,0.6364458273405843,0.48304589153964783,-1.6034002731552304,0.6364458273405843,1.4433756729740643,0.6644986392449885,-1.7217101133134212,0.6364458273405843,0.13545709229571956,1,1.567489267387442,-1.7217101133134212,1,1,0.6673549946637454,0.45632121825750727,0.8639208463110668,-1.2575354264740253,-1.4142135623730951,-1.2062824067924915,-0.7236921049769731,-1.2339883600452934,-1.414213562373095,-0.7801894976054942,-0.7952062255644575,0.8044359715257337,1.2339883600452934,1.245970697341249,-1.2339883600452934,0.7505866250408014,-0.7071067811865475,0.7653197277702214,-0.7952062255644575,-1.3057907127551411,1.4628885360348514,-0.3416007149387877,0.7505866250408014,1.2959348548055658,-1.3066434376564753,0.7801894976054942,0.7505866250408014,1.2679033218677906,0.8103804155521328,0.774796559793369,0.744789942196904,-0.7801894976054942,-1.9039432764659776,-0.3213742239977685,1,-0.4584281252199949,-0.650443635587991,-0.650443635587991,-0.5614075543151804,-1.5712256362470671,-0.6504436355879909,0.6224942905893636,-0.18612980685940314,-0.5156989485641615,0.6880465120494014,-0.5946919678164198,0.7957229955396,-1.537412229571615,0.6363702064530034,-1.956038587687303,0.0,1.82138412342361,-1.5712256362470671,1.297125283482489,-1.5048939771136507,-0.6504434913084749,0.6504436355879908,-1.5374122295716148,-1.537412229571615,1.5712256362470671,-0.6625585964979888,-0.6750400534673922,0.6504436355879909,-0.6014526837662519,1.5712256362470671,0.5946919678164199,0.5391638660171922,0.6168318932684945,-1.681542805549877,-0.6192793387082055,1.4895004907652145,0.6177633762829701,-1.5048939771136507,1.6064386578049983,-0.5808178695515155,1.2592514783450863,0.6504436355879909,-1.537411885367203,-0.6532842835829492,-0.862248612055567,0.6344296941043057,-1.5368939106296922,1.1260663997188436,-0.20563465499723244,-0.6224949798994368,-1.7217101133134212,1.5048939771136507,-1.5712256362470671,0.6644986392449885,-1.5712256362470671,-0.5740400451217759,-0.6644986392449885,1.157779727107914,-0.40027458566691165,0.8257228238447705,-0.8569568250501305,1.1644523121920904,-0.5493361812051816,-1.2575354264740253,1.1887150534341144,-0.8569568250501305,0.8431093201460879,1.2817398889233116,0.7653197277702213,0.7801894976054942,-0.7801894976054942,-1.1887150534341144,0.8103161482138753,-1.358732440973515,-1.3066434376564753,-1.2339883600452934,-0.8257228238447706,-1.4433756729740643,0.2415999856431615,0.28352790510751,0.2209673936496199,0.7573630996490894,1.0471241767078983,0.9011761988618876,15,17,0.09738060803272935,1.3593720926425352,-0.6829249992655481,0.0,3.588175023601831,-0.0953462589245592,-0.2171861213815347,-0.13545709229571928,-0.3481553119113957,-0.511237358145545,-0.1933472978091327,-0.1354570922957193,-0.23904572186687878,-0.4252658742831209,-0.2970442628930023,0.48304589153964783,0.7071067811865477,-0.7071067811865475,-0.43994134506405985,1
VAR_001850,-0.32052099466898415,-0.6178873950590471,-0.46628029494963774,-0.3637883392290882,-0.36536558736692926,-0.41843025597003786,-0.42443271488895634,-0.2801355691055888,-0.35842643800648516,-0.27628609734280557,-0.4787183097735646,8,-0.2524638143380212,-0.13390012800142995,0.2594372608313855,-0.19045630171289915,-0.21844944461841845,0.18142037231856797,-0.04374340862676541,0.697824141595846,-0.5946919678164199,0.6813100046641409,-0.706850021142412,0.2594372608313855,0.6474964831522124,0.3799077478904802,0.692820323027551,-0.7023478730193123,-0.7214900866993804,-0.7071067811865475,-0.7169777311937657,-0.30143249075645984,0.31465838776377636,-0.7201168211946403,0.6644986392449885,0.692820323027551,0.39528470752104716,0.6224949798994368,0.6364458273405843,0.48304589153964783,0.6294646824620143,0.6364458273405843,-0.692820323027551,0.6644986392449885,0.5808178695515155,0.6364458273405843,0.13545709229571956,7,-0.6441828121668849,0.5808178695515155,0,0,0.2753724272545433,0.6420464435575013,0.16528752228858734,-1.2575354264740253,0.7071067811865477,1.061714561457424,-0.7236921049769731,0.8103804155521328,-1.414213562373095,1.2817398889233116,-0.7952062255644575,0.8044359715257337,1.2339883600452934,-1.0141747588311316,0.8103804155521328,0.7505866250408014,1.4142135623730951,-1.3066434376564755,1.2575354264740257,-1.3057907127551411,-0.697100061399229,-0.3416557242926184,0.7505866250408014,1.2959348548055658,-1.3066434376564753,0.7801894976054942,0.7505866250408014,-0.8038480050980997,0.8103804155521328,0.774796559793369,-0.03159122304853541,-0.7801894976054942,0.5252257314388904,-0.2858108337269177,0,-0.5328593925032544,-0.650443635587991,-0.650443635587991,-0.5614075543151804,0.6364458273405843,-0.6504436355879909,0.6224942905893636,-0.04317640632301402,-0.6521390211351347,0.6143345887403254,-0.5946919678164198,0.5541574035725814,0.6504436355879909,0.6363702064530034,0.511237358145545,0.0,-0.5529034969755533,0.6364458273405843,-0.036104816082660626,0.6644986392449885,-0.6504434913084749,0.6504436355879908,0.6504436355879908,0.6504436355879909,-0.6364458273405841,-0.6625585964979888,-0.6404697126766912,0.6504436355879909,-0.6014526837662519,-0.6364458273405841,0.5946919678164199,0.5391638660171922,0.6168318932684945,0.5946919678164199,-0.6192793387082055,-0.512827177935708,0.6177633762829701,0.6644986392449885,-0.6224949798994368,-0.5808178695515155,0.0,0.6504436355879909,0.6505344596812522,-0.6532842835829492,-0.42273371085728334,0.6344296941043057,0.6263405403167476,0.19844947412329558,-0.40084958818085237,-0.6224949798994368,0.5808178695515155,-0.6644986392449885,0.6364458273405843,0.6644986392449885,0.6364458273405843,-0.5740400451217759,-0.6644986392449885,-0.9420990827761717,0.04515166879191069,0.8257228238447705,-0.8569568250501305,1.1644523121920904,0.45290038191892573,-1.2575354264740253,-0.8412444993533732,1.1669199319831565,0.8431093201460879,-0.7801894976054942,0.7653197277702213,-1.2817398889233116,1.2817398889233116,0.8412444993533732,-1.2369409068906594,-1.358732440973515,0.7653197277702213,0.8103804155521328,-0.8257228238447706,0.692820323027551,0.2415999856431615,0.40515778234868816,0.1377195674437354,0.7822755983995936,-0.04763907159882808,1.0884822635955849,0,21,-0.3194284212076161,0.6735070822638015,0.6829249992655481,0.0,-0.2786932057166471,-0.0953462589245592,-0.2171861213815347,-0.13545709229571928,-0.3481553119113957,1.956038587687303,-0.1933472978091327,-0.1354570922957193,-0.23904572186687878,-0.4252658742831209,-0.2970442628930023,0.48304589153964783,-1.4142135623730951,-0.7071067811865475,-0.43994134506405985,0
VAR_001823,-0.19581076807384679,1.685181288263088,-0.5111215090568251,-0.3359307191481335,0.4339689378325459,1.6290783203353194,-0.426075553581355,-0.08750934795389848,0.3851212252494679,5.246560501166819,0.6819814297021035,26,4.12527837918099,1.0687094527704852,-3.8544964466377265,-1.1072515534294343,4.969515133897569,0.18142037231856797,3.4066734371881338,0.697824141595846,1.681542805549877,-1.4345020915948083,1.421478726952682,0.2594372608313855,0.6474964831522124,0.3799077478904802,0.692820323027551,1.4381309202948076,-0.7214900866993804,1.4142135623730951,1.4087274236616798,0.45685344619834406,0.31465838776377636,-0.7201168211946403,0.6644986392449885,-1.4433756729740643,0.39528470752104716,0.6224949798994368,0.6364458273405843,0.48304589153964783,0.6294646824620143,0.6364458273405843,1.4433756729740643,-1.5048939771136507,0.5808178695515155,-1.5712256362470671,0.13545709229571956,2,-0.6441828121668849,0.5808178695515155,1,1,0.013630068882749938,0.6671442573206869,-0.3628954898319894,0.7952062255644573,-1.4142135623730951,1.061714561457424,-0.7236921049769731,-1.2339883600452934,0.7071067811865476,1.2817398889233116,-0.7952062255644575,-1.266831073287107,1.2339883600452934,1.245970697341249,-1.2339883600452934,-1.3322912594474225,-0.7071067811865475,-1.3066434376564755,1.2575354264740257,-1.3057907127551411,-0.697100061399229,-0.25962235182984394,-1.3322912594474225,1.2959348548055658,0.7653197277702213,-1.2817398889233116,-1.3322912594474225,1.2679033218677906,0.8103804155521328,0.774796559793369,0.744789942196904,1.2817398889233116,0.5252257314388904,-0.29171288007848317,1,0.8238949841463824,1.5374122295716148,1.5374122295716148,1.802050469054741,0.6364458273405843,-0.6504436355879909,0.6224942905893636,1.137579975902357,1.5372849568475617,-1.607896063705626,1.6815428055498767,0.7957229955396,0.6504436355879909,-1.5761953627828909,0.511237358145545,0.0,-0.5529034969755533,-1.5712256362470671,-1.2514633102014774,0.6644986392449885,1.537627832978164,0.6504436355879908,-1.5374122295716148,0.6504436355879909,-0.6364458273405841,1.5245174993067014,1.5935538188500968,0.6504436355879909,-0.6014526837662519,1.5712256362470671,0.5946919678164199,-1.854723699099141,-1.6383189672381482,0.5946919678164199,1.6332105135219068,-0.8409249421994665,0.6177633762829701,-1.5048939771136507,1.6064386578049983,-0.5808178695515155,-1.2592514783450863,0.6504436355879909,0.6505344596812522,-0.6532842835829492,1.7388838791286854,0.6344296941043057,0.6829670909172587,1.1260663997188436,1.8441485304826644,-0.6224949798994368,0.5808178695515155,1.5048939771136507,0.6364458273405843,-1.5048939771136507,0.6364458273405843,1.7855442753082797,-0.6644986392449885,1.157779727107914,-0.1936935607729553,-1.2110601416389968,1.1669199319831565,0.2681984429092047,0.4529003846507405,-1.2575354264740253,1.1887150534341144,-0.8569568250501305,0.8431093201460879,1.2817398889233116,-1.3066434376564753,0.7801894976054942,-0.7801894976054942,0.8412444993533732,0.8103161482138753,0.7359800721939873,0.7653197277702213,0.8103804155521328,1.2110601416389966,0.692820323027551,0.0794676351570036,0.2425180213416419,0.24743114516800238,0.7541165898650333,1.0471241767078983,1.0182579212575347,5,7,1.2366586212896735,-0.6982229384936658,-0.6829249992655481,0.0,3.588175023601831,-0.0953462589245592,-0.2171861213815347,-0.13545709229571928,-0.3481553119113957,-0.511237358145545,-0.1933472978091327,-0.1354570922957193,-0.23904572186687878,-0.4252658742831209,-0.2970442628930023,-2.0701966780270626,0.7071067811865477,-0.7071067811865475,-0.43994134506405985,0
VAR_001872,-0.3282635645298093,1.8604580822029455,-0.4673912125475103,-0.3686897424459463,-0.35041594796956455,-0.42341031152096065,-0.44081417443436033,-0.29738388945700145,-0.1881558827983982,-0.27628609734280557,-0.5939455734034483,16,-0.2524638143380212,-0.13390012800142995,0.2594372608313855,-0.19045630171289915,-0.21844944461841845,0.18142037231856797,-0.04374340862676541,0.697824141595846,1.681542805549877,0.747975444852206,1.421478726952682,0.2594372608313855,-1.5619197047151079,-2.6322179675268975,0.692820323027551,1.4381309202948076,-0.7214900866993804,-0.7071067811865475,1.4087274236616798,-0.3046066504814547,0.31465838776377636,1.4007099435177204,-1.5048939771136507,0.692820323027551,-2.529822128134703,-1.606438657804998,0.6364458273405843,-2.0701966780270626,0.6294646824620143,0.6364458273405843,1.4433756729740643,0.6644986392449885,-1.7217101133134212,0.6364458273405843,0.13545709229571956,3,-0.6441828121668849,-1.7217101133134212,1,1,-1.2331582047938878,-0.006299199251993554,0.16528752228858734,-1.2575354264740253,-1.4142135623730951,1.061714561457424,-0.7236921049769731,0.8103804155521328,0.7071067811865476,-0.7801894976054942,1.2575354264740257,0.8044359715257337,-0.8103804155521329,-1.0141747588311316,0.8103804155521328,0.7505866250408014,-0.7071067811865475,0.7653197277702214,-0.7952062255644575,0.7702962057920756,-0.697100061399229,-0.3416543788133876,0.7505866250408014,-0.7784161803042005,-1.3066434376564753,-1.2817398889233116,0.7505866250408014,-0.8038480050980997,0.8103804155521328,-1.302680371827691,-1.355089606998247,1.2817398889233116,0.5252257314388904,-0.2858108337269177,1,-0.5329468121760086,1.5374122295716148,1.5374122295716148,1.802050469054741,-1.5712256362470671,1.5374122295716146,-1.6381247050570276,-0.9870871949857154,-0.6521390211351347,-1.607896063705626,-0.5946919678164198,0.7957229955396,-1.537412229571615,0.6363702064530034,0.511237358145545,0.0,-0.5529034969755533,-1.5712256362470671,-1.2514633102014774,0.6644986392449885,1.537627832978164,-1.5374122295716148,0.6504436355879908,0.6504436355879909,1.5712256362470671,-0.6625585964979888,-0.6058993718859901,0.6504436355879909,-0.6014526837662519,1.5712256362470671,0.5946919678164199,0.5391638660171922,-1.6383189672381482,-1.681542805549877,1.6332105135219068,1.4895004907652145,-1.6367432867871978,0.6644986392449885,-0.6224949798994368,1.7217101133134212,-1.2592514783450863,0.6504436355879909,-1.537411885367203,-0.6532842835829492,0.5405061207295289,-1.592852821436611,0.6829670909172587,-1.377046616992424,-0.4112479979935483,-0.6224949798994368,-1.7217101133134212,-0.6644986392449885,-1.5712256362470671,0.6644986392449885,-1.5712256362470671,1.7855442753082797,-0.6644986392449885,-0.9420990827761717,-0.3954932481736894,0.8257228238447705,-0.8569568250501305,1.1644523121920904,0.45060257180635155,-1.2575354264740253,-0.8412444993533732,-0.8569568250501305,-1.2222728509796579,1.2817398889233116,0.7653197277702213,-1.2817398889233116,-0.7801894976054942,-1.1887150534341144,0.8103161482138753,-1.358732440973515,-1.3066434376564753,-1.2339883600452934,1.2110601416389966,0.692820323027551,0.2415999856431615,0.45961603869494483,0.24743114516800238,0.5019527993419968,1.0471241767078983,0.8849899632116537,17,17,-0.6528756445998924,-0.012357928114932163,2.048774997796644,0.0,-0.2786932057166471,-0.0953462589245592,-0.2171861213815347,-0.13545709229571928,-0.3481553119113957,-0.511237358145545,-0.1933472978091327,-0.1354570922957193,-0.23904572186687878,-0.4252658742831209,-0.2970442628930023,0.48304589153964783,0.7071067811865477,1.4142135623730951,-0.43994134506405985,1
VAR_001783,-0.32052099466898415,-0.6178873950590471,-0.46628029494963774,-0.3637883392290882,-0.36536558736692926,-0.41843025597003786,-0.42443271488895634,-0.2801355691055888,-0.35842643800648516,-0.27628609734280557,-0.4787183097735646,8,-0.2524638143380212,-0.13390012800142995,0.2594372608313855,-0.19045630171289915,-0.21844944461841845,0.18142037231856797,-0.04374340862676541,0.697824141595846,-0.5946919678164199,0.6813100046641409,-0.706850021142412,0.2594372608313855,0.6474964831522124,0.3799077478904802,0.692820323027551,-0.7023478730193123,-0.7214900866993804,-0.7071067811865475,-0.7169777311937657,-0.30143249075645984,0.31465838776377636,-0.7201168211946403,0.6644986392449885,0.692820323027551,0.39528470752104716,0.6224949798994368,0.6364458273405843,0.48304589153964783,0.6294646824620143,0.6364458273405843,-0.692820323027551,0.6644986392449885,0.5808178695515155,0.6364458273405843,0.13545709229571956,7,-0.6441828121668849,0.5808178695515155,3,3,0.6080799623205738,0.6789408310025885,0.16528752228858734,0.7952062255644573,0.7071067811865477,0.23963461650811477,-0.7236921049769731,0.8103804155521328,0.7071067811865476,-0.7801894976054942,-0.7952062255644575,0.8044359715257337,-0.8103804155521329,-0.32093834618342654,0.8103804155521328,0.7505866250408014,-0.7071067811865475,0.7653197277702214,-0.7952062255644575,0.7702962057920756,-0.697100061399229,-0.3347234619027419,0.7505866250408014,-0.7784161803042005,0.7653197277702213,0.7801894976054942,0.7505866250408014,-0.8038480050980997,0.8103804155521328,0.774796559793369,0.744789942196904,-0.7801894976054942,0.5252257314388904,-0.2858108337269177,3,-0.4972765340376519,-0.650443635587991,-0.650443635587991,-0.5614075543151804,0.6364458273405843,-0.6504436355879909,0.6224942905893636,-0.04317640632301402,-0.6521390211351347,0.6143345887403254,-0.5946919678164198,0.5541574035725814,0.6504436355879909,0.6363702064530034,0.511237358145545,0.0,-0.5529034969755533,0.6364458273405843,-0.036104816082660626,0.6644986392449885,-0.6504434913084749,0.6504436355879908,0.6504436355879908,0.6504436355879909,-0.6364458273405841,-0.6625585964979888,-0.6404697126766912,0.6504436355879909,-0.6014526837662519,-0.6364458273405841,0.5946919678164199,0.5391638660171922,0.6168318932684945,0.5946919678164199,-0.6192793387082055,-0.512827177935708,0.6177633762829701,0.6644986392449885,-0.6224949798994368,-0.5808178695515155,0.0,0.6504436355879909,0.6505344596812522,-0.6532842835829492,-0.42273371085728334,0.6344296941043057,0.6263405403167476,0.19844947412329558,-0.40084958818085237,-0.6224949798994368,0.5808178695515155,-0.6644986392449885,0.6364458273405843,0.6644986392449885,0.6364458273405843,-0.5740400451217759,-0.6644986392449885,-0.5962935460936415,-0.3864434311603601,0.8257228238447705,-0.8569568250501305,0.010878735949195884,-0.18088445269715026,0.7952062255644573,-0.8412444993533732,-0.8569568250501305,0.8327661506688665,-0.7801894976054942,0.7653197277702213,0.7801894976054942,-0.7801894976054942,0.8412444993533732,0.8103161482138753,0.7359800721939873,0.7653197277702213,0.8103804155521328,-0.8257228238447706,0.692820323027551,0.2415999856431615,0.3659825086225172,0.24743114516800238,0.35374047389845814,-0.2531715243939385,1.0914632349404012,5,10,0.26410421972886755,1.3593720926425352,-0.6829249992655481,0.0,-0.2786932057166471,-0.0953462589245592,-0.2171861213815347,-0.13545709229571928,-0.3481553119113957,1.956038587687303,-0.1933472978091327,-0.1354570922957193,-0.23904572186687878,-0.4252658742831209,-0.2970442628930023,0.48304589153964783,-1.4142135623730951,-0.7071067811865475,-0.43994134506405985,1
VAR_001873,-0.3259655222089365,-0.4670941292250434,-0.5039012187476835,1.3787634783549918,-0.10917539888145943,-0.35624531056065073,-0.4530438824902509,-0.2958919768862824,-0.34390778980395265,-0.30109386292883467,-0.5587480271832123,7,-0.2524638143380212,8.693329039927253,-3.8544964466377265,3.870754980951394,-0.21844944461841845,0.18142037231856797,-2.4116673894523633,0.697824141595846,-0.5946919678164199,-1.4345020915948083,1.421478726952682,0.2594372608313855,0.6474964831522124,0.3799077478904802,-1.4433756729740643,1.4381309202948076,1.3860204297119676,1.4142135623730951,-0.7169777311937657,-0.28608382002381477,0.31465838776377636,-0.7201168211946403,0.6644986392449885,-1.4433756729740643,0.39528470752104716,0.6224949798994368,-1.5712256362470671,0.48304589153964783,0.6294646824620143,0.6364458273405843,-0.692820323027551,0.6644986392449885,-1.7217101133134212,-1.5712256362470671,0.13545709229571956,6,-0.6441828121668849,0.5808178695515155,3,3,-1.0426163104621973,-0.31911348692206676,-0.19540052541770084,-1.2575354264740253,0.7071067811865477,1.061714561457424,1.3858480726431406,-1.2339883600452934,-1.414213562373095,-0.7801894976054942,-0.7952062255644575,-1.266831073287107,1.2339883600452934,1.245970697341249,-1.2339883600452934,-1.3322912594474225,-0.7071067811865475,0.7653197277702214,1.2575354264740257,-1.3057907127551411,1.4628885360348514,5.444258446921599,-1.3322912594474225,-0.7784161803042005,0.7653197277702213,0.7801894976054942,-1.3322912594474225,1.2679033218677906,-1.2339883600452934,0.774796559793369,-1.355089606998247,-0.7801894976054942,0.5252257314388904,1.2536084546686912,3,-0.49672598722962774,1.5374122295716148,-0.650443635587991,-0.5614075543151804,-1.5712256362470671,-0.6504436355879909,-1.6381247050570276,1.3512084476903288,-0.6521390211351347,-1.607896063705626,1.6815428055498767,0.7957229955396,-1.537412229571615,0.6363702064530034,0.511237358145545,0.0,1.6956421504276267,-1.5712256362470671,-1.2514633102014774,-1.5048939771136507,-0.6504434913084749,-1.5374122295716148,0.6504436355879908,0.6504436355879909,1.5712256362470671,-0.6625585964979888,-0.6750400534673922,0.6504436355879909,-0.6014526837662519,1.5712256362470671,-1.681542805549877,0.5391638660171922,-1.6383189672381482,-1.681542805549877,-0.6192793387082055,-0.8409249421994665,-0.31877149902166046,0.6644986392449885,-0.6224949798994368,1.7217101133134212,-1.2592514783450863,0.6504436355879909,-1.537411885367203,-0.6532842835829492,0.8395851963879517,-1.592852821436611,0.6829670909172587,1.1260663997188436,-0.4112517791836921,-0.6224949798994368,0.5808178695515155,-0.6644986392449885,0.6364458273405843,0.6644986392449885,-1.5712256362470671,1.7855442753082797,1.5048939771136507,1.157779727107914,-0.3923508407674671,-1.2110601416389968,1.1669199319831565,0.5405293083897459,0.45272043464802564,0.7952062255644573,-0.8412444993533732,-0.8569568250501305,-1.2222728509796579,-0.7801894976054942,-1.3066434376564753,0.7801894976054942,-0.7801894976054942,-1.1887150534341144,-1.1027229340313105,0.7359800721939873,0.7653197277702213,-1.2339883600452934,1.2110601416389966,0.692820323027551,0.1690870944444397,0.45961603869494483,0.24743114516800238,0.7006650746760671,0.7330018071442166,0.9640732540527581,17,13,-0.3750029584396622,1.3593720926425352,-0.6829249992655481,0.0,-0.2786932057166471,-0.0953462589245592,-0.2171861213815347,-0.13545709229571928,-0.3481553119113957,1.956038587687303,-0.1933472978091327,-0.1354570922957193,-0.23904572186687878,-0.4252658742831209,-0.2970442628930023,0.48304589153964783,0.7071067811865477,-0.7071067811865475,-0.43994134506405985,1
VAR_001871,1.1721563293132742,1.8601206963736259,-0.3743601038602421,-0.3490095313968591,2.184082032089119,-0.42341157001806207,-0.4546348119842969,0.12422438991313124,-0.3618134246319636,-0.24408184575154898,-0.5658957119803097,0,-0.2524638143380212,0.050859929161370186,0.2594372608313855,3.870754980951394,4.969515133897569,0.18142037231856797,-2.4116673894523633,0.697824141595846,-0.5946919678164199,0.747975444852206,-0.706850021142412,0.2594372608313855,0.6474964831522124,0.3799077478904802,0.692820323027551,1.4381309202948076,-0.7214900866993804,1.4142135623730951,-0.7169777311937657,-0.32194367306314897,0.31465838776377636,1.4007099435177204,-1.5048939771136507,-1.4433756729740643,0.39528470752104716,-1.606438657804998,-1.5712256362470671,0.48304589153964783,0.6294646824620143,0.6364458273405843,-0.692820323027551,0.6644986392449885,0.5808178695515155,0.6364458273405843,0.13545709229571956,1,1.567489267387442,-1.7217101133134212,4,4,-1.1451764358902865,-5.933941691801892,-7.158276107748371,0.7952062255644573,0.7071067811865477,-1.2062824067924915,1.3858480726431406,0.8103804155521328,-1.414213562373095,1.2817398889233116,-0.7952062255644575,0.8044359715257337,1.2339883600452934,1.245970697341249,0.8103804155521328,0.7505866250408014,-0.7071067811865475,0.7653197277702214,1.2575354264740257,0.7702962057920756,-0.697100061399229,-0.3349723834115468,-1.3322912594474225,-0.7784161803042005,-1.3066434376564753,-1.2817398889233116,0.7505866250408014,-0.8038480050980997,-1.2339883600452934,0.774796559793369,0.744789942196904,-0.7801894976054942,0.5252257314388904,-0.320378264141938,4,-0.507538260056272,-0.650443635587991,-0.650443635587991,1.802050469054741,0.6364458273405843,-0.6504436355879909,-1.6381247050570276,-1.3437185396105915,-0.6521390211351347,-1.607896063705626,1.6815428055498767,-1.496569123587275,-1.537412229571615,0.6363702064530034,0.511237358145545,0.0,1.82138412342361,0.6364458273405843,1.297125283482489,-1.5048939771136507,1.537627832978164,0.6504436355879908,0.6504436355879908,-1.537412229571615,1.5712256362470671,-0.6625585964979888,1.4714849831056864,-1.537412229571615,1.6784307539552568,-0.6364458273405841,0.5946919678164199,-1.854723699099141,0.6168318932684945,0.5946919678164199,-0.6192793387082055,-0.8409249421994665,-1.6367432867871978,-1.5048939771136507,1.6064386578049983,-0.5808178695515155,-1.2592514783450863,0.6504436355879909,-1.537411885367203,1.5408921788809073,1.7388838791286854,-1.592852821436611,-1.5368939106296922,-1.377046616992424,0.2808468410314709,-0.6224949798994368,0.5808178695515155,-0.6644986392449885,0.6364458273405843,0.6644986392449885,-1.5712256362470671,-0.5740400451217759,-0.6644986392449885,1.157779727107914,-0.40112216245044274,-1.2110601416389968,1.1669199319831565,1.1644523121920904,0.01695259490589726,0.7952062255644573,-0.8412444993533732,-0.8569568250501305,-1.2222728509796579,-0.7801894976054942,0.7653197277702213,-1.2817398889233116,-0.7801894976054942,-1.1887150534341144,-1.2369409068906594,-1.358732440973515,0.7653197277702213,0.8103804155521328,-0.8257228238447706,0.692820323027551,0.2415999856431615,0.3141546049955861,-5.523323006178376,-1.9976366368674447,-6.603229022529231,-2.389713729236465,9,21,-1.069684673840238,-0.012357928114932163,0.0,0.0,-0.2786932057166471,-0.0953462589245592,-0.2171861213815347,-0.13545709229571928,-0.3481553119113957,-0.511237358145545,-0.1933472978091327,-0.1354570922957193,-0.23904572186687878,2.3514701283890216,-0.2970442628930023,0.48304589153964783,0.7071067811865477,-0.7071067811865475,2.273030282830976,0
VAR_001812,-0.319552344411333,-0.659097978502135,0.4548920228265834,-0.3686877502748385,-0.3655679956072883,-0.41602340525087234,-0.4537613259315045,-0.27746080520871536,-0.36158035651579457,-0.27628609734280557,-0.3345326365659274,16,-0.2524638143380212,-0.13390012800142995,0.2594372608313855,-0.19045630171289915,-0.21844944461841845,0.18142037231856797,-0.04374340862676541,-1.442269929462533,-0.5946919678164199,0.747975444852206,-0.706850021142412,0.2594372608313855,-1.5619197047151079,-2.6322179675268975,0.692820323027551,-0.7023478730193123,1.3860204297119676,1.4142135623730951,1.4087274236616798,-0.3058418598289015,0.31465838776377636,1.4007099435177204,0.6644986392449885,-1.4433756729740643,-2.529822128134703,0.6224949798994368,0.6364458273405843,0.48304589153964783,-0.022301446686986706,0.6364458273405843,1.4433756729740643,0.6644986392449885,-1.7217101133134212,0.6364458273405843,0.13545709229571956,3,-0.6441828121668849,0.5808178695515155,3,3,0.10945150760840662,0.3983727086749067,0.16528752228858734,0.7952062255644573,0.7071067811865477,1.061714561457424,-0.7236921049769731,0.8103804155521328,-1.414213562373095,-0.7801894976054942,1.2575354264740257,0.8044359715257337,1.2339883600452934,1.245970697341249,-1.2339883600452934,-1.3322912594474225,1.4142135623730951,-1.3066434376564755,1.2575354264740257,0.7702962057920756,-0.697100061399229,-0.3353850566881025,0.7505866250408014,-0.7784161803042005,-1.3066434376564753,0.7801894976054942,-1.3322912594474225,1.2679033218677906,-1.2339883600452934,-1.302680371827691,0.744789942196904,-0.7801894976054942,0.5252257314388904,-0.2858108337269177,3,2.0826711736989805,-0.650443635587991,-0.650443635587991,-0.5614075543151804,-1.5712256362470671,1.5374122295716146,0.6224942905893636,-1.2900878904639559,1.5372849568475617,0.6880465120494014,1.6815428055498767,-1.496569123587275,0.6504436355879909,-1.5761953627828909,0.511237358145545,0.0,-0.5529034969755533,-1.5712256362470671,0.4580291792938651,-1.5048939771136507,1.537627832978164,0.6504436355879908,0.6504436355879908,0.6504436355879909,-0.6364458273405841,-0.6625585964979888,-0.6750400534673922,0.6504436355879909,-0.6014526837662519,-0.6364458273405841,0.5946919678164199,0.5391638660171922,0.6168318932684945,-1.681542805549877,-0.6192793387082055,1.4895004907652145,-1.6367432867871978,-1.5048939771136507,1.6064386578049983,-0.5808178695515155,-1.2592514783450863,-1.537412229571615,0.6505344596812522,-0.6532842835829492,-0.862248612055567,0.6344296941043057,-1.5368939106296922,1.1260663997188436,3.198653185044316,1.6064386578049983,-1.7217101133134212,1.5048939771136507,0.6364458273405843,-1.5048939771136507,0.6364458273405843,-0.5740400451217759,-0.6644986392449885,-0.9420990827761717,0.8376285086955448,0.8257228238447705,-0.8569568250501305,1.1644523121920904,-0.5209749669001601,0.7952062255644573,-0.8412444993533732,-0.8569568250501305,0.8431093201460879,-0.7801894976054942,0.7653197277702213,-1.2817398889233116,-0.7801894976054942,0.8412444993533732,-1.2369409068906594,0.7359800721939873,0.7653197277702213,-1.2339883600452934,-0.8257228238447706,-1.4433756729740643,0.2415999856431615,0.4584392363154334,0.2032900969387409,1.0459834953528502,-0.09496117112752782,1.0914632349404012,7,17,-0.7640247190639844,-0.6982229384936658,2.048774997796644,0.0,-0.2786932057166471,-0.0953462589245592,-0.2171861213815347,-0.13545709229571928,-0.3481553119113957,-0.511237358145545,-0.1933472978091327,-0.1354570922957193,-0.23904572186687878,-0.4252658742831209,-0.2970442628930023,0.48304589153964783,0.7071067811865477,1.4142135623730951,-0.43994134506405985,1
VAR_001856,-0.32052099466898415,-0.6178873950590471,-0.46628029494963774,-0.3637883392290882,-0.36536558736692926,-0.41843025597003786,-0.42443271488895634,-0.2801355691055888,-0.35842643800648516,-0.27628609734280557,-0.4787183097735646,8,-0.2524638143380212,-0.13390012800142995,0.2594372608313855,-0.19045630171289915,-0.21844944461841845,0.18142037231856797,-0.04374340862676541,0.697824141595846,-0.5946919678164199,0.6813100046641409,-0.706850021142412,0.2594372608313855,0.6474964831522124,0.3799077478904802,0.692820323027551,-0.7023478730193123,-0.7214900866993804,-0.7071067811865475,-0.7169777311937657,-0.30143249075645984,0.31465838776377636,-0.7201168211946403,0.6644986392449885,0.692820323027551,0.39528470752104716,0.6224949798994368,0.6364458273405843,0.48304589153964783,0.6294646824620143,0.6364458273405843,-0.692820323027551,0.6644986392449885,0.5808178695515155,0.6364458273405843,0.13545709229571956,7,-0.6441828121668849,0.5808178695515155,0,0,-1.7543924474062493,-0.014440240720273334,-0.14076394478113713,0.7952062255644573,0.7071067811865477,0.23963461650811477,-0.7236921049769731,0.8103804155521328,0.7071067811865476,-0.7801894976054942,-0.7952062255644575,0.8044359715257337,-0.8103804155521329,-0.32093834618342654,0.8103804155521328,0.7505866250408014,-0.7071067811865475,0.7653197277702214,-0.7952062255644575,0.7702962057920756,-0.697100061399229,-0.3347234619027419,0.7505866250408014,-0.7784161803042005,0.7653197277702213,0.7801894976054942,0.7505866250408014,-0.8038480050980997,0.8103804155521328,0.774796559793369,0.744789942196904,-0.7801894976054942,0.5252257314388904,-0.2858108337269177,0,-0.4972765340376519,-0.650443635587991,-0.650443635587991,-0.5614075543151804,0.6364458273405843,-0.6504436355879909,0.6224942905893636,-0.04317640632301402,-0.6521390211351347,0.6143345887403254,-0.5946919678164198,0.5541574035725814,0.6504436355879909,0.6363702064530034,0.511237358145545,0.0,-0.5529034969755533,0.6364458273405843,-0.036104816082660626,0.6644986392449885,-0.6504434913084749,0.6504436355879908,0.6504436355879908,0.6504436355879909,-0.6364458273405841,-0.6625585964979888,-0.6404697126766912,0.6504436355879909,-0.6014526837662519,-0.6364458273405841,0.5946919678164199,0.5391638660171922,0.6168318932684945,0.5946919678164199,-0.6192793387082055,-0.512827177935708,0.6177633762829701,0.6644986392449885,-0.6224949798994368,-0.5808178695515155,0.0,0.6504436355879909,0.6505344596812522,-0.6532842835829492,-0.42273371085728334,0.6344296941043057,0.6263405403167476,0.19844947412329558,-0.40084958818085237,-0.6224949798994368,0.5808178695515155,-0.6644986392449885,0.6364458273405843,0.6644986392449885,0.6364458273405843,-0.5740400451217759,-0.6644986392449885,-0.5962935460936415,-0.3864434311603601,0.8257228238447705,-0.8569568250501305,0.010878735949195884,-0.18088445269715026,0.7952062255644573,-0.8412444993533732,-0.8569568250501305,0.8327661506688665,-0.7801894976054942,0.7653197277702213,0.7801894976054942,-0.7801894976054942,0.8412444993533732,0.8103161482138753,0.7359800721939873,0.7653197277702213,0.8103804155521328,-0.8257228238447706,0.692820323027551,0.2415999856431615,0.45961603869494483,0.24743114516800238,0.3184241720422651,-0.06569501110716892,0.021413158036397702,11,19,-0.9029610621440995,-0.6982229384936658,-0.6829249992655481,0.0,-0.2786932057166471,-0.0953462589245592,-0.2171861213815347,-0.13545709229571928,-0.3481553119113957,-0.511237358145545,-0.1933472978091327,-0.1354570922957193,-0.23904572186687878,2.3514701283890216,-0.2970442628930023,0.48304589153964783,-1.4142135623730951,-0.7071067811865475,-0.43994134506405985,1
VAR_001819,-0.3284668807144854,-0.6589097585001724,5.2572506782044535,-0.13759768173483583,-0.3563650919216107,0.35943178851003244,-0.4504119730299815,-0.29738124802463717,-0.3581301118703282,-0.3007078939682151,0.9500231939722652,23,-0.2524638143380212,-0.13390012800142995,0.2594372608313855,-0.19045630171289915,-0.21844944461841845,0.18142037231856797,-0.04374340862676541,-1.442269929462533,1.681542805549877,-1.4345020915948083,-0.706850021142412,0.2594372608313855,0.6474964831522124,0.3799077478904802,-1.4433756729740643,1.4381309202948076,-0.7214900866993804,1.4142135623730951,-0.7169777311937657,-0.3206407981086539,-3.1780497164141424,-0.7201168211946403,-1.5048939771136507,-1.4433756729740643,-2.529822128134703,0.6224949798994368,-1.5712256362470671,-2.0701966780270626,0.6294646824620143,-1.5712256362470671,1.4433756729740643,0.6644986392449885,-1.7217101133134212,0.6364458273405843,0.13545709229571956,3,-0.6441828121668849,0.5808178695515155,2,2,0.3173099292556418,0.4756241521209265,0.16528752228858734,0.7952062255644573,0.7071067811865477,1.061714561457424,-0.7236921049769731,-1.2339883600452934,0.7071067811865476,1.2817398889233116,1.2575354264740257,-1.266831073287107,1.2339883600452934,-0.32093834618342654,-1.2339883600452934,-1.3322912594474225,-0.7071067811865475,0.7653197277702214,1.2575354264740257,0.7702962057920756,1.4628885360348514,-0.34162066735567664,-1.3322912594474225,1.2959348548055658,0.7653197277702213,-1.2817398889233116,-1.3322912594474225,1.2679033218677906,-1.2339883600452934,-1.302680371827691,0.744789942196904,1.2817398889233116,0.5252257314388904,-0.2858108337269177,2,-0.5351111508535364,-0.650443635587991,-0.650443635587991,-0.5614075543151804,0.6364458273405843,-0.6504436355879909,0.6224942905893636,-0.04317640632301402,-0.6521390211351347,0.6143345887403254,-0.5946919678164198,0.5541574035725814,0.6504436355879909,0.6363702064530034,0.511237358145545,0.0,-0.5529034969755533,0.6364458273405843,-0.036104816082660626,0.6644986392449885,-0.6504434913084749,0.6504436355879908,0.6504436355879908,0.6504436355879909,-0.6364458273405841,-0.6625585964979888,-0.6404697126766912,0.6504436355879909,-0.6014526837662519,-0.6364458273405841,0.5946919678164199,0.5391638660171922,0.6168318932684945,0.5946919678164199,-0.6192793387082055,-0.512827177935708,0.6177633762829701,0.6644986392449885,-0.6224949798994368,-0.5808178695515155,0.0,0.6504436355879909,0.6505344596812522,-0.6532842835829492,-0.42273371085728334,0.6344296941043057,0.6263405403167476,0.19844947412329558,-0.40084958818085237,-0.6224949798994368,0.5808178695515155,-0.6644986392449885,0.6364458273405843,0.6644986392449885,0.6364458273405843,-0.5740400451217759,-0.6644986392449885,-0.9420990827761717,-0.40133870562282215,0.8257228238447705,1.1669199319831565,-0.37728392439937003,-0.5487956727111604,-1.2575354264740253,-0.8412444993533732,-0.8569568250501305,0.004711271074983627,1.2817398889233116,-1.3066434376564753,-1.2817398889233116,1.2817398889233116,0.8412444993533732,-1.2369409068906594,0.7359800721939873,0.7653197277702213,0.8103804155521328,1.2110601416389966,0.692820323027551,0.23214686008222118,0.4195790128959872,0.24743114516800238,0.17128548352992146,-0.2247581153738717,-0.24499005799501936,8,24,0.9032113978973971,2.045237103021269,-0.6829249992655481,0.0,-0.2786932057166471,-0.0953462589245592,-0.2171861213815347,-0.13545709229571928,2.8722813232690143,-0.511237358145545,-0.1933472978091327,-0.1354570922957193,-0.23904572186687878,-0.4252658742831209,-0.2970442628930023,-2.0701966780270626,0.7071067811865477,-0.7071067811865475,-0.43994134506405985,1
VAR_001971,-0.32846769307101903,-0.6589518823886543,-0.5125299628622604,-0.3686781862701696,5.060894599807701,-0.4232814193230648,-0.45480769344478844,-0.29716896365911216,-0.36181126100174343,-0.27628609734280557,-0.34813575177216965,16,-0.2524638143380212,-0.13390012800142995,0.2594372608313855,-0.19045630171289915,-0.21844944461841845,0.18142037231856797,-0.04374340862676541,0.697824141595846,-0.5946919678164199,0.6813100046641409,-0.706850021142412,0.2594372608313855,0.6474964831522124,0.3799077478904802,0.692820323027551,-0.7023478730193123,-0.7214900866993804,-0.7071067811865475,-0.7169777311937657,-0.30143249075645984,0.31465838776377636,-0.7201168211946403,0.6644986392449885,0.692820323027551,0.39528470752104716,0.6224949798994368,0.6364458273405843,0.48304589153964783,0.6294646824620143,0.6364458273405843,-0.692820323027551,0.6644986392449885,0.5808178695515155,0.6364458273405843,0.13545709229571956,7,-0.6441828121668849,0.5808178695515155,1,1,-0.7083388448131134,-1.0189519693298488,-0.8907427699082836,0.7952062255644573,0.7071067811865477,0.23963461650811477,-0.7236921049769731,0.8103804155521328,0.7071067811865476,-0.7801894976054942,-0.7952062255644575,0.8044359715257337,-0.8103804155521329,-0.32093834618342654,0.8103804155521328,0.7505866250408014,-0.7071067811865475,0.7653197277702214,-0.7952062255644575,0.7702962057920756,-0.697100061399229,-0.3347234619027419,0.7505866250408014,-0.7784161803042005,0.7653197277702213,0.7801894976054942,0.7505866250408014,-0.8038480050980997,0.8103804155521328,0.774796559793369,0.744789942196904,-0.7801894976054942,0.5252257314388904,-0.2858108337269177,1,-0.47652608134797353,1.5374122295716148,-0.650443635587991,0.30492236705189096,0.6364458273405843,1.5374122295716146,0.6224942905893636,1.3810734683350956,-0.6521390211351347,-1.607896063705626,1.6815428055498767,0.7957229955396,0.6504436355879909,-1.5761953627828909,0.511237358145545,0.0,-0.5529034969755533,-1.5712256362470671,1.297125283482489,-1.5048939771136507,-0.6504434913084749,0.6504436355879908,-1.5374122295716148,0.6504436355879909,1.5712256362470671,-0.6625585964979888,0.6270854957920786,0.6504436355879909,-0.6014526837662519,-0.6364458273405841,-1.681542805549877,0.5391638660171922,-1.6383189672381482,-1.681542805549877,1.6332105135219068,-0.8409249421994665,0.6177633762829701,-1.5048939771136507,1.6064386578049983,1.7217101133134212,-1.2592514783450863,0.6504436355879909,0.6505344596812522,-0.6532842835829492,1.7388838791286854,0.6344296941043057,0.6829670909172587,-1.377046616992424,-0.41125177906193955,-0.6224949798994368,-1.7217101133134212,-0.6644986392449885,-1.5712256362470671,-1.5048939771136507,0.6364458273405843,1.7855442753082797,-0.6644986392449885,-0.9420990827761717,-0.40161460298134727,-1.2110601416389968,1.1669199319831565,-0.7451846604275011,-0.5327927522700725,0.7952062255644573,1.1887150534341144,1.1669199319831565,0.8431093201460879,1.2817398889233116,-1.3066434376564753,-1.2817398889233116,-0.7801894976054942,-1.1887150534341144,-1.2369409068906594,0.7359800721939873,-1.3066434376564753,0.8103804155521328,1.2110601416389966,0.692820323027551,-0.24186823789465794,0.45847070832846076,0.24743114516800238,-2.1317118967698847,0.5504964387406088,-1.0710081188398048,15,17,0.09738060803272935,1.3593720926425352,-0.6829249992655481,0.0,3.588175023601831,-0.0953462589245592,-0.2171861213815347,-0.13545709229571928,-0.3481553119113957,-0.511237358145545,-0.1933472978091327,-0.1354570922957193,-0.23904572186687878,-0.4252658742831209,-0.2970442628930023,0.48304589153964783,-1.4142135623730951,1.4142135623730951,-0.43994134506405985,0
VAR_001938,-0.1394425902196717,-0.2839710210993831,-0.4024354036110527,-0.3560520020236545,-0.3724714968572912,-0.4234115685664371,0.4248976157627728,-0.2907419063439481,-0.3617192628338804,-0.27628609734280557,0.14438882921516713,16,-0.2524638143380212,-0.13390012800142995,0.2594372608313855,-0.19045630171289915,-0.21844944461841845,0.18142037231856797,-0.04374340862676541,0.697824141595846,-0.5946919678164199,0.6813100046641409,-0.706850021142412,0.2594372608313855,0.6474964831522124,0.3799077478904802,0.692820323027551,-0.7023478730193123,-0.7214900866993804,-0.7071067811865475,-0.7169777311937657,-0.30143249075645984,0.31465838776377636,-0.7201168211946403,0.6644986392449885,0.692820323027551,0.39528470752104716,0.6224949798994368,0.6364458273405843,0.48304589153964783,0.6294646824620143,0.6364458273405843,-0.692820323027551,0.6644986392449885,0.5808178695515155,0.6364458273405843,0.13545709229571956,7,-0.6441828121668849,0.5808178695515155,2,2,0.6833013385325207,0.26567935960667927,0.16528752228858734,-1.2575354264740253,-1.4142135623730951,0.6271125594891388,-0.7236921049769731,-1.2339883600452934,-1.414213562373095,-0.7801894976054942,1.2575354264740257,0.8044359715257337,-0.8103804155521329,-1.0141747588311316,-1.2339883600452934,0.7505866250408014,-0.7071067811865475,0.7653197277702214,-0.7952062255644575,-1.3057907127551411,-0.697100061399229,-0.019595264159512474,0.7505866250408014,1.2959348548055658,0.7653197277702213,0.7801894976054942,0.7505866250408014,1.2679033218677906,0.8103804155521328,0.774796559793369,-1.355089606998247,1.2817398889233116,0.5252257314388904,-0.2858108337269177,2,-0.5364182126683181,-0.650443635587991,-0.650443635587991,-0.5614075543151804,0.6364458273405843,-0.6504436355879909,0.6224942905893636,-0.04317640632301402,-0.6521390211351347,0.6143345887403254,-0.5946919678164198,0.5541574035725814,0.6504436355879909,0.6363702064530034,0.511237358145545,0.0,-0.5529034969755533,0.6364458273405843,-0.036104816082660626,0.6644986392449885,-0.6504434913084749,0.6504436355879908,0.6504436355879908,0.6504436355879909,-0.6364458273405841,-0.6625585964979888,-0.6404697126766912,0.6504436355879909,-0.6014526837662519,-0.6364458273405841,0.5946919678164199,0.5391638660171922,0.6168318932684945,0.5946919678164199,-0.6192793387082055,-0.512827177935708,0.6177633762829701,0.6644986392449885,-0.6224949798994368,-0.5808178695515155,0.0,0.6504436355879909,0.6505344596812522,-0.6532842835829492,-0.42273371085728334,0.6344296941043057,0.6263405403167476,0.19844947412329558,-0.40084958818085237,-0.6224949798994368,0.5808178695515155,-0.6644986392449885,0.6364458273405843,0.6644986392449885,0.6364458273405843,-0.5740400451217759,-0.6644986392449885,1.157779727107914,-0.4014998233947611,0.8257228238447705,1.1669199319831565,-1.1205975460487723,-0.5498160575603751,0.7952062255644573,1.1887150534341144,-0.8569568250501305,-1.2222728509796579,-0.7801894976054942,-1.3066434376564753,0.7801894976054942,1.2817398889233116,0.8412444993533732,-1.2369409068906594,0.7359800721939873,0.7653197277702213,-1.2339883600452934,1.2110601416389966,-1.4433756729740643,0.2415999856431615,0.45961603869494483,0.10318471038790064,0.5095591946329149,-0.6383722351372569,-0.3246592994231235,8,4,0.2918914883448906,-0.012357928114932163,-0.6829249992655481,0.0,-0.2786932057166471,-0.0953462589245592,-0.2171861213815347,7.3824115301167,-0.3481553119113957,-0.511237358145545,-0.1933472978091327,-0.1354570922957193,-0.23904572186687878,-0.4252658742831209,-0.2970442628930023,0.48304589153964783,-1.4142135623730951,1.4142135623730951,-0.43994134506405985,1
VAR_001809,-0.328069183511062,-0.6581955506600123,-0.49083238961080894,-0.3686832218214711,-0.37247143960793455,-0.42324232829968333,-0.4543946338665257,-0.18534659343021087,0.2965593546670753,-0.27628609734280557,-0.5772663973943502,16,-0.2524638143380212,-0.13390012800142995,0.2594372608313855,-0.19045630171289915,-0.21844944461841845,0.18142037231856797,-0.04374340862676541,-1.442269929462533,1.681542805549877,0.747975444852206,-0.706850021142412,0.2594372608313855,-1.5619197047151079,-2.6322179675268975,0.692820323027551,1.4381309202948076,1.3860204297119676,-0.7071067811865475,-0.7169777311937657,-0.321943673072566,0.31465838776377636,-0.7201168211946403,0.6644986392449885,0.692820323027551,0.39528470752104716,0.6224949798994368,0.6364458273405843,0.48304589153964783,0.6294646824620143,0.6364458273405843,-0.692820323027551,0.6644986392449885,0.5808178695515155,0.6364458273405843,0.13545709229571956,7,-0.6441828121668849,0.5808178695515155,4,4,-0.07639440507842948,-0.7636138666054835,0.16528752228858734,-1.2575354264740253,-1.4142135623730951,1.061714561457424,1.3858480726431406,0.8103804155521328,-1.414213562373095,1.2817398889233116,-0.7952062255644575,-1.266831073287107,-0.8103804155521329,-1.0141747588311316,0.8103804155521328,-1.3322912594474225,-0.7071067811865475,-1.3066434376564755,1.2575354264740257,0.7702962057920756,-0.697100061399229,-0.33828368699215033,-1.3322912594474225,1.2959348548055658,-1.3066434376564753,0.7801894976054942,-1.3322912594474225,-0.8038480050980997,0.8103804155521328,-1.302680371827691,-1.355089606998247,1.2817398889233116,-1.9039432764659776,5.041612485673699,4,-0.4943065266914612,-0.650443635587991,-0.650443635587991,-0.5614075543151804,0.6364458273405843,-0.6504436355879909,0.6224942905893636,-0.04317640632301402,-0.6521390211351347,0.6143345887403254,-0.5946919678164198,0.5541574035725814,0.6504436355879909,0.6363702064530034,0.511237358145545,0.0,-0.5529034969755533,0.6364458273405843,-0.036104816082660626,0.6644986392449885,-0.6504434913084749,0.6504436355879908,0.6504436355879908,0.6504436355879909,-0.6364458273405841,-0.6625585964979888,-0.6404697126766912,0.6504436355879909,-0.6014526837662519,-0.6364458273405841,0.5946919678164199,0.5391638660171922,0.6168318932684945,0.5946919678164199,-0.6192793387082055,-0.512827177935708,0.6177633762829701,0.6644986392449885,-0.6224949798994368,-0.5808178695515155,0.0,0.6504436355879909,0.6505344596812522,-0.6532842835829492,-0.42273371085728334,0.6344296941043057,0.6263405403167476,0.19844947412329558,-0.40084958818085237,-0.6224949798994368,0.5808178695515155,-0.6644986392449885,0.6364458273405843,0.6644986392449885,0.6364458273405843,-0.5740400451217759,-0.6644986392449885,1.157779727107914,-0.40129797572187076,-1.2110601416389968,1.1669199319831565,-1.1205975460487723,-0.5498400374947727,-1.2575354264740253,-0.8412444993533732,-0.8569568250501305,0.8431093201460879,-0.7801894976054942,-1.3066434376564753,-1.2817398889233116,-0.7801894976054942,-1.1887150534341144,0.8103161482138753,0.7359800721939873,-1.3066434376564753,0.8103804155521328,-0.8257228238447706,0.692820323027551,0.0938677358821098,0.45961603869494483,0.13479593696350411,0.2099091704231834,-0.22408424593204984,-0.1275291042322674,11,19,-0.9029610621440995,-0.6982229384936658,-0.6829249992655481,0.0,-0.2786932057166471,-0.0953462589245592,-0.2171861213815347,-0.13545709229571928,-0.3481553119113957,-0.511237358145545,-0.1933472978091327,-0.1354570922957193,-0.23904572186687878,2.3514701283890216,-0.2970442628930023,0.48304589153964783,-1.4142135623730951,1.4142135623730951,-0.43994134506405985,1
VAR_001806,-0.22164173715195,1.8660972855683313,-0.29170504545699,-0.30297208917471025,-0.1974654072492847,-0.2983831164066429,-0.3376348390900476,-0.14997574609316247,0.6245042877743696,-0.2030574739304981,-0.07297833669984169,15,4.12527837918099,-0.49121249716669907,0.2594372608313855,3.870754980951394,0.3001665558388484,0.18142037231856797,-0.04374340862676541,0.697824141595846,-0.5946919678164199,-1.4345020915948083,1.421478726952682,0.2594372608313855,0.6474964831522124,0.3799077478904802,0.692820323027551,1.4381309202948076,-0.7214900866993804,-0.7071067811865475,1.4087274236616798,-0.26694675825423086,0.31465838776377636,1.4007099435177204,-1.5048939771136507,0.692820323027551,0.39528470752104716,0.6224949798994368,0.6364458273405843,0.48304589153964783,-1.6034002731552304,-1.5712256362470671,1.4433756729740643,-1.5048939771136507,0.5808178695515155,0.6364458273405843,0.13545709229571956,4,1.567489267387442,0.5808178695515155,4,4,0.7996805774545644,0.7193948070271543,0.47424219808069107,-1.2575354264740253,0.7071067811865477,1.061714561457424,-0.7236921049769731,0.8103804155521328,-1.414213562373095,-0.7801894976054942,1.2575354264740257,0.8044359715257337,1.2339883600452934,-1.0141747588311316,0.8103804155521328,-1.3322912594474225,1.4142135623730951,0.7653197277702214,1.2575354264740257,0.7702962057920756,1.4628885360348514,0.1388377944932929,0.7505866250408014,1.2959348548055658,0.7653197277702213,0.7801894976054942,0.7505866250408014,-0.8038480050980997,-1.2339883600452934,0.774796559793369,-1.355089606998247,-0.7801894976054942,-1.9039432764659776,-0.2622162800450358,4,-0.17507726747645497,-0.650443635587991,-0.650443635587991,-0.5614075543151804,0.6364458273405843,-0.6504436355879909,0.4383553484383603,-1.3363624931279667,1.5372849568475617,0.6880465120494014,1.6815428055498767,0.7957229955396,-1.537412229571615,0.6363702064530034,0.511237358145545,0.0,-0.5529034969755533,0.6364458273405843,-1.2514633102014774,0.6644986392449885,1.537627832978164,0.6504436355879908,-1.5374122295716148,0.6504436355879909,-0.6364458273405841,-0.6625585964979888,0.8970804333368071,0.6504436355879909,1.6784307539552568,1.5712256362470671,0.5946919678164199,0.5391638660171922,0.6168318932684945,0.5946919678164199,1.6332105135219068,1.4895004907652145,-1.6367432867871978,-1.5048939771136507,-0.6224949798994368,1.7217101133134212,1.2592514783450863,-1.537412229571615,0.6505344596812522,-0.6532842835829492,1.7388838791286854,0.6344296941043057,0.5639747259729124,1.1260663997188436,-0.3443142830864424,1.6064386578049983,-1.7217101133134212,1.5048939771136507,0.6364458273405843,-1.5048939771136507,-1.5712256362470671,-0.5740400451217759,1.5048939771136507,-0.9420990827761717,-0.22377032371919678,0.8257228238447705,1.1669199319831565,-0.9129443268549515,-0.5498397506568915,-1.2575354264740253,1.1887150534341144,-0.8569568250501305,0.8431093201460879,-0.7801894976054942,0.7653197277702213,0.7801894976054942,1.2817398889233116,-1.1887150534341144,-1.2369409068906594,0.7359800721939873,0.7653197277702213,0.8103804155521328,-0.8257228238447706,0.692820323027551,0.032334904422802145,0.45961603869494483,0.06097761128575251,0.37743334066046386,0.2189763495080942,-0.017757739086049638,9,21,-1.069684673840238,-0.012357928114932163,0.0,0.0,-0.2786932057166471,-0.0953462589245592,-0.2171861213815347,-0.13545709229571928,-0.3481553119113957,-0.511237358145545,-0.1933472978091327,-0.1354570922957193,-0.23904572186687878,2.3514701283890216,-0.2970442628930023,0.48304589153964783,0.7071067811865477,-0.7071067811865475,-0.43994134506405985,0
VAR_001883,-0.32841988185709065,-0.6542229770365947,0.27662906667723797,-0.36868909114301696,-0.3724708577600226,-0.4169163064210331,-0.42278987619655767,-0.29716817312797444,0.9528049009418375,-0.27628609734280557,-0.5851258722508816,19,-0.2524638143380212,-0.13390012800142995,0.2594372608313855,-0.19045630171289915,-0.21844944461841845,0.18142037231856797,-0.04374340862676541,-1.442269929462533,1.681542805549877,-1.4345020915948083,1.421478726952682,0.2594372608313855,0.6474964831522124,0.3799077478904802,-1.4433756729740643,-0.7023478730193123,1.3860204297119676,1.4142135623730951,-0.7169777311937657,-0.3219436324232073,0.31465838776377636,1.4007099435177204,0.6644986392449885,0.692820323027551,0.39528470752104716,0.6224949798994368,0.6364458273405843,-2.0701966780270626,0.6294646824620143,0.6364458273405843,1.4433756729740643,0.6644986392449885,0.5808178695515155,0.6364458273405843,0.13545709229571956,6,1.567489267387442,0.5808178695515155,1,1,-1.8160748182796569,-1.3636636272283238,-1.0218290970821384,0.7952062255644573,0.7071067811865477,1.061714561457424,-0.7236921049769731,-1.2339883600452934,-1.414213562373095,1.2817398889233116,1.2575354264740257,-1.266831073287107,1.2339883600452934,-1.0141747588311316,-1.2339883600452934,-1.3322912594474225,-0.7071067811865475,0.7653197277702214,1.2575354264740257,0.7702962057920756,1.4628885360348514,-0.33292210009838563,0.7505866250408014,-0.7784161803042005,0.7653197277702213,-1.2817398889233116,-1.3322912594474225,-0.8038480050980997,0.8103804155521328,0.774796559793369,-1.355089606998247,-0.7801894976054942,0.5252257314388904,-0.2858108337269177,1,-0.5283505696525198,-0.650443635587991,-0.650443635587991,1.802050469054741,-1.5712256362470671,1.5374122295716146,0.6224942905893636,-0.515361740310271,1.5372849568475617,0.6880465120494014,1.6815428055498767,0.7957229955396,-1.537412229571615,-1.5761953627828909,-1.956038587687303,0.0,1.82138412342361,-1.5712256362470671,1.297125283482489,-1.5048939771136507,1.537627832978164,0.6504436355879908,0.6504436355879908,0.6504436355879909,-0.6364458273405841,-0.6625585964979888,-0.6750400534673922,0.6504436355879909,-0.6014526837662519,-0.6364458273405841,0.5946919678164199,0.5391638660171922,0.6168318932684945,0.5946919678164199,-0.6192793387082055,-0.8409249421994665,0.6177633762829701,-1.5048939771136507,-0.6224949798994368,-0.5808178695515155,1.2592514783450863,0.6504436355879909,0.6505344596812522,1.5408921788809073,1.7388838791286854,-1.592852821436611,-1.5368939106296922,1.1260663997188436,0.5285196120367811,-0.6224949798994368,0.5808178695515155,-0.6644986392449885,0.6364458273405843,-1.5048939771136507,-1.5712256362470671,0.5342068868190997,1.5048939771136507,-0.9420990827761717,-0.39663844790861547,0.8257228238447705,-0.8569568250501305,-1.1205975460487723,0.4520724530575201,0.7952062255644573,1.1887150534341144,1.1669199319831565,-1.2222728509796579,-0.7801894976054942,-1.3066434376564753,-1.2817398889233116,-0.7801894976054942,-1.1887150534341144,0.8103161482138753,-1.358732440973515,-1.3066434376564753,0.8103804155521328,-0.8257228238447706,-1.4433756729740643,0.2415999856431615,0.45961603869494483,0.24743114516800238,-1.594748108142548,1.0471241767078983,-0.6554856355783747,16,19,1.4033822329858119,-0.012357928114932163,2.048774997796644,0.0,-0.2786932057166471,-0.0953462589245592,-0.2171861213815347,-0.13545709229571928,-0.3481553119113957,-0.511237358145545,-0.1933472978091327,-0.1354570922957193,-0.23904572186687878,-0.4252658742831209,-0.2970442628930023,0.48304589153964783,0.7071067811865477,-0.7071067811865475,-0.43994134506405985,1
VAR_001978,-0.32052099466898415,-0.6178873950590471,-0.46628029494963774,-0.3637883392290882,-0.36536558736692926,-0.41843025597003786,-0.42443271488895634,-0.2801355691055888,-0.35842643800648516,-0.27628609734280557,-0.4787183097735646,8,-0.2524638143380212,-0.13390012800142995,0.2594372608313855,-0.19045630171289915,-0.21844944461841845,0.18142037231856797,-0.04374340862676541,0.697824141595846,-0.5946919678164199,0.6813100046641409,-0.706850021142412,0.2594372608313855,0.6474964831522124,0.3799077478904802,0.692820323027551,-0.7023478730193123,-0.7214900866993804,-0.7071067811865475,-0.7169777311937657,-0.30143249075645984,0.31465838776377636,-0.7201168211946403,0.6644986392449885,0.692820323027551,0.39528470752104716,0.6224949798994368,0.6364458273405843,0.48304589153964783,-1.6034002731552304,-1.5712256362470671,-0.692820323027551,-1.5048939771136507,-1.7217101133134212,-1.5712256362470671,0.13545709229571956,6,-0.6441828121668849,0.5808178695515155,4,4,0.4789545932026691,0.7117535085802429,0.16528752228858734,0.7952062255644573,0.7071067811865477,0.23963461650811477,-0.7236921049769731,0.8103804155521328,0.7071067811865476,-0.7801894976054942,-0.7952062255644575,0.8044359715257337,-0.8103804155521329,-0.32093834618342654,0.8103804155521328,0.7505866250408014,-0.7071067811865475,0.7653197277702214,-0.7952062255644575,0.7702962057920756,-0.697100061399229,-0.3347234619027419,0.7505866250408014,-0.7784161803042005,0.7653197277702213,0.7801894976054942,0.7505866250408014,-0.8038480050980997,0.8103804155521328,0.774796559793369,0.744789942196904,-0.7801894976054942,0.5252257314388904,-0.2858108337269177,4,-0.5283505409393556,-0.650443635587991,-0.650443635587991,-0.5614075543151804,0.6364458273405843,-0.6504436355879909,0.6224942905893636,-0.04317640632301402,-0.6521390211351347,0.6143345887403254,-0.5946919678164198,0.5541574035725814,0.6504436355879909,0.6363702064530034,0.511237358145545,0.0,-0.5529034969755533,0.6364458273405843,-0.036104816082660626,0.6644986392449885,-0.6504434913084749,0.6504436355879908,0.6504436355879908,0.6504436355879909,-0.6364458273405841,-0.6625585964979888,-0.6404697126766912,0.6504436355879909,-0.6014526837662519,-0.6364458273405841,0.5946919678164199,0.5391638660171922,0.6168318932684945,0.5946919678164199,-0.6192793387082055,-0.512827177935708,0.6177633762829701,0.6644986392449885,-0.6224949798994368,-0.5808178695515155,0.0,0.6504436355879909,0.6505344596812522,-0.6532842835829492,-0.42273371085728334,0.6344296941043057,0.6263405403167476,0.19844947412329558,-0.40084958818085237,-0.6224949798994368,0.5808178695515155,-0.6644986392449885,0.6364458273405843,0.6644986392449885,0.6364458273405843,-0.5740400451217759,-0.6644986392449885,-0.5962935460936415,-0.3864434311603601,0.8257228238447705,-0.8569568250501305,0.010878735949195884,-0.18088445269715026,0.7952062255644573,-0.8412444993533732,-0.8569568250501305,0.8327661506688665,-0.7801894976054942,0.7653197277702213,0.7801894976054942,-0.7801894976054942,0.8412444993533732,0.8103161482138753,0.7359800721939873,0.7653197277702213,0.8103804155521328,-0.8257228238447706,0.692820323027551,0.2415999856431615,0.14891182852107732,0.24743114516800238,0.23307150897741025,0.1548696587035425,-0.026618461661512213,11,14,-1.1252592110722839,-1.3840879488723994,0.6829249992655481,0.0,-0.2786932057166471,-0.0953462589245592,-0.2171861213815347,-0.13545709229571928,-0.3481553119113957,-0.511237358145545,-0.1933472978091327,-0.1354570922957193,-0.23904572186687878,2.3514701283890216,-0.2970442628930023,0.48304589153964783,0.7071067811865477,-0.7071067811865475,-0.43994134506405985,1
VAR_001885,4.825757114503987,-0.5469351844086745,-0.4855066460537327,-0.09655880921302028,0.03381697258036916,3.2320992866574145,0.293905728943059,-0.2581970773050992,0.017771423834492015,-0.22102410066372807,0.03180629365719184,27,-0.2524638143380212,-0.6814862951045675,0.2594372608313855,-0.19045630171289915,4.969515133897569,0.18142037231856797,3.4066734371881338,0.697824141595846,-0.5946919678164199,0.747975444852206,1.421478726952682,0.2594372608313855,0.6474964831522124,0.3799077478904802,-1.4433756729740643,-0.7023478730193123,-0.7214900866993804,1.4142135623730951,-0.7169777311937657,-0.2691730736206944,0.31465838776377636,-0.7201168211946403,0.6644986392449885,0.692820323027551,0.39528470752104716,0.6224949798994368,0.6364458273405843,0.48304589153964783,0.6294646824620143,-1.5712256362470671,1.4433756729740643,-1.5048939771136507,0.5808178695515155,-1.5712256362470671,0.13545709229571956,4,-0.6441828121668849,-1.7217101133134212,3,3,-1.717687981806757,-1.2103430567556288,0.16528752228858734,-1.2575354264740253,-1.4142135623730951,-1.2062824067924915,1.3858480726431406,-1.2339883600452934,0.7071067811865476,-0.7801894976054942,-0.7952062255644575,0.8044359715257337,1.2339883600452934,-1.0141747588311316,0.8103804155521328,0.7505866250408014,1.4142135623730951,0.7653197277702214,-0.7952062255644575,0.7702962057920756,-0.697100061399229,1.6091629148656084,-1.3322912594474225,1.2959348548055658,0.7653197277702213,0.7801894976054942,-1.3322912594474225,-0.8038480050980997,-1.2339883600452934,0.774796559793369,0.744789942196904,1.2817398889233116,-1.9039432764659776,-0.25613071323266623,3,-0.4771152968307919,1.5374122295716148,1.5374122295716148,-0.5614075543151804,0.6364458273405843,-0.6504436355879909,0.6224942905893636,-1.3496253733210628,1.5372849568475617,0.6880465120494014,1.6815428055498767,0.7957229955396,0.6504436355879909,0.6363702064530034,0.511237358145545,0.0,1.587936130327769,-1.5712256362470671,-1.2514633102014774,0.6644986392449885,-0.6504434913084749,-1.5374122295716148,0.6504436355879908,0.6504436355879909,1.5712256362470671,-0.6625585964979888,-0.6750400534673922,-1.537412229571615,1.6784307539552568,-0.6364458273405841,-1.681542805549877,0.5391638660171922,-1.6383189672381482,0.5946919678164199,1.6332105135219068,-0.8409249421994665,0.6177633762829701,0.6644986392449885,1.6064386578049983,-0.5808178695515155,1.2592514783450863,0.6504436355879909,-1.537411885367203,1.5408921788809073,-0.862248612055567,-1.592852821436611,-1.5368939106296922,-1.377046616992424,3.388089445923601,1.6064386578049983,0.5808178695515155,-0.6644986392449885,-1.5712256362470671,0.6644986392449885,-1.5712256362470671,-0.5740400451217759,1.5048939771136507,1.157779727107914,-0.3852763507393174,0.8257228238447705,-0.8569568250501305,1.1644523121920904,-0.021660039975087555,0.7952062255644573,1.1887150534341144,-0.8569568250501305,0.8431093201460879,1.2817398889233116,0.7653197277702213,-1.2817398889233116,-0.7801894976054942,-1.1887150534341144,-1.2369409068906594,0.7359800721939873,0.7653197277702213,0.8103804155521328,-0.8257228238447706,0.692820323027551,0.2415999856431615,0.4464546179296267,0.24743114516800238,0.30678448775034967,0.3988457057542227,-0.6493551134275299,21,9,0.4586151000410287,2.7311021134000026,0.0,0.0,-0.2786932057166471,-0.0953462589245592,-0.2171861213815347,-0.13545709229571928,-0.3481553119113957,1.956038587687303,-0.1933472978091327,-0.1354570922957193,-0.23904572186687878,-0.4252658742831209,-0.2970442628930023,-2.0701966780270626,0.7071067811865477,-0.7071067811865475,-0.43994134506405985,0
VAR_001776,-0.32846763954020425,1.857116244030226,2.1390803169102006,-0.36867335019126496,1.6313187797392843,-0.42341157001736235,-0.31886210055297765,-0.2973759978777655,-0.3618131533883385,-0.27628609734280557,-0.5881996424581499,16,-0.2524638143380212,-0.13390012800142995,0.2594372608313855,-0.19045630171289915,-0.21844944461841845,0.18142037231856797,-0.04374340862676541,0.697824141595846,-0.5946919678164199,0.6813100046641409,-0.706850021142412,0.2594372608313855,0.6474964831522124,0.3799077478904802,0.692820323027551,-0.7023478730193123,-0.7214900866993804,-0.7071067811865475,-0.7169777311937657,-0.30143249075645984,0.31465838776377636,-0.7201168211946403,0.6644986392449885,0.692820323027551,0.39528470752104716,0.6224949798994368,0.6364458273405843,0.48304589153964783,0.6294646824620143,0.6364458273405843,-0.692820323027551,0.6644986392449885,0.5808178695515155,0.6364458273405843,0.13545709229571956,7,-0.6441828121668849,0.5808178695515155,3,3,0.920407951376758,-0.6203600851347043,-0.47196475051355063,0.7952062255644573,0.7071067811865477,-1.2062824067924915,1.3858480726431406,-1.2339883600452934,-1.414213562373095,1.2817398889233116,-0.7952062255644575,0.8044359715257337,-0.8103804155521329,-1.0141747588311316,0.8103804155521328,0.7505866250408014,1.4142135623730951,0.7653197277702214,-0.7952062255644575,-1.3057907127551411,1.4628885360348514,-0.3229432912413732,-1.3322912594474225,-0.7784161803042005,-1.3066434376564753,0.7801894976054942,-1.3322912594474225,-0.8038480050980997,-1.2339883600452934,-1.302680371827691,-1.355089606998247,1.2817398889233116,0.5252257314388904,-0.2858108337269177,3,-0.36184490046250734,-0.650443635587991,-0.650443635587991,-0.5614075543151804,0.6364458273405843,-0.6504436355879909,0.6224942905893636,-0.04317640632301402,-0.6521390211351347,0.6143345887403254,-0.5946919678164198,0.5541574035725814,0.6504436355879909,0.6363702064530034,0.511237358145545,0.0,-0.5529034969755533,0.6364458273405843,-0.036104816082660626,0.6644986392449885,-0.6504434913084749,0.6504436355879908,0.6504436355879908,0.6504436355879909,-0.6364458273405841,-0.6625585964979888,-0.6404697126766912,0.6504436355879909,-0.6014526837662519,-0.6364458273405841,0.5946919678164199,0.5391638660171922,0.6168318932684945,0.5946919678164199,-0.6192793387082055,-0.512827177935708,0.6177633762829701,0.6644986392449885,-0.6224949798994368,-0.5808178695515155,0.0,0.6504436355879909,0.6505344596812522,-0.6532842835829492,-0.42273371085728334,0.6344296941043057,0.6263405403167476,0.19844947412329558,-0.40084958818085237,-0.6224949798994368,0.5808178695515155,-0.6644986392449885,0.6364458273405843,0.6644986392449885,0.6364458273405843,-0.5740400451217759,-0.6644986392449885,-0.9420990827761717,-0.4016141469404769,-1.2110601416389968,1.1669199319831565,1.1644523121920904,-0.5498129010871178,0.7952062255644573,-0.8412444993533732,1.1669199319831565,0.8431093201460879,-0.7801894976054942,-1.3066434376564753,-1.2817398889233116,1.2817398889233116,0.8412444993533732,-1.2369409068906594,0.7359800721939873,-1.3066434376564753,0.8103804155521328,-0.8257228238447706,0.692820323027551,0.0958779645065938,0.45961603869494483,0.05303081241826605,0.17215862619818198,0.4761048269546442,1.0914632349404012,7,17,-0.7640247190639844,-0.6982229384936658,2.048774997796644,0.0,-0.2786932057166471,-0.0953462589245592,-0.2171861213815347,-0.13545709229571928,-0.3481553119113957,-0.511237358145545,-0.1933472978091327,-0.1354570922957193,-0.23904572186687878,-0.4252658742831209,-0.2970442628930023,0.48304589153964783,-1.4142135623730951,1.4142135623730951,-0.43994134506405985,1
VAR_001939,-0.3283727306687645,-0.6590966357569652,-0.009841133952678348,0.17112517135193478,1.2643562569400075,-0.4234115700180774,-0.45474257412042823,-0.129827108709986,-0.3618134249762011,-0.3011046341654997,-0.5588673796499678,6,1.5045664160682608,-0.6934062298477461,0.2594372608313855,-1.1072515534294343,-0.21844944461841845,-1.6979952271411114,-2.4116673894523633,-1.442269929462533,-0.5946919678164199,0.747975444852206,1.421478726952682,0.2594372608313855,0.6474964831522124,0.3799077478904802,0.692820323027551,-0.7023478730193123,1.3860204297119676,-0.7071067811865475,-0.7169777311937657,0.7293632221194487,0.31465838776377636,-0.7201168211946403,0.6644986392449885,0.692820323027551,0.39528470752104716,-1.606438657804998,-1.5712256362470671,-2.0701966780270626,0.6294646824620143,0.6364458273405843,-0.692820323027551,0.6644986392449885,-1.7217101133134212,-1.5712256362470671,0.13545709229571956,0,1.567489267387442,0.5808178695515155,3,3,0.5809944040230542,0.8771853298638267,0.16528752228858734,0.7952062255644573,0.7071067811865477,-1.2062824067924915,-0.7236921049769731,0.8103804155521328,-1.414213562373095,-0.7801894976054942,-0.7952062255644575,0.8044359715257337,-0.8103804155521329,1.245970697341249,-1.2339883600452934,0.7505866250408014,-0.7071067811865475,-1.3066434376564755,1.2575354264740257,0.7702962057920756,1.4628885360348514,-0.3369928972518668,-1.3322912594474225,-0.7784161803042005,0.7653197277702213,0.7801894976054942,0.7505866250408014,1.2679033218677906,0.8103804155521328,-1.302680371827691,-1.355089606998247,1.2817398889233116,-1.9039432764659776,-0.32147016087513713,3,-0.49643216653253924,-0.650443635587991,-0.650443635587991,1.802050469054741,0.6364458273405843,1.5374122295716146,0.6224942905893636,0.5460161856846777,1.5372849568475617,0.6880465120494014,-0.5946919678164198,-1.496569123587275,-1.537412229571615,0.6363702064530034,0.511237358145545,0.0,1.82138412342361,0.6364458273405843,1.297125283482489,0.6644986392449885,-0.6504434913084749,-1.5374122295716148,0.6504436355879908,-1.537412229571615,1.5712256362470671,-0.6625585964979888,1.5935538188500968,-1.537412229571615,-0.6014526837662519,1.5712256362470671,-1.681542805549877,0.5391638660171922,0.6168318932684945,-1.681542805549877,1.6332105135219068,1.4895004907652145,0.6177633762829701,0.6644986392449885,-0.6224949798994368,1.7217101133134212,1.2592514783450863,-1.537412229571615,-1.537411885367203,1.5408921788809073,-0.862248612055567,-1.592852821436611,-1.5368939106296922,-1.377046616992424,-0.41088983334492235,1.6064386578049983,0.5808178695515155,1.5048939771136507,-1.5712256362470671,-1.5048939771136507,0.6364458273405843,-0.5740400451217759,-0.6644986392449885,1.157779727107914,-0.40149390681344066,-1.2110601416389968,-0.8569568250501305,-1.1205975460487723,-0.5498119519354955,-1.2575354264740253,1.1887150534341144,-0.8569568250501305,-1.2222728509796579,1.2817398889233116,0.7653197277702213,0.7801894976054942,-0.7801894976054942,0.8412444993533732,0.8103161482138753,0.7359800721939873,0.7653197277702213,-1.2339883600452934,1.2110601416389966,0.692820323027551,-0.07024532560817816,0.2684974878754804,0.24743114516800238,1.232187869720994,0.3912933614514765,1.0914632349404012,7,17,-0.7640247190639844,-0.6982229384936658,2.048774997796644,0.0,-0.2786932057166471,-0.0953462589245592,-0.2171861213815347,-0.13545709229571928,-0.3481553119113957,-0.511237358145545,-0.1933472978091327,-0.1354570922957193,-0.23904572186687878,-0.4252658742831209,-0.2970442628930023,0.48304589153964783,0.7071067811865477,-0.7071067811865475,2.273030282830976,1
VAR_001949,-0.3279104526125076,0.43272754054714263,0.2630320792720499,-0.3686085347961739,-0.3705711605478761,-0.36283135413423534,-0.4547570294533292,-0.18626799938820443,0.016465163586821183,-0.27628609734280557,-0.5177723717028995,11,-0.2524638143380212,-0.13390012800142995,0.2594372608313855,-0.19045630171289915,-0.21844944461841845,0.18142037231856797,-0.04374340862676541,0.697824141595846,-0.5946919678164199,0.6813100046641409,-0.706850021142412,0.2594372608313855,0.6474964831522124,0.3799077478904802,0.692820323027551,-0.7023478730193123,-0.7214900866993804,-0.7071067811865475,-0.7169777311937657,-0.30143249075645984,0.31465838776377636,-0.7201168211946403,0.6644986392449885,0.692820323027551,0.39528470752104716,-1.606438657804998,-1.5712256362470671,0.48304589153964783,-1.6034002731552304,-1.5712256362470671,-0.692820323027551,-1.5048939771136507,0.5808178695515155,0.6364458273405843,0.13545709229571956,1,-0.6441828121668849,0.5808178695515155,3,3,0.5583213336325488,0.5452588573680738,0.16528752228858734,0.7952062255644573,-1.4142135623730951,0.7172689287162516,-0.7236921049769731,-1.2339883600452934,0.7071067811865476,1.2817398889233116,-0.7952062255644575,0.8044359715257337,1.2339883600452934,-1.0141747588311316,0.8103804155521328,0.7505866250408014,-0.7071067811865475,0.7653197277702214,1.2575354264740257,-1.3057907127551411,-0.697100061399229,-0.3014236067645419,-1.3322912594474225,1.2959348548055658,-1.3066434376564753,-1.2817398889233116,-1.3322912594474225,-0.8038480050980997,0.8103804155521328,0.774796559793369,-1.355089606998247,1.2817398889233116,0.5252257314388904,-0.2858108337269177,3,-0.5337481593315396,-0.650443635587991,1.5374122295716148,1.802050469054741,0.6364458273405843,-0.6504436355879909,-1.6381247050570276,-1.3439345509443383,-0.6521390211351347,0.6880465120494014,-0.5946919678164198,-1.496569123587275,-1.537412229571615,0.6363702064530034,0.511237358145545,0.0,-0.5529034969755533,0.6364458273405843,-1.2514633102014774,-1.5048939771136507,1.537627832978164,0.6504436355879908,-1.5374122295716148,-1.537412229571615,1.5712256362470671,1.5245174993067014,-0.6750400534673922,-1.537412229571615,1.6784307539552568,1.5712256362470671,-1.681542805549877,-1.854723699099141,-1.6383189672381482,-1.681542805549877,-0.6192793387082055,1.4895004907652145,0.6177633762829701,-1.5048939771136507,1.6064386578049983,-0.5808178695515155,1.2592514783450863,-1.537412229571615,0.6505344596812522,1.5408921788809073,-0.862248612055567,-1.592852821436611,0.6829670909172587,-1.377046616992424,1.260336630141286,-0.6224949798994368,0.5808178695515155,1.5048939771136507,0.6364458273405843,-1.5048939771136507,0.6364458273405843,-0.5740400451217759,1.5048939771136507,1.157779727107914,-0.3903276730754448,0.8257228238447705,1.1669199319831565,1.1644523121920904,-0.5498341027734011,-1.2575354264740253,1.1887150534341144,-0.8569568250501305,0.8431093201460879,1.2817398889233116,-1.3066434376564753,0.7801894976054942,-0.7801894976054942,0.8412444993533732,-1.2369409068906594,0.7359800721939873,-1.3066434376564753,-1.2339883600452934,-0.8257228238447706,0.692820323027551,-0.04099919357596159,0.45961603869494483,0.1565469524922511,1.3045449461713237,0.16758171316724826,0.9861547204046895,22,3,1.3200204271377425,-0.6982229384936658,-0.6829249992655481,0.0,-0.2786932057166471,-0.0953462589245592,-0.2171861213815347,-0.13545709229571928,-0.3481553119113957,-0.511237358145545,-0.1933472978091327,-0.1354570922957193,-0.23904572186687878,-0.4252658742831209,-0.2970442628930023,0.48304589153964783,0.7071067811865477,-0.7071067811865475,-0.43994134506405985,1
VAR_001840,-0.3101440557228442,-0.659106307553018,-0.5129086599534686,-0.3686892759668696,-0.37247149685537123,3.625598474918143,-0.4535343673917228,-0.29737934589374443,-0.36180534471144066,-0.048778207946026206,-0.5909091300150892,28,-0.2524638143380212,-0.13390012800142995,0.2594372608313855,-0.19045630171289915,-0.21844944461841845,0.18142037231856797,-0.04374340862676541,0.697824141595846,1.681542805549877,-1.4345020915948083,-0.706850021142412,0.2594372608313855,0.6474964831522124,0.3799077478904802,0.692820323027551,1.4381309202948076,1.3860204297119676,1.4142135623730951,1.4087274236616798,-0.2845814515737613,0.31465838776377636,-0.7201168211946403,0.6644986392449885,0.692820323027551,0.39528470752104716,0.6224949798994368,0.6364458273405843,-2.0701966780270626,0.6294646824620143,0.6364458273405843,-0.692820323027551,-1.5048939771136507,0.5808178695515155,-1.5712256362470671,0.13545709229571956,3,-0.6441828121668849,0.5808178695515155,2,2,-0.18110979664649077,0.19988317917249301,0.4819119932844108,-1.2575354264740253,0.7071067811865477,1.061714561457424,-0.7236921049769731,0.8103804155521328,-1.414213562373095,-0.7801894976054942,1.2575354264740257,0.8044359715257337,1.2339883600452934,-1.0141747588311316,0.8103804155521328,0.7505866250408014,-0.7071067811865475,0.7653197277702214,-0.7952062255644575,-1.3057907127551411,1.4628885360348514,-0.33823947628106515,0.7505866250408014,-0.7784161803042005,-1.3066434376564753,-1.2817398889233116,-1.3322912594474225,1.2679033218677906,-1.2339883600452934,-1.302680371827691,0.744789942196904,-0.7801894976054942,0.5252257314388904,0.8365776056918423,2,3.557919198088509,-0.650443635587991,1.5374122295716148,-0.5614075543151804,-1.5712256362470671,1.5374122295716146,0.6224942905893636,1.3739482663140632,1.5372849568475617,-1.607896063705626,-0.5946919678164198,0.7957229955396,-1.537412229571615,-1.5761953627828909,0.511237358145545,0.0,-0.5529034969755533,0.6364458273405843,1.297125283482489,-1.5048939771136507,-0.6504434913084749,-1.5374122295716148,-1.5374122295716148,-1.537412229571615,1.5712256362470671,1.5245174993067014,-0.6750400534673922,0.6504436355879909,-0.6014526837662519,-0.6364458273405841,0.5946919678164199,-1.854723699099141,-1.6383189672381482,0.5946919678164199,-0.6192793387082055,1.4895004907652145,-1.6367432867871978,0.6644986392449885,1.6064386578049983,1.7217101133134212,1.2592514783450863,0.6504436355879909,0.6505344596812522,1.5408921788809073,-0.862248612055567,0.6344296941043057,-1.5368939106296922,1.1260663997188436,-0.39581802207566236,1.6064386578049983,-1.7217101133134212,1.5048939771136507,-1.5712256362470671,0.6644986392449885,-1.5712256362470671,-0.5740400451217759,1.5048939771136507,1.157779727107914,1.896237205353704,0.8257228238447705,-0.8569568250501305,1.1644523121920904,-0.5498385529928338,0.7952062255644573,-0.8412444993533732,1.1669199319831565,-1.2222728509796579,1.2817398889233116,-1.3066434376564753,-1.2817398889233116,-0.7801894976054942,-1.1887150534341144,0.8103161482138753,-1.358732440973515,0.7653197277702213,0.8103804155521328,-0.8257228238447706,0.692820323027551,0.2415999856431615,-0.03843131413456288,0.17206325623665794,0.26472624656202415,-0.355589964305935,-0.17579284987095006,19,9,1.8201912622261573,-0.012357928114932163,0.0,0.0,-0.2786932057166471,-0.0953462589245592,-0.2171861213815347,-0.13545709229571928,2.8722813232690143,-0.511237358145545,-0.1933472978091327,-0.1354570922957193,-0.23904572186687878,-0.4252658742831209,-0.2970442628930023,-2.0701966780270626,0.7071067811865477,1.4142135623730951,-0.43994134506405985,1
VAR_001820,-0.3189923781751714,1.0027243600659712,-0.45345968612891396,-0.3640149983303655,-0.3633934210520283,2.4100914490633416,-0.44596418110687325,-0.2428506316158669,0.07263454143504436,-0.3009045416986999,2.842323012498517,23,-0.2524638143380212,1.4871041777370675,0.2594372608313855,-1.1072515534294343,-0.21844944461841845,0.18142037231856797,-2.4116673894523633,-1.442269929462533,-0.5946919678164199,-1.4345020915948083,1.421478726952682,0.2594372608313855,0.6474964831522124,0.3799077478904802,0.692820323027551,1.4381309202948076,-0.7214900866993804,-0.7071067811865475,1.4087274236616798,-0.2278599716705094,0.31465838776377636,-0.7201168211946403,0.6644986392449885,0.692820323027551,0.39528470752104716,-1.606438657804998,0.6364458273405843,0.48304589153964783,0.6294646824620143,0.6364458273405843,-0.692820323027551,-1.5048939771136507,0.5808178695515155,0.6364458273405843,0.13545709229571956,1,-0.6441828121668849,0.5808178695515155,3,3,0.2299275384364254,-0.566674343618586,-1.05914817909098,0.7952062255644573,0.7071067811865477,1.061714561457424,-0.7236921049769731,-1.2339883600452934,0.7071067811865476,1.2817398889233116,-0.7952062255644575,0.8044359715257337,-0.8103804155521329,1.245970697341249,-1.2339883600452934,0.7505866250408014,-0.7071067811865475,-1.3066434376564755,-0.7952062255644575,-1.3057907127551411,1.4628885360348514,-0.3003558308706855,-1.3322912594474225,-0.7784161803042005,-1.3066434376564753,0.7801894976054942,0.7505866250408014,1.2679033218677906,-1.2339883600452934,-1.302680371827691,0.744789942196904,-0.7801894976054942,-1.9039432764659776,-0.15774424350135066,3,0.06199473489819652,-0.650443635587991,-0.650443635587991,1.802050469054741,-1.5712256362470671,1.5374122295716146,-1.6381247050570276,-1.349624878291269,1.5372849568475617,0.6880465120494014,-0.5946919678164198,-1.496569123587275,-1.537412229571615,-1.5761953627828909,0.511237358145545,0.0,1.82138412342361,0.6364458273405843,1.297125283482489,-1.5048939771136507,-0.6504434913084749,0.6504436355879908,-1.5374122295716148,0.6504436355879909,-0.6364458273405841,-0.6625585964979888,-0.6750400534673922,-1.537412229571615,1.6784307539552568,1.5712256362470671,-1.681542805549877,-1.854723699099141,0.6168318932684945,0.5946919678164199,-0.6192793387082055,1.4895004907652145,0.6177633762829701,0.6644986392449885,1.6064386578049983,-0.5808178695515155,-1.2592514783450863,0.6504436355879909,-1.537411885367203,1.5408921788809073,0.20277595045403352,-1.592852821436611,-1.5368939106296922,-1.377046616992424,2.8349161029699865,1.6064386578049983,0.5808178695515155,1.5048939771136507,0.6364458273405843,0.6644986392449885,-1.5712256362470671,1.7855442753082797,1.5048939771136507,-0.9420990827761717,-0.38526959682451384,0.8257228238447705,1.1669199319831565,-1.1205975460487723,0.45290038480235795,0.7952062255644573,1.1887150534341144,1.1669199319831565,0.8431093201460879,-0.7801894976054942,-1.3066434376564753,-1.2817398889233116,-0.7801894976054942,0.8412444993533732,0.8103161482138753,-1.358732440973515,-1.3066434376564753,-1.2339883600452934,-0.8257228238447706,-1.4433756729740643,0.2415999856431615,0.24511454598741145,0.04286895584967378,-1.6384579853099959,0.1371690388385557,0.21484427673869994,21,12,-0.26385388397557014,1.3593720926425352,-1.3658499985310961,0.0,-0.2786932057166471,-0.0953462589245592,-0.2171861213815347,-0.13545709229571928,-0.3481553119113957,1.956038587687303,-0.1933472978091327,-0.1354570922957193,-0.23904572186687878,-0.4252658742831209,-0.2970442628930023,-2.0701966780270626,0.7071067811865477,-0.7071067811865475,-0.43994134506405985,1
VAR_001972,-0.32790215114724486,-0.659107726551937,-0.4415216720419106,-0.3686799920682789,-0.37247133707188723,-0.4234115697568385,1.4072769889044299,-0.24074362780055242,-0.35830515041490196,-0.27628609734280557,-0.5935763272470944,16,-0.2524638143380212,-0.13390012800142995,0.2594372608313855,-0.19045630171289915,-0.21844944461841845,0.18142037231856797,-0.04374340862676541,0.697824141595846,-0.5946919678164199,0.6813100046641409,-0.706850021142412,0.2594372608313855,0.6474964831522124,0.3799077478904802,0.692820323027551,-0.7023478730193123,-0.7214900866993804,-0.7071067811865475,-0.7169777311937657,-0.30143249075645984,0.31465838776377636,-0.7201168211946403,0.6644986392449885,0.692820323027551,-2.529822128134703,0.6224949798994368,0.6364458273405843,-2.0701966780270626,-1.6034002731552304,-1.5712256362470671,1.4433756729740643,-1.5048939771136507,-1.7217101133134212,-1.5712256362470671,0.13545709229571956,3,-0.6441828121668849,0.5808178695515155,4,4,-0.8860522449435608,0.1544240498372939,1.5994918301527148,-1.2575354264740253,-1.4142135623730951,-1.2062824067924915,1.3858480726431406,-1.2339883600452934,0.7071067811865476,-0.7801894976054942,-0.7952062255644575,0.8044359715257337,-0.8103804155521329,-1.0141747588311316,0.8103804155521328,-1.3322912594474225,-0.7071067811865475,0.7653197277702214,1.2575354264740257,-1.3057907127551411,-0.697100061399229,-0.34165572424732127,0.7505866250408014,1.2959348548055658,0.7653197277702213,0.7801894976054942,-1.3322912594474225,1.2679033218677906,-1.2339883600452934,-1.302680371827691,-1.355089606998247,-0.7801894976054942,0.5252257314388904,-0.2858108337269177,4,-0.5360608133948694,-0.650443635587991,-0.650443635587991,-0.5614075543151804,0.6364458273405843,-0.6504436355879909,0.6224942905893636,-0.04317640632301402,-0.6521390211351347,0.6143345887403254,-0.5946919678164198,0.5541574035725814,0.6504436355879909,0.6363702064530034,0.511237358145545,0.0,-0.5529034969755533,0.6364458273405843,-0.036104816082660626,0.6644986392449885,-0.6504434913084749,0.6504436355879908,0.6504436355879908,0.6504436355879909,-0.6364458273405841,-0.6625585964979888,-0.6404697126766912,0.6504436355879909,-0.6014526837662519,-0.6364458273405841,0.5946919678164199,0.5391638660171922,0.6168318932684945,0.5946919678164199,-0.6192793387082055,-0.512827177935708,0.6177633762829701,0.6644986392449885,-0.6224949798994368,-0.5808178695515155,0.0,0.6504436355879909,0.6505344596812522,-0.6532842835829492,-0.42273371085728334,0.6344296941043057,0.6263405403167476,0.19844947412329558,-0.40084958818085237,-0.6224949798994368,0.5808178695515155,-0.6644986392449885,0.6364458273405843,0.6644986392449885,0.6364458273405843,-0.5740400451217759,-0.6644986392449885,1.157779727107914,-0.3976821526866234,-1.2110601416389968,-0.8569568250501305,1.0983933955490723,-0.5498400354578517,-1.2575354264740253,-0.8412444993533732,1.1669199319831565,0.8431093201460879,-0.7801894976054942,-1.3066434376564753,0.7801894976054942,-0.7801894976054942,0.8412444993533732,0.8103161482138753,0.7359800721939873,-1.3066434376564753,-1.2339883600452934,-0.8257228238447706,0.692820323027551,0.2415999856431615,0.23285213960320228,0.24743114516800238,0.2956909090463677,-0.5817573713606715,-0.1400330561796995,9,13,-1.8477281950888826,-1.3840879488723994,-0.6829249992655481,0.0,-0.2786932057166471,-0.0953462589245592,-0.2171861213815347,-0.13545709229571928,-0.3481553119113957,-0.511237358145545,-0.1933472978091327,-0.1354570922957193,4.183300132670379,-0.4252658742831209,-0.2970442628930023,0.48304589153964783,0.7071067811865477,1.4142135623730951,-0.43994134506405985,1
VAR_001772,-0.17786280294108303,1.8578992871330158,-0.33529322319191,-0.36868791744688817,0.8601000606138895,-0.38220537669551435,-0.43516550728797876,-0.2810080888023277,-0.3608718355100761,2.1189949020663956,-0.47402697071229544,27,-0.2524638143380212,-0.13390012800142995,0.2594372608313855,-0.19045630171289915,-0.21844944461841845,0.18142037231856797,-0.04374340862676541,0.697824141595846,-0.5946919678164199,0.747975444852206,-0.706850021142412,0.2594372608313855,-1.5619197047151079,0.3799077478904802,0.692820323027551,1.4381309202948076,-0.7214900866993804,1.4142135623730951,1.4087274236616798,-0.32194329614116424,0.31465838776377636,-0.7201168211946403,-1.5048939771136507,0.692820323027551,0.39528470752104716,0.6224949798994368,0.6364458273405843,0.48304589153964783,-1.6034002731552304,0.6364458273405843,1.4433756729740643,-1.5048939771136507,0.5808178695515155,0.6364458273405843,-7.3824115301167,4,-0.6441828121668849,-1.7217101133134212,0,0,-3.457943244018283,-2.5561930876721477,-1.5403747057031445,-1.2575354264740253,0.7071067811865477,-1.2062824067924915,1.3858480726431406,-1.2339883600452934,0.7071067811865476,1.2817398889233116,1.2575354264740257,-1.266831073287107,1.2339883600452934,-1.0141747588311316,0.8103804155521328,0.7505866250408014,-0.7071067811865475,0.7653197277702214,1.2575354264740257,-1.3057907127551411,-0.697100061399229,-0.07474566422736034,0.7505866250408014,1.2959348548055658,0.7653197277702213,0.7801894976054942,0.7505866250408014,1.2679033218677906,0.8103804155521328,-1.302680371827691,-1.355089606998247,-0.7801894976054942,0.5252257314388904,-0.2714450114465632,0,0.9669739163339209,-0.650443635587991,-0.650443635587991,-0.5614075543151804,0.6364458273405843,-0.6504436355879909,-1.6381247050570276,1.4156606243871224,1.5372849568475617,0.6880465120494014,-0.5946919678164198,-1.496569123587275,0.6504436355879909,0.6363702064530034,0.511237358145545,0.0,1.82138412342361,-1.5712256362470671,1.297125283482489,0.6644986392449885,-0.6504434913084749,0.6504436355879908,0.6504436355879908,0.6504436355879909,-0.6364458273405841,-0.6625585964979888,-0.6750400534673922,-1.537412229571615,1.6784307539552568,-0.6364458273405841,0.5946919678164199,0.5391638660171922,0.6168318932684945,0.5946919678164199,1.6332105135219068,1.4895004907652145,0.6177633762829701,-1.5048939771136507,1.6064386578049983,-0.5808178695515155,-1.2592514783450863,0.6504436355879909,0.6434388216612751,1.5408921788809073,1.7388838791286854,0.6344296941043057,-1.5368939106296922,1.1260663997188436,2.1372718340541037,1.6064386578049983,-1.7217101133134212,-0.6644986392449885,0.6364458273405843,-1.5048939771136507,0.6364458273405843,1.7855442753082797,-0.6644986392449885,-0.9420990827761717,-0.38086552795171735,0.8257228238447705,1.1669199319831565,-1.1205975460487723,0.45289992255891065,0.7952062255644573,-0.8412444993533732,-0.8569568250501305,-1.2222728509796579,1.2817398889233116,-1.3066434376564753,-1.2817398889233116,1.2817398889233116,-1.1887150534341144,0.8103161482138753,0.7359800721939873,0.7653197277702213,-1.2339883600452934,1.2110601416389966,-1.4433756729740643,0.2415999856431615,0.31583309056930564,0.24743114516800238,-2.2750155932224847,-0.09298951156594323,-2.1259463145886226,21,9,0.4586151000410287,2.7311021134000026,0.0,0.0,-0.2786932057166471,-0.0953462589245592,-0.2171861213815347,-0.13545709229571928,-0.3481553119113957,1.956038587687303,-0.1933472978091327,-0.1354570922957193,-0.23904572186687878,-0.4252658742831209,-0.2970442628930023,-2.0701966780270626,0.7071067811865477,-0.7071067811865475,-0.43994134506405985,0
VAR_001897,-0.2795797890972581,-0.6591079475679289,-0.5129037893963736,3.700777525590697,-0.32624965531843414,-0.37130791873710856,-0.45466135342329567,-0.2973834201581403,-0.3599447019942629,-0.27628609734280557,3.155356338925132,16,-0.2524638143380212,-0.13390012800142995,0.2594372608313855,-0.19045630171289915,-0.21844944461841845,0.18142037231856797,-0.04374340862676541,0.697824141595846,-0.5946919678164199,0.6813100046641409,-0.706850021142412,0.2594372608313855,0.6474964831522124,0.3799077478904802,0.692820323027551,-0.7023478730193123,-0.7214900866993804,-0.7071067811865475,-0.7169777311937657,-0.30143249075645984,0.31465838776377636,-0.7201168211946403,0.6644986392449885,-1.4433756729740643,0.39528470752104716,0.6224949798994368,-1.5712256362470671,0.48304589153964783,0.6294646824620143,0.6364458273405843,-0.692820323027551,0.6644986392449885,-1.7217101133134212,-1.5712256362470671,0.13545709229571956,1,1.567489267387442,-1.7217101133134212,3,3,0.373172467241457,0.37012966324898916,0.16528752228858734,0.7952062255644573,0.7071067811865477,-1.2062824067924915,1.3858480726431406,0.8103804155521328,0.7071067811865476,1.2817398889233116,1.2575354264740257,0.8044359715257337,-0.8103804155521329,1.245970697341249,0.8103804155521328,-1.3322912594474225,-0.7071067811865475,-1.3066434376564755,-0.7952062255644575,-1.3057907127551411,-0.697100061399229,-0.3416557242814109,0.7505866250408014,-0.7784161803042005,-1.3066434376564753,-1.2817398889233116,0.7505866250408014,-0.8038480050980997,-1.2339883600452934,0.774796559793369,-1.355089606998247,-0.7801894976054942,0.5252257314388904,-0.2858108337269177,3,-0.4319600142871281,-0.650443635587991,-0.650443635587991,-0.5614075543151804,0.6364458273405843,-0.6504436355879909,0.6224942905893636,-0.04317640632301402,-0.6521390211351347,0.6143345887403254,-0.5946919678164198,0.5541574035725814,0.6504436355879909,0.6363702064530034,0.511237358145545,0.0,-0.5529034969755533,0.6364458273405843,-0.036104816082660626,0.6644986392449885,-0.6504434913084749,0.6504436355879908,0.6504436355879908,0.6504436355879909,-0.6364458273405841,-0.6625585964979888,-0.6404697126766912,0.6504436355879909,-0.6014526837662519,-0.6364458273405841,0.5946919678164199,0.5391638660171922,0.6168318932684945,0.5946919678164199,-0.6192793387082055,-0.512827177935708,0.6177633762829701,0.6644986392449885,-0.6224949798994368,-0.5808178695515155,0.0,0.6504436355879909,0.6505344596812522,-0.6532842835829492,-0.42273371085728334,0.6344296941043057,0.6263405403167476,0.19844947412329558,-0.40084958818085237,-0.6224949798994368,0.5808178695515155,-0.6644986392449885,0.6364458273405843,0.6644986392449885,0.6364458273405843,-0.5740400451217759,-0.6644986392449885,1.157779727107914,-0.38280192487424103,0.8257228238447705,1.1669199319831565,-1.1205975460487723,0.4269487751554276,-1.2575354264740253,1.1887150534341144,-0.8569568250501305,-1.2222728509796579,1.2817398889233116,0.7653197277702213,0.7801894976054942,1.2817398889233116,0.8412444993533732,-1.2369409068906594,-1.358732440973515,-1.3066434376564753,0.8103804155521328,-0.8257228238447706,0.692820323027551,0.17363511526733166,0.31848618495603376,0.24743114516800238,0.7556461649142963,0.05436870436906583,1.0914632349404012,7,17,-0.7640247190639844,-0.6982229384936658,2.048774997796644,0.0,-0.2786932057166471,-0.0953462589245592,-0.2171861213815347,-0.13545709229571928,-0.3481553119113957,-0.511237358145545,-0.1933472978091327,-0.1354570922957193,-0.23904572186687878,-0.4252658742831209,-0.2970442628930023,0.48304589153964783,0.7071067811865477,1.4142135623730951,-0.43994134506405985,1
VAR_001821,-0.3281687191671215,-0.6130212745670791,-0.43642497562352794,-0.3686897453286913,-0.37239298370850343,-0.37437503231353414,-0.44485796538002514,4.1928374938487885,-0.36181342497621427,-0.2665374307528324,-0.4787183097735646,11,-0.2524638143380212,-0.13390012800142995,0.2594372608313855,-0.19045630171289915,-0.21844944461841845,0.18142037231856797,-0.04374340862676541,-1.442269929462533,1.681542805549877,-1.4345020915948083,-0.706850021142412,0.2594372608313855,0.6474964831522124,0.3799077478904802,-1.4433756729740643,1.4381309202948076,-0.7214900866993804,-0.7071067811865475,-0.7169777311937657,-0.3219436720497727,0.31465838776377636,1.4007099435177204,0.6644986392449885,-1.4433756729740643,0.39528470752104716,-1.606438657804998,0.6364458273405843,0.48304589153964783,0.6294646824620143,0.6364458273405843,-0.692820323027551,-1.5048939771136507,0.5808178695515155,-1.5712256362470671,0.13545709229571956,5,1.567489267387442,0.5808178695515155,2,2,0.1428444574631372,0.3844689610744942,0.16528752228858734,0.7952062255644573,-1.4142135623730951,1.061714561457424,1.3858480726431406,-1.2339883600452934,0.7071067811865476,-0.7801894976054942,1.2575354264740257,0.8044359715257337,1.2339883600452934,1.245970697341249,-1.2339883600452934,-1.3322912594474225,1.4142135623730951,0.7653197277702214,1.2575354264740257,-1.3057907127551411,-0.697100061399229,-0.2497470444222462,0.7505866250408014,-0.7784161803042005,-1.3066434376564753,-1.2817398889233116,0.7505866250408014,-0.8038480050980997,0.8103804155521328,0.774796559793369,-1.355089606998247,1.2817398889233116,0.5252257314388904,-0.32130075385381746,2,2.737616950256486,1.5374122295716148,1.5374122295716148,1.802050469054741,0.6364458273405843,-0.6504436355879909,0.6224942905893636,1.4269886024803657,-0.6521390211351347,-1.607896063705626,-0.5946919678164198,0.7957229955396,0.6504436355879909,-1.5761953627828909,0.511237358145545,0.0,1.82138412342361,0.6364458273405843,-1.2514633102014774,-1.5048939771136507,-0.6504434913084749,-1.5374122295716148,0.6504436355879908,0.6504436355879909,-0.6364458273405841,1.5245174993067014,1.5935538188500968,0.6504436355879909,1.6784307539552568,1.5712256362470671,0.5946919678164199,0.5391638660171922,0.6168318932684945,-1.681542805549877,1.6332105135219068,1.4895004907652145,0.6177633762829701,0.6644986392449885,-0.6224949798994368,1.7217101133134212,1.2592514783450863,-1.537412229571615,0.6505344596812522,1.5408921788809073,1.7388838791286854,0.6344296941043057,-1.5368939106296922,-1.377046616992424,-0.4112513643361611,-0.6224949798994368,0.5808178695515155,-0.6644986392449885,-1.5712256362470671,-1.5048939771136507,-1.5712256362470671,1.7855442753082797,1.5048939771136507,-0.9420990827761717,0.0832427677736929,0.8257228238447705,-0.8569568250501305,-1.1205975460487723,0.45285341290962355,-1.2575354264740253,1.1887150534341144,1.1669199319831565,0.8431093201460879,-0.7801894976054942,-1.3066434376564753,-1.2817398889233116,1.2817398889233116,-1.1887150534341144,0.8103161482138753,0.7359800721939873,0.7653197277702213,0.8103804155521328,-0.8257228238447706,0.692820323027551,0.2415999856431615,-4.107448622549794,0.24743114516800238,0.08668109832854727,-0.5273524734748112,-0.17836113353769437,14,19,0.5975514431211439,-0.012357928114932163,0.6829249992655481,0.0,-0.2786932057166471,-0.0953462589245592,-0.2171861213815347,-0.13545709229571928,2.8722813232690143,-0.511237358145545,-0.1933472978091327,-0.1354570922957193,-0.23904572186687878,-0.4252658742831209,-0.2970442628930023,0.48304589153964783,0.7071067811865477,-0.7071067811865475,-0.43994134506405985,1
VAR_001858,-0.32167517353139663,-0.6227535155510151,-0.504269913256422,-0.36868848610277305,-0.3712608158979544,-0.4234025306302674,0.9478890166229708,-0.2958594387280819,-0.23044472426644153,3.820999382470414,-0.48506959500010943,7,-0.2524638143380212,-0.457842888494128,-3.8544964466377265,-1.1072515534294343,-0.21844944461841845,0.18142037231856797,3.4066734371881338,0.697824141595846,-0.5946919678164199,0.747975444852206,-0.706850021142412,0.2594372608313855,0.6474964831522124,0.3799077478904802,0.692820323027551,1.4381309202948076,1.3860204297119676,1.4142135623730951,1.4087274236616798,0.08910833221144486,0.31465838776377636,-0.7201168211946403,-1.5048939771136507,-1.4433756729740643,-2.529822128134703,0.6224949798994368,-1.5712256362470671,0.48304589153964783,-1.6034002731552304,0.6364458273405843,-0.692820323027551,-1.5048939771136507,-1.7217101133134212,0.6364458273405843,-7.3824115301167,6,-0.6441828121668849,0.5808178695515155,0,0,-1.7505035228410828,-0.29189659139018825,-0.6625977318624957,0.7952062255644573,0.7071067811865477,-1.2062824067924915,-0.7236921049769731,-1.2339883600452934,-1.414213562373095,-0.7801894976054942,-0.7952062255644575,-1.266831073287107,1.2339883600452934,1.245970697341249,-1.2339883600452934,0.7505866250408014,-0.7071067811865475,0.7653197277702214,1.2575354264740257,-1.3057907127551411,1.4628885360348514,-0.3393874635160696,0.7505866250408014,-0.7784161803042005,0.7653197277702213,0.7801894976054942,0.7505866250408014,1.2679033218677906,-1.2339883600452934,0.774796559793369,-1.355089606998247,-0.7801894976054942,0.5252257314388904,-0.06881816146492568,0,-0.41794994266911417,-0.650443635587991,1.5374122295716148,-0.5614075543151804,0.6364458273405843,1.5374122295716146,-1.6381247050570276,1.4254553931945901,-0.6521390211351347,0.6880465120494014,1.6815428055498767,0.7957229955396,0.6504436355879909,0.6363702064530034,0.511237358145545,0.0,-0.5529034969755533,-1.5712256362470671,1.297125283482489,-1.5048939771136507,-0.6504434913084749,0.6504436355879908,0.6504436355879908,0.6504436355879909,1.5712256362470671,1.5245174993067014,1.5935538188500968,0.6504436355879909,-0.6014526837662519,-0.6364458273405841,0.5946919678164199,-1.854723699099141,-1.6383189672381482,-1.681542805549877,1.6332105135219068,1.4895004907652145,0.6177633762829701,-1.5048939771136507,-0.6224949798994368,1.7217101133134212,-1.2592514783450863,-1.537412229571615,-1.537411885367203,-0.6532842835829492,-0.862248612055567,0.6344296941043057,0.6829670909172587,-1.377046616992424,-0.4112517784214016,1.6064386578049983,0.5808178695515155,-0.6644986392449885,0.6364458273405843,0.6644986392449885,-1.5712256362470671,-0.5740400451217759,-0.6644986392449885,-0.9420990827761717,-0.2803004245360053,-1.2110601416389968,1.1669199319831565,-1.1205975460487723,0.45271602648257675,0.7952062255644573,1.1887150534341144,-0.8569568250501305,0.8431093201460879,1.2817398889233116,0.7653197277702213,0.7801894976054942,1.2817398889233116,0.8412444993533732,0.8103161482138753,0.7359800721939873,0.7653197277702213,0.8103804155521328,-0.8257228238447706,-1.4433756729740643,0.11924361906986526,-0.9958285646126667,0.24743114516800238,0.2630936271855619,0.05966976030297456,-0.18499563684208978,21,1,-0.2916411525915932,0.6735070822638015,0.6829249992655481,0.0,-0.2786932057166471,-0.0953462589245592,-0.2171861213815347,-0.13545709229571928,-0.3481553119113957,-0.511237358145545,-0.1933472978091327,-0.1354570922957193,-0.23904572186687878,2.3514701283890216,-0.2970442628930023,0.48304589153964783,0.7071067811865477,-0.7071067811865475,-0.43994134506405985,1
VAR_001977,-0.2266532515092909,1.6157712251661664,-0.500367588908254,2.268070415844139,0.11120824617663672,-0.42341157001807617,-0.44688676589263876,-0.2620339493796724,-0.36181331528277205,-0.27628609734280557,-0.5938495657693673,16,-0.2524638143380212,-0.13390012800142995,0.2594372608313855,-0.19045630171289915,-0.21844944461841845,0.18142037231856797,-0.04374340862676541,0.697824141595846,-0.5946919678164199,0.6813100046641409,-0.706850021142412,0.2594372608313855,0.6474964831522124,0.3799077478904802,0.692820323027551,-0.7023478730193123,-0.7214900866993804,-0.7071067811865475,-0.7169777311937657,-0.30143249075645984,0.31465838776377636,-0.7201168211946403,0.6644986392449885,0.692820323027551,0.39528470752104716,0.6224949798994368,0.6364458273405843,0.48304589153964783,0.6294646824620143,0.6364458273405843,-0.692820323027551,0.6644986392449885,0.5808178695515155,0.6364458273405843,0.13545709229571956,7,-0.6441828121668849,0.5808178695515155,4,4,-0.9764701244058127,0.4918540223180836,0.16528752228858734,0.7952062255644573,0.7071067811865477,1.061714561457424,1.3858480726431406,0.8103804155521328,0.7071067811865476,-0.7801894976054942,1.2575354264740257,-1.266831073287107,1.2339883600452934,1.245970697341249,-1.2339883600452934,0.7505866250408014,-0.7071067811865475,-1.3066434376564755,1.2575354264740257,-1.3057907127551411,-0.697100061399229,-0.3416557242926287,0.7505866250408014,-0.7784161803042005,-1.3066434376564753,-1.2817398889233116,-1.3322912594474225,1.2679033218677906,-1.2339883600452934,-1.302680371827691,-1.355089606998247,-0.7801894976054942,0.5252257314388904,-0.2858108337269177,4,-0.29641185839852113,-0.650443635587991,-0.650443635587991,-0.5614075543151804,0.6364458273405843,-0.6504436355879909,0.6224942905893636,-0.04317640632301402,-0.6521390211351347,0.6143345887403254,-0.5946919678164198,0.5541574035725814,0.6504436355879909,0.6363702064530034,0.511237358145545,0.0,-0.5529034969755533,0.6364458273405843,-0.036104816082660626,0.6644986392449885,-0.6504434913084749,0.6504436355879908,0.6504436355879908,0.6504436355879909,-0.6364458273405841,-0.6625585964979888,-0.6404697126766912,0.6504436355879909,-0.6014526837662519,-0.6364458273405841,0.5946919678164199,0.5391638660171922,0.6168318932684945,0.5946919678164199,-0.6192793387082055,-0.512827177935708,0.6177633762829701,0.6644986392449885,-0.6224949798994368,-0.5808178695515155,0.0,0.6504436355879909,0.6505344596812522,-0.6532842835829492,-0.42273371085728334,0.6344296941043057,0.6263405403167476,0.19844947412329558,-0.40084958818085237,-0.6224949798994368,0.5808178695515155,-0.6644986392449885,0.6364458273405843,0.6644986392449885,0.6364458273405843,-0.5740400451217759,-0.6644986392449885,-0.9420990827761717,-0.3397189107944613,-1.2110601416389968,-0.8569568250501305,1.1644523121920904,0.2137189278850894,-1.2575354264740253,-0.8412444993533732,1.1669199319831565,0.8431093201460879,-0.7801894976054942,0.7653197277702213,-1.2817398889233116,1.2817398889233116,-1.1887150534341144,-1.2369409068906594,0.7359800721939873,0.7653197277702213,0.8103804155521328,1.2110601416389966,-1.4433756729740643,0.2415999856431615,0.45961603869494483,0.022471792737118784,-1.4955244019641167,0.21968708852969046,-0.9897571421136435,4,5,0.37525329419295966,2.045237103021269,0.6829249992655481,0.0,-0.2786932057166471,-0.0953462589245592,-0.2171861213815347,-0.13545709229571928,-0.3481553119113957,-0.511237358145545,-0.1933472978091327,-0.1354570922957193,-0.23904572186687878,-0.4252658742831209,-0.2970442628930023,0.48304589153964783,-1.4142135623730951,1.4142135623730951,-0.43994134506405985,0
VAR_001970,-0.32052099466898415,-0.6178873950590471,-0.46628029494963774,-0.3637883392290882,-0.36536558736692926,-0.41843025597003786,-0.42443271488895634,-0.2801355691055888,-0.35842643800648516,-0.27628609734280557,-0.4787183097735646,8,-0.2524638143380212,-0.13390012800142995,0.2594372608313855,-0.19045630171289915,-0.21844944461841845,0.18142037231856797,-0.04374340862676541,-1.442269929462533,-0.5946919678164199,0.747975444852206,-0.706850021142412,0.2594372608313855,0.6474964831522124,0.3799077478904802,-1.4433756729740643,-0.7023478730193123,1.3860204297119676,1.4142135623730951,1.4087274236616798,-0.29309166041205004,0.31465838776377636,-0.7201168211946403,-1.5048939771136507,0.692820323027551,0.39528470752104716,-1.606438657804998,0.6364458273405843,0.48304589153964783,0.6294646824620143,0.6364458273405843,-0.692820323027551,0.6644986392449885,-1.7217101133134212,0.6364458273405843,0.13545709229571956,0,-0.6441828121668849,-1.7217101133134212,0,0,-0.7010385031651778,-2.222889079787282,-1.292497940658197,-1.2575354264740253,-1.4142135623730951,1.061714561457424,-0.7236921049769731,-1.2339883600452934,-1.414213562373095,-0.7801894976054942,1.2575354264740257,0.8044359715257337,-0.8103804155521329,-1.0141747588311316,0.8103804155521328,-1.3322912594474225,-0.7071067811865475,0.7653197277702214,-0.7952062255644575,-1.3057907127551411,-0.697100061399229,-0.3413193386128072,0.7505866250408014,-0.7784161803042005,0.7653197277702213,0.7801894976054942,0.7505866250408014,-0.8038480050980997,0.8103804155521328,0.774796559793369,0.744789942196904,-0.7801894976054942,0.5252257314388904,-0.32001501866610377,0,0.11605737135831888,-0.650443635587991,-0.650443635587991,-0.5614075543151804,0.6364458273405843,-0.6504436355879909,0.6224942905893636,-0.04317640632301402,-0.6521390211351347,0.6143345887403254,-0.5946919678164198,0.5541574035725814,0.6504436355879909,0.6363702064530034,0.511237358145545,0.0,-0.5529034969755533,0.6364458273405843,-0.036104816082660626,0.6644986392449885,-0.6504434913084749,0.6504436355879908,0.6504436355879908,0.6504436355879909,-0.6364458273405841,-0.6625585964979888,-0.6404697126766912,0.6504436355879909,-0.6014526837662519,-0.6364458273405841,0.5946919678164199,0.5391638660171922,0.6168318932684945,0.5946919678164199,-0.6192793387082055,-0.512827177935708,0.6177633762829701,0.6644986392449885,-0.6224949798994368,-0.5808178695515155,0.0,0.6504436355879909,0.6505344596812522,-0.6532842835829492,-0.42273371085728334,0.6344296941043057,0.6263405403167476,0.19844947412329558,-0.40084958818085237,-0.6224949798994368,0.5808178695515155,-0.6644986392449885,0.6364458273405843,0.6644986392449885,0.6364458273405843,-0.5740400451217759,-0.6644986392449885,-0.5962935460936415,-0.3864434311603601,0.8257228238447705,-0.8569568250501305,0.010878735949195884,-0.18088445269715026,0.7952062255644573,-0.8412444993533732,-0.8569568250501305,0.8327661506688665,-0.7801894976054942,0.7653197277702213,0.7801894976054942,-0.7801894976054942,0.8412444993533732,0.8103161482138753,0.7359800721939873,0.7653197277702213,0.8103804155521328,-0.8257228238447706,0.692820323027551,-5.198231158838223,0.2858501696418699,0.24743114516800238,-1.5545319392640384,-0.43512596588594754,-1.799176977206363,17,14,0.15295514526477538,-0.012357928114932163,0.6829249992655481,0.0,-0.2786932057166471,-0.0953462589245592,-0.2171861213815347,-0.13545709229571928,-0.3481553119113957,-0.511237358145545,-0.1933472978091327,-0.1354570922957193,-0.23904572186687878,2.3514701283890216,-0.2970442628930023,0.48304589153964783,0.7071067811865477,-0.7071067811865475,2.273030282830976,1
VAR_001859,1.9396601152244886,1.8443920448653683,2.052622386849122,-0.3194780329431187,-0.37247108135855544,1.631102837938082,-0.45490357038409496,-0.24627932865285793,-0.3618109903032699,-0.30108140552539253,-0.10346959742498246,9,-0.2524638143380212,-0.13390012800142995,0.2594372608313855,-0.19045630171289915,-0.21844944461841845,0.18142037231856797,-0.04374340862676541,-1.442269929462533,1.681542805549877,-1.4345020915948083,1.421478726952682,0.2594372608313855,0.6290773917726254,0.3799077478904802,0.692820323027551,1.4381309202948076,-0.7214900866993804,1.4142135623730951,-0.7169777311937657,0.17767281432610654,0.31465838776377636,1.4007099435177204,0.6644986392449885,-1.4433756729740643,0.39528470752104716,0.6224949798994368,-1.5712256362470671,0.48304589153964783,0.6294646824620143,-1.5712256362470671,-0.692820323027551,-1.5048939771136507,-1.7217101133134212,-1.5712256362470671,0.13545709229571956,0,1.567489267387442,0.5808178695515155,4,4,0.02372478997866438,0.2952280066757077,0.5978602332383577,-1.2575354264740253,-1.4142135623730951,-1.2062824067924915,-0.7236921049769731,0.8103804155521328,-1.414213562373095,-0.7801894976054942,-0.7952062255644575,-1.266831073287107,-0.8103804155521329,1.245970697341249,-1.2339883600452934,-1.3322912594474225,1.4142135623730951,-1.3066434376564755,1.2575354264740257,0.7702962057920756,0.0068673799316898996,-0.34163830165780124,0.7505866250408014,1.2959348548055658,-1.3066434376564753,0.7801894976054942,-1.3322912594474225,1.2679033218677906,-1.2339883600452934,-1.302680371827691,-1.355089606998247,-0.7801894976054942,0.5252257314388904,-0.32146807336083855,4,-0.5279546765695519,1.5374122295716148,-0.650443635587991,-0.5614075543151804,0.6364458273405843,1.5374122295716146,-1.6381247050570276,-1.349583373309054,-0.6521390211351347,-1.607896063705626,-0.5946919678164198,0.7957229955396,0.6504436355879909,0.6363702064530034,0.511237358145545,0.0,-0.5529034969755533,-1.5712256362470671,1.297125283482489,-1.5048939771136507,-0.6504434913084749,-1.5374122295716148,-1.5374122295716148,-1.537412229571615,-0.6364458273405841,1.5245174993067014,-0.6750400534673922,0.6504436355879909,1.6784307539552568,-0.6364458273405841,-1.681542805549877,0.5391638660171922,-1.6383189672381482,-1.681542805549877,0.5460316909992367,-0.8409249421994665,0.6177633762829701,-1.5048939771136507,-0.6224949798994368,-0.5808178695515155,-1.2592514783450863,-1.537412229571615,-1.537411885367203,1.5408921788809073,-0.862248612055567,-1.592852821436611,0.6829670909172587,1.1260663997188436,2.8620221923063833,-0.6224949798994368,-1.7217101133134212,1.5048939771136507,0.6364458273405843,-1.5048939771136507,-1.5712256362470671,-0.5740400451217759,1.5048939771136507,-0.9420990827761717,-0.4009118853881934,-1.2110601416389968,1.1669199319831565,1.1644523121920904,0.06945218641740507,-1.2575354264740253,1.1887150534341144,1.1669199319831565,-1.2222728509796579,1.2817398889233116,-1.3066434376564753,0.7801894976054942,-0.7801894976054942,-1.1887150534341144,0.8103161482138753,0.7359800721939873,0.7653197277702213,0.8103804155521328,1.2110601416389966,-1.4433756729740643,0.2415999856431615,0.45961603869494483,0.15051182325745527,0.15837569760957312,0.4965848490935876,-0.11945714954334484,11,14,-1.1252592110722839,-1.3840879488723994,0.6829249992655481,0.0,-0.2786932057166471,-0.0953462589245592,-0.2171861213815347,-0.13545709229571928,-0.3481553119113957,-0.511237358145545,-0.1933472978091327,-0.1354570922957193,-0.23904572186687878,2.3514701283890216,-0.2970442628930023,0.48304589153964783,0.7071067811865477,-0.7071067811865475,2.273030282830976,1
VAR_001945,-0.32663346636646523,-0.6378653508436839,-0.09159462139948424,-0.3683624564923397,1.415760758850956,-0.4110856229093096,-0.29134022613783056,-0.1739614129245422,-0.3618134068146758,-0.30110463376926694,-0.5929688201264072,18,-0.2524638143380212,-0.13390012800142995,0.2594372608313855,-0.19045630171289915,-0.21844944461841845,0.18142037231856797,-0.04374340862676541,0.697824141595846,-0.5946919678164199,-1.4345020915948083,-0.706850021142412,0.2594372608313855,-0.5048760436095333,0.3799077478904802,-1.4433756729740643,-0.7023478730193123,-0.7214900866993804,-0.7071067811865475,-0.7169777311937657,-0.014611348742001446,0.31465838776377636,1.4007099435177204,-1.5048939771136507,-1.4433756729740643,0.39528470752104716,-1.606438657804998,-1.5712256362470671,0.48304589153964783,0.6294646824620143,-1.5712256362470671,-0.692820323027551,-1.5048939771136507,0.5808178695515155,0.6364458273405843,0.13545709229571956,3,1.567489267387442,0.5808178695515155,4,4,0.4889967011242417,0.5127129501864065,-0.09975319204608066,-1.2575354264740253,-1.4142135623730951,1.061714561457424,-0.7236921049769731,0.8103804155521328,0.7071067811865476,1.2817398889233116,-0.7952062255644575,-1.266831073287107,-0.8103804155521329,-1.0141747588311316,-1.2339883600452934,0.7505866250408014,1.4142135623730951,0.7653197277702214,-0.7952062255644575,0.7702962057920756,1.4628885360348514,2.425990560741581,0.7505866250408014,1.2959348548055658,0.7653197277702213,0.7801894976054942,0.7505866250408014,1.2679033218677906,-1.2339883600452934,-1.302680371827691,0.744789942196904,-0.7801894976054942,-1.9039432764659776,-0.3214701402666337,4,-0.5284982281600702,-0.650443635587991,-0.650443635587991,-0.5614075543151804,-1.5712256362470671,1.5374122295716146,0.6224942905893636,-1.3324861940366401,-0.6521390211351347,0.6880465120494014,1.6815428055498767,-1.496569123587275,0.6504436355879909,-1.5761953627828909,-1.956038587687303,0.0,-0.5529034969755533,-1.5712256362470671,-1.2514633102014774,-1.5048939771136507,1.537627832978164,-1.5374122295716148,0.6504436355879908,0.6504436355879909,-0.6364458273405841,-0.6625585964979888,-0.6750400534673922,0.6504436355879909,-0.6014526837662519,-0.6364458273405841,0.5946919678164199,0.5391638660171922,-1.6383189672381482,-1.681542805549877,1.6332105135219068,-0.8409249421994665,0.6177633762829701,0.6644986392449885,-0.6224949798994368,-0.5808178695515155,1.2592514783450863,0.6504436355879909,0.6505344596812522,1.5408921788809073,-0.862248612055567,0.6344296941043057,-1.5368939106296922,1.1260663997188436,2.9373236653390395,-0.6224949798994368,0.5808178695515155,-0.6644986392449885,0.6364458273405843,0.6644986392449885,0.6364458273405843,-0.5740400451217759,-0.6644986392449885,-0.9420990827761717,-0.40075495339469724,0.8257228238447705,1.1669199319831565,-1.1205975460487723,-0.5498400293451318,0.7952062255644573,-0.8412444993533732,-0.8569568250501305,-1.2222728509796579,1.2817398889233116,0.7653197277702213,-1.2817398889233116,-0.7801894976054942,-1.1887150534341144,0.8103161482138753,0.7359800721939873,0.7653197277702213,0.8103804155521328,1.2110601416389966,-1.4433756729740643,0.1880979627317063,0.40904194781837927,0.23584223523765008,0.5832873590554887,-0.18265162171954621,-0.14687768604407966,11,14,-1.1252592110722839,-1.3840879488723994,0.6829249992655481,0.0,-0.2786932057166471,-0.0953462589245592,-0.2171861213815347,-0.13545709229571928,-0.3481553119113957,-0.511237358145545,-0.1933472978091327,-0.1354570922957193,-0.23904572186687878,2.3514701283890216,-0.2970442628930023,0.48304589153964783,0.7071067811865477,-0.7071067811865475,-0.43994134506405985,1
VAR_001934,0.10182871111331576,-0.6452468444131403,-0.5090537007069083,-0.36868972756494545,-0.37246541780184245,-0.4232721287872797,0.7239056131020002,0.8819481871190342,-0.36181316159601434,-0.27628609734280557,-0.4240356345166916,28,-0.2524638143380212,-0.13390012800142995,0.2594372608313855,-0.19045630171289915,-0.21844944461841845,0.18142037231856797,-0.04374340862676541,-1.442269929462533,-0.5946919678164199,-0.8396107204893869,-0.706850021142412,0.2594372608313855,-1.5619197047151079,0.3799077478904802,0.692820323027551,1.4381309202948076,1.3860204297119676,1.4142135623730951,-0.7169777311937657,-0.32192492633198344,0.31465838776377636,-0.7201168211946403,0.6644986392449885,0.692820323027551,0.39528470752104716,0.6224949798994368,-1.5712256362470671,0.48304589153964783,-1.6034002731552304,0.6364458273405843,1.4433756729740643,-1.5048939771136507,0.5808178695515155,0.6364458273405843,0.13545709229571956,3,-0.6441828121668849,0.5808178695515155,4,4,1.9483127076574802,0.7743249438494689,0.3687635734195387,0.7952062255644573,0.7071067811865477,1.061714561457424,-0.7236921049769731,-1.2339883600452934,0.7071067811865476,1.2817398889233116,1.2575354264740257,-1.266831073287107,-0.8103804155521329,-0.9287378580997966,-1.2339883600452934,0.7505866250408014,-0.7071067811865475,-1.3066434376564755,-0.7952062255644575,0.7702962057920756,-0.697100061399229,4.502215669412172,-1.3322912594474225,-0.7784161803042005,0.7653197277702213,-1.2817398889233116,0.7505866250408014,1.2679033218677906,-1.2339883600452934,-1.302680371827691,0.744789942196904,1.2817398889233116,0.5252257314388904,-0.30516790752744094,4,-0.2863965346445899,1.5374122295716148,-0.650443635587991,1.802050469054741,-1.5712256362470671,1.5374122295716146,-1.6381247050570276,1.1117137098813554,-0.6521390211351347,0.6880465120494014,-0.5946919678164198,-1.496569123587275,0.6504436355879909,0.6363702064530034,-1.956038587687303,0.0,1.82138412342361,0.6364458273405843,1.297125283482489,0.6644986392449885,-0.6504434913084749,-1.5374122295716148,0.6504436355879908,0.6504436355879909,-0.6364458273405841,-0.6625585964979888,-0.6750400534673922,0.6504436355879909,1.6784307539552568,-0.6364458273405841,-1.681542805549877,0.5391638660171922,-0.19698244433511072,0.5946919678164199,1.6332105135219068,-0.18472941367194948,0.6177633762829701,0.6644986392449885,-0.6224949798994368,-0.5808178695515155,-1.2592514783450863,0.6504436355879909,-1.537411885367203,1.5408921788809073,-0.862248612055567,0.6344296941043057,-1.5368939106296922,1.1260663997188436,0.46003616709608564,-0.6224949798994368,0.5808178695515155,-0.6644986392449885,-1.5712256362470671,-1.5048939771136507,-1.5712256362470671,-0.5740400451217759,1.5048939771136507,1.157779727107914,-0.3380364339324828,-1.2110601416389968,1.1669199319831565,-1.1205975460487723,0.4529003848026407,0.7952062255644573,1.1887150534341144,1.1669199319831565,0.8431093201460879,-0.7801894976054942,0.7653197277702213,-1.2817398889233116,-0.7801894976054942,0.8412444993533732,-1.2369409068906594,0.7359800721939873,0.7653197277702213,-1.2339883600452934,-0.8257228238447706,-1.4433756729740643,0.15880929470703598,-2.5793124216516157,-0.0008431600195291964,0.28960063731417396,0.5362982131404167,-0.2101408059184072,9,21,-1.069684673840238,-0.012357928114932163,0.0,0.0,-0.2786932057166471,-0.0953462589245592,-0.2171861213815347,-0.13545709229571928,-0.3481553119113957,-0.511237358145545,-0.1933472978091327,-0.1354570922957193,-0.23904572186687878,2.3514701283890216,-0.2970442628930023,-2.0701966780270626,0.7071067811865477,1.4142135623730951,-0.43994134506405985,0
VAR_001798,-0.3214896449266352,-0.6239121380103999,0.9749473577096158,0.736187022940761,0.4493256480293325,-0.420023122118849,0.900068438953652,-0.2929179114720374,2.260825508676255,-0.05928656123519502,-0.5817889498245726,15,-0.2524638143380212,-0.13390012800142995,0.2594372608313855,-0.19045630171289915,-0.21844944461841845,0.18142037231856797,-0.04374340862676541,0.697824141595846,1.681542805549877,-1.4345020915948083,1.421478726952682,0.2594372608313855,0.6474964831522124,0.3799077478904802,0.692820323027551,1.4381309202948076,1.3860204297119676,-0.7071067811865475,-0.7169777311937657,0.9845425137827768,0.31465838776377636,1.4007099435177204,-1.5048939771136507,0.692820323027551,0.39528470752104716,0.6224949798994368,-1.5712256362470671,0.48304589153964783,-1.6034002731552304,-1.5712256362470671,-0.692820323027551,0.6644986392449885,0.5808178695515155,0.6364458273405843,0.13545709229571956,3,1.567489267387442,-1.7217101133134212,2,2,0.9599237994100067,0.8766690151096891,0.16528752228858734,-1.2575354264740253,0.7071067811865477,-1.2062824067924915,1.3858480726431406,0.8103804155521328,-1.414213562373095,-0.7801894976054942,-0.7952062255644575,0.8044359715257337,-0.8103804155521329,-1.0141747588311316,-1.2339883600452934,-1.3322912594474225,1.4142135623730951,0.7653197277702214,-0.7952062255644575,0.7702962057920756,-0.697100061399229,-0.31850566680897613,0.7505866250408014,-0.7784161803042005,-1.3066434376564753,-1.2817398889233116,-1.3322912594474225,-0.8038480050980997,-1.2339883600452934,-1.302680371827691,-1.355089606998247,-0.7801894976054942,-1.9039432764659776,4.848926414489693,2,-0.23474928928041408,1.5374122295716148,-0.650443635587991,-0.5614075543151804,0.6364458273405843,1.5374122295716146,0.6224942905893636,-1.3479609165946298,1.5372849568475617,0.6880465120494014,-0.5946919678164198,-1.496569123587275,-1.537412229571615,-1.5761953627828909,0.511237358145545,0.0,1.82138412342361,0.6364458273405843,-1.2514633102014774,0.6644986392449885,1.537627832978164,-1.5374122295716148,-1.5374122295716148,0.6504436355879909,1.5712256362470671,-0.6625585964979888,-0.6750400534673922,-1.537412229571615,1.6784307539552568,1.5712256362470671,0.5946919678164199,0.5391638660171922,-1.6383189672381482,0.5946919678164199,-0.6192793387082055,-0.8409249421994665,-1.6367432867871978,-1.5048939771136507,-0.6224949798994368,1.7217101133134212,1.2592514783450863,0.6504436355879909,0.6505344596812522,1.5408921788809073,1.7388838791286854,0.6344296941043057,0.6829670909172587,1.1260663997188436,-0.41125177918376593,1.6064386578049983,0.5808178695515155,1.5048939771136507,0.6364458273405843,0.6644986392449885,0.6364458273405843,-0.5740400451217759,-0.6644986392449885,-0.9420990827761717,-0.2219210930962378,0.8257228238447705,-0.8569568250501305,1.1644523121920904,-0.4402857119571216,0.7952062255644573,-0.8412444993533732,1.1669199319831565,-1.2222728509796579,1.2817398889233116,0.7653197277702213,0.7801894976054942,1.2817398889233116,-1.1887150534341144,0.8103161482138753,-1.358732440973515,-1.3066434376564753,-1.2339883600452934,1.2110601416389966,-1.4433756729740643,-0.013562770893082653,-3.1611832725113485,0.24743114516800238,-1.2070659197297497,-0.30461726062076283,-0.804803081148032,16,3,2.3203620973145718,-1.3840879488723994,-0.6829249992655481,0.0,-0.2786932057166471,-0.0953462589245592,-0.2171861213815347,-0.13545709229571928,2.8722813232690143,-0.511237358145545,-0.1933472978091327,-0.1354570922957193,-0.23904572186687878,-0.4252658742831209,-0.2970442628930023,0.48304589153964783,0.7071067811865477,-0.7071067811865475,-0.43994134506405985,1
VAR_001912,-0.32052099466898415,-0.6178873950590471,-0.46628029494963774,-0.3637883392290882,-0.36536558736692926,-0.41843025597003786,-0.42443271488895634,-0.2801355691055888,-0.35842643800648516,-0.27628609734280557,-0.4787183097735646,8,-0.2524638143380212,-0.13390012800142995,0.2594372608313855,-0.19045630171289915,-0.21844944461841845,0.18142037231856797,-0.04374340862676541,0.697824141595846,-0.5946919678164199,0.6813100046641409,-0.706850021142412,0.2594372608313855,0.6474964831522124,0.3799077478904802,0.692820323027551,-0.7023478730193123,-0.7214900866993804,-0.7071067811865475,-0.7169777311937657,-0.30143249075645984,0.31465838776377636,-0.7201168211946403,0.6644986392449885,0.692820323027551,0.39528470752104716,0.6224949798994368,0.6364458273405843,0.48304589153964783,0.6294646824620143,0.6364458273405843,-0.692820323027551,0.6644986392449885,0.5808178695515155,0.6364458273405843,0.13545709229571956,7,-0.6441828121668849,0.5808178695515155,4,4,1.1240969060694166,0.7811098413599102,0.2027739439541248,-1.2575354264740253,0.7071067811865477,-1.2062824067924915,1.3858480726431406,0.8103804155521328,0.7071067811865476,1.2817398889233116,-0.7952062255644575,-1.266831073287107,-0.8103804155521329,-1.0141747588311316,0.8103804155521328,-1.3322912594474225,-0.7071067811865475,-1.3066434376564755,-0.7952062255644575,-1.3057907127551411,-0.697100061399229,-0.3416557124594375,-1.3322912594474225,-0.7784161803042005,0.7653197277702213,-1.2817398889233116,-1.3322912594474225,-0.8038480050980997,0.8103804155521328,-1.302680371827691,-1.355089606998247,-0.7801894976054942,0.5252257314388904,-0.2858108337269177,4,-0.5333568275171523,-0.650443635587991,-0.650443635587991,-0.5614075543151804,0.6364458273405843,-0.6504436355879909,0.6224942905893636,-0.04317640632301402,-0.6521390211351347,0.6143345887403254,-0.5946919678164198,0.5541574035725814,0.6504436355879909,0.6363702064530034,0.511237358145545,0.0,-0.5529034969755533,0.6364458273405843,-0.036104816082660626,0.6644986392449885,-0.6504434913084749,0.6504436355879908,0.6504436355879908,0.6504436355879909,-0.6364458273405841,-0.6625585964979888,-0.6404697126766912,0.6504436355879909,-0.6014526837662519,-0.6364458273405841,0.5946919678164199,0.5391638660171922,0.6168318932684945,0.5946919678164199,-0.6192793387082055,-0.512827177935708,0.6177633762829701,0.6644986392449885,-0.6224949798994368,-0.5808178695515155,0.0,0.6504436355879909,0.6505344596812522,-0.6532842835829492,-0.42273371085728334,0.6344296941043057,0.6263405403167476,0.19844947412329558,-0.40084958818085237,-0.6224949798994368,0.5808178695515155,-0.6644986392449885,0.6364458273405843,0.6644986392449885,0.6364458273405843,-0.5740400451217759,-0.6644986392449885,-0.9420990827761717,-0.40158904777097854,0.8257228238447705,-0.8569568250501305,-1.1205975460487723,0.45290007079346206,0.7952062255644573,1.1887150534341144,-0.8569568250501305,-1.2222728509796579,-0.7801894976054942,-1.3066434376564753,-1.2817398889233116,-0.7801894976054942,-1.1887150534341144,-1.2369409068906594,0.7359800721939873,0.7653197277702213,0.8103804155521328,-0.8257228238447706,-1.4433756729740643,-0.04968806396885273,-1.2980792916812076,0.24743114516800238,-0.3017300780541459,0.04979176114756198,-0.06072218377499754,9,19,-1.097471942456261,-0.6982229384936658,-0.6829249992655481,0.0,-0.2786932057166471,-0.0953462589245592,-0.2171861213815347,-0.13545709229571928,-0.3481553119113957,-0.511237358145545,-0.1933472978091327,-0.1354570922957193,-0.23904572186687878,-0.4252658742831209,3.3665016461206925,0.48304589153964783,-1.4142135623730951,-0.7071067811865475,-0.43994134506405985,0
VAR_001887,-0.32829847787667904,-0.37392441434753104,2.2856150207383497,-0.36831535708686636,-0.3207718519508707,-0.42332719184329254,-0.4498824476481272,-0.2973409597056605,-0.3616541204422357,-0.27628609734280557,2.919553558484337,9,-0.2524638143380212,-0.13390012800142995,0.2594372608313855,-0.19045630171289915,-0.21844944461841845,0.18142037231856797,-0.04374340862676541,0.697824141595846,-0.5946919678164199,0.6813100046641409,-0.706850021142412,0.2594372608313855,0.6474964831522124,0.3799077478904802,0.692820323027551,-0.7023478730193123,-0.7214900866993804,-0.7071067811865475,-0.7169777311937657,-0.30143249075645984,0.31465838776377636,-0.7201168211946403,0.6644986392449885,0.692820323027551,0.39528470752104716,0.6224949798994368,0.6364458273405843,0.48304589153964783,0.6294646824620143,0.6364458273405843,-0.692820323027551,0.6644986392449885,0.5808178695515155,0.6364458273405843,0.13545709229571956,7,-0.6441828121668849,0.5808178695515155,4,4,-1.730878037664546,-0.04415444215643626,0.16528752228858734,0.7952062255644573,0.7071067811865477,0.23963461650811477,-0.7236921049769731,0.8103804155521328,0.7071067811865476,-0.7801894976054942,-0.7952062255644575,0.8044359715257337,-0.8103804155521329,-0.32093834618342654,0.8103804155521328,0.7505866250408014,-0.7071067811865475,0.7653197277702214,-0.7952062255644575,0.7702962057920756,-0.697100061399229,-0.3347234619027419,0.7505866250408014,-0.7784161803042005,0.7653197277702213,0.7801894976054942,0.7505866250408014,-0.8038480050980997,0.8103804155521328,0.774796559793369,0.744789942196904,-0.7801894976054942,0.5252257314388904,-0.2858108337269177,4,-0.5360928230859211,-0.650443635587991,-0.650443635587991,-0.5614075543151804,0.6364458273405843,-0.6504436355879909,0.6224942905893636,-0.04317640632301402,-0.6521390211351347,0.6143345887403254,-0.5946919678164198,0.5541574035725814,0.6504436355879909,0.6363702064530034,0.511237358145545,0.0,-0.5529034969755533,0.6364458273405843,-0.036104816082660626,0.6644986392449885,-0.6504434913084749,0.6504436355879908,0.6504436355879908,0.6504436355879909,-0.6364458273405841,-0.6625585964979888,-0.6404697126766912,0.6504436355879909,-0.6014526837662519,-0.6364458273405841,0.5946919678164199,0.5391638660171922,0.6168318932684945,0.5946919678164199,-0.6192793387082055,-0.512827177935708,0.6177633762829701,0.6644986392449885,-0.6224949798994368,-0.5808178695515155,0.0,0.6504436355879909,0.6505344596812522,-0.6532842835829492,-0.42273371085728334,0.6344296941043057,0.6263405403167476,0.19844947412329558,-0.40084958818085237,-0.6224949798994368,0.5808178695515155,-0.6644986392449885,0.6364458273405843,0.6644986392449885,0.6364458273405843,-0.5740400451217759,-0.6644986392449885,1.157779727107914,-0.4014473318943015,-1.2110601416389968,-0.8569568250501305,0.2771496805912831,-0.46612800337196053,-1.2575354264740253,1.1887150534341144,1.1669199319831565,0.8431093201460879,-0.7801894976054942,-1.3066434376564753,0.7801894976054942,1.2817398889233116,0.8412444993533732,-1.2369409068906594,-1.358732440973515,0.7653197277702213,-1.2339883600452934,-0.8257228238447706,0.692820323027551,0.09431825924776908,0.45961603869494483,0.11431867498201573,0.20666157542988647,-0.024185705368005912,-0.2040633942533175,23,4,-0.23606661535954707,-1.3840879488723994,-0.6829249992655481,0.0,-0.2786932057166471,-0.0953462589245592,-0.2171861213815347,-0.13545709229571928,-0.3481553119113957,-0.511237358145545,-0.1933472978091327,-0.1354570922957193,-0.23904572186687878,-0.4252658742831209,3.3665016461206925,0.48304589153964783,-1.4142135623730951,-0.7071067811865475,2.273030282830976,1
VAR_001956,-0.32052099466898415,-0.6178873950590471,-0.46628029494963774,-0.3637883392290882,-0.36536558736692926,-0.41843025597003786,-0.42443271488895634,-0.2801355691055888,-0.35842643800648516,-0.27628609734280557,-0.4787183097735646,8,-0.2524638143380212,-0.13390012800142995,0.2594372608313855,-0.19045630171289915,-0.21844944461841845,0.18142037231856797,-0.04374340862676541,0.697824141595846,-0.5946919678164199,0.6813100046641409,-0.706850021142412,0.2594372608313855,0.6474964831522124,0.3799077478904802,0.692820323027551,-0.7023478730193123,-0.7214900866993804,-0.7071067811865475,-0.7169777311937657,-0.30143249075645984,0.31465838776377636,-0.7201168211946403,0.6644986392449885,0.692820323027551,0.39528470752104716,0.6224949798994368,0.6364458273405843,0.48304589153964783,0.6294646824620143,0.6364458273405843,-0.692820323027551,0.6644986392449885,0.5808178695515155,0.6364458273405843,0.13545709229571956,7,-0.6441828121668849,0.5808178695515155,4,4,1.259285096350297,-2.498674157812111,-4.332777165620835,0.7952062255644573,0.7071067811865477,0.23963461650811477,-0.7236921049769731,0.8103804155521328,0.7071067811865476,-0.7801894976054942,-0.7952062255644575,0.8044359715257337,-0.8103804155521329,-0.32093834618342654,0.8103804155521328,0.7505866250408014,-0.7071067811865475,0.7653197277702214,-0.7952062255644575,0.7702962057920756,-0.697100061399229,-0.3347234619027419,0.7505866250408014,-0.7784161803042005,0.7653197277702213,0.7801894976054942,0.7505866250408014,-0.8038480050980997,0.8103804155521328,0.774796559793369,0.744789942196904,-0.7801894976054942,0.5252257314388904,-0.2858108337269177,4,-0.5351935409884605,-0.650443635587991,-0.650443635587991,-0.5614075543151804,0.6364458273405843,-0.6504436355879909,0.6224942905893636,-0.04317640632301402,-0.6521390211351347,0.6143345887403254,-0.5946919678164198,0.5541574035725814,0.6504436355879909,0.6363702064530034,0.511237358145545,0.0,-0.5529034969755533,0.6364458273405843,-0.036104816082660626,0.6644986392449885,-0.6504434913084749,0.6504436355879908,0.6504436355879908,0.6504436355879909,-0.6364458273405841,-0.6625585964979888,-0.6404697126766912,0.6504436355879909,-0.6014526837662519,-0.6364458273405841,0.5946919678164199,0.5391638660171922,0.6168318932684945,0.5946919678164199,-0.6192793387082055,-0.512827177935708,0.6177633762829701,0.6644986392449885,-0.6224949798994368,-0.5808178695515155,0.0,0.6504436355879909,0.6505344596812522,-0.6532842835829492,-0.42273371085728334,0.6344296941043057,0.6263405403167476,0.19844947412329558,-0.40084958818085237,-0.6224949798994368,0.5808178695515155,-0.6644986392449885,0.6364458273405843,0.6644986392449885,0.6364458273405843,-0.5740400451217759,-0.6644986392449885,1.157779727107914,-0.3875904769729773,0.8257228238447705,1.1669199319831565,-1.1205975460487723,-0.276333311877538,-1.2575354264740253,-0.8412444993533732,-0.8569568250501305,-1.2222728509796579,-0.7801894976054942,-1.3066434376564753,-1.2817398889233116,-0.7801894976054942,0.8412444993533732,0.8103161482138753,0.7359800721939873,-1.3066434376564753,-1.2339883600452934,1.2110601416389966,0.692820323027551,-1.3170351636844373,0.45961603869494483,-0.0372816403947527,-2.7262269019520535,-0.19662434916979035,-2.304851666737428,4,5,0.37525329419295966,2.045237103021269,0.6829249992655481,0.0,-0.2786932057166471,-0.0953462589245592,-0.2171861213815347,-0.13545709229571928,-0.3481553119113957,-0.511237358145545,-0.1933472978091327,-0.1354570922957193,-0.23904572186687878,-0.4252658742831209,-0.2970442628930023,0.48304589153964783,-1.4142135623730951,-0.7071067811865475,-0.43994134506405985,0
